original_name,exact_name,key,accepted_name,accepted_id,accepted_ids,accepted_family,accepted_genus,accepted_rank,source_status,tax_status,match_rule,resolution_status,n_candidate_rows,n_candidate_accepted_ids,n_candidate_taxonomies,tax_provider,tax_checked_at,name_id
Onobrychis ebenoides,onobrychis ebenoides,onobrychis ebenoides,Onobrychis ebenoides,wfo-0000213876,wfo-0000213876,Fabaceae,Onobrychis,species,accepted,accepted,exact_accepted,exact_accepted_unique,1,1,1,WFO_offline_hierarchical,2026-06-24,1
Gnetum ula,gnetum ula,gnetum ula,Gnetum edule,wfo-0001065145,wfo-0001065145,Gnetaceae,Gnetum,species,synonym,synonym,exact_synonym,exact_synonym_unique,1,1,1,WFO_offline_hierarchical,2026-06-24,2
Vitex negundo,vitex negundo,vitex negundo,Vitex negundo,wfo-0000333303,wfo-0000333303,Lamiaceae,Vitex,species,accepted,accepted,exact_accepted,exact_accepted_unique,1,1,1,WFO_offline_hierarchical,2026-06-24,3
Dalbergia parviflora,dalbergia parviflora,dalbergia parviflora,Dalbergia parviflora,wfo-0000185087,wfo-0000185087,Fabaceae,Dalbergia,species,accepted,accepted,exact_accepted,exact_accepted_unique,1,1,1,WFO_offline_hierarchical,2026-06-24,4
Oxytropis falcata,oxytropis falcata,oxytropis falcata,Oxytropis falcata,wfo-0000198975,wfo-0000198975,Fabaceae,Oxytropis,species,accepted,accepted,exact_accepted,exact_accepted_unique,1,1,1,WFO_offline_hierarchical,2026-06-24,5
Salvia coccinea,salvia coccinea,salvia coccinea,Salvia coccinea,wfo-0000300715,wfo-0000300715,Lamiaceae,Salvia,species,accepted,accepted,exact_accepted,exact_accepted_unique,1,1,1,WFO_offline_hierarchical,2026-06-24,6
Monarda didyma,monarda didyma,monarda didyma,Monarda didyma,wfo-0000245316,wfo-0000245316,Lamiaceae,Monarda,species,accepted,accepted,exact_accepted,exact_accepted_unique,1,1,1,WFO_offline_hierarchical,2026-06-24,7
Erythrina crista-galli,erythrina crista-galli,erythrina crista-galli,Erythrina crista-galli,wfo-0000180641,wfo-0000180641,Fabaceae,Erythrina,species,accepted,accepted,exact_accepted,exact_accepted_unique,1,1,1,WFO_offline_hierarchical,2026-06-24,8
Sophora prostrata,sophora prostrata,sophora prostrata,Sophora prostrata,wfo-0000186991,wfo-0000186991,Fabaceae,Sophora,species,accepted,accepted,exact_accepted,exact_accepted_unique,1,1,1,WFO_offline_hierarchical,2026-06-24,9
Erythrina abyssinica,erythrina abyssinica,erythrina abyssinica,Erythrina abyssinica,wfo-0000180423,wfo-0000180423;wfo-0001054737,Fabaceae,Erythrina,species,accepted,accepted,exact_accepted,exact_accepted_consensus_multiple_ids,2,2,1,WFO_offline_hierarchical,2026-06-24,10
Lespedeza bicolor,lespedeza bicolor,lespedeza bicolor,Lespedeza bicolor,wfo-0000185056,wfo-0000185056,Fabaceae,Lespedeza,species,accepted,accepted,exact_accepted,exact_accepted_unique,1,1,1,WFO_offline_hierarchical,2026-06-24,11
Erythrina suberosa,erythrina suberosa,erythrina suberosa,Erythrina suberosa,wfo-0000185019,wfo-0000185019,Fabaceae,Erythrina,species,accepted,accepted,exact_accepted,exact_accepted_unique,1,1,1,WFO_offline_hierarchical,2026-06-24,12
Phaseolus lunatus,phaseolus lunatus,phaseolus lunatus,Phaseolus lunatus,wfo-0000183263,wfo-0000183263,Fabaceae,Phaseolus,species,accepted,accepted,exact_accepted,exact_accepted_unique,1,1,1,WFO_offline_hierarchical,2026-06-24,13
Erythrina sigmoidea,erythrina sigmoidea,erythrina sigmoidea,Erythrina sigmoidea,wfo-0000181143,wfo-0000181143,Fabaceae,Erythrina,species,accepted,accepted,exact_accepted,exact_accepted_unique,1,1,1,WFO_offline_hierarchical,2026-06-24,14
Erythrina burttii,erythrina burttii,erythrina burttii,Erythrina burttii,wfo-0000180586,wfo-0000180586,Fabaceae,Erythrina,species,accepted,accepted,exact_accepted,exact_accepted_unique,1,1,1,WFO_offline_hierarchical,2026-06-24,15
Erythrina zeyheri,erythrina zeyheri,erythrina zeyheri,Erythrina zeyheri,wfo-0000181259,wfo-0000181259,Fabaceae,Erythrina,species,accepted,accepted,exact_accepted,exact_accepted_unique,1,1,1,WFO_offline_hierarchical,2026-06-24,16
Erythrina variegata,erythrina variegata,erythrina variegata,Erythrina variegata,wfo-0000181193,wfo-0000181193,Fabaceae,Erythrina,species,accepted,accepted,exact_accepted,exact_accepted_unique,1,1,1,WFO_offline_hierarchical,2026-06-24,17
Erythrina subumbrans,erythrina subumbrans,erythrina subumbrans,Erythrina subumbrans,wfo-0000185021,wfo-0000185021,Fabaceae,Erythrina,species,accepted,accepted,exact_accepted,exact_accepted_unique,1,1,1,WFO_offline_hierarchical,2026-06-24,18
Lespedeza cyrtobotrya,lespedeza cyrtobotrya,lespedeza cyrtobotrya,Lespedeza cyrtobotrya,wfo-0000185058,wfo-0000185058,Fabaceae,Lespedeza,species,accepted,accepted,exact_accepted,exact_accepted_unique,1,1,1,WFO_offline_hierarchical,2026-06-24,19
Sorocea guilleminiana,sorocea guilleminiana,sorocea guilleminiana,Sorocea guilleminiana,wfo-0001084959,wfo-0001084959,Moraceae,Sorocea,species,accepted,accepted,exact_accepted,exact_accepted_unique,1,1,1,WFO_offline_hierarchical,2026-06-24,20
Millettia ferruginea,millettia ferruginea,millettia ferruginea,Millettia ferruginea,wfo-0000199980,wfo-0000199980,Fabaceae,Millettia,species,accepted,accepted,exact_accepted,exact_accepted_unique,1,1,1,WFO_offline_hierarchical,2026-06-24,21
Millettia griffoniana,millettia griffoniana,millettia griffoniana,Millettia griffoniana,wfo-0000200088,wfo-0000200088,Fabaceae,Millettia,species,accepted,accepted,exact_accepted,exact_accepted_unique,1,1,1,WFO_offline_hierarchical,2026-06-24,22
Marshallia graminifolia,marshallia graminifolia,marshallia graminifolia,Marshallia graminifolia,wfo-0000043587,wfo-0000043587,Asteraceae,Marshallia,species,accepted,accepted,exact_accepted,exact_accepted_unique,1,1,1,WFO_offline_hierarchical,2026-06-24,23
Marshallia grandiflora,marshallia grandiflora,marshallia grandiflora,Marshallia grandiflora,wfo-0000044654,wfo-0000044654,Asteraceae,Marshallia,species,accepted,accepted,exact_accepted,exact_accepted_unique,1,1,1,WFO_offline_hierarchical,2026-06-24,24
Marshallia ramosa,marshallia ramosa,marshallia ramosa,Marshallia ramosa,wfo-0000125353,wfo-0000125353,Asteraceae,Marshallia,species,accepted,accepted,exact_accepted,exact_accepted_unique,1,1,1,WFO_offline_hierarchical,2026-06-24,25
Vernonia angustifolia,vernonia angustifolia,vernonia angustifolia,Vernonia angustifolia,wfo-0000136997,wfo-0000136997,Asteraceae,Vernonia,species,accepted,accepted,exact_accepted,exact_accepted_unique,1,1,1,WFO_offline_hierarchical,2026-06-24,26
Marshallia obovata,marshallia obovata,marshallia obovata,Marshallia obovata,wfo-0000024351,wfo-0000024351;wfo-0000092033,Asteraceae,Marshallia,species,accepted,accepted,exact_accepted,exact_accepted_consensus_multiple_ids,2,2,1,WFO_offline_hierarchical,2026-06-24,27
Cryptocarya obovata,cryptocarya obovata,cryptocarya obovata,Cryptocarya obovata,wfo-0000628097,wfo-0000628097,Lauraceae,Cryptocarya,species,accepted,accepted,exact_accepted,exact_accepted_unique,1,1,1,WFO_offline_hierarchical,2026-06-24,28
Dermatophyllum arizonicum,dermatophyllum arizonicum,dermatophyllum arizonicum,Dermatophyllum arizonicum,wfo-0001042781,wfo-0001042781,Fabaceae,Dermatophyllum,species,accepted,accepted,exact_accepted,exact_accepted_unique,1,1,1,WFO_offline_hierarchical,2026-06-24,29
Sophora arizonica,sophora arizonica,sophora arizonica,Dermatophyllum arizonicum,wfo-0001042781,wfo-0001042781,Fabaceae,Dermatophyllum,species,synonym,synonym,exact_synonym,exact_synonym_unique,1,1,1,WFO_offline_hierarchical,2026-06-24,30
Glycyrrhiza uralensis,glycyrrhiza uralensis,glycyrrhiza uralensis,Glycyrrhiza uralensis,wfo-0001053609,wfo-0001053609,Fabaceae,Glycyrrhiza,species,accepted,accepted,exact_accepted,exact_accepted_unique,1,1,1,WFO_offline_hierarchical,2026-06-24,31
Artocarpus altilis,artocarpus altilis,artocarpus altilis,Artocarpus altilis,wfo-0000550425,wfo-0000550425,Moraceae,Artocarpus,species,accepted,accepted,exact_accepted,exact_accepted_unique,1,1,1,WFO_offline_hierarchical,2026-06-24,32
Erythrina addisoniae,erythrina addisoniae,erythrina addisoniae,Erythrina addisoniae,wfo-0000180521,wfo-0000180521,Fabaceae,Erythrina,species,accepted,accepted,exact_accepted,exact_accepted_unique,1,1,1,WFO_offline_hierarchical,2026-06-24,33
Mundulea sericea,mundulea sericea,mundulea sericea,Mundulea sericea,wfo-0000200952,wfo-0000200952,Fabaceae,Mundulea,species,accepted,accepted,exact_accepted,exact_accepted_unique,1,1,1,WFO_offline_hierarchical,2026-06-24,34
Mundulea chapelieri ex,mundulea chapelieri ex,mundulea chapelieri,Mundulea chapelieri,wfo-0000196351,wfo-0000196351,Fabaceae,Mundulea,species,accepted,accepted,canonical,canonical_unique,1,1,1,WFO_offline_hierarchical,2026-06-24,35
Morus alba,morus alba,morus alba,Morus alba,wfo-0000447905,wfo-0000447905,Moraceae,Morus,species,accepted,accepted,exact_accepted,exact_accepted_unique,1,1,1,WFO_offline_hierarchical,2026-06-24,36
Senegalia caffra,senegalia caffra,senegalia caffra,NA,NA,NA,NA,NA,NA,NA,unresolved,unresolved,no_match,0,0,0,NA,2026-06-24,37
Acacia cultriformis,acacia cultriformis,acacia cultriformis,Acacia cultriformis,wfo-0000191942,wfo-0000191942,Fabaceae,Acacia,species,accepted,accepted,exact_accepted,exact_accepted_unique,1,1,1,WFO_offline_hierarchical,2026-06-24,38
Onychium siliculosum,onychium siliculosum,onychium siliculosum,Onychium siliculosum,wfo-0001117710,wfo-0001117710,Pteridaceae,Onychium,species,accepted,accepted,exact_accepted,exact_accepted_unique,1,1,1,WFO_offline_hierarchical,2026-06-24,39
Miliusa balansae,miliusa balansae,miliusa balansae,Miliusa balansae,wfo-0001032905,wfo-0001032905,Annonaceae,Miliusa,species,accepted,accepted,exact_accepted,exact_accepted_unique,1,1,1,WFO_offline_hierarchical,2026-06-24,40
Persicaria barbata,persicaria barbata,persicaria barbata,Persicaria barbata,wfo-0000488084,wfo-0000488084,Polygonaceae,Persicaria,species,accepted,accepted,exact_accepted,exact_accepted_unique,1,1,1,WFO_offline_hierarchical,2026-06-24,41
Didymocarpus albicalyx,didymocarpus albicalyx,didymocarpus albicalyx,Didymocarpus albicalyx,wfo-0001041801,wfo-0001041801,Gesneriaceae,Didymocarpus,species,accepted,accepted,exact_accepted,exact_accepted_unique,1,1,1,WFO_offline_hierarchical,2026-06-24,42
Urceola micrantha,urceola micrantha,urceola micrantha,Urceola micrantha,wfo-0000330495,wfo-0000330495,Apocynaceae,Urceola,species,accepted,accepted,exact_accepted,exact_accepted_unique,1,1,1,WFO_offline_hierarchical,2026-06-24,43
Cullen corylifolium,cullen corylifolium,cullen corylifolium,Cullen corylifolium,wfo-0000186158,wfo-0000186158,Fabaceae,Cullen,species,accepted,accepted,exact_accepted,exact_accepted_unique,1,1,1,WFO_offline_hierarchical,2026-06-24,44
Cullen corylifolia,cullen corylifolia,cullen corylifolia,Cullen corylifolium,wfo-0000186158,wfo-0000186158,Fabaceae,Cullen,species,synonym,synonym,exact_synonym,exact_synonym_unique,1,1,1,WFO_offline_hierarchical,2026-06-24,45
Broussonetia papyrifera,broussonetia papyrifera,broussonetia papyrifera,Broussonetia papyrifera,wfo-0000572577,wfo-0000572577,Moraceae,Broussonetia,species,accepted,accepted,exact_accepted,exact_accepted_unique,1,1,1,WFO_offline_hierarchical,2026-06-24,46
Lespedeza floribunda,lespedeza floribunda,lespedeza floribunda,Lespedeza floribunda,wfo-0000197885,wfo-0000197885,Fabaceae,Lespedeza,species,accepted,accepted,exact_accepted,exact_accepted_unique,1,1,1,WFO_offline_hierarchical,2026-06-24,47
Millettia,millettia,millettia,Millettia,wfo-4000024305,wfo-4000024305,Fabaceae,Millettia,genus,accepted,accepted,exact_accepted,exact_accepted_unique,1,1,1,WFO_offline_hierarchical,2026-06-24,48
Laguncularia racemosa,laguncularia racemosa,laguncularia racemosa,Laguncularia racemosa,wfo-0000358854,wfo-0000358854,Combretaceae,Laguncularia,species,accepted,accepted,exact_accepted,exact_accepted_unique,1,1,1,WFO_offline_hierarchical,2026-06-24,49
Maclura pomifera,maclura pomifera,maclura pomifera,Maclura pomifera,wfo-0000447854,wfo-0000447854,Moraceae,Maclura,species,accepted,accepted,exact_accepted,exact_accepted_unique,1,1,1,WFO_offline_hierarchical,2026-06-24,50
Derris malaccensis,derris malaccensis,derris malaccensis,Derris montana,wfo-0000206771,wfo-0000206771,Fabaceae,Derris,species,synonym,synonym,exact_synonym,exact_synonym_unique,1,1,1,WFO_offline_hierarchical,2026-06-24,51
Maclura aurantiaca,maclura aurantiaca,maclura aurantiaca,Maclura pomifera,wfo-0000447854,wfo-0000447854,Moraceae,Maclura,species,synonym,synonym,exact_synonym,exact_synonym_unique,1,1,1,WFO_offline_hierarchical,2026-06-24,52
Millettia pachycarpa,millettia pachycarpa,millettia pachycarpa,Derris taiwaniana,wfo-1200008664,wfo-1200008664,Fabaceae,Derris,species,synonym,synonym,exact_synonym,exact_synonym_unique,1,1,1,WFO_offline_hierarchical,2026-06-24,53
Flemingia macrophylla,flemingia macrophylla,flemingia macrophylla,Flemingia macrophylla,wfo-0000194840,wfo-0000194840,Fabaceae,Flemingia,species,accepted,accepted,exact_accepted,exact_accepted_unique,1,1,1,WFO_offline_hierarchical,2026-06-24,54
Flemingia macrophylla ex,flemingia macrophylla ex,flemingia macrophylla,NA,NA,NA,NA,NA,NA,NA,unresolved,canonical_conflict,canonical_conflict,3,3,3,NA,2026-06-24,55
Centrosema pubescens,centrosema pubescens,centrosema pubescens,Centrosema pubescens,wfo-0000179155,wfo-0000179155,Fabaceae,Centrosema,species,accepted,accepted,exact_accepted,exact_accepted_unique,1,1,1,WFO_offline_hierarchical,2026-06-24,56
Luxemburgia octandra,luxemburgia octandra,luxemburgia octandra,Luxemburgia octandra,wfo-0001086964,wfo-0001086964,Ochnaceae,Luxemburgia,species,accepted,accepted,exact_accepted,exact_accepted_unique,1,1,1,WFO_offline_hierarchical,2026-06-24,57
Dalbergia odorifera,dalbergia odorifera,dalbergia odorifera,Dalbergia odorifera,wfo-0000194810,wfo-0000194810,Fabaceae,Dalbergia,species,accepted,accepted,exact_accepted,exact_accepted_unique,1,1,1,WFO_offline_hierarchical,2026-06-24,58
Dalbergia nigra ex,dalbergia nigra ex,dalbergia nigra,Dalbergia nigra,wfo-0000170463,wfo-0000170463,Fabaceae,Dalbergia,species,accepted,accepted,canonical,canonical_unique,1,1,1,WFO_offline_hierarchical,2026-06-24,59
Dalbergia nigra,dalbergia nigra,dalbergia nigra,Dalbergia nigra,wfo-0000170463,wfo-0000170463,Fabaceae,Dalbergia,species,accepted,accepted,exact_accepted,exact_accepted_unique,1,1,1,WFO_offline_hierarchical,2026-06-24,60
Calophyllum pauciflorum,calophyllum pauciflorum,calophyllum pauciflorum,Calophyllum pauciflorum,wfo-0000581270,wfo-0000581270,Calophyllaceae,Calophyllum,species,accepted,accepted,exact_accepted,exact_accepted_unique,1,1,1,WFO_offline_hierarchical,2026-06-24,61
Pachyrrhizus erosus,pachyrrhizus erosus,pachyrrhizus erosus,NA,NA,NA,NA,NA,NA,NA,unresolved,unresolved,no_match,0,0,0,NA,2026-06-24,62
Pseudosophora alopecuroides,pseudosophora alopecuroides,pseudosophora alopecuroides,Sophora alopecuroides,wfo-0000213933,wfo-0000213933,Fabaceae,Sophora,species,synonym,synonym,exact_synonym,exact_synonym_unique,2,1,1,WFO_offline_hierarchical,2026-06-24,63
Sophora leachiana,sophora leachiana,sophora leachiana,Sophora leachiana,wfo-0000175484,wfo-0000175484,Fabaceae,Sophora,species,accepted,accepted,exact_accepted,exact_accepted_unique,1,1,1,WFO_offline_hierarchical,2026-06-24,64
Sophora moorcroftiana,sophora moorcroftiana,sophora moorcroftiana,Sophora moorcroftiana,wfo-0000185589,wfo-0000185589;wfo-0001060855,Fabaceae,Sophora,species,accepted,accepted,exact_accepted,exact_accepted_consensus_multiple_ids,2,2,1,WFO_offline_hierarchical,2026-06-24,65
Sophora davidii,sophora davidii,sophora davidii,Sophora davidii,wfo-0000212090,wfo-0000212090;wfo-0001056381,Fabaceae,Sophora,species,accepted,accepted,exact_accepted,exact_accepted_consensus_multiple_ids,2,2,1,WFO_offline_hierarchical,2026-06-24,66
Sophora stenophylla,sophora stenophylla,sophora stenophylla,Sophora stenophylla,wfo-0000174273,wfo-0000174273,Fabaceae,Sophora,species,accepted,accepted,exact_accepted,exact_accepted_unique,1,1,1,WFO_offline_hierarchical,2026-06-24,67
Citrus medica,citrus medica,citrus medica,Citrus medica,wfo-0000608140,wfo-0000608140,Rutaceae,Citrus,species,accepted,accepted,exact_accepted,exact_accepted_unique,1,1,1,WFO_offline_hierarchical,2026-06-24,68
Citrus junos,citrus junos,citrus junos,NA,NA,NA,NA,NA,NA,NA,unresolved,unresolved,no_match,0,0,0,NA,2026-06-24,69
Lupinus albus,lupinus albus,lupinus albus,Lupinus albus,wfo-0000213483,wfo-0000213483,Fabaceae,Lupinus,species,accepted,accepted,exact_accepted,exact_accepted_unique,1,1,1,WFO_offline_hierarchical,2026-06-24,70
Bidens pilosa,bidens pilosa,bidens pilosa,Bidens pilosa,wfo-0000115943,wfo-0000115943,Asteraceae,Bidens,species,accepted,accepted,exact_accepted,exact_accepted_unique,1,1,1,WFO_offline_hierarchical,2026-06-24,71
Sophora flavescens,sophora flavescens,sophora flavescens,Sophora flavescens,wfo-0000185581,wfo-0000185581,Fabaceae,Sophora,species,accepted,accepted,exact_accepted,exact_accepted_unique,1,1,1,WFO_offline_hierarchical,2026-06-24,72
Ochna afzelii,ochna afzelii,ochna afzelii,Ochna afzelii,wfo-0000388902,wfo-0000388902,Ochnaceae,Ochna,species,accepted,accepted,exact_accepted,exact_accepted_unique,1,1,1,WFO_offline_hierarchical,2026-06-24,73
Cyclosorus acuminatus ex,cyclosorus acuminatus ex,cyclosorus acuminatus,Christella acuminata,wfo-0001125964,wfo-0001125964,Thelypteridaceae,Christella,species,synonym,synonym,canonical,canonical_unique,2,1,1,WFO_offline_hierarchical,2026-06-24,74
Cordia goetzei,cordia goetzei,cordia goetzei,Cordia goetzei,wfo-0000620530,wfo-0000620530,Cordiaceae,Cordia,species,accepted,accepted,exact_accepted,exact_accepted_unique,1,1,1,WFO_offline_hierarchical,2026-06-24,75
Ochna calodendron,ochna calodendron,ochna calodendron,Ochna calodendron,wfo-0000388934,wfo-0000388934,Ochnaceae,Ochna,species,accepted,accepted,exact_accepted,exact_accepted_unique,1,1,1,WFO_offline_hierarchical,2026-06-24,76
Ochna macrocalyx,ochna macrocalyx,ochna macrocalyx,Ochna macrocalyx,wfo-0001087202,wfo-0001087202,Ochnaceae,Ochna,species,accepted,accepted,exact_accepted,exact_accepted_unique,1,1,1,WFO_offline_hierarchical,2026-06-24,77
Ochna integerrima,ochna integerrima,ochna integerrima,Ochna integerrima,wfo-0001087253,wfo-0001087253,Ochnaceae,Ochna,species,accepted,accepted,exact_accepted,exact_accepted_unique,1,1,1,WFO_offline_hierarchical,2026-06-24,78
Searsia laevigata,searsia laevigata,searsia laevigata,Searsia laevigata,wfo-0000434903,wfo-0000434903,Anacardiaceae,Searsia,species,accepted,accepted,exact_accepted,exact_accepted_unique,1,1,1,WFO_offline_hierarchical,2026-06-24,79
Piscidia piscipula,piscidia piscipula,piscidia piscipula,Piscidia piscipula,wfo-0000168417,wfo-0000168417,Fabaceae,Piscidia,species,accepted,accepted,exact_accepted,exact_accepted_unique,1,1,1,WFO_offline_hierarchical,2026-06-24,80
Tephrosia pentaphylla,tephrosia pentaphylla,tephrosia pentaphylla,Tephrosia pentaphylla,wfo-0001055146,wfo-0001055146,Fabaceae,Tephrosia,species,accepted,accepted,exact_accepted,exact_accepted_unique,1,1,1,WFO_offline_hierarchical,2026-06-24,81
Tephrosia villosa,tephrosia villosa,tephrosia villosa,Tephrosia villosa,wfo-0000204506,wfo-0000204506,Fabaceae,Tephrosia,species,accepted,accepted,exact_accepted,exact_accepted_unique,1,1,1,WFO_offline_hierarchical,2026-06-24,82
Cynomorium coccineum,cynomorium coccineum,cynomorium coccineum,Cynomorium coccineum,wfo-0000934734,wfo-0000934734,Cynomoriaceae,Cynomorium,species,accepted,accepted,exact_accepted,exact_accepted_unique,1,1,1,WFO_offline_hierarchical,2026-06-24,83
Althaea armeniaca,althaea armeniaca,althaea armeniaca,Althaea armeniaca,wfo-0000528902,wfo-0000528902,Malvaceae,Althaea,species,accepted,accepted,exact_accepted,exact_accepted_unique,1,1,1,WFO_offline_hierarchical,2026-06-24,84
Althaea broussonetiifolia,althaea broussonetiifolia,althaea broussonetiifolia,Althaea armeniaca,wfo-0000528902,wfo-0000528902,Malvaceae,Althaea,species,synonym,synonym,exact_synonym,exact_synonym_unique,1,1,1,WFO_offline_hierarchical,2026-06-24,85
Althaea cannabina,althaea cannabina,althaea cannabina,Althaea cannabina,wfo-0000528921,wfo-0000528921,Malvaceae,Althaea,species,accepted,accepted,exact_accepted,exact_accepted_unique,1,1,1,WFO_offline_hierarchical,2026-06-24,86
Althaea narbonensis,althaea narbonensis,althaea narbonensis,Althaea cannabina,wfo-0000528921,wfo-0000528921,Malvaceae,Althaea,species,synonym,synonym,exact_synonym,exact_synonym_unique,1,1,1,WFO_offline_hierarchical,2026-06-24,87
Althaea officinalis,althaea officinalis,althaea officinalis,Althaea officinalis,wfo-0000529011,wfo-0000529011,Malvaceae,Althaea,species,accepted,accepted,exact_accepted,exact_accepted_unique,1,1,1,WFO_offline_hierarchical,2026-06-24,88
Tephrosia apollinea,tephrosia apollinea,tephrosia apollinea,NA,NA,NA,NA,NA,NA,NA,unresolved,exact_conflict,exact_synonym_conflict,2,2,2,NA,2026-06-24,89
Sophora koreensis,sophora koreensis,sophora koreensis,Sophora koreensis,wfo-0000186126,wfo-0000186126,Fabaceae,Sophora,species,accepted,accepted,exact_accepted,exact_accepted_unique,1,1,1,WFO_offline_hierarchical,2026-06-24,90
Sophora tomentosa,sophora tomentosa,sophora tomentosa,Sophora tomentosa,wfo-0000212096,wfo-0000212096,Fabaceae,Sophora,species,accepted,accepted,exact_accepted,exact_accepted_unique,1,1,1,WFO_offline_hierarchical,2026-06-24,91
Dalbergia monetaria,dalbergia monetaria,dalbergia monetaria,Dalbergia monetaria,wfo-0000170462,wfo-0000170462,Fabaceae,Dalbergia,species,accepted,accepted,exact_accepted,exact_accepted_unique,1,1,1,WFO_offline_hierarchical,2026-06-24,92
Genista pichisermolliana,genista pichisermolliana,genista pichisermolliana,Genista pichisermolliana,wfo-0000696577,wfo-0000696577,Fabaceae,Genista,species,accepted,accepted,exact_accepted,exact_accepted_unique,1,1,1,WFO_offline_hierarchical,2026-06-24,93
Dalbergia nitidula,dalbergia nitidula,dalbergia nitidula,Dalbergia nitidula,wfo-0000172371,wfo-0000172371,Fabaceae,Dalbergia,species,accepted,accepted,exact_accepted,exact_accepted_unique,1,1,1,WFO_offline_hierarchical,2026-06-24,94
Cunila,cunila,cunila,Cunila,wfo-4000010044,wfo-4000010044,Lamiaceae,Cunila,genus,accepted,accepted,exact_accepted,exact_accepted_unique,1,1,1,WFO_offline_hierarchical,2026-06-24,95
Populus sieboldii,populus sieboldii,populus sieboldii,Populus tremula var. sieboldii,wfo-0000928358,wfo-0000928358,Salicaceae,Populus,variety,synonym,synonym,exact_synonym,exact_synonym_unique,1,1,1,WFO_offline_hierarchical,2026-06-24,96
Sophora tonkinensis,sophora tonkinensis,sophora tonkinensis,Sophora tonkinensis,wfo-0000186509,wfo-0000186509,Fabaceae,Sophora,species,accepted,accepted,exact_accepted,exact_accepted_unique,1,1,1,WFO_offline_hierarchical,2026-06-24,97
Lotus angustissimus,lotus angustissimus,lotus angustissimus,Lotus angustissimus,wfo-0001060764,wfo-0001060764,Fabaceae,Lotus,species,accepted,accepted,exact_accepted,exact_accepted_unique,1,1,1,WFO_offline_hierarchical,2026-06-24,98
Lotus edulis,lotus edulis,lotus edulis,Lotus edulis,wfo-0000212191,wfo-0000212191,Fabaceae,Lotus,species,accepted,accepted,exact_accepted,exact_accepted_unique,1,1,1,WFO_offline_hierarchical,2026-06-24,99
Psorospermum febrifugum,psorospermum febrifugum,psorospermum febrifugum,Psorospermum febrifugum,wfo-0000465021,wfo-0000465021,Hypericaceae,Psorospermum,species,accepted,accepted,exact_accepted,exact_accepted_unique,1,1,1,WFO_offline_hierarchical,2026-06-24,100
Iryanthera ulei,iryanthera ulei,iryanthera ulei,Iryanthera hostmannii,wfo-0000732329,wfo-0000732329,Myristicaceae,Iryanthera,species,synonym,synonym,exact_synonym,exact_synonym_unique,1,1,1,WFO_offline_hierarchical,2026-06-24,101
Iryanthera lancifolia,iryanthera lancifolia,iryanthera lancifolia,Iryanthera lancifolia,wfo-0000732333,wfo-0000732333,Myristicaceae,Iryanthera,species,accepted,accepted,exact_accepted,exact_accepted_unique,1,1,1,WFO_offline_hierarchical,2026-06-24,102
Euchresta tubulosa,euchresta tubulosa,euchresta tubulosa,Euchresta tubulosa,wfo-0000198724,wfo-0000198724,Fabaceae,Euchresta,species,accepted,accepted,exact_accepted,exact_accepted_unique,1,1,1,WFO_offline_hierarchical,2026-06-24,103
Brosimum acutifolium,brosimum acutifolium,brosimum acutifolium,Brosimum acutifolium,wfo-0000572376,wfo-0000572376,Moraceae,Brosimum,species,accepted,accepted,exact_accepted,exact_accepted_unique,1,1,1,WFO_offline_hierarchical,2026-06-24,104
Morus mongolica,morus mongolica,morus mongolica,Morus mongolica,wfo-0001230837,wfo-0001230837,Moraceae,Morus,species,accepted,accepted,exact_accepted,exact_accepted_unique,1,1,1,WFO_offline_hierarchical,2026-06-24,105
Scutellaria baicalensis,scutellaria baicalensis,scutellaria baicalensis,Scutellaria baicalensis,wfo-0000307642,wfo-0000307642,Lamiaceae,Scutellaria,species,accepted,accepted,exact_accepted,exact_accepted_unique,1,1,1,WFO_offline_hierarchical,2026-06-24,106
Selliguea moulmeinensis,selliguea moulmeinensis,selliguea moulmeinensis,Selliguea moulmeinensis,wfo-0001423238,wfo-0001423238,Polypodiaceae,Selliguea,species,accepted,accepted,exact_accepted,exact_accepted_unique,1,1,1,WFO_offline_hierarchical,2026-06-24,107
Smilax bockii,smilax bockii,smilax bockii,Smilax bockii,wfo-0000740749,wfo-0000740749,Smilacaceae,Smilax,species,accepted,accepted,exact_accepted,exact_accepted_unique,1,1,1,WFO_offline_hierarchical,2026-06-24,108
Drynaria propinqua,drynaria propinqua,drynaria propinqua,Drynaria propinqua,wfo-0001122949,wfo-0001122949,Polypodiaceae,Drynaria,species,accepted,accepted,exact_accepted,exact_accepted_unique,1,1,1,WFO_offline_hierarchical,2026-06-24,109
Cassia fistula,cassia fistula,cassia fistula,Cassia fistula,wfo-0000163802,wfo-0000163802,Fabaceae,Cassia,species,accepted,accepted,exact_accepted,exact_accepted_unique,1,1,1,WFO_offline_hierarchical,2026-06-24,110
Glycyrrhiza pallidiflora,glycyrrhiza pallidiflora,glycyrrhiza pallidiflora,Glycyrrhiza pallidiflora,wfo-0000186030,wfo-0000186030,Fabaceae,Glycyrrhiza,species,accepted,accepted,exact_accepted,exact_accepted_unique,1,1,1,WFO_offline_hierarchical,2026-06-24,111
Bagassa guianensis,bagassa guianensis,bagassa guianensis,Bagassa guianensis,wfo-0000558480,wfo-0000558480,Moraceae,Bagassa,species,accepted,accepted,exact_accepted,exact_accepted_unique,1,1,1,WFO_offline_hierarchical,2026-06-24,112
Morus cathayana,morus cathayana,morus cathayana,Morus cathayana,wfo-0001228795,wfo-0001228795,Moraceae,Morus,species,accepted,accepted,exact_accepted,exact_accepted_unique,1,1,1,WFO_offline_hierarchical,2026-06-24,113
Litsea sericea,litsea sericea,litsea sericea,Litsea sericea,wfo-0001070314,wfo-0001070314,Lauraceae,Litsea,species,accepted,accepted,exact_accepted,exact_accepted_unique,1,1,1,WFO_offline_hierarchical,2026-06-24,114
Neolitsea aurata,neolitsea aurata,neolitsea aurata,Neolitsea aurata,wfo-0001071585,wfo-0001071585,Lauraceae,Neolitsea,species,accepted,accepted,exact_accepted,exact_accepted_unique,1,1,1,WFO_offline_hierarchical,2026-06-24,115
Neolitsea sericea,neolitsea sericea,neolitsea sericea,Neolitsea sericea,wfo-0001071933,wfo-0001071933,Lauraceae,Neolitsea,species,accepted,accepted,exact_accepted,exact_accepted_unique,1,1,1,WFO_offline_hierarchical,2026-06-24,116
Smilax corbularia,smilax corbularia,smilax corbularia,Smilax corbularia,wfo-0000740672,wfo-0000740672,Smilacaceae,Smilax,species,accepted,accepted,exact_accepted,exact_accepted_unique,1,1,1,WFO_offline_hierarchical,2026-06-24,117
Iryanthera sagotiana,iryanthera sagotiana,iryanthera sagotiana,Iryanthera sagotiana,wfo-0001085166,wfo-0001085166,Myristicaceae,Iryanthera,species,accepted,accepted,exact_accepted,exact_accepted_unique,1,1,1,WFO_offline_hierarchical,2026-06-24,118
Cratoxylum arborescens,cratoxylum arborescens,cratoxylum arborescens,Cratoxylum arborescens,wfo-0000625744,wfo-0000625744,Hypericaceae,Cratoxylum,species,accepted,accepted,exact_accepted,exact_accepted_unique,1,1,1,WFO_offline_hierarchical,2026-06-24,119
Engelhardtia roxburghiana,engelhardtia roxburghiana,engelhardtia roxburghiana,NA,NA,NA,NA,NA,NA,NA,unresolved,unresolved,no_match,0,0,0,NA,2026-06-24,120
Smilax glabra,smilax glabra,smilax glabra,Smilax glabra,wfo-0000742694,wfo-0000742694,Smilacaceae,Smilax,species,accepted,accepted,exact_accepted,exact_accepted_unique,1,1,1,WFO_offline_hierarchical,2026-06-24,121
Kunzea ambigua,kunzea ambigua,kunzea ambigua,Kunzea ambigua,wfo-0000221558,wfo-0000221558,Myrtaceae,Kunzea,species,accepted,accepted,exact_accepted,exact_accepted_unique,1,1,1,WFO_offline_hierarchical,2026-06-24,122
Hibiscus syriacus,hibiscus syriacus,hibiscus syriacus,Hibiscus syriacus,wfo-0000723127,wfo-0000723127,Malvaceae,Hibiscus,species,accepted,accepted,exact_accepted,exact_accepted_unique,1,1,1,WFO_offline_hierarchical,2026-06-24,123
Epilobium angustifolium,epilobium angustifolium,epilobium angustifolium,Epilobium angustifolium,wfo-0000668750,wfo-0000668750,Onagraceae,Epilobium,species,accepted,accepted,exact_accepted,exact_accepted_unique,1,1,1,WFO_offline_hierarchical,2026-06-24,124
Chamerion angustifolium,chamerion angustifolium,chamerion angustifolium,Epilobium angustifolium,wfo-0000668750,wfo-0000668750,Onagraceae,Epilobium,species,synonym,synonym,exact_synonym,exact_synonym_unique,1,1,1,WFO_offline_hierarchical,2026-06-24,125
Chamerion,chamerion,chamerion,Epilobium,wfo-4000013609,wfo-4000013609,Onagraceae,Epilobium,genus,synonym,synonym,exact_synonym,exact_synonym_unique,1,1,1,WFO_offline_hierarchical,2026-06-24,126
Lindera umbellata,lindera umbellata,lindera umbellata,Lindera umbellata,wfo-0001070371,wfo-0001070371,Lauraceae,Lindera,species,accepted,accepted,exact_accepted,exact_accepted_unique,1,1,1,WFO_offline_hierarchical,2026-06-24,127
Wyethia angustifolia,wyethia angustifolia,wyethia angustifolia,Wyethia angustifolia,wfo-0000078294,wfo-0000078294,Asteraceae,Wyethia,species,accepted,accepted,exact_accepted,exact_accepted_unique,1,1,1,WFO_offline_hierarchical,2026-06-24,128
Andrographis lineata,andrographis lineata,andrographis lineata,Andrographis lineata,wfo-0000534054,wfo-0000534054,Acanthaceae,Andrographis,species,accepted,accepted,exact_accepted,exact_accepted_unique,1,1,1,WFO_offline_hierarchical,2026-06-24,129
Andrographis echioides,andrographis echioides,andrographis echioides,Andrographis echioides,wfo-0000534042,wfo-0000534042,Acanthaceae,Andrographis,species,accepted,accepted,exact_accepted,exact_accepted_unique,1,1,1,WFO_offline_hierarchical,2026-06-24,130
Diospyros kaki,diospyros kaki,diospyros kaki,Diospyros kaki,wfo-0000649136,wfo-0000649136,Ebenaceae,Diospyros,species,accepted,accepted,exact_accepted,exact_accepted_unique,1,1,1,WFO_offline_hierarchical,2026-06-24,131
Pneumatopteris pennigera,pneumatopteris pennigera,pneumatopteris pennigera,Pakau pennigera,wfo-1000028275,wfo-1000028275,Thelypteridaceae,Pakau,species,synonym,synonym,exact_synonym,exact_synonym_unique,1,1,1,WFO_offline_hierarchical,2026-06-24,132
Podocarpus nivalis,podocarpus nivalis,podocarpus nivalis,Podocarpus nivalis,wfo-0000485157,wfo-0000485157,Podocarpaceae,Podocarpus,species,accepted,accepted,exact_accepted,exact_accepted_unique,1,1,1,WFO_offline_hierarchical,2026-06-24,133
Diplazium esculentum,diplazium esculentum,diplazium esculentum,Diplazium esculentum,wfo-0001109577,wfo-0001109577,Athyriaceae,Diplazium,species,accepted,accepted,exact_accepted,exact_accepted_unique,1,1,1,WFO_offline_hierarchical,2026-06-24,134
Ilex hainanensis,ilex hainanensis,ilex hainanensis,Ilex hainanensis,wfo-0001078611,wfo-0001078611,Aquifoliaceae,Ilex,species,accepted,accepted,exact_accepted,exact_accepted_unique,1,1,1,WFO_offline_hierarchical,2026-06-24,135
Neocheiropteris fortunei,neocheiropteris fortunei,neocheiropteris fortunei,NA,NA,NA,NA,NA,NA,NA,unresolved,unresolved,no_match,0,0,0,NA,2026-06-24,136
Campanula barbata,campanula barbata,campanula barbata,Campanula barbata,wfo-0000826593,wfo-0000826593,Campanulaceae,Campanula,species,accepted,accepted,exact_accepted,exact_accepted_unique,1,1,1,WFO_offline_hierarchical,2026-06-24,137
Goniothalamus cheliensis,goniothalamus cheliensis,goniothalamus cheliensis,Goniothalamus cheliensis,wfo-0000706452,wfo-0000706452,Annonaceae,Goniothalamus,species,accepted,accepted,exact_accepted,exact_accepted_unique,1,1,1,WFO_offline_hierarchical,2026-06-24,138
Dorstenia mannii,dorstenia mannii,dorstenia mannii,Dorstenia mannii,wfo-0000654502,wfo-0000654502,Moraceae,Dorstenia,species,accepted,accepted,exact_accepted,exact_accepted_unique,1,1,1,WFO_offline_hierarchical,2026-06-24,139
Piptanthus nepalensis,piptanthus nepalensis,piptanthus nepalensis,Piptanthus nepalensis,wfo-0000186282,wfo-0000186282;wfo-0001058099,Fabaceae,Piptanthus,species,accepted,accepted,exact_accepted,exact_accepted_consensus_multiple_ids,2,2,1,WFO_offline_hierarchical,2026-06-24,140
Humulus lupulus,humulus lupulus,humulus lupulus,Humulus lupulus,wfo-0000725866,wfo-0000725866,Cannabaceae,Humulus,species,accepted,accepted,exact_accepted,exact_accepted_unique,1,1,1,WFO_offline_hierarchical,2026-06-24,141
Lannea coromandelica,lannea coromandelica,lannea coromandelica,Lannea coromandelica,wfo-0001050697,wfo-0001050697,Anacardiaceae,Lannea,species,accepted,accepted,exact_accepted,exact_accepted_unique,1,1,1,WFO_offline_hierarchical,2026-06-24,142
Sophora exigua,sophora exigua,sophora exigua,Sophora exigua,wfo-0000186510,wfo-0000186510,Fabaceae,Sophora,species,accepted,accepted,exact_accepted,exact_accepted_unique,1,1,1,WFO_offline_hierarchical,2026-06-24,143
Iryanthera laevis,iryanthera laevis,iryanthera laevis,Iryanthera laevis,wfo-0000732332,wfo-0000732332,Myristicaceae,Iryanthera,species,accepted,accepted,exact_accepted,exact_accepted_unique,1,1,1,WFO_offline_hierarchical,2026-06-24,144
Wedelia asperrima,wedelia asperrima,wedelia asperrima,Wedelia asperrima,wfo-0000132007,wfo-0000132007,Asteraceae,Wedelia,species,accepted,accepted,exact_accepted,exact_accepted_unique,1,1,1,WFO_offline_hierarchical,2026-06-24,145
Cotinus coggygria,cotinus coggygria,cotinus coggygria,Cotinus coggygria,wfo-0000623618,wfo-0000623618,Anacardiaceae,Cotinus,species,accepted,accepted,exact_accepted,exact_accepted_unique,1,1,1,WFO_offline_hierarchical,2026-06-24,146
Crotalaria trichotoma,crotalaria trichotoma,crotalaria trichotoma,Crotalaria trichotoma,wfo-0000186157,wfo-0000186157,Fabaceae,Crotalaria,species,accepted,accepted,exact_accepted,exact_accepted_unique,1,1,1,WFO_offline_hierarchical,2026-06-24,147
Campomanesia lineatifolia,campomanesia lineatifolia,campomanesia lineatifolia,Campomanesia lineatifolia,wfo-0000793396,wfo-0000793396,Myrtaceae,Campomanesia,species,accepted,accepted,exact_accepted,exact_accepted_unique,1,1,1,WFO_offline_hierarchical,2026-06-24,148
Lespedeza homoloba,lespedeza homoloba,lespedeza homoloba,Lespedeza homoloba,wfo-0000185060,wfo-0000185060,Fabaceae,Lespedeza,species,accepted,accepted,exact_accepted,exact_accepted_unique,1,1,1,WFO_offline_hierarchical,2026-06-24,149
Morus macroura,morus macroura,morus macroura,Morus macroura,wfo-0001245087,wfo-0001245087,Moraceae,Morus,species,accepted,accepted,exact_accepted,exact_accepted_unique,1,1,1,WFO_offline_hierarchical,2026-06-24,150
Morus australis,morus australis,morus australis,Morus indica,wfo-0000447884,wfo-0000447884,Moraceae,Morus,species,synonym,synonym,exact_synonym,exact_synonym_unique,1,1,1,WFO_offline_hierarchical,2026-06-24,151
Morus nigra,morus nigra,morus nigra,Morus nigra,wfo-0000447931,wfo-0000447931,Moraceae,Morus,species,accepted,accepted,exact_accepted,exact_accepted_unique,1,1,1,WFO_offline_hierarchical,2026-06-24,152
Dioclea grandiflora,dioclea grandiflora,dioclea grandiflora,Macropsychanthus grandiflorus,wfo-0001443939,wfo-0001443939,Fabaceae,Macropsychanthus,species,synonym,synonym,exact_synonym,exact_synonym_unique,1,1,1,WFO_offline_hierarchical,2026-06-24,153
Eriosema tuberosum,eriosema tuberosum,eriosema tuberosum,Eriosema tuberosum,wfo-0000195543,wfo-0000195543,Fabaceae,Eriosema,species,accepted,accepted,exact_accepted,exact_accepted_unique,1,1,1,WFO_offline_hierarchical,2026-06-24,154
Arnica viscosa,arnica viscosa,arnica viscosa,Arnica viscosa,wfo-0000015907,wfo-0000015907,Asteraceae,Arnica,species,accepted,accepted,exact_accepted,exact_accepted_unique,1,1,1,WFO_offline_hierarchical,2026-06-24,155
Archidendron clypearia,archidendron clypearia,archidendron clypearia,Archidendron clypearia,wfo-0000185987,wfo-0000185987,Fabaceae,Archidendron,species,accepted,accepted,exact_accepted,exact_accepted_unique,1,1,1,WFO_offline_hierarchical,2026-06-24,156
Ceiba pentandra,ceiba pentandra,ceiba pentandra,Ceiba pentandra,wfo-0000592594,wfo-0000592594,Malvaceae,Ceiba,species,accepted,accepted,exact_accepted,exact_accepted_unique,1,1,1,WFO_offline_hierarchical,2026-06-24,157
Davallia mariesii,davallia mariesii,davallia mariesii,Davallia bullata,wfo-0001124797,wfo-0001124797,Davalliaceae,Davallia,species,synonym,synonym,exact_synonym,exact_synonym_unique,1,1,1,WFO_offline_hierarchical,2026-06-24,158
Aesculus hippocastanum,aesculus hippocastanum,aesculus hippocastanum,Aesculus hippocastanum,wfo-0000522287,wfo-0000522287,Sapindaceae,Aesculus,species,accepted,accepted,exact_accepted,exact_accepted_unique,1,1,1,WFO_offline_hierarchical,2026-06-24,159
Ononis vaginalis,ononis vaginalis,ononis vaginalis,Ononis vaginalis,wfo-0000186976,wfo-0000186976,Fabaceae,Ononis,species,accepted,accepted,exact_accepted,exact_accepted_unique,1,1,1,WFO_offline_hierarchical,2026-06-24,160
Amorpha fruticosa,amorpha fruticosa,amorpha fruticosa,Amorpha fruticosa,wfo-0000213510,wfo-0000213510,Fabaceae,Amorpha,species,accepted,accepted,exact_accepted,exact_accepted_unique,1,1,1,WFO_offline_hierarchical,2026-06-24,161
Campylotropis hirtella,campylotropis hirtella,campylotropis hirtella,Campylotropis hirtella,wfo-0000197754,wfo-0000197754,Fabaceae,Campylotropis,species,accepted,accepted,exact_accepted,exact_accepted_unique,1,1,1,WFO_offline_hierarchical,2026-06-24,162
Mabea caudata,mabea caudata,mabea caudata,Mabea speciosa,wfo-0000231722,wfo-0000231722,Euphorbiaceae,Mabea,species,synonym,synonym,exact_synonym,exact_synonym_unique,1,1,1,WFO_offline_hierarchical,2026-06-24,163
Mabea fistulifera,mabea fistulifera,mabea fistulifera,Mabea fistulifera,wfo-0000231651,wfo-0000231651,Euphorbiaceae,Mabea,species,accepted,accepted,exact_accepted,exact_accepted_unique,1,1,1,WFO_offline_hierarchical,2026-06-24,164
Cudrania cochinchinensis,cudrania cochinchinensis,cudrania cochinchinensis,Maclura cochinchinensis,wfo-0000448071,wfo-0000448071,Moraceae,Maclura,species,synonym,synonym,exact_synonym,exact_synonym_unique,1,1,1,WFO_offline_hierarchical,2026-06-24,165
Picea abies,picea abies,picea abies,Picea abies,wfo-0000482030,wfo-0000482030,Pinaceae,Picea,species,accepted,accepted,exact_accepted,exact_accepted_unique,1,1,1,WFO_offline_hierarchical,2026-06-24,166
Afzelia bella,afzelia bella,afzelia bella,Afzelia bella,wfo-0000211757,wfo-0000211757,Fabaceae,Afzelia,species,accepted,accepted,exact_accepted,exact_accepted_unique,1,1,1,WFO_offline_hierarchical,2026-06-24,167
Robinia pseudoacacia,robinia pseudoacacia,robinia pseudoacacia,Robinia pseudoacacia,wfo-0000213931,wfo-0000213931,Fabaceae,Robinia,species,accepted,accepted,exact_accepted,exact_accepted_unique,1,1,1,WFO_offline_hierarchical,2026-06-24,168
Tephrosia purpurea,tephrosia purpurea,tephrosia purpurea,Tephrosia purpurea,wfo-0000203860,wfo-0000203860,Fabaceae,Tephrosia,species,accepted,accepted,exact_accepted,exact_accepted_unique,1,1,1,WFO_offline_hierarchical,2026-06-24,169
Acacia melanoxylon,acacia melanoxylon,acacia melanoxylon,Acacia melanoxylon,wfo-0000204086,wfo-0000204086,Fabaceae,Acacia,species,accepted,accepted,exact_accepted,exact_accepted_unique,1,1,1,WFO_offline_hierarchical,2026-06-24,170
Zuccagnia punctata,zuccagnia punctata,zuccagnia punctata,Zuccagnia punctata,wfo-0000174380,wfo-0000174380,Fabaceae,Zuccagnia,species,accepted,accepted,exact_accepted,exact_accepted_unique,1,1,1,WFO_offline_hierarchical,2026-06-24,171
Cryptocarya chinensis,cryptocarya chinensis,cryptocarya chinensis,Cryptocarya chinensis,wfo-0000627835,wfo-0000627835,Lauraceae,Cryptocarya,species,accepted,accepted,exact_accepted,exact_accepted_unique,1,1,1,WFO_offline_hierarchical,2026-06-24,172
Muntingia calabura,muntingia calabura,muntingia calabura,Muntingia calabura,wfo-0000451606,wfo-0000451606,Muntingiaceae,Muntingia,species,accepted,accepted,exact_accepted,exact_accepted_unique,1,1,1,WFO_offline_hierarchical,2026-06-24,173
Angelica keiskei,angelica keiskei,angelica keiskei,Angelica keiskei,wfo-0000536243,wfo-0000536243,Apiaceae,Angelica,species,accepted,accepted,exact_accepted,exact_accepted_unique,1,1,1,WFO_offline_hierarchical,2026-06-24,174
Clitoria fairchildiana,clitoria fairchildiana,clitoria fairchildiana,Clitoria fairchildiana,wfo-0000164325,wfo-0000164325,Fabaceae,Clitoria,species,accepted,accepted,exact_accepted,exact_accepted_unique,1,1,1,WFO_offline_hierarchical,2026-06-24,175
Millettia brandisiana,millettia brandisiana,millettia brandisiana,Millettia brandisiana,wfo-0000185916,wfo-0000185916,Fabaceae,Millettia,species,accepted,accepted,exact_accepted,exact_accepted_unique,1,1,1,WFO_offline_hierarchical,2026-06-24,176
Smilax china,smilax china,smilax china,Smilax china,wfo-0000740545,wfo-0000740545,Smilacaceae,Smilax,species,accepted,accepted,exact_accepted,exact_accepted_unique,1,1,1,WFO_offline_hierarchical,2026-06-24,177
Deguelia scandens,deguelia scandens,deguelia scandens,Deguelia scandens,wfo-0000182170,wfo-0000182170,Fabaceae,Deguelia,species,accepted,accepted,exact_accepted,exact_accepted_unique,1,1,1,WFO_offline_hierarchical,2026-06-24,178
Libocedrus bidwillii,libocedrus bidwillii,libocedrus bidwillii,Libocedrus bidwillii,wfo-0000358614,wfo-0000358614,Cupressaceae,Libocedrus,species,accepted,accepted,exact_accepted,exact_accepted_unique,1,1,1,WFO_offline_hierarchical,2026-06-24,179
Quercus miyagii,quercus miyagii,quercus miyagii,Quercus miyagii,wfo-0000292037,wfo-0000292037,Fagaceae,Quercus,species,accepted,accepted,exact_accepted,exact_accepted_unique,1,1,1,WFO_offline_hierarchical,2026-06-24,180
Glycyrrhiza glabra,glycyrrhiza glabra,glycyrrhiza glabra,Glycyrrhiza glabra,wfo-0000212813,wfo-0000212813,Fabaceae,Glycyrrhiza,species,accepted,accepted,exact_accepted,exact_accepted_unique,1,1,1,WFO_offline_hierarchical,2026-06-24,181
Glycyrrhiza,glycyrrhiza,glycyrrhiza,Glycyrrhiza,wfo-4000015856,wfo-4000015856,Fabaceae,Glycyrrhiza,genus,accepted,accepted,exact_accepted,exact_accepted_unique,1,1,1,WFO_offline_hierarchical,2026-06-24,182
Illicium anisatum,illicium anisatum,illicium anisatum,Illicium anisatum,wfo-1000047335,wfo-1000047335,Schisandraceae,Illicium,species,accepted,accepted,exact_accepted,exact_accepted_unique,1,1,1,WFO_offline_hierarchical,2026-06-24,183
Dioscorea cirrhosa,dioscorea cirrhosa,dioscorea cirrhosa,Dioscorea cirrhosa,wfo-0000389893,wfo-0000389893,Dioscoreaceae,Dioscorea,species,accepted,accepted,exact_accepted,exact_accepted_unique,1,1,1,WFO_offline_hierarchical,2026-06-24,184
Erythrina lysistemon,erythrina lysistemon,erythrina lysistemon,Erythrina lysistemon,wfo-0000180919,wfo-0000180919,Fabaceae,Erythrina,species,accepted,accepted,exact_accepted,exact_accepted_unique,1,1,1,WFO_offline_hierarchical,2026-06-24,185
Citrus japonica,citrus japonica,citrus japonica,Citrus japonica,wfo-0000608080,wfo-0000608080,Rutaceae,Citrus,species,accepted,accepted,exact_accepted,exact_accepted_unique,1,1,1,WFO_offline_hierarchical,2026-06-24,186
Bituminaria bituminosa,bituminaria bituminosa,bituminaria bituminosa,Bituminaria bituminosa,wfo-0000212280,wfo-0000212280,Fabaceae,Bituminaria,species,accepted,accepted,exact_accepted,exact_accepted_unique,1,1,1,WFO_offline_hierarchical,2026-06-24,187
Bituminaria morisiana,bituminaria morisiana,bituminaria morisiana,Bituminaria morisiana,wfo-0001062205,wfo-0001062205,Fabaceae,Bituminaria,species,accepted,accepted,exact_accepted,exact_accepted_unique,1,1,1,WFO_offline_hierarchical,2026-06-24,188
Erythrina mildbraedii,erythrina mildbraedii,erythrina mildbraedii,Erythrina mildbraedii,wfo-0000181003,wfo-0000181003,Fabaceae,Erythrina,species,accepted,accepted,exact_accepted,exact_accepted_unique,1,1,1,WFO_offline_hierarchical,2026-06-24,189
Malus domestica,malus domestica,malus domestica,NA,NA,NA,NA,NA,NA,NA,unresolved,unresolved,no_match,0,0,0,NA,2026-06-24,190
Malus pumila,malus pumila,malus pumila,Malus × domestica,wfo-0001008355,wfo-0001008355,Rosaceae,Malus,species,synonym,synonym,exact_synonym,exact_synonym_unique,1,1,1,WFO_offline_hierarchical,2026-06-24,191
Malus sylvestris,malus sylvestris,malus sylvestris,Malus sylvestris,wfo-0001016475,wfo-0001016475,Rosaceae,Malus,species,accepted,accepted,exact_accepted,exact_accepted_unique,1,1,1,WFO_offline_hierarchical,2026-06-24,192
Malus,malus,malus,Malus,wfo-4000022982,wfo-4000022982,Rosaceae,Malus,genus,accepted,accepted,exact_accepted,exact_accepted_unique,1,1,1,WFO_offline_hierarchical,2026-06-24,193
Boesenbergia rotunda,boesenbergia rotunda,boesenbergia rotunda,Boesenbergia rotunda,wfo-0000341663,wfo-0000341663,Zingiberaceae,Boesenbergia,species,accepted,accepted,exact_accepted,exact_accepted_unique,1,1,1,WFO_offline_hierarchical,2026-06-24,194
NA,NA,NA,NA,NA,NA,NA,NA,NA,NA,unresolved,unresolved,no_match,0,0,0,NA,2026-06-24,195
Lippia origanoides,lippia origanoides,lippia origanoides,Lippia origanoides,wfo-0000229041,wfo-0000229041,Verbenaceae,Lippia,species,accepted,accepted,exact_accepted,exact_accepted_unique,1,1,1,WFO_offline_hierarchical,2026-06-24,196
Populus balsamifera,populus balsamifera,populus balsamifera,Populus balsamifera,wfo-0000928157,wfo-0000928157,Salicaceae,Populus,species,accepted,accepted,exact_accepted,exact_accepted_unique,1,1,1,WFO_offline_hierarchical,2026-06-24,197
Kalmia procumbens,kalmia procumbens,kalmia procumbens,Kalmia procumbens,wfo-0001280881,wfo-0001280881,Ericaceae,Kalmia,species,accepted,accepted,exact_accepted,exact_accepted_unique,1,1,1,WFO_offline_hierarchical,2026-06-24,198
Pieris japonica,pieris japonica,pieris japonica,Pieris japonica,wfo-0001047846,wfo-0001047846,Ericaceae,Pieris,species,accepted,accepted,exact_accepted,exact_accepted_unique,1,1,1,WFO_offline_hierarchical,2026-06-24,199
Kalmia latifolia,kalmia latifolia,kalmia latifolia,Kalmia latifolia,wfo-0000356132,wfo-0000356132,Ericaceae,Kalmia,species,accepted,accepted,exact_accepted,exact_accepted_unique,1,1,1,WFO_offline_hierarchical,2026-06-24,200
Docyniopsis doumeri,docyniopsis doumeri,docyniopsis doumeri,NA,NA,NA,NA,NA,NA,NA,unresolved,unresolved,no_match,0,0,0,NA,2026-06-24,201
Punica granatum,punica granatum,punica granatum,Punica granatum,wfo-0000468843,wfo-0000468843,Lythraceae,Punica,species,accepted,accepted,exact_accepted,exact_accepted_unique,1,1,1,WFO_offline_hierarchical,2026-06-24,202
Achyrocline flaccida,achyrocline flaccida,achyrocline flaccida,Achyrocline flaccida,wfo-0000033502,wfo-0000033502,Asteraceae,Achyrocline,species,accepted,accepted,exact_accepted,exact_accepted_unique,1,1,1,WFO_offline_hierarchical,2026-06-24,203
Dalbergia spinosa,dalbergia spinosa,dalbergia spinosa,Dalbergia horrida var. horrida,wfo-0000199962,wfo-0000199962,Fabaceae,Dalbergia,variety,synonym,synonym,exact_synonym,exact_synonym_unique,1,1,1,WFO_offline_hierarchical,2026-06-24,204
Neoraputia magnifica,neoraputia magnifica,neoraputia magnifica,Neoraputia magnifica,wfo-0000744331,wfo-0000744331,Rutaceae,Neoraputia,species,accepted,accepted,exact_accepted,exact_accepted_unique,1,1,1,WFO_offline_hierarchical,2026-06-24,205
Pongamia pinnata,pongamia pinnata,pongamia pinnata,Pongamia pinnata,wfo-0000201168,wfo-0000201168,Fabaceae,Pongamia,species,accepted,accepted,exact_accepted,exact_accepted_unique,1,1,1,WFO_offline_hierarchical,2026-06-24,206
Millettia pinnata,millettia pinnata,millettia pinnata,Pongamia pinnata,wfo-0000201168,wfo-0000201168,Fabaceae,Pongamia,species,synonym,synonym,exact_synonym,exact_synonym_unique,1,1,1,WFO_offline_hierarchical,2026-06-24,207
Quercus mongolica,quercus mongolica,quercus mongolica,Quercus mongolica,wfo-0000292048,wfo-0000292048,Fagaceae,Quercus,species,accepted,accepted,exact_accepted,exact_accepted_unique,1,1,1,WFO_offline_hierarchical,2026-06-24,208
Zollernia paraensis,zollernia paraensis,zollernia paraensis,Zollernia paraensis,wfo-0000168624,wfo-0000168624,Fabaceae,Zollernia,species,accepted,accepted,exact_accepted,exact_accepted_unique,1,1,1,WFO_offline_hierarchical,2026-06-24,209
Lathyrus odoratus,lathyrus odoratus,lathyrus odoratus,Lathyrus odoratus,wfo-0000212700,wfo-0000212700,Fabaceae,Lathyrus,species,accepted,accepted,exact_accepted,exact_accepted_unique,1,1,1,WFO_offline_hierarchical,2026-06-24,210
Breynia fruticosa,breynia fruticosa,breynia fruticosa,Breynia fruticosa,wfo-0001049253,wfo-0001049253,Phyllanthaceae,Breynia,species,accepted,accepted,exact_accepted,exact_accepted_unique,1,1,1,WFO_offline_hierarchical,2026-06-24,211
Vicia faba,vicia faba,vicia faba,Vicia faba,wfo-0000212739,wfo-0000212739,Fabaceae,Vicia,species,accepted,accepted,exact_accepted,exact_accepted_unique,1,1,1,WFO_offline_hierarchical,2026-06-24,212
Croton lechleri,croton lechleri,croton lechleri,Croton lechleri,wfo-0000931464,wfo-0000931464,Euphorbiaceae,Croton,species,accepted,accepted,exact_accepted,exact_accepted_unique,1,1,1,WFO_offline_hierarchical,2026-06-24,213
Camellia sinensis,camellia sinensis,camellia sinensis,Camellia sinensis,wfo-0000582676,wfo-0000582676,Theaceae,Camellia,species,accepted,accepted,exact_accepted,exact_accepted_unique,1,1,1,WFO_offline_hierarchical,2026-06-24,214
Acacia fasciculifera,acacia fasciculifera,acacia fasciculifera,Acacia fasciculifera,wfo-0000185303,wfo-0000185303,Fabaceae,Acacia,species,accepted,accepted,exact_accepted,exact_accepted_unique,1,1,1,WFO_offline_hierarchical,2026-06-24,215
Piper aduncum,piper aduncum,piper aduncum,Piper aduncum,wfo-0000479665,wfo-0000479665,Piperaceae,Piper,species,accepted,accepted,exact_accepted,exact_accepted_unique,1,1,1,WFO_offline_hierarchical,2026-06-24,216
Lindera sericea,lindera sericea,lindera sericea,Lindera sericea,wfo-0001070369,wfo-0001070369,Lauraceae,Lindera,species,accepted,accepted,exact_accepted,exact_accepted_unique,1,1,1,WFO_offline_hierarchical,2026-06-24,217
Piper hostmannianum,piper hostmannianum,piper hostmannianum,Piper hostmannianum,wfo-0000478999,wfo-0000478999,Piperaceae,Piper,species,accepted,accepted,exact_accepted,exact_accepted_unique,1,1,1,WFO_offline_hierarchical,2026-06-24,218
Etlingera littoralis,etlingera littoralis,etlingera littoralis,Etlingera littoralis,wfo-0000415636,wfo-0000415636,Zingiberaceae,Etlingera,species,accepted,accepted,exact_accepted,exact_accepted_unique,1,1,1,WFO_offline_hierarchical,2026-06-24,219
Erythrina senegalensis,erythrina senegalensis,erythrina senegalensis,Erythrina senegalensis,wfo-0000181131,wfo-0000181131,Fabaceae,Erythrina,species,accepted,accepted,exact_accepted,exact_accepted_unique,1,1,1,WFO_offline_hierarchical,2026-06-24,220
Iris domestica,iris domestica,iris domestica,Iris domestica,wfo-0000796076,wfo-0000796076,Iridaceae,Iris,species,accepted,accepted,exact_accepted,exact_accepted_unique,1,1,1,WFO_offline_hierarchical,2026-06-24,221
Balanophora harlandii,balanophora harlandii,balanophora harlandii,Balanophora harlandii,wfo-0000558666,wfo-0000558666,Balanophoraceae,Balanophora,species,accepted,accepted,exact_accepted,exact_accepted_unique,1,1,1,WFO_offline_hierarchical,2026-06-24,222
Balanophora tobiracola,balanophora tobiracola,balanophora tobiracola,Balanophora tobiracola,wfo-0000558738,wfo-0000558738,Balanophoraceae,Balanophora,species,accepted,accepted,exact_accepted,exact_accepted_unique,1,1,1,WFO_offline_hierarchical,2026-06-24,223
Eriolobus trilobatus,eriolobus trilobatus,eriolobus trilobatus,Eriolobus trilobatus,wfo-0000997960,wfo-0000997960,Rosaceae,Eriolobus,species,accepted,accepted,exact_accepted,exact_accepted_unique,1,1,1,WFO_offline_hierarchical,2026-06-24,224
Lithocarpus litseifolius,lithocarpus litseifolius,lithocarpus litseifolius,Lithocarpus litseifolius,wfo-0000230050,wfo-0000230050,Fagaceae,Lithocarpus,species,accepted,accepted,exact_accepted,exact_accepted_unique,1,1,1,WFO_offline_hierarchical,2026-06-24,225
Vitis piasezkii,vitis piasezkii,vitis piasezkii,Vitis piasezkii,wfo-0001145893,wfo-0001145893,Vitaceae,Vitis,species,accepted,accepted,exact_accepted,exact_accepted_unique,1,1,1,WFO_offline_hierarchical,2026-06-24,226
Vitis saccharifera,vitis saccharifera,vitis saccharifera,Vitis saccharifera,wfo-0000424419,wfo-0000424419,Vitaceae,Vitis,species,accepted,accepted,exact_accepted,exact_accepted_unique,1,1,1,WFO_offline_hierarchical,2026-06-24,227
Lithocarpus polystachyus,lithocarpus polystachyus,lithocarpus polystachyus,Lithocarpus polystachyus,wfo-0000230171,wfo-0000230171,Fagaceae,Lithocarpus,species,accepted,accepted,exact_accepted,exact_accepted_unique,1,1,1,WFO_offline_hierarchical,2026-06-24,228
Fagopyrum megacarpum,fagopyrum megacarpum,fagopyrum megacarpum,Fagopyrum megacarpum,wfo-0000685475,wfo-0000685475,Polygonaceae,Fagopyrum,species,accepted,accepted,exact_accepted,exact_accepted_unique,1,1,1,WFO_offline_hierarchical,2026-06-24,229
Pueraria montana,pueraria montana,pueraria montana,Pueraria montana,wfo-0000185101,wfo-0000185101,Fabaceae,Pueraria,species,accepted,accepted,exact_accepted,exact_accepted_unique,1,1,1,WFO_offline_hierarchical,2026-06-24,230
Pueraria,pueraria,pueraria,Pueraria,wfo-4000032154,wfo-4000032154,Fabaceae,Pueraria,genus,accepted,accepted,exact_accepted,exact_accepted_unique,1,1,1,WFO_offline_hierarchical,2026-06-24,231
Butea frondosa,butea frondosa,butea frondosa,Butea monosperma,wfo-0000184561,wfo-0000184561,Fabaceae,Butea,species,synonym,synonym,exact_synonym,exact_synonym_unique,2,1,1,WFO_offline_hierarchical,2026-06-24,232
Butea monosperma,butea monosperma,butea monosperma,Butea monosperma,wfo-0000184561,wfo-0000184561,Fabaceae,Butea,species,accepted,accepted,exact_accepted,exact_accepted_unique,1,1,1,WFO_offline_hierarchical,2026-06-24,233
Andira inermis,andira inermis,andira inermis,Andira inermis,wfo-0000171592,wfo-0000171592,Fabaceae,Andira,species,accepted,accepted,exact_accepted,exact_accepted_unique,1,1,1,WFO_offline_hierarchical,2026-06-24,234
Garcinia mannii,garcinia mannii,garcinia mannii,Garcinia mannii,wfo-0000694455,wfo-0000694455,Clusiaceae,Garcinia,species,accepted,accepted,exact_accepted,exact_accepted_unique,1,1,1,WFO_offline_hierarchical,2026-06-24,235
Garcinia thwaitesii,garcinia thwaitesii,garcinia thwaitesii,Garcinia thwaitesii,wfo-0000694691,wfo-0000694691,Clusiaceae,Garcinia,species,accepted,accepted,exact_accepted,exact_accepted_unique,1,1,1,WFO_offline_hierarchical,2026-06-24,236
Garcinia spicata,garcinia spicata,garcinia spicata,Garcinia spicata,wfo-0000694663,wfo-0000694663,Clusiaceae,Garcinia,species,accepted,accepted,exact_accepted,exact_accepted_unique,1,1,1,WFO_offline_hierarchical,2026-06-24,237
Monotes engleri,monotes engleri,monotes engleri,Monotes engleri,wfo-0001221376,wfo-0001221376,Dipterocarpaceae,Monotes,species,accepted,accepted,exact_accepted,exact_accepted_unique,1,1,1,WFO_offline_hierarchical,2026-06-24,238
Liquidambar formosana,liquidambar formosana,liquidambar formosana,Liquidambar formosana,wfo-0000364066,wfo-0000364066,Altingiaceae,Liquidambar,species,accepted,accepted,exact_accepted,exact_accepted_unique,1,1,1,WFO_offline_hierarchical,2026-06-24,239
Neorautanenia amboensis,neorautanenia amboensis,neorautanenia amboensis,Neorautanenia mitis,wfo-0000182738,wfo-0000182738,Fabaceae,Neorautanenia,species,synonym,synonym,exact_synonym,exact_synonym_unique,1,1,1,WFO_offline_hierarchical,2026-06-24,240
Pavetta owariensis,pavetta owariensis,pavetta owariensis,Pavetta owariensis,wfo-0000265725,wfo-0000265725,Rubiaceae,Pavetta,species,accepted,accepted,exact_accepted,exact_accepted_unique,1,1,1,WFO_offline_hierarchical,2026-06-24,241
Coleogyne ramosissima,coleogyne ramosissima,coleogyne ramosissima,Coleogyne ramosissima,wfo-0001003495,wfo-0001003495,Rosaceae,Coleogyne,species,accepted,accepted,exact_accepted,exact_accepted_unique,1,1,1,WFO_offline_hierarchical,2026-06-24,242
Trichilia catigua,trichilia catigua,trichilia catigua,Trichilia catigua,wfo-0000455545,wfo-0000455545,Meliaceae,Trichilia,species,accepted,accepted,exact_accepted,exact_accepted_unique,1,1,1,WFO_offline_hierarchical,2026-06-24,243
Syzygium nervosum,syzygium nervosum,syzygium nervosum,Syzygium nervosum,wfo-0000319069,wfo-0000319069,Myrtaceae,Syzygium,species,accepted,accepted,exact_accepted,exact_accepted_unique,1,1,1,WFO_offline_hierarchical,2026-06-24,244
Alpinia roxburghii,alpinia roxburghii,alpinia roxburghii,Alpinia roxburghii,wfo-0000338744,wfo-0000338744,Zingiberaceae,Alpinia,species,accepted,accepted,exact_accepted,exact_accepted_unique,1,1,1,WFO_offline_hierarchical,2026-06-24,245
Lupinus polyphyllus,lupinus polyphyllus,lupinus polyphyllus,Lupinus polyphyllus,wfo-0000213847,wfo-0000213847,Fabaceae,Lupinus,species,accepted,accepted,exact_accepted,exact_accepted_unique,1,1,1,WFO_offline_hierarchical,2026-06-24,246
Prunus prostrata,prunus prostrata,prunus prostrata,Prunus prostrata,wfo-0000985802,wfo-0000985802,Rosaceae,Prunus,species,accepted,accepted,exact_accepted,exact_accepted_unique,1,1,1,WFO_offline_hierarchical,2026-06-24,247
Guibourtia coleosperma,guibourtia coleosperma,guibourtia coleosperma,Guibourtia coleosperma,wfo-0000168307,wfo-0000168307,Fabaceae,Guibourtia,species,accepted,accepted,exact_accepted,exact_accepted_unique,1,1,1,WFO_offline_hierarchical,2026-06-24,248
Ageratina altissima,ageratina altissima,ageratina altissima,Ageratina altissima,wfo-0000080123,wfo-0000080123,Asteraceae,Ageratina,species,accepted,accepted,exact_accepted,exact_accepted_unique,1,1,1,WFO_offline_hierarchical,2026-06-24,249
Chromolaena odorata,chromolaena odorata,chromolaena odorata,Chromolaena odorata,wfo-0000067484,wfo-0000067484,Asteraceae,Chromolaena,species,accepted,accepted,exact_accepted,exact_accepted_unique,1,1,1,WFO_offline_hierarchical,2026-06-24,250
Antiaris toxicaria,antiaris toxicaria,antiaris toxicaria,Antiaris toxicaria,wfo-0000538857,wfo-0000538857,Moraceae,Antiaris,species,accepted,accepted,exact_accepted,exact_accepted_unique,1,1,1,WFO_offline_hierarchical,2026-06-24,251
Millettia sanagana,millettia sanagana,millettia sanagana,Millettia sanagana,wfo-0000200625,wfo-0000200625,Fabaceae,Millettia,species,accepted,accepted,exact_accepted,exact_accepted_unique,1,1,1,WFO_offline_hierarchical,2026-06-24,252
Millettia pulchra,millettia pulchra,millettia pulchra,Millettia pulchra,wfo-0000186140,wfo-0000186140,Fabaceae,Millettia,species,accepted,accepted,exact_accepted,exact_accepted_unique,1,1,1,WFO_offline_hierarchical,2026-06-24,253
Helichrysum cymosum,helichrysum cymosum,helichrysum cymosum,Helichrysum cymosum,wfo-0000089954,wfo-0000089954;wfo-0001130567,Asteraceae,Helichrysum,species,accepted,accepted,exact_accepted,exact_accepted_consensus_multiple_ids,2,2,1,WFO_offline_hierarchical,2026-06-24,254
Pyracantha coccinea,pyracantha coccinea,pyracantha coccinea,Pyracantha coccinea,wfo-0001008214,wfo-0001008214,Rosaceae,Pyracantha,species,accepted,accepted,exact_accepted,exact_accepted_unique,1,1,1,WFO_offline_hierarchical,2026-06-24,255
Isodon oresbius,isodon oresbius,isodon oresbius,Isodon oresbius,wfo-0000217929,wfo-0000217929,Lamiaceae,Isodon,species,accepted,accepted,exact_accepted,exact_accepted_unique,1,1,1,WFO_offline_hierarchical,2026-06-24,256
Prunus avium,prunus avium,prunus avium,Prunus avium,wfo-0001006607,wfo-0001006607,Rosaceae,Prunus,species,accepted,accepted,exact_accepted,exact_accepted_unique,1,1,1,WFO_offline_hierarchical,2026-06-24,257
Tetracera asiatica,tetracera asiatica,tetracera asiatica,Tetracera sarmentosa subsp. sarmentosa,wfo-1200073623,wfo-1200073623,Dilleniaceae,Tetracera,subspecies,synonym,synonym,exact_synonym,exact_synonym_unique,1,1,1,WFO_offline_hierarchical,2026-06-24,258
Adenostoma sparsifolium,adenostoma sparsifolium,adenostoma sparsifolium,Adenostoma sparsifolium,wfo-0001009090,wfo-0001009090,Rosaceae,Adenostoma,species,accepted,accepted,exact_accepted,exact_accepted_unique,1,1,1,WFO_offline_hierarchical,2026-06-24,259
Piper bowiei,piper bowiei,piper bowiei,Piper bowiei,wfo-0001254033,wfo-0001254033,Piperaceae,Piper,species,accepted,accepted,exact_accepted,exact_accepted_unique,1,1,1,WFO_offline_hierarchical,2026-06-24,260
Dysphania procera,dysphania procera,dysphania procera,Dysphania procera,wfo-0000743795,wfo-0000743795,Amaranthaceae,Dysphania,species,accepted,accepted,exact_accepted,exact_accepted_unique,1,1,1,WFO_offline_hierarchical,2026-06-24,261
Lonchocarpus subglaucescens,lonchocarpus subglaucescens,lonchocarpus subglaucescens,Lonchocarpus subglaucescens,wfo-0000173736,wfo-0000173736,Fabaceae,Lonchocarpus,species,accepted,accepted,exact_accepted,exact_accepted_unique,1,1,1,WFO_offline_hierarchical,2026-06-24,262
Lupinus angustifolius,lupinus angustifolius,lupinus angustifolius,Lupinus angustifolius,wfo-0000213485,wfo-0000213485,Fabaceae,Lupinus,species,accepted,accepted,exact_accepted,exact_accepted_unique,1,1,1,WFO_offline_hierarchical,2026-06-24,263
Glycyrrhiza inflata,glycyrrhiza inflata,glycyrrhiza inflata,Glycyrrhiza inflata,wfo-0000186032,wfo-0000186032,Fabaceae,Glycyrrhiza,species,accepted,accepted,exact_accepted,exact_accepted_unique,1,1,1,WFO_offline_hierarchical,2026-06-24,264
Ardisia sanguinolenta,ardisia sanguinolenta,ardisia sanguinolenta,Ardisia complanata,wfo-0000544086,wfo-0000544086,Primulaceae,Ardisia,species,synonym,synonym,exact_synonym,exact_synonym_unique,1,1,1,WFO_offline_hierarchical,2026-06-24,265
Astragalus adsurgens,astragalus adsurgens,astragalus adsurgens,NA,NA,NA,NA,NA,NA,NA,unresolved,exact_conflict,exact_synonym_conflict,3,3,3,NA,2026-06-24,266
Astragalus laxmannii,astragalus laxmannii,astragalus laxmannii,Astragalus laxmannii,wfo-0000207976,wfo-0000207976,Fabaceae,Astragalus,species,accepted,accepted,exact_accepted,exact_accepted_unique,1,1,1,WFO_offline_hierarchical,2026-06-24,267
Pterocarpus soyauxii,pterocarpus soyauxii,pterocarpus soyauxii,Pterocarpus soyauxii,wfo-0000172858,wfo-0000172858,Fabaceae,Pterocarpus,species,accepted,accepted,exact_accepted,exact_accepted_unique,1,1,1,WFO_offline_hierarchical,2026-06-24,268
Machaerium,machaerium,machaerium,Machaerium,wfo-4000022623,wfo-4000022623,Fabaceae,Machaerium,genus,accepted,accepted,exact_accepted,exact_accepted_unique,1,1,1,WFO_offline_hierarchical,2026-06-24,269
Machaerium mucronulatum,machaerium mucronulatum,machaerium mucronulatum,Machaerium mucronulatum,wfo-0000174403,wfo-0000174403,Fabaceae,Machaerium,species,accepted,accepted,exact_accepted,exact_accepted_unique,1,1,1,WFO_offline_hierarchical,2026-06-24,270
Dalbergia cearensis,dalbergia cearensis,dalbergia cearensis,Dalbergia cearensis,wfo-0000168991,wfo-0000168991,Fabaceae,Dalbergia,species,accepted,accepted,exact_accepted,exact_accepted_unique,1,1,1,WFO_offline_hierarchical,2026-06-24,271
Hypnum cupressiforme,hypnum cupressiforme,hypnum cupressiforme,Hypnum cupressiforme,wfo-0001148980,wfo-0001148980,Hypnaceae,Hypnum,species,accepted,accepted,exact_accepted,exact_accepted_unique,1,1,1,WFO_offline_hierarchical,2026-06-24,272
Desmodium incanum,desmodium incanum,desmodium incanum,Desmodium incanum,wfo-0000184175,wfo-0000184175,Fabaceae,Desmodium,species,accepted,accepted,exact_accepted,exact_accepted_unique,1,1,1,WFO_offline_hierarchical,2026-06-24,273
Carthamus tinctorius,carthamus tinctorius,carthamus tinctorius,Carthamus tinctorius,wfo-0000024004,wfo-0000024004,Asteraceae,Carthamus,species,accepted,accepted,exact_accepted,exact_accepted_unique,1,1,1,WFO_offline_hierarchical,2026-06-24,274
Exostema acuminatum,exostema acuminatum,exostema acuminatum,Exostema acuminatum,wfo-0000966130,wfo-0000966130,Rubiaceae,Exostema,species,accepted,accepted,exact_accepted,exact_accepted_unique,1,1,1,WFO_offline_hierarchical,2026-06-24,275
Artemisia dracunculus,artemisia dracunculus,artemisia dracunculus,Artemisia dracunculus,wfo-0000078900,wfo-0000078900,Asteraceae,Artemisia,species,accepted,accepted,exact_accepted,exact_accepted_unique,1,1,1,WFO_offline_hierarchical,2026-06-24,276
Viscum articulatum,viscum articulatum,viscum articulatum,Viscum articulatum,wfo-0001259594,wfo-0001259594,Santalaceae,Viscum,species,accepted,accepted,exact_accepted,exact_accepted_unique,1,1,1,WFO_offline_hierarchical,2026-06-24,277
Enkianthus nudipes,enkianthus nudipes,enkianthus nudipes,Enkianthus nudipes,wfo-0000668083,wfo-0000668083,Ericaceae,Enkianthus,species,accepted,accepted,exact_accepted,exact_accepted_unique,1,1,1,WFO_offline_hierarchical,2026-06-24,278
Viscum coloratum,viscum coloratum,viscum coloratum,Viscum coloratum,wfo-0000425053,wfo-0000425053,Santalaceae,Viscum,species,accepted,accepted,exact_accepted,exact_accepted_unique,1,1,1,WFO_offline_hierarchical,2026-06-24,279
Echiochilon fruticosum,echiochilon fruticosum,echiochilon fruticosum,Echiochilon fruticosum,wfo-0000662596,wfo-0000662596,Boraginaceae,Echiochilon,species,accepted,accepted,exact_accepted,exact_accepted_unique,1,1,1,WFO_offline_hierarchical,2026-06-24,280
Cinnamomum cassia,cinnamomum cassia,cinnamomum cassia,NA,NA,NA,NA,NA,NA,NA,unresolved,exact_conflict,exact_synonym_conflict,2,2,2,NA,2026-06-24,281
Crotalaria pallida,crotalaria pallida,crotalaria pallida,Crotalaria pallida,wfo-0000209124,wfo-0000209124,Fabaceae,Crotalaria,species,accepted,accepted,exact_accepted,exact_accepted_unique,1,1,1,WFO_offline_hierarchical,2026-06-24,282
Hyacinthus orientalis,hyacinthus orientalis,hyacinthus orientalis,Hyacinthus orientalis,wfo-0000665369,wfo-0000665369,Asparagaceae,Hyacinthus,species,accepted,accepted,exact_accepted,exact_accepted_unique,1,1,1,WFO_offline_hierarchical,2026-06-24,283
Sophora chrysophylla,sophora chrysophylla,sophora chrysophylla,Sophora chrysophylla,wfo-0000185582,wfo-0000185582,Fabaceae,Sophora,species,accepted,accepted,exact_accepted,exact_accepted_unique,1,1,1,WFO_offline_hierarchical,2026-06-24,284
Helicia cochinchinensis,helicia cochinchinensis,helicia cochinchinensis,Helicia cochinchinensis,wfo-0001107165,wfo-0001107165,Proteaceae,Helicia,species,accepted,accepted,exact_accepted,exact_accepted_unique,1,1,1,WFO_offline_hierarchical,2026-06-24,285
Helichrysum arenarium,helichrysum arenarium,helichrysum arenarium,Helichrysum arenarium,wfo-0000090226,wfo-0000090226,Asteraceae,Helichrysum,species,accepted,accepted,exact_accepted,exact_accepted_unique,1,1,1,WFO_offline_hierarchical,2026-06-24,286
Paulownia tomentosa,paulownia tomentosa,paulownia tomentosa,Paulownia tomentosa,wfo-0000470767,wfo-0000470767,Paulowniaceae,Paulownia,species,accepted,accepted,exact_accepted,exact_accepted_unique,1,1,1,WFO_offline_hierarchical,2026-06-24,287
Styphnolobium japonicum,styphnolobium japonicum,styphnolobium japonicum,Styphnolobium japonicum,wfo-0000186724,wfo-0000186724,Fabaceae,Styphnolobium,species,accepted,accepted,exact_accepted,exact_accepted_unique,1,1,1,WFO_offline_hierarchical,2026-06-24,288
Iris germanica,iris germanica,iris germanica,Iris × germanica,wfo-0000783371,wfo-0000783371,Iridaceae,Iris,species,synonym,synonym,canonical,canonical_unique,1,1,1,WFO_offline_hierarchical,2026-06-24,289
Wisteria brachybotrys,wisteria brachybotrys,wisteria brachybotrys,Wisteria brachybotrys,wfo-0000185861,wfo-0000185861,Fabaceae,Wisteria,species,accepted,accepted,exact_accepted,exact_accepted_unique,1,1,1,WFO_offline_hierarchical,2026-06-24,290
Iris japonica,iris japonica,iris japonica,Iris japonica,wfo-0000783488,wfo-0000783488,Iridaceae,Iris,species,accepted,accepted,exact_accepted,exact_accepted_unique,1,1,1,WFO_offline_hierarchical,2026-06-24,291
Iris pseudopumila,iris pseudopumila,iris pseudopumila,Iris pseudopumila,wfo-0000783760,wfo-0000783760,Iridaceae,Iris,species,accepted,accepted,exact_accepted,exact_accepted_unique,1,1,1,WFO_offline_hierarchical,2026-06-24,292
Araucaria angustifolia,araucaria angustifolia,araucaria angustifolia,Araucaria angustifolia,wfo-0000260143,wfo-0000260143,Araucariaceae,Araucaria,species,accepted,accepted,exact_accepted,exact_accepted_unique,1,1,1,WFO_offline_hierarchical,2026-06-24,293
Iris tingitana,iris tingitana,iris tingitana,Iris tingitana,wfo-0000783967,wfo-0000783967,Iridaceae,Iris,species,accepted,accepted,exact_accepted,exact_accepted_unique,1,1,1,WFO_offline_hierarchical,2026-06-24,294
Virola surinamensis,virola surinamensis,virola surinamensis,Virola surinamensis,wfo-0000418479,wfo-0000418479,Myristicaceae,Virola,species,accepted,accepted,exact_accepted,exact_accepted_unique,1,1,1,WFO_offline_hierarchical,2026-06-24,295
Iris kashmiriana,iris kashmiriana,iris kashmiriana,Iris kashmiriana,wfo-0000783501,wfo-0000783501,Iridaceae,Iris,species,accepted,accepted,exact_accepted,exact_accepted_unique,1,1,1,WFO_offline_hierarchical,2026-06-24,296
Sundacarpus amarus,sundacarpus amarus,sundacarpus amarus,Sundacarpus amarus,wfo-0000503222,wfo-0000503222,Podocarpaceae,Sundacarpus,species,accepted,accepted,exact_accepted,exact_accepted_unique,1,1,1,WFO_offline_hierarchical,2026-06-24,297
Dalbergia sissoo,dalbergia sissoo,dalbergia sissoo,Dalbergia sissoo,wfo-0000172499,wfo-0000172499,Fabaceae,Dalbergia,species,accepted,accepted,exact_accepted,exact_accepted_unique,1,1,1,WFO_offline_hierarchical,2026-06-24,298
Iris pseudacorus,iris pseudacorus,iris pseudacorus,Iris pseudacorus,wfo-0000783754,wfo-0000783754,Iridaceae,Iris,species,accepted,accepted,exact_accepted,exact_accepted_unique,1,1,1,WFO_offline_hierarchical,2026-06-24,299
Hypericum geminiflorum,hypericum geminiflorum,hypericum geminiflorum,Hypericum geminiflorum,wfo-0000727669,wfo-0000727669,Hypericaceae,Hypericum,species,accepted,accepted,exact_accepted,exact_accepted_unique,1,1,1,WFO_offline_hierarchical,2026-06-24,300
Caragana sinica,caragana sinica,caragana sinica,Caragana sinica,wfo-0000186069,wfo-0000186069,Fabaceae,Caragana,species,accepted,accepted,exact_accepted,exact_accepted_unique,1,1,1,WFO_offline_hierarchical,2026-06-24,301
Xanthocercis zambesiaca,xanthocercis zambesiaca,xanthocercis zambesiaca,Xanthocercis zambesiaca,wfo-0000212102,wfo-0000212102,Fabaceae,Xanthocercis,species,accepted,accepted,exact_accepted,exact_accepted_unique,1,1,1,WFO_offline_hierarchical,2026-06-24,302
Pterocarpus marsupium,pterocarpus marsupium,pterocarpus marsupium,Pterocarpus marsupium,wfo-0000185089,wfo-0000185089,Fabaceae,Pterocarpus,species,accepted,accepted,exact_accepted,exact_accepted_unique,1,1,1,WFO_offline_hierarchical,2026-06-24,303
Rheum australe,rheum australe,rheum australe,Rheum australe,wfo-0001101425,wfo-0001101425,Polygonaceae,Rheum,species,accepted,accepted,exact_accepted,exact_accepted_unique,1,1,1,WFO_offline_hierarchical,2026-06-24,304
Berchemia racemosa,berchemia racemosa,berchemia racemosa,Berchemia floribunda,wfo-0000564139,wfo-0000564139,Rhamnaceae,Berchemia,species,synonym,synonym,exact_synonym,exact_synonym_unique,1,1,1,WFO_offline_hierarchical,2026-06-24,305
Euphorbia stepposa,euphorbia stepposa,euphorbia stepposa,Euphorbia stepposa,wfo-0000964888,wfo-0000964888,Euphorbiaceae,Euphorbia,species,accepted,accepted,exact_accepted,exact_accepted_unique,1,1,1,WFO_offline_hierarchical,2026-06-24,306
Cedrelopsis grevei,cedrelopsis grevei,cedrelopsis grevei,Cedrelopsis grevei,wfo-0000592509,wfo-0000592509,Rutaceae,Cedrelopsis,species,accepted,accepted,exact_accepted,exact_accepted_unique,1,1,1,WFO_offline_hierarchical,2026-06-24,307
Iris susiana,iris susiana,iris susiana,Iris susiana,wfo-0000783925,wfo-0000783925,Iridaceae,Iris,species,accepted,accepted,exact_accepted,exact_accepted_unique,1,1,1,WFO_offline_hierarchical,2026-06-24,308
Pericopsis,pericopsis,pericopsis,Pericopsis,wfo-4000028753,wfo-4000028753,Fabaceae,Pericopsis,genus,accepted,accepted,exact_accepted,exact_accepted_unique,1,1,1,WFO_offline_hierarchical,2026-06-24,309
Pericopsis elata,pericopsis elata,pericopsis elata,Pericopsis elata,wfo-0000212083,wfo-0000212083,Fabaceae,Pericopsis,species,accepted,accepted,exact_accepted,exact_accepted_unique,1,1,1,WFO_offline_hierarchical,2026-06-24,310
Prunus mume,prunus mume,prunus mume,Prunus mume,wfo-0001017317,wfo-0001017317,Rosaceae,Prunus,species,accepted,accepted,exact_accepted,exact_accepted_unique,1,1,1,WFO_offline_hierarchical,2026-06-24,311
Faramea guianensis,faramea guianensis,faramea guianensis,Faramea guianensis,wfo-0000966698,wfo-0000966698,Rubiaceae,Faramea,species,accepted,accepted,exact_accepted,exact_accepted_unique,1,1,1,WFO_offline_hierarchical,2026-06-24,312
Bauhinia guianensis,bauhinia guianensis,bauhinia guianensis,Schnella guianensis,wfo-0001039685,wfo-0001039685,Fabaceae,Schnella,species,synonym,synonym,exact_synonym,exact_synonym_unique,2,1,1,WFO_offline_hierarchical,2026-06-24,313
Dracaena draco,dracaena draco,dracaena draco,Dracaena draco,wfo-0000765739,wfo-0000765739,Asparagaceae,Dracaena,species,accepted,accepted,exact_accepted,exact_accepted_unique,1,1,1,WFO_offline_hierarchical,2026-06-24,314
Glycyrrhiza echinata,glycyrrhiza echinata,glycyrrhiza echinata,Glycyrrhiza echinata,wfo-0000213773,wfo-0000213773,Fabaceae,Glycyrrhiza,species,accepted,accepted,exact_accepted,exact_accepted_unique,1,1,1,WFO_offline_hierarchical,2026-06-24,315
Hymenoxys turneri,hymenoxys turneri,hymenoxys turneri,Tetraneuris turneri,wfo-0000029175,wfo-0000029175,Asteraceae,Tetraneuris,species,synonym,synonym,exact_synonym,exact_synonym_unique,1,1,1,WFO_offline_hierarchical,2026-06-24,316
Tetraneuris turneri,tetraneuris turneri,tetraneuris turneri,Tetraneuris turneri,wfo-0000029175,wfo-0000029175,Asteraceae,Tetraneuris,species,accepted,accepted,exact_accepted,exact_accepted_unique,1,1,1,WFO_offline_hierarchical,2026-06-24,317
Holocarpha obconica,holocarpha obconica,holocarpha obconica,Holocarpha obconica,wfo-0000007927,wfo-0000007927,Asteraceae,Holocarpha,species,accepted,accepted,exact_accepted,exact_accepted_unique,1,1,1,WFO_offline_hierarchical,2026-06-24,318
Petiveria alliacea,petiveria alliacea,petiveria alliacea,Petiveria alliacea,wfo-0000481950,wfo-0000481950,Petiveriaceae,Petiveria,species,accepted,accepted,exact_accepted,exact_accepted_unique,1,1,1,WFO_offline_hierarchical,2026-06-24,319
Monopteryx uaucu,monopteryx uaucu,monopteryx uaucu,NA,NA,NA,NA,NA,NA,NA,unresolved,unresolved,no_match,0,0,0,NA,2026-06-24,320
Morus mesozygia,morus mesozygia,morus mesozygia,Morus mesozygia,wfo-0000447924,wfo-0000447924,Moraceae,Morus,species,accepted,accepted,exact_accepted,exact_accepted_unique,1,1,1,WFO_offline_hierarchical,2026-06-24,321
Morella esculenta,morella esculenta,morella esculenta,Myrica esculenta,wfo-0001229003,wfo-0001229003,Myricaceae,Myrica,species,synonym,synonym,exact_synonym,exact_synonym_unique,1,1,1,WFO_offline_hierarchical,2026-06-24,322
Garcinia buchananii,garcinia buchananii,garcinia buchananii,Garcinia buchananii,wfo-0000694189,wfo-0000694189,Clusiaceae,Garcinia,species,accepted,accepted,exact_accepted,exact_accepted_unique,1,1,1,WFO_offline_hierarchical,2026-06-24,323
Euchresta formosana,euchresta formosana,euchresta formosana,Euchresta formosana,wfo-0000186114,wfo-0000186114,Fabaceae,Euchresta,species,accepted,accepted,exact_accepted,exact_accepted_unique,1,1,1,WFO_offline_hierarchical,2026-06-24,324
Flemingia prostrata,flemingia prostrata,flemingia prostrata,Flemingia prostrata,wfo-0000194834,wfo-0000194834,Fabaceae,Flemingia,species,accepted,accepted,exact_accepted,exact_accepted_unique,1,1,1,WFO_offline_hierarchical,2026-06-24,325
Ceratostylis himalaica,ceratostylis himalaica,ceratostylis himalaica,Ceratostylis himalaica,wfo-0000833205,wfo-0000833205,Orchidaceae,Ceratostylis,species,accepted,accepted,exact_accepted,exact_accepted_unique,1,1,1,WFO_offline_hierarchical,2026-06-24,326
Krameria ramosissima,krameria ramosissima,krameria ramosissima,Krameria ramosissima,wfo-0001069535,wfo-0001069535,Krameriaceae,Krameria,species,accepted,accepted,exact_accepted,exact_accepted_unique,1,1,1,WFO_offline_hierarchical,2026-06-24,327
Bidens torta,bidens torta,bidens torta,Bidens torta,wfo-0000009171,wfo-0000009171,Asteraceae,Bidens,species,accepted,accepted,exact_accepted,exact_accepted_unique,1,1,1,WFO_offline_hierarchical,2026-06-24,328
Phellodendron amurense,phellodendron amurense,phellodendron amurense,Phellodendron amurense,wfo-0000470314,wfo-0000470314,Rutaceae,Phellodendron,species,accepted,accepted,exact_accepted,exact_accepted_unique,1,1,1,WFO_offline_hierarchical,2026-06-24,329
Phellodendron chinense,phellodendron chinense,phellodendron chinense,Phellodendron chinense,wfo-0000470377,wfo-0000470377,Rutaceae,Phellodendron,species,accepted,accepted,exact_accepted,exact_accepted_unique,1,1,1,WFO_offline_hierarchical,2026-06-24,330
Hedysarum multijugum,hedysarum multijugum,hedysarum multijugum,Corethrodendron multijugum,wfo-0001034249,wfo-0001034249,Fabaceae,Corethrodendron,species,synonym,synonym,exact_synonym,exact_synonym_unique,1,1,1,WFO_offline_hierarchical,2026-06-24,331
Lonchocarpus oaxacensis,lonchocarpus oaxacensis,lonchocarpus oaxacensis,Lonchocarpus oaxacensis,wfo-0000165946,wfo-0000165946,Fabaceae,Lonchocarpus,species,accepted,accepted,exact_accepted,exact_accepted_unique,1,1,1,WFO_offline_hierarchical,2026-06-24,332
Lonchocarpus atropurpureus,lonchocarpus atropurpureus,lonchocarpus atropurpureus,Lonchocarpus atropurpureus,wfo-0000173710,wfo-0000173710,Fabaceae,Lonchocarpus,species,accepted,accepted,exact_accepted,exact_accepted_unique,1,1,1,WFO_offline_hierarchical,2026-06-24,333
Terminalia buceras,terminalia buceras,terminalia buceras,Terminalia buceras,wfo-0001296365,wfo-0001296365,Combretaceae,Terminalia,species,accepted,accepted,exact_accepted,exact_accepted_unique,1,1,1,WFO_offline_hierarchical,2026-06-24,334
Bucida buceras,bucida buceras,bucida buceras,Terminalia buceras,wfo-0001296365,wfo-0001296365,Combretaceae,Terminalia,species,synonym,synonym,exact_synonym,exact_synonym_unique,1,1,1,WFO_offline_hierarchical,2026-06-24,335
Millettia erythrocalyx,millettia erythrocalyx,millettia erythrocalyx,Millettia erythrocalyx,wfo-0000187008,wfo-0000187008,Fabaceae,Millettia,species,accepted,accepted,exact_accepted,exact_accepted_unique,1,1,1,WFO_offline_hierarchical,2026-06-24,336
Gynerium sagittatum,gynerium sagittatum,gynerium sagittatum,Gynerium sagittatum,wfo-0000873721,wfo-0000873721,Poaceae,Gynerium,species,accepted,accepted,exact_accepted,exact_accepted_unique,1,1,1,WFO_offline_hierarchical,2026-06-24,337
Swartzia polyphylla,swartzia polyphylla,swartzia polyphylla,Swartzia polyphylla,wfo-0000164157,wfo-0000164157,Fabaceae,Swartzia,species,accepted,accepted,exact_accepted,exact_accepted_unique,1,1,1,WFO_offline_hierarchical,2026-06-24,338
Euchresta japonica,euchresta japonica,euchresta japonica,Euchresta japonica,wfo-0000192259,wfo-0000192259,Fabaceae,Euchresta,species,accepted,accepted,exact_accepted,exact_accepted_unique,1,1,1,WFO_offline_hierarchical,2026-06-24,339
Maackia tenuifolia,maackia tenuifolia,maackia tenuifolia,Maackia tenuifolia,wfo-0000197209,wfo-0000197209,Fabaceae,Maackia,species,accepted,accepted,exact_accepted,exact_accepted_unique,1,1,1,WFO_offline_hierarchical,2026-06-24,340
Dalea aurea,dalea aurea,dalea aurea,Dalea aurea,wfo-0000169036,wfo-0000169036,Fabaceae,Dalea,species,accepted,accepted,exact_accepted,exact_accepted_unique,1,1,1,WFO_offline_hierarchical,2026-06-24,341
Licania pyrifolia,licania pyrifolia,licania pyrifolia,Moquilea pyrifolia,wfo-0000816402,wfo-0000816402,Chrysobalanaceae,Moquilea,species,synonym,synonym,exact_synonym,exact_synonym_unique,1,1,1,WFO_offline_hierarchical,2026-06-24,342
Moquilea licaniaeflora,moquilea licaniaeflora,moquilea licaniaeflora,NA,NA,NA,NA,NA,NA,NA,unresolved,unresolved,no_match,0,0,0,NA,2026-06-24,343
Gentiana macrophylla,gentiana macrophylla,gentiana macrophylla,Gentiana macrophylla,wfo-0000697942,wfo-0000697942,Gentianaceae,Gentiana,species,accepted,accepted,exact_accepted,exact_accepted_unique,1,1,1,WFO_offline_hierarchical,2026-06-24,344
Ulmus wallichiana,ulmus wallichiana,ulmus wallichiana,Ulmus wallichiana,wfo-0001284765,wfo-0001284765,Ulmaceae,Ulmus,species,accepted,accepted,exact_accepted,exact_accepted_unique,1,1,1,WFO_offline_hierarchical,2026-06-24,345
Fagraea ceilanica,fagraea ceilanica,fagraea ceilanica,Fagraea ceilanica,wfo-0000685540,wfo-0000685540,Gentianaceae,Fagraea,species,accepted,accepted,exact_accepted,exact_accepted_unique,1,1,1,WFO_offline_hierarchical,2026-06-24,346
Leptospermum polygalifolium,leptospermum polygalifolium,leptospermum polygalifolium,Leptospermum polygalifolium,wfo-0000226708,wfo-0000226708,Myrtaceae,Leptospermum,species,accepted,accepted,exact_accepted,exact_accepted_unique,1,1,1,WFO_offline_hierarchical,2026-06-24,347
Friesodielsia enghiana ex,friesodielsia enghiana ex,friesodielsia enghiana,Monanthotaxis enghiana,wfo-0001421793,wfo-0001421793,Annonaceae,Monanthotaxis,species,synonym,synonym,canonical,canonical_unique,1,1,1,WFO_offline_hierarchical,2026-06-24,348
Leptospermum recurvum,leptospermum recurvum,leptospermum recurvum,Leptospermum recurvum,wfo-0000226734,wfo-0000226734,Myrtaceae,Leptospermum,species,accepted,accepted,exact_accepted,exact_accepted_unique,1,1,1,WFO_offline_hierarchical,2026-06-24,349
Morella rubra,morella rubra,morella rubra,Myrica rubra,wfo-0001085136,wfo-0001085136,Myricaceae,Myrica,species,synonym,synonym,exact_synonym,exact_synonym_unique,1,1,1,WFO_offline_hierarchical,2026-06-24,350
Myrica rubra,myrica rubra,myrica rubra,Myrica rubra,wfo-0001085136,wfo-0001085136,Myricaceae,Myrica,species,accepted,accepted,exact_accepted,exact_accepted_unique,1,1,1,WFO_offline_hierarchical,2026-06-24,351
Spatholobus suberectus,spatholobus suberectus,spatholobus suberectus,Spatholobus suberectus,wfo-0000186508,wfo-0000186508,Fabaceae,Spatholobus,species,accepted,accepted,exact_accepted,exact_accepted_unique,1,1,1,WFO_offline_hierarchical,2026-06-24,352
Rohdea chinensis,rohdea chinensis,rohdea chinensis,Rohdea fargesii,wfo-0001424542,wfo-0001424542,Asparagaceae,Rohdea,species,synonym,synonym,exact_synonym,exact_synonym_unique,1,1,1,WFO_offline_hierarchical,2026-06-24,353
Anemone coronaria,anemone coronaria,anemone coronaria,Anemone coronaria,wfo-0000535196,wfo-0000535196,Ranunculaceae,Anemone,species,accepted,accepted,exact_accepted,exact_accepted_unique,1,1,1,WFO_offline_hierarchical,2026-06-24,354
Mirabilis jalapa,mirabilis jalapa,mirabilis jalapa,Mirabilis jalapa,wfo-0000448428,wfo-0000448428,Nyctaginaceae,Mirabilis,species,accepted,accepted,exact_accepted,exact_accepted_unique,1,1,1,WFO_offline_hierarchical,2026-06-24,355
Scutellaria scandens,scutellaria scandens,scutellaria scandens,Scutellaria scandens,wfo-0000308430,wfo-0000308430,Lamiaceae,Scutellaria,species,accepted,accepted,exact_accepted,exact_accepted_unique,1,1,1,WFO_offline_hierarchical,2026-06-24,356
Tephrosia spinosa,tephrosia spinosa,tephrosia spinosa,Tephrosia spinosa,wfo-0000185868,wfo-0000185868,Fabaceae,Tephrosia,species,accepted,accepted,exact_accepted,exact_accepted_unique,1,1,1,WFO_offline_hierarchical,2026-06-24,357
Derris floribunda,derris floribunda,derris floribunda,NA,NA,NA,NA,NA,NA,NA,unresolved,exact_conflict,exact_synonym_conflict,4,3,3,NA,2026-06-24,358
Lonchocarpus guatemalensis,lonchocarpus guatemalensis,lonchocarpus guatemalensis,Lonchocarpus guatemalensis,wfo-0000173718,wfo-0000173718,Fabaceae,Lonchocarpus,species,accepted,accepted,exact_accepted,exact_accepted_unique,1,1,1,WFO_offline_hierarchical,2026-06-24,359
Lonchocarpus sericeus ex,lonchocarpus sericeus ex,lonchocarpus sericeus,Lonchocarpus sericeus,wfo-0000183559,wfo-0000183559,Fabaceae,Lonchocarpus,species,accepted,accepted,canonical,canonical_unique,1,1,1,WFO_offline_hierarchical,2026-06-24,360
Juniperus excelsa,juniperus excelsa,juniperus excelsa,Juniperus excelsa,wfo-0000355502,wfo-0000355502,Cupressaceae,Juniperus,species,accepted,accepted,exact_accepted,exact_accepted_unique,1,1,1,WFO_offline_hierarchical,2026-06-24,361
Iris kemaonensis,iris kemaonensis,iris kemaonensis,Iris kemaonensis,wfo-0000783503,wfo-0000783503,Iridaceae,Iris,species,accepted,accepted,exact_accepted,exact_accepted_unique,1,1,1,WFO_offline_hierarchical,2026-06-24,362
Iris kumaonensis,iris kumaonensis,iris kumaonensis,NA,NA,NA,NA,NA,NA,NA,unresolved,unresolved,no_match,0,0,0,NA,2026-06-24,363
Cudrania tricuspidata,cudrania tricuspidata,cudrania tricuspidata,Maclura tricuspidata,wfo-0001085025,wfo-0001085025,Moraceae,Maclura,species,synonym,synonym,exact_synonym,exact_synonym_unique,1,1,1,WFO_offline_hierarchical,2026-06-24,364
Maclura tricuspidata,maclura tricuspidata,maclura tricuspidata,Maclura tricuspidata,wfo-0001085025,wfo-0001085025,Moraceae,Maclura,species,accepted,accepted,exact_accepted,exact_accepted_unique,1,1,1,WFO_offline_hierarchical,2026-06-24,365
Erythrina poeppigiana,erythrina poeppigiana,erythrina poeppigiana,Erythrina poeppigiana,wfo-0000165906,wfo-0000165906,Fabaceae,Erythrina,species,accepted,accepted,exact_accepted,exact_accepted_unique,1,1,1,WFO_offline_hierarchical,2026-06-24,366
Macaranga tanarius,macaranga tanarius,macaranga tanarius,Macaranga tanarius,wfo-0000232270,wfo-0000232270,Euphorbiaceae,Macaranga,species,accepted,accepted,exact_accepted,exact_accepted_unique,1,1,1,WFO_offline_hierarchical,2026-06-24,367
Schizocarphus nervosus,schizocarphus nervosus,schizocarphus nervosus,Schizocarphus nervosus,wfo-0000734854,wfo-0000734854,Asparagaceae,Schizocarphus,species,accepted,accepted,exact_accepted,exact_accepted_unique,1,1,1,WFO_offline_hierarchical,2026-06-24,368
Scilla nervosa,scilla nervosa,scilla nervosa,Schizocarphus nervosus,wfo-0000734854,wfo-0000734854,Asparagaceae,Schizocarphus,species,synonym,synonym,exact_synonym,exact_synonym_unique,1,1,1,WFO_offline_hierarchical,2026-06-24,369
Artocarpus integer,artocarpus integer,artocarpus integer,Artocarpus integer,wfo-0000550504,wfo-0000550504,Moraceae,Artocarpus,species,accepted,accepted,exact_accepted,exact_accepted_unique,1,1,1,WFO_offline_hierarchical,2026-06-24,370
Artocarpus heterophyllus,artocarpus heterophyllus,artocarpus heterophyllus,Artocarpus heterophyllus,wfo-0000550491,wfo-0000550491,Moraceae,Artocarpus,species,accepted,accepted,exact_accepted,exact_accepted_unique,1,1,1,WFO_offline_hierarchical,2026-06-24,371
Tephrosia quercetorum,tephrosia quercetorum,tephrosia quercetorum,Tephrosia quercetorum,wfo-0000164690,wfo-0000164690,Fabaceae,Tephrosia,species,accepted,accepted,exact_accepted,exact_accepted_unique,1,1,1,WFO_offline_hierarchical,2026-06-24,372
Tephrosia hildebrandtii,tephrosia hildebrandtii,tephrosia hildebrandtii,Tephrosia hildebrandtii,wfo-0000202563,wfo-0000202563,Fabaceae,Tephrosia,species,accepted,accepted,exact_accepted,exact_accepted_unique,1,1,1,WFO_offline_hierarchical,2026-06-24,373
Sophora alopecuroides,sophora alopecuroides,sophora alopecuroides,Sophora alopecuroides,wfo-0000213933,wfo-0000213933,Fabaceae,Sophora,species,accepted,accepted,exact_accepted,exact_accepted_unique,1,1,1,WFO_offline_hierarchical,2026-06-24,374
Quercus robur,quercus robur,quercus robur,Quercus robur,wfo-0000292858,wfo-0000292858,Fagaceae,Quercus,species,accepted,accepted,exact_accepted,exact_accepted_unique,1,1,1,WFO_offline_hierarchical,2026-06-24,375
Pentagramma triangularis,pentagramma triangularis,pentagramma triangularis,Pentagramma triangularis,wfo-0001114298,wfo-0001114298,Pteridaceae,Pentagramma,species,accepted,accepted,exact_accepted,exact_accepted_unique,1,1,1,WFO_offline_hierarchical,2026-06-24,376
Lawsonia inermis,lawsonia inermis,lawsonia inermis,Lawsonia inermis,wfo-0000366658,wfo-0000366658,Lythraceae,Lawsonia,species,accepted,accepted,exact_accepted,exact_accepted_unique,1,1,1,WFO_offline_hierarchical,2026-06-24,377
Rubus,rubus,rubus,Rubus,wfo-4000033581,wfo-4000033581,Rosaceae,Rubus,genus,accepted,accepted,exact_accepted,exact_accepted_unique,1,1,1,WFO_offline_hierarchical,2026-06-24,378
Vaccinium corymbosum,vaccinium corymbosum,vaccinium corymbosum,Vaccinium corymbosum,wfo-0000422953,wfo-0000422953,Ericaceae,Vaccinium,species,accepted,accepted,exact_accepted,exact_accepted_unique,1,1,1,WFO_offline_hierarchical,2026-06-24,379
Vitis aestivalis,vitis aestivalis,vitis aestivalis,Vitis aestivalis,wfo-0000421544,wfo-0000421544,Vitaceae,Vitis,species,accepted,accepted,exact_accepted,exact_accepted_unique,1,1,1,WFO_offline_hierarchical,2026-06-24,380
Vitis vinifera,vitis vinifera,vitis vinifera,Vitis vinifera,wfo-0000421791,wfo-0000421791,Vitaceae,Vitis,species,accepted,accepted,exact_accepted,exact_accepted_unique,1,1,1,WFO_offline_hierarchical,2026-06-24,381
Viburnum davidii,viburnum davidii,viburnum davidii,Viburnum davidii,wfo-0001291054,wfo-0001291054,Viburnaceae,Viburnum,species,accepted,accepted,exact_accepted,exact_accepted_unique,1,1,1,WFO_offline_hierarchical,2026-06-24,382
Viburnum lantanoides,viburnum lantanoides,viburnum lantanoides,Viburnum lantanoides,wfo-0001290678,wfo-0001290678,Viburnaceae,Viburnum,species,accepted,accepted,exact_accepted,exact_accepted_unique,1,1,1,WFO_offline_hierarchical,2026-06-24,383
Dissochaeta beccariana,dissochaeta beccariana,dissochaeta beccariana,Dalenia magnibracteata,wfo-1000026669,wfo-1000026669,Melastomataceae,Dalenia,species,synonym,synonym,exact_synonym,exact_synonym_unique,1,1,1,WFO_offline_hierarchical,2026-06-24,384
Millettia usaramensis,millettia usaramensis,millettia usaramensis,Millettia usaramensis,wfo-0000200818,wfo-0000200818,Fabaceae,Millettia,species,accepted,accepted,exact_accepted,exact_accepted_unique,1,1,1,WFO_offline_hierarchical,2026-06-24,385
Archidendron jiringa,archidendron jiringa,archidendron jiringa,Archidendron jiringa,wfo-0000199807,wfo-0000199807,Fabaceae,Archidendron,species,accepted,accepted,exact_accepted,exact_accepted_unique,1,1,1,WFO_offline_hierarchical,2026-06-24,386
Glycyrrhiza aspera,glycyrrhiza aspera,glycyrrhiza aspera,Glycyrrhiza aspera,wfo-0000213772,wfo-0000213772,Fabaceae,Glycyrrhiza,species,accepted,accepted,exact_accepted,exact_accepted_unique,1,1,1,WFO_offline_hierarchical,2026-06-24,387
Pleione yunnanensis,pleione yunnanensis,pleione yunnanensis,Pleione yunnanensis,wfo-0000276501,wfo-0000276501,Orchidaceae,Pleione,species,accepted,accepted,exact_accepted,exact_accepted_unique,1,1,1,WFO_offline_hierarchical,2026-06-24,388
Dracaena cinnabari,dracaena cinnabari,dracaena cinnabari,Dracaena cinnabari,wfo-0000765713,wfo-0000765713,Asparagaceae,Dracaena,species,accepted,accepted,exact_accepted,exact_accepted_unique,1,1,1,WFO_offline_hierarchical,2026-06-24,389
Eucomis montana,eucomis montana,eucomis montana,Eucomis montana,wfo-0000767053,wfo-0000767053,Asparagaceae,Eucomis,species,accepted,accepted,exact_accepted,exact_accepted_unique,1,1,1,WFO_offline_hierarchical,2026-06-24,390
Lycium chinense,lycium chinense,lycium chinense,Lycium chinense,wfo-0001022784,wfo-0001022784,Solanaceae,Lycium,species,accepted,accepted,exact_accepted,exact_accepted_unique,1,1,1,WFO_offline_hierarchical,2026-06-24,391
Eleutherococcus brachypus,eleutherococcus brachypus,eleutherococcus brachypus,Eleutherococcus brachypus,wfo-0000948048,wfo-0000948048,Araliaceae,Eleutherococcus,species,accepted,accepted,exact_accepted,exact_accepted_unique,1,1,1,WFO_offline_hierarchical,2026-06-24,392
Sorocea bonplandii,sorocea bonplandii,sorocea bonplandii,Sorocea bonplandii,wfo-0000505885,wfo-0000505885,Moraceae,Sorocea,species,accepted,accepted,exact_accepted,exact_accepted_unique,1,1,1,WFO_offline_hierarchical,2026-06-24,393
Baphia nitida,baphia nitida,baphia nitida,Baphia nitida,wfo-0000212016,wfo-0000212016,Fabaceae,Baphia,species,accepted,accepted,exact_accepted,exact_accepted_unique,1,1,1,WFO_offline_hierarchical,2026-06-24,394
Lotus corniculatus,lotus corniculatus,lotus corniculatus,Lotus corniculatus,wfo-0000212180,wfo-0000212180,Fabaceae,Lotus,species,accepted,accepted,exact_accepted,exact_accepted_unique,1,1,1,WFO_offline_hierarchical,2026-06-24,395
Centrolobium tomentosum,centrolobium tomentosum,centrolobium tomentosum,Centrolobium tomentosum,wfo-0000174030,wfo-0000174030,Fabaceae,Centrolobium,species,accepted,accepted,exact_accepted,exact_accepted_unique,1,1,1,WFO_offline_hierarchical,2026-06-24,396
Lonchocarpus negrensis,lonchocarpus negrensis,lonchocarpus negrensis,Deguelia amazonica,wfo-0000173321,wfo-0000173321,Fabaceae,Deguelia,species,synonym,synonym,exact_synonym,exact_synonym_unique,1,1,1,WFO_offline_hierarchical,2026-06-24,397
Medicago sativa,medicago sativa,medicago sativa,Medicago sativa,wfo-0000213468,wfo-0000213468,Fabaceae,Medicago,species,accepted,accepted,exact_accepted,exact_accepted_unique,1,1,1,WFO_offline_hierarchical,2026-06-24,398
Gliricidia sepium,gliricidia sepium,gliricidia sepium,Gliricidia sepium,wfo-0000178022,wfo-0000178022,Fabaceae,Gliricidia,species,accepted,accepted,exact_accepted,exact_accepted_unique,1,1,1,WFO_offline_hierarchical,2026-06-24,399
Caragana tibetica,caragana tibetica,caragana tibetica,Caragana tibetica,wfo-0000186075,wfo-0000186075,Fabaceae,Caragana,species,accepted,accepted,exact_accepted,exact_accepted_unique,1,1,1,WFO_offline_hierarchical,2026-06-24,400
Pleione bulbocodioides,pleione bulbocodioides,pleione bulbocodioides,Pleione bulbocodioides,wfo-0000276360,wfo-0000276360,Orchidaceae,Pleione,species,accepted,accepted,exact_accepted,exact_accepted_unique,1,1,1,WFO_offline_hierarchical,2026-06-24,401
Raphanus sativus,raphanus sativus,raphanus sativus,Raphanus sativus,wfo-0000402430,wfo-0000402430,Brassicaceae,Raphanus,species,accepted,accepted,exact_accepted,exact_accepted_unique,1,1,1,WFO_offline_hierarchical,2026-06-24,402
Millettia hemsleyana,millettia hemsleyana,millettia hemsleyana,Millettia xylocarpa,wfo-0000185891,wfo-0000185891,Fabaceae,Millettia,species,synonym,synonym,exact_synonym,exact_synonym_unique,1,1,1,WFO_offline_hierarchical,2026-06-24,403
Macaranga alnifolia,macaranga alnifolia,macaranga alnifolia,Macaranga alnifolia,wfo-0000231795,wfo-0000231795,Euphorbiaceae,Macaranga,species,accepted,accepted,exact_accepted,exact_accepted_unique,1,1,1,WFO_offline_hierarchical,2026-06-24,404
Kandelia candel,kandelia candel,kandelia candel,Kandelia candel,wfo-0001131563,wfo-0001131563,Rhizophoraceae,Kandelia,species,accepted,accepted,exact_accepted,exact_accepted_unique,1,1,1,WFO_offline_hierarchical,2026-06-24,405
Artocarpus lacucha,artocarpus lacucha,artocarpus lacucha,Artocarpus lacucha,wfo-0000550516,wfo-0000550516,Moraceae,Artocarpus,species,accepted,accepted,exact_accepted,exact_accepted_unique,1,1,1,WFO_offline_hierarchical,2026-06-24,406
Dalea scandens,dalea scandens,dalea scandens,Dalea scandens,wfo-0000169124,wfo-0000169124,Fabaceae,Dalea,species,accepted,accepted,exact_accepted,exact_accepted_unique,1,1,1,WFO_offline_hierarchical,2026-06-24,407
Morella serrata,morella serrata,morella serrata,Myrica serrata,wfo-0000447295,wfo-0000447295,Myricaceae,Myrica,species,synonym,synonym,exact_synonym,exact_synonym_unique,1,1,1,WFO_offline_hierarchical,2026-06-24,408
Merrillia caloxylon,merrillia caloxylon,merrillia caloxylon,Murraya caloxylon,wfo-0001039028,wfo-0001039028,Rutaceae,Murraya,species,synonym,synonym,exact_synonym,exact_synonym_unique,1,1,1,WFO_offline_hierarchical,2026-06-24,409
Persicaria spectabilis,persicaria spectabilis,persicaria spectabilis,NA,NA,NA,NA,NA,NA,NA,unresolved,unresolved,no_match,0,0,0,NA,2026-06-24,410
Persicaria senegalensis,persicaria senegalensis,persicaria senegalensis,Persicaria senegalensis,wfo-0000488300,wfo-0000488300,Polygonaceae,Persicaria,species,accepted,accepted,exact_accepted,exact_accepted_unique,1,1,1,WFO_offline_hierarchical,2026-06-24,411
Pseudoprospero firmifolium,pseudoprospero firmifolium,pseudoprospero firmifolium,Pseudoprospero firmifolium,wfo-0000723079,wfo-0000723079,Asparagaceae,Pseudoprospero,species,accepted,accepted,exact_accepted,exact_accepted_unique,1,1,1,WFO_offline_hierarchical,2026-06-24,412
Helichrysum forskahlii,helichrysum forskahlii,helichrysum forskahlii,NA,NA,NA,NA,NA,NA,NA,unresolved,unresolved,no_match,0,0,0,NA,2026-06-24,413
Bauhinia purpurea,bauhinia purpurea,bauhinia purpurea,Bauhinia purpurea,wfo-0000213155,wfo-0000213155,Fabaceae,Bauhinia,species,accepted,accepted,exact_accepted,exact_accepted_unique,1,1,1,WFO_offline_hierarchical,2026-06-24,414
Tephrosia calophylla,tephrosia calophylla,tephrosia calophylla,Tephrosia calophylla,wfo-0000205385,wfo-0000205385,Fabaceae,Tephrosia,species,accepted,accepted,exact_accepted,exact_accepted_unique,1,1,1,WFO_offline_hierarchical,2026-06-24,415
Uvaria scheffleri,uvaria scheffleri,uvaria scheffleri,Uvaria scheffleri,wfo-0001066238,wfo-0001066238,Annonaceae,Uvaria,species,accepted,accepted,exact_accepted,exact_accepted_unique,1,1,1,WFO_offline_hierarchical,2026-06-24,416
Acacia nilotica,acacia nilotica,acacia nilotica,Vachellia nilotica,wfo-0001284776,wfo-0001284776,Fabaceae,Vachellia,species,synonym,synonym,exact_synonym,exact_synonym_unique,1,1,1,WFO_offline_hierarchical,2026-06-24,417
Vachellia nilotica,vachellia nilotica,vachellia nilotica,Vachellia nilotica,wfo-0001284776,wfo-0001284776,Fabaceae,Vachellia,species,accepted,accepted,exact_accepted,exact_accepted_unique,1,1,1,WFO_offline_hierarchical,2026-06-24,418
Myrcia multiflora,myrcia multiflora,myrcia multiflora,Myrcia multiflora,wfo-0000247667,wfo-0000247667,Myrtaceae,Myrcia,species,accepted,accepted,exact_accepted,exact_accepted_unique,1,1,1,WFO_offline_hierarchical,2026-06-24,419
Cyperus capitatus,cyperus capitatus,cyperus capitatus,Cyperus capitatus,wfo-0000369295,wfo-0000369295,Cyperaceae,Cyperus,species,accepted,accepted,exact_accepted,exact_accepted_unique,1,1,1,WFO_offline_hierarchical,2026-06-24,420
Zephyranthes flava,zephyranthes flava,zephyranthes flava,Pyrolirion flavum,wfo-0000727083,wfo-0000727083,Amaryllidaceae,Pyrolirion,species,synonym,synonym,exact_synonym,exact_synonym_unique,2,1,1,WFO_offline_hierarchical,2026-06-24,421
Cassia javanica,cassia javanica,cassia javanica,Cassia javanica,wfo-0000164126,wfo-0000164126,Fabaceae,Cassia,species,accepted,accepted,exact_accepted,exact_accepted_unique,1,1,1,WFO_offline_hierarchical,2026-06-24,422
Dahlia tenuicaulis,dahlia tenuicaulis,dahlia tenuicaulis,Dahlia tenuicaulis,wfo-0000018447,wfo-0000018447,Asteraceae,Dahlia,species,accepted,accepted,exact_accepted,exact_accepted_unique,1,1,1,WFO_offline_hierarchical,2026-06-24,423
Lycium bridgesii,lycium bridgesii,lycium bridgesii,Lycium bridgesii,wfo-0001022702,wfo-0001022702,Solanaceae,Lycium,species,accepted,accepted,exact_accepted,exact_accepted_unique,1,1,1,WFO_offline_hierarchical,2026-06-24,424
Adenothamnus validus,adenothamnus validus,adenothamnus validus,Adenothamnus validus,wfo-0000041337,wfo-0000041337,Asteraceae,Adenothamnus,species,accepted,accepted,exact_accepted,exact_accepted_unique,1,1,1,WFO_offline_hierarchical,2026-06-24,425
Baccharis scandens,baccharis scandens,baccharis scandens,Baccharis scandens,wfo-0000040761,wfo-0000040761,Asteraceae,Baccharis,species,accepted,accepted,exact_accepted,exact_accepted_unique,1,1,1,WFO_offline_hierarchical,2026-06-24,426
Sarcandra glabra,sarcandra glabra,sarcandra glabra,Sarcandra glabra,wfo-0000438024,wfo-0000438024,Chloranthaceae,Sarcandra,species,accepted,accepted,exact_accepted,exact_accepted_unique,1,1,1,WFO_offline_hierarchical,2026-06-24,427
Perityle vaseyi,perityle vaseyi,perityle vaseyi,Perityle vaseyi,wfo-0000073677,wfo-0000073677,Asteraceae,Perityle,species,accepted,accepted,exact_accepted,exact_accepted_unique,1,1,1,WFO_offline_hierarchical,2026-06-24,428
Pinus armandii,pinus armandii,pinus armandii,Pinus armandii,wfo-0000482309,wfo-0000482309,Pinaceae,Pinus,species,accepted,accepted,exact_accepted,exact_accepted_unique,1,1,1,WFO_offline_hierarchical,2026-06-24,429
Salvia texana,salvia texana,salvia texana,Salvia texana,wfo-0000302454,wfo-0000302454,Lamiaceae,Salvia,species,accepted,accepted,exact_accepted,exact_accepted_unique,1,1,1,WFO_offline_hierarchical,2026-06-24,430
Renealmia nicolaioides,renealmia nicolaioides,renealmia nicolaioides,Renealmia nicolaioides,wfo-0000510879,wfo-0000510879,Zingiberaceae,Renealmia,species,accepted,accepted,exact_accepted,exact_accepted_unique,1,1,1,WFO_offline_hierarchical,2026-06-24,431
Carpesium longifolium,carpesium longifolium,carpesium longifolium,Carpesium longifolium,wfo-0000043249,wfo-0000043249,Asteraceae,Carpesium,species,accepted,accepted,exact_accepted,exact_accepted_unique,1,1,1,WFO_offline_hierarchical,2026-06-24,432
Carpesium lipskyi,carpesium lipskyi,carpesium lipskyi,Carpesium lipskyi,wfo-0000039860,wfo-0000039860,Asteraceae,Carpesium,species,accepted,accepted,exact_accepted,exact_accepted_unique,1,1,1,WFO_offline_hierarchical,2026-06-24,433
Miliusa sinensis,miliusa sinensis,miliusa sinensis,Miliusa balansae,wfo-0001032905,wfo-0001032905,Annonaceae,Miliusa,species,synonym,synonym,exact_synonym,exact_synonym_unique,1,1,1,WFO_offline_hierarchical,2026-06-24,434
Pityrogramma calomela,pityrogramma calomela,pityrogramma calomela,NA,NA,NA,NA,NA,NA,NA,unresolved,unresolved,no_match,0,0,0,NA,2026-06-24,435
Pityrogramma calomelanos,pityrogramma calomelanos,pityrogramma calomelanos,Pityrogramma calomelanos,wfo-0001107385,wfo-0001107385,Pteridaceae,Pityrogramma,species,accepted,accepted,exact_accepted,exact_accepted_unique,1,1,1,WFO_offline_hierarchical,2026-06-24,436
Chiococca alba,chiococca alba,chiococca alba,Chiococca alba,wfo-0000844784,wfo-0000844784,Rubiaceae,Chiococca,species,accepted,accepted,exact_accepted,exact_accepted_unique,1,1,1,WFO_offline_hierarchical,2026-06-24,437
Matteuccia orientalis,matteuccia orientalis,matteuccia orientalis,Pentarhizidium orientale,wfo-0001232479,wfo-0001232479,Onocleaceae,Pentarhizidium,species,synonym,synonym,exact_synonym,exact_synonym_unique,1,1,1,WFO_offline_hierarchical,2026-06-24,438
Pterodon emarginatus,pterodon emarginatus,pterodon emarginatus,Pterodon emarginatus,wfo-0000186722,wfo-0000186722,Fabaceae,Pterodon,species,accepted,accepted,exact_accepted,exact_accepted_unique,1,1,1,WFO_offline_hierarchical,2026-06-24,439
Stemona collinsae,stemona collinsae,stemona collinsae,Stemona collinsae,wfo-0000740184,wfo-0000740184,Stemonaceae,Stemona,species,accepted,accepted,exact_accepted,exact_accepted_unique,1,1,1,WFO_offline_hierarchical,2026-06-24,440
Stemona curtisii,stemona curtisii,stemona curtisii,Stemona curtisii,wfo-0000770114,wfo-0000770114,Stemonaceae,Stemona,species,accepted,accepted,exact_accepted,exact_accepted_unique,1,1,1,WFO_offline_hierarchical,2026-06-24,441
Echinocereus coccineus,echinocereus coccineus,echinocereus coccineus,Echinocereus coccineus,wfo-0000661214,wfo-0000661214,Cactaceae,Echinocereus,species,accepted,accepted,exact_accepted,exact_accepted_unique,1,1,1,WFO_offline_hierarchical,2026-06-24,442
Echinocereus triglochidiatus,echinocereus triglochidiatus,echinocereus triglochidiatus,Echinocereus triglochidiatus,wfo-0000661560,wfo-0000661560,Cactaceae,Echinocereus,species,accepted,accepted,exact_accepted,exact_accepted_unique,1,1,1,WFO_offline_hierarchical,2026-06-24,443
Ateleia herbert-smithii,ateleia herbert-smithii,ateleia herbert-smithii,Ateleia herbert-smithii,wfo-0000170196,wfo-0000170196,Fabaceae,Ateleia,species,accepted,accepted,exact_accepted,exact_accepted_unique,1,1,1,WFO_offline_hierarchical,2026-06-24,444
Madhuca longifolia,madhuca longifolia,madhuca longifolia,Madhuca longifolia,wfo-0000232785,wfo-0000232785,Sapotaceae,Madhuca,species,accepted,accepted,exact_accepted,exact_accepted_unique,1,1,1,WFO_offline_hierarchical,2026-06-24,445
Glycine max,glycine max,glycine max,Glycine max,wfo-0000181462,wfo-0000181462,Fabaceae,Glycine,species,accepted,accepted,exact_accepted,exact_accepted_unique,1,1,1,WFO_offline_hierarchical,2026-06-24,446
Byrsonima crassifolia,byrsonima crassifolia,byrsonima crassifolia,Byrsonima crassifolia,wfo-0000576794,wfo-0000576794,Malpighiaceae,Byrsonima,species,accepted,accepted,exact_accepted,exact_accepted_unique,1,1,1,WFO_offline_hierarchical,2026-06-24,447
Crinum bulbispermum,crinum bulbispermum,crinum bulbispermum,Crinum bulbispermum,wfo-0000764436,wfo-0000764436,Amaryllidaceae,Crinum,species,accepted,accepted,exact_accepted,exact_accepted_unique,1,1,1,WFO_offline_hierarchical,2026-06-24,448
Maackia amurensis,maackia amurensis,maackia amurensis,Maackia amurensis,wfo-0000186143,wfo-0000186143,Fabaceae,Maackia,species,accepted,accepted,exact_accepted,exact_accepted_unique,1,1,1,WFO_offline_hierarchical,2026-06-24,449
Oreopteris quelpaertensis,oreopteris quelpaertensis,oreopteris quelpaertensis,NA,NA,NA,NA,NA,NA,NA,unresolved,unresolved,no_match,0,0,0,NA,2026-06-24,450
Thelypteris quelpaertensis,thelypteris quelpaertensis,thelypteris quelpaertensis,NA,NA,NA,NA,NA,NA,NA,unresolved,unresolved,no_match,0,0,0,NA,2026-06-24,451
Nierembergia linariifolia,nierembergia linariifolia,nierembergia linariifolia,Nierembergia linariifolia,wfo-0001024101,wfo-0001024101,Solanaceae,Nierembergia,species,accepted,accepted,exact_accepted,exact_accepted_unique,1,1,1,WFO_offline_hierarchical,2026-06-24,452
Nierembergia hippomanica,nierembergia hippomanica,nierembergia hippomanica,Nierembergia linariifolia,wfo-0001024101,wfo-0001024101,Solanaceae,Nierembergia,species,synonym,synonym,exact_synonym,exact_synonym_unique,1,1,1,WFO_offline_hierarchical,2026-06-24,453
Tephrosia maxima,tephrosia maxima,tephrosia maxima,Tephrosia maxima,wfo-0000203220,wfo-0000203220,Fabaceae,Tephrosia,species,accepted,accepted,exact_accepted,exact_accepted_unique,1,1,1,WFO_offline_hierarchical,2026-06-24,454
Millettia puguensis,millettia puguensis,millettia puguensis,Millettia puguensis,wfo-0000200593,wfo-0000200593,Fabaceae,Millettia,species,accepted,accepted,exact_accepted,exact_accepted_unique,1,1,1,WFO_offline_hierarchical,2026-06-24,455
Helianthus annuus,helianthus annuus,helianthus annuus,Helianthus annuus,wfo-0000088131,wfo-0000088131,Asteraceae,Helianthus,species,accepted,accepted,exact_accepted,exact_accepted_unique,1,1,1,WFO_offline_hierarchical,2026-06-24,456
Crotalaria assamica,crotalaria assamica,crotalaria assamica,Crotalaria sericea var. sericea,wfo-1200113051,wfo-1200113051,Fabaceae,Crotalaria,variety,synonym,synonym,exact_synonym,exact_synonym_unique,1,1,1,WFO_offline_hierarchical,2026-06-24,457
Crinum amabile,crinum amabile,crinum amabile,NA,NA,NA,NA,NA,NA,NA,unresolved,unresolved,no_match,0,0,0,NA,2026-06-24,458
Crinum asiaticum,crinum asiaticum,crinum asiaticum,Crinum asiaticum,wfo-0000764396,wfo-0000764396,Amaryllidaceae,Crinum,species,accepted,accepted,exact_accepted,exact_accepted_unique,1,1,1,WFO_offline_hierarchical,2026-06-24,459
Crinum augustum,crinum augustum,crinum augustum,Crinum × amabile,wfo-0001046857,wfo-0001046857,Amaryllidaceae,Crinum,species,synonym,synonym,exact_synonym,exact_synonym_unique,1,1,1,WFO_offline_hierarchical,2026-06-24,460
Dianella revoluta,dianella revoluta,dianella revoluta,Dianella revoluta,wfo-0000765248,wfo-0000765248,Asphodelaceae,Dianella,species,accepted,accepted,exact_accepted,exact_accepted_unique,1,1,1,WFO_offline_hierarchical,2026-06-24,461
Garcinia prainiana,garcinia prainiana,garcinia prainiana,Garcinia prainiana,wfo-0000694586,wfo-0000694586,Clusiaceae,Garcinia,species,accepted,accepted,exact_accepted,exact_accepted_unique,1,1,1,WFO_offline_hierarchical,2026-06-24,462
Verbena litoralis,verbena litoralis,verbena litoralis,Verbena litoralis,wfo-0000332038,wfo-0000332038,Verbenaceae,Verbena,species,accepted,accepted,exact_accepted,exact_accepted_unique,1,1,1,WFO_offline_hierarchical,2026-06-24,463
Clinopodium alpinum,clinopodium alpinum,clinopodium alpinum,Clinopodium alpinum,wfo-0000890580,wfo-0000890580,Lamiaceae,Clinopodium,species,accepted,accepted,exact_accepted,exact_accepted_unique,1,1,1,WFO_offline_hierarchical,2026-06-24,464
Acinos alpinus,acinos alpinus,acinos alpinus,Clinopodium alpinum,wfo-0000890580,wfo-0000890580,Lamiaceae,Clinopodium,species,synonym,synonym,exact_synonym,exact_synonym_unique,1,1,1,WFO_offline_hierarchical,2026-06-24,465
Helichrysum monticola,helichrysum monticola,helichrysum monticola,Helichrysum monticola,wfo-0000035013,wfo-0000035013,Asteraceae,Helichrysum,species,accepted,accepted,exact_accepted,exact_accepted_unique,1,1,1,WFO_offline_hierarchical,2026-06-24,466
Tephrosia watsoniana,tephrosia watsoniana,tephrosia watsoniana,Tephrosia watsoniana,wfo-0000186660,wfo-0000186660,Fabaceae,Tephrosia,species,accepted,accepted,exact_accepted,exact_accepted_unique,1,1,1,WFO_offline_hierarchical,2026-06-24,467
Krameria erecta,krameria erecta,krameria erecta,Krameria erecta,wfo-0001069516,wfo-0001069516,Krameriaceae,Krameria,species,accepted,accepted,exact_accepted,exact_accepted_unique,1,1,1,WFO_offline_hierarchical,2026-06-24,468
Vachellia karroo,vachellia karroo,vachellia karroo,Vachellia karroo,wfo-0000510579,wfo-0000510579,Fabaceae,Vachellia,species,accepted,accepted,exact_accepted,exact_accepted_unique,1,1,1,WFO_offline_hierarchical,2026-06-24,469
Acacia karroo,acacia karroo,acacia karroo,Vachellia karroo,wfo-0000510579,wfo-0000510579,Fabaceae,Vachellia,species,synonym,synonym,exact_synonym,exact_synonym_unique,1,1,1,WFO_offline_hierarchical,2026-06-24,470
Soymida febrifuga,soymida febrifuga,soymida febrifuga,Soymida febrifuga,wfo-0001083425,wfo-0001083425,Meliaceae,Soymida,species,accepted,accepted,exact_accepted,exact_accepted_unique,1,1,1,WFO_offline_hierarchical,2026-06-24,471
Broussonetia kazinoki,broussonetia kazinoki,broussonetia kazinoki,Broussonetia kazinoki,wfo-0000572564,wfo-0000572564,Moraceae,Broussonetia,species,accepted,accepted,exact_accepted,exact_accepted_unique,1,1,1,WFO_offline_hierarchical,2026-06-24,472
Habranthus brachyandrus,habranthus brachyandrus,habranthus brachyandrus,Habranthus brachyandrus,wfo-0000645851,wfo-0000645851,Amaryllidaceae,Habranthus,species,accepted,accepted,exact_accepted,exact_accepted_unique,1,1,1,WFO_offline_hierarchical,2026-06-24,473
Tephrosia pumila,tephrosia pumila,tephrosia pumila,Tephrosia pumila,wfo-0000203766,wfo-0000203766,Fabaceae,Tephrosia,species,accepted,accepted,exact_accepted,exact_accepted_unique,1,1,1,WFO_offline_hierarchical,2026-06-24,474
Ficus nervosa,ficus nervosa,ficus nervosa,Ficus nervosa,wfo-0000689442,wfo-0000689442,Moraceae,Ficus,species,accepted,accepted,exact_accepted,exact_accepted_unique,1,1,1,WFO_offline_hierarchical,2026-06-24,475
Phaseolus vulgaris,phaseolus vulgaris,phaseolus vulgaris,Phaseolus vulgaris,wfo-0000183282,wfo-0000183282,Fabaceae,Phaseolus,species,accepted,accepted,exact_accepted,exact_accepted_unique,1,1,1,WFO_offline_hierarchical,2026-06-24,476
Apios americana,apios americana,apios americana,Apios americana,wfo-0000213520,wfo-0000213520,Fabaceae,Apios,species,accepted,accepted,exact_accepted,exact_accepted_unique,1,1,1,WFO_offline_hierarchical,2026-06-24,477
Desmodium styracifolium,desmodium styracifolium,desmodium styracifolium,Grona styracifolia,wfo-0001423688,wfo-0001423688,Fabaceae,Grona,species,synonym,synonym,exact_synonym,exact_synonym_unique,1,1,1,WFO_offline_hierarchical,2026-06-24,478
Erythrina sacleuxii,erythrina sacleuxii,erythrina sacleuxii,Erythrina sacleuxii,wfo-0000181098,wfo-0000181098,Fabaceae,Erythrina,species,accepted,accepted,exact_accepted,exact_accepted_unique,1,1,1,WFO_offline_hierarchical,2026-06-24,479
Phaseolus coccineus,phaseolus coccineus,phaseolus coccineus,Phaseolus coccineus,wfo-0000183242,wfo-0000183242,Fabaceae,Phaseolus,species,accepted,accepted,exact_accepted,exact_accepted_unique,1,1,1,WFO_offline_hierarchical,2026-06-24,480
Flemingia paniculata,flemingia paniculata,flemingia paniculata,Flemingia paniculata,wfo-0000198109,wfo-0000198109,Fabaceae,Flemingia,species,accepted,accepted,exact_accepted,exact_accepted_unique,1,1,1,WFO_offline_hierarchical,2026-06-24,481
Crotalaria lachnophora,crotalaria lachnophora,crotalaria lachnophora,Crotalaria lachnophora,wfo-0000207514,wfo-0000207514,Fabaceae,Crotalaria,species,accepted,accepted,exact_accepted,exact_accepted_unique,1,1,1,WFO_offline_hierarchical,2026-06-24,482
Lupinus luteus,lupinus luteus,lupinus luteus,Lupinus luteus,wfo-0000213494,wfo-0000213494,Fabaceae,Lupinus,species,accepted,accepted,exact_accepted,exact_accepted_unique,1,1,1,WFO_offline_hierarchical,2026-06-24,483
Vigna angularis,vigna angularis,vigna angularis,Vigna angularis,wfo-0000187878,wfo-0000187878,Fabaceae,Vigna,species,accepted,accepted,exact_accepted,exact_accepted_unique,1,1,1,WFO_offline_hierarchical,2026-06-24,484
Lupinus arcticus,lupinus arcticus,lupinus arcticus,Lupinus arcticus,wfo-0000168060,wfo-0000168060,Fabaceae,Lupinus,species,accepted,accepted,exact_accepted,exact_accepted_unique,1,1,1,WFO_offline_hierarchical,2026-06-24,485
Lupinus elegans,lupinus elegans,lupinus elegans,Lupinus elegans,wfo-0000183547,wfo-0000183547,Fabaceae,Lupinus,species,accepted,accepted,exact_accepted,exact_accepted_unique,1,1,1,WFO_offline_hierarchical,2026-06-24,486
Lupinus nanus,lupinus nanus,lupinus nanus,Lupinus nanus,wfo-0000174742,wfo-0000174742,Fabaceae,Lupinus,species,accepted,accepted,exact_accepted,exact_accepted_unique,1,1,1,WFO_offline_hierarchical,2026-06-24,487
Vigna radiata,vigna radiata,vigna radiata,Vigna radiata,wfo-0000183493,wfo-0000183493,Fabaceae,Vigna,species,accepted,accepted,exact_accepted,exact_accepted_unique,1,1,1,WFO_offline_hierarchical,2026-06-24,488
Vigna mungo,vigna mungo,vigna mungo,Vigna mungo,wfo-0000188854,wfo-0000188854,Fabaceae,Vigna,species,accepted,accepted,exact_accepted,exact_accepted_unique,1,1,1,WFO_offline_hierarchical,2026-06-24,489
Lupinus pubescens,lupinus pubescens,lupinus pubescens,Lupinus pubescens,wfo-0000213501,wfo-0000213501,Fabaceae,Lupinus,species,accepted,accepted,exact_accepted,exact_accepted_unique,1,1,1,WFO_offline_hierarchical,2026-06-24,490
Laburnum anagyroides,laburnum anagyroides,laburnum anagyroides,NA,NA,NA,NA,NA,NA,NA,unresolved,unresolved,no_match,0,0,0,NA,2026-06-24,491
Pinus morrisonicola,pinus morrisonicola,pinus morrisonicola,Pinus morrisonicola,wfo-0000481792,wfo-0000481792,Pinaceae,Pinus,species,accepted,accepted,exact_accepted,exact_accepted_unique,1,1,1,WFO_offline_hierarchical,2026-06-24,492
Leucothoe keiskei,leucothoe keiskei,leucothoe keiskei,Leucothoe keiskei,wfo-0000364575,wfo-0000364575,Ericaceae,Leucothoe,species,accepted,accepted,exact_accepted,exact_accepted_unique,1,1,1,WFO_offline_hierarchical,2026-06-24,493
Pseudotsuga sinensis,pseudotsuga sinensis,pseudotsuga sinensis,Pseudotsuga sinensis,wfo-0000478196,wfo-0000478196,Pinaceae,Pseudotsuga,species,accepted,accepted,exact_accepted,exact_accepted_unique,1,1,1,WFO_offline_hierarchical,2026-06-24,494
Phyllanthus emblica,phyllanthus emblica,phyllanthus emblica,Phyllanthus emblica,wfo-0000270932,wfo-0000270932,Phyllanthaceae,Phyllanthus,species,accepted,accepted,exact_accepted,exact_accepted_unique,1,1,1,WFO_offline_hierarchical,2026-06-24,495
Dalbergia louvelii,dalbergia louvelii,dalbergia louvelii,Dalbergia louvelii,wfo-0000196181,wfo-0000196181,Fabaceae,Dalbergia,species,accepted,accepted,exact_accepted,exact_accepted_unique,1,1,1,WFO_offline_hierarchical,2026-06-24,496
Lindera neesiana,lindera neesiana,lindera neesiana,Lindera neesiana,wfo-0001070756,wfo-0001070756,Lauraceae,Lindera,species,accepted,accepted,exact_accepted,exact_accepted_unique,1,1,1,WFO_offline_hierarchical,2026-06-24,497
Derris elliptica,derris elliptica,derris elliptica,Derris elliptica,wfo-0000186905,wfo-0000186905,Fabaceae,Derris,species,accepted,accepted,exact_accepted,exact_accepted_unique,1,1,1,WFO_offline_hierarchical,2026-06-24,498
Paraderris elliptica,paraderris elliptica,paraderris elliptica,Derris elliptica,wfo-0000186905,wfo-0000186905,Fabaceae,Derris,species,synonym,synonym,exact_synonym,exact_synonym_unique,1,1,1,WFO_offline_hierarchical,2026-06-24,499
Lonchocarpus salvadorensis,lonchocarpus salvadorensis,lonchocarpus salvadorensis,Lonchocarpus salvadorensis,wfo-0000165958,wfo-0000165958,Fabaceae,Lonchocarpus,species,accepted,accepted,exact_accepted,exact_accepted_unique,1,1,1,WFO_offline_hierarchical,2026-06-24,500
Tephrosia fulvinervis,tephrosia fulvinervis,tephrosia fulvinervis,Tephrosia fulvinervis,wfo-0000202384,wfo-0000202384,Fabaceae,Tephrosia,species,accepted,accepted,exact_accepted,exact_accepted_unique,1,1,1,WFO_offline_hierarchical,2026-06-24,501
Derris trifoliata,derris trifoliata,derris trifoliata,Derris trifoliata,wfo-0000198908,wfo-0000198908,Fabaceae,Derris,species,accepted,accepted,exact_accepted,exact_accepted_unique,1,1,1,WFO_offline_hierarchical,2026-06-24,502
Tephrosia candida,tephrosia candida,tephrosia candida,Tephrosia candida,wfo-0000201856,wfo-0000201856,Fabaceae,Tephrosia,species,accepted,accepted,exact_accepted,exact_accepted_unique,1,1,1,WFO_offline_hierarchical,2026-06-24,503
Tephrosia sinapou,tephrosia sinapou,tephrosia sinapou,Tephrosia sinapou,wfo-0000204324,wfo-0000204324,Fabaceae,Tephrosia,species,accepted,accepted,exact_accepted,exact_accepted_unique,1,1,1,WFO_offline_hierarchical,2026-06-24,504
Iris tenuifolia,iris tenuifolia,iris tenuifolia,Iris tenuifolia,wfo-0000783952,wfo-0000783952,Iridaceae,Iris,species,accepted,accepted,exact_accepted,exact_accepted_unique,1,1,1,WFO_offline_hierarchical,2026-06-24,505
Beta vulgaris,beta vulgaris,beta vulgaris,Beta vulgaris,wfo-0000564998,wfo-0000564998,Amaranthaceae,Beta,species,accepted,accepted,exact_accepted,exact_accepted_unique,1,1,1,WFO_offline_hierarchical,2026-06-24,506
Beta corolliflora,beta corolliflora,beta corolliflora,Beta corolliflora,wfo-0000564939,wfo-0000564939,Amaranthaceae,Beta,species,accepted,accepted,exact_accepted,exact_accepted_unique,1,1,1,WFO_offline_hierarchical,2026-06-24,507
Beta lomatogona,beta lomatogona,beta lomatogona,Beta lomatogona,wfo-0000564952,wfo-0000564952,Amaranthaceae,Beta,species,accepted,accepted,exact_accepted,exact_accepted_unique,1,1,1,WFO_offline_hierarchical,2026-06-24,508
Beta procumbens,beta procumbens,beta procumbens,Patellifolia procumbens,wfo-0000395224,wfo-0000395224,Amaranthaceae,Patellifolia,species,synonym,synonym,exact_synonym,exact_synonym_unique,2,1,1,WFO_offline_hierarchical,2026-06-24,509
Beta trigyna,beta trigyna,beta trigyna,Beta trigyna,wfo-0000564990,wfo-0000564990,Amaranthaceae,Beta,species,accepted,accepted,exact_accepted,exact_accepted_unique,1,1,1,WFO_offline_hierarchical,2026-06-24,510
Rhododendron luteum,rhododendron luteum,rhododendron luteum,Rhododendron luteum,wfo-0000399990,wfo-0000399990,Ericaceae,Rhododendron,species,accepted,accepted,exact_accepted,exact_accepted_unique,1,1,1,WFO_offline_hierarchical,2026-06-24,511
Rosa canina,rosa canina,rosa canina,Rosa canina,wfo-0001005999,wfo-0001005999,Rosaceae,Rosa,species,accepted,accepted,exact_accepted,exact_accepted_unique,1,1,1,WFO_offline_hierarchical,2026-06-24,512
Dittrichia graveolens,dittrichia graveolens,dittrichia graveolens,Dittrichia graveolens,wfo-0000003319,wfo-0000003319,Asteraceae,Dittrichia,species,accepted,accepted,exact_accepted,exact_accepted_unique,1,1,1,WFO_offline_hierarchical,2026-06-24,513
Dittrichia viscosa,dittrichia viscosa,dittrichia viscosa,Dittrichia viscosa,wfo-0000059214,wfo-0000059214,Asteraceae,Dittrichia,species,accepted,accepted,exact_accepted,exact_accepted_unique,1,1,1,WFO_offline_hierarchical,2026-06-24,514
Dittrichia,dittrichia,dittrichia,Dittrichia,wfo-4000012294,wfo-4000012294,Asteraceae,Dittrichia,genus,accepted,accepted,exact_accepted,exact_accepted_unique,1,1,1,WFO_offline_hierarchical,2026-06-24,515
Aframomum pruinosum,aframomum pruinosum,aframomum pruinosum,Aframomum letestuanum,wfo-0000338079,wfo-0000338079,Zingiberaceae,Aframomum,species,synonym,synonym,exact_synonym,exact_synonym_unique,1,1,1,WFO_offline_hierarchical,2026-06-24,516
Baccharis dracunculifolia,baccharis dracunculifolia,baccharis dracunculifolia,Baccharis dracunculifolia,wfo-0000127667,wfo-0000127667,Asteraceae,Baccharis,species,accepted,accepted,exact_accepted,exact_accepted_unique,1,1,1,WFO_offline_hierarchical,2026-06-24,517
Bupleurum chinense,bupleurum chinense,bupleurum chinense,Bupleurum chinense,wfo-0000575152,wfo-0000575152,Apiaceae,Bupleurum,species,accepted,accepted,exact_accepted,exact_accepted_unique,1,1,1,WFO_offline_hierarchical,2026-06-24,518
Pueraria calycina,pueraria calycina,pueraria calycina,Pueraria calycina,wfo-0000197989,wfo-0000197989,Fabaceae,Pueraria,species,accepted,accepted,exact_accepted,exact_accepted_unique,1,1,1,WFO_offline_hierarchical,2026-06-24,519
Pueraria candollei,pueraria candollei,pueraria candollei,Pueraria candollei,wfo-0000193845,wfo-0000193845,Fabaceae,Pueraria,species,accepted,accepted,exact_accepted,exact_accepted_unique,1,1,1,WFO_offline_hierarchical,2026-06-24,520
Pueraria edulis,pueraria edulis,pueraria edulis,Pueraria edulis,wfo-0000197991,wfo-0000197991,Fabaceae,Pueraria,species,accepted,accepted,exact_accepted,exact_accepted_unique,1,1,1,WFO_offline_hierarchical,2026-06-24,521
Pueraria peduncularis ex,pueraria peduncularis ex,pueraria peduncularis,Toxicopueraria peduncularis,wfo-0001342972,wfo-0001342972,Fabaceae,Toxicopueraria,species,synonym,synonym,canonical,canonical_unique,1,1,1,WFO_offline_hierarchical,2026-06-24,522
Pueraria phaseoloides,pueraria phaseoloides,pueraria phaseoloides,Neustanthus phaseoloides,wfo-0000183176,wfo-0000183176,Fabaceae,Neustanthus,species,synonym,synonym,exact_synonym,exact_synonym_unique,1,1,1,WFO_offline_hierarchical,2026-06-24,523
Sorbus cuspidata,sorbus cuspidata,sorbus cuspidata,Griffitharia vestita,wfo-1000004221,wfo-1000004221,Rosaceae,Griffitharia,species,synonym,synonym,exact_synonym,exact_synonym_unique,1,1,1,WFO_offline_hierarchical,2026-06-24,524
Pueraria tuberosa,pueraria tuberosa,pueraria tuberosa,Pueraria tuberosa,wfo-0000185100,wfo-0000185100,Fabaceae,Pueraria,species,accepted,accepted,exact_accepted,exact_accepted_unique,1,1,1,WFO_offline_hierarchical,2026-06-24,525
Ziziphus jujuba,ziziphus jujuba,ziziphus jujuba,Ziziphus jujuba,wfo-0000430303,wfo-0000430303,Rhamnaceae,Ziziphus,species,accepted,accepted,exact_accepted,exact_accepted_unique,1,1,1,WFO_offline_hierarchical,2026-06-24,526
Cephalotaxus harringtonii,cephalotaxus harringtonii,cephalotaxus harringtonii,Cephalotaxus harringtonii,wfo-0000594960,wfo-0000594960,Cephalotaxaceae,Cephalotaxus,species,accepted,accepted,exact_accepted,exact_accepted_unique,1,1,1,WFO_offline_hierarchical,2026-06-24,527
Clematis hexapetala,clematis hexapetala,clematis hexapetala,Clematis hexapetala,wfo-0000610047,wfo-0000610047,Ranunculaceae,Clematis,species,accepted,accepted,exact_accepted,exact_accepted_unique,1,1,1,WFO_offline_hierarchical,2026-06-24,528
Boronia coerulescens,boronia coerulescens,boronia coerulescens,Cyanothamnus coerulescens,wfo-1000021909,wfo-1000021909,Rutaceae,Cyanothamnus,species,synonym,synonym,exact_synonym,exact_synonym_unique,1,1,1,WFO_offline_hierarchical,2026-06-24,529
Glycosmis chlorosperma,glycosmis chlorosperma,glycosmis chlorosperma,Glycosmis chlorosperma,wfo-0000704476,wfo-0000704476,Rutaceae,Glycosmis,species,accepted,accepted,exact_accepted,exact_accepted_unique,1,1,1,WFO_offline_hierarchical,2026-06-24,530
Myrica gale,myrica gale,myrica gale,Myrica gale,wfo-0000447393,wfo-0000447393,Myricaceae,Myrica,species,accepted,accepted,exact_accepted,exact_accepted_unique,1,1,1,WFO_offline_hierarchical,2026-06-24,531
Syzygium samarangense,syzygium samarangense,syzygium samarangense,Syzygium samarangense,wfo-0000319382,wfo-0000319382,Myrtaceae,Syzygium,species,accepted,accepted,exact_accepted,exact_accepted_unique,1,1,1,WFO_offline_hierarchical,2026-06-24,532
Dalea versicolor,dalea versicolor,dalea versicolor,Dalea versicolor,wfo-0000170205,wfo-0000170205,Fabaceae,Dalea,species,accepted,accepted,exact_accepted,exact_accepted_unique,1,1,1,WFO_offline_hierarchical,2026-06-24,533
Psorothamnus polydenius,psorothamnus polydenius,psorothamnus polydenius,Psorothamnus polydenius,wfo-0000169528,wfo-0000169528,Fabaceae,Psorothamnus,species,accepted,accepted,exact_accepted,exact_accepted_unique,1,1,1,WFO_offline_hierarchical,2026-06-24,534
Morella cerifera,morella cerifera,morella cerifera,Myrica cerifera,wfo-0000447382,wfo-0000447382,Myricaceae,Myrica,species,synonym,synonym,exact_synonym,exact_synonym_unique,1,1,1,WFO_offline_hierarchical,2026-06-24,535
Myrica cerifera,myrica cerifera,myrica cerifera,Myrica cerifera,wfo-0000447382,wfo-0000447382,Myricaceae,Myrica,species,accepted,accepted,exact_accepted,exact_accepted_unique,1,1,1,WFO_offline_hierarchical,2026-06-24,536
Wikstroemia sikokiana,wikstroemia sikokiana,wikstroemia sikokiana,Wikstroemia sikokiana,wfo-0001283388,wfo-0001283388,Thymelaeaceae,Wikstroemia,species,accepted,accepted,exact_accepted,exact_accepted_unique,1,1,1,WFO_offline_hierarchical,2026-06-24,537
Stellera chamaejasme,stellera chamaejasme,stellera chamaejasme,Stellera chamaejasme,wfo-0001142517,wfo-0001142517,Thymelaeaceae,Stellera,species,accepted,accepted,exact_accepted,exact_accepted_unique,1,1,1,WFO_offline_hierarchical,2026-06-24,538
Heliotropium sarmentosum,heliotropium sarmentosum,heliotropium sarmentosum,Heliotropium sarmentosum,wfo-0000718904,wfo-0000718904,Heliotropiaceae,Heliotropium,species,accepted,accepted,exact_accepted,exact_accepted_unique,1,1,1,WFO_offline_hierarchical,2026-06-24,539
Scutellaria indica,scutellaria indica,scutellaria indica,Scutellaria indica,wfo-0000307936,wfo-0000307936,Lamiaceae,Scutellaria,species,accepted,accepted,exact_accepted,exact_accepted_unique,1,1,1,WFO_offline_hierarchical,2026-06-24,540
Acacia neovernicosa,acacia neovernicosa,acacia neovernicosa,Vachellia vernicosa,wfo-0001277463,wfo-0001277463,Fabaceae,Vachellia,species,synonym,synonym,exact_synonym,exact_synonym_unique,1,1,1,WFO_offline_hierarchical,2026-06-24,541
Vachellia vernicosa,vachellia vernicosa,vachellia vernicosa,Vachellia vernicosa,wfo-0001277463,wfo-0001277463,Fabaceae,Vachellia,species,accepted,accepted,exact_accepted,exact_accepted_unique,1,1,1,WFO_offline_hierarchical,2026-06-24,542
Acalypha hispida,acalypha hispida,acalypha hispida,Acalypha hispida,wfo-0000950668,wfo-0000950668,Euphorbiaceae,Acalypha,species,accepted,accepted,exact_accepted,exact_accepted_unique,1,1,1,WFO_offline_hierarchical,2026-06-24,543
Eriobotrya japonica,eriobotrya japonica,eriobotrya japonica,Eriobotrya japonica,wfo-0000986002,wfo-0000986002,Rosaceae,Eriobotrya,species,accepted,accepted,exact_accepted,exact_accepted_unique,1,1,1,WFO_offline_hierarchical,2026-06-24,544
Cryptocarya chartacea,cryptocarya chartacea,cryptocarya chartacea,Cryptocarya chartacea,wfo-0000627834,wfo-0000627834,Lauraceae,Cryptocarya,species,accepted,accepted,exact_accepted,exact_accepted_unique,1,1,1,WFO_offline_hierarchical,2026-06-24,545
Artocarpus tonkinensis,artocarpus tonkinensis,artocarpus tonkinensis,Artocarpus tonkinensis,wfo-0000550620,wfo-0000550620,Moraceae,Artocarpus,species,accepted,accepted,exact_accepted,exact_accepted_unique,1,1,1,WFO_offline_hierarchical,2026-06-24,546
Medicago truncatula,medicago truncatula,medicago truncatula,Medicago truncatula,wfo-0000213477,wfo-0000213477,Fabaceae,Medicago,species,accepted,accepted,exact_accepted,exact_accepted_unique,1,1,1,WFO_offline_hierarchical,2026-06-24,547
Garcinia madruno,garcinia madruno,garcinia madruno,Garcinia madruno,wfo-0000694442,wfo-0000694442,Clusiaceae,Garcinia,species,accepted,accepted,exact_accepted,exact_accepted_unique,1,1,1,WFO_offline_hierarchical,2026-06-24,548
Garcinia portoricensis,garcinia portoricensis,garcinia portoricensis,Garcinia portoricensis,wfo-0000694585,wfo-0000694585,Clusiaceae,Garcinia,species,accepted,accepted,exact_accepted,exact_accepted_unique,1,1,1,WFO_offline_hierarchical,2026-06-24,549
Dorstenia barteri,dorstenia barteri,dorstenia barteri,Dorstenia barteri,wfo-0000654289,wfo-0000654289,Moraceae,Dorstenia,species,accepted,accepted,exact_accepted,exact_accepted_unique,1,1,1,WFO_offline_hierarchical,2026-06-24,550
Rosa rugosa,rosa rugosa,rosa rugosa,Rosa rugosa,wfo-0001017421,wfo-0001017421,Rosaceae,Rosa,species,accepted,accepted,exact_accepted,exact_accepted_unique,1,1,1,WFO_offline_hierarchical,2026-06-24,551
Erythrina vogelii,erythrina vogelii,erythrina vogelii,Erythrina vogelii,wfo-0000181225,wfo-0000181225,Fabaceae,Erythrina,species,accepted,accepted,exact_accepted,exact_accepted_unique,1,1,1,WFO_offline_hierarchical,2026-06-24,552
Tephrosia emeroides,tephrosia emeroides,tephrosia emeroides,Tephrosia emeroides,wfo-0000202273,wfo-0000202273,Fabaceae,Tephrosia,species,accepted,accepted,exact_accepted,exact_accepted_unique,1,1,1,WFO_offline_hierarchical,2026-06-24,553
Iris spuria,iris spuria,iris spuria,Iris spuria,wfo-0000783889,wfo-0000783889,Iridaceae,Iris,species,accepted,accepted,exact_accepted,exact_accepted_unique,1,1,1,WFO_offline_hierarchical,2026-06-24,554
Alpinia japonica,alpinia japonica,alpinia japonica,Alpinia japonica,wfo-0000338545,wfo-0000338545,Zingiberaceae,Alpinia,species,accepted,accepted,exact_accepted,exact_accepted_unique,1,1,1,WFO_offline_hierarchical,2026-06-24,555
Caesalpinia decapetala,caesalpinia decapetala,caesalpinia decapetala,Biancaea decapetala,wfo-0001056568,wfo-0001056568,Fabaceae,Biancaea,species,synonym,synonym,exact_synonym,exact_synonym_unique,1,1,1,WFO_offline_hierarchical,2026-06-24,556
Caesalpinia sappan,caesalpinia sappan,caesalpinia sappan,Biancaea sappan,wfo-0000192766,wfo-0000192766,Fabaceae,Biancaea,species,synonym,synonym,exact_synonym,exact_synonym_unique,1,1,1,WFO_offline_hierarchical,2026-06-24,557
Portulaca oleracea,portulaca oleracea,portulaca oleracea,Portulaca oleracea,wfo-0000484425,wfo-0000484425,Portulacaceae,Portulaca,species,accepted,accepted,exact_accepted,exact_accepted_unique,1,1,1,WFO_offline_hierarchical,2026-06-24,558
Mentha longifolia,mentha longifolia,mentha longifolia,Mentha longifolia,wfo-0001069664,wfo-0001069664,Lamiaceae,Mentha,species,accepted,accepted,exact_accepted,exact_accepted_unique,1,1,1,WFO_offline_hierarchical,2026-06-24,559
Mentha spicata,mentha spicata,mentha spicata,Mentha spicata,wfo-0000241390,wfo-0000241390,Lamiaceae,Mentha,species,accepted,accepted,exact_accepted,exact_accepted_unique,1,1,1,WFO_offline_hierarchical,2026-06-24,560
Zanthoxylum avicennae,zanthoxylum avicennae,zanthoxylum avicennae,Zanthoxylum avicennae,wfo-0001228466,wfo-0001228466,Rutaceae,Zanthoxylum,species,accepted,accepted,exact_accepted,exact_accepted_unique,1,1,1,WFO_offline_hierarchical,2026-06-24,561
Zanthoxylum leprieurii,zanthoxylum leprieurii,zanthoxylum leprieurii,Zanthoxylum leprieurii,wfo-0000429563,wfo-0000429563,Rutaceae,Zanthoxylum,species,accepted,accepted,exact_accepted,exact_accepted_unique,1,1,1,WFO_offline_hierarchical,2026-06-24,562
Rosmarinus officinalis,rosmarinus officinalis,rosmarinus officinalis,Salvia rosmarinus,wfo-0000302167,wfo-0000302167,Lamiaceae,Salvia,species,synonym,synonym,exact_synonym,exact_synonym_unique,1,1,1,WFO_offline_hierarchical,2026-06-24,563
Philotheca rhomboidea,philotheca rhomboidea,philotheca rhomboidea,Philotheca rhomboidea,wfo-0001263476,wfo-0001263476,Rutaceae,Philotheca,species,accepted,accepted,exact_accepted,exact_accepted_unique,1,1,1,WFO_offline_hierarchical,2026-06-24,564
Zanthoxylum gilletii,zanthoxylum gilletii,zanthoxylum gilletii,Zanthoxylum gilletii,wfo-0000429498,wfo-0000429498,Rutaceae,Zanthoxylum,species,accepted,accepted,exact_accepted,exact_accepted_unique,1,1,1,WFO_offline_hierarchical,2026-06-24,565
Calicotome villosa,calicotome villosa,calicotome villosa,Calicotome villosa,wfo-0000213265,wfo-0000213265,Fabaceae,Calicotome,species,accepted,accepted,exact_accepted,exact_accepted_unique,1,1,1,WFO_offline_hierarchical,2026-06-24,566
Citrus taitensis,citrus taitensis,citrus taitensis,NA,NA,NA,NA,NA,NA,NA,unresolved,unresolved,no_match,0,0,0,NA,2026-06-24,567
Citrus limonia,citrus limonia,citrus limonia,Citrus limon,wfo-0001133139,wfo-0001133139,Rutaceae,Citrus,species,synonym,synonym,exact_synonym,exact_synonym_unique,1,1,1,WFO_offline_hierarchical,2026-06-24,568
Citrus sinensis,citrus sinensis,citrus sinensis,Citrus × aurantium nothof. aurantium,wfo-1200112333,wfo-1200112333,Rutaceae,Citrus,form,synonym,synonym,exact_synonym,exact_synonym_unique,1,1,1,WFO_offline_hierarchical,2026-06-24,569
Cyclopia falcata,cyclopia falcata,cyclopia falcata,Cyclopia falcata,wfo-0000197696,wfo-0000197696,Fabaceae,Cyclopia,species,accepted,accepted,exact_accepted,exact_accepted_unique,1,1,1,WFO_offline_hierarchical,2026-06-24,570
Polygonatum odoratum,polygonatum odoratum,polygonatum odoratum,Polygonatum odoratum,wfo-0000716063,wfo-0000716063,Asparagaceae,Polygonatum,species,accepted,accepted,exact_accepted,exact_accepted_unique,1,1,1,WFO_offline_hierarchical,2026-06-24,571
Verbascum phlomoides,verbascum phlomoides,verbascum phlomoides,Verbascum phlomoides,wfo-0000419193,wfo-0000419193,Scrophulariaceae,Verbascum,species,accepted,accepted,exact_accepted,exact_accepted_unique,1,1,1,WFO_offline_hierarchical,2026-06-24,572
Zanthoxylum zanthoxyloides,zanthoxylum zanthoxyloides,zanthoxylum zanthoxyloides,Zanthoxylum zanthoxyloides,wfo-0000429422,wfo-0000429422,Rutaceae,Zanthoxylum,species,accepted,accepted,exact_accepted,exact_accepted_unique,1,1,1,WFO_offline_hierarchical,2026-06-24,573
Perovskia abrotanoides,perovskia abrotanoides,perovskia abrotanoides,Salvia abrotanoides,wfo-0001428614,wfo-0001428614,Lamiaceae,Salvia,species,synonym,synonym,exact_synonym,exact_synonym_unique,1,1,1,WFO_offline_hierarchical,2026-06-24,574
Flindersia collina,flindersia collina,flindersia collina,Flindersia collina,wfo-0000691379,wfo-0000691379,Rutaceae,Flindersia,species,accepted,accepted,exact_accepted,exact_accepted_unique,1,1,1,WFO_offline_hierarchical,2026-06-24,575
Flindersia xanthoxyla,flindersia xanthoxyla,flindersia xanthoxyla,Flindersia xanthoxyla,wfo-0000691410,wfo-0000691410,Rutaceae,Flindersia,species,accepted,accepted,exact_accepted,exact_accepted_unique,1,1,1,WFO_offline_hierarchical,2026-06-24,576
Flindersia acuminata,flindersia acuminata,flindersia acuminata,Flindersia acuminata,wfo-0000691368,wfo-0000691368,Rutaceae,Flindersia,species,accepted,accepted,exact_accepted,exact_accepted_unique,1,1,1,WFO_offline_hierarchical,2026-06-24,577
Flindersia laevicarpa,flindersia laevicarpa,flindersia laevicarpa,Flindersia laevicarpa,wfo-0000691387,wfo-0000691387,Rutaceae,Flindersia,species,accepted,accepted,exact_accepted,exact_accepted_unique,1,1,1,WFO_offline_hierarchical,2026-06-24,578
Mentha piperita,mentha piperita,mentha piperita,NA,NA,NA,NA,NA,NA,NA,unresolved,unresolved,no_match,0,0,0,NA,2026-06-24,579
Nepeta tenuifolia,nepeta tenuifolia,nepeta tenuifolia,Nepeta tenuifolia,wfo-0000251404,wfo-0000251404,Lamiaceae,Nepeta,species,accepted,accepted,exact_accepted,exact_accepted_unique,1,1,1,WFO_offline_hierarchical,2026-06-24,580
Zanthoxylum fauriei,zanthoxylum fauriei,zanthoxylum fauriei,Zanthoxylum fauriei,wfo-0000429504,wfo-0000429504,Rutaceae,Zanthoxylum,species,accepted,accepted,exact_accepted,exact_accepted_unique,1,1,1,WFO_offline_hierarchical,2026-06-24,581
Thymus vulgaris,thymus vulgaris,thymus vulgaris,Thymus vulgaris,wfo-0000324951,wfo-0000324951,Lamiaceae,Thymus,species,accepted,accepted,exact_accepted,exact_accepted_unique,1,1,1,WFO_offline_hierarchical,2026-06-24,582
Perovskia atriplicifolia,perovskia atriplicifolia,perovskia atriplicifolia,Salvia yangii,wfo-0001427364,wfo-0001427364,Lamiaceae,Salvia,species,synonym,synonym,exact_synonym,exact_synonym_unique,1,1,1,WFO_offline_hierarchical,2026-06-24,583
Zanthoxylum dipetalum,zanthoxylum dipetalum,zanthoxylum dipetalum,Zanthoxylum dipetalum,wfo-0001132902,wfo-0001132902,Rutaceae,Zanthoxylum,species,accepted,accepted,exact_accepted,exact_accepted_unique,1,1,1,WFO_offline_hierarchical,2026-06-24,584
Zanthoxylum rigidum,zanthoxylum rigidum,zanthoxylum rigidum,Zanthoxylum rigidum,wfo-0001133118,wfo-0001133118,Rutaceae,Zanthoxylum,species,accepted,accepted,exact_accepted,exact_accepted_unique,1,1,1,WFO_offline_hierarchical,2026-06-24,585
Coutarea hexandra,coutarea hexandra,coutarea hexandra,Coutarea hexandra,wfo-0000926501,wfo-0000926501,Rubiaceae,Coutarea,species,accepted,accepted,exact_accepted,exact_accepted_unique,1,1,1,WFO_offline_hierarchical,2026-06-24,586
Baeckea frutescens,baeckea frutescens,baeckea frutescens,Baeckea frutescens,wfo-0000310830,wfo-0000310830,Myrtaceae,Baeckea,species,accepted,accepted,exact_accepted,exact_accepted_unique,1,1,1,WFO_offline_hierarchical,2026-06-24,587
Adina cordifolia,adina cordifolia,adina cordifolia,Adina cordifolia,wfo-0001132041,wfo-0001132041,Rubiaceae,Adina,species,accepted,accepted,exact_accepted,exact_accepted_unique,1,1,1,WFO_offline_hierarchical,2026-06-24,588
Calamus draco,calamus draco,calamus draco,Calamus draco,wfo-0000755403,wfo-0000755403,Arecaceae,Calamus,species,accepted,accepted,exact_accepted,exact_accepted_unique,1,1,1,WFO_offline_hierarchical,2026-06-24,589
Daphne genkwa,daphne genkwa,daphne genkwa,Daphne genkwa,wfo-0000637613,wfo-0000637613,Thymelaeaceae,Daphne,species,accepted,accepted,exact_accepted,exact_accepted_unique,1,1,1,WFO_offline_hierarchical,2026-06-24,590
Daphne feddei,daphne feddei,daphne feddei,Daphne feddei,wfo-0000637596,wfo-0000637596,Thymelaeaceae,Daphne,species,accepted,accepted,exact_accepted,exact_accepted_unique,1,1,1,WFO_offline_hierarchical,2026-06-24,591
Toona sinensis,toona sinensis,toona sinensis,Toona sinensis,wfo-0000455502,wfo-0000455502,Meliaceae,Toona,species,accepted,accepted,exact_accepted,exact_accepted_unique,1,1,1,WFO_offline_hierarchical,2026-06-24,592
Ceratiola ericoides,ceratiola ericoides,ceratiola ericoides,Ceratiola ericoides,wfo-0000596330,wfo-0000596330,Ericaceae,Ceratiola,species,accepted,accepted,exact_accepted,exact_accepted_unique,1,1,1,WFO_offline_hierarchical,2026-06-24,593
Uvaria afzelii,uvaria afzelii,uvaria afzelii,Uvaria afzelii,wfo-0001066514,wfo-0001066514,Annonaceae,Uvaria,species,accepted,accepted,exact_accepted,exact_accepted_unique,1,1,1,WFO_offline_hierarchical,2026-06-24,594
Desmos cochinchinensis,desmos cochinchinensis,desmos cochinchinensis,Desmos cochinchinensis,wfo-0000642354,wfo-0000642354,Annonaceae,Desmos,species,accepted,accepted,exact_accepted,exact_accepted_unique,1,1,1,WFO_offline_hierarchical,2026-06-24,595
Parathelypteris japonica,parathelypteris japonica,parathelypteris japonica,Coryphopteris japonica,wfo-0001335486,wfo-0001335486,Thelypteridaceae,Coryphopteris,species,synonym,synonym,exact_synonym,exact_synonym_unique,1,1,1,WFO_offline_hierarchical,2026-06-24,596
Desmos chinensis,desmos chinensis,desmos chinensis,Desmos chinensis,wfo-0000642348,wfo-0000642348,Annonaceae,Desmos,species,accepted,accepted,exact_accepted,exact_accepted_unique,1,1,1,WFO_offline_hierarchical,2026-06-24,597
Anastatica hierochuntica,anastatica hierochuntica,anastatica hierochuntica,Anastatica hierochuntica,wfo-0000533427,wfo-0000533427,Brassicaceae,Anastatica,species,accepted,accepted,exact_accepted,exact_accepted_unique,1,1,1,WFO_offline_hierarchical,2026-06-24,598
Sophora tetraptera,sophora tetraptera,sophora tetraptera,Sophora tetraptera,wfo-0001055068,wfo-0001055068,Fabaceae,Sophora,species,accepted,accepted,exact_accepted,exact_accepted_unique,1,1,1,WFO_offline_hierarchical,2026-06-24,599
Albizia adianthifolia,albizia adianthifolia,albizia adianthifolia,Albizia adianthifolia,wfo-0000179990,wfo-0000179990,Fabaceae,Albizia,species,accepted,accepted,exact_accepted,exact_accepted_unique,1,1,1,WFO_offline_hierarchical,2026-06-24,600
Pronephrium penangianum,pronephrium penangianum,pronephrium penangianum,Menisciopsis penangiana,wfo-1000027860,wfo-1000027860,Thelypteridaceae,Menisciopsis,species,synonym,synonym,exact_synonym,exact_synonym_unique,2,1,1,WFO_offline_hierarchical,2026-06-24,601
Artocarpus gomezianus,artocarpus gomezianus,artocarpus gomezianus,Artocarpus gomezianus,wfo-0000550486,wfo-0000550486,Moraceae,Artocarpus,species,accepted,accepted,exact_accepted,exact_accepted_unique,1,1,1,WFO_offline_hierarchical,2026-06-24,602
Begonia,begonia,begonia,Begonia,wfo-4000004308,wfo-4000004308,Begoniaceae,Begonia,genus,accepted,accepted,exact_accepted,exact_accepted_unique,1,1,1,WFO_offline_hierarchical,2026-06-24,603
Baccharis salicifolia,baccharis salicifolia,baccharis salicifolia,Baccharis salicifolia,wfo-0000121758,wfo-0000121758,Asteraceae,Baccharis,species,accepted,accepted,exact_accepted,exact_accepted_unique,1,1,1,WFO_offline_hierarchical,2026-06-24,604
Chrysothamnus viscidiflorus,chrysothamnus viscidiflorus,chrysothamnus viscidiflorus,Chrysothamnus viscidiflorus,wfo-0000062835,wfo-0000062835,Asteraceae,Chrysothamnus,species,accepted,accepted,exact_accepted,exact_accepted_unique,1,1,1,WFO_offline_hierarchical,2026-06-24,605
Gamochaeta malvinensis,gamochaeta malvinensis,gamochaeta malvinensis,Gamochaeta affinis,wfo-0000122402,wfo-0000122402,Asteraceae,Gamochaeta,species,synonym,synonym,exact_synonym,exact_synonym_unique,1,1,1,WFO_offline_hierarchical,2026-06-24,606
Cinnamomum camphora,cinnamomum camphora,cinnamomum camphora,Cinnamomum camphora,wfo-0000604955,wfo-0000604955,Lauraceae,Cinnamomum,species,accepted,accepted,exact_accepted,exact_accepted_unique,1,1,1,WFO_offline_hierarchical,2026-06-24,607
Potentilla anserina,potentilla anserina,potentilla anserina,Argentina anserina,wfo-0001009478,wfo-0001009478,Rosaceae,Argentina,species,synonym,synonym,exact_synonym,exact_synonym_unique,1,1,1,WFO_offline_hierarchical,2026-06-24,608
Uvaria dulcis,uvaria dulcis,uvaria dulcis,Uvaria dulcis,wfo-0001066093,wfo-0001066093,Annonaceae,Uvaria,species,accepted,accepted,exact_accepted,exact_accepted_unique,1,1,1,WFO_offline_hierarchical,2026-06-24,609
Eysenhardtia polystachya,eysenhardtia polystachya,eysenhardtia polystachya,Eysenhardtia polystachya,wfo-0000165921,wfo-0000165921,Fabaceae,Eysenhardtia,species,accepted,accepted,exact_accepted,exact_accepted_unique,1,1,1,WFO_offline_hierarchical,2026-06-24,610
Boerhavia diffusa,boerhavia diffusa,boerhavia diffusa,Boerhavia diffusa,wfo-0000567916,wfo-0000567916,Nyctaginaceae,Boerhavia,species,accepted,accepted,exact_accepted,exact_accepted_unique,1,1,1,WFO_offline_hierarchical,2026-06-24,611
Citrus reticulata,citrus reticulata,citrus reticulata,Citrus reticulata,wfo-0000608241,wfo-0000608241,Rutaceae,Citrus,species,accepted,accepted,exact_accepted,exact_accepted_unique,1,1,1,WFO_offline_hierarchical,2026-06-24,612
Citrus nobilis,citrus nobilis,citrus nobilis,Citrus × aurantium nothof. aurantium,wfo-1200112333,wfo-1200112333,Rutaceae,Citrus,form,synonym,synonym,exact_synonym,exact_synonym_unique,1,1,1,WFO_offline_hierarchical,2026-06-24,613
Citrus limon,citrus limon,citrus limon,Citrus limon,wfo-0001133139,wfo-0001133139,Rutaceae,Citrus,species,accepted,accepted,exact_accepted,exact_accepted_unique,1,1,1,WFO_offline_hierarchical,2026-06-24,614
Lonchocarpus minimiflorus,lonchocarpus minimiflorus,lonchocarpus minimiflorus,Lonchocarpus minimiflorus,wfo-0000165939,wfo-0000165939,Fabaceae,Lonchocarpus,species,accepted,accepted,exact_accepted,exact_accepted_unique,1,1,1,WFO_offline_hierarchical,2026-06-24,615
Limonia acidissima,limonia acidissima,limonia acidissima,Limonia acidissima,wfo-1000080432,wfo-1000080432,Rutaceae,Limonia,species,accepted,accepted,exact_accepted,exact_accepted_unique,1,1,1,WFO_offline_hierarchical,2026-06-24,616
Macaranga conifera,macaranga conifera,macaranga conifera,Macaranga conifera,wfo-0000231884,wfo-0000231884,Euphorbiaceae,Macaranga,species,accepted,accepted,exact_accepted,exact_accepted_unique,1,1,1,WFO_offline_hierarchical,2026-06-24,617
Monotes africanus,monotes africanus,monotes africanus,Monotes africanus,wfo-0000377166,wfo-0000377166,Dipterocarpaceae,Monotes,species,accepted,accepted,exact_accepted,exact_accepted_unique,1,1,1,WFO_offline_hierarchical,2026-06-24,618
Derris laxiflora,derris laxiflora,derris laxiflora,Derris laxiflora,wfo-0000197433,wfo-0000197433,Fabaceae,Derris,species,accepted,accepted,exact_accepted,exact_accepted_unique,1,1,1,WFO_offline_hierarchical,2026-06-24,619
Citrus natsudaidai,citrus natsudaidai,citrus natsudaidai,Citrus × aurantium nothof. aurantium,wfo-1200112333,wfo-1200112333,Rutaceae,Citrus,form,synonym,synonym,exact_synonym,exact_synonym_unique,1,1,1,WFO_offline_hierarchical,2026-06-24,620
Erythrina fusca,erythrina fusca,erythrina fusca,Erythrina fusca,wfo-0000180759,wfo-0000180759,Fabaceae,Erythrina,species,accepted,accepted,exact_accepted,exact_accepted_unique,1,1,1,WFO_offline_hierarchical,2026-06-24,621
Tephrosia rosea,tephrosia rosea,tephrosia rosea,Tephrosia rosea,wfo-0000185869,wfo-0000185869,Fabaceae,Tephrosia,species,accepted,accepted,exact_accepted,exact_accepted_unique,1,1,1,WFO_offline_hierarchical,2026-06-24,622
Papaver somniferum,papaver somniferum,papaver somniferum,Papaver somniferum,wfo-0000480963,wfo-0000480963,Papaveraceae,Papaver,species,accepted,accepted,exact_accepted,exact_accepted_unique,1,1,1,WFO_offline_hierarchical,2026-06-24,623
Glycosmis pentaphylla,glycosmis pentaphylla,glycosmis pentaphylla,Glycosmis pentaphylla,wfo-0000704558,wfo-0000704558,Rutaceae,Glycosmis,species,accepted,accepted,exact_accepted,exact_accepted_unique,1,1,1,WFO_offline_hierarchical,2026-06-24,624
Maclura tinctoria ex,maclura tinctoria ex,maclura tinctoria,Maclura tinctoria,wfo-0000447821,wfo-0000447821,Moraceae,Maclura,species,accepted,accepted,canonical,canonical_unique,1,1,1,WFO_offline_hierarchical,2026-06-24,625
Maclura tinctoria,maclura tinctoria,maclura tinctoria,Maclura tinctoria,wfo-0000447821,wfo-0000447821,Moraceae,Maclura,species,accepted,accepted,exact_accepted,exact_accepted_unique,1,1,1,WFO_offline_hierarchical,2026-06-24,626
Murraya exotica,murraya exotica,murraya exotica,NA,NA,NA,NA,NA,NA,NA,unresolved,exact_conflict,exact_synonym_conflict,2,2,2,NA,2026-06-24,627
Murraya paniculata,murraya paniculata,murraya paniculata,Murraya paniculata,wfo-0000453279,wfo-0000453279;wfo-0001253685,Rutaceae,Murraya,species,accepted,accepted,exact_accepted,exact_accepted_consensus_multiple_ids,2,2,1,WFO_offline_hierarchical,2026-06-24,628
Pronephrium triphyllum,pronephrium triphyllum,pronephrium triphyllum,Grypothrix triphylla,wfo-1000027251,wfo-1000027251,Thelypteridaceae,Grypothrix,species,synonym,synonym,exact_synonym,exact_synonym_unique,2,1,1,WFO_offline_hierarchical,2026-06-24,629
Prunus cerasus,prunus cerasus,prunus cerasus,Prunus cerasus,wfo-0001016331,wfo-0001016331,Rosaceae,Prunus,species,accepted,accepted,exact_accepted,exact_accepted_unique,1,1,1,WFO_offline_hierarchical,2026-06-24,630
Senna petersiana,senna petersiana,senna petersiana,Senna petersiana,wfo-0000184159,wfo-0000184159,Fabaceae,Senna,species,accepted,accepted,exact_accepted,exact_accepted_unique,1,1,1,WFO_offline_hierarchical,2026-06-24,631
Canavalia rosea,canavalia rosea,canavalia rosea,Canavalia rosea,wfo-0000189858,wfo-0000189858,Fabaceae,Canavalia,species,accepted,accepted,exact_accepted,exact_accepted_unique,1,1,1,WFO_offline_hierarchical,2026-06-24,632
Sophora gypsophila,sophora gypsophila,sophora gypsophila,Dermatophyllum gypsophilum,wfo-0001042782,wfo-0001042782,Fabaceae,Dermatophyllum,species,synonym,synonym,exact_synonym,exact_synonym_unique,1,1,1,WFO_offline_hierarchical,2026-06-24,633
Dermatophyllum gypsophilum,dermatophyllum gypsophilum,dermatophyllum gypsophilum,Dermatophyllum gypsophilum,wfo-0001042782,wfo-0001042782,Fabaceae,Dermatophyllum,species,accepted,accepted,exact_accepted,exact_accepted_unique,1,1,1,WFO_offline_hierarchical,2026-06-24,634
Millettia conraui,millettia conraui,millettia conraui,Millettia conraui,wfo-0000199801,wfo-0000199801,Fabaceae,Millettia,species,accepted,accepted,exact_accepted,exact_accepted_unique,1,1,1,WFO_offline_hierarchical,2026-06-24,635
Friesodielsia velutina,friesodielsia velutina,friesodielsia velutina,Monanthotaxis velutina,wfo-0001421801,wfo-0001421801,Annonaceae,Monanthotaxis,species,synonym,synonym,exact_synonym,exact_synonym_unique,1,1,1,WFO_offline_hierarchical,2026-06-24,636
Pinus massoniana,pinus massoniana,pinus massoniana,Pinus massoniana,wfo-0000736339,wfo-0000736339,Pinaceae,Pinus,species,accepted,accepted,exact_accepted,exact_accepted_unique,1,1,1,WFO_offline_hierarchical,2026-06-24,637
Diplacus aurantiacus,diplacus aurantiacus,diplacus aurantiacus,Diplacus aurantiacus,wfo-0000650077,wfo-0000650077,Phrymaceae,Diplacus,species,accepted,accepted,exact_accepted,exact_accepted_unique,1,1,1,WFO_offline_hierarchical,2026-06-24,638
Mimulus aurantiacus,mimulus aurantiacus,mimulus aurantiacus,Diplacus aurantiacus,wfo-0000650077,wfo-0000650077,Phrymaceae,Diplacus,species,synonym,synonym,exact_synonym,exact_synonym_unique,1,1,1,WFO_offline_hierarchical,2026-06-24,639
Schizolaena hystrix,schizolaena hystrix,schizolaena hystrix,Schizolaena hystrix,wfo-0000627787,wfo-0000627787,Sarcolaenaceae,Schizolaena,species,accepted,accepted,exact_accepted,exact_accepted_unique,1,1,1,WFO_offline_hierarchical,2026-06-24,640
Hernandia nymphaeifolia,hernandia nymphaeifolia,hernandia nymphaeifolia,Hernandia nymphaeifolia,wfo-0000720609,wfo-0000720609,Hernandiaceae,Hernandia,species,accepted,accepted,exact_accepted,exact_accepted_unique,1,1,1,WFO_offline_hierarchical,2026-06-24,641
Desmodium oojeinense,desmodium oojeinense,desmodium oojeinense,Ougeinia oojeinensis,wfo-0000186403,wfo-0000186403,Fabaceae,Ougeinia,species,synonym,synonym,exact_synonym,exact_synonym_unique,1,1,1,WFO_offline_hierarchical,2026-06-24,642
Glochidion zeylanicum,glochidion zeylanicum,glochidion zeylanicum,Glochidion zeylanicum,wfo-0000973663,wfo-0000973663,Phyllanthaceae,Glochidion,species,accepted,accepted,exact_accepted,exact_accepted_unique,1,1,1,WFO_offline_hierarchical,2026-06-24,643
Sorghum bicolor,sorghum bicolor,sorghum bicolor,Sorghum bicolor,wfo-0000900184,wfo-0000900184,Poaceae,Sorghum,species,accepted,accepted,exact_accepted,exact_accepted_unique,1,1,1,WFO_offline_hierarchical,2026-06-24,644
Sophora secundiflora ex,sophora secundiflora ex,sophora secundiflora,Dermatophyllum secundiflorum,wfo-0001042783,wfo-0001042783,Fabaceae,Dermatophyllum,species,synonym,synonym,canonical,canonical_unique,1,1,1,WFO_offline_hierarchical,2026-06-24,645
Dermatophyllum secundiflorum,dermatophyllum secundiflorum,dermatophyllum secundiflorum,Dermatophyllum secundiflorum,wfo-0001042783,wfo-0001042783,Fabaceae,Dermatophyllum,species,accepted,accepted,exact_accepted,exact_accepted_unique,1,1,1,WFO_offline_hierarchical,2026-06-24,646
Calia secundiflora,calia secundiflora,calia secundiflora,Dermatophyllum secundiflorum,wfo-0001042783,wfo-0001042783,Fabaceae,Dermatophyllum,species,synonym,synonym,exact_synonym,exact_synonym_unique,2,1,1,WFO_offline_hierarchical,2026-06-24,647
Sophora secundiflora,sophora secundiflora,sophora secundiflora,Dermatophyllum secundiflorum,wfo-0001042783,wfo-0001042783,Fabaceae,Dermatophyllum,species,synonym,synonym,exact_synonym,exact_synonym_unique,1,1,1,WFO_offline_hierarchical,2026-06-24,648
Millettia pendula,millettia pendula,millettia pendula,Imbralyx leucanthus var. leucanthus,wfo-1200002228,wfo-1200002228,Fabaceae,Imbralyx,variety,synonym,synonym,exact_synonym,exact_synonym_unique,1,1,1,WFO_offline_hierarchical,2026-06-24,649
Artemisia campestris,artemisia campestris,artemisia campestris,Artemisia campestris,wfo-0000068600,wfo-0000068600,Asteraceae,Artemisia,species,accepted,accepted,exact_accepted,exact_accepted_unique,1,1,1,WFO_offline_hierarchical,2026-06-24,650
Harpalyce brasiliana,harpalyce brasiliana,harpalyce brasiliana,Harpalyce brasiliana,wfo-0000170586,wfo-0000170586,Fabaceae,Harpalyce,species,accepted,accepted,exact_accepted,exact_accepted_unique,1,1,1,WFO_offline_hierarchical,2026-06-24,651
Canarium album,canarium album,canarium album,Canarium album,wfo-0000583426,wfo-0000583426,Burseraceae,Canarium,species,accepted,accepted,exact_accepted,exact_accepted_unique,1,1,1,WFO_offline_hierarchical,2026-06-24,652
Blumea balsamifera,blumea balsamifera,blumea balsamifera,Blumea balsamifera,wfo-0000002804,wfo-0000002804,Asteraceae,Blumea,species,accepted,accepted,exact_accepted,exact_accepted_unique,1,1,1,WFO_offline_hierarchical,2026-06-24,653
Blumea fistulosa,blumea fistulosa,blumea fistulosa,Blumea fistulosa,wfo-0000069656,wfo-0000069656,Asteraceae,Blumea,species,accepted,accepted,exact_accepted,exact_accepted_unique,1,1,1,WFO_offline_hierarchical,2026-06-24,654
Blumea glomerata,blumea glomerata,blumea glomerata,Blumea fistulosa,wfo-0000069656,wfo-0000069656,Asteraceae,Blumea,species,synonym,synonym,exact_synonym,exact_synonym_unique,1,1,1,WFO_offline_hierarchical,2026-06-24,655
Peltogyne paniculata,peltogyne paniculata,peltogyne paniculata,Peltogyne paniculata,wfo-0000174172,wfo-0000174172,Fabaceae,Peltogyne,species,accepted,accepted,exact_accepted,exact_accepted_unique,1,1,1,WFO_offline_hierarchical,2026-06-24,656
Millettia dura,millettia dura,millettia dura,Millettia dura,wfo-0000199876,wfo-0000199876,Fabaceae,Millettia,species,accepted,accepted,exact_accepted,exact_accepted_unique,1,1,1,WFO_offline_hierarchical,2026-06-24,657
Aristolochia ridicula,aristolochia ridicula,aristolochia ridicula,Aristolochia ridicula,wfo-0000548266,wfo-0000548266,Aristolochiaceae,Aristolochia,species,accepted,accepted,exact_accepted,exact_accepted_unique,1,1,1,WFO_offline_hierarchical,2026-06-24,658
Beilschmiedia zenkeri,beilschmiedia zenkeri,beilschmiedia zenkeri,Beilschmiedia zenkeri,wfo-0000562165,wfo-0000562165,Lauraceae,Beilschmiedia,species,accepted,accepted,exact_accepted,exact_accepted_unique,1,1,1,WFO_offline_hierarchical,2026-06-24,659
Pisum sativum,pisum sativum,pisum sativum,Lathyrus oleraceus,wfo-0000214337,wfo-0000214337,Fabaceae,Lathyrus,species,synonym,synonym,exact_synonym,exact_synonym_unique,1,1,1,WFO_offline_hierarchical,2026-06-24,660
Bonannia graeca,bonannia graeca,bonannia graeca,Bonannia graeca,wfo-0000568568,wfo-0000568568,Apiaceae,Bonannia,species,accepted,accepted,exact_accepted,exact_accepted_unique,1,1,1,WFO_offline_hierarchical,2026-06-24,661
Eragrostis tef,eragrostis tef,eragrostis tef,Eragrostis tef,wfo-0000868504,wfo-0000868504,Poaceae,Eragrostis,species,accepted,accepted,exact_accepted,exact_accepted_unique,1,1,1,WFO_offline_hierarchical,2026-06-24,662
Gnetum gnemon,gnetum gnemon,gnetum gnemon,Gnetum gnemon,wfo-0000795591,wfo-0000795591,Gnetaceae,Gnetum,species,accepted,accepted,exact_accepted,exact_accepted_unique,1,1,1,WFO_offline_hierarchical,2026-06-24,663
Baptisia australis,baptisia australis,baptisia australis,Baptisia australis,wfo-0000182246,wfo-0000182246,Fabaceae,Baptisia,species,accepted,accepted,exact_accepted,exact_accepted_unique,1,1,1,WFO_offline_hierarchical,2026-06-24,664
Piper longicaudatum,piper longicaudatum,piper longicaudatum,Piper longicaudatum,wfo-0001093825,wfo-0001093825,Piperaceae,Piper,species,accepted,accepted,exact_accepted,exact_accepted_unique,1,1,1,WFO_offline_hierarchical,2026-06-24,665
Crataegus pinnatifi,crataegus pinnatifi,crataegus pinnatifi,NA,NA,NA,NA,NA,NA,NA,unresolved,unresolved,no_match,0,0,0,NA,2026-06-24,666
Crataegus pinnatifida,crataegus pinnatifida,crataegus pinnatifida,Crataegus pinnatifida,wfo-0000988959,wfo-0000988959,Rosaceae,Crataegus,species,accepted,accepted,exact_accepted,exact_accepted_unique,1,1,1,WFO_offline_hierarchical,2026-06-24,667
Dracaena cochinchinensis,dracaena cochinchinensis,dracaena cochinchinensis,Dracaena cochinchinensis,wfo-0000765715,wfo-0000765715,Asparagaceae,Dracaena,species,accepted,accepted,exact_accepted,exact_accepted_unique,1,1,1,WFO_offline_hierarchical,2026-06-24,668
Trifolium pratense,trifolium pratense,trifolium pratense,Trifolium pratense,wfo-0000213053,wfo-0000213053,Fabaceae,Trifolium,species,accepted,accepted,exact_accepted,exact_accepted_unique,1,1,1,WFO_offline_hierarchical,2026-06-24,669
Dalbergia assamica,dalbergia assamica,dalbergia assamica,Dalbergia assamica,wfo-0000197964,wfo-0000197964,Fabaceae,Dalbergia,species,accepted,accepted,exact_accepted,exact_accepted_unique,1,1,1,WFO_offline_hierarchical,2026-06-24,670
Cordyla africana,cordyla africana,cordyla africana,Cordyla africana,wfo-0000171442,wfo-0000171442,Fabaceae,Cordyla,species,accepted,accepted,exact_accepted,exact_accepted_unique,1,1,1,WFO_offline_hierarchical,2026-06-24,671
Catha edulis,catha edulis,catha edulis,Catha edulis,wfo-0000590815,wfo-0000590815,Celastraceae,Catha,species,accepted,accepted,exact_accepted,exact_accepted_unique,1,1,1,WFO_offline_hierarchical,2026-06-24,672
Uncaria hirsuta,uncaria hirsuta,uncaria hirsuta,Uncaria hirsuta,wfo-0000329251,wfo-0000329251,Rubiaceae,Uncaria,species,accepted,accepted,exact_accepted,exact_accepted_unique,1,1,1,WFO_offline_hierarchical,2026-06-24,673
Citrus grandis,citrus grandis,citrus grandis,Citrus maxima,wfo-0000608138,wfo-0000608138,Rutaceae,Citrus,species,synonym,synonym,exact_synonym,exact_synonym_unique,1,1,1,WFO_offline_hierarchical,2026-06-24,674
Citrus maxima,citrus maxima,citrus maxima,Citrus maxima,wfo-0000608138,wfo-0000608138,Rutaceae,Citrus,species,accepted,accepted,exact_accepted,exact_accepted_unique,1,1,1,WFO_offline_hierarchical,2026-06-24,675
Citrus aurantium,citrus aurantium,citrus aurantium,Citrus × aurantium nothof. aurantium,wfo-1200112333,wfo-1200112333,Rutaceae,Citrus,form,synonym,synonym,canonical,canonical_unique,25,1,1,WFO_offline_hierarchical,2026-06-24,676
Citrus inodora,citrus inodora,citrus inodora,Citrus inodora,wfo-0000608072,wfo-0000608072,Rutaceae,Citrus,species,accepted,accepted,exact_accepted,exact_accepted_unique,1,1,1,WFO_offline_hierarchical,2026-06-24,677
Citrus microcarpa,citrus microcarpa,citrus microcarpa,Citrus japonica,wfo-0000608080,wfo-0000608080,Rutaceae,Citrus,species,synonym,synonym,exact_synonym,exact_synonym_unique,1,1,1,WFO_offline_hierarchical,2026-06-24,678
Citrus tamurana,citrus tamurana,citrus tamurana,NA,NA,NA,NA,NA,NA,NA,unresolved,unresolved,no_match,0,0,0,NA,2026-06-24,679
Citrus paradisi,citrus paradisi,citrus paradisi,Citrus × aurantium nothof. aurantium,wfo-1200112333,wfo-1200112333,Rutaceae,Citrus,form,synonym,synonym,exact_synonym,exact_synonym_unique,1,1,1,WFO_offline_hierarchical,2026-06-24,680
Citrus hystrix,citrus hystrix,citrus hystrix,Citrus hystrix,wfo-0000608056,wfo-0000608056,Rutaceae,Citrus,species,accepted,accepted,exact_accepted,exact_accepted_unique,1,1,1,WFO_offline_hierarchical,2026-06-24,681
Citrus latipes,citrus latipes,citrus latipes,Citrus latipes,wfo-0000608099,wfo-0000608099,Rutaceae,Citrus,species,accepted,accepted,exact_accepted,exact_accepted_unique,1,1,1,WFO_offline_hierarchical,2026-06-24,682
Carpobrotus edulis,carpobrotus edulis,carpobrotus edulis,Carpobrotus edulis,wfo-0000588263,wfo-0000588263,Aizoaceae,Carpobrotus,species,accepted,accepted,exact_accepted,exact_accepted_unique,1,1,1,WFO_offline_hierarchical,2026-06-24,683
Mentha,mentha,mentha,Mentha,wfo-4000023748,wfo-4000023748,Lamiaceae,Mentha,genus,accepted,accepted,exact_accepted,exact_accepted_unique,1,1,1,WFO_offline_hierarchical,2026-06-24,684
Isatis tinctoria,isatis tinctoria,isatis tinctoria,Isatis tinctoria,wfo-0000732433,wfo-0000732433,Brassicaceae,Isatis,species,accepted,accepted,exact_accepted,exact_accepted_unique,1,1,1,WFO_offline_hierarchical,2026-06-24,685
Dorstenia kameruniana,dorstenia kameruniana,dorstenia kameruniana,Dorstenia kameruniana,wfo-0000654469,wfo-0000654469,Moraceae,Dorstenia,species,accepted,accepted,exact_accepted,exact_accepted_unique,1,1,1,WFO_offline_hierarchical,2026-06-24,686
Rhynchosia hirta,rhynchosia hirta,rhynchosia hirta,Rhynchosia hirta,wfo-0000186505,wfo-0000186505,Fabaceae,Rhynchosia,species,accepted,accepted,exact_accepted,exact_accepted_unique,1,1,1,WFO_offline_hierarchical,2026-06-24,687
Ipomoea nil,ipomoea nil,ipomoea nil,Ipomoea nil,wfo-0000747940,wfo-0000747940,Convolvulaceae,Ipomoea,species,accepted,accepted,exact_accepted,exact_accepted_unique,1,1,1,WFO_offline_hierarchical,2026-06-24,688
Selaginella lepidophylla,selaginella lepidophylla,selaginella lepidophylla,Selaginella lepidophylla,wfo-0001109651,wfo-0001109651,Selaginellaceae,Selaginella,species,accepted,accepted,exact_accepted,exact_accepted_unique,1,1,1,WFO_offline_hierarchical,2026-06-24,689
Salvia fruticosa,salvia fruticosa,salvia fruticosa,Salvia fruticosa,wfo-0000301042,wfo-0000301042,Lamiaceae,Salvia,species,accepted,accepted,exact_accepted,exact_accepted_unique,1,1,1,WFO_offline_hierarchical,2026-06-24,690
Thonningia sanguinea,thonningia sanguinea,thonningia sanguinea,Thonningia sanguinea,wfo-0000410707,wfo-0000410707,Balanophoraceae,Thonningia,species,accepted,accepted,exact_accepted,exact_accepted_unique,1,1,1,WFO_offline_hierarchical,2026-06-24,691
Melodorum fruticosum,melodorum fruticosum,melodorum fruticosum,Uvaria siamensis,wfo-0000744968,wfo-0000744968,Annonaceae,Uvaria,species,synonym,synonym,exact_synonym,exact_synonym_unique,1,1,1,WFO_offline_hierarchical,2026-06-24,692
Uvaria doeringii,uvaria doeringii,uvaria doeringii,Uvaria doeringii,wfo-0000415882,wfo-0000415882,Annonaceae,Uvaria,species,accepted,accepted,exact_accepted,exact_accepted_unique,1,1,1,WFO_offline_hierarchical,2026-06-24,693
Uvaria lucida,uvaria lucida,uvaria lucida,Uvaria lucida,wfo-0001065910,wfo-0001065910,Annonaceae,Uvaria,species,accepted,accepted,exact_accepted,exact_accepted_unique,1,1,1,WFO_offline_hierarchical,2026-06-24,694
Uvaria chamae,uvaria chamae,uvaria chamae,Uvaria chamae,wfo-0000415872,wfo-0000415872,Annonaceae,Uvaria,species,accepted,accepted,exact_accepted,exact_accepted_unique,1,1,1,WFO_offline_hierarchical,2026-06-24,695
Adenostemma viscosum,adenostemma viscosum,adenostemma viscosum,Adenostemma viscosum,wfo-0000089902,wfo-0000089902,Asteraceae,Adenostemma,species,accepted,accepted,exact_accepted,exact_accepted_unique,1,1,1,WFO_offline_hierarchical,2026-06-24,696
Ageratum corymbosum,ageratum corymbosum,ageratum corymbosum,Ageratum corymbosum,wfo-0000056662,wfo-0000056662,Asteraceae,Ageratum,species,accepted,accepted,exact_accepted,exact_accepted_unique,1,1,1,WFO_offline_hierarchical,2026-06-24,697
Euchresta horsfieldii,euchresta horsfieldii,euchresta horsfieldii,Euchresta horsfieldii,wfo-0000186315,wfo-0000186315,Fabaceae,Euchresta,species,accepted,accepted,exact_accepted,exact_accepted_unique,1,1,1,WFO_offline_hierarchical,2026-06-24,698
Lupinus pilosus,lupinus pilosus,lupinus pilosus,Lupinus pilosus,wfo-0000185679,wfo-0000185679,Fabaceae,Lupinus,species,accepted,accepted,exact_accepted,exact_accepted_unique,1,1,1,WFO_offline_hierarchical,2026-06-24,699
Dalbergia coromandeliana,dalbergia coromandeliana,dalbergia coromandeliana,Dalbergia coromandeliana,wfo-0000204440,wfo-0000204440,Fabaceae,Dalbergia,species,accepted,accepted,exact_accepted,exact_accepted_unique,1,1,1,WFO_offline_hierarchical,2026-06-24,700
Medicago rugosa,medicago rugosa,medicago rugosa,Medicago rugosa,wfo-0000213467,wfo-0000213467,Fabaceae,Medicago,species,accepted,accepted,exact_accepted,exact_accepted_unique,1,1,1,WFO_offline_hierarchical,2026-06-24,701
Mallotus philippinensis,mallotus philippinensis,mallotus philippinensis,NA,NA,NA,NA,NA,NA,NA,unresolved,unresolved,no_match,0,0,0,NA,2026-06-24,702
Iryanthera coriacea,iryanthera coriacea,iryanthera coriacea,Iryanthera coriacea,wfo-0001085227,wfo-0001085227,Myristicaceae,Iryanthera,species,accepted,accepted,exact_accepted,exact_accepted_unique,1,1,1,WFO_offline_hierarchical,2026-06-24,703
Cyperus pluribracteatus,cyperus pluribracteatus,cyperus pluribracteatus,Cyperus trigonellus,wfo-0000384152,wfo-0000384152,Cyperaceae,Cyperus,species,synonym,synonym,exact_synonym,exact_synonym_unique,1,1,1,WFO_offline_hierarchical,2026-06-24,704
Combretum griffithii,combretum griffithii,combretum griffithii,Combretum griffithii,wfo-0000616351,wfo-0000616351,Combretaceae,Combretum,species,accepted,accepted,exact_accepted,exact_accepted_unique,1,1,1,WFO_offline_hierarchical,2026-06-24,705
Uvaria angolensis,uvaria angolensis,uvaria angolensis,Uvaria angolensis,wfo-0000415894,wfo-0000415894,Annonaceae,Uvaria,species,accepted,accepted,exact_accepted,exact_accepted_unique,1,1,1,WFO_offline_hierarchical,2026-06-24,706
Uvaria tanzaniae,uvaria tanzaniae,uvaria tanzaniae,Uvaria tanzaniae,wfo-0001066167,wfo-0001066167,Annonaceae,Uvaria,species,accepted,accepted,exact_accepted,exact_accepted_unique,1,1,1,WFO_offline_hierarchical,2026-06-24,707
Uvaria puguensis,uvaria puguensis,uvaria puguensis,Uvaria puguensis,wfo-0001244885,wfo-0001244885,Annonaceae,Uvaria,species,accepted,accepted,exact_accepted,exact_accepted_unique,1,1,1,WFO_offline_hierarchical,2026-06-24,708
Lonchocarpus costaricensis,lonchocarpus costaricensis,lonchocarpus costaricensis,Lonchocarpus costaricensis,wfo-0000164467,wfo-0000164467,Fabaceae,Lonchocarpus,species,accepted,accepted,exact_accepted,exact_accepted_unique,1,1,1,WFO_offline_hierarchical,2026-06-24,709
Myroxylon peruiferum,myroxylon peruiferum,myroxylon peruiferum,Myroxylon peruiferum,wfo-0000174448,wfo-0000174448,Fabaceae,Myroxylon,species,accepted,accepted,exact_accepted,exact_accepted_unique,1,1,1,WFO_offline_hierarchical,2026-06-24,710
Pachyrhizus tuberosus,pachyrhizus tuberosus,pachyrhizus tuberosus,Pachyrhizus tuberosus,wfo-0000178282,wfo-0000178282,Fabaceae,Pachyrhizus,species,accepted,accepted,exact_accepted,exact_accepted_unique,1,1,1,WFO_offline_hierarchical,2026-06-24,711
Neorautanenia mitis,neorautanenia mitis,neorautanenia mitis,Neorautanenia mitis,wfo-0000182738,wfo-0000182738,Fabaceae,Neorautanenia,species,accepted,accepted,exact_accepted,exact_accepted_unique,1,1,1,WFO_offline_hierarchical,2026-06-24,712
Pachyrhizus erosus,pachyrhizus erosus,pachyrhizus erosus,Pachyrhizus erosus,wfo-0000183119,wfo-0000183119,Fabaceae,Pachyrhizus,species,accepted,accepted,exact_accepted,exact_accepted_unique,1,1,1,WFO_offline_hierarchical,2026-06-24,713
Dahlstedtia pinnata,dahlstedtia pinnata,dahlstedtia pinnata,Dahlstedtia pinnata,wfo-0000168982,wfo-0000168982,Fabaceae,Dahlstedtia,species,accepted,accepted,exact_accepted,exact_accepted_unique,1,1,1,WFO_offline_hierarchical,2026-06-24,714
Derris ovalifolia,derris ovalifolia,derris ovalifolia,Derris ovalifolia,wfo-0000205317,wfo-0000205317,Fabaceae,Derris,species,accepted,accepted,exact_accepted,exact_accepted_unique,1,1,1,WFO_offline_hierarchical,2026-06-24,715
Millettia ovalifolia,millettia ovalifolia,millettia ovalifolia,Derris ovalifolia,wfo-0000205317,wfo-0000205317,Fabaceae,Derris,species,synonym,synonym,exact_synonym,exact_synonym_unique,1,1,1,WFO_offline_hierarchical,2026-06-24,716
Millettia peguensis,millettia peguensis,millettia peguensis,Millettia peguensis,wfo-0000185904,wfo-0000185904,Fabaceae,Millettia,species,accepted,accepted,exact_accepted,exact_accepted_unique,1,1,1,WFO_offline_hierarchical,2026-06-24,717
Tephrosia falciformis,tephrosia falciformis,tephrosia falciformis,Tephrosia falciformis,wfo-0001055830,wfo-0001055830,Fabaceae,Tephrosia,species,accepted,accepted,exact_accepted,exact_accepted_unique,1,1,1,WFO_offline_hierarchical,2026-06-24,718
Cissus verticillata,cissus verticillata,cissus verticillata,Cissus verticillata,wfo-0000607033,wfo-0000607033,Vitaceae,Cissus,species,accepted,accepted,exact_accepted,exact_accepted_unique,1,1,1,WFO_offline_hierarchical,2026-06-24,719
Cissus sicyoides,cissus sicyoides,cissus sicyoides,NA,NA,NA,NA,NA,NA,NA,unresolved,exact_conflict,exact_synonym_conflict,2,2,2,NA,2026-06-24,720
Cinnamomum bejolghota,cinnamomum bejolghota,cinnamomum bejolghota,Cinnamomum bejolghota,wfo-0000604917,wfo-0000604917,Lauraceae,Cinnamomum,species,accepted,accepted,exact_accepted,exact_accepted_unique,1,1,1,WFO_offline_hierarchical,2026-06-24,721
Stemona aphylla,stemona aphylla,stemona aphylla,Stemona aphylla,wfo-0000740127,wfo-0000740127,Stemonaceae,Stemona,species,accepted,accepted,exact_accepted,exact_accepted_unique,1,1,1,WFO_offline_hierarchical,2026-06-24,722
Mimosa tenuiflora,mimosa tenuiflora,mimosa tenuiflora,Mimosa tenuiflora,wfo-0000174654,wfo-0000174654,Fabaceae,Mimosa,species,accepted,accepted,exact_accepted,exact_accepted_unique,1,1,1,WFO_offline_hierarchical,2026-06-24,723
Selliguea feei,selliguea feei,selliguea feei,Selliguea feei,wfo-0001115939,wfo-0001115939,Polypodiaceae,Selliguea,species,accepted,accepted,exact_accepted,exact_accepted_unique,1,1,1,WFO_offline_hierarchical,2026-06-24,724
Citrus trifoliata,citrus trifoliata,citrus trifoliata,Citrus trifoliata,wfo-0000608305,wfo-0000608305,Rutaceae,Citrus,species,accepted,accepted,exact_accepted,exact_accepted_unique,1,1,1,WFO_offline_hierarchical,2026-06-24,725
Poncirus trifoliata,poncirus trifoliata,poncirus trifoliata,Citrus trifoliata,wfo-0000608305,wfo-0000608305,Rutaceae,Citrus,species,synonym,synonym,exact_synonym,exact_synonym_unique,1,1,1,WFO_offline_hierarchical,2026-06-24,726
Wyethia mollis,wyethia mollis,wyethia mollis,Wyethia mollis,wfo-0000073168,wfo-0000073168,Asteraceae,Wyethia,species,accepted,accepted,exact_accepted,exact_accepted_unique,1,1,1,WFO_offline_hierarchical,2026-06-24,727
Trichogonia campestris,trichogonia campestris,trichogonia campestris,Trichogonia campestris,wfo-0000062279,wfo-0000062279,Asteraceae,Trichogonia,species,accepted,accepted,exact_accepted,exact_accepted_unique,1,1,1,WFO_offline_hierarchical,2026-06-24,728
Trichogonia santosii,trichogonia santosii,trichogonia santosii,Trichogonia campestris,wfo-0000062279,wfo-0000062279,Asteraceae,Trichogonia,species,synonym,synonym,exact_synonym,exact_synonym_unique,1,1,1,WFO_offline_hierarchical,2026-06-24,729
Trichogonia villosa,trichogonia villosa,trichogonia villosa,Trichogonia villosa,wfo-0000096792,wfo-0000096792,Asteraceae,Trichogonia,species,accepted,accepted,exact_accepted,exact_accepted_unique,1,1,1,WFO_offline_hierarchical,2026-06-24,730
Calea cuneifolia,calea cuneifolia,calea cuneifolia,Calea cuneifolia,wfo-0000122967,wfo-0000122967,Asteraceae,Calea,species,accepted,accepted,exact_accepted,exact_accepted_unique,1,1,1,WFO_offline_hierarchical,2026-06-24,731
Platypodanthera melissifolia,platypodanthera melissifolia,platypodanthera melissifolia,Platypodanthera melissifolia,wfo-0000009205,wfo-0000009205,Asteraceae,Platypodanthera,species,accepted,accepted,exact_accepted,exact_accepted_unique,1,1,1,WFO_offline_hierarchical,2026-06-24,732
Dalbergia cochinchinensis,dalbergia cochinchinensis,dalbergia cochinchinensis,Dalbergia cochinchinensis,wfo-0000199943,wfo-0000199943,Fabaceae,Dalbergia,species,accepted,accepted,exact_accepted,exact_accepted_unique,1,1,1,WFO_offline_hierarchical,2026-06-24,733
Helichrysum subglomeratum,helichrysum subglomeratum,helichrysum subglomeratum,Helichrysum subglomeratum,wfo-0000000337,wfo-0000000337,Asteraceae,Helichrysum,species,accepted,accepted,exact_accepted,exact_accepted_unique,1,1,1,WFO_offline_hierarchical,2026-06-24,734
Metalasia cymbifolia,metalasia cymbifolia,metalasia cymbifolia,Metalasia cymbifolia,wfo-0000030968,wfo-0000030968,Asteraceae,Metalasia,species,accepted,accepted,exact_accepted,exact_accepted_unique,1,1,1,WFO_offline_hierarchical,2026-06-24,735
Pinus sylvestris,pinus sylvestris,pinus sylvestris,Pinus sylvestris,wfo-0000481648,wfo-0000481648,Pinaceae,Pinus,species,accepted,accepted,exact_accepted,exact_accepted_unique,1,1,1,WFO_offline_hierarchical,2026-06-24,736
Excoecaria agallocha,excoecaria agallocha,excoecaria agallocha,Excoecaria agallocha,wfo-0000965883,wfo-0000965883,Euphorbiaceae,Excoecaria,species,accepted,accepted,exact_accepted,exact_accepted_unique,1,1,1,WFO_offline_hierarchical,2026-06-24,737
Lens culinaris,lens culinaris,lens culinaris,Vicia lens,wfo-0000212728,wfo-0000212728,Fabaceae,Vicia,species,synonym,synonym,exact_synonym,exact_synonym_unique,1,1,1,WFO_offline_hierarchical,2026-06-24,738
Eysenhardtia subcoriacea,eysenhardtia subcoriacea,eysenhardtia subcoriacea,Eysenhardtia subcoriacea,wfo-0000165925,wfo-0000165925,Fabaceae,Eysenhardtia,species,accepted,accepted,exact_accepted,exact_accepted_unique,1,1,1,WFO_offline_hierarchical,2026-06-24,739
Mangifera indica,mangifera indica,mangifera indica,Mangifera indica,wfo-0000371248,wfo-0000371248,Anacardiaceae,Mangifera,species,accepted,accepted,exact_accepted,exact_accepted_unique,1,1,1,WFO_offline_hierarchical,2026-06-24,740
Sophora mollis,sophora mollis,sophora mollis,Sophora mollis,wfo-0000185553,wfo-0000185553,Fabaceae,Sophora,species,accepted,accepted,exact_accepted,exact_accepted_unique,1,1,1,WFO_offline_hierarchical,2026-06-24,741
Cycas circinalis,cycas circinalis,cycas circinalis,Cycas circinalis,wfo-0000631521,wfo-0000631521,Cycadaceae,Cycas,species,accepted,accepted,exact_accepted,exact_accepted_unique,1,1,1,WFO_offline_hierarchical,2026-06-24,742
Selaginella uncinata,selaginella uncinata,selaginella uncinata,Selaginella uncinata,wfo-0001109671,wfo-0001109671,Selaginellaceae,Selaginella,species,accepted,accepted,exact_accepted,exact_accepted_unique,1,1,1,WFO_offline_hierarchical,2026-06-24,743
Acacia auriculiformis,acacia auriculiformis,acacia auriculiformis,Acacia auriculiformis,wfo-0000173754,wfo-0000173754,Fabaceae,Acacia,species,accepted,accepted,exact_accepted,exact_accepted_unique,1,1,1,WFO_offline_hierarchical,2026-06-24,744
Acacia kempeana,acacia kempeana,acacia kempeana,Acacia kempeana,wfo-0000202890,wfo-0000202890,Fabaceae,Acacia,species,accepted,accepted,exact_accepted,exact_accepted_unique,1,1,1,WFO_offline_hierarchical,2026-06-24,745
Acacia rhodoxylon,acacia rhodoxylon,acacia rhodoxylon,Acacia rhodoxylon,wfo-0000185322,wfo-0000185322,Fabaceae,Acacia,species,accepted,accepted,exact_accepted,exact_accepted_unique,1,1,1,WFO_offline_hierarchical,2026-06-24,746
Stenostomum acutatum,stenostomum acutatum,stenostomum acutatum,Stenostomum acutatum,wfo-0000316636,wfo-0000316636,Rubiaceae,Stenostomum,species,accepted,accepted,exact_accepted,exact_accepted_unique,1,1,1,WFO_offline_hierarchical,2026-06-24,747
Berchemia discolor,berchemia discolor,berchemia discolor,Berchemia discolor,wfo-0000564133,wfo-0000564133,Rhamnaceae,Berchemia,species,accepted,accepted,exact_accepted,exact_accepted_unique,1,1,1,WFO_offline_hierarchical,2026-06-24,748
Pyrrosia linearifolia,pyrrosia linearifolia,pyrrosia linearifolia,Pyrrosia linearifolia,wfo-0001107415,wfo-0001107415,Polypodiaceae,Pyrrosia,species,accepted,accepted,exact_accepted,exact_accepted_unique,1,1,1,WFO_offline_hierarchical,2026-06-24,749
Actinidia chinensis,actinidia chinensis,actinidia chinensis,Actinidia chinensis,wfo-0000519189,wfo-0000519189,Actinidiaceae,Actinidia,species,accepted,accepted,exact_accepted,exact_accepted_unique,1,1,1,WFO_offline_hierarchical,2026-06-24,750
Dicranopteris pedata,dicranopteris pedata,dicranopteris pedata,Dicranopteris pedata,wfo-0001114654,wfo-0001114654,Gleicheniaceae,Dicranopteris,species,accepted,accepted,exact_accepted,exact_accepted_unique,1,1,1,WFO_offline_hierarchical,2026-06-24,751
Doryopteris decipiens,doryopteris decipiens,doryopteris decipiens,Doryopteris decipiens,wfo-0001127417,wfo-0001127417,Pteridaceae,Doryopteris,species,accepted,accepted,exact_accepted,exact_accepted_unique,1,1,1,WFO_offline_hierarchical,2026-06-24,752
Betula ermanii,betula ermanii,betula ermanii,Betula ermanii,wfo-0000332440,wfo-0000332440,Betulaceae,Betula,species,accepted,accepted,exact_accepted,exact_accepted_unique,1,1,1,WFO_offline_hierarchical,2026-06-24,753
Dorstenia elliptica,dorstenia elliptica,dorstenia elliptica,Dorstenia elliptica,wfo-0000654402,wfo-0000654402,Moraceae,Dorstenia,species,accepted,accepted,exact_accepted,exact_accepted_unique,1,1,1,WFO_offline_hierarchical,2026-06-24,754
Bidens frondosa,bidens frondosa,bidens frondosa,Bidens frondosa,wfo-0000076245,wfo-0000076245,Asteraceae,Bidens,species,accepted,accepted,exact_accepted,exact_accepted_unique,1,1,1,WFO_offline_hierarchical,2026-06-24,755
Artocarpus petelotii,artocarpus petelotii,artocarpus petelotii,Artocarpus petelotii,wfo-0000550568,wfo-0000550568,Moraceae,Artocarpus,species,accepted,accepted,exact_accepted,exact_accepted_unique,1,1,1,WFO_offline_hierarchical,2026-06-24,756
Derris latifolia,derris latifolia,derris latifolia,NA,NA,NA,NA,NA,NA,NA,unresolved,exact_conflict,exact_synonym_conflict,2,2,2,NA,2026-06-24,757
Lonchocarpus heptaphyllus,lonchocarpus heptaphyllus,lonchocarpus heptaphyllus,Lonchocarpus heptaphyllus,wfo-0000210427,wfo-0000210427,Fabaceae,Lonchocarpus,species,accepted,accepted,exact_accepted,exact_accepted_unique,1,1,1,WFO_offline_hierarchical,2026-06-24,758
Rhododendron spinuliferum,rhododendron spinuliferum,rhododendron spinuliferum,Rhododendron spinuliferum,wfo-0001048174,wfo-0001048174,Ericaceae,Rhododendron,species,accepted,accepted,exact_accepted,exact_accepted_unique,1,1,1,WFO_offline_hierarchical,2026-06-24,759
Rhododendron dauricum,rhododendron dauricum,rhododendron dauricum,Rhododendron dauricum,wfo-0000400762,wfo-0000400762,Ericaceae,Rhododendron,species,accepted,accepted,exact_accepted,exact_accepted_unique,1,1,1,WFO_offline_hierarchical,2026-06-24,760
Bauhinia glauca,bauhinia glauca,bauhinia glauca,Cheniella glauca,wfo-0001421742,wfo-0001421742,Fabaceae,Cheniella,species,synonym,synonym,exact_synonym,exact_synonym_unique,1,1,1,WFO_offline_hierarchical,2026-06-24,761
Pancratium maritimum,pancratium maritimum,pancratium maritimum,Pancratium maritimum,wfo-0000729569,wfo-0000729569,Amaryllidaceae,Pancratium,species,accepted,accepted,exact_accepted,exact_accepted_unique,1,1,1,WFO_offline_hierarchical,2026-06-24,762
Hildegardia barteri,hildegardia barteri,hildegardia barteri,Hildegardia barteri,wfo-0000723302,wfo-0000723302,Malvaceae,Hildegardia,species,accepted,accepted,exact_accepted,exact_accepted_unique,1,1,1,WFO_offline_hierarchical,2026-06-24,763
Rhododendron,rhododendron,rhododendron,Rhododendron,wfo-4000033027,wfo-4000033027,Ericaceae,Rhododendron,genus,accepted,accepted,exact_accepted,exact_accepted_unique,1,1,1,WFO_offline_hierarchical,2026-06-24,764
Rhododendron farrerae,rhododendron farrerae,rhododendron farrerae,Rhododendron farrerae,wfo-0000400820,wfo-0000400820,Ericaceae,Rhododendron,species,accepted,accepted,exact_accepted,exact_accepted_unique,1,1,1,WFO_offline_hierarchical,2026-06-24,765
Rhododendron ferrugineum,rhododendron ferrugineum,rhododendron ferrugineum,Rhododendron ferrugineum,wfo-0000400806,wfo-0000400806,Ericaceae,Rhododendron,species,accepted,accepted,exact_accepted,exact_accepted_unique,1,1,1,WFO_offline_hierarchical,2026-06-24,766
Wikstroemia canescens,wikstroemia canescens,wikstroemia canescens,Wikstroemia canescens,wfo-0001142389,wfo-0001142389,Thymelaeaceae,Wikstroemia,species,accepted,accepted,exact_accepted,exact_accepted_unique,1,1,1,WFO_offline_hierarchical,2026-06-24,767
Eriosema kraussianum,eriosema kraussianum,eriosema kraussianum,Eriosema kraussianum,wfo-0000195450,wfo-0000195450,Fabaceae,Eriosema,species,accepted,accepted,exact_accepted,exact_accepted_unique,1,1,1,WFO_offline_hierarchical,2026-06-24,768
Allium atroviolaceum,allium atroviolaceum,allium atroviolaceum,Allium atroviolaceum,wfo-0000755727,wfo-0000755727,Amaryllidaceae,Allium,species,accepted,accepted,exact_accepted,exact_accepted_unique,1,1,1,WFO_offline_hierarchical,2026-06-24,769
Artemisia indica,artemisia indica,artemisia indica,Artemisia indica,wfo-0000747726,wfo-0000747726,Asteraceae,Artemisia,species,accepted,accepted,exact_accepted,exact_accepted_unique,1,1,1,WFO_offline_hierarchical,2026-06-24,770
Bletilla striata,bletilla striata,bletilla striata,Bletilla striata,wfo-0000346630,wfo-0000346630,Orchidaceae,Bletilla,species,accepted,accepted,exact_accepted,exact_accepted_unique,1,1,1,WFO_offline_hierarchical,2026-06-24,771
Lonchocarpus araripensis,lonchocarpus araripensis,lonchocarpus araripensis,Dahlstedtia araripensis,wfo-0001317444,wfo-0001317444,Fabaceae,Dahlstedtia,species,synonym,synonym,exact_synonym,exact_synonym_unique,1,1,1,WFO_offline_hierarchical,2026-06-24,772
Melilotus messanensis,melilotus messanensis,melilotus messanensis,Melilotus siculus,wfo-0000185386,wfo-0000185386,Fabaceae,Melilotus,species,synonym,synonym,exact_synonym,exact_synonym_unique,1,1,1,WFO_offline_hierarchical,2026-06-24,773
Melilotus siculus,melilotus siculus,melilotus siculus,Melilotus siculus,wfo-0000185386,wfo-0000185386,Fabaceae,Melilotus,species,accepted,accepted,exact_accepted,exact_accepted_unique,1,1,1,WFO_offline_hierarchical,2026-06-24,774
Fatoua villosa,fatoua villosa,fatoua villosa,Fatoua villosa,wfo-0000685953,wfo-0000685953,Moraceae,Fatoua,species,accepted,accepted,exact_accepted,exact_accepted_unique,1,1,1,WFO_offline_hierarchical,2026-06-24,775
Uvaria leptocladon,uvaria leptocladon,uvaria leptocladon,Uvaria leptocladon,wfo-0000416348,wfo-0000416348,Annonaceae,Uvaria,species,accepted,accepted,exact_accepted,exact_accepted_unique,1,1,1,WFO_offline_hierarchical,2026-06-24,776
Uvaria,uvaria,uvaria,Uvaria,wfo-4000039910,wfo-4000039910,Annonaceae,Uvaria,genus,accepted,accepted,exact_accepted,exact_accepted_unique,1,1,1,WFO_offline_hierarchical,2026-06-24,777
Uvaria acuminata,uvaria acuminata,uvaria acuminata,Uvaria acuminata,wfo-0001065775,wfo-0001065775,Annonaceae,Uvaria,species,accepted,accepted,exact_accepted,exact_accepted_unique,1,1,1,WFO_offline_hierarchical,2026-06-24,778
Uvaria kirkii,uvaria kirkii,uvaria kirkii,Uvaria kirkii,wfo-0001066196,wfo-0001066196,Annonaceae,Uvaria,species,accepted,accepted,exact_accepted,exact_accepted_unique,1,1,1,WFO_offline_hierarchical,2026-06-24,779
Dipteryx odorata,dipteryx odorata,dipteryx odorata,Dipteryx odorata,wfo-0000170550,wfo-0000170550,Fabaceae,Dipteryx,species,accepted,accepted,exact_accepted,exact_accepted_unique,1,1,1,WFO_offline_hierarchical,2026-06-24,780
Pteris multifida,pteris multifida,pteris multifida,Pteris multifida,wfo-0001109294,wfo-0001109294,Pteridaceae,Pteris,species,accepted,accepted,exact_accepted,exact_accepted_unique,1,1,1,WFO_offline_hierarchical,2026-06-24,781
Erythrina latissima,erythrina latissima,erythrina latissima,Erythrina latissima,wfo-0000180886,wfo-0000180886,Fabaceae,Erythrina,species,accepted,accepted,exact_accepted,exact_accepted_unique,1,1,1,WFO_offline_hierarchical,2026-06-24,782
Calopogonium mucunoides,calopogonium mucunoides,calopogonium mucunoides,Calopogonium mucunoides,wfo-0000179119,wfo-0000179119,Fabaceae,Calopogonium,species,accepted,accepted,exact_accepted,exact_accepted_unique,1,1,1,WFO_offline_hierarchical,2026-06-24,783
Mallotus philippensis,mallotus philippensis,mallotus philippensis,Mallotus philippensis,wfo-0000234691,wfo-0000234691,Euphorbiaceae,Mallotus,species,accepted,accepted,exact_accepted,exact_accepted_unique,1,1,1,WFO_offline_hierarchical,2026-06-24,784
Monachosorum henryi,monachosorum henryi,monachosorum henryi,Monachosorum henryi,wfo-0001124700,wfo-0001124700,Dennstaedtiaceae,Monachosorum,species,accepted,accepted,exact_accepted,exact_accepted_unique,1,1,1,WFO_offline_hierarchical,2026-06-24,785
Lablab purpureus,lablab purpureus,lablab purpureus,Lablab purpureus,wfo-0000181603,wfo-0000181603,Fabaceae,Lablab,species,accepted,accepted,exact_accepted,exact_accepted_unique,1,1,1,WFO_offline_hierarchical,2026-06-24,786
Mimulus,mimulus,mimulus,Mimulus,wfo-4000024336,wfo-4000024336,Phrymaceae,Mimulus,genus,accepted,accepted,exact_accepted,exact_accepted_unique,1,1,1,WFO_offline_hierarchical,2026-06-24,787
Macaranga pleiostemon,macaranga pleiostemon,macaranga pleiostemon,Macaranga pleiostemon,wfo-0000232164,wfo-0000232164,Euphorbiaceae,Macaranga,species,accepted,accepted,exact_accepted,exact_accepted_unique,1,1,1,WFO_offline_hierarchical,2026-06-24,788
Macaranga pleiostemona,macaranga pleiostemona,macaranga pleiostemona,NA,NA,NA,NA,NA,NA,NA,unresolved,unresolved,no_match,0,0,0,NA,2026-06-24,789
Diplacus clevelandii,diplacus clevelandii,diplacus clevelandii,Diplacus clevelandii,wfo-0000650084,wfo-0000650084,Phrymaceae,Diplacus,species,accepted,accepted,exact_accepted,exact_accepted_unique,1,1,1,WFO_offline_hierarchical,2026-06-24,790
Corsinia coriandrina,corsinia coriandrina,corsinia coriandrina,Corsinia coriandrina,wfo-0001196280,wfo-0001196280,Corsiniaceae,Corsinia,species,accepted,accepted,exact_accepted,exact_accepted_unique,1,1,1,WFO_offline_hierarchical,2026-06-24,791
Ceanothus americanus,ceanothus americanus,ceanothus americanus,Ceanothus americanus,wfo-0000591761,wfo-0000591761,Rhamnaceae,Ceanothus,species,accepted,accepted,exact_accepted,exact_accepted_unique,1,1,1,WFO_offline_hierarchical,2026-06-24,792
Hovenia trichocarpa,hovenia trichocarpa,hovenia trichocarpa,Hovenia trichocarpa,wfo-0001131358,wfo-0001131358,Rhamnaceae,Hovenia,species,accepted,accepted,exact_accepted,exact_accepted_unique,1,1,1,WFO_offline_hierarchical,2026-06-24,793
Alphitonia whitei,alphitonia whitei,alphitonia whitei,Alphitonia whitei,wfo-0000527330,wfo-0000527330,Rhamnaceae,Alphitonia,species,accepted,accepted,exact_accepted,exact_accepted_unique,1,1,1,WFO_offline_hierarchical,2026-06-24,794
Rhus,rhus,rhus,Rhus,wfo-4000033095,wfo-4000033095,Anacardiaceae,Rhus,genus,accepted,accepted,exact_accepted,exact_accepted_unique,1,1,1,WFO_offline_hierarchical,2026-06-24,795
Amorpha canescens,amorpha canescens,amorpha canescens,Amorpha canescens,wfo-0000178822,wfo-0000178822,Fabaceae,Amorpha,species,accepted,accepted,exact_accepted,exact_accepted_unique,1,1,1,WFO_offline_hierarchical,2026-06-24,796
Pisonia umbellifera,pisonia umbellifera,pisonia umbellifera,Pisonia umbellifera,wfo-0001086710,wfo-0001086710,Nyctaginaceae,Pisonia,species,accepted,accepted,exact_accepted,exact_accepted_unique,1,1,1,WFO_offline_hierarchical,2026-06-24,797
Neoraputia alba ex,neoraputia alba ex,neoraputia alba,Neoraputia alba,wfo-0001276752,wfo-0001276752;wfo-1000080575,Rutaceae,Neoraputia,species,accepted,accepted,canonical,canonical_consensus_multiple_ids,2,2,1,WFO_offline_hierarchical,2026-06-24,798
Acacia scleroxyla,acacia scleroxyla,acacia scleroxyla,NA,NA,NA,NA,NA,NA,NA,unresolved,unresolved,no_match,0,0,0,NA,2026-06-24,799
Mimosa tenuifolia,mimosa tenuifolia,mimosa tenuifolia,NA,NA,NA,NA,NA,NA,NA,unresolved,exact_conflict,exact_synonym_conflict,3,3,3,NA,2026-06-24,800
Cassipourea gummiflua,cassipourea gummiflua,cassipourea gummiflua,Cassipourea gummiflua,wfo-0000589636,wfo-0000589636,Rhizophoraceae,Cassipourea,species,accepted,accepted,exact_accepted,exact_accepted_unique,1,1,1,WFO_offline_hierarchical,2026-06-24,801
Vachellia farnesiana,vachellia farnesiana,vachellia farnesiana,Vachellia farnesiana,wfo-0000182273,wfo-0000182273,Fabaceae,Vachellia,species,accepted,accepted,exact_accepted,exact_accepted_unique,1,1,1,WFO_offline_hierarchical,2026-06-24,802
Rumex acetosa,rumex acetosa,rumex acetosa,Rumex acetosa,wfo-0000403595,wfo-0000403595,Polygonaceae,Rumex,species,accepted,accepted,exact_accepted,exact_accepted_unique,1,1,1,WFO_offline_hierarchical,2026-06-24,803
Pilotrichella flexilis,pilotrichella flexilis,pilotrichella flexilis,Pilotrichella flexilis,wfo-0001151880,wfo-0001151880,Lembophyllaceae,Pilotrichella,species,accepted,accepted,exact_accepted,exact_accepted_unique,1,1,1,WFO_offline_hierarchical,2026-06-24,804
Platanus occidentalis,platanus occidentalis,platanus occidentalis,Platanus occidentalis,wfo-0000487082,wfo-0000487082,Platanaceae,Platanus,species,accepted,accepted,exact_accepted,exact_accepted_unique,1,1,1,WFO_offline_hierarchical,2026-06-24,805
Erythrina bidwillii,erythrina bidwillii,erythrina bidwillii,NA,NA,NA,NA,NA,NA,NA,unresolved,unresolved,no_match,0,0,0,NA,2026-06-24,806
Persicaria lapathifolia,persicaria lapathifolia,persicaria lapathifolia,Persicaria lapathifolia,wfo-0000488400,wfo-0000488400,Polygonaceae,Persicaria,species,accepted,accepted,exact_accepted,exact_accepted_unique,1,1,1,WFO_offline_hierarchical,2026-06-24,807
Polygonum lapathifolium,polygonum lapathifolium,polygonum lapathifolium,Persicaria lapathifolia,wfo-0000488400,wfo-0000488400,Polygonaceae,Persicaria,species,synonym,synonym,exact_synonym,exact_synonym_unique,1,1,1,WFO_offline_hierarchical,2026-06-24,808
Calycopteris floribunda,calycopteris floribunda,calycopteris floribunda,Getonia floribunda,wfo-0000702472,wfo-0000702472,Combretaceae,Getonia,species,synonym,synonym,exact_synonym,exact_synonym_unique,1,1,1,WFO_offline_hierarchical,2026-06-24,809
Triadica sebifera,triadica sebifera,triadica sebifera,Triadica sebifera,wfo-0000327067,wfo-0000327067,Euphorbiaceae,Triadica,species,accepted,accepted,exact_accepted,exact_accepted_unique,1,1,1,WFO_offline_hierarchical,2026-06-24,810
Lindera erythrocarpa,lindera erythrocarpa,lindera erythrocarpa,Lindera erythrocarpa,wfo-0001070580,wfo-0001070580,Lauraceae,Lindera,species,accepted,accepted,exact_accepted,exact_accepted_unique,1,1,1,WFO_offline_hierarchical,2026-06-24,811
Semecarpus anacardium,semecarpus anacardium,semecarpus anacardium,Semecarpus anacardium,wfo-0000434831,wfo-0000434831,Anacardiaceae,Semecarpus,species,accepted,accepted,exact_accepted,exact_accepted_unique,1,1,1,WFO_offline_hierarchical,2026-06-24,812
Cicer arietinum,cicer arietinum,cicer arietinum,Cicer arietinum,wfo-0000196617,wfo-0000196617,Fabaceae,Cicer,species,accepted,accepted,exact_accepted,exact_accepted_unique,1,1,1,WFO_offline_hierarchical,2026-06-24,813
Cicer anatolicum,cicer anatolicum,cicer anatolicum,Cicer anatolicum,wfo-0000185213,wfo-0000185213,Fabaceae,Cicer,species,accepted,accepted,exact_accepted,exact_accepted_unique,1,1,1,WFO_offline_hierarchical,2026-06-24,814
Cicer canariense,cicer canariense,cicer canariense,Cicer canariense,wfo-0000196635,wfo-0000196635,Fabaceae,Cicer,species,accepted,accepted,exact_accepted,exact_accepted_unique,1,1,1,WFO_offline_hierarchical,2026-06-24,815
Cicer chorassanicum,cicer chorassanicum,cicer chorassanicum,Cicer chorassanicum,wfo-0001059057,wfo-0001059057,Fabaceae,Cicer,species,accepted,accepted,exact_accepted,exact_accepted_unique,1,1,1,WFO_offline_hierarchical,2026-06-24,816
Cicer cuneatum,cicer cuneatum,cicer cuneatum,Cicer cuneatum,wfo-0000196646,wfo-0000196646,Fabaceae,Cicer,species,accepted,accepted,exact_accepted,exact_accepted_unique,1,1,1,WFO_offline_hierarchical,2026-06-24,817
Cicer echinospermum,cicer echinospermum,cicer echinospermum,Cicer echinospermum,wfo-0000185216,wfo-0000185216,Fabaceae,Cicer,species,accepted,accepted,exact_accepted,exact_accepted_unique,1,1,1,WFO_offline_hierarchical,2026-06-24,818
Cicer macracanthum,cicer macracanthum,cicer macracanthum,Cicer macracanthum,wfo-0000185217,wfo-0000185217,Fabaceae,Cicer,species,accepted,accepted,exact_accepted,exact_accepted_unique,1,1,1,WFO_offline_hierarchical,2026-06-24,819
Cicer microphyllum,cicer microphyllum,cicer microphyllum,Cicer microphyllum,wfo-0000189150,wfo-0000189150,Fabaceae,Cicer,species,accepted,accepted,exact_accepted,exact_accepted_unique,1,1,1,WFO_offline_hierarchical,2026-06-24,820
Cicer nuristanicum,cicer nuristanicum,cicer nuristanicum,Cicer nuristanicum,wfo-0000204289,wfo-0000204289,Fabaceae,Cicer,species,accepted,accepted,exact_accepted,exact_accepted_unique,1,1,1,WFO_offline_hierarchical,2026-06-24,821
Cicer oxyodon,cicer oxyodon,cicer oxyodon,NA,NA,NA,NA,NA,NA,NA,unresolved,unresolved,no_match,0,0,0,NA,2026-06-24,822
Cicer reticulatum,cicer reticulatum,cicer reticulatum,Cicer arietinum subsp. reticulatum,wfo-1200024028,wfo-1200024028,Fabaceae,Cicer,subspecies,synonym,synonym,exact_synonym,exact_synonym_unique,1,1,1,WFO_offline_hierarchical,2026-06-24,823
Cicer yamashitae,cicer yamashitae,cicer yamashitae,Cicer yamashitae,wfo-0000185220,wfo-0000185220,Fabaceae,Cicer,species,accepted,accepted,exact_accepted,exact_accepted_unique,1,1,1,WFO_offline_hierarchical,2026-06-24,824
Flemingia strobilifera,flemingia strobilifera,flemingia strobilifera,Flemingia strobilifera,wfo-0001057147,wfo-0001057147,Fabaceae,Flemingia,species,accepted,accepted,exact_accepted,exact_accepted_unique,1,1,1,WFO_offline_hierarchical,2026-06-24,825
Bidens campylotheca,bidens campylotheca,bidens campylotheca,Bidens campylotheca,wfo-0000080111,wfo-0000080111,Asteraceae,Bidens,species,accepted,accepted,exact_accepted,exact_accepted_unique,1,1,1,WFO_offline_hierarchical,2026-06-24,826
Monanthotaxis cauliflora,monanthotaxis cauliflora,monanthotaxis cauliflora,Monanthotaxis cauliflora,wfo-0000372978,wfo-0000372978,Annonaceae,Monanthotaxis,species,accepted,accepted,exact_accepted,exact_accepted_unique,1,1,1,WFO_offline_hierarchical,2026-06-24,827
Tephrosia vogelii,tephrosia vogelii,tephrosia vogelii,Tephrosia vogelii,wfo-0000204544,wfo-0000204544,Fabaceae,Tephrosia,species,accepted,accepted,exact_accepted,exact_accepted_unique,1,1,1,WFO_offline_hierarchical,2026-06-24,828
Tephrosia virginiana,tephrosia virginiana,tephrosia virginiana,Tephrosia virginiana,wfo-0000182218,wfo-0000182218,Fabaceae,Tephrosia,species,accepted,accepted,exact_accepted,exact_accepted_unique,1,1,1,WFO_offline_hierarchical,2026-06-24,829
Garcinia multiflora,garcinia multiflora,garcinia multiflora,Garcinia multiflora,wfo-0000694499,wfo-0000694499,Clusiaceae,Garcinia,species,accepted,accepted,exact_accepted,exact_accepted_unique,1,1,1,WFO_offline_hierarchical,2026-06-24,830
Garcinia gardneriana,garcinia gardneriana,garcinia gardneriana,Garcinia gardneriana,wfo-0000694322,wfo-0000694322,Clusiaceae,Garcinia,species,accepted,accepted,exact_accepted,exact_accepted_unique,1,1,1,WFO_offline_hierarchical,2026-06-24,831
Rhodiola semenovii,rhodiola semenovii,rhodiola semenovii,Rhodiola semenovii,wfo-0001299870,wfo-0001299870,Crassulaceae,Rhodiola,species,accepted,accepted,exact_accepted,exact_accepted_unique,1,1,1,WFO_offline_hierarchical,2026-06-24,832
Pyrola asarifolia,pyrola asarifolia,pyrola asarifolia,Pyrola asarifolia,wfo-0001128939,wfo-0001128939,Ericaceae,Pyrola,species,accepted,accepted,exact_accepted,exact_accepted_unique,1,1,1,WFO_offline_hierarchical,2026-06-24,833
Pyrola incarnata,pyrola incarnata,pyrola incarnata,Pyrola asarifolia,wfo-0001128939,wfo-0001128939,Ericaceae,Pyrola,species,synonym,synonym,exact_synonym,exact_synonym_unique,1,1,1,WFO_offline_hierarchical,2026-06-24,834
Pyrola,pyrola,pyrola,Pyrola,wfo-4000032303,wfo-4000032303,Ericaceae,Pyrola,genus,accepted,accepted,exact_accepted,exact_accepted_unique,1,1,1,WFO_offline_hierarchical,2026-06-24,835
Sanguisorba officinalis,sanguisorba officinalis,sanguisorba officinalis,Sanguisorba officinalis,wfo-0000983287,wfo-0000983287,Rosaceae,Sanguisorba,species,accepted,accepted,exact_accepted,exact_accepted_unique,1,1,1,WFO_offline_hierarchical,2026-06-24,836
Hoppea dichotoma,hoppea dichotoma,hoppea dichotoma,Hoppea dichotoma,wfo-0000724692,wfo-0000724692,Gentianaceae,Hoppea,species,accepted,accepted,exact_accepted,exact_accepted_unique,1,1,1,WFO_offline_hierarchical,2026-06-24,837
Dalbergia candenatensis,dalbergia candenatensis,dalbergia candenatensis,Dalbergia candenatensis,wfo-0000194807,wfo-0000194807,Fabaceae,Dalbergia,species,accepted,accepted,exact_accepted,exact_accepted_unique,1,1,1,WFO_offline_hierarchical,2026-06-24,838
Polytrichum commune,polytrichum commune,polytrichum commune,Polytrichum commune,wfo-0001160523,wfo-0001160523,Polytrichaceae,Polytrichum,species,accepted,accepted,exact_accepted,exact_accepted_unique,1,1,1,WFO_offline_hierarchical,2026-06-24,839
Gnidia involucrata,gnidia involucrata,gnidia involucrata,Gnidia involucrata,wfo-0000704854,wfo-0000704854,Thymelaeaceae,Gnidia,species,accepted,accepted,exact_accepted,exact_accepted_unique,1,1,1,WFO_offline_hierarchical,2026-06-24,840
Phytolacca americana,phytolacca americana,phytolacca americana,Phytolacca americana,wfo-0000482062,wfo-0000482062,Phytolaccaceae,Phytolacca,species,accepted,accepted,exact_accepted,exact_accepted_unique,1,1,1,WFO_offline_hierarchical,2026-06-24,841
Cryptocarya kurzii,cryptocarya kurzii,cryptocarya kurzii,Cryptocarya kurzii,wfo-0000627985,wfo-0000627985,Lauraceae,Cryptocarya,species,accepted,accepted,exact_accepted,exact_accepted_unique,1,1,1,WFO_offline_hierarchical,2026-06-24,842
Corymbia maculata,corymbia maculata,corymbia maculata,Corymbia maculata,wfo-0000925549,wfo-0000925549,Myrtaceae,Corymbia,species,accepted,accepted,exact_accepted,exact_accepted_unique,1,1,1,WFO_offline_hierarchical,2026-06-24,843
Eucalyptus maculata,eucalyptus maculata,eucalyptus maculata,Corymbia maculata,wfo-0000925549,wfo-0000925549,Myrtaceae,Corymbia,species,synonym,synonym,exact_synonym,exact_synonym_unique,1,1,1,WFO_offline_hierarchical,2026-06-24,844
Dendrolobium lanceolatum,dendrolobium lanceolatum,dendrolobium lanceolatum,Dendrolobium lanceolatum,wfo-0000197603,wfo-0000197603,Fabaceae,Dendrolobium,species,accepted,accepted,exact_accepted,exact_accepted_unique,1,1,1,WFO_offline_hierarchical,2026-06-24,845
Helichrysum oreophilum,helichrysum oreophilum,helichrysum oreophilum,Helichrysum oreophilum,wfo-0000022658,wfo-0000022658,Asteraceae,Helichrysum,species,accepted,accepted,exact_accepted,exact_accepted_unique,1,1,1,WFO_offline_hierarchical,2026-06-24,846
Millettia duchesnei,millettia duchesnei,millettia duchesnei,Millettia duchesnei,wfo-0000199865,wfo-0000199865,Fabaceae,Millettia,species,accepted,accepted,exact_accepted,exact_accepted_unique,1,1,1,WFO_offline_hierarchical,2026-06-24,847
Tephrosia strigosa,tephrosia strigosa,tephrosia strigosa,Tephrosia strigosa,wfo-0000185867,wfo-0000185867,Fabaceae,Tephrosia,species,accepted,accepted,exact_accepted,exact_accepted_unique,1,1,1,WFO_offline_hierarchical,2026-06-24,848
Garcinia conrauana,garcinia conrauana,garcinia conrauana,Garcinia kola,wfo-0000694394,wfo-0000694394,Clusiaceae,Garcinia,species,synonym,synonym,exact_synonym,exact_synonym_unique,1,1,1,WFO_offline_hierarchical,2026-06-24,849
Garcinia dulcis,garcinia dulcis,garcinia dulcis,Garcinia dulcis,wfo-0000694287,wfo-0000694287,Clusiaceae,Garcinia,species,accepted,accepted,exact_accepted,exact_accepted_unique,1,1,1,WFO_offline_hierarchical,2026-06-24,850
Garcinia morella,garcinia morella,garcinia morella,Garcinia cambogioides var. cambogioides,wfo-1200094414,wfo-1200094414,Clusiaceae,Garcinia,variety,synonym,synonym,exact_synonym,exact_synonym_unique,1,1,1,WFO_offline_hierarchical,2026-06-24,851
Garcinia cymosa,garcinia cymosa,garcinia cymosa,Garcinia cymosa,wfo-0000694258,wfo-0000694258,Clusiaceae,Garcinia,species,accepted,accepted,exact_accepted,exact_accepted_unique,1,1,1,WFO_offline_hierarchical,2026-06-24,852
Garcinia lateriflora,garcinia lateriflora,garcinia lateriflora,Garcinia lateriflora,wfo-0000694411,wfo-0000694411,Clusiaceae,Garcinia,species,accepted,accepted,exact_accepted,exact_accepted_unique,1,1,1,WFO_offline_hierarchical,2026-06-24,853
Garcinia densivenia,garcinia densivenia,garcinia densivenia,Garcinia densivenia,wfo-0000694275,wfo-0000694275,Clusiaceae,Garcinia,species,accepted,accepted,exact_accepted,exact_accepted_unique,1,1,1,WFO_offline_hierarchical,2026-06-24,854
Garcinia volkensii,garcinia volkensii,garcinia volkensii,Garcinia volkensii,wfo-0000694732,wfo-0000694732,Clusiaceae,Garcinia,species,accepted,accepted,exact_accepted,exact_accepted_unique,1,1,1,WFO_offline_hierarchical,2026-06-24,855
Garcinia livingstonei,garcinia livingstonei,garcinia livingstonei,Garcinia livingstonei,wfo-0000694422,wfo-0000694422,Clusiaceae,Garcinia,species,accepted,accepted,exact_accepted,exact_accepted_unique,1,1,1,WFO_offline_hierarchical,2026-06-24,856
Garcinia xanthochymus,garcinia xanthochymus,garcinia xanthochymus,Garcinia xanthochymus,wfo-0000694747,wfo-0000694747,Clusiaceae,Garcinia,species,accepted,accepted,exact_accepted,exact_accepted_unique,1,1,1,WFO_offline_hierarchical,2026-06-24,857
Garcinia xanthochymus ex,garcinia xanthochymus ex,garcinia xanthochymus,Garcinia xanthochymus,wfo-0000694747,wfo-0000694747,Clusiaceae,Garcinia,species,accepted,accepted,canonical,canonical_unique,1,1,1,WFO_offline_hierarchical,2026-06-24,858
Garcinia acuminata,garcinia acuminata,garcinia acuminata,Garcinia acuminata,wfo-0000694108,wfo-0000694108,Clusiaceae,Garcinia,species,accepted,accepted,exact_accepted,exact_accepted_unique,1,1,1,WFO_offline_hierarchical,2026-06-24,859
Garcinia intermedia,garcinia intermedia,garcinia intermedia,Garcinia intermedia,wfo-0000694376,wfo-0000694376,Clusiaceae,Garcinia,species,accepted,accepted,exact_accepted,exact_accepted_unique,1,1,1,WFO_offline_hierarchical,2026-06-24,860
Garcinia subelliptica,garcinia subelliptica,garcinia subelliptica,Garcinia subelliptica,wfo-0000694671,wfo-0000694671,Clusiaceae,Garcinia,species,accepted,accepted,exact_accepted,exact_accepted_unique,1,1,1,WFO_offline_hierarchical,2026-06-24,861
Garcinia atroviridis,garcinia atroviridis,garcinia atroviridis,Garcinia atroviridis,wfo-0000694142,wfo-0000694142,Clusiaceae,Garcinia,species,accepted,accepted,exact_accepted,exact_accepted_unique,1,1,1,WFO_offline_hierarchical,2026-06-24,862
Uvaria littoralis,uvaria littoralis,uvaria littoralis,Uvaria littoralis,wfo-0000416343,wfo-0000416343,Annonaceae,Uvaria,species,accepted,accepted,exact_accepted,exact_accepted_unique,1,1,1,WFO_offline_hierarchical,2026-06-24,863
Uvaria macrophylla,uvaria macrophylla,uvaria macrophylla,Uvaria littoralis,wfo-0000416343,wfo-0000416343,Annonaceae,Uvaria,species,synonym,synonym,exact_synonym,exact_synonym_unique,1,1,1,WFO_offline_hierarchical,2026-06-24,864
Alpinia katsumadai,alpinia katsumadai,alpinia katsumadai,Alpinia hainanensis,wfo-0000338515,wfo-0000338515,Zingiberaceae,Alpinia,species,synonym,synonym,exact_synonym,exact_synonym_unique,1,1,1,WFO_offline_hierarchical,2026-06-24,865
Goniothalamus gardneri,goniothalamus gardneri,goniothalamus gardneri,Goniothalamus gardneri,wfo-0000706484,wfo-0000706484,Annonaceae,Goniothalamus,species,accepted,accepted,exact_accepted,exact_accepted_unique,1,1,1,WFO_offline_hierarchical,2026-06-24,866
Coptis japonica,coptis japonica,coptis japonica,Coptis japonica,wfo-0000619855,wfo-0000619855,Ranunculaceae,Coptis,species,accepted,accepted,exact_accepted,exact_accepted_unique,1,1,1,WFO_offline_hierarchical,2026-06-24,867
Xanthorrhoea glauca,xanthorrhoea glauca,xanthorrhoea glauca,Xanthorrhoea glauca,wfo-0000751949,wfo-0000751949,Asphodelaceae,Xanthorrhoea,species,accepted,accepted,exact_accepted,exact_accepted_unique,1,1,1,WFO_offline_hierarchical,2026-06-24,868
Heliotropium indicum,heliotropium indicum,heliotropium indicum,Heliotropium indicum,wfo-0000718658,wfo-0000718658,Heliotropiaceae,Heliotropium,species,accepted,accepted,exact_accepted,exact_accepted_unique,1,1,1,WFO_offline_hierarchical,2026-06-24,869
Alpinia pinnanensis,alpinia pinnanensis,alpinia pinnanensis,Alpinia pinnanensis,wfo-0000338688,wfo-0000338688,Zingiberaceae,Alpinia,species,accepted,accepted,exact_accepted,exact_accepted_unique,1,1,1,WFO_offline_hierarchical,2026-06-24,870
Morus notabilis,morus notabilis,morus notabilis,Morus notabilis,wfo-0001240250,wfo-0001240250,Moraceae,Morus,species,accepted,accepted,exact_accepted,exact_accepted_unique,1,1,1,WFO_offline_hierarchical,2026-06-24,871
Glycyrrhiza eurycarpa,glycyrrhiza eurycarpa,glycyrrhiza eurycarpa,Glycyrrhiza inflata,wfo-0000186032,wfo-0000186032,Fabaceae,Glycyrrhiza,species,synonym,synonym,exact_synonym,exact_synonym_unique,1,1,1,WFO_offline_hierarchical,2026-06-24,872
Pogostemon cablin,pogostemon cablin,pogostemon cablin,Pogostemon cablin,wfo-0000279652,wfo-0000279652,Lamiaceae,Pogostemon,species,accepted,accepted,exact_accepted,exact_accepted_unique,1,1,1,WFO_offline_hierarchical,2026-06-24,873
Euphorbia helioscopia,euphorbia helioscopia,euphorbia helioscopia,Euphorbia helioscopia,wfo-0000962471,wfo-0000962471,Euphorbiaceae,Euphorbia,species,accepted,accepted,exact_accepted,exact_accepted_unique,1,1,1,WFO_offline_hierarchical,2026-06-24,874
Muscari neglectum,muscari neglectum,muscari neglectum,Muscari neglectum,wfo-0000694909,wfo-0000694909,Asparagaceae,Muscari,species,accepted,accepted,exact_accepted,exact_accepted_unique,1,1,1,WFO_offline_hierarchical,2026-06-24,875
Scilla luciliae,scilla luciliae,scilla luciliae,Scilla luciliae,wfo-0000741001,wfo-0000741001,Asparagaceae,Scilla,species,accepted,accepted,exact_accepted,exact_accepted_unique,1,1,1,WFO_offline_hierarchical,2026-06-24,876
Chionodoxa luciliae,chionodoxa luciliae,chionodoxa luciliae,Scilla luciliae,wfo-0000741001,wfo-0000741001,Asparagaceae,Scilla,species,synonym,synonym,exact_synonym,exact_synonym_unique,1,1,1,WFO_offline_hierarchical,2026-06-24,877
Leopoldia comosa,leopoldia comosa,leopoldia comosa,Leopoldia comosa,wfo-0000686250,wfo-0000686250,Asparagaceae,Leopoldia,species,accepted,accepted,exact_accepted,exact_accepted_unique,1,1,1,WFO_offline_hierarchical,2026-06-24,878
Muscari comosum,muscari comosum,muscari comosum,Leopoldia comosa,wfo-0000686250,wfo-0000686250,Asparagaceae,Leopoldia,species,synonym,synonym,exact_synonym,exact_synonym_unique,1,1,1,WFO_offline_hierarchical,2026-06-24,879
Merwilla plumbea,merwilla plumbea,merwilla plumbea,Merwilla plumbea,wfo-0000689696,wfo-0000689696,Asparagaceae,Merwilla,species,accepted,accepted,exact_accepted,exact_accepted_unique,1,1,1,WFO_offline_hierarchical,2026-06-24,880
Hijmania angusticornis,hijmania angusticornis,hijmania angusticornis,Hijmania angusticornis,wfo-0001344824,wfo-0001344824,Moraceae,Hijmania,species,accepted,accepted,exact_accepted,exact_accepted_unique,1,1,1,WFO_offline_hierarchical,2026-06-24,881
Cicer judaicum,cicer judaicum,cicer judaicum,Cicer judaicum,wfo-0000185225,wfo-0000185225,Fabaceae,Cicer,species,accepted,accepted,exact_accepted,exact_accepted_unique,1,1,1,WFO_offline_hierarchical,2026-06-24,882
Tanacetum sibiricum,tanacetum sibiricum,tanacetum sibiricum,Filifolium sibiricum,wfo-0000099453,wfo-0000099453,Asteraceae,Filifolium,species,synonym,synonym,exact_synonym,exact_synonym_unique,1,1,1,WFO_offline_hierarchical,2026-06-24,883
Eupatorium semiserratum,eupatorium semiserratum,eupatorium semiserratum,Eupatorium semiserratum,wfo-0000033206,wfo-0000033206,Asteraceae,Eupatorium,species,accepted,accepted,exact_accepted,exact_accepted_unique,1,1,1,WFO_offline_hierarchical,2026-06-24,884
Bracteantha viscosa,bracteantha viscosa,bracteantha viscosa,Xerochrysum viscosum,wfo-0000138174,wfo-0000138174,Asteraceae,Xerochrysum,species,synonym,synonym,exact_synonym,exact_synonym_unique,2,1,1,WFO_offline_hierarchical,2026-06-24,885
Xerochrysum viscosum,xerochrysum viscosum,xerochrysum viscosum,Xerochrysum viscosum,wfo-0000138174,wfo-0000138174,Asteraceae,Xerochrysum,species,accepted,accepted,exact_accepted,exact_accepted_unique,1,1,1,WFO_offline_hierarchical,2026-06-24,886
Scalesia baurii,scalesia baurii,scalesia baurii,Scalesia baurii,wfo-0000089800,wfo-0000089800,Asteraceae,Scalesia,species,accepted,accepted,exact_accepted,exact_accepted_unique,1,1,1,WFO_offline_hierarchical,2026-06-24,887
Scutellaria barbata,scutellaria barbata,scutellaria barbata,Scutellaria barbata,wfo-0000307648,wfo-0000307648,Lamiaceae,Scutellaria,species,accepted,accepted,exact_accepted,exact_accepted_unique,1,1,1,WFO_offline_hierarchical,2026-06-24,888
Mussaenda hirsutissima ex,mussaenda hirsutissima ex,mussaenda hirsutissima,Mussaenda hirsutissima,wfo-0000246592,wfo-0000246592,Rubiaceae,Mussaenda,species,accepted,accepted,canonical,canonical_unique,1,1,1,WFO_offline_hierarchical,2026-06-24,889
Zinnia angustifolia,zinnia angustifolia,zinnia angustifolia,Zinnia angustifolia,wfo-0000070874,wfo-0000070874,Asteraceae,Zinnia,species,accepted,accepted,exact_accepted,exact_accepted_unique,1,1,1,WFO_offline_hierarchical,2026-06-24,890
Zinnia elegans,zinnia elegans,zinnia elegans,Zinnia elegans,wfo-0000058494,wfo-0000058494;wfo-0000114531,Asteraceae,Zinnia,species,accepted,accepted,exact_accepted,exact_accepted_consensus_multiple_ids,2,2,1,WFO_offline_hierarchical,2026-06-24,891
Zinnia violacea,zinnia violacea,zinnia violacea,Zinnia violacea,wfo-0000131085,wfo-0000131085,Asteraceae,Zinnia,species,accepted,accepted,exact_accepted,exact_accepted_unique,1,1,1,WFO_offline_hierarchical,2026-06-24,892
Iryanthera grandis,iryanthera grandis,iryanthera grandis,Iryanthera grandis,wfo-0001085222,wfo-0001085222,Myristicaceae,Iryanthera,species,accepted,accepted,exact_accepted,exact_accepted_unique,1,1,1,WFO_offline_hierarchical,2026-06-24,893
Parameria laevigata,parameria laevigata,parameria laevigata,Urceola laevigata,wfo-0001425303,wfo-0001425303,Apocynaceae,Urceola,species,synonym,synonym,exact_synonym,exact_synonym_unique,1,1,1,WFO_offline_hierarchical,2026-06-24,894
Silybum marianum,silybum marianum,silybum marianum,Silybum marianum,wfo-0000014591,wfo-0000014591,Asteraceae,Silybum,species,accepted,accepted,exact_accepted,exact_accepted_unique,1,1,1,WFO_offline_hierarchical,2026-06-24,895
Taxillus kaempferi,taxillus kaempferi,taxillus kaempferi,Taxillus kaempferi,wfo-0001075797,wfo-0001075797,Loranthaceae,Taxillus,species,accepted,accepted,exact_accepted,exact_accepted_unique,1,1,1,WFO_offline_hierarchical,2026-06-24,896
Halothamnus somalensis,halothamnus somalensis,halothamnus somalensis,NA,NA,NA,NA,NA,NA,NA,unresolved,unresolved,no_match,0,0,0,NA,2026-06-24,897
Daphne holosericea,daphne holosericea,daphne holosericea,Daphne holosericea,wfo-0000637646,wfo-0000637646,Thymelaeaceae,Daphne,species,accepted,accepted,exact_accepted,exact_accepted_unique,1,1,1,WFO_offline_hierarchical,2026-06-24,898
Artocarpus,artocarpus,artocarpus,Artocarpus,wfo-4000003191,wfo-4000003191,Moraceae,Artocarpus,genus,accepted,accepted,exact_accepted,exact_accepted_unique,1,1,1,WFO_offline_hierarchical,2026-06-24,899
Baphia pubescens,baphia pubescens,baphia pubescens,Baphia pubescens,wfo-0000212030,wfo-0000212030,Fabaceae,Baphia,species,accepted,accepted,exact_accepted,exact_accepted_unique,1,1,1,WFO_offline_hierarchical,2026-06-24,900
Bergenia stracheyi,bergenia stracheyi,bergenia stracheyi,Bergenia stracheyi,wfo-0000564257,wfo-0000564257,Saxifragaceae,Bergenia,species,accepted,accepted,exact_accepted,exact_accepted_unique,1,1,1,WFO_offline_hierarchical,2026-06-24,901
Potentilla chrysantha,potentilla chrysantha,potentilla chrysantha,Potentilla chrysantha,wfo-0001004825,wfo-0001004825,Rosaceae,Potentilla,species,accepted,accepted,exact_accepted,exact_accepted_unique,1,1,1,WFO_offline_hierarchical,2026-06-24,902
Potentilla erecta,potentilla erecta,potentilla erecta,Potentilla erecta,wfo-0000984938,wfo-0000984938,Rosaceae,Potentilla,species,accepted,accepted,exact_accepted,exact_accepted_unique,1,1,1,WFO_offline_hierarchical,2026-06-24,903
Rheum palmatum,rheum palmatum,rheum palmatum,Rheum palmatum,wfo-0000404474,wfo-0000404474,Polygonaceae,Rheum,species,accepted,accepted,exact_accepted,exact_accepted_unique,1,1,1,WFO_offline_hierarchical,2026-06-24,904
Mallotus japonicus,mallotus japonicus,mallotus japonicus,Mallotus japonicus,wfo-0000234575,wfo-0000234575,Euphorbiaceae,Mallotus,species,accepted,accepted,exact_accepted,exact_accepted_unique,1,1,1,WFO_offline_hierarchical,2026-06-24,905
Lotus,lotus,lotus,Lotus,wfo-4000022302,wfo-4000022302,Fabaceae,Lotus,genus,accepted,accepted,exact_accepted,exact_accepted_unique,1,1,1,WFO_offline_hierarchical,2026-06-24,906
Eucalyptus ovata,eucalyptus ovata,eucalyptus ovata,Eucalyptus ovata,wfo-0000955524,wfo-0000955524,Myrtaceae,Eucalyptus,species,accepted,accepted,exact_accepted,exact_accepted_unique,1,1,1,WFO_offline_hierarchical,2026-06-24,907
Myriophyllum aquaticum,myriophyllum aquaticum,myriophyllum aquaticum,Myriophyllum aquaticum,wfo-0000373510,wfo-0000373510,Haloragaceae,Myriophyllum,species,accepted,accepted,exact_accepted,exact_accepted_unique,1,1,1,WFO_offline_hierarchical,2026-06-24,908
Platanus orientalis,platanus orientalis,platanus orientalis,Platanus orientalis,wfo-0000487086,wfo-0000487086,Platanaceae,Platanus,species,accepted,accepted,exact_accepted,exact_accepted_unique,1,1,1,WFO_offline_hierarchical,2026-06-24,909
Entada pervillei,entada pervillei,entada pervillei,Entada pervillei,wfo-0000195894,wfo-0000195894,Fabaceae,Entada,species,accepted,accepted,exact_accepted,exact_accepted_unique,1,1,1,WFO_offline_hierarchical,2026-06-24,910
Arbutus unedo,arbutus unedo,arbutus unedo,Arbutus unedo,wfo-0000543204,wfo-0000543204,Ericaceae,Arbutus,species,accepted,accepted,exact_accepted,exact_accepted_unique,1,1,1,WFO_offline_hierarchical,2026-06-24,911
Paeonia obovata,paeonia obovata,paeonia obovata,Paeonia obovata,wfo-0000480650,wfo-0000480650,Paeoniaceae,Paeonia,species,accepted,accepted,exact_accepted,exact_accepted_unique,1,1,1,WFO_offline_hierarchical,2026-06-24,912
Vanda,vanda,vanda,Vanda,wfo-4000039987,wfo-4000039987,Orchidaceae,Vanda,genus,accepted,accepted,exact_accepted,exact_accepted_unique,1,1,1,WFO_offline_hierarchical,2026-06-24,913
Balanophora fungosa,balanophora fungosa,balanophora fungosa,Balanophora fungosa,wfo-0000558654,wfo-0000558654,Balanophoraceae,Balanophora,species,accepted,accepted,exact_accepted,exact_accepted_unique,1,1,1,WFO_offline_hierarchical,2026-06-24,914
Machaerium aristulatum,machaerium aristulatum,machaerium aristulatum,Machaerium aristulatum,wfo-0000169275,wfo-0000169275,Fabaceae,Machaerium,species,accepted,accepted,exact_accepted,exact_accepted_unique,1,1,1,WFO_offline_hierarchical,2026-06-24,915
Millingtonia hortensis,millingtonia hortensis,millingtonia hortensis,Millingtonia hortensis,wfo-0000778968,wfo-0000778968,Bignoniaceae,Millingtonia,species,accepted,accepted,exact_accepted,exact_accepted_unique,1,1,1,WFO_offline_hierarchical,2026-06-24,916
Cotoneaster simonsii,cotoneaster simonsii,cotoneaster simonsii,Cotoneaster simonsii,wfo-0001012041,wfo-0001012041,Rosaceae,Cotoneaster,species,accepted,accepted,exact_accepted,exact_accepted_unique,1,1,1,WFO_offline_hierarchical,2026-06-24,917
Cotoneaster symondsii,cotoneaster symondsii,cotoneaster symondsii,Cotoneaster integrifolius,wfo-0000999681,wfo-0000999681,Rosaceae,Cotoneaster,species,synonym,synonym,exact_synonym,exact_synonym_unique,1,1,1,WFO_offline_hierarchical,2026-06-24,918
Patrinia villosa,patrinia villosa,patrinia villosa,Patrinia villosa,wfo-0001042177,wfo-0001042177;wfo-0001143747,Caprifoliaceae,Patrinia,species,accepted,accepted,exact_accepted,exact_accepted_consensus_multiple_ids,2,2,1,WFO_offline_hierarchical,2026-06-24,919
Piper umbellatum,piper umbellatum,piper umbellatum,Piper umbellatum,wfo-0000487600,wfo-0000487600,Piperaceae,Piper,species,accepted,accepted,exact_accepted,exact_accepted_unique,1,1,1,WFO_offline_hierarchical,2026-06-24,920
Vaccinium vitis-idaea,vaccinium vitis-idaea,vaccinium vitis-idaea,Vaccinium vitis-idaea,wfo-0000421966,wfo-0000421966,Ericaceae,Vaccinium,species,accepted,accepted,exact_accepted,exact_accepted_unique,1,1,1,WFO_offline_hierarchical,2026-06-24,921
Garcinia kola,garcinia kola,garcinia kola,Garcinia kola,wfo-0000694394,wfo-0000694394,Clusiaceae,Garcinia,species,accepted,accepted,exact_accepted,exact_accepted_unique,1,1,1,WFO_offline_hierarchical,2026-06-24,922
Aulacomnium,aulacomnium,aulacomnium,Aulacomnium,wfo-4000003661,wfo-4000003661,Aulacomniaceae,Aulacomnium,genus,accepted,accepted,exact_accepted,exact_accepted_unique,1,1,1,WFO_offline_hierarchical,2026-06-24,923
Aulacomnium androgynum,aulacomnium androgynum,aulacomnium androgynum,Aulacomnium androgynum,wfo-0001192470,wfo-0001192470,Aulacomniaceae,Aulacomnium,species,accepted,accepted,exact_accepted,exact_accepted_unique,1,1,1,WFO_offline_hierarchical,2026-06-24,924
Aulacomnium palustre,aulacomnium palustre,aulacomnium palustre,Aulacomnium palustre,wfo-0001192478,wfo-0001192478,Aulacomniaceae,Aulacomnium,species,accepted,accepted,exact_accepted,exact_accepted_unique,1,1,1,WFO_offline_hierarchical,2026-06-24,925
Lonchocarpus yucatanensis,lonchocarpus yucatanensis,lonchocarpus yucatanensis,Lonchocarpus yucatanensis,wfo-0000165972,wfo-0000165972,Fabaceae,Lonchocarpus,species,accepted,accepted,exact_accepted,exact_accepted_unique,1,1,1,WFO_offline_hierarchical,2026-06-24,926
Trifolium alexandrinum,trifolium alexandrinum,trifolium alexandrinum,Trifolium alexandrinum,wfo-0000212963,wfo-0000212963,Fabaceae,Trifolium,species,accepted,accepted,exact_accepted,exact_accepted_unique,1,1,1,WFO_offline_hierarchical,2026-06-24,927
Genista ephedroides,genista ephedroides,genista ephedroides,Genista ephedroides,wfo-0000213735,wfo-0000213735,Fabaceae,Genista,species,accepted,accepted,exact_accepted,exact_accepted_unique,1,1,1,WFO_offline_hierarchical,2026-06-24,928
Prunus armeniaca,prunus armeniaca,prunus armeniaca,Prunus armeniaca,wfo-0000991689,wfo-0000991689,Rosaceae,Prunus,species,accepted,accepted,exact_accepted,exact_accepted_unique,1,1,1,WFO_offline_hierarchical,2026-06-24,929
Ficus septica,ficus septica,ficus septica,Ficus septica,wfo-0000690291,wfo-0000690291,Moraceae,Ficus,species,accepted,accepted,exact_accepted,exact_accepted_unique,1,1,1,WFO_offline_hierarchical,2026-06-24,930
Senecio pseudotites,senecio pseudotites,senecio pseudotites,Senecio pseudotites,wfo-0000031737,wfo-0000031737,Asteraceae,Senecio,species,accepted,accepted,exact_accepted,exact_accepted_unique,1,1,1,WFO_offline_hierarchical,2026-06-24,931
Tripterospermum lanceolatum ex,tripterospermum lanceolatum ex,tripterospermum lanceolatum,Tripterospermum lanceolatum,wfo-0001063743,wfo-0001063743,Gentianaceae,Tripterospermum,species,accepted,accepted,canonical,canonical_unique,1,1,1,WFO_offline_hierarchical,2026-06-24,932
Persicaria nepalensis,persicaria nepalensis,persicaria nepalensis,Persicaria nepalensis,wfo-0000488438,wfo-0000488438,Polygonaceae,Persicaria,species,accepted,accepted,exact_accepted,exact_accepted_unique,1,1,1,WFO_offline_hierarchical,2026-06-24,933
Tephrosia leiocarpa,tephrosia leiocarpa,tephrosia leiocarpa,Tephrosia leiocarpa,wfo-0000164669,wfo-0000164669,Fabaceae,Tephrosia,species,accepted,accepted,exact_accepted,exact_accepted_unique,1,1,1,WFO_offline_hierarchical,2026-06-24,934
Begonia nantoensis,begonia nantoensis,begonia nantoensis,Begonia nantoensis,wfo-0000824893,wfo-0000824893,Begoniaceae,Begonia,species,accepted,accepted,exact_accepted,exact_accepted_unique,1,1,1,WFO_offline_hierarchical,2026-06-24,935
Sophora microphylla,sophora microphylla,sophora microphylla,Sophora microphylla,wfo-0000174272,wfo-0000174272,Fabaceae,Sophora,species,accepted,accepted,exact_accepted,exact_accepted_unique,1,1,1,WFO_offline_hierarchical,2026-06-24,936
Hovea parvicalyx,hovea parvicalyx,hovea parvicalyx,Hovea parvicalyx,wfo-0000194949,wfo-0000194949,Fabaceae,Hovea,species,accepted,accepted,exact_accepted,exact_accepted_unique,1,1,1,WFO_offline_hierarchical,2026-06-24,937
Miconia myriantha,miconia myriantha,miconia myriantha,Miconia myriantha,wfo-0001080855,wfo-0001080855,Melastomataceae,Miconia,species,accepted,accepted,exact_accepted,exact_accepted_unique,1,1,1,WFO_offline_hierarchical,2026-06-24,938
Deguelia hatschbachii,deguelia hatschbachii,deguelia hatschbachii,Deguelia hatschbachii,wfo-0001253332,wfo-0001253332,Fabaceae,Deguelia,species,accepted,accepted,exact_accepted,exact_accepted_unique,1,1,1,WFO_offline_hierarchical,2026-06-24,939
Stryphnodendron adstringens,stryphnodendron adstringens,stryphnodendron adstringens,Stryphnodendron adstringens,wfo-0000164061,wfo-0000164061,Fabaceae,Stryphnodendron,species,accepted,accepted,exact_accepted,exact_accepted_unique,1,1,1,WFO_offline_hierarchical,2026-06-24,940
Uvariastrum dependens,uvariastrum dependens,uvariastrum dependens,Uvaria dependens,wfo-0001066243,wfo-0001066243,Annonaceae,Uvaria,species,synonym,synonym,exact_synonym,exact_synonym_unique,1,1,1,WFO_offline_hierarchical,2026-06-24,941
Dianthus caryophyllus,dianthus caryophyllus,dianthus caryophyllus,Dianthus caryophyllus,wfo-0000643278,wfo-0000643278,Caryophyllaceae,Dianthus,species,accepted,accepted,exact_accepted,exact_accepted_unique,1,1,1,WFO_offline_hierarchical,2026-06-24,942
Goniorrhachis marginata,goniorrhachis marginata,goniorrhachis marginata,Goniorrhachis marginata,wfo-0000163993,wfo-0000163993,Fabaceae,Goniorrhachis,species,accepted,accepted,exact_accepted,exact_accepted_unique,1,1,1,WFO_offline_hierarchical,2026-06-24,943
Acacia rubida,acacia rubida,acacia rubida,Acacia rubida,wfo-0000185323,wfo-0000185323,Fabaceae,Acacia,species,accepted,accepted,exact_accepted,exact_accepted_unique,1,1,1,WFO_offline_hierarchical,2026-06-24,944
Acacia saxatilis,acacia saxatilis,acacia saxatilis,Acacia saxatilis,wfo-0000185329,wfo-0000185329,Fabaceae,Acacia,species,accepted,accepted,exact_accepted,exact_accepted_unique,1,1,1,WFO_offline_hierarchical,2026-06-24,945
Celastrus orbiculatus,celastrus orbiculatus,celastrus orbiculatus,Celastrus orbiculatus,wfo-0000592852,wfo-0000592852,Celastraceae,Celastrus,species,accepted,accepted,exact_accepted,exact_accepted_unique,1,1,1,WFO_offline_hierarchical,2026-06-24,946
Agave americana,agave americana,agave americana,Agave americana,wfo-0000754119,wfo-0000754119,Asparagaceae,Agave,species,accepted,accepted,exact_accepted,exact_accepted_unique,1,1,1,WFO_offline_hierarchical,2026-06-24,947
Allium cepa,allium cepa,allium cepa,Allium cepa,wfo-0000755919,wfo-0000755919,Amaryllidaceae,Allium,species,accepted,accepted,exact_accepted,exact_accepted_unique,1,1,1,WFO_offline_hierarchical,2026-06-24,948
Dalbergia ecastaphyllum,dalbergia ecastaphyllum,dalbergia ecastaphyllum,Dalbergia ecastaphyllum,wfo-0000172030,wfo-0000172030,Fabaceae,Dalbergia,species,accepted,accepted,exact_accepted,exact_accepted_unique,1,1,1,WFO_offline_hierarchical,2026-06-24,949
Indigofera aspalathoides,indigofera aspalathoides,indigofera aspalathoides,Indigofera aspalathoides,wfo-0000205129,wfo-0000205129,Fabaceae,Indigofera,species,accepted,accepted,exact_accepted,exact_accepted_unique,1,1,1,WFO_offline_hierarchical,2026-06-24,950
Astragalus cicer,astragalus cicer,astragalus cicer,Astragalus cicer,wfo-0000213547,wfo-0000213547,Fabaceae,Astragalus,species,accepted,accepted,exact_accepted,exact_accepted_unique,1,1,1,WFO_offline_hierarchical,2026-06-24,951
Centrolobium paraense,centrolobium paraense,centrolobium paraense,Centrolobium paraense,wfo-0000171654,wfo-0000171654,Fabaceae,Centrolobium,species,accepted,accepted,exact_accepted,exact_accepted_unique,1,1,1,WFO_offline_hierarchical,2026-06-24,952
Centrolobium sclerophyllum,centrolobium sclerophyllum,centrolobium sclerophyllum,Centrolobium sclerophyllum,wfo-0000186728,wfo-0000186728,Fabaceae,Centrolobium,species,accepted,accepted,exact_accepted,exact_accepted_unique,1,1,1,WFO_offline_hierarchical,2026-06-24,953
Mucuna birdwoodiana,mucuna birdwoodiana,mucuna birdwoodiana,Mucuna birdwoodiana,wfo-0000185575,wfo-0000185575,Fabaceae,Mucuna,species,accepted,accepted,exact_accepted,exact_accepted_unique,1,1,1,WFO_offline_hierarchical,2026-06-24,954
Senegalia galpinii,senegalia galpinii,senegalia galpinii,Senegalia galpinii,wfo-0000745786,wfo-0000745786,Fabaceae,Senegalia,species,accepted,accepted,exact_accepted,exact_accepted_unique,1,1,1,WFO_offline_hierarchical,2026-06-24,955
Acacia galpinii,acacia galpinii,acacia galpinii,Senegalia galpinii,wfo-0000745786,wfo-0000745786,Fabaceae,Senegalia,species,synonym,synonym,exact_synonym,exact_synonym_unique,1,1,1,WFO_offline_hierarchical,2026-06-24,956
Krameria lanceolata,krameria lanceolata,krameria lanceolata,Krameria lanceolata,wfo-0001069551,wfo-0001069551,Krameriaceae,Krameria,species,accepted,accepted,exact_accepted,exact_accepted_unique,1,1,1,WFO_offline_hierarchical,2026-06-24,957
Krameria lappacea,krameria lappacea,krameria lappacea,Krameria lappacea,wfo-0001069555,wfo-0001069555,Krameriaceae,Krameria,species,accepted,accepted,exact_accepted,exact_accepted_unique,1,1,1,WFO_offline_hierarchical,2026-06-24,958
Limonium sinense,limonium sinense,limonium sinense,Limonium sinense,wfo-0001095301,wfo-0001095301,Plumbaginaceae,Limonium,species,accepted,accepted,exact_accepted,exact_accepted_unique,1,1,1,WFO_offline_hierarchical,2026-06-24,959
Sophora fraseri,sophora fraseri,sophora fraseri,Sophora fraseri,wfo-0000187973,wfo-0000187973,Fabaceae,Sophora,species,accepted,accepted,exact_accepted,exact_accepted_unique,1,1,1,WFO_offline_hierarchical,2026-06-24,960
Quintinia acutifolia,quintinia acutifolia,quintinia acutifolia,Quintinia serrata,wfo-0000733598,wfo-0000733598,Paracryphiaceae,Quintinia,species,synonym,synonym,exact_synonym,exact_synonym_unique,1,1,1,WFO_offline_hierarchical,2026-06-24,961
Bolusanthus speciosus,bolusanthus speciosus,bolusanthus speciosus,Bolusanthus speciosus,wfo-0000212048,wfo-0000212048,Fabaceae,Bolusanthus,species,accepted,accepted,exact_accepted,exact_accepted_unique,1,1,1,WFO_offline_hierarchical,2026-06-24,962
Vitex tripinnata,vitex tripinnata,vitex tripinnata,Vitex tripinnata,wfo-0000333515,wfo-0000333515,Lamiaceae,Vitex,species,accepted,accepted,exact_accepted,exact_accepted_unique,1,1,1,WFO_offline_hierarchical,2026-06-24,963
Lonchocarpus orotinus,lonchocarpus orotinus,lonchocarpus orotinus,Lonchocarpus parviflorus,wfo-0000173727,wfo-0000173727,Fabaceae,Lonchocarpus,species,synonym,synonym,exact_synonym,exact_synonym_unique,2,1,1,WFO_offline_hierarchical,2026-06-24,964
Arabidopsis thaliana,arabidopsis thaliana,arabidopsis thaliana,Arabidopsis thaliana,wfo-0000541830,wfo-0000541830,Brassicaceae,Arabidopsis,species,accepted,accepted,exact_accepted,exact_accepted_unique,1,1,1,WFO_offline_hierarchical,2026-06-24,965
Dalea purpurea,dalea purpurea,dalea purpurea,Dalea purpurea,wfo-0000169115,wfo-0000169115,Fabaceae,Dalea,species,accepted,accepted,exact_accepted,exact_accepted_unique,1,1,1,WFO_offline_hierarchical,2026-06-24,966
Piper sanctum,piper sanctum,piper sanctum,Piper auritum,wfo-0000479549,wfo-0000479549,Piperaceae,Piper,species,synonym,synonym,exact_synonym,exact_synonym_unique,1,1,1,WFO_offline_hierarchical,2026-06-24,967
Dracaena cambodiana,dracaena cambodiana,dracaena cambodiana,Dracaena cambodiana,wfo-0000765700,wfo-0000765700,Asparagaceae,Dracaena,species,accepted,accepted,exact_accepted,exact_accepted_unique,1,1,1,WFO_offline_hierarchical,2026-06-24,968
Wyethia glabra,wyethia glabra,wyethia glabra,NA,NA,NA,NA,NA,NA,NA,unresolved,unresolved,no_match,0,0,0,NA,2026-06-24,969
Caragana conferta,caragana conferta,caragana conferta,Caragana conferta,wfo-0000186887,wfo-0000186887,Fabaceae,Caragana,species,accepted,accepted,exact_accepted,exact_accepted_unique,1,1,1,WFO_offline_hierarchical,2026-06-24,970
Paramignya griffithii,paramignya griffithii,paramignya griffithii,Paramignya scandens var. scandens,wfo-1200112385,wfo-1200112385,Rutaceae,Paramignya,variety,synonym,synonym,exact_synonym,exact_synonym_unique,1,1,1,WFO_offline_hierarchical,2026-06-24,971
Paramignya scandens,paramignya scandens,paramignya scandens,Paramignya scandens,wfo-0000470443,wfo-0000470443,Rutaceae,Paramignya,species,accepted,accepted,exact_accepted,exact_accepted_unique,1,1,1,WFO_offline_hierarchical,2026-06-24,972
Glycine canescens,glycine canescens,glycine canescens,Glycine canescens,wfo-0000187275,wfo-0000187275,Fabaceae,Glycine,species,accepted,accepted,exact_accepted,exact_accepted_unique,1,1,1,WFO_offline_hierarchical,2026-06-24,973
Glycine clandestina,glycine clandestina,glycine clandestina,Glycine clandestina,wfo-0001053577,wfo-0001053577,Fabaceae,Glycine,species,accepted,accepted,exact_accepted,exact_accepted_unique,1,1,1,WFO_offline_hierarchical,2026-06-24,974
Glycine falcata,glycine falcata,glycine falcata,Glycine falcata,wfo-0000187286,wfo-0000187286,Fabaceae,Glycine,species,accepted,accepted,exact_accepted,exact_accepted_unique,1,1,1,WFO_offline_hierarchical,2026-06-24,975
Glycine latifolia,glycine latifolia,glycine latifolia,Glycine latifolia,wfo-0000187287,wfo-0000187287,Fabaceae,Glycine,species,accepted,accepted,exact_accepted,exact_accepted_unique,1,1,1,WFO_offline_hierarchical,2026-06-24,976
Glycine latrobeana,glycine latrobeana,glycine latrobeana,Glycine latrobeana,wfo-0000187290,wfo-0000187290,Fabaceae,Glycine,species,accepted,accepted,exact_accepted,exact_accepted_unique,1,1,1,WFO_offline_hierarchical,2026-06-24,977
Glycine tabacina,glycine tabacina,glycine tabacina,Glycine tabacina,wfo-0000181473,wfo-0000181473,Fabaceae,Glycine,species,accepted,accepted,exact_accepted,exact_accepted_unique,1,1,1,WFO_offline_hierarchical,2026-06-24,978
Glycine tomentella,glycine tomentella,glycine tomentella,Glycine tomentella,wfo-0000194832,wfo-0000194832,Fabaceae,Glycine,species,accepted,accepted,exact_accepted,exact_accepted_unique,1,1,1,WFO_offline_hierarchical,2026-06-24,979
Prunus leveilleana,prunus leveilleana,prunus leveilleana,Prunus leveilleana,wfo-0001017529,wfo-0001017529,Rosaceae,Prunus,species,accepted,accepted,exact_accepted,exact_accepted_unique,1,1,1,WFO_offline_hierarchical,2026-06-24,980
Rosa chinensis,rosa chinensis,rosa chinensis,Rosa chinensis,wfo-0001014372,wfo-0001014372,Rosaceae,Rosa,species,accepted,accepted,exact_accepted,exact_accepted_unique,1,1,1,WFO_offline_hierarchical,2026-06-24,981
Cryptocarya concinna,cryptocarya concinna,cryptocarya concinna,Cryptocarya concinna,wfo-0000627846,wfo-0000627846,Lauraceae,Cryptocarya,species,accepted,accepted,exact_accepted,exact_accepted_unique,1,1,1,WFO_offline_hierarchical,2026-06-24,982
Eriocaulon buergerianum,eriocaulon buergerianum,eriocaulon buergerianum,Eriocaulon buergerianum,wfo-0000409554,wfo-0000409554,Eriocaulaceae,Eriocaulon,species,accepted,accepted,exact_accepted,exact_accepted_unique,1,1,1,WFO_offline_hierarchical,2026-06-24,983
Spiraea formosa,spiraea formosa,spiraea formosa,NA,NA,NA,NA,NA,NA,NA,unresolved,unresolved,no_match,0,0,0,NA,2026-06-24,984
Spiraea formosana,spiraea formosana,spiraea formosana,Spiraea japonica var. formosana,wfo-0001016316,wfo-0001016316,Rosaceae,Spiraea,variety,synonym,synonym,exact_synonym,exact_synonym_unique,1,1,1,WFO_offline_hierarchical,2026-06-24,985
Poecilanthe parviflora,poecilanthe parviflora,poecilanthe parviflora,Poecilanthe parviflora,wfo-0000174234,wfo-0000174234,Fabaceae,Poecilanthe,species,accepted,accepted,exact_accepted,exact_accepted_unique,1,1,1,WFO_offline_hierarchical,2026-06-24,986
Eriophorum scheuchzeri,eriophorum scheuchzeri,eriophorum scheuchzeri,Eriophorum scheuchzeri,wfo-0000415114,wfo-0000415114,Cyperaceae,Eriophorum,species,accepted,accepted,exact_accepted,exact_accepted_unique,1,1,1,WFO_offline_hierarchical,2026-06-24,987
Salix sieboldiana,salix sieboldiana,salix sieboldiana,Salix sieboldiana,wfo-0000930242,wfo-0000930242,Salicaceae,Salix,species,accepted,accepted,exact_accepted,exact_accepted_unique,1,1,1,WFO_offline_hierarchical,2026-06-24,988
Corydalis bulbosa,corydalis bulbosa,corydalis bulbosa,Corydalis solida,wfo-0000622894,wfo-0000622894,Papaveraceae,Corydalis,species,synonym,synonym,exact_synonym,exact_synonym_unique,1,1,1,WFO_offline_hierarchical,2026-06-24,989
Corydalis solida,corydalis solida,corydalis solida,Corydalis solida,wfo-0000622894,wfo-0000622894,Papaveraceae,Corydalis,species,accepted,accepted,exact_accepted,exact_accepted_unique,1,1,1,WFO_offline_hierarchical,2026-06-24,990
Parartocarpus venenosa,parartocarpus venenosa,parartocarpus venenosa,NA,NA,NA,NA,NA,NA,NA,unresolved,unresolved,no_match,0,0,0,NA,2026-06-24,991
Trigonella foenum-graecum,trigonella foenum-graecum,trigonella foenum-graecum,Trigonella foenum-graecum,wfo-0000212944,wfo-0000212944,Fabaceae,Trigonella,species,accepted,accepted,exact_accepted,exact_accepted_unique,1,1,1,WFO_offline_hierarchical,2026-06-24,992
Dalbergia lanceolaria,dalbergia lanceolaria,dalbergia lanceolaria,Dalbergia lanceolaria,wfo-0000172222,wfo-0000172222,Fabaceae,Dalbergia,species,accepted,accepted,exact_accepted,exact_accepted_unique,1,1,1,WFO_offline_hierarchical,2026-06-24,993
Rosa davurica,rosa davurica,rosa davurica,Rosa davurica,wfo-0001007078,wfo-0001007078,Rosaceae,Rosa,species,accepted,accepted,exact_accepted,exact_accepted_unique,1,1,1,WFO_offline_hierarchical,2026-06-24,994
Derris reticulata,derris reticulata,derris reticulata,Derris reticulata,wfo-0000200311,wfo-0000200311,Fabaceae,Derris,species,accepted,accepted,exact_accepted,exact_accepted_unique,1,1,1,WFO_offline_hierarchical,2026-06-24,995
Trichoscypha acuminata,trichoscypha acuminata,trichoscypha acuminata,Trichoscypha acuminata,wfo-0000409281,wfo-0000409281,Anacardiaceae,Trichoscypha,species,accepted,accepted,exact_accepted,exact_accepted_unique,1,1,1,WFO_offline_hierarchical,2026-06-24,996
Abies nephrolepis,abies nephrolepis,abies nephrolepis,Abies nephrolepis,wfo-0000511289,wfo-0000511289,Pinaceae,Abies,species,accepted,accepted,exact_accepted,exact_accepted_unique,1,1,1,WFO_offline_hierarchical,2026-06-24,997
Salix interior,salix interior,salix interior,Salix interior,wfo-0000928909,wfo-0000928909,Salicaceae,Salix,species,accepted,accepted,exact_accepted,exact_accepted_unique,1,1,1,WFO_offline_hierarchical,2026-06-24,998
Salix rubra,salix rubra,salix rubra,Salix interior,wfo-0000928909,wfo-0000928909,Salicaceae,Salix,species,synonym,synonym,exact_synonym,exact_synonym_unique,1,1,1,WFO_offline_hierarchical,2026-06-24,999
Salix purpurea,salix purpurea,salix purpurea,Salix purpurea,wfo-0000930408,wfo-0000930408,Salicaceae,Salix,species,accepted,accepted,exact_accepted,exact_accepted_unique,1,1,1,WFO_offline_hierarchical,2026-06-24,1000
Glebionis coronaria,glebionis coronaria,glebionis coronaria,Glebionis coronaria,wfo-0000072121,wfo-0000072121,Asteraceae,Glebionis,species,accepted,accepted,exact_accepted,exact_accepted_unique,1,1,1,WFO_offline_hierarchical,2026-06-24,1001
Glebionis coronarium,glebionis coronarium,glebionis coronarium,NA,NA,NA,NA,NA,NA,NA,unresolved,unresolved,no_match,0,0,0,NA,2026-06-24,1002
Nymphaea caerulea,nymphaea caerulea,nymphaea caerulea,Nymphaea nouchali var. caerulea,wfo-0000382052,wfo-0000382052,Nymphaeaceae,Nymphaea,variety,synonym,synonym,exact_synonym,exact_synonym_unique,1,1,1,WFO_offline_hierarchical,2026-06-24,1003
Helichrysum armenium,helichrysum armenium,helichrysum armenium,Helichrysum armenium,wfo-0000008912,wfo-0000008912,Asteraceae,Helichrysum,species,accepted,accepted,exact_accepted,exact_accepted_unique,1,1,1,WFO_offline_hierarchical,2026-06-24,1004
Sarcophyte piriei,sarcophyte piriei,sarcophyte piriei,Sarcophyte piriei,wfo-0001140478,wfo-0001140478,Balanophoraceae,Sarcophyte,species,accepted,accepted,exact_accepted,exact_accepted_unique,1,1,1,WFO_offline_hierarchical,2026-06-24,1005
Sarcophyte,sarcophyte,sarcophyte,Sarcophyte,wfo-4000034069,wfo-4000034069,Balanophoraceae,Sarcophyte,genus,accepted,accepted,exact_accepted,exact_accepted_unique,1,1,1,WFO_offline_hierarchical,2026-06-24,1006
Helichrysum stoechas,helichrysum stoechas,helichrysum stoechas,Helichrysum stoechas,wfo-0000000535,wfo-0000000535;wfo-0000029899,Asteraceae,Helichrysum,species,accepted,accepted,exact_accepted,exact_accepted_consensus_multiple_ids,2,2,1,WFO_offline_hierarchical,2026-06-24,1007
Lychnophora pohlii,lychnophora pohlii,lychnophora pohlii,Lychnophora pohlii,wfo-0000027003,wfo-0000027003,Asteraceae,Lychnophora,species,accepted,accepted,exact_accepted,exact_accepted_unique,1,1,1,WFO_offline_hierarchical,2026-06-24,1008
Greyia flanaganii,greyia flanaganii,greyia flanaganii,Greyia flanaganii,wfo-0000710418,wfo-0000710418,Francoaceae,Greyia,species,accepted,accepted,exact_accepted,exact_accepted_unique,1,1,1,WFO_offline_hierarchical,2026-06-24,1009
Ozothamnus stirlingii,ozothamnus stirlingii,ozothamnus stirlingii,Ozothamnus stirlingii,wfo-0000091572,wfo-0000091572,Asteraceae,Ozothamnus,species,accepted,accepted,exact_accepted,exact_accepted_unique,1,1,1,WFO_offline_hierarchical,2026-06-24,1010
Xanthorrhoea resinosa,xanthorrhoea resinosa,xanthorrhoea resinosa,Xanthorrhoea resinosa,wfo-0000753886,wfo-0000753886,Asphodelaceae,Xanthorrhoea,species,accepted,accepted,exact_accepted,exact_accepted_unique,1,1,1,WFO_offline_hierarchical,2026-06-24,1011
Viscum album,viscum album,viscum album,Viscum album,wfo-0000424722,wfo-0000424722,Santalaceae,Viscum,species,accepted,accepted,exact_accepted,exact_accepted_unique,1,1,1,WFO_offline_hierarchical,2026-06-24,1012
Arachniodes carvifolia,arachniodes carvifolia,arachniodes carvifolia,Arachniodes carvifolia,wfo-0001109163,wfo-0001109163,Dryopteridaceae,Arachniodes,species,accepted,accepted,exact_accepted,exact_accepted_unique,1,1,1,WFO_offline_hierarchical,2026-06-24,1013
Arachniodes cornucervi,arachniodes cornucervi,arachniodes cornucervi,Arachniodes cornucervi,wfo-0001035850,wfo-0001035850,Dryopteridaceae,Arachniodes,species,accepted,accepted,exact_accepted,exact_accepted_unique,1,1,1,WFO_offline_hierarchical,2026-06-24,1014
Wyethia helenioides,wyethia helenioides,wyethia helenioides,Wyethia helenioides,wfo-0000073335,wfo-0000073335,Asteraceae,Wyethia,species,accepted,accepted,exact_accepted,exact_accepted_unique,1,1,1,WFO_offline_hierarchical,2026-06-24,1015
Agnorhiza invenusta,agnorhiza invenusta,agnorhiza invenusta,Agnorhiza invenusta,wfo-0000077266,wfo-0000077266,Asteraceae,Agnorhiza,species,accepted,accepted,exact_accepted,exact_accepted_unique,1,1,1,WFO_offline_hierarchical,2026-06-24,1016
Macaranga denticulata,macaranga denticulata,macaranga denticulata,Macaranga denticulata,wfo-0000231917,wfo-0000231917,Euphorbiaceae,Macaranga,species,accepted,accepted,exact_accepted,exact_accepted_unique,1,1,1,WFO_offline_hierarchical,2026-06-24,1017
Asarum canadense,asarum canadense,asarum canadense,Asarum canadense,wfo-0000550779,wfo-0000550779,Aristolochiaceae,Asarum,species,accepted,accepted,exact_accepted,exact_accepted_unique,1,1,1,WFO_offline_hierarchical,2026-06-24,1018
Fagus sylvatica,fagus sylvatica,fagus sylvatica,Fagus sylvatica,wfo-0000966507,wfo-0000966507,Fagaceae,Fagus,species,accepted,accepted,exact_accepted,exact_accepted_unique,1,1,1,WFO_offline_hierarchical,2026-06-24,1019
Pyrola elliptica,pyrola elliptica,pyrola elliptica,Pyrola elliptica,wfo-0000396294,wfo-0000396294,Ericaceae,Pyrola,species,accepted,accepted,exact_accepted,exact_accepted_unique,1,1,1,WFO_offline_hierarchical,2026-06-24,1020
Crataegus sinaica,crataegus sinaica,crataegus sinaica,Crataegus sinaica,wfo-0000989856,wfo-0000989856,Rosaceae,Crataegus,species,accepted,accepted,exact_accepted,exact_accepted_unique,1,1,1,WFO_offline_hierarchical,2026-06-24,1021
Thujopsis dolabrata,thujopsis dolabrata,thujopsis dolabrata,Thujopsis dolabrata,wfo-0000409024,wfo-0000409024,Cupressaceae,Thujopsis,species,accepted,accepted,exact_accepted,exact_accepted_unique,1,1,1,WFO_offline_hierarchical,2026-06-24,1022
Acacia crombiei,acacia crombiei,acacia crombiei,Acacia crombiei,wfo-0000186425,wfo-0000186425,Fabaceae,Acacia,species,accepted,accepted,exact_accepted,exact_accepted_unique,1,1,1,WFO_offline_hierarchical,2026-06-24,1023
Dorstenia dinklagei,dorstenia dinklagei,dorstenia dinklagei,Dorstenia dinklagei,wfo-0000654384,wfo-0000654384,Moraceae,Dorstenia,species,accepted,accepted,exact_accepted,exact_accepted_unique,1,1,1,WFO_offline_hierarchical,2026-06-24,1024
Pongamiopsis pervilleana,pongamiopsis pervilleana,pongamiopsis pervilleana,Pongamiopsis pervilleana,wfo-0000196269,wfo-0000196269,Fabaceae,Pongamiopsis,species,accepted,accepted,exact_accepted,exact_accepted_unique,1,1,1,WFO_offline_hierarchical,2026-06-24,1025
Prosopis glandulosa,prosopis glandulosa,prosopis glandulosa,Neltuma glandulosa,wfo-0000170593,wfo-0000170593,Fabaceae,Neltuma,species,synonym,synonym,exact_synonym,exact_synonym_unique,1,1,1,WFO_offline_hierarchical,2026-06-24,1026
Phyllocladus trichomanoides,phyllocladus trichomanoides,phyllocladus trichomanoides,Phyllocladus trichomanoides,wfo-0000481971,wfo-0000481971,Podocarpaceae,Phyllocladus,species,accepted,accepted,exact_accepted,exact_accepted_unique,1,1,1,WFO_offline_hierarchical,2026-06-24,1027
Schisandra lancifolia,schisandra lancifolia,schisandra lancifolia,Schisandra lancifolia,wfo-0000495103,wfo-0000495103,Schisandraceae,Schisandra,species,accepted,accepted,exact_accepted,exact_accepted_unique,1,1,1,WFO_offline_hierarchical,2026-06-24,1028
Pterocaulon virgatum,pterocaulon virgatum,pterocaulon virgatum,Pterocaulon virgatum,wfo-0000135734,wfo-0000135734,Asteraceae,Pterocaulon,species,accepted,accepted,exact_accepted,exact_accepted_unique,1,1,1,WFO_offline_hierarchical,2026-06-24,1029
Moquiniastrum paniculatum,moquiniastrum paniculatum,moquiniastrum paniculatum,Moquiniastrum paniculatum,wfo-0001318544,wfo-0001318544,Asteraceae,Moquiniastrum,species,accepted,accepted,exact_accepted,exact_accepted_unique,1,1,1,WFO_offline_hierarchical,2026-06-24,1030
Byrsonima coccolobifolia,byrsonima coccolobifolia,byrsonima coccolobifolia,Byrsonima coccolobifolia,wfo-0000576768,wfo-0000576768,Malpighiaceae,Byrsonima,species,accepted,accepted,exact_accepted,exact_accepted_unique,1,1,1,WFO_offline_hierarchical,2026-06-24,1031
Rhizophora stylosa,rhizophora stylosa,rhizophora stylosa,Rhizophora stylosa,wfo-0001131597,wfo-0001131597,Rhizophoraceae,Rhizophora,species,accepted,accepted,exact_accepted,exact_accepted_unique,1,1,1,WFO_offline_hierarchical,2026-06-24,1032
Cyperus scariosus,cyperus scariosus,cyperus scariosus,Cyperus scariosus,wfo-0000382088,wfo-0000382088,Cyperaceae,Cyperus,species,accepted,accepted,exact_accepted,exact_accepted_unique,1,1,1,WFO_offline_hierarchical,2026-06-24,1033
Persicaria perfoliata,persicaria perfoliata,persicaria perfoliata,Polygonum perfoliatum,wfo-0000489147,wfo-0000489147,Polygonaceae,Polygonum,species,synonym,synonym,exact_synonym,exact_synonym_unique,1,1,1,WFO_offline_hierarchical,2026-06-24,1034
Eriosema chinense,eriosema chinense,eriosema chinense,Eriosema chinense,wfo-0000188411,wfo-0000188411,Fabaceae,Eriosema,species,accepted,accepted,exact_accepted,exact_accepted_unique,1,1,1,WFO_offline_hierarchical,2026-06-24,1035
Vepris nobilis,vepris nobilis,vepris nobilis,Vepris nobilis,wfo-0000420153,wfo-0000420153,Rutaceae,Vepris,species,accepted,accepted,exact_accepted,exact_accepted_unique,1,1,1,WFO_offline_hierarchical,2026-06-24,1036
Helichrysum athrixiifolium,helichrysum athrixiifolium,helichrysum athrixiifolium,Helichrysum athrixiifolium,wfo-0000086735,wfo-0000086735,Asteraceae,Helichrysum,species,accepted,accepted,exact_accepted,exact_accepted_unique,1,1,1,WFO_offline_hierarchical,2026-06-24,1037
Uraria picta,uraria picta,uraria picta,Uraria picta,wfo-0000178000,wfo-0000178000,Fabaceae,Uraria,species,accepted,accepted,exact_accepted,exact_accepted_unique,1,1,1,WFO_offline_hierarchical,2026-06-24,1038
Boronia ramosa,boronia ramosa,boronia ramosa,Cyanothamnus ramosus,wfo-0000631013,wfo-0000631013,Rutaceae,Cyanothamnus,species,synonym,synonym,exact_synonym,exact_synonym_unique,1,1,1,WFO_offline_hierarchical,2026-06-24,1039
Dalbergia latifolia,dalbergia latifolia,dalbergia latifolia,Dalbergia latifolia,wfo-0000172240,wfo-0000172240,Fabaceae,Dalbergia,species,accepted,accepted,exact_accepted,exact_accepted_unique,1,1,1,WFO_offline_hierarchical,2026-06-24,1040
Pterocarpus santalinus,pterocarpus santalinus,pterocarpus santalinus,Pterocarpus santalinus,wfo-0000185973,wfo-0000185973,Fabaceae,Pterocarpus,species,accepted,accepted,exact_accepted,exact_accepted_unique,1,1,1,WFO_offline_hierarchical,2026-06-24,1041
Boronia inconspicua,boronia inconspicua,boronia inconspicua,Cyanothamnus inconspicuus,wfo-1000021912,wfo-1000021912,Rutaceae,Cyanothamnus,species,synonym,synonym,exact_synonym,exact_synonym_unique,1,1,1,WFO_offline_hierarchical,2026-06-24,1042
Pityrogramma tartarea,pityrogramma tartarea,pityrogramma tartarea,Pityrogramma ebenea,wfo-0001109228,wfo-0001109228,Pteridaceae,Pityrogramma,species,synonym,synonym,exact_synonym,exact_synonym_unique,2,1,1,WFO_offline_hierarchical,2026-06-24,1043
Pityrogramma ebenea,pityrogramma ebenea,pityrogramma ebenea,Pityrogramma ebenea,wfo-0001109228,wfo-0001109228,Pteridaceae,Pityrogramma,species,accepted,accepted,exact_accepted,exact_accepted_unique,1,1,1,WFO_offline_hierarchical,2026-06-24,1044
Morus insignis,morus insignis,morus insignis,Morus insignis,wfo-0000447882,wfo-0000447882,Moraceae,Morus,species,accepted,accepted,exact_accepted,exact_accepted_unique,1,1,1,WFO_offline_hierarchical,2026-06-24,1045
Schoenocaulon officinale,schoenocaulon officinale,schoenocaulon officinale,Schoenocaulon officinale,wfo-0000735101,wfo-0000735101,Melanthiaceae,Schoenocaulon,species,accepted,accepted,exact_accepted,exact_accepted_unique,1,1,1,WFO_offline_hierarchical,2026-06-24,1046
Tephrosia elongata,tephrosia elongata,tephrosia elongata,Tephrosia elongata,wfo-0000202252,wfo-0000202252,Fabaceae,Tephrosia,species,accepted,accepted,exact_accepted,exact_accepted_unique,1,1,1,WFO_offline_hierarchical,2026-06-24,1047
Tephrosia viridiflora,tephrosia viridiflora,tephrosia viridiflora,Tephrosia viridiflora,wfo-0000414202,wfo-0000414202,Fabaceae,Tephrosia,species,accepted,accepted,exact_accepted,exact_accepted_unique,1,1,1,WFO_offline_hierarchical,2026-06-24,1048
Tephrosia uniflora,tephrosia uniflora,tephrosia uniflora,Tephrosia uniflora,wfo-0000204446,wfo-0000204446,Fabaceae,Tephrosia,species,accepted,accepted,exact_accepted,exact_accepted_unique,1,1,1,WFO_offline_hierarchical,2026-06-24,1049
Viola hondoensis,viola hondoensis,viola hondoensis,Viola hondoensis,wfo-0001144906,wfo-0001144906,Violaceae,Viola,species,accepted,accepted,exact_accepted,exact_accepted_unique,1,1,1,WFO_offline_hierarchical,2026-06-24,1050
Bridelia retusa,bridelia retusa,bridelia retusa,Bridelia retusa,wfo-0000424897,wfo-0000424897,Phyllanthaceae,Bridelia,species,accepted,accepted,exact_accepted,exact_accepted_unique,1,1,1,WFO_offline_hierarchical,2026-06-24,1051
Fadogia ancylantha,fadogia ancylantha,fadogia ancylantha,Fadogia ancylantha,wfo-0000966252,wfo-0000966252,Rubiaceae,Fadogia,species,accepted,accepted,exact_accepted,exact_accepted_unique,1,1,1,WFO_offline_hierarchical,2026-06-24,1052
Encelia,encelia,encelia,Encelia,wfo-4000013357,wfo-4000013357,Asteraceae,Encelia,genus,accepted,accepted,exact_accepted,exact_accepted_unique,1,1,1,WFO_offline_hierarchical,2026-06-24,1053
Ferula communis,ferula communis,ferula communis,Ferula communis,wfo-0000686505,wfo-0000686505,Apiaceae,Ferula,species,accepted,accepted,exact_accepted,exact_accepted_unique,1,1,1,WFO_offline_hierarchical,2026-06-24,1054
Camellia reticulata,camellia reticulata,camellia reticulata,Camellia reticulata,wfo-0000582626,wfo-0000582626,Theaceae,Camellia,species,accepted,accepted,exact_accepted,exact_accepted_unique,1,1,1,WFO_offline_hierarchical,2026-06-24,1055
Pseudotsuga menziesii,pseudotsuga menziesii,pseudotsuga menziesii,Pseudotsuga menziesii,wfo-0000478194,wfo-0000478194,Pinaceae,Pseudotsuga,species,accepted,accepted,exact_accepted,exact_accepted_unique,1,1,1,WFO_offline_hierarchical,2026-06-24,1056
Areca catechu,areca catechu,areca catechu,Areca catechu,wfo-0000262000,wfo-0000262000,Arecaceae,Areca,species,accepted,accepted,exact_accepted,exact_accepted_unique,1,1,1,WFO_offline_hierarchical,2026-06-24,1057
Cinnamomum burmannii,cinnamomum burmannii,cinnamomum burmannii,NA,NA,NA,NA,NA,NA,NA,unresolved,unresolved,no_match,0,0,0,NA,2026-06-24,1058
Pulsatilla cernua,pulsatilla cernua,pulsatilla cernua,Pulsatilla cernua,wfo-0001129290,wfo-0001129290,Ranunculaceae,Pulsatilla,species,accepted,accepted,exact_accepted,exact_accepted_unique,1,1,1,WFO_offline_hierarchical,2026-06-24,1059
Holarrhena pubescens,holarrhena pubescens,holarrhena pubescens,Holarrhena pubescens,wfo-0000982782,wfo-0000982782,Apocynaceae,Holarrhena,species,accepted,accepted,exact_accepted,exact_accepted_unique,1,1,1,WFO_offline_hierarchical,2026-06-24,1060
Holarrhena pubescens ex,holarrhena pubescens ex,holarrhena pubescens,Holarrhena pubescens,wfo-0000982782,wfo-0000982782,Apocynaceae,Holarrhena,species,accepted,accepted,canonical,canonical_unique,1,1,1,WFO_offline_hierarchical,2026-06-24,1061
Apium graveolens,apium graveolens,apium graveolens,Apium graveolens,wfo-0000540626,wfo-0000540626,Apiaceae,Apium,species,accepted,accepted,exact_accepted,exact_accepted_unique,1,1,1,WFO_offline_hierarchical,2026-06-24,1062
Scutellaria discolor,scutellaria discolor,scutellaria discolor,Scutellaria discolor,wfo-0001070043,wfo-0001070043,Lamiaceae,Scutellaria,species,accepted,accepted,exact_accepted,exact_accepted_unique,1,1,1,WFO_offline_hierarchical,2026-06-24,1063
Guioa crenulata,guioa crenulata,guioa crenulata,Guioa crenulata,wfo-0000711813,wfo-0000711813,Sapindaceae,Guioa,species,accepted,accepted,exact_accepted,exact_accepted_unique,1,1,1,WFO_offline_hierarchical,2026-06-24,1064
Ixora coccinea,ixora coccinea,ixora coccinea,Ixora coccinea,wfo-0000218311,wfo-0000218311,Rubiaceae,Ixora,species,accepted,accepted,exact_accepted,exact_accepted_unique,1,1,1,WFO_offline_hierarchical,2026-06-24,1065
Cinnamomum philippinense,cinnamomum philippinense,cinnamomum philippinense,Cinnamomum philippinense,wfo-0000605336,wfo-0000605336,Lauraceae,Cinnamomum,species,accepted,accepted,exact_accepted,exact_accepted_unique,1,1,1,WFO_offline_hierarchical,2026-06-24,1066
Cinnamomum verum,cinnamomum verum,cinnamomum verum,Cinnamomum verum,wfo-0000605512,wfo-0000605512,Lauraceae,Cinnamomum,species,accepted,accepted,exact_accepted,exact_accepted_unique,1,1,1,WFO_offline_hierarchical,2026-06-24,1067
Cinnamomum zeylanicum,cinnamomum zeylanicum,cinnamomum zeylanicum,Cinnamomum verum,wfo-0000605512,wfo-0000605512,Lauraceae,Cinnamomum,species,synonym,synonym,exact_synonym,exact_synonym_unique,1,1,1,WFO_offline_hierarchical,2026-06-24,1068
Lindera aggregata,lindera aggregata,lindera aggregata,Lindera aggregata,wfo-0000365428,wfo-0000365428,Lauraceae,Lindera,species,accepted,accepted,exact_accepted,exact_accepted_unique,1,1,1,WFO_offline_hierarchical,2026-06-24,1069
Parapiptadenia rigida,parapiptadenia rigida,parapiptadenia rigida,Parapiptadenia rigida,wfo-0000168342,wfo-0000168342,Fabaceae,Parapiptadenia,species,accepted,accepted,exact_accepted,exact_accepted_unique,1,1,1,WFO_offline_hierarchical,2026-06-24,1070
Artocarpus nobilis,artocarpus nobilis,artocarpus nobilis,Artocarpus nobilis,wfo-0000550554,wfo-0000550554,Moraceae,Artocarpus,species,accepted,accepted,exact_accepted,exact_accepted_unique,1,1,1,WFO_offline_hierarchical,2026-06-24,1071
Fissistigma latifolium,fissistigma latifolium,fissistigma latifolium,Fissistigma latifolium,wfo-0000691163,wfo-0000691163,Annonaceae,Fissistigma,species,accepted,accepted,exact_accepted,exact_accepted_unique,1,1,1,WFO_offline_hierarchical,2026-06-24,1072
Sorbus commixta,sorbus commixta,sorbus commixta,Sorbus commixta,wfo-0000985995,wfo-0000985995,Rosaceae,Sorbus,species,accepted,accepted,exact_accepted,exact_accepted_unique,1,1,1,WFO_offline_hierarchical,2026-06-24,1073
Ormocarpum kirkii,ormocarpum kirkii,ormocarpum kirkii,Ormocarpum kirkii,wfo-0000175963,wfo-0000175963,Fabaceae,Ormocarpum,species,accepted,accepted,exact_accepted,exact_accepted_unique,1,1,1,WFO_offline_hierarchical,2026-06-24,1074
Erigeron canadensis,erigeron canadensis,erigeron canadensis,Erigeron canadensis,wfo-0000015917,wfo-0000015917,Asteraceae,Erigeron,species,accepted,accepted,exact_accepted,exact_accepted_unique,1,1,1,WFO_offline_hierarchical,2026-06-24,1075
Conyza canadensis,conyza canadensis,conyza canadensis,Erigeron canadensis,wfo-0000015917,wfo-0000015917,Asteraceae,Erigeron,species,synonym,synonym,exact_synonym,exact_synonym_unique,1,1,1,WFO_offline_hierarchical,2026-06-24,1076
Flemingia chappar,flemingia chappar,flemingia chappar,Flemingia chappar,wfo-0000194835,wfo-0000194835,Fabaceae,Flemingia,species,accepted,accepted,exact_accepted,exact_accepted_unique,1,1,1,WFO_offline_hierarchical,2026-06-24,1077
Galega officinalis,galega officinalis,galega officinalis,Galega officinalis,wfo-0000212597,wfo-0000212597,Fabaceae,Galega,species,accepted,accepted,exact_accepted,exact_accepted_unique,1,1,1,WFO_offline_hierarchical,2026-06-24,1078
Lespedeza davidii,lespedeza davidii,lespedeza davidii,Lespedeza davidii,wfo-0000186113,wfo-0000186113,Fabaceae,Lespedeza,species,accepted,accepted,exact_accepted,exact_accepted_unique,1,1,1,WFO_offline_hierarchical,2026-06-24,1079
Resnova humifusa,resnova humifusa,resnova humifusa,Resnova humifusa,wfo-0000732462,wfo-0000732462,Asparagaceae,Resnova,species,accepted,accepted,exact_accepted,exact_accepted_unique,1,1,1,WFO_offline_hierarchical,2026-06-24,1080
Dalea elegans,dalea elegans,dalea elegans,Dalea elegans,wfo-0000169055,wfo-0000169055,Fabaceae,Dalea,species,accepted,accepted,exact_accepted,exact_accepted_unique,1,1,1,WFO_offline_hierarchical,2026-06-24,1081
Helichrysum thapsus,helichrysum thapsus,helichrysum thapsus,Helichrysum thapsus,wfo-0000026704,wfo-0000026704,Asteraceae,Helichrysum,species,accepted,accepted,exact_accepted,exact_accepted_unique,1,1,1,WFO_offline_hierarchical,2026-06-24,1082
Ficus formosana,ficus formosana,ficus formosana,Ficus formosana,wfo-0000688363,wfo-0000688363,Moraceae,Ficus,species,accepted,accepted,exact_accepted,exact_accepted_unique,1,1,1,WFO_offline_hierarchical,2026-06-24,1083
Ficus subcuneata,ficus subcuneata,ficus subcuneata,Ficus subcuneata,wfo-0000690452,wfo-0000690452,Moraceae,Ficus,species,accepted,accepted,exact_accepted,exact_accepted_unique,1,1,1,WFO_offline_hierarchical,2026-06-24,1084
Ficus glumosa,ficus glumosa,ficus glumosa,Ficus glumosa,wfo-0000688513,wfo-0000688513,Moraceae,Ficus,species,accepted,accepted,exact_accepted,exact_accepted_unique,1,1,1,WFO_offline_hierarchical,2026-06-24,1085
Manilkara zapota,manilkara zapota,manilkara zapota,Manilkara zapota,wfo-0000235995,wfo-0000235995,Sapotaceae,Manilkara,species,accepted,accepted,exact_accepted,exact_accepted_unique,1,1,1,WFO_offline_hierarchical,2026-06-24,1086
Artemisia judaica,artemisia judaica,artemisia judaica,Artemisia judaica,wfo-0000084245,wfo-0000084245,Asteraceae,Artemisia,species,accepted,accepted,exact_accepted,exact_accepted_unique,1,1,1,WFO_offline_hierarchical,2026-06-24,1087
Micromeria cristata,micromeria cristata,micromeria cristata,Micromeria cristata,wfo-0000243200,wfo-0000243200,Lamiaceae,Micromeria,species,accepted,accepted,exact_accepted,exact_accepted_unique,1,1,1,WFO_offline_hierarchical,2026-06-24,1088
Baccharis leptocephala,baccharis leptocephala,baccharis leptocephala,Baccharis leptocephala,wfo-0000019644,wfo-0000019644,Asteraceae,Baccharis,species,accepted,accepted,exact_accepted,exact_accepted_unique,1,1,1,WFO_offline_hierarchical,2026-06-24,1089
Artemisia xanthochroa,artemisia xanthochroa,artemisia xanthochroa,Artemisia xanthochroa,wfo-0000059482,wfo-0000059482,Asteraceae,Artemisia,species,accepted,accepted,exact_accepted,exact_accepted_unique,1,1,1,WFO_offline_hierarchical,2026-06-24,1090
Prunus domestica,prunus domestica,prunus domestica,Prunus domestica,wfo-0000984349,wfo-0000984349,Rosaceae,Prunus,species,accepted,accepted,exact_accepted,exact_accepted_unique,1,1,1,WFO_offline_hierarchical,2026-06-24,1091
Vitex quinata,vitex quinata,vitex quinata,Vitex quinata,wfo-0000333392,wfo-0000333392,Lamiaceae,Vitex,species,accepted,accepted,exact_accepted,exact_accepted_unique,1,1,1,WFO_offline_hierarchical,2026-06-24,1092
Piper marginatum,piper marginatum,piper marginatum,Piper marginatum,wfo-0000486009,wfo-0000486009,Piperaceae,Piper,species,accepted,accepted,exact_accepted,exact_accepted_unique,1,1,1,WFO_offline_hierarchical,2026-06-24,1093
Mikania grazielae,mikania grazielae,mikania grazielae,Mikania grazielae,wfo-0000087758,wfo-0000087758,Asteraceae,Mikania,species,accepted,accepted,exact_accepted,exact_accepted_unique,1,1,1,WFO_offline_hierarchical,2026-06-24,1094
Piper crassinervium,piper crassinervium,piper crassinervium,Piper crassinervium,wfo-0000478616,wfo-0000478616,Piperaceae,Piper,species,accepted,accepted,exact_accepted,exact_accepted_unique,1,1,1,WFO_offline_hierarchical,2026-06-24,1095
Potentilla longifolia,potentilla longifolia,potentilla longifolia,Potentilla longifolia,wfo-0001016002,wfo-0001016002,Rosaceae,Potentilla,species,accepted,accepted,exact_accepted,exact_accepted_unique,1,1,1,WFO_offline_hierarchical,2026-06-24,1096
Potentilla viscosa,potentilla viscosa,potentilla viscosa,NA,NA,NA,NA,NA,NA,NA,unresolved,exact_conflict,exact_synonym_conflict,4,3,3,NA,2026-06-24,1097
Chrysophyllum perpulchrum,chrysophyllum perpulchrum,chrysophyllum perpulchrum,Gambeya perpulchra,wfo-0000970711,wfo-0000970711,Sapotaceae,Gambeya,species,synonym,synonym,exact_synonym,exact_synonym_unique,1,1,1,WFO_offline_hierarchical,2026-06-24,1098
Iryanthera paraensis,iryanthera paraensis,iryanthera paraensis,Iryanthera paraensis,wfo-0000732342,wfo-0000732342,Myristicaceae,Iryanthera,species,accepted,accepted,exact_accepted,exact_accepted_unique,1,1,1,WFO_offline_hierarchical,2026-06-24,1099
Tephrosia crassifolia,tephrosia crassifolia,tephrosia crassifolia,Tephrosia crassifolia,wfo-0000183541,wfo-0000183541,Fabaceae,Tephrosia,species,accepted,accepted,exact_accepted,exact_accepted_unique,1,1,1,WFO_offline_hierarchical,2026-06-24,1100
Pericopsis laxiflora,pericopsis laxiflora,pericopsis laxiflora,Pericopsis laxiflora,wfo-0000212085,wfo-0000212085,Fabaceae,Pericopsis,species,accepted,accepted,exact_accepted,exact_accepted_unique,1,1,1,WFO_offline_hierarchical,2026-06-24,1101
Lonchocarpus,lonchocarpus,lonchocarpus,Lonchocarpus,wfo-4000022154,wfo-4000022154,Fabaceae,Lonchocarpus,genus,accepted,accepted,exact_accepted,exact_accepted_unique,1,1,1,WFO_offline_hierarchical,2026-06-24,1102
Cicer mogoltavicum,cicer mogoltavicum,cicer mogoltavicum,Cicer mogoltavicum,wfo-0000207363,wfo-0000207363,Fabaceae,Cicer,species,accepted,accepted,exact_accepted,exact_accepted_unique,1,1,1,WFO_offline_hierarchical,2026-06-24,1103
Sophora mollis ex,sophora mollis ex,sophora mollis,NA,NA,NA,NA,NA,NA,NA,unresolved,canonical_conflict,canonical_conflict,2,2,2,NA,2026-06-24,1104
Millettia leucantha,millettia leucantha,millettia leucantha,NA,NA,NA,NA,NA,NA,NA,unresolved,exact_conflict,exact_synonym_conflict,2,2,2,NA,2026-06-24,1105
Virgilia oroboides,virgilia oroboides,virgilia oroboides,Virgilia oroboides,wfo-0001056817,wfo-0001056817,Fabaceae,Virgilia,species,accepted,accepted,exact_accepted,exact_accepted_unique,1,1,1,WFO_offline_hierarchical,2026-06-24,1106
Cicer bijugum,cicer bijugum,cicer bijugum,Cicer bijugum,wfo-0000185214,wfo-0000185214,Fabaceae,Cicer,species,accepted,accepted,exact_accepted,exact_accepted_unique,1,1,1,WFO_offline_hierarchical,2026-06-24,1107
Cicer pinnatifidum,cicer pinnatifidum,cicer pinnatifidum,Cicer pinnatifidum,wfo-0000185221,wfo-0000185221,Fabaceae,Cicer,species,accepted,accepted,exact_accepted,exact_accepted_unique,1,1,1,WFO_offline_hierarchical,2026-06-24,1108
Sophora,sophora,sophora,Sophora,wfo-4000035778,wfo-4000035778,Fabaceae,Sophora,genus,accepted,accepted,exact_accepted,exact_accepted_unique,1,1,1,WFO_offline_hierarchical,2026-06-24,1109
Ononis viscosa,ononis viscosa,ononis viscosa,Ononis viscosa,wfo-0000212926,wfo-0000212926,Fabaceae,Ononis,species,accepted,accepted,exact_accepted,exact_accepted_unique,1,1,1,WFO_offline_hierarchical,2026-06-24,1110
Ulex parviflorus,ulex parviflorus,ulex parviflorus,Ulex parviflorus,wfo-0000213411,wfo-0000213411,Fabaceae,Ulex,species,accepted,accepted,exact_accepted,exact_accepted_unique,1,1,1,WFO_offline_hierarchical,2026-06-24,1111
Astragalus thracicus,astragalus thracicus,astragalus thracicus,Astragalus thracicus,wfo-0000213626,wfo-0000213626,Fabaceae,Astragalus,species,accepted,accepted,exact_accepted,exact_accepted_unique,1,1,1,WFO_offline_hierarchical,2026-06-24,1112
Acosmium bijugum,acosmium bijugum,acosmium bijugum,Leptolobium bijugum,wfo-0000166612,wfo-0000166612,Fabaceae,Leptolobium,species,synonym,synonym,exact_synonym,exact_synonym_unique,1,1,1,WFO_offline_hierarchical,2026-06-24,1113
Psorothamnus arborescens,psorothamnus arborescens,psorothamnus arborescens,Psorodendron arborescens,wfo-0000181018,wfo-0000181018,Fabaceae,Psorodendron,species,synonym,synonym,exact_synonym,exact_synonym_unique,1,1,1,WFO_offline_hierarchical,2026-06-24,1114
Tephrosia elata,tephrosia elata,tephrosia elata,Tephrosia elata,wfo-0000202201,wfo-0000202201,Fabaceae,Tephrosia,species,accepted,accepted,exact_accepted,exact_accepted_unique,1,1,1,WFO_offline_hierarchical,2026-06-24,1115
Cladrastis platycarpa,cladrastis platycarpa,cladrastis platycarpa,Platyosprion platycarpum,wfo-0000192412,wfo-0000192412,Fabaceae,Platyosprion,species,synonym,synonym,exact_synonym,exact_synonym_unique,1,1,1,WFO_offline_hierarchical,2026-06-24,1116
Thermopsis fabacea,thermopsis fabacea,thermopsis fabacea,NA,NA,NA,NA,NA,NA,NA,unresolved,exact_conflict,exact_synonym_conflict,2,2,2,NA,2026-06-24,1117
Thermopsis lupinoides,thermopsis lupinoides,thermopsis lupinoides,Thermopsis lanceolata,wfo-0000213939,wfo-0000213939,Fabaceae,Thermopsis,species,synonym,synonym,exact_synonym,exact_synonym_unique,1,1,1,WFO_offline_hierarchical,2026-06-24,1118
Tephrosia carrollii,tephrosia carrollii,tephrosia carrollii,Tephrosia carrollii,wfo-0001273986,wfo-0001273986,Fabaceae,Tephrosia,species,accepted,accepted,exact_accepted,exact_accepted_unique,1,1,1,WFO_offline_hierarchical,2026-06-24,1119
Swartzia apetala,swartzia apetala,swartzia apetala,Swartzia apetala,wfo-0000164091,wfo-0000164091,Fabaceae,Swartzia,species,accepted,accepted,exact_accepted,exact_accepted_unique,1,1,1,WFO_offline_hierarchical,2026-06-24,1120
Callerya speciosa,callerya speciosa,callerya speciosa,Nanhaia speciosa,wfo-0001444004,wfo-0001444004,Fabaceae,Nanhaia,species,synonym,synonym,exact_synonym,exact_synonym_unique,1,1,1,WFO_offline_hierarchical,2026-06-24,1121
Millettia speciosa,millettia speciosa,millettia speciosa,NA,NA,NA,NA,NA,NA,NA,unresolved,exact_conflict,exact_synonym_conflict,2,2,2,NA,2026-06-24,1122
Derris oblonga,derris oblonga,derris oblonga,NA,NA,NA,NA,NA,NA,NA,unresolved,exact_conflict,exact_synonym_conflict,2,2,2,NA,2026-06-24,1123
Piper cubeba,piper cubeba,piper cubeba,Piper cubeba,wfo-0000478712,wfo-0000478712,Piperaceae,Piper,species,accepted,accepted,exact_accepted,exact_accepted_unique,1,1,1,WFO_offline_hierarchical,2026-06-24,1124
Pinus sibirica,pinus sibirica,pinus sibirica,Pinus sibirica,wfo-0000481525,wfo-0000481525,Pinaceae,Pinus,species,accepted,accepted,exact_accepted,exact_accepted_unique,1,1,1,WFO_offline_hierarchical,2026-06-24,1125
Populus deltoide,populus deltoide,populus deltoide,NA,NA,NA,NA,NA,NA,NA,unresolved,unresolved,no_match,0,0,0,NA,2026-06-24,1126
Populus deltoides,populus deltoides,populus deltoides,Populus deltoides,wfo-0000928101,wfo-0000928101,Salicaceae,Populus,species,accepted,accepted,exact_accepted,exact_accepted_unique,1,1,1,WFO_offline_hierarchical,2026-06-24,1127
Populus laurifolia,populus laurifolia,populus laurifolia,Populus laurifolia,wfo-0001133649,wfo-0001133649,Salicaceae,Populus,species,accepted,accepted,exact_accepted,exact_accepted_unique,1,1,1,WFO_offline_hierarchical,2026-06-24,1128
Uvaria rufa,uvaria rufa,uvaria rufa,Uvaria rufa,wfo-0001066290,wfo-0001066290,Annonaceae,Uvaria,species,accepted,accepted,exact_accepted,exact_accepted_unique,1,1,1,WFO_offline_hierarchical,2026-06-24,1129
Haplopappus remyanus,haplopappus remyanus,haplopappus remyanus,Haplopappus remyanus,wfo-0000005727,wfo-0000005727,Asteraceae,Haplopappus,species,accepted,accepted,exact_accepted,exact_accepted_unique,1,1,1,WFO_offline_hierarchical,2026-06-24,1130
Pinalia pandurata,pinalia pandurata,pinalia pandurata,Pinalia pandurata,wfo-0000922211,wfo-0000922211,Orchidaceae,Pinalia,species,accepted,accepted,exact_accepted,exact_accepted_unique,1,1,1,WFO_offline_hierarchical,2026-06-24,1131
Cajanus cajan,cajanus cajan,cajanus cajan,Cajanus cajan,wfo-0000179103,wfo-0000179103;wfo-0000203743,Fabaceae,Cajanus,species,accepted,accepted,exact_accepted,exact_accepted_consensus_multiple_ids,2,2,1,WFO_offline_hierarchical,2026-06-24,1132
Persicaria ferruginea,persicaria ferruginea,persicaria ferruginea,Persicaria ferruginea,wfo-0000488041,wfo-0000488041,Polygonaceae,Persicaria,species,accepted,accepted,exact_accepted,exact_accepted_unique,1,1,1,WFO_offline_hierarchical,2026-06-24,1133
Eria parviflora,eria parviflora,eria parviflora,Bryobium erioides,wfo-0000341978,wfo-0000341978,Orchidaceae,Bryobium,species,synonym,synonym,exact_synonym,exact_synonym_unique,1,1,1,WFO_offline_hierarchical,2026-06-24,1134
Kaempferia parviflora,kaempferia parviflora,kaempferia parviflora,Kaempferia parviflora,wfo-0000451985,wfo-0000451985,Zingiberaceae,Kaempferia,species,accepted,accepted,exact_accepted,exact_accepted_unique,1,1,1,WFO_offline_hierarchical,2026-06-24,1135
Piper hispidum,piper hispidum,piper hispidum,Piper hispidum,wfo-0000478980,wfo-0000478980,Piperaceae,Piper,species,accepted,accepted,exact_accepted,exact_accepted_unique,1,1,1,WFO_offline_hierarchical,2026-06-24,1136
Leptospermum scoparium,leptospermum scoparium,leptospermum scoparium,Leptospermum scoparium,wfo-0000226751,wfo-0000226751,Myrtaceae,Leptospermum,species,accepted,accepted,exact_accepted,exact_accepted_unique,1,1,1,WFO_offline_hierarchical,2026-06-24,1137
Piper methysticum,piper methysticum,piper methysticum,Piper methysticum,wfo-0000486456,wfo-0000486456,Piperaceae,Piper,species,accepted,accepted,exact_accepted,exact_accepted_unique,1,1,1,WFO_offline_hierarchical,2026-06-24,1138
Laennecia filaginoides,laennecia filaginoides,laennecia filaginoides,Laennecia filaginoides,wfo-0000026913,wfo-0000026913,Asteraceae,Laennecia,species,accepted,accepted,exact_accepted,exact_accepted_unique,1,1,1,WFO_offline_hierarchical,2026-06-24,1139
Taxandria spathulata,taxandria spathulata,taxandria spathulata,Taxandria spathulata,wfo-0000837111,wfo-0000837111,Myrtaceae,Taxandria,species,accepted,accepted,exact_accepted,exact_accepted_unique,1,1,1,WFO_offline_hierarchical,2026-06-24,1140
Piper porphyrophyllum,piper porphyrophyllum,piper porphyrophyllum,Piper porphyrophyllum,wfo-0000485437,wfo-0000485437,Piperaceae,Piper,species,accepted,accepted,exact_accepted,exact_accepted_unique,1,1,1,WFO_offline_hierarchical,2026-06-24,1141
Alnus firma,alnus firma,alnus firma,Alnus firma,wfo-0000944965,wfo-0000944965,Betulaceae,Alnus,species,accepted,accepted,exact_accepted,exact_accepted_unique,1,1,1,WFO_offline_hierarchical,2026-06-24,1142
Pinus clausa,pinus clausa,pinus clausa,Pinus clausa,wfo-0000481362,wfo-0000481362,Pinaceae,Pinus,species,accepted,accepted,exact_accepted,exact_accepted_unique,1,1,1,WFO_offline_hierarchical,2026-06-24,1143
Pinus lambertiana,pinus lambertiana,pinus lambertiana,Pinus lambertiana,wfo-0000481091,wfo-0000481091,Pinaceae,Pinus,species,accepted,accepted,exact_accepted,exact_accepted_unique,1,1,1,WFO_offline_hierarchical,2026-06-24,1144
Phyllanthus niruri,phyllanthus niruri,phyllanthus niruri,Phyllanthus niruri,wfo-0000271623,wfo-0000271623,Phyllanthaceae,Phyllanthus,species,accepted,accepted,exact_accepted,exact_accepted_unique,1,1,1,WFO_offline_hierarchical,2026-06-24,1145
Genista morisii,genista morisii,genista morisii,Genista morisii,wfo-0000213752,wfo-0000213752,Fabaceae,Genista,species,accepted,accepted,exact_accepted,exact_accepted_unique,1,1,1,WFO_offline_hierarchical,2026-06-24,1146
Lupinus hartwegii,lupinus hartwegii,lupinus hartwegii,Lupinus ehrenbergii var. ehrenbergii,wfo-0001425997,wfo-0001425997,Fabaceae,Lupinus,variety,synonym,synonym,exact_synonym,exact_synonym_unique,1,1,1,WFO_offline_hierarchical,2026-06-24,1147
Lupinus mexicanus,lupinus mexicanus,lupinus mexicanus,Lupinus mexicanus,wfo-0000183548,wfo-0000183548,Fabaceae,Lupinus,species,accepted,accepted,exact_accepted,exact_accepted_unique,1,1,1,WFO_offline_hierarchical,2026-06-24,1148
Cytisus hirsutus,cytisus hirsutus,cytisus hirsutus,NA,NA,NA,NA,NA,NA,NA,unresolved,exact_conflict,exact_synonym_conflict,2,2,2,NA,2026-06-24,1149
Chamaecytisus hirsutus,chamaecytisus hirsutus,chamaecytisus hirsutus,Chamaecytisus hirsutus,wfo-0000213656,wfo-0000213656,Fabaceae,Chamaecytisus,species,accepted,accepted,exact_accepted,exact_accepted_unique,1,1,1,WFO_offline_hierarchical,2026-06-24,1150
Millettia laurentii,millettia laurentii,millettia laurentii,Millettia laurentii,wfo-0000200277,wfo-0000200277,Fabaceae,Millettia,species,accepted,accepted,exact_accepted,exact_accepted_unique,1,1,1,WFO_offline_hierarchical,2026-06-24,1151
Alnus sieboldiana,alnus sieboldiana,alnus sieboldiana,Alnus sieboldiana,wfo-0000947807,wfo-0000947807,Betulaceae,Alnus,species,accepted,accepted,exact_accepted,exact_accepted_unique,1,1,1,WFO_offline_hierarchical,2026-06-24,1152
Clitoria ternatea,clitoria ternatea,clitoria ternatea,Clitoria ternatea,wfo-0000179216,wfo-0000179216,Fabaceae,Clitoria,species,accepted,accepted,exact_accepted,exact_accepted_unique,1,1,1,WFO_offline_hierarchical,2026-06-24,1153
Garcinia nigrolineata,garcinia nigrolineata,garcinia nigrolineata,Garcinia nigrolineata,wfo-0000694513,wfo-0000694513,Clusiaceae,Garcinia,species,accepted,accepted,exact_accepted,exact_accepted_unique,1,1,1,WFO_offline_hierarchical,2026-06-24,1154
Cistus incanus,cistus incanus,cistus incanus,NA,NA,NA,NA,NA,NA,NA,unresolved,unresolved,no_match,0,0,0,NA,2026-06-24,1155
Deguelia rariflora,deguelia rariflora,deguelia rariflora,Deguelia rariflora,wfo-0000186707,wfo-0000186707,Fabaceae,Deguelia,species,accepted,accepted,exact_accepted,exact_accepted_unique,1,1,1,WFO_offline_hierarchical,2026-06-24,1156
Huperzia lucidula,huperzia lucidula,huperzia lucidula,Huperzia lucidula,wfo-0001115040,wfo-0001115040;wfo-0001274877,Lycopodiaceae,Huperzia,species,accepted,accepted,exact_accepted,exact_accepted_consensus_multiple_ids,2,2,1,WFO_offline_hierarchical,2026-06-24,1157
Inga umbellifera,inga umbellifera,inga umbellifera,Inga umbellifera,wfo-0001053728,wfo-0001053728,Fabaceae,Inga,species,accepted,accepted,exact_accepted,exact_accepted_unique,1,1,1,WFO_offline_hierarchical,2026-06-24,1158
Dalbergia volubilis,dalbergia volubilis,dalbergia volubilis,Dalbergia volubilis,wfo-0000200013,wfo-0000200013,Fabaceae,Dalbergia,species,accepted,accepted,exact_accepted,exact_accepted_unique,1,1,1,WFO_offline_hierarchical,2026-06-24,1159
Thevetia peruviana,thevetia peruviana,thevetia peruviana,Cascabela thevetia,wfo-0000810099,wfo-0000810099,Apocynaceae,Cascabela,species,synonym,synonym,exact_synonym,exact_synonym_unique,1,1,1,WFO_offline_hierarchical,2026-06-24,1160
Ormosia monosperma,ormosia monosperma,ormosia monosperma,Ormosia monosperma,wfo-0000168281,wfo-0000168281,Fabaceae,Ormosia,species,accepted,accepted,exact_accepted,exact_accepted_unique,1,1,1,WFO_offline_hierarchical,2026-06-24,1161
Cassia abbreviata,cassia abbreviata,cassia abbreviata,Cassia abbreviata,wfo-0000214576,wfo-0000214576,Fabaceae,Cassia,species,accepted,accepted,exact_accepted,exact_accepted_unique,1,1,1,WFO_offline_hierarchical,2026-06-24,1162
Colophospermum mopane,colophospermum mopane,colophospermum mopane,Colophospermum mopane,wfo-0001057638,wfo-0001057638,Fabaceae,Colophospermum,species,accepted,accepted,exact_accepted,exact_accepted_unique,1,1,1,WFO_offline_hierarchical,2026-06-24,1163
Acacia carneorum,acacia carneorum,acacia carneorum,Acacia carneorum,wfo-0000201400,wfo-0000201400,Fabaceae,Acacia,species,accepted,accepted,exact_accepted,exact_accepted_unique,1,1,1,WFO_offline_hierarchical,2026-06-24,1164
Eysenhardtia texana,eysenhardtia texana,eysenhardtia texana,Eysenhardtia texana,wfo-0000174145,wfo-0000174145,Fabaceae,Eysenhardtia,species,accepted,accepted,exact_accepted,exact_accepted_unique,1,1,1,WFO_offline_hierarchical,2026-06-24,1165
Tephrosia aequilata,tephrosia aequilata,tephrosia aequilata,Tephrosia aequilata,wfo-0000201452,wfo-0000201452,Fabaceae,Tephrosia,species,accepted,accepted,exact_accepted,exact_accepted_unique,1,1,1,WFO_offline_hierarchical,2026-06-24,1166
Cycas revoluta,cycas revoluta,cycas revoluta,Cycas revoluta,wfo-0000631639,wfo-0000631639,Cycadaceae,Cycas,species,accepted,accepted,exact_accepted,exact_accepted_unique,1,1,1,WFO_offline_hierarchical,2026-06-24,1167
Metasequoia glyptostroboides,metasequoia glyptostroboides,metasequoia glyptostroboides,Metasequoia glyptostroboides,wfo-0000452120,wfo-0000452120,Cupressaceae,Metasequoia,species,accepted,accepted,exact_accepted,exact_accepted_unique,1,1,1,WFO_offline_hierarchical,2026-06-24,1168
Ononis natrix,ononis natrix,ononis natrix,Ononis natrix,wfo-0000212878,wfo-0000212878,Fabaceae,Ononis,species,accepted,accepted,exact_accepted,exact_accepted_unique,1,1,1,WFO_offline_hierarchical,2026-06-24,1169
Eysenhardtia platycarpa,eysenhardtia platycarpa,eysenhardtia platycarpa,Eysenhardtia platycarpa,wfo-0000165920,wfo-0000165920,Fabaceae,Eysenhardtia,species,accepted,accepted,exact_accepted,exact_accepted_unique,1,1,1,WFO_offline_hierarchical,2026-06-24,1170
Onychium japonicum,onychium japonicum,onychium japonicum,Onychium japonicum,wfo-0001107373,wfo-0001107373,Pteridaceae,Onychium,species,accepted,accepted,exact_accepted,exact_accepted_unique,1,1,1,WFO_offline_hierarchical,2026-06-24,1171
Cryptocarya infectoria,cryptocarya infectoria,cryptocarya infectoria,Cryptocarya griffithiana,wfo-0000627947,wfo-0000627947,Lauraceae,Cryptocarya,species,synonym,synonym,exact_synonym,exact_synonym_unique,1,1,1,WFO_offline_hierarchical,2026-06-24,1172
Cryptocarya rugulosa,cryptocarya rugulosa,cryptocarya rugulosa,Cryptocarya rugulosa,wfo-0000628187,wfo-0000628187,Lauraceae,Cryptocarya,species,accepted,accepted,exact_accepted,exact_accepted_unique,1,1,1,WFO_offline_hierarchical,2026-06-24,1173
Retama sphaerocarpa,retama sphaerocarpa,retama sphaerocarpa,Retama sphaerocarpa,wfo-0000213402,wfo-0000213402,Fabaceae,Retama,species,accepted,accepted,exact_accepted,exact_accepted_unique,1,1,1,WFO_offline_hierarchical,2026-06-24,1174
Camellia japonica,camellia japonica,camellia japonica,Camellia japonica,wfo-0000582404,wfo-0000582404,Theaceae,Camellia,species,accepted,accepted,exact_accepted,exact_accepted_unique,1,1,1,WFO_offline_hierarchical,2026-06-24,1175
Flourensia heterolepis,flourensia heterolepis,flourensia heterolepis,Flourensia heterolepis,wfo-0000064307,wfo-0000064307,Asteraceae,Flourensia,species,accepted,accepted,exact_accepted,exact_accepted_unique,1,1,1,WFO_offline_hierarchical,2026-06-24,1176
Flourensia oolepis,flourensia oolepis,flourensia oolepis,Flourensia oolepis,wfo-0000027768,wfo-0000027768,Asteraceae,Flourensia,species,accepted,accepted,exact_accepted,exact_accepted_unique,1,1,1,WFO_offline_hierarchical,2026-06-24,1177
Aizoon africanum,aizoon africanum,aizoon africanum,Aizoon africanum,wfo-0001434991,wfo-0001434991,Aizoaceae,Aizoon,species,accepted,accepted,exact_accepted,exact_accepted_unique,1,1,1,WFO_offline_hierarchical,2026-06-24,1178
Erythrina indica,erythrina indica,erythrina indica,Erythrina variegata,wfo-0000181193,wfo-0000181193,Fabaceae,Erythrina,species,synonym,synonym,exact_synonym,exact_synonym_unique,1,1,1,WFO_offline_hierarchical,2026-06-24,1179
Erythrina costaricensis,erythrina costaricensis,erythrina costaricensis,Erythrina costaricensis,wfo-0000165885,wfo-0000165885,Fabaceae,Erythrina,species,accepted,accepted,exact_accepted,exact_accepted_unique,1,1,1,WFO_offline_hierarchical,2026-06-24,1180
Erythroxylum novogranatense,erythroxylum novogranatense,erythroxylum novogranatense,Erythroxylum novogranatense,wfo-0000680010,wfo-0000680010,Erythroxylaceae,Erythroxylum,species,accepted,accepted,exact_accepted,exact_accepted_unique,1,1,1,WFO_offline_hierarchical,2026-06-24,1181
Prunus,prunus,prunus,Prunus,wfo-4000031284,wfo-4000031284,Rosaceae,Prunus,genus,accepted,accepted,exact_accepted,exact_accepted_unique,1,1,1,WFO_offline_hierarchical,2026-06-24,1182
Dalbergia spruceana,dalbergia spruceana,dalbergia spruceana,Dalbergia spruceana,wfo-0000182181,wfo-0000182181,Fabaceae,Dalbergia,species,accepted,accepted,exact_accepted,exact_accepted_unique,1,1,1,WFO_offline_hierarchical,2026-06-24,1183
Scutellaria amabilis,scutellaria amabilis,scutellaria amabilis,Scutellaria amabilis,wfo-0000307584,wfo-0000307584,Lamiaceae,Scutellaria,species,accepted,accepted,exact_accepted,exact_accepted_unique,1,1,1,WFO_offline_hierarchical,2026-06-24,1184
Entada phaseoloides,entada phaseoloides,entada phaseoloides,Entada phaseoloides,wfo-0000192476,wfo-0000192476,Fabaceae,Entada,species,accepted,accepted,exact_accepted,exact_accepted_unique,1,1,1,WFO_offline_hierarchical,2026-06-24,1185
Salvia officinalis,salvia officinalis,salvia officinalis,Salvia officinalis,wfo-0000301765,wfo-0000301765,Lamiaceae,Salvia,species,accepted,accepted,exact_accepted,exact_accepted_unique,1,1,1,WFO_offline_hierarchical,2026-06-24,1186
Salvia rosmarinus,salvia rosmarinus,salvia rosmarinus,Salvia rosmarinus,wfo-0000302167,wfo-0000302167,Lamiaceae,Salvia,species,accepted,accepted,exact_accepted,exact_accepted_unique,1,1,1,WFO_offline_hierarchical,2026-06-24,1187
Carapa guianensis,carapa guianensis,carapa guianensis,Carapa guianensis,wfo-0000586378,wfo-0000586378,Meliaceae,Carapa,species,accepted,accepted,exact_accepted,exact_accepted_unique,1,1,1,WFO_offline_hierarchical,2026-06-24,1188
Berchemia formosana,berchemia formosana,berchemia formosana,Berchemia formosana,wfo-0000564142,wfo-0000564142,Rhamnaceae,Berchemia,species,accepted,accepted,exact_accepted,exact_accepted_unique,1,1,1,WFO_offline_hierarchical,2026-06-24,1189
Mandevilla hirsuta,mandevilla hirsuta,mandevilla hirsuta,Mandevilla hirsuta,wfo-0000234939,wfo-0000234939,Apocynaceae,Mandevilla,species,accepted,accepted,exact_accepted,exact_accepted_unique,1,1,1,WFO_offline_hierarchical,2026-06-24,1190
Solanum lycopersicum,solanum lycopersicum,solanum lycopersicum,Solanum lycopersicum,wfo-0001029216,wfo-0001029216,Solanaceae,Solanum,species,accepted,accepted,exact_accepted,exact_accepted_unique,1,1,1,WFO_offline_hierarchical,2026-06-24,1191
Equisetum arvense,equisetum arvense,equisetum arvense,Equisetum arvense,wfo-0001108914,wfo-0001108914,Equisetaceae,Equisetum,species,accepted,accepted,exact_accepted,exact_accepted_unique,1,1,1,WFO_offline_hierarchical,2026-06-24,1192
Rhynchosia beddomei,rhynchosia beddomei,rhynchosia beddomei,Rhynchosia beddomei,wfo-0000185042,wfo-0000185042,Fabaceae,Rhynchosia,species,accepted,accepted,exact_accepted,exact_accepted_unique,1,1,1,WFO_offline_hierarchical,2026-06-24,1193
Populus davidiana,populus davidiana,populus davidiana,Populus tremula var. davidiana,wfo-0000930744,wfo-0000930744,Salicaceae,Populus,variety,synonym,synonym,exact_synonym,exact_synonym_unique,1,1,1,WFO_offline_hierarchical,2026-06-24,1194
Smilax excelsa,smilax excelsa,smilax excelsa,Smilax excelsa,wfo-0000742607,wfo-0000742607,Smilacaceae,Smilax,species,accepted,accepted,exact_accepted,exact_accepted_unique,1,1,1,WFO_offline_hierarchical,2026-06-24,1195
Intsia bijuga,intsia bijuga,intsia bijuga,Intsia bijuga,wfo-0000168901,wfo-0000168901,Fabaceae,Intsia,species,accepted,accepted,exact_accepted,exact_accepted_unique,1,1,1,WFO_offline_hierarchical,2026-06-24,1196
Cochlospermum gillivraei,cochlospermum gillivraei,cochlospermum gillivraei,Cochlospermum gillivraei,wfo-0000902346,wfo-0000902346,Bixaceae,Cochlospermum,species,accepted,accepted,exact_accepted,exact_accepted_unique,1,1,1,WFO_offline_hierarchical,2026-06-24,1197
Steiractinia sodiroi,steiractinia sodiroi,steiractinia sodiroi,Steiractinia sodiroi,wfo-0000059216,wfo-0000059216,Asteraceae,Steiractinia,species,accepted,accepted,exact_accepted,exact_accepted_unique,1,1,1,WFO_offline_hierarchical,2026-06-24,1198
Monopteryx inpae,monopteryx inpae,monopteryx inpae,Monopteryx inpae,wfo-0000168729,wfo-0000168729,Fabaceae,Monopteryx,species,accepted,accepted,exact_accepted,exact_accepted_unique,1,1,1,WFO_offline_hierarchical,2026-06-24,1199
Baccharis linearifolia,baccharis linearifolia,baccharis linearifolia,Baccharis linearifolia,wfo-0000085278,wfo-0000085278,Asteraceae,Baccharis,species,accepted,accepted,exact_accepted,exact_accepted_unique,1,1,1,WFO_offline_hierarchical,2026-06-24,1200
Baccharis retusa,baccharis retusa,baccharis retusa,Baccharis retusa,wfo-0000083802,wfo-0000083802,Asteraceae,Baccharis,species,accepted,accepted,exact_accepted,exact_accepted_unique,1,1,1,WFO_offline_hierarchical,2026-06-24,1201
Baccharis salzmannii,baccharis salzmannii,baccharis salzmannii,Baccharis retusa,wfo-0000083802,wfo-0000083802,Asteraceae,Baccharis,species,synonym,synonym,exact_synonym,exact_synonym_unique,1,1,1,WFO_offline_hierarchical,2026-06-24,1202
Baccharis varians,baccharis varians,baccharis varians,Baccharis linearifolia,wfo-0000085278,wfo-0000085278,Asteraceae,Baccharis,species,synonym,synonym,exact_synonym,exact_synonym_unique,1,1,1,WFO_offline_hierarchical,2026-06-24,1203
Phlomis aurea,phlomis aurea,phlomis aurea,Phlomis aurea,wfo-0000269191,wfo-0000269191,Lamiaceae,Phlomis,species,accepted,accepted,exact_accepted,exact_accepted_unique,1,1,1,WFO_offline_hierarchical,2026-06-24,1204
Stachys aegyptiaca,stachys aegyptiaca,stachys aegyptiaca,Stachys aegyptiaca,wfo-0000313637,wfo-0000313637,Lamiaceae,Stachys,species,accepted,accepted,exact_accepted,exact_accepted_unique,1,1,1,WFO_offline_hierarchical,2026-06-24,1205
Lupinus subcarnosus,lupinus subcarnosus,lupinus subcarnosus,Lupinus subcarnosus,wfo-0000174768,wfo-0000174768,Fabaceae,Lupinus,species,accepted,accepted,exact_accepted,exact_accepted_unique,1,1,1,WFO_offline_hierarchical,2026-06-24,1206
Lupinus texensis,lupinus texensis,lupinus texensis,Lupinus texensis,wfo-0000174773,wfo-0000174773,Fabaceae,Lupinus,species,accepted,accepted,exact_accepted,exact_accepted_unique,1,1,1,WFO_offline_hierarchical,2026-06-24,1207
Alpinia zerumbet,alpinia zerumbet,alpinia zerumbet,Alpinia zerumbet,wfo-0000338850,wfo-0000338850,Zingiberaceae,Alpinia,species,accepted,accepted,exact_accepted,exact_accepted_unique,1,1,1,WFO_offline_hierarchical,2026-06-24,1208
Dracocephalum tanguticum,dracocephalum tanguticum,dracocephalum tanguticum,Dracocephalum tanguticum,wfo-0000945484,wfo-0000945484,Lamiaceae,Dracocephalum,species,accepted,accepted,exact_accepted,exact_accepted_unique,1,1,1,WFO_offline_hierarchical,2026-06-24,1209
Thymus numidicus,thymus numidicus,thymus numidicus,Thymus numidicus,wfo-0000324459,wfo-0000324459,Lamiaceae,Thymus,species,accepted,accepted,exact_accepted,exact_accepted_unique,1,1,1,WFO_offline_hierarchical,2026-06-24,1210
Ormosia henryi,ormosia henryi,ormosia henryi,Ormosia henryi,wfo-0000197170,wfo-0000197170,Fabaceae,Ormosia,species,accepted,accepted,exact_accepted,exact_accepted_unique,1,1,1,WFO_offline_hierarchical,2026-06-24,1211
Solanum,solanum,solanum,Solanum,wfo-4000035688,wfo-4000035688,Solanaceae,Solanum,genus,accepted,accepted,exact_accepted,exact_accepted_unique,1,1,1,WFO_offline_hierarchical,2026-06-24,1212
Lippia graveolens,lippia graveolens,lippia graveolens,Lippia origanoides,wfo-0000229041,wfo-0000229041,Verbenaceae,Lippia,species,synonym,synonym,exact_synonym,exact_synonym_unique,1,1,1,WFO_offline_hierarchical,2026-06-24,1213
Fragaria,fragaria,fragaria,Fragaria,wfo-4000014995,wfo-4000014995,Rosaceae,Fragaria,genus,accepted,accepted,exact_accepted,exact_accepted_unique,1,1,1,WFO_offline_hierarchical,2026-06-24,1214
Brassica,brassica,brassica,Brassica,wfo-4000005345,wfo-4000005345,Brassicaceae,Brassica,genus,accepted,accepted,exact_accepted,exact_accepted_unique,1,1,1,WFO_offline_hierarchical,2026-06-24,1215
Brassica oleracea,brassica oleracea,brassica oleracea,Brassica oleracea,wfo-0000571350,wfo-0000571350,Brassicaceae,Brassica,species,accepted,accepted,exact_accepted,exact_accepted_unique,1,1,1,WFO_offline_hierarchical,2026-06-24,1216
Capsicum annuum,capsicum annuum,capsicum annuum,Capsicum annuum,wfo-0001019982,wfo-0001019982,Solanaceae,Capsicum,species,accepted,accepted,exact_accepted,exact_accepted_unique,1,1,1,WFO_offline_hierarchical,2026-06-24,1217
Citrus aurantiifolia,citrus aurantiifolia,citrus aurantiifolia,Citrus aurantiifolia,wfo-0001242548,wfo-0001242548,Rutaceae,Citrus,species,accepted,accepted,exact_accepted,exact_accepted_unique,1,1,1,WFO_offline_hierarchical,2026-06-24,1218
Lactuca sativa,lactuca sativa,lactuca sativa,Lactuca sativa,wfo-0000128816,wfo-0000128816,Asteraceae,Lactuca,species,accepted,accepted,exact_accepted,exact_accepted_unique,1,1,1,WFO_offline_hierarchical,2026-06-24,1219
Ribes nigrum,ribes nigrum,ribes nigrum,Ribes nigrum,wfo-0000405161,wfo-0000405161,Grossulariaceae,Ribes,species,accepted,accepted,exact_accepted,exact_accepted_unique,1,1,1,WFO_offline_hierarchical,2026-06-24,1220
Ribes rubrum,ribes rubrum,ribes rubrum,Ribes rubrum,wfo-0000405218,wfo-0000405218,Grossulariaceae,Ribes,species,accepted,accepted,exact_accepted,exact_accepted_unique,1,1,1,WFO_offline_hierarchical,2026-06-24,1221
Rubus idaeus,rubus idaeus,rubus idaeus,Rubus idaeus,wfo-0001000827,wfo-0001000827,Rosaceae,Rubus,species,accepted,accepted,exact_accepted,exact_accepted_unique,1,1,1,WFO_offline_hierarchical,2026-06-24,1222
Petroselinum crispum,petroselinum crispum,petroselinum crispum,Petroselinum crispum,wfo-0000745326,wfo-0000745326,Apiaceae,Petroselinum,species,accepted,accepted,exact_accepted,exact_accepted_unique,1,1,1,WFO_offline_hierarchical,2026-06-24,1223
Allium,allium,allium,Allium,wfo-4000001260,wfo-4000001260,Amaryllidaceae,Allium,genus,accepted,accepted,exact_accepted,exact_accepted_unique,1,1,1,WFO_offline_hierarchical,2026-06-24,1224
Citrus aurantifolia,citrus aurantifolia,citrus aurantifolia,NA,NA,NA,NA,NA,NA,NA,unresolved,unresolved,no_match,0,0,0,NA,2026-06-24,1225
Citrus,citrus,citrus,Citrus,wfo-4000008411,wfo-4000008411,Rutaceae,Citrus,genus,accepted,accepted,exact_accepted,exact_accepted_unique,1,1,1,WFO_offline_hierarchical,2026-06-24,1226
Smallanthus fruticosus,smallanthus fruticosus,smallanthus fruticosus,Smallanthus fruticosus,wfo-0000044196,wfo-0000044196,Asteraceae,Smallanthus,species,accepted,accepted,exact_accepted,exact_accepted_unique,1,1,1,WFO_offline_hierarchical,2026-06-24,1227
Dendrobium densiflorum,dendrobium densiflorum,dendrobium densiflorum,Dendrobium densiflorum,wfo-0000938987,wfo-0000938987,Orchidaceae,Dendrobium,species,accepted,accepted,exact_accepted,exact_accepted_unique,1,1,1,WFO_offline_hierarchical,2026-06-24,1228
Chrysothamnus humilis,chrysothamnus humilis,chrysothamnus humilis,Chrysothamnus humilis,wfo-0000022738,wfo-0000022738,Asteraceae,Chrysothamnus,species,accepted,accepted,exact_accepted,exact_accepted_unique,1,1,1,WFO_offline_hierarchical,2026-06-24,1229
Cotoneaster orbicularis,cotoneaster orbicularis,cotoneaster orbicularis,Cotoneaster orbicularis,wfo-0001002632,wfo-0001002632,Rosaceae,Cotoneaster,species,accepted,accepted,exact_accepted,exact_accepted_unique,1,1,1,WFO_offline_hierarchical,2026-06-24,1230
Anethum graveolens,anethum graveolens,anethum graveolens,Anethum graveolens,wfo-0000536042,wfo-0000536042,Apiaceae,Anethum,species,accepted,accepted,exact_accepted,exact_accepted_unique,1,1,1,WFO_offline_hierarchical,2026-06-24,1231
Coriandrum sativum,coriandrum sativum,coriandrum sativum,Coriandrum sativum,wfo-0000621274,wfo-0000621274,Apiaceae,Coriandrum,species,accepted,accepted,exact_accepted,exact_accepted_unique,1,1,1,WFO_offline_hierarchical,2026-06-24,1232
Hyssopus officinalis,hyssopus officinalis,hyssopus officinalis,Hyssopus officinalis,wfo-0000217205,wfo-0000217205,Lamiaceae,Hyssopus,species,accepted,accepted,exact_accepted,exact_accepted_unique,1,1,1,WFO_offline_hierarchical,2026-06-24,1233
Matricaria chamomilla,matricaria chamomilla,matricaria chamomilla,Matricaria chamomilla,wfo-0000003146,wfo-0000003146,Asteraceae,Matricaria,species,accepted,accepted,exact_accepted,exact_accepted_unique,1,1,1,WFO_offline_hierarchical,2026-06-24,1234
Melissa officinalis,melissa officinalis,melissa officinalis,Melissa officinalis,wfo-0000240053,wfo-0000240053,Lamiaceae,Melissa,species,accepted,accepted,exact_accepted,exact_accepted_unique,1,1,1,WFO_offline_hierarchical,2026-06-24,1235
Ocimum basilicum,ocimum basilicum,ocimum basilicum,Ocimum basilicum,wfo-0000253230,wfo-0000253230,Lamiaceae,Ocimum,species,accepted,accepted,exact_accepted,exact_accepted_unique,1,1,1,WFO_offline_hierarchical,2026-06-24,1236
Pimpinella anisum,pimpinella anisum,pimpinella anisum,Pimpinella anisum,wfo-0000390925,wfo-0000390925,Apiaceae,Pimpinella,species,accepted,accepted,exact_accepted,exact_accepted_unique,1,1,1,WFO_offline_hierarchical,2026-06-24,1237
Tilia tomentosa,tilia tomentosa,tilia tomentosa,Tilia tomentosa,wfo-0000457026,wfo-0000457026,Malvaceae,Tilia,species,accepted,accepted,exact_accepted,exact_accepted_unique,1,1,1,WFO_offline_hierarchical,2026-06-24,1238
Thymus,thymus,thymus,Thymus,wfo-4000038335,wfo-4000038335,Lamiaceae,Thymus,genus,accepted,accepted,exact_accepted,exact_accepted_unique,1,1,1,WFO_offline_hierarchical,2026-06-24,1239
Callerya reticulata,callerya reticulata,callerya reticulata,Wisteriopsis reticulata,wfo-0001444210,wfo-0001444210,Fabaceae,Wisteriopsis,species,synonym,synonym,exact_synonym,exact_synonym_unique,1,1,1,WFO_offline_hierarchical,2026-06-24,1240
Origanum dictamnus,origanum dictamnus,origanum dictamnus,Origanum dictamnus,wfo-0000260590,wfo-0000260590,Lamiaceae,Origanum,species,accepted,accepted,exact_accepted,exact_accepted_unique,1,1,1,WFO_offline_hierarchical,2026-06-24,1241
Acer pictum,acer pictum,acer pictum,Acer pictum,wfo-0000514846,wfo-0000514846,Sapindaceae,Acer,species,accepted,accepted,exact_accepted,exact_accepted_unique,1,1,1,WFO_offline_hierarchical,2026-06-24,1242
Pittocaulon velatum,pittocaulon velatum,pittocaulon velatum,Pittocaulon velatum,wfo-0000036531,wfo-0000036531,Asteraceae,Pittocaulon,species,accepted,accepted,exact_accepted,exact_accepted_unique,1,1,1,WFO_offline_hierarchical,2026-06-24,1243
Chrysanthemum morifolium,chrysanthemum morifolium,chrysanthemum morifolium,Chrysanthemum morifolium,wfo-0000031162,wfo-0000031162,Asteraceae,Chrysanthemum,species,accepted,accepted,exact_accepted,exact_accepted_unique,1,1,1,WFO_offline_hierarchical,2026-06-24,1244
Cota palaestina,cota palaestina,cota palaestina,Cota palaestina,wfo-0000133617,wfo-0000133617,Asteraceae,Cota,species,accepted,accepted,exact_accepted,exact_accepted_unique,1,1,1,WFO_offline_hierarchical,2026-06-24,1245
Xanthoceras sorbifolia,xanthoceras sorbifolia,xanthoceras sorbifolia,NA,NA,NA,NA,NA,NA,NA,unresolved,unresolved,no_match,0,0,0,NA,2026-06-24,1246
Xanthoceras sorbifolium,xanthoceras sorbifolium,xanthoceras sorbifolium,Xanthoceras sorbifolium,wfo-0001135169,wfo-0001135169,Sapindaceae,Xanthoceras,species,accepted,accepted,exact_accepted,exact_accepted_unique,1,1,1,WFO_offline_hierarchical,2026-06-24,1247
Dalbergia stevensonii,dalbergia stevensonii,dalbergia stevensonii,Dalbergia stevensonii,wfo-0000169029,wfo-0000169029,Fabaceae,Dalbergia,species,accepted,accepted,exact_accepted,exact_accepted_unique,1,1,1,WFO_offline_hierarchical,2026-06-24,1248
Aeonium lindleyi,aeonium lindleyi,aeonium lindleyi,Aeonium lindleyi,wfo-0000521676,wfo-0000521676,Crassulaceae,Aeonium,species,accepted,accepted,exact_accepted,exact_accepted_unique,1,1,1,WFO_offline_hierarchical,2026-06-24,1249
Elaeodendron croceum,elaeodendron croceum,elaeodendron croceum,Elaeodendron croceum,wfo-0000664930,wfo-0000664930,Celastraceae,Elaeodendron,species,accepted,accepted,exact_accepted,exact_accepted_unique,1,1,1,WFO_offline_hierarchical,2026-06-24,1250
Betula maximowicziana,betula maximowicziana,betula maximowicziana,Betula maximowicziana,wfo-0000334427,wfo-0000334427,Betulaceae,Betula,species,accepted,accepted,exact_accepted,exact_accepted_unique,1,1,1,WFO_offline_hierarchical,2026-06-24,1251
Podocarpus fasciculus,podocarpus fasciculus,podocarpus fasciculus,Podocarpus fasciculus,wfo-0000485218,wfo-0000485218,Podocarpaceae,Podocarpus,species,accepted,accepted,exact_accepted,exact_accepted_unique,1,1,1,WFO_offline_hierarchical,2026-06-24,1252
Heliotropium taltalense,heliotropium taltalense,heliotropium taltalense,Heliotropium taltalense,wfo-0000718974,wfo-0000718974,Heliotropiaceae,Heliotropium,species,accepted,accepted,exact_accepted,exact_accepted_unique,1,1,1,WFO_offline_hierarchical,2026-06-24,1253
Heliotropium sclerocarpum,heliotropium sclerocarpum,heliotropium sclerocarpum,NA,NA,NA,NA,NA,NA,NA,unresolved,unresolved,no_match,0,0,0,NA,2026-06-24,1254
Pittocaulon praecox,pittocaulon praecox,pittocaulon praecox,Senecio praecox,wfo-0000017618,wfo-0000017618,Asteraceae,Senecio,species,synonym,synonym,exact_synonym,exact_synonym_unique,1,1,1,WFO_offline_hierarchical,2026-06-24,1255
Premna fulva,premna fulva,premna fulva,Premna fulva,wfo-0000282626,wfo-0000282626,Lamiaceae,Premna,species,accepted,accepted,exact_accepted,exact_accepted_unique,1,1,1,WFO_offline_hierarchical,2026-06-24,1256
Aster koraiensis,aster koraiensis,aster koraiensis,Miyamayomena koraiensis,wfo-0000087700,wfo-0000087700,Asteraceae,Miyamayomena,species,synonym,synonym,exact_synonym,exact_synonym_unique,1,1,1,WFO_offline_hierarchical,2026-06-24,1257
Acacia,acacia,acacia,Acacia,wfo-4000000074,wfo-4000000074,Fabaceae,Acacia,genus,accepted,accepted,exact_accepted,exact_accepted_unique,1,1,1,WFO_offline_hierarchical,2026-06-24,1258
Quercus ilex,quercus ilex,quercus ilex,Quercus ilex,wfo-0000291202,wfo-0000291202,Fagaceae,Quercus,species,accepted,accepted,exact_accepted,exact_accepted_unique,1,1,1,WFO_offline_hierarchical,2026-06-24,1259
Prunus grayana,prunus grayana,prunus grayana,Prunus grayana,wfo-0000986014,wfo-0000986014,Rosaceae,Prunus,species,accepted,accepted,exact_accepted,exact_accepted_unique,1,1,1,WFO_offline_hierarchical,2026-06-24,1260
Peltogyne confertiflora,peltogyne confertiflora,peltogyne confertiflora,Peltogyne confertiflora,wfo-0000183518,wfo-0000183518,Fabaceae,Peltogyne,species,accepted,accepted,exact_accepted,exact_accepted_unique,1,1,1,WFO_offline_hierarchical,2026-06-24,1261
Lupinus mutabilis,lupinus mutabilis,lupinus mutabilis,Lupinus mutabilis,wfo-0000213497,wfo-0000213497,Fabaceae,Lupinus,species,accepted,accepted,exact_accepted,exact_accepted_unique,1,1,1,WFO_offline_hierarchical,2026-06-24,1262
Lonchocarpus latifolius,lonchocarpus latifolius,lonchocarpus latifolius,Lonchocarpus heptaphyllus,wfo-0000210427,wfo-0000210427,Fabaceae,Lonchocarpus,species,synonym,synonym,exact_synonym,exact_synonym_unique,2,1,1,WFO_offline_hierarchical,2026-06-24,1263
Iryanthera polyneura,iryanthera polyneura,iryanthera polyneura,Iryanthera polyneura,wfo-0001085223,wfo-0001085223,Myristicaceae,Iryanthera,species,accepted,accepted,exact_accepted,exact_accepted_unique,1,1,1,WFO_offline_hierarchical,2026-06-24,1264
Erythrina sandwicensis,erythrina sandwicensis,erythrina sandwicensis,Erythrina sandwicensis,wfo-0000186915,wfo-0000186915,Fabaceae,Erythrina,species,accepted,accepted,exact_accepted,exact_accepted_unique,1,1,1,WFO_offline_hierarchical,2026-06-24,1265
Anacheilium kaustkyi,anacheilium kaustkyi,anacheilium kaustkyi,NA,NA,NA,NA,NA,NA,NA,unresolved,unresolved,no_match,0,0,0,NA,2026-06-24,1266
Prosthechea alagoensis,prosthechea alagoensis,prosthechea alagoensis,Prosthechea alagoensis,wfo-0000283511,wfo-0000283511,Orchidaceae,Prosthechea,species,accepted,accepted,exact_accepted,exact_accepted_unique,1,1,1,WFO_offline_hierarchical,2026-06-24,1267
Prosthechea allemanii,prosthechea allemanii,prosthechea allemanii,Prosthechea allemanii,wfo-0000283512,wfo-0000283512,Orchidaceae,Prosthechea,species,accepted,accepted,exact_accepted,exact_accepted_unique,1,1,1,WFO_offline_hierarchical,2026-06-24,1268
Prosthechea allemanoides,prosthechea allemanoides,prosthechea allemanoides,Prosthechea allemanoides,wfo-0000283513,wfo-0000283513,Orchidaceae,Prosthechea,species,accepted,accepted,exact_accepted,exact_accepted_unique,1,1,1,WFO_offline_hierarchical,2026-06-24,1269
Prosthechea bulbosa,prosthechea bulbosa,prosthechea bulbosa,Prosthechea bulbosa,wfo-0000283526,wfo-0000283526,Orchidaceae,Prosthechea,species,accepted,accepted,exact_accepted,exact_accepted_unique,1,1,1,WFO_offline_hierarchical,2026-06-24,1270
Prosthechea caetensis,prosthechea caetensis,prosthechea caetensis,Prosthechea caetensis,wfo-0000283527,wfo-0000283527,Orchidaceae,Prosthechea,species,accepted,accepted,exact_accepted,exact_accepted_unique,1,1,1,WFO_offline_hierarchical,2026-06-24,1271
Prosthechea calamaria,prosthechea calamaria,prosthechea calamaria,Prosthechea calamaria,wfo-0000283528,wfo-0000283528,Orchidaceae,Prosthechea,species,accepted,accepted,exact_accepted,exact_accepted_unique,1,1,1,WFO_offline_hierarchical,2026-06-24,1272
Prosthechea campos-portoi,prosthechea campos-portoi,prosthechea campos-portoi,Prosthechea campos-portoi,wfo-0000283529,wfo-0000283529,Orchidaceae,Prosthechea,species,accepted,accepted,exact_accepted,exact_accepted_unique,1,1,1,WFO_offline_hierarchical,2026-06-24,1273
Prosthechea cochleata,prosthechea cochleata,prosthechea cochleata,Prosthechea cochleata,wfo-0000283538,wfo-0000283538,Orchidaceae,Prosthechea,species,accepted,accepted,exact_accepted,exact_accepted_unique,1,1,1,WFO_offline_hierarchical,2026-06-24,1274
Prosthechea faresiana,prosthechea faresiana,prosthechea faresiana,Prosthechea faresiana,wfo-0000283545,wfo-0000283545,Orchidaceae,Prosthechea,species,accepted,accepted,exact_accepted,exact_accepted_unique,1,1,1,WFO_offline_hierarchical,2026-06-24,1275
Prosthechea fausta,prosthechea fausta,prosthechea fausta,Prosthechea fausta,wfo-0000283546,wfo-0000283546,Orchidaceae,Prosthechea,species,accepted,accepted,exact_accepted,exact_accepted_unique,1,1,1,WFO_offline_hierarchical,2026-06-24,1276
Prosthechea fragrans,prosthechea fragrans,prosthechea fragrans,Prosthechea fragrans,wfo-0000283549,wfo-0000283549,Orchidaceae,Prosthechea,species,accepted,accepted,exact_accepted,exact_accepted_unique,1,1,1,WFO_offline_hierarchical,2026-06-24,1277
Prosthechea glumacea,prosthechea glumacea,prosthechea glumacea,Prosthechea glumacea,wfo-0000283556,wfo-0000283556,Orchidaceae,Prosthechea,species,accepted,accepted,exact_accepted,exact_accepted_unique,1,1,1,WFO_offline_hierarchical,2026-06-24,1278
Prosthechea grammatoglossa,prosthechea grammatoglossa,prosthechea grammatoglossa,Prosthechea grammatoglossa,wfo-0000283557,wfo-0000283557,Orchidaceae,Prosthechea,species,accepted,accepted,exact_accepted,exact_accepted_unique,1,1,1,WFO_offline_hierarchical,2026-06-24,1279
Prosthechea hartwegii,prosthechea hartwegii,prosthechea hartwegii,Prosthechea hartwegii,wfo-0000283562,wfo-0000283562,Orchidaceae,Prosthechea,species,accepted,accepted,exact_accepted,exact_accepted_unique,1,1,1,WFO_offline_hierarchical,2026-06-24,1280
Prosthechea livida,prosthechea livida,prosthechea livida,Prosthechea livida,wfo-0000283575,wfo-0000283575,Orchidaceae,Prosthechea,species,accepted,accepted,exact_accepted,exact_accepted_unique,1,1,1,WFO_offline_hierarchical,2026-06-24,1281
Prosthechea moojenii,prosthechea moojenii,prosthechea moojenii,Prosthechea moojenii,wfo-0000283581,wfo-0000283581,Orchidaceae,Prosthechea,species,accepted,accepted,exact_accepted,exact_accepted_unique,1,1,1,WFO_offline_hierarchical,2026-06-24,1282
Prosthechea papilio,prosthechea papilio,prosthechea papilio,Prosthechea papilio,wfo-0000283590,wfo-0000283590,Orchidaceae,Prosthechea,species,accepted,accepted,exact_accepted,exact_accepted_unique,1,1,1,WFO_offline_hierarchical,2026-06-24,1283
Prosthechea pygmaea,prosthechea pygmaea,prosthechea pygmaea,Prosthechea pygmaea,wfo-0000283600,wfo-0000283600,Orchidaceae,Prosthechea,species,accepted,accepted,exact_accepted,exact_accepted_unique,1,1,1,WFO_offline_hierarchical,2026-06-24,1284
Prosthechea radiata,prosthechea radiata,prosthechea radiata,Prosthechea radiata,wfo-0000283602,wfo-0000283602,Orchidaceae,Prosthechea,species,accepted,accepted,exact_accepted,exact_accepted_unique,1,1,1,WFO_offline_hierarchical,2026-06-24,1285
Prosthechea sessiliflora,prosthechea sessiliflora,prosthechea sessiliflora,Prosthechea sessiliflora,wfo-0000283611,wfo-0000283611,Orchidaceae,Prosthechea,species,accepted,accepted,exact_accepted,exact_accepted_unique,1,1,1,WFO_offline_hierarchical,2026-06-24,1286
Prosthechea suzanensis,prosthechea suzanensis,prosthechea suzanensis,Prosthechea suzanensis,wfo-0000283615,wfo-0000283615,Orchidaceae,Prosthechea,species,accepted,accepted,exact_accepted,exact_accepted_unique,1,1,1,WFO_offline_hierarchical,2026-06-24,1287
Prosthechea vespa,prosthechea vespa,prosthechea vespa,Prosthechea vespa,wfo-0000283624,wfo-0000283624,Orchidaceae,Prosthechea,species,accepted,accepted,exact_accepted,exact_accepted_unique,1,1,1,WFO_offline_hierarchical,2026-06-24,1288
Prosthechea widgrenii,prosthechea widgrenii,prosthechea widgrenii,Prosthechea widgrenii,wfo-0000283629,wfo-0000283629,Orchidaceae,Prosthechea,species,accepted,accepted,exact_accepted,exact_accepted_unique,1,1,1,WFO_offline_hierarchical,2026-06-24,1289
Brucea javanica,brucea javanica,brucea javanica,Brucea javanica,wfo-0000572705,wfo-0000572705,Simaroubaceae,Brucea,species,accepted,accepted,exact_accepted,exact_accepted_unique,1,1,1,WFO_offline_hierarchical,2026-06-24,1290
Peperomia blanda,peperomia blanda,peperomia blanda,Peperomia blanda,wfo-0000478029,wfo-0000478029,Piperaceae,Peperomia,species,accepted,accepted,exact_accepted,exact_accepted_unique,1,1,1,WFO_offline_hierarchical,2026-06-24,1291
Peperomia leptostachya,peperomia leptostachya,peperomia leptostachya,Peperomia leptostachya,wfo-0000477565,wfo-0000477565,Piperaceae,Peperomia,species,accepted,accepted,exact_accepted,exact_accepted_unique,1,1,1,WFO_offline_hierarchical,2026-06-24,1292
Myristica malabarica,myristica malabarica,myristica malabarica,Myristica malabarica,wfo-0000447776,wfo-0000447776,Myristicaceae,Myristica,species,accepted,accepted,exact_accepted,exact_accepted_unique,1,1,1,WFO_offline_hierarchical,2026-06-24,1293
Tripterygium wilfordii,tripterygium wilfordii,tripterygium wilfordii,Tripterygium wilfordii,wfo-0001257492,wfo-0001257492,Celastraceae,Tripterygium,species,accepted,accepted,exact_accepted,exact_accepted_unique,1,1,1,WFO_offline_hierarchical,2026-06-24,1294
Geranium niveum,geranium niveum,geranium niveum,Geranium niveum,wfo-0000700937,wfo-0000700937,Geraniaceae,Geranium,species,accepted,accepted,exact_accepted,exact_accepted_unique,1,1,1,WFO_offline_hierarchical,2026-06-24,1295
Bidens bipinnata,bidens bipinnata,bidens bipinnata,Bidens bipinnata,wfo-0000028784,wfo-0000028784,Asteraceae,Bidens,species,accepted,accepted,exact_accepted,exact_accepted_unique,1,1,1,WFO_offline_hierarchical,2026-06-24,1296
Daucus carota,daucus carota,daucus carota,Daucus carota,wfo-0000638442,wfo-0000638442,Apiaceae,Daucus,species,accepted,accepted,exact_accepted,exact_accepted_unique,1,1,1,WFO_offline_hierarchical,2026-06-24,1297
Sauromatum venosum,sauromatum venosum,sauromatum venosum,Sauromatum venosum,wfo-0000304979,wfo-0000304979,Araceae,Sauromatum,species,accepted,accepted,exact_accepted,exact_accepted_unique,1,1,1,WFO_offline_hierarchical,2026-06-24,1298
Dalbergia sissoides,dalbergia sissoides,dalbergia sissoides,Dalbergia sissoides,wfo-0000194811,wfo-0000194811;wfo-0001053386,Fabaceae,Dalbergia,species,accepted,accepted,exact_accepted,exact_accepted_consensus_multiple_ids,2,2,1,WFO_offline_hierarchical,2026-06-24,1299
Rosa cymosa,rosa cymosa,rosa cymosa,Rosa indica,wfo-0001014404,wfo-0001014404,Rosaceae,Rosa,species,synonym,synonym,exact_synonym,exact_synonym_unique,1,1,1,WFO_offline_hierarchical,2026-06-24,1300
Quercus salicina,quercus salicina,quercus salicina,Quercus salicina,wfo-0000293064,wfo-0000293064,Fagaceae,Quercus,species,accepted,accepted,exact_accepted,exact_accepted_unique,1,1,1,WFO_offline_hierarchical,2026-06-24,1301
Quercus phillyraeoides,quercus phillyraeoides,quercus phillyraeoides,NA,NA,NA,NA,NA,NA,NA,unresolved,unresolved,no_match,0,0,0,NA,2026-06-24,1302
Melastoma malabathricum,melastoma malabathricum,melastoma malabathricum,Melastoma malabathricum,wfo-0001080544,wfo-0001080544,Melastomataceae,Melastoma,species,accepted,accepted,exact_accepted,exact_accepted_unique,1,1,1,WFO_offline_hierarchical,2026-06-24,1303
Helichrysum maracandicum,helichrysum maracandicum,helichrysum maracandicum,Helichrysum maracandicum,wfo-0000018877,wfo-0000018877;wfo-0000073665,Asteraceae,Helichrysum,species,accepted,accepted,exact_accepted,exact_accepted_consensus_multiple_ids,2,2,1,WFO_offline_hierarchical,2026-06-24,1304
Bursera leptophloeos,bursera leptophloeos,bursera leptophloeos,Commiphora leptophloeos,wfo-0000617344,wfo-0000617344,Burseraceae,Commiphora,species,synonym,synonym,exact_synonym,exact_synonym_unique,1,1,1,WFO_offline_hierarchical,2026-06-24,1305
Ampelopsis grossedentata,ampelopsis grossedentata,ampelopsis grossedentata,Nekemias grossedentata,wfo-0001340501,wfo-0001340501,Vitaceae,Nekemias,species,synonym,synonym,exact_synonym,exact_synonym_unique,1,1,1,WFO_offline_hierarchical,2026-06-24,1306
Andrographis paniculata,andrographis paniculata,andrographis paniculata,Andrographis paniculata,wfo-0000534069,wfo-0000534069,Acanthaceae,Andrographis,species,accepted,accepted,exact_accepted,exact_accepted_unique,1,1,1,WFO_offline_hierarchical,2026-06-24,1307
Cassipourea malosana,cassipourea malosana,cassipourea malosana,Cassipourea malosana,wfo-0000589662,wfo-0000589662,Rhizophoraceae,Cassipourea,species,accepted,accepted,exact_accepted,exact_accepted_unique,1,1,1,WFO_offline_hierarchical,2026-06-24,1308
Chenopodium ambrosioides,chenopodium ambrosioides,chenopodium ambrosioides,Dysphania ambrosioides,wfo-0000658867,wfo-0000658867,Amaranthaceae,Dysphania,species,synonym,synonym,exact_synonym,exact_synonym_unique,1,1,1,WFO_offline_hierarchical,2026-06-24,1309
Dysphania ambrosioides,dysphania ambrosioides,dysphania ambrosioides,Dysphania ambrosioides,wfo-0000658867,wfo-0000658867,Amaranthaceae,Dysphania,species,accepted,accepted,exact_accepted,exact_accepted_unique,1,1,1,WFO_offline_hierarchical,2026-06-24,1310
Nymphaea ampla,nymphaea ampla,nymphaea ampla,Nymphaea ampla,wfo-0000381455,wfo-0000381455,Nymphaeaceae,Nymphaea,species,accepted,accepted,exact_accepted,exact_accepted_unique,1,1,1,WFO_offline_hierarchical,2026-06-24,1311
Chrozophora tinctoria,chrozophora tinctoria,chrozophora tinctoria,Chrozophora tinctoria,wfo-0000852775,wfo-0000852775,Euphorbiaceae,Chrozophora,species,accepted,accepted,exact_accepted,exact_accepted_unique,1,1,1,WFO_offline_hierarchical,2026-06-24,1312
Lindera lucida,lindera lucida,lindera lucida,Lindera lucida,wfo-0000365480,wfo-0000365480,Lauraceae,Lindera,species,accepted,accepted,exact_accepted,exact_accepted_unique,1,1,1,WFO_offline_hierarchical,2026-06-24,1313
Rhododendron mucronatum,rhododendron mucronatum,rhododendron mucronatum,Rhododendron mucronatum,wfo-0001229801,wfo-0001229801,Ericaceae,Rhododendron,species,accepted,accepted,exact_accepted,exact_accepted_unique,1,1,1,WFO_offline_hierarchical,2026-06-24,1314
Flourensia retinophylla,flourensia retinophylla,flourensia retinophylla,Flourensia retinophylla,wfo-0000096733,wfo-0000096733;wfo-0000123776,Asteraceae,Flourensia,species,accepted,accepted,exact_accepted,exact_accepted_consensus_multiple_ids,2,2,1,WFO_offline_hierarchical,2026-06-24,1315
Thermopsis dolichocarpa,thermopsis dolichocarpa,thermopsis dolichocarpa,Thermopsis dolichocarpa,wfo-0000186286,wfo-0000186286,Fabaceae,Thermopsis,species,accepted,accepted,exact_accepted,exact_accepted_unique,1,1,1,WFO_offline_hierarchical,2026-06-24,1316
Ipomoea purpurea,ipomoea purpurea,ipomoea purpurea,Ipomoea purpurea,wfo-0001296676,wfo-0001296676,Convolvulaceae,Ipomoea,species,accepted,accepted,exact_accepted,exact_accepted_unique,1,1,1,WFO_offline_hierarchical,2026-06-24,1317
Genista corsica,genista corsica,genista corsica,Genista corsica,wfo-0000213730,wfo-0000213730,Fabaceae,Genista,species,accepted,accepted,exact_accepted,exact_accepted_unique,1,1,1,WFO_offline_hierarchical,2026-06-24,1318
Plectranthus ecklonii,plectranthus ecklonii,plectranthus ecklonii,Plectranthus ecklonii,wfo-0000275391,wfo-0000275391,Lamiaceae,Plectranthus,species,accepted,accepted,exact_accepted,exact_accepted_unique,1,1,1,WFO_offline_hierarchical,2026-06-24,1319
Eriodictyon californicum,eriodictyon californicum,eriodictyon californicum,Eriodictyon californicum,wfo-0001066643,wfo-0001066643,Namaceae,Eriodictyon,species,accepted,accepted,exact_accepted,exact_accepted_unique,1,1,1,WFO_offline_hierarchical,2026-06-24,1320
Breynia vitis-idaea,breynia vitis-idaea,breynia vitis-idaea,Breynia vitis-idaea,wfo-0000415036,wfo-0000415036,Phyllanthaceae,Breynia,species,accepted,accepted,exact_accepted,exact_accepted_unique,1,1,1,WFO_offline_hierarchical,2026-06-24,1321
Amburana cearensis,amburana cearensis,amburana cearensis,Amburana cearensis,wfo-0000182165,wfo-0000182165,Fabaceae,Amburana,species,accepted,accepted,exact_accepted,exact_accepted_unique,1,1,1,WFO_offline_hierarchical,2026-06-24,1322
Andrographis ceylanica,andrographis ceylanica,andrographis ceylanica,NA,NA,NA,NA,NA,NA,NA,unresolved,exact_conflict,exact_synonym_conflict,2,2,2,NA,2026-06-24,1323
Aster souliei,aster souliei,aster souliei,Aster souliei,wfo-0000003517,wfo-0000003517,Asteraceae,Aster,species,accepted,accepted,exact_accepted,exact_accepted_unique,1,1,1,WFO_offline_hierarchical,2026-06-24,1324
Iryanthera juruensis,iryanthera juruensis,iryanthera juruensis,Iryanthera juruensis,wfo-0000732330,wfo-0000732330,Myristicaceae,Iryanthera,species,accepted,accepted,exact_accepted,exact_accepted_unique,1,1,1,WFO_offline_hierarchical,2026-06-24,1325
Millettia pachyloba,millettia pachyloba,millettia pachyloba,Millettia pachyloba,wfo-0000197342,wfo-0000197342,Fabaceae,Millettia,species,accepted,accepted,exact_accepted,exact_accepted_unique,1,1,1,WFO_offline_hierarchical,2026-06-24,1326
Asplenium ceterach,asplenium ceterach,asplenium ceterach,Asplenium ceterach,wfo-0001115841,wfo-0001115841,Aspleniaceae,Asplenium,species,accepted,accepted,exact_accepted,exact_accepted_unique,1,1,1,WFO_offline_hierarchical,2026-06-24,1327
Gnetum montanum,gnetum montanum,gnetum montanum,Gnetum montanum,wfo-0000795644,wfo-0000795644,Gnetaceae,Gnetum,species,accepted,accepted,exact_accepted,exact_accepted_unique,1,1,1,WFO_offline_hierarchical,2026-06-24,1328
Gnetum klossii,gnetum klossii,gnetum klossii,Gnetum klossii,wfo-0000795610,wfo-0000795610,Gnetaceae,Gnetum,species,accepted,accepted,exact_accepted,exact_accepted_unique,1,1,1,WFO_offline_hierarchical,2026-06-24,1329
Stylogyne ardisioides,stylogyne ardisioides,stylogyne ardisioides,Stylogyne ardisioides,wfo-0000506101,wfo-0000506101,Primulaceae,Stylogyne,species,accepted,accepted,exact_accepted,exact_accepted_unique,1,1,1,WFO_offline_hierarchical,2026-06-24,1330
Plumbago indica,plumbago indica,plumbago indica,Plumbago indica,wfo-0001095164,wfo-0001095164,Plumbaginaceae,Plumbago,species,accepted,accepted,exact_accepted,exact_accepted_unique,1,1,1,WFO_offline_hierarchical,2026-06-24,1331
Castanopsis hystrix,castanopsis hystrix,castanopsis hystrix,Castanopsis hystrix,wfo-0001240111,wfo-0001240111,Fagaceae,Castanopsis,species,accepted,accepted,exact_accepted,exact_accepted_unique,1,1,1,WFO_offline_hierarchical,2026-06-24,1332
Castanopsis purpurella,castanopsis purpurella,castanopsis purpurella,Castanopsis purpurella,wfo-0000814888,wfo-0000814888,Fagaceae,Castanopsis,species,accepted,accepted,exact_accepted,exact_accepted_unique,1,1,1,WFO_offline_hierarchical,2026-06-24,1333
Cinchona pubescens,cinchona pubescens,cinchona pubescens,Cinchona pubescens,wfo-0000862489,wfo-0000862489,Rubiaceae,Cinchona,species,accepted,accepted,exact_accepted,exact_accepted_unique,1,1,1,WFO_offline_hierarchical,2026-06-24,1334
Cinchona succirubra,cinchona succirubra,cinchona succirubra,Cinchona pubescens,wfo-0000862489,wfo-0000862489,Rubiaceae,Cinchona,species,synonym,synonym,exact_synonym,exact_synonym_unique,1,1,1,WFO_offline_hierarchical,2026-06-24,1335
Castanopsis sclerophylla,castanopsis sclerophylla,castanopsis sclerophylla,Castanopsis sclerophylla,wfo-0000815088,wfo-0000815088,Fagaceae,Castanopsis,species,accepted,accepted,exact_accepted,exact_accepted_unique,1,1,1,WFO_offline_hierarchical,2026-06-24,1336
Peltogyne catingae,peltogyne catingae,peltogyne catingae,Peltogyne catingae,wfo-0000168357,wfo-0000168357,Fabaceae,Peltogyne,species,accepted,accepted,exact_accepted,exact_accepted_unique,1,1,1,WFO_offline_hierarchical,2026-06-24,1337
Dryopteris crassirhizoma,dryopteris crassirhizoma,dryopteris crassirhizoma,Dryopteris crassirhizoma,wfo-0000748044,wfo-0000748044,Dryopteridaceae,Dryopteris,species,accepted,accepted,exact_accepted,exact_accepted_unique,1,1,1,WFO_offline_hierarchical,2026-06-24,1338
Aniba riparia,aniba riparia,aniba riparia,Aniba riparia,wfo-0000536888,wfo-0000536888,Lauraceae,Aniba,species,accepted,accepted,exact_accepted,exact_accepted_unique,1,1,1,WFO_offline_hierarchical,2026-06-24,1339
Persicaria decipiens,persicaria decipiens,persicaria decipiens,Persicaria decipiens,wfo-0000488020,wfo-0000488020,Polygonaceae,Persicaria,species,accepted,accepted,exact_accepted,exact_accepted_unique,1,1,1,WFO_offline_hierarchical,2026-06-24,1340
Persicaria salicifolia,persicaria salicifolia,persicaria salicifolia,NA,NA,NA,NA,NA,NA,NA,unresolved,exact_conflict,exact_synonym_conflict,2,2,2,NA,2026-06-24,1341
Polygonum salicifolium,polygonum salicifolium,polygonum salicifolium,NA,NA,NA,NA,NA,NA,NA,unresolved,exact_conflict,exact_synonym_conflict,2,2,2,NA,2026-06-24,1342
Coreopsis grandiflora,coreopsis grandiflora,coreopsis grandiflora,Coreopsis grandiflora,wfo-0000069965,wfo-0000069965,Asteraceae,Coreopsis,species,accepted,accepted,exact_accepted,exact_accepted_unique,1,1,1,WFO_offline_hierarchical,2026-06-24,1343
Begonia glabra,begonia glabra,begonia glabra,Begonia glabra,wfo-0000824136,wfo-0000824136,Begoniaceae,Begonia,species,accepted,accepted,exact_accepted,exact_accepted_unique,1,1,1,WFO_offline_hierarchical,2026-06-24,1344
Aspalathus linearis,aspalathus linearis,aspalathus linearis,Aspalathus linearis,wfo-0000211610,wfo-0000211610,Fabaceae,Aspalathus,species,accepted,accepted,exact_accepted,exact_accepted_unique,1,1,1,WFO_offline_hierarchical,2026-06-24,1345
Chesniella mongolica,chesniella mongolica,chesniella mongolica,Chesneya mongolica,wfo-0000198252,wfo-0000198252,Fabaceae,Chesneya,species,synonym,synonym,exact_synonym,exact_synonym_unique,1,1,1,WFO_offline_hierarchical,2026-06-24,1346
Ammopiptanthus mongolicus,ammopiptanthus mongolicus,ammopiptanthus mongolicus,Ammopiptanthus mongolicus,wfo-0000186210,wfo-0000186210,Fabaceae,Ammopiptanthus,species,accepted,accepted,exact_accepted,exact_accepted_unique,1,1,1,WFO_offline_hierarchical,2026-06-24,1347
Caragana alaica,caragana alaica,caragana alaica,Caragana alaica,wfo-0000208437,wfo-0000208437,Fabaceae,Caragana,species,accepted,accepted,exact_accepted,exact_accepted_unique,1,1,1,WFO_offline_hierarchical,2026-06-24,1348
Bowdichia virgilioides,bowdichia virgilioides,bowdichia virgilioides,Bowdichia virgilioides,wfo-0000164496,wfo-0000164496,Fabaceae,Bowdichia,species,accepted,accepted,exact_accepted,exact_accepted_unique,1,1,1,WFO_offline_hierarchical,2026-06-24,1349
Daphniphyllum himalayense,daphniphyllum himalayense,daphniphyllum himalayense,Daphniphyllum himalayense,wfo-0000937739,wfo-0000937739,Daphniphyllaceae,Daphniphyllum,species,accepted,accepted,exact_accepted,exact_accepted_unique,1,1,1,WFO_offline_hierarchical,2026-06-24,1350
Vigna aconitifolia,vigna aconitifolia,vigna aconitifolia,Vigna aconitifolia,wfo-0000187831,wfo-0000187831,Fabaceae,Vigna,species,accepted,accepted,exact_accepted,exact_accepted_unique,1,1,1,WFO_offline_hierarchical,2026-06-24,1351
Vigna subterranea,vigna subterranea,vigna subterranea,Vigna subterranea,wfo-0000189255,wfo-0000189255,Fabaceae,Vigna,species,accepted,accepted,exact_accepted,exact_accepted_unique,1,1,1,WFO_offline_hierarchical,2026-06-24,1352
Vigna umbellata,vigna umbellata,vigna umbellata,Vigna umbellata,wfo-0000189344,wfo-0000189344,Fabaceae,Vigna,species,accepted,accepted,exact_accepted,exact_accepted_unique,1,1,1,WFO_offline_hierarchical,2026-06-24,1353
Vigna unguiculata,vigna unguiculata,vigna unguiculata,Vigna unguiculata,wfo-0000189386,wfo-0000189386,Fabaceae,Vigna,species,accepted,accepted,exact_accepted,exact_accepted_unique,1,1,1,WFO_offline_hierarchical,2026-06-24,1354
Psophocarpus tetragonolobus,psophocarpus tetragonolobus,psophocarpus tetragonolobus,Psophocarpus tetragonolobus,wfo-0000183795,wfo-0000183795,Fabaceae,Psophocarpus,species,accepted,accepted,exact_accepted,exact_accepted_unique,1,1,1,WFO_offline_hierarchical,2026-06-24,1355
Erythrina velutina,erythrina velutina,erythrina velutina,Erythrina velutina,wfo-0000181214,wfo-0000181214,Fabaceae,Erythrina,species,accepted,accepted,exact_accepted,exact_accepted_unique,1,1,1,WFO_offline_hierarchical,2026-06-24,1356
Erythrina burana,erythrina burana,erythrina burana,Erythrina burana,wfo-0000180575,wfo-0000180575,Fabaceae,Erythrina,species,accepted,accepted,exact_accepted,exact_accepted_unique,1,1,1,WFO_offline_hierarchical,2026-06-24,1357
Dalbergia horrida,dalbergia horrida,dalbergia horrida,Dalbergia horrida,wfo-0000199960,wfo-0000199960,Fabaceae,Dalbergia,species,accepted,accepted,exact_accepted,exact_accepted_unique,1,1,1,WFO_offline_hierarchical,2026-06-24,1358
Helichrysum platypterum,helichrysum platypterum,helichrysum platypterum,Helichrysum platypterum,wfo-0000019491,wfo-0000019491,Asteraceae,Helichrysum,species,accepted,accepted,exact_accepted,exact_accepted_unique,1,1,1,WFO_offline_hierarchical,2026-06-24,1359
Cyclopia intermedia,cyclopia intermedia,cyclopia intermedia,Cyclopia intermedia,wfo-0000197746,wfo-0000197746,Fabaceae,Cyclopia,species,accepted,accepted,exact_accepted,exact_accepted_unique,1,1,1,WFO_offline_hierarchical,2026-06-24,1360
Derris,derris,derris,Derris,wfo-4000011178,wfo-4000011178,Fabaceae,Derris,genus,accepted,accepted,exact_accepted,exact_accepted_unique,1,1,1,WFO_offline_hierarchical,2026-06-24,1361
Cyperus conglomeratus,cyperus conglomeratus,cyperus conglomeratus,Cyperus conglomeratus,wfo-0000369935,wfo-0000369935,Cyperaceae,Cyperus,species,accepted,accepted,exact_accepted,exact_accepted_unique,1,1,1,WFO_offline_hierarchical,2026-06-24,1362
Artemisia palustris,artemisia palustris,artemisia palustris,Artemisia palustris,wfo-0000060164,wfo-0000060164,Asteraceae,Artemisia,species,accepted,accepted,exact_accepted,exact_accepted_unique,1,1,1,WFO_offline_hierarchical,2026-06-24,1363
Alpinia pulcherrima,alpinia pulcherrima,alpinia pulcherrima,Alpinia pulcherrima,wfo-0000338709,wfo-0000338709,Zingiberaceae,Alpinia,species,accepted,accepted,exact_accepted,exact_accepted_unique,1,1,1,WFO_offline_hierarchical,2026-06-24,1364
Caesalpinia pulcherrima,caesalpinia pulcherrima,caesalpinia pulcherrima,Caesalpinia pulcherrima,wfo-0000214363,wfo-0000214363,Fabaceae,Caesalpinia,species,accepted,accepted,exact_accepted,exact_accepted_unique,1,1,1,WFO_offline_hierarchical,2026-06-24,1365
Coreopsis nodosa,coreopsis nodosa,coreopsis nodosa,Coreopsis nodosa,wfo-0000034302,wfo-0000034302,Asteraceae,Coreopsis,species,accepted,accepted,exact_accepted,exact_accepted_unique,1,1,1,WFO_offline_hierarchical,2026-06-24,1366
Pterocarpus macrocarpus,pterocarpus macrocarpus,pterocarpus macrocarpus,Pterocarpus macrocarpus,wfo-0000194875,wfo-0000194875,Fabaceae,Pterocarpus,species,accepted,accepted,exact_accepted,exact_accepted_unique,1,1,1,WFO_offline_hierarchical,2026-06-24,1367
Trigonostemon reidioides,trigonostemon reidioides,trigonostemon reidioides,Trigonostemon reidioides,wfo-0000328357,wfo-0000328357,Euphorbiaceae,Trigonostemon,species,accepted,accepted,exact_accepted,exact_accepted_unique,1,1,1,WFO_offline_hierarchical,2026-06-24,1368
Artemisia halodendron,artemisia halodendron,artemisia halodendron,Artemisia halodendron,wfo-0000084249,wfo-0000084249,Asteraceae,Artemisia,species,accepted,accepted,exact_accepted,exact_accepted_unique,1,1,1,WFO_offline_hierarchical,2026-06-24,1369
Tessaria dodoneifolia,tessaria dodoneifolia,tessaria dodoneifolia,Tessaria dodoneifolia,wfo-0000051679,wfo-0000051679,Asteraceae,Tessaria,species,accepted,accepted,exact_accepted,exact_accepted_unique,1,1,1,WFO_offline_hierarchical,2026-06-24,1370
Artemisia monosperma,artemisia monosperma,artemisia monosperma,Artemisia monosperma,wfo-0000025868,wfo-0000025868,Asteraceae,Artemisia,species,accepted,accepted,exact_accepted,exact_accepted_unique,1,1,1,WFO_offline_hierarchical,2026-06-24,1371
Baccharis,baccharis,baccharis,Baccharis,wfo-4000003847,wfo-4000003847,Asteraceae,Baccharis,genus,accepted,accepted,exact_accepted,exact_accepted_unique,1,1,1,WFO_offline_hierarchical,2026-06-24,1372
Gochnatia glutinosa,gochnatia glutinosa,gochnatia glutinosa,Gochnatia glutinosa,wfo-0000067831,wfo-0000067831,Asteraceae,Gochnatia,species,accepted,accepted,exact_accepted,exact_accepted_unique,1,1,1,WFO_offline_hierarchical,2026-06-24,1373
Ophryosporus charua,ophryosporus charua,ophryosporus charua,Ophryosporus charua,wfo-0000127376,wfo-0000127376,Asteraceae,Ophryosporus,species,accepted,accepted,exact_accepted,exact_accepted_unique,1,1,1,WFO_offline_hierarchical,2026-06-24,1374
Perymenium hintonii,perymenium hintonii,perymenium hintonii,Perymenium hintonii,wfo-0000013649,wfo-0000013649,Asteraceae,Perymenium,species,accepted,accepted,exact_accepted,exact_accepted_unique,1,1,1,WFO_offline_hierarchical,2026-06-24,1375
Encelia asperifolia,encelia asperifolia,encelia asperifolia,Encelia asperifolia,wfo-0000058930,wfo-0000058930,Asteraceae,Encelia,species,accepted,accepted,exact_accepted,exact_accepted_unique,1,1,1,WFO_offline_hierarchical,2026-06-24,1376
Encelia canescens,encelia canescens,encelia canescens,Encelia canescens,wfo-0000131052,wfo-0000131052,Asteraceae,Encelia,species,accepted,accepted,exact_accepted,exact_accepted_unique,1,1,1,WFO_offline_hierarchical,2026-06-24,1377
Encelia frutescens,encelia frutescens,encelia frutescens,Encelia frutescens,wfo-0000109223,wfo-0000109223,Asteraceae,Encelia,species,accepted,accepted,exact_accepted,exact_accepted_unique,1,1,1,WFO_offline_hierarchical,2026-06-24,1378
Encelia laciniata,encelia laciniata,encelia laciniata,Encelia laciniata,wfo-0000122986,wfo-0000122986,Asteraceae,Encelia,species,accepted,accepted,exact_accepted,exact_accepted_unique,1,1,1,WFO_offline_hierarchical,2026-06-24,1379
Encelia stenophylla,encelia stenophylla,encelia stenophylla,Encelia stenophylla,wfo-0000024104,wfo-0000024104,Asteraceae,Encelia,species,accepted,accepted,exact_accepted,exact_accepted_unique,1,1,1,WFO_offline_hierarchical,2026-06-24,1380
Traversia baccharoides,traversia baccharoides,traversia baccharoides,Traversia baccharoides,wfo-0000121795,wfo-0000121795,Asteraceae,Traversia,species,accepted,accepted,exact_accepted,exact_accepted_unique,1,1,1,WFO_offline_hierarchical,2026-06-24,1381
Pulicaria undulata,pulicaria undulata,pulicaria undulata,Pulicaria undulata,wfo-0000132536,wfo-0000132536,Asteraceae,Pulicaria,species,accepted,accepted,exact_accepted,exact_accepted_unique,1,1,1,WFO_offline_hierarchical,2026-06-24,1382
Cedrelopsis,cedrelopsis,cedrelopsis,Cedrelopsis,wfo-4000007113,wfo-4000007113,Rutaceae,Cedrelopsis,genus,accepted,accepted,exact_accepted,exact_accepted_unique,1,1,1,WFO_offline_hierarchical,2026-06-24,1383
Anogeissus acuminata,anogeissus acuminata,anogeissus acuminata,Terminalia phillyreifolia,wfo-0001421875,wfo-0001421875,Combretaceae,Terminalia,species,synonym,synonym,exact_synonym,exact_synonym_unique,1,1,1,WFO_offline_hierarchical,2026-06-24,1384
Globularia alypum,globularia alypum,globularia alypum,Globularia alypum,wfo-0000703791,wfo-0000703791,Plantaginaceae,Globularia,species,accepted,accepted,exact_accepted,exact_accepted_unique,1,1,1,WFO_offline_hierarchical,2026-06-24,1385
Joannesia princeps,joannesia princeps,joannesia princeps,Joannesia princeps,wfo-0000220129,wfo-0000220129,Euphorbiaceae,Joannesia,species,accepted,accepted,exact_accepted,exact_accepted_unique,1,1,1,WFO_offline_hierarchical,2026-06-24,1386
Agapanthus africanus,agapanthus africanus,agapanthus africanus,Agapanthus africanus,wfo-0000754060,wfo-0000754060,Amaryllidaceae,Agapanthus,species,accepted,accepted,exact_accepted,exact_accepted_unique,1,1,1,WFO_offline_hierarchical,2026-06-24,1387
Ulex airensis,ulex airensis,ulex airensis,Ulex parviflorus subsp. airensis,wfo-0001359577,wfo-0001359577,Fabaceae,Ulex,subspecies,synonym,synonym,exact_synonym,exact_synonym_unique,1,1,1,WFO_offline_hierarchical,2026-06-24,1388
Ulex europaeus,ulex europaeus,ulex europaeus,Ulex europaeus,wfo-0000213410,wfo-0000213410,Fabaceae,Ulex,species,accepted,accepted,exact_accepted,exact_accepted_unique,1,1,1,WFO_offline_hierarchical,2026-06-24,1389
Endosamara racemosa,endosamara racemosa,endosamara racemosa,Endosamara racemosa,wfo-0000193220,wfo-0000193220,Fabaceae,Endosamara,species,accepted,accepted,exact_accepted,exact_accepted_unique,1,1,1,WFO_offline_hierarchical,2026-06-24,1390
Anthyllis hermanniae,anthyllis hermanniae,anthyllis hermanniae,Anthyllis hermanniae,wfo-0000213515,wfo-0000213515,Fabaceae,Anthyllis,species,accepted,accepted,exact_accepted,exact_accepted_unique,1,1,1,WFO_offline_hierarchical,2026-06-24,1391
Scutellaria ramosissima,scutellaria ramosissima,scutellaria ramosissima,Scutellaria ramosissima,wfo-0000308367,wfo-0000308367,Lamiaceae,Scutellaria,species,accepted,accepted,exact_accepted,exact_accepted_unique,1,1,1,WFO_offline_hierarchical,2026-06-24,1392
Glycyrrhiza lepidota,glycyrrhiza lepidota,glycyrrhiza lepidota,Glycyrrhiza lepidota,wfo-0000170582,wfo-0000170582,Fabaceae,Glycyrrhiza,species,accepted,accepted,exact_accepted,exact_accepted_unique,1,1,1,WFO_offline_hierarchical,2026-06-24,1393
Pleiotaxis rugosa,pleiotaxis rugosa,pleiotaxis rugosa,Pleiotaxis rugosa,wfo-0000024080,wfo-0000024080,Asteraceae,Pleiotaxis,species,accepted,accepted,exact_accepted,exact_accepted_unique,1,1,1,WFO_offline_hierarchical,2026-06-24,1394
Helichrysum tenuiculum,helichrysum tenuiculum,helichrysum tenuiculum,Helichrysum tenuiculum,wfo-0000119802,wfo-0000119802,Asteraceae,Helichrysum,species,accepted,accepted,exact_accepted,exact_accepted_unique,1,1,1,WFO_offline_hierarchical,2026-06-24,1395
Anaphalis lactea,anaphalis lactea,anaphalis lactea,Anaphalis lactea,wfo-0000013395,wfo-0000013395,Asteraceae,Anaphalis,species,accepted,accepted,exact_accepted,exact_accepted_unique,1,1,1,WFO_offline_hierarchical,2026-06-24,1396
Lychnophora ericoides,lychnophora ericoides,lychnophora ericoides,Lychnophora ericoides,wfo-0000069018,wfo-0000069018,Asteraceae,Lychnophora,species,accepted,accepted,exact_accepted,exact_accepted_unique,1,1,1,WFO_offline_hierarchical,2026-06-24,1397
Populus,populus,populus,Populus,wfo-4000030925,wfo-4000030925,Salicaceae,Populus,genus,accepted,accepted,exact_accepted,exact_accepted_unique,1,1,1,WFO_offline_hierarchical,2026-06-24,1398
Lychnophora pinaster,lychnophora pinaster,lychnophora pinaster,Lychnophora ericoides,wfo-0000069018,wfo-0000069018,Asteraceae,Lychnophora,species,synonym,synonym,exact_synonym,exact_synonym_unique,1,1,1,WFO_offline_hierarchical,2026-06-24,1399
Pinus parviflora,pinus parviflora,pinus parviflora,Pinus parviflora,wfo-0000481883,wfo-0000481883,Pinaceae,Pinus,species,accepted,accepted,exact_accepted,exact_accepted_unique,1,1,1,WFO_offline_hierarchical,2026-06-24,1400
Ambrosia monogyra,ambrosia monogyra,ambrosia monogyra,Ambrosia monogyra,wfo-0000082686,wfo-0000082686,Asteraceae,Ambrosia,species,accepted,accepted,exact_accepted,exact_accepted_unique,1,1,1,WFO_offline_hierarchical,2026-06-24,1401
Bulbophyllum odoratissimum ex,bulbophyllum odoratissimum ex,bulbophyllum odoratissimum,Bulbophyllum odoratissimum,wfo-0000568969,wfo-0000568969,Orchidaceae,Bulbophyllum,species,accepted,accepted,canonical,canonical_unique,2,1,1,WFO_offline_hierarchical,2026-06-24,1402
Siparuna,siparuna,siparuna,Siparuna,wfo-4000035491,wfo-4000035491,Siparunaceae,Siparuna,genus,accepted,accepted,exact_accepted,exact_accepted_unique,1,1,1,WFO_offline_hierarchical,2026-06-24,1403
Alpinia officinarum,alpinia officinarum,alpinia officinarum,Alpinia officinarum,wfo-0000338655,wfo-0000338655,Zingiberaceae,Alpinia,species,accepted,accepted,exact_accepted,exact_accepted_unique,1,1,1,WFO_offline_hierarchical,2026-06-24,1404
Flourensia riparia,flourensia riparia,flourensia riparia,Flourensia riparia,wfo-0000134380,wfo-0000134380,Asteraceae,Flourensia,species,accepted,accepted,exact_accepted,exact_accepted_unique,1,1,1,WFO_offline_hierarchical,2026-06-24,1405
Lychnophora diamantinana,lychnophora diamantinana,lychnophora diamantinana,Lychnophora diamantinana,wfo-0000064682,wfo-0000064682,Asteraceae,Lychnophora,species,accepted,accepted,exact_accepted,exact_accepted_unique,1,1,1,WFO_offline_hierarchical,2026-06-24,1406
Lychnophora staavioides,lychnophora staavioides,lychnophora staavioides,Lychnophora staavioides,wfo-0000018167,wfo-0000018167,Asteraceae,Lychnophora,species,accepted,accepted,exact_accepted,exact_accepted_unique,1,1,1,WFO_offline_hierarchical,2026-06-24,1407
Persicaria nodosa,persicaria nodosa,persicaria nodosa,NA,NA,NA,NA,NA,NA,NA,unresolved,unresolved,no_match,0,0,0,NA,2026-06-24,1408
Populus nigra,populus nigra,populus nigra,Populus nigra,wfo-0000928297,wfo-0000928297,Salicaceae,Populus,species,accepted,accepted,exact_accepted,exact_accepted_unique,1,1,1,WFO_offline_hierarchical,2026-06-24,1409
Baccharis bigelovii,baccharis bigelovii,baccharis bigelovii,Baccharis bigelovii,wfo-0000114275,wfo-0000114275,Asteraceae,Baccharis,species,accepted,accepted,exact_accepted,exact_accepted_unique,1,1,1,WFO_offline_hierarchical,2026-06-24,1410
Populus simonii,populus simonii,populus simonii,Populus simonii,wfo-0000928187,wfo-0000928187,Salicaceae,Populus,species,accepted,accepted,exact_accepted,exact_accepted_unique,1,1,1,WFO_offline_hierarchical,2026-06-24,1411
Populus yunnanensis,populus yunnanensis,populus yunnanensis,Populus yunnanensis,wfo-0001133818,wfo-0001133818,Salicaceae,Populus,species,accepted,accepted,exact_accepted,exact_accepted_unique,1,1,1,WFO_offline_hierarchical,2026-06-24,1412
Populus cathayana,populus cathayana,populus cathayana,Populus cathayana,wfo-0001133622,wfo-0001133622,Salicaceae,Populus,species,accepted,accepted,exact_accepted,exact_accepted_unique,1,1,1,WFO_offline_hierarchical,2026-06-24,1413
Populus szechuanica,populus szechuanica,populus szechuanica,NA,NA,NA,NA,NA,NA,NA,unresolved,unresolved,no_match,0,0,0,NA,2026-06-24,1414
Populus suaveolens,populus suaveolens,populus suaveolens,Populus suaveolens,wfo-0000928194,wfo-0000928194,Salicaceae,Populus,species,accepted,accepted,exact_accepted,exact_accepted_unique,1,1,1,WFO_offline_hierarchical,2026-06-24,1415
Populus maximowiczii,populus maximowiczii,populus maximowiczii,Populus suaveolens,wfo-0000928194,wfo-0000928194,Salicaceae,Populus,species,synonym,synonym,exact_synonym,exact_synonym_unique,1,1,1,WFO_offline_hierarchical,2026-06-24,1416
Populus tristis,populus tristis,populus tristis,NA,NA,NA,NA,NA,NA,NA,unresolved,unresolved,no_match,0,0,0,NA,2026-06-24,1417
Pinus contorta,pinus contorta,pinus contorta,Pinus contorta,wfo-0000481330,wfo-0000481330,Pinaceae,Pinus,species,accepted,accepted,exact_accepted,exact_accepted_unique,1,1,1,WFO_offline_hierarchical,2026-06-24,1418
Pinus ponderosa,pinus ponderosa,pinus ponderosa,Pinus ponderosa,wfo-0000481903,wfo-0000481903,Pinaceae,Pinus,species,accepted,accepted,exact_accepted,exact_accepted_unique,1,1,1,WFO_offline_hierarchical,2026-06-24,1419
Pinus radiata,pinus radiata,pinus radiata,Pinus radiata,wfo-0000481837,wfo-0000481837,Pinaceae,Pinus,species,accepted,accepted,exact_accepted,exact_accepted_unique,1,1,1,WFO_offline_hierarchical,2026-06-24,1420
Pinus excelsa,pinus excelsa,pinus excelsa,NA,NA,NA,NA,NA,NA,NA,unresolved,exact_conflict,exact_synonym_conflict,2,2,2,NA,2026-06-24,1421
Pinus virginiana,pinus virginiana,pinus virginiana,Pinus virginiana,wfo-0000481611,wfo-0000481611,Pinaceae,Pinus,species,accepted,accepted,exact_accepted,exact_accepted_unique,1,1,1,WFO_offline_hierarchical,2026-06-24,1422
Plantago asiatica,plantago asiatica,plantago asiatica,Plantago asiatica,wfo-0000487709,wfo-0000487709,Plantaginaceae,Plantago,species,accepted,accepted,exact_accepted,exact_accepted_unique,1,1,1,WFO_offline_hierarchical,2026-06-24,1423
Plantago major,plantago major,plantago major,Plantago major,wfo-0000486544,wfo-0000486544,Plantaginaceae,Plantago,species,accepted,accepted,exact_accepted,exact_accepted_unique,1,1,1,WFO_offline_hierarchical,2026-06-24,1424
Pinalia floribunda,pinalia floribunda,pinalia floribunda,Pinalia floribunda,wfo-0000273499,wfo-0000273499,Orchidaceae,Pinalia,species,accepted,accepted,exact_accepted,exact_accepted_unique,1,1,1,WFO_offline_hierarchical,2026-06-24,1425
Wisteria floribunda,wisteria floribunda,wisteria floribunda,Wisteria floribunda,wfo-0000214069,wfo-0000214069,Fabaceae,Wisteria,species,accepted,accepted,exact_accepted,exact_accepted_unique,1,1,1,WFO_offline_hierarchical,2026-06-24,1426
Hamamelis virginiana,hamamelis virginiana,hamamelis virginiana,Hamamelis virginiana,wfo-0001065240,wfo-0001065240,Hamamelidaceae,Hamamelis,species,accepted,accepted,exact_accepted,exact_accepted_unique,1,1,1,WFO_offline_hierarchical,2026-06-24,1427
Lotus pedunculatus,lotus pedunculatus,lotus pedunculatus,Lotus pedunculatus,wfo-0000212230,wfo-0000212230,Fabaceae,Lotus,species,accepted,accepted,exact_accepted,exact_accepted_unique,1,1,1,WFO_offline_hierarchical,2026-06-24,1428
Lotus uliginosus,lotus uliginosus,lotus uliginosus,NA,NA,NA,NA,NA,NA,NA,unresolved,exact_conflict,exact_synonym_conflict,2,2,2,NA,2026-06-24,1429
Ficus mucuso,ficus mucuso,ficus mucuso,Ficus mucuso,wfo-0000689380,wfo-0000689380,Moraceae,Ficus,species,accepted,accepted,exact_accepted,exact_accepted_unique,1,1,1,WFO_offline_hierarchical,2026-06-24,1430
Searsia dregeana,searsia dregeana,searsia dregeana,Searsia dregeana,wfo-0000510233,wfo-0000510233,Anacardiaceae,Searsia,species,accepted,accepted,exact_accepted,exact_accepted_unique,1,1,1,WFO_offline_hierarchical,2026-06-24,1431
Searsia lancea,searsia lancea,searsia lancea,Searsia lancea,wfo-0000434904,wfo-0000434904,Anacardiaceae,Searsia,species,accepted,accepted,exact_accepted,exact_accepted_unique,1,1,1,WFO_offline_hierarchical,2026-06-24,1432
Rhus lancea,rhus lancea,rhus lancea,Searsia lancea,wfo-0000434904,wfo-0000434904,Anacardiaceae,Searsia,species,synonym,synonym,exact_synonym,exact_synonym_unique,1,1,1,WFO_offline_hierarchical,2026-06-24,1433
Lithocarpus pachyphyllus,lithocarpus pachyphyllus,lithocarpus pachyphyllus,Lithocarpus pachyphyllus,wfo-0000230140,wfo-0000230140,Fagaceae,Lithocarpus,species,accepted,accepted,exact_accepted,exact_accepted_unique,1,1,1,WFO_offline_hierarchical,2026-06-24,1434
Eichhornia crassipes,eichhornia crassipes,eichhornia crassipes,Pontederia crassipes,wfo-0000501039,wfo-0000501039,Pontederiaceae,Pontederia,species,synonym,synonym,exact_synonym,exact_synonym_unique,1,1,1,WFO_offline_hierarchical,2026-06-24,1435
Helichrysum cephaloideum,helichrysum cephaloideum,helichrysum cephaloideum,Helichrysum cephaloideum,wfo-0000117459,wfo-0000117459,Asteraceae,Helichrysum,species,accepted,accepted,exact_accepted,exact_accepted_unique,1,1,1,WFO_offline_hierarchical,2026-06-24,1436
Glycosmis montana,glycosmis montana,glycosmis montana,Glycosmis lanceolata,wfo-0000704518,wfo-0000704518,Rutaceae,Glycosmis,species,synonym,synonym,exact_synonym,exact_synonym_unique,1,1,1,WFO_offline_hierarchical,2026-06-24,1437
Acacia confusa,acacia confusa,acacia confusa,Acacia confusa,wfo-0000186120,wfo-0000186120,Fabaceae,Acacia,species,accepted,accepted,exact_accepted,exact_accepted_unique,1,1,1,WFO_offline_hierarchical,2026-06-24,1438
Desmodium gangeticum,desmodium gangeticum,desmodium gangeticum,Pleurolobus gangeticus,wfo-0000170608,wfo-0000170608,Fabaceae,Pleurolobus,species,synonym,synonym,exact_synonym,exact_synonym_unique,1,1,1,WFO_offline_hierarchical,2026-06-24,1439
Ilex centrochinensis,ilex centrochinensis,ilex centrochinensis,Ilex centrochinensis,wfo-0001219486,wfo-0001219486,Aquifoliaceae,Ilex,species,accepted,accepted,exact_accepted,exact_accepted_unique,1,1,1,WFO_offline_hierarchical,2026-06-24,1440
Daphne mezereum,daphne mezereum,daphne mezereum,Daphne mezereum,wfo-0000637755,wfo-0000637755,Thymelaeaceae,Daphne,species,accepted,accepted,exact_accepted,exact_accepted_unique,1,1,1,WFO_offline_hierarchical,2026-06-24,1441
Peltogyne floribunda,peltogyne floribunda,peltogyne floribunda,Peltogyne floribunda,wfo-0000168359,wfo-0000168359,Fabaceae,Peltogyne,species,accepted,accepted,exact_accepted,exact_accepted_unique,1,1,1,WFO_offline_hierarchical,2026-06-24,1442
Peltogyne porphyrocardia,peltogyne porphyrocardia,peltogyne porphyrocardia,Peltogyne floribunda,wfo-0000168359,wfo-0000168359,Fabaceae,Peltogyne,species,synonym,synonym,exact_synonym,exact_synonym_unique,1,1,1,WFO_offline_hierarchical,2026-06-24,1443
Peltogyne recifensis,peltogyne recifensis,peltogyne recifensis,Peltogyne recifensis,wfo-0000168367,wfo-0000168367,Fabaceae,Peltogyne,species,accepted,accepted,exact_accepted,exact_accepted_unique,1,1,1,WFO_offline_hierarchical,2026-06-24,1444
Peltogyne venosa,peltogyne venosa,peltogyne venosa,Peltogyne venosa,wfo-0000186735,wfo-0000186735,Fabaceae,Peltogyne,species,accepted,accepted,exact_accepted,exact_accepted_unique,1,1,1,WFO_offline_hierarchical,2026-06-24,1445
Quercus glauca,quercus glauca,quercus glauca,Quercus glauca,wfo-0000290946,wfo-0000290946,Fagaceae,Quercus,species,accepted,accepted,exact_accepted,exact_accepted_unique,1,1,1,WFO_offline_hierarchical,2026-06-24,1446
Carallia brachiata,carallia brachiata,carallia brachiata,Carallia brachiata,wfo-0000586012,wfo-0000586012,Rhizophoraceae,Carallia,species,accepted,accepted,exact_accepted,exact_accepted_unique,1,1,1,WFO_offline_hierarchical,2026-06-24,1447
Osyris alba,osyris alba,osyris alba,Osyris alba,wfo-0000388250,wfo-0000388250,Santalaceae,Osyris,species,accepted,accepted,exact_accepted,exact_accepted_unique,1,1,1,WFO_offline_hierarchical,2026-06-24,1448
Koompassia malaccensis,koompassia malaccensis,koompassia malaccensis,Koompassia malaccensis,wfo-0000193202,wfo-0000193202,Fabaceae,Koompassia,species,accepted,accepted,exact_accepted,exact_accepted_unique,1,1,1,WFO_offline_hierarchical,2026-06-24,1449
Plumeria rubra,plumeria rubra,plumeria rubra,Plumeria rubra,wfo-0000279184,wfo-0000279184,Apocynaceae,Plumeria,species,accepted,accepted,exact_accepted,exact_accepted_unique,1,1,1,WFO_offline_hierarchical,2026-06-24,1450
Miconia traillii,miconia traillii,miconia traillii,Miconia traillii,wfo-0001079886,wfo-0001079886,Melastomataceae,Miconia,species,accepted,accepted,exact_accepted,exact_accepted_unique,1,1,1,WFO_offline_hierarchical,2026-06-24,1451
Pithecellobium dulce,pithecellobium dulce,pithecellobium dulce,Pithecellobium dulce,wfo-0000178252,wfo-0000178252,Fabaceae,Pithecellobium,species,accepted,accepted,exact_accepted,exact_accepted_unique,1,1,1,WFO_offline_hierarchical,2026-06-24,1452
Poacynum venetum,poacynum venetum,poacynum venetum,Apocynum venetum,wfo-0000245931,wfo-0000245931,Apocynaceae,Apocynum,species,synonym,synonym,exact_synonym,exact_synonym_unique,1,1,1,WFO_offline_hierarchical,2026-06-24,1453
Genista compacta,genista compacta,genista compacta,Genista compacta,wfo-0000186464,wfo-0000186464,Fabaceae,Genista,species,accepted,accepted,exact_accepted,exact_accepted_unique,1,1,1,WFO_offline_hierarchical,2026-06-24,1454
Alhagi sparsifolia,alhagi sparsifolia,alhagi sparsifolia,Alhagi sparsifolia,wfo-0000198672,wfo-0000198672,Fabaceae,Alhagi,species,accepted,accepted,exact_accepted,exact_accepted_unique,1,1,1,WFO_offline_hierarchical,2026-06-24,1455
Gymnosporia senegalensis,gymnosporia senegalensis,gymnosporia senegalensis,Gymnosporia senegalensis,wfo-0000713049,wfo-0000713049,Celastraceae,Gymnosporia,species,accepted,accepted,exact_accepted,exact_accepted_unique,1,1,1,WFO_offline_hierarchical,2026-06-24,1456
Maytenus senegalensis,maytenus senegalensis,maytenus senegalensis,Gymnosporia senegalensis,wfo-0000713049,wfo-0000713049,Celastraceae,Gymnosporia,species,synonym,synonym,exact_synonym,exact_synonym_unique,1,1,1,WFO_offline_hierarchical,2026-06-24,1457
Bidens tripartita,bidens tripartita,bidens tripartita,Bidens tripartita,wfo-0000068428,wfo-0000068428,Asteraceae,Bidens,species,accepted,accepted,exact_accepted,exact_accepted_unique,1,1,1,WFO_offline_hierarchical,2026-06-24,1458
Toxicodendron sylvestre,toxicodendron sylvestre,toxicodendron sylvestre,NA,NA,NA,NA,NA,NA,NA,unresolved,unresolved,no_match,0,0,0,NA,2026-06-24,1459
Guazuma ulmifolia,guazuma ulmifolia,guazuma ulmifolia,Guazuma ulmifolia,wfo-0000711645,wfo-0000711645,Malvaceae,Guazuma,species,accepted,accepted,exact_accepted,exact_accepted_unique,1,1,1,WFO_offline_hierarchical,2026-06-24,1460
Theobroma cacao,theobroma cacao,theobroma cacao,Theobroma cacao,wfo-0000458440,wfo-0000458440,Malvaceae,Theobroma,species,accepted,accepted,exact_accepted,exact_accepted_unique,1,1,1,WFO_offline_hierarchical,2026-06-24,1461
Crataegus monogyna,crataegus monogyna,crataegus monogyna,Crataegus monogyna,wfo-0001009785,wfo-0001009785,Rosaceae,Crataegus,species,accepted,accepted,exact_accepted,exact_accepted_unique,1,1,1,WFO_offline_hierarchical,2026-06-24,1462
Crataegus oxyacantha,crataegus oxyacantha,crataegus oxyacantha,NA,NA,NA,NA,NA,NA,NA,unresolved,exact_conflict,exact_synonym_conflict,3,3,3,NA,2026-06-24,1463
Crataegus rhipidophylla,crataegus rhipidophylla,crataegus rhipidophylla,Crataegus rhipidophylla,wfo-0000989083,wfo-0000989083,Rosaceae,Crataegus,species,accepted,accepted,exact_accepted,exact_accepted_unique,1,1,1,WFO_offline_hierarchical,2026-06-24,1464
Typha capensis,typha capensis,typha capensis,Typha capensis,wfo-0000594832,wfo-0000594832,Typhaceae,Typha,species,accepted,accepted,exact_accepted,exact_accepted_unique,1,1,1,WFO_offline_hierarchical,2026-06-24,1465
Calophyllum apetalum,calophyllum apetalum,calophyllum apetalum,Calophyllum apetalum,wfo-0000581027,wfo-0000581027,Calophyllaceae,Calophyllum,species,accepted,accepted,exact_accepted,exact_accepted_unique,1,1,1,WFO_offline_hierarchical,2026-06-24,1466
Cassia,cassia,cassia,Cassia,wfo-4000006902,wfo-4000006902,Fabaceae,Cassia,genus,accepted,accepted,exact_accepted,exact_accepted_unique,1,1,1,WFO_offline_hierarchical,2026-06-24,1467
Cassia sieberi,cassia sieberi,cassia sieberi,Senna sulfurea,wfo-0000183557,wfo-0000183557,Fabaceae,Senna,species,synonym,synonym,exact_synonym,exact_synonym_unique,1,1,1,WFO_offline_hierarchical,2026-06-24,1468
Cassia sieberiana,cassia sieberiana,cassia sieberiana,Cassia sieberiana,wfo-0000164753,wfo-0000164753,Fabaceae,Cassia,species,accepted,accepted,exact_accepted,exact_accepted_unique,1,1,1,WFO_offline_hierarchical,2026-06-24,1469
Prunus persica,prunus persica,prunus persica,Prunus persica,wfo-0001005418,wfo-0001005418,Rosaceae,Prunus,species,accepted,accepted,exact_accepted,exact_accepted_unique,1,1,1,WFO_offline_hierarchical,2026-06-24,1470
Bergenia pacumbis,bergenia pacumbis,bergenia pacumbis,Bergenia pacumbis,wfo-0000564245,wfo-0000564245,Saxifragaceae,Bergenia,species,accepted,accepted,exact_accepted,exact_accepted_unique,1,1,1,WFO_offline_hierarchical,2026-06-24,1471
Betula papyrifera,betula papyrifera,betula papyrifera,Betula papyrifera,wfo-0000335192,wfo-0000335192,Betulaceae,Betula,species,accepted,accepted,exact_accepted,exact_accepted_unique,1,1,1,WFO_offline_hierarchical,2026-06-24,1472
Dipteryx lacunifera,dipteryx lacunifera,dipteryx lacunifera,Dipteryx lacunifera,wfo-0000163868,wfo-0000163868,Fabaceae,Dipteryx,species,accepted,accepted,exact_accepted,exact_accepted_unique,1,1,1,WFO_offline_hierarchical,2026-06-24,1473
Acacia mollifolia,acacia mollifolia,acacia mollifolia,Acacia mollifolia,wfo-0000185317,wfo-0000185317,Fabaceae,Acacia,species,accepted,accepted,exact_accepted,exact_accepted_unique,1,1,1,WFO_offline_hierarchical,2026-06-24,1474
Acacia baileyana,acacia baileyana,acacia baileyana,Acacia baileyana,wfo-0000189913,wfo-0000189913,Fabaceae,Acacia,species,accepted,accepted,exact_accepted,exact_accepted_unique,1,1,1,WFO_offline_hierarchical,2026-06-24,1475
Chamaecrista nomame,chamaecrista nomame,chamaecrista nomame,Chamaecrista nomame,wfo-0000186843,wfo-0000186843,Fabaceae,Chamaecrista,species,accepted,accepted,exact_accepted,exact_accepted_unique,1,1,1,WFO_offline_hierarchical,2026-06-24,1476
Chamaecrista dimidiata,chamaecrista dimidiata,chamaecrista dimidiata,Chamaecrista nomame var. nomame,wfo-0001445129,wfo-0001445129,Fabaceae,Chamaecrista,variety,synonym,synonym,exact_synonym,exact_synonym_unique,1,1,1,WFO_offline_hierarchical,2026-06-24,1477
Acacia binervata,acacia binervata,acacia binervata,Acacia binervata,wfo-0000185290,wfo-0000185290,Fabaceae,Acacia,species,accepted,accepted,exact_accepted,exact_accepted_unique,1,1,1,WFO_offline_hierarchical,2026-06-24,1478
Acacia buxifolia,acacia buxifolia,acacia buxifolia,Acacia buxifolia,wfo-0000185292,wfo-0000185292,Fabaceae,Acacia,species,accepted,accepted,exact_accepted,exact_accepted_unique,1,1,1,WFO_offline_hierarchical,2026-06-24,1479
Acacia calamifolia,acacia calamifolia,acacia calamifolia,Acacia calamifolia,wfo-0000185297,wfo-0000185297,Fabaceae,Acacia,species,accepted,accepted,exact_accepted,exact_accepted_unique,1,1,1,WFO_offline_hierarchical,2026-06-24,1480
Acacia cardiophylla,acacia cardiophylla,acacia cardiophylla,Acacia cardiophylla,wfo-0000185298,wfo-0000185298,Fabaceae,Acacia,species,accepted,accepted,exact_accepted,exact_accepted_unique,1,1,1,WFO_offline_hierarchical,2026-06-24,1481
Acacia chrysotricha,acacia chrysotricha,acacia chrysotricha,Acacia chrysotricha,wfo-0000185299,wfo-0000185299,Fabaceae,Acacia,species,accepted,accepted,exact_accepted,exact_accepted_unique,1,1,1,WFO_offline_hierarchical,2026-06-24,1482
Acacia clunies-rossiae,acacia clunies-rossiae,acacia clunies-rossiae,Acacia clunies-rossiae,wfo-0000186344,wfo-0000186344,Fabaceae,Acacia,species,accepted,accepted,exact_accepted,exact_accepted_unique,1,1,1,WFO_offline_hierarchical,2026-06-24,1483
Acacia constablei,acacia constablei,acacia constablei,Acacia constablei,wfo-0000185300,wfo-0000185300,Fabaceae,Acacia,species,accepted,accepted,exact_accepted,exact_accepted_unique,1,1,1,WFO_offline_hierarchical,2026-06-24,1484
Acacia dealbata,acacia dealbata,acacia dealbata,Acacia dealbata,wfo-0000192338,wfo-0000192338,Fabaceae,Acacia,species,accepted,accepted,exact_accepted,exact_accepted_unique,1,1,1,WFO_offline_hierarchical,2026-06-24,1485
Acacia deanei,acacia deanei,acacia deanei,Acacia deanei,wfo-0000201013,wfo-0000201013,Fabaceae,Acacia,species,accepted,accepted,exact_accepted,exact_accepted_unique,1,1,1,WFO_offline_hierarchical,2026-06-24,1486
Acacia decora,acacia decora,acacia decora,Acacia decora,wfo-0000185302,wfo-0000185302,Fabaceae,Acacia,species,accepted,accepted,exact_accepted,exact_accepted_unique,1,1,1,WFO_offline_hierarchical,2026-06-24,1487
Acacia falciformis,acacia falciformis,acacia falciformis,Acacia falciformis,wfo-0000185304,wfo-0000185304,Fabaceae,Acacia,species,accepted,accepted,exact_accepted,exact_accepted_unique,1,1,1,WFO_offline_hierarchical,2026-06-24,1488
Acacia filicifolia,acacia filicifolia,acacia filicifolia,Acacia filicifolia,wfo-0000185848,wfo-0000185848,Fabaceae,Acacia,species,accepted,accepted,exact_accepted,exact_accepted_unique,1,1,1,WFO_offline_hierarchical,2026-06-24,1489
Acacia irrorata,acacia irrorata,acacia irrorata,Acacia irrorata,wfo-0000186117,wfo-0000186117,Fabaceae,Acacia,species,accepted,accepted,exact_accepted,exact_accepted_unique,1,1,1,WFO_offline_hierarchical,2026-06-24,1490
Acacia kettlewelliae,acacia kettlewelliae,acacia kettlewelliae,Acacia kettlewelliae,wfo-0000185286,wfo-0000185286,Fabaceae,Acacia,species,accepted,accepted,exact_accepted,exact_accepted_unique,1,1,1,WFO_offline_hierarchical,2026-06-24,1491
Acacia lanigera,acacia lanigera,acacia lanigera,Acacia lanigera,wfo-0000185310,wfo-0000185310,Fabaceae,Acacia,species,accepted,accepted,exact_accepted,exact_accepted_unique,1,1,1,WFO_offline_hierarchical,2026-06-24,1492
Acacia leucoclada,acacia leucoclada,acacia leucoclada,Acacia leucoclada,wfo-0000201007,wfo-0000201007,Fabaceae,Acacia,species,accepted,accepted,exact_accepted,exact_accepted_unique,1,1,1,WFO_offline_hierarchical,2026-06-24,1493
Acacia mearnsii,acacia mearnsii,acacia mearnsii,Acacia mearnsii,wfo-0000203882,wfo-0000203882,Fabaceae,Acacia,species,accepted,accepted,exact_accepted,exact_accepted_unique,1,1,1,WFO_offline_hierarchical,2026-06-24,1494
Acacia neriifolia,acacia neriifolia,acacia neriifolia,Acacia neriifolia,wfo-0000182943,wfo-0000182943,Fabaceae,Acacia,species,accepted,accepted,exact_accepted,exact_accepted_unique,1,1,1,WFO_offline_hierarchical,2026-06-24,1495
Acacia oshanesii,acacia oshanesii,acacia oshanesii,Acacia oshanesii,wfo-0000186342,wfo-0000186342,Fabaceae,Acacia,species,accepted,accepted,exact_accepted,exact_accepted_unique,1,1,1,WFO_offline_hierarchical,2026-06-24,1496
Acacia parramattensis,acacia parramattensis,acacia parramattensis,Acacia parramattensis,wfo-0000185351,wfo-0000185351,Fabaceae,Acacia,species,accepted,accepted,exact_accepted,exact_accepted_unique,1,1,1,WFO_offline_hierarchical,2026-06-24,1497
Acacia pycnantha,acacia pycnantha,acacia pycnantha,Acacia pycnantha,wfo-0000210558,wfo-0000210558,Fabaceae,Acacia,species,accepted,accepted,exact_accepted,exact_accepted_unique,1,1,1,WFO_offline_hierarchical,2026-06-24,1498
Acacia silvestris,acacia silvestris,acacia silvestris,Acacia silvestris,wfo-0000185337,wfo-0000185337,Fabaceae,Acacia,species,accepted,accepted,exact_accepted,exact_accepted_unique,1,1,1,WFO_offline_hierarchical,2026-06-24,1499
Acacia terminalis,acacia terminalis,acacia terminalis,Acacia terminalis,wfo-0000186862,wfo-0000186862,Fabaceae,Acacia,species,accepted,accepted,exact_accepted,exact_accepted_unique,1,1,1,WFO_offline_hierarchical,2026-06-24,1500
Acacia trachyphloia,acacia trachyphloia,acacia trachyphloia,Acacia trachyphloia,wfo-0000185336,wfo-0000185336,Fabaceae,Acacia,species,accepted,accepted,exact_accepted,exact_accepted_unique,1,1,1,WFO_offline_hierarchical,2026-06-24,1501
Acacia vestita,acacia vestita,acacia vestita,Acacia vestita,wfo-0000211369,wfo-0000211369,Fabaceae,Acacia,species,accepted,accepted,exact_accepted,exact_accepted_unique,1,1,1,WFO_offline_hierarchical,2026-06-24,1502
Machaerium villosum,machaerium villosum,machaerium villosum,Machaerium villosum,wfo-0000186715,wfo-0000186715,Fabaceae,Machaerium,species,accepted,accepted,exact_accepted,exact_accepted_unique,1,1,1,WFO_offline_hierarchical,2026-06-24,1503
Acacia peuce,acacia peuce,acacia peuce,Acacia peuce,wfo-0000185338,wfo-0000185338,Fabaceae,Acacia,species,accepted,accepted,exact_accepted,exact_accepted_unique,1,1,1,WFO_offline_hierarchical,2026-06-24,1504
Hydnophytum formicarum,hydnophytum formicarum,hydnophytum formicarum,Hydnophytum formicarum,wfo-0000215798,wfo-0000215798,Rubiaceae,Hydnophytum,species,accepted,accepted,exact_accepted,exact_accepted_unique,1,1,1,WFO_offline_hierarchical,2026-06-24,1505
Panax quinquefolius,panax quinquefolius,panax quinquefolius,Panax quinquefolius,wfo-0000263699,wfo-0000263699,Araliaceae,Panax,species,accepted,accepted,exact_accepted,exact_accepted_unique,1,1,1,WFO_offline_hierarchical,2026-06-24,1506
Dalbergia hupeana,dalbergia hupeana,dalbergia hupeana,Dalbergia hupeana,wfo-0000194809,wfo-0000194809,Fabaceae,Dalbergia,species,accepted,accepted,exact_accepted,exact_accepted_unique,1,1,1,WFO_offline_hierarchical,2026-06-24,1507
Begonia fagifolia,begonia fagifolia,begonia fagifolia,Begonia fagifolia,wfo-0000823967,wfo-0000823967,Begoniaceae,Begonia,species,accepted,accepted,exact_accepted,exact_accepted_unique,1,1,1,WFO_offline_hierarchical,2026-06-24,1508
Terminalia catappa,terminalia catappa,terminalia catappa,Terminalia catappa,wfo-0000406800,wfo-0000406800,Combretaceae,Terminalia,species,accepted,accepted,exact_accepted,exact_accepted_unique,1,1,1,WFO_offline_hierarchical,2026-06-24,1509
Monteverdia aquifolium,monteverdia aquifolium,monteverdia aquifolium,Maytenus aquifolium,wfo-0000369450,wfo-0000369450,Celastraceae,Maytenus,species,synonym,synonym,exact_synonym,exact_synonym_unique,1,1,1,WFO_offline_hierarchical,2026-06-24,1510
Hibiscus cannabinus,hibiscus cannabinus,hibiscus cannabinus,Hibiscus cannabinus,wfo-0000722400,wfo-0000722400,Malvaceae,Hibiscus,species,accepted,accepted,exact_accepted,exact_accepted_unique,1,1,1,WFO_offline_hierarchical,2026-06-24,1511
Juniperus sabina,juniperus sabina,juniperus sabina,Juniperus sabina,wfo-0000354994,wfo-0000354994,Cupressaceae,Juniperus,species,accepted,accepted,exact_accepted,exact_accepted_unique,1,1,1,WFO_offline_hierarchical,2026-06-24,1512
Juglans sigillata,juglans sigillata,juglans sigillata,Juglans sigillata,wfo-0001067481,wfo-0001067481,Juglandaceae,Juglans,species,accepted,accepted,exact_accepted,exact_accepted_unique,1,1,1,WFO_offline_hierarchical,2026-06-24,1513
Geranium thunbergii,geranium thunbergii,geranium thunbergii,Geranium thunbergii,wfo-1200096065,wfo-1200096065,Geraniaceae,Geranium,species,accepted,accepted,exact_accepted,exact_accepted_unique,1,1,1,WFO_offline_hierarchical,2026-06-24,1514
Bischofia javanica,bischofia javanica,bischofia javanica,Bischofia javanica,wfo-0000342237,wfo-0000342237,Phyllanthaceae,Bischofia,species,accepted,accepted,exact_accepted,exact_accepted_unique,1,1,1,WFO_offline_hierarchical,2026-06-24,1515
Litchi chinensis,litchi chinensis,litchi chinensis,Litchi chinensis,wfo-0000446283,wfo-0000446283,Sapindaceae,Litchi,species,accepted,accepted,exact_accepted,exact_accepted_unique,1,1,1,WFO_offline_hierarchical,2026-06-24,1516
Banisteriopsis caapi,banisteriopsis caapi,banisteriopsis caapi,Banisteriopsis caapi,wfo-0000559408,wfo-0000559408,Malpighiaceae,Banisteriopsis,species,accepted,accepted,exact_accepted,exact_accepted_unique,1,1,1,WFO_offline_hierarchical,2026-06-24,1517
Fallopia multiflora,fallopia multiflora,fallopia multiflora,Reynoutria multiflora,wfo-0000404395,wfo-0000404395,Polygonaceae,Reynoutria,species,synonym,synonym,exact_synonym,exact_synonym_unique,2,1,1,WFO_offline_hierarchical,2026-06-24,1518
Polygonum multiflorum,polygonum multiflorum,polygonum multiflorum,Reynoutria multiflora,wfo-0000404395,wfo-0000404395,Polygonaceae,Reynoutria,species,synonym,synonym,exact_synonym,exact_synonym_unique,1,1,1,WFO_offline_hierarchical,2026-06-24,1519
Dioscorea bulbifera,dioscorea bulbifera,dioscorea bulbifera,Dioscorea bulbifera,wfo-0000389411,wfo-0000389411,Dioscoreaceae,Dioscorea,species,accepted,accepted,exact_accepted,exact_accepted_unique,1,1,1,WFO_offline_hierarchical,2026-06-24,1520
Maytenus guianensis,maytenus guianensis,maytenus guianensis,NA,NA,NA,NA,NA,NA,NA,unresolved,unresolved,no_match,0,0,0,NA,2026-06-24,1521
Quercus dentata,quercus dentata,quercus dentata,Quercus dentata,wfo-0000290462,wfo-0000290462,Fagaceae,Quercus,species,accepted,accepted,exact_accepted,exact_accepted_unique,1,1,1,WFO_offline_hierarchical,2026-06-24,1522
Vismia baccifera,vismia baccifera,vismia baccifera,Vismia baccifera,wfo-0000422382,wfo-0000422382,Hypericaceae,Vismia,species,accepted,accepted,exact_accepted,exact_accepted_unique,1,1,1,WFO_offline_hierarchical,2026-06-24,1523
Nelia pillansii,nelia pillansii,nelia pillansii,Nelia pillansii,wfo-0001293672,wfo-0001293672,Aizoaceae,Nelia,species,accepted,accepted,exact_accepted,exact_accepted_unique,1,1,1,WFO_offline_hierarchical,2026-06-24,1524
Hypericum perforatum,hypericum perforatum,hypericum perforatum,Hypericum perforatum,wfo-0000728093,wfo-0000728093,Hypericaceae,Hypericum,species,accepted,accepted,exact_accepted,exact_accepted_unique,1,1,1,WFO_offline_hierarchical,2026-06-24,1525
Cola acuminata,cola acuminata,cola acuminata,Cola acuminata,wfo-0000614368,wfo-0000614368,Malvaceae,Cola,species,accepted,accepted,exact_accepted,exact_accepted_unique,1,1,1,WFO_offline_hierarchical,2026-06-24,1526
Cola nitida,cola nitida,cola nitida,Cola nitida,wfo-0000614491,wfo-0000614491,Malvaceae,Cola,species,accepted,accepted,exact_accepted,exact_accepted_unique,1,1,1,WFO_offline_hierarchical,2026-06-24,1527
Garcinia mangostana,garcinia mangostana,garcinia mangostana,Garcinia mangostana,wfo-0000694452,wfo-0000694452,Clusiaceae,Garcinia,species,accepted,accepted,exact_accepted,exact_accepted_unique,1,1,1,WFO_offline_hierarchical,2026-06-24,1528
Melastoma candidum,melastoma candidum,melastoma candidum,Melastoma malabathricum subsp. malabathricum,wfo-0001266359,wfo-0001266359,Melastomataceae,Melastoma,subspecies,synonym,synonym,exact_synonym,exact_synonym_unique,1,1,1,WFO_offline_hierarchical,2026-06-24,1529
Melastoma septemnervium,melastoma septemnervium,melastoma septemnervium,Melastoma malabathricum subsp. malabathricum,wfo-0001266359,wfo-0001266359,Melastomataceae,Melastoma,subspecies,synonym,synonym,exact_synonym,exact_synonym_unique,1,1,1,WFO_offline_hierarchical,2026-06-24,1530
Rosa henryi,rosa henryi,rosa henryi,Rosa sambucina,wfo-0000997766,wfo-0000997766,Rosaceae,Rosa,species,synonym,synonym,exact_synonym,exact_synonym_unique,1,1,1,WFO_offline_hierarchical,2026-06-24,1531
Zanthoxylum piperitum,zanthoxylum piperitum,zanthoxylum piperitum,Zanthoxylum piperitum,wfo-0001428991,wfo-0001428991,Rutaceae,Zanthoxylum,species,accepted,accepted,exact_accepted,exact_accepted_unique,1,1,1,WFO_offline_hierarchical,2026-06-24,1532
Saraca asoca,saraca asoca,saraca asoca,Saraca asoca,wfo-0000193380,wfo-0000193380;wfo-0001060024,Fabaceae,Saraca,species,accepted,accepted,exact_accepted,exact_accepted_consensus_multiple_ids,2,2,1,WFO_offline_hierarchical,2026-06-24,1533
Chimarrhis turbinata,chimarrhis turbinata,chimarrhis turbinata,Chimarrhis turbinata,wfo-0000844722,wfo-0000844722,Rubiaceae,Chimarrhis,species,accepted,accepted,exact_accepted,exact_accepted_unique,1,1,1,WFO_offline_hierarchical,2026-06-24,1534
Paullinia cupana,paullinia cupana,paullinia cupana,Paullinia cupana,wfo-0000471124,wfo-0000471124,Sapindaceae,Paullinia,species,accepted,accepted,exact_accepted,exact_accepted_unique,1,1,1,WFO_offline_hierarchical,2026-06-24,1535
Psidium guajava,psidium guajava,psidium guajava,Psidium guajava,wfo-0000284421,wfo-0000284421,Myrtaceae,Psidium,species,accepted,accepted,exact_accepted,exact_accepted_unique,1,1,1,WFO_offline_hierarchical,2026-06-24,1536
Malus sieboldii,malus sieboldii,malus sieboldii,Malus toringo,wfo-0001004789,wfo-0001004789,Rosaceae,Malus,species,synonym,synonym,exact_synonym,exact_synonym_unique,1,1,1,WFO_offline_hierarchical,2026-06-24,1537
Malus toringo,malus toringo,malus toringo,Malus toringo,wfo-0001004789,wfo-0001004789,Rosaceae,Malus,species,accepted,accepted,exact_accepted,exact_accepted_unique,1,1,1,WFO_offline_hierarchical,2026-06-24,1538
Krameria paucifolia,krameria paucifolia,krameria paucifolia,Krameria paucifolia,wfo-0001069532,wfo-0001069532,Krameriaceae,Krameria,species,accepted,accepted,exact_accepted,exact_accepted_unique,1,1,1,WFO_offline_hierarchical,2026-06-24,1539
Aglaia spectabilis,aglaia spectabilis,aglaia spectabilis,Aglaia spectabilis,wfo-0000524369,wfo-0000524369,Meliaceae,Aglaia,species,accepted,accepted,exact_accepted,exact_accepted_unique,1,1,1,WFO_offline_hierarchical,2026-06-24,1540
Ulmus laevis,ulmus laevis,ulmus laevis,Ulmus laevis,wfo-0000416715,wfo-0000416715,Ulmaceae,Ulmus,species,accepted,accepted,exact_accepted,exact_accepted_unique,1,1,1,WFO_offline_hierarchical,2026-06-24,1541
Betula pendula,betula pendula,betula pendula,Betula pendula,wfo-0000335449,wfo-0000335449,Betulaceae,Betula,species,accepted,accepted,exact_accepted,exact_accepted_unique,1,1,1,WFO_offline_hierarchical,2026-06-24,1542
Betula pubescens,betula pubescens,betula pubescens,Betula pubescens,wfo-0000335985,wfo-0000335985,Betulaceae,Betula,species,accepted,accepted,exact_accepted,exact_accepted_unique,1,1,1,WFO_offline_hierarchical,2026-06-24,1543
Betula platyphylla,betula platyphylla,betula platyphylla,Betula pendula subsp. mandshurica,wfo-0001362562,wfo-0001362562,Betulaceae,Betula,subspecies,synonym,synonym,exact_synonym,exact_synonym_unique,1,1,1,WFO_offline_hierarchical,2026-06-24,1544
Ulmus davidiana,ulmus davidiana,ulmus davidiana,Ulmus davidiana,wfo-0001143139,wfo-0001143139,Ulmaceae,Ulmus,species,accepted,accepted,exact_accepted,exact_accepted_unique,1,1,1,WFO_offline_hierarchical,2026-06-24,1545
Betula dahurica,betula dahurica,betula dahurica,Betula dahurica,wfo-0000332124,wfo-0000332124,Betulaceae,Betula,species,accepted,accepted,exact_accepted,exact_accepted_unique,1,1,1,WFO_offline_hierarchical,2026-06-24,1546
Betula davurica,betula davurica,betula davurica,Betula davurica,wfo-1000052197,wfo-1000052197,Betulaceae,Betula,species,accepted,accepted,exact_accepted,exact_accepted_unique,1,1,1,WFO_offline_hierarchical,2026-06-24,1547
Betula fruticosa,betula fruticosa,betula fruticosa,Betula fruticosa,wfo-0000804735,wfo-0000804735,Betulaceae,Betula,species,accepted,accepted,exact_accepted,exact_accepted_unique,1,1,1,WFO_offline_hierarchical,2026-06-24,1548
Syzygium polycephaloides,syzygium polycephaloides,syzygium polycephaloides,Syzygium polycephaloides,wfo-0000319228,wfo-0000319228,Myrtaceae,Syzygium,species,accepted,accepted,exact_accepted,exact_accepted_unique,1,1,1,WFO_offline_hierarchical,2026-06-24,1549
Mucuna membranacea,mucuna membranacea,mucuna membranacea,Mucuna membranacea,wfo-0000192373,wfo-0000192373,Fabaceae,Mucuna,species,accepted,accepted,exact_accepted,exact_accepted_unique,1,1,1,WFO_offline_hierarchical,2026-06-24,1550
Hedysarum sikkimense,hedysarum sikkimense,hedysarum sikkimense,Hedysarum sikkimense,wfo-0000198854,wfo-0000198854,Fabaceae,Hedysarum,species,accepted,accepted,exact_accepted,exact_accepted_unique,1,1,1,WFO_offline_hierarchical,2026-06-24,1551
Deguelia rufescens,deguelia rufescens,deguelia rufescens,Deguelia rufescens,wfo-0001423602,wfo-0001423602,Fabaceae,Deguelia,species,accepted,accepted,exact_accepted,exact_accepted_unique,1,1,1,WFO_offline_hierarchical,2026-06-24,1552
Ageratum tomentosum,ageratum tomentosum,ageratum tomentosum,Ageratum tomentosum,wfo-0000054711,wfo-0000054711,Asteraceae,Ageratum,species,accepted,accepted,exact_accepted,exact_accepted_unique,1,1,1,WFO_offline_hierarchical,2026-06-24,1553
Colutea arborescens,colutea arborescens,colutea arborescens,Colutea arborescens,wfo-0000213683,wfo-0000213683,Fabaceae,Colutea,species,accepted,accepted,exact_accepted,exact_accepted_unique,1,1,1,WFO_offline_hierarchical,2026-06-24,1554
Anaxagorea luzonensis,anaxagorea luzonensis,anaxagorea luzonensis,Anaxagorea luzonensis,wfo-0000533464,wfo-0000533464,Annonaceae,Anaxagorea,species,accepted,accepted,exact_accepted,exact_accepted_unique,1,1,1,WFO_offline_hierarchical,2026-06-24,1555
Phoebe formosana,phoebe formosana,phoebe formosana,Phoebe formosana,wfo-0001070680,wfo-0001070680,Lauraceae,Phoebe,species,accepted,accepted,exact_accepted,exact_accepted_unique,1,1,1,WFO_offline_hierarchical,2026-06-24,1556
Larix gmelinii,larix gmelinii,larix gmelinii,Larix gmelinii,wfo-0000509693,wfo-0000509693,Pinaceae,Larix,species,accepted,accepted,exact_accepted,exact_accepted_unique,1,1,1,WFO_offline_hierarchical,2026-06-24,1557
Larix sibirica,larix sibirica,larix sibirica,Larix sibirica,wfo-0000443388,wfo-0000443388,Pinaceae,Larix,species,accepted,accepted,exact_accepted,exact_accepted_unique,1,1,1,WFO_offline_hierarchical,2026-06-24,1558
Rhododendron decorum,rhododendron decorum,rhododendron decorum,Rhododendron decorum,wfo-0001229320,wfo-0001229320,Ericaceae,Rhododendron,species,accepted,accepted,exact_accepted,exact_accepted_unique,1,1,1,WFO_offline_hierarchical,2026-06-24,1559
Cedrus deodara,cedrus deodara,cedrus deodara,Cedrus deodara,wfo-0000592532,wfo-0000592532,Pinaceae,Cedrus,species,accepted,accepted,exact_accepted,exact_accepted_unique,1,1,1,WFO_offline_hierarchical,2026-06-24,1560
Ichthyothere terminalis,ichthyothere terminalis,ichthyothere terminalis,Ichthyothere terminalis,wfo-0000053347,wfo-0000053347,Asteraceae,Ichthyothere,species,accepted,accepted,exact_accepted,exact_accepted_unique,1,1,1,WFO_offline_hierarchical,2026-06-24,1561
Rhamnus erythroxyloides,rhamnus erythroxyloides,rhamnus erythroxyloides,NA,NA,NA,NA,NA,NA,NA,unresolved,unresolved,no_match,0,0,0,NA,2026-06-24,1562
Rhamnus pallasii,rhamnus pallasii,rhamnus pallasii,Rhamnus pallasii,wfo-0001131291,wfo-0001131291,Rhamnaceae,Rhamnus,species,accepted,accepted,exact_accepted,exact_accepted_unique,1,1,1,WFO_offline_hierarchical,2026-06-24,1563
Trachelospermum jasminoides,trachelospermum jasminoides,trachelospermum jasminoides,Trachelospermum jasminoides,wfo-0000326475,wfo-0000326475,Apocynaceae,Trachelospermum,species,accepted,accepted,exact_accepted,exact_accepted_unique,1,1,1,WFO_offline_hierarchical,2026-06-24,1564
Petunia,petunia,petunia,Petunia,wfo-4000028997,wfo-4000028997,Solanaceae,Petunia,genus,accepted,accepted,exact_accepted,exact_accepted_unique,1,1,1,WFO_offline_hierarchical,2026-06-24,1565
Petunia atkinsiana,petunia atkinsiana,petunia atkinsiana,Petunia atkinsiana,wfo-0001024407,wfo-0001024407,Solanaceae,Petunia,species,accepted,accepted,exact_accepted,exact_accepted_unique,1,1,1,WFO_offline_hierarchical,2026-06-24,1566
Petunia hybr,petunia hybr,petunia hybr,NA,NA,NA,NA,NA,NA,NA,unresolved,unresolved,no_match,0,0,0,NA,2026-06-24,1567
Petunia hybrida,petunia hybrida,petunia hybrida,Petunia atkinsiana,wfo-0001024407,wfo-0001024407,Solanaceae,Petunia,species,synonym,synonym,exact_synonym,exact_synonym_unique,1,1,1,WFO_offline_hierarchical,2026-06-24,1568
Conchidium japonicum,conchidium japonicum,conchidium japonicum,Pinalia japonica,wfo-0001333668,wfo-0001333668,Orchidaceae,Pinalia,species,synonym,synonym,exact_synonym,exact_synonym_unique,1,1,1,WFO_offline_hierarchical,2026-06-24,1569
Cryptomeria japonica,cryptomeria japonica,cryptomeria japonica,Cryptomeria japonica,wfo-0000628423,wfo-0000628423,Cupressaceae,Cryptomeria,species,accepted,accepted,exact_accepted,exact_accepted_unique,1,1,1,WFO_offline_hierarchical,2026-06-24,1570
Prunus cerasoides,prunus cerasoides,prunus cerasoides,Prunus cerasoides,wfo-0001017427,wfo-0001017427,Rosaceae,Prunus,species,accepted,accepted,exact_accepted,exact_accepted_unique,1,1,1,WFO_offline_hierarchical,2026-06-24,1571
Picea jezoensis,picea jezoensis,picea jezoensis,Picea jezoensis,wfo-0000482440,wfo-0000482440,Pinaceae,Picea,species,accepted,accepted,exact_accepted,exact_accepted_unique,1,1,1,WFO_offline_hierarchical,2026-06-24,1572
Nelumbo nucifera,nelumbo nucifera,nelumbo nucifera,Nelumbo nucifera,wfo-0000382378,wfo-0000382378,Nelumbonaceae,Nelumbo,species,accepted,accepted,exact_accepted,exact_accepted_unique,1,1,1,WFO_offline_hierarchical,2026-06-24,1573
Opuntia ficus-indica,opuntia ficus-indica,opuntia ficus-indica,Opuntia ficus-indica,wfo-0000385761,wfo-0000385761,Cactaceae,Opuntia,species,accepted,accepted,exact_accepted,exact_accepted_unique,1,1,1,WFO_offline_hierarchical,2026-06-24,1574
Kadsura heteroclita,kadsura heteroclita,kadsura heteroclita,Kadsura heteroclita,wfo-0000357309,wfo-0000357309,Schisandraceae,Kadsura,species,accepted,accepted,exact_accepted,exact_accepted_unique,1,1,1,WFO_offline_hierarchical,2026-06-24,1575
Annona ambotay,annona ambotay,annona ambotay,Annona ambotay,wfo-0000537666,wfo-0000537666,Annonaceae,Annona,species,accepted,accepted,exact_accepted,exact_accepted_unique,1,1,1,WFO_offline_hierarchical,2026-06-24,1576
Pelargonium reniforme,pelargonium reniforme,pelargonium reniforme,Pelargonium reniforme,wfo-0001064361,wfo-0001064361,Geraniaceae,Pelargonium,species,accepted,accepted,exact_accepted,exact_accepted_unique,1,1,1,WFO_offline_hierarchical,2026-06-24,1577
Artabotrys hexapetalus,artabotrys hexapetalus,artabotrys hexapetalus,Artabotrys hexapetalus,wfo-0000549776,wfo-0000549776,Annonaceae,Artabotrys,species,accepted,accepted,exact_accepted,exact_accepted_unique,1,1,1,WFO_offline_hierarchical,2026-06-24,1578
Polygala caudata,polygala caudata,polygala caudata,Polygala caudata,wfo-0001100821,wfo-0001100821,Polygalaceae,Polygala,species,accepted,accepted,exact_accepted,exact_accepted_unique,1,1,1,WFO_offline_hierarchical,2026-06-24,1579
Crataegus flava,crataegus flava,crataegus flava,Crataegus flava,wfo-0001010277,wfo-0001010277;wfo-0001131665,Rosaceae,Crataegus,species,accepted,accepted,exact_accepted,exact_accepted_consensus_multiple_ids,2,2,1,WFO_offline_hierarchical,2026-06-24,1580
Anthemis tomentosa,anthemis tomentosa,anthemis tomentosa,Anthemis tomentosa,wfo-0000067203,wfo-0000067203;wfo-0000131386,Asteraceae,Anthemis,species,accepted,accepted,exact_accepted,exact_accepted_consensus_multiple_ids,2,2,1,WFO_offline_hierarchical,2026-06-24,1581
Cota altissima,cota altissima,cota altissima,Cota altissima,wfo-0000086301,wfo-0000086301,Asteraceae,Cota,species,accepted,accepted,exact_accepted,exact_accepted_unique,1,1,1,WFO_offline_hierarchical,2026-06-24,1582
Anthemis altissima,anthemis altissima,anthemis altissima,NA,NA,NA,NA,NA,NA,NA,unresolved,exact_conflict,exact_synonym_conflict,4,3,3,NA,2026-06-24,1583
Chrysophyllum africanum,chrysophyllum africanum,chrysophyllum africanum,Gambeya africana,wfo-0000970690,wfo-0000970690,Sapotaceae,Gambeya,species,synonym,synonym,exact_synonym,exact_synonym_unique,1,1,1,WFO_offline_hierarchical,2026-06-24,1584
Cercidiphyllum japonicum,cercidiphyllum japonicum,cercidiphyllum japonicum,Cercidiphyllum japonicum,wfo-0000834990,wfo-0000834990,Cercidiphyllaceae,Cercidiphyllum,species,accepted,accepted,exact_accepted,exact_accepted_unique,1,1,1,WFO_offline_hierarchical,2026-06-24,1585
Cercidiphyllum japonicum bis,cercidiphyllum japonicum bis,cercidiphyllum japonicum,Cercidiphyllum japonicum,wfo-0000834990,wfo-0000834990,Cercidiphyllaceae,Cercidiphyllum,species,accepted,accepted,canonical,canonical_unique,1,1,1,WFO_offline_hierarchical,2026-06-24,1586
Hylocereus undatus,hylocereus undatus,hylocereus undatus,Selenicereus undatus,wfo-0001434109,wfo-0001434109,Cactaceae,Selenicereus,species,synonym,synonym,exact_synonym,exact_synonym_unique,1,1,1,WFO_offline_hierarchical,2026-06-24,1587
Larix laricina,larix laricina,larix laricina,Larix laricina,wfo-0000443246,wfo-0000443246,Pinaceae,Larix,species,accepted,accepted,exact_accepted,exact_accepted_unique,1,1,1,WFO_offline_hierarchical,2026-06-24,1588
Juglans mandshurica,juglans mandshurica,juglans mandshurica,Juglans mandshurica,wfo-0001067447,wfo-0001067447,Juglandaceae,Juglans,species,accepted,accepted,exact_accepted,exact_accepted_unique,1,1,1,WFO_offline_hierarchical,2026-06-24,1589
Persicaria hydropiper,persicaria hydropiper,persicaria hydropiper,Persicaria hydropiper,wfo-0000488426,wfo-0000488426,Polygonaceae,Persicaria,species,accepted,accepted,exact_accepted,exact_accepted_unique,1,1,1,WFO_offline_hierarchical,2026-06-24,1590
Polygonum hydropiper,polygonum hydropiper,polygonum hydropiper,Persicaria hydropiper,wfo-0000488426,wfo-0000488426,Polygonaceae,Persicaria,species,synonym,synonym,exact_synonym,exact_synonym_unique,1,1,1,WFO_offline_hierarchical,2026-06-24,1591
Platycodon grandiflorus,platycodon grandiflorus,platycodon grandiflorus,Platycodon grandiflorus,wfo-0000816758,wfo-0000816758,Campanulaceae,Platycodon,species,accepted,accepted,exact_accepted,exact_accepted_unique,1,1,1,WFO_offline_hierarchical,2026-06-24,1592
Platycodon grandiflorum,platycodon grandiflorum,platycodon grandiflorum,NA,NA,NA,NA,NA,NA,NA,unresolved,unresolved,no_match,0,0,0,NA,2026-06-24,1593
Albizia julibrissin,albizia julibrissin,albizia julibrissin,Albizia julibrissin,wfo-0000173835,wfo-0000173835,Fabaceae,Albizia,species,accepted,accepted,exact_accepted,exact_accepted_unique,1,1,1,WFO_offline_hierarchical,2026-06-24,1594
Ficus cordata,ficus cordata,ficus cordata,Ficus cordata,wfo-0000687917,wfo-0000687917,Moraceae,Ficus,species,accepted,accepted,exact_accepted,exact_accepted_unique,1,1,1,WFO_offline_hierarchical,2026-06-24,1595
Hypericum japonicum,hypericum japonicum,hypericum japonicum,Hypericum japonicum,wfo-0000727778,wfo-0000727778,Hypericaceae,Hypericum,species,accepted,accepted,exact_accepted,exact_accepted_unique,1,1,1,WFO_offline_hierarchical,2026-06-24,1596
Larix decidua,larix decidua,larix decidua,Larix decidua,wfo-0000443338,wfo-0000443338,Pinaceae,Larix,species,accepted,accepted,exact_accepted,exact_accepted_unique,1,1,1,WFO_offline_hierarchical,2026-06-24,1597
Austrocedrus chilensis,austrocedrus chilensis,austrocedrus chilensis,Austrocedrus chilensis,wfo-0000557316,wfo-0000557316,Cupressaceae,Austrocedrus,species,accepted,accepted,exact_accepted,exact_accepted_unique,1,1,1,WFO_offline_hierarchical,2026-06-24,1598
Acer mandshuricum,acer mandshuricum,acer mandshuricum,Acer mandshuricum,wfo-0000514524,wfo-0000514524,Sapindaceae,Acer,species,accepted,accepted,exact_accepted,exact_accepted_unique,1,1,1,WFO_offline_hierarchical,2026-06-24,1599
Persicaria orientalis,persicaria orientalis,persicaria orientalis,Persicaria orientalis,wfo-0000488434,wfo-0000488434,Polygonaceae,Persicaria,species,accepted,accepted,exact_accepted,exact_accepted_unique,1,1,1,WFO_offline_hierarchical,2026-06-24,1600
Polygonum orientale,polygonum orientale,polygonum orientale,Persicaria orientalis,wfo-0000488434,wfo-0000488434,Polygonaceae,Persicaria,species,synonym,synonym,exact_synonym,exact_synonym_unique,1,1,1,WFO_offline_hierarchical,2026-06-24,1601
Mnium hornum,mnium hornum,mnium hornum,Mnium hornum,wfo-0001187550,wfo-0001187550,Mniaceae,Mnium,species,accepted,accepted,exact_accepted,exact_accepted_unique,1,1,1,WFO_offline_hierarchical,2026-06-24,1602
Albuca bracteata,albuca bracteata,albuca bracteata,Albuca bracteata,wfo-0000911272,wfo-0000911272,Asparagaceae,Albuca,species,accepted,accepted,exact_accepted,exact_accepted_unique,1,1,1,WFO_offline_hierarchical,2026-06-24,1603
Ornithogalum caudatum,ornithogalum caudatum,ornithogalum caudatum,Albuca bracteata,wfo-0000911272,wfo-0000911272,Asparagaceae,Albuca,species,synonym,synonym,exact_synonym,exact_synonym_unique,1,1,1,WFO_offline_hierarchical,2026-06-24,1604
Pulicaria crispa,pulicaria crispa,pulicaria crispa,Pulicaria crispa,wfo-0000069642,wfo-0000069642,Asteraceae,Pulicaria,species,accepted,accepted,exact_accepted,exact_accepted_unique,1,1,1,WFO_offline_hierarchical,2026-06-24,1605
Helichrysum rugulosum,helichrysum rugulosum,helichrysum rugulosum,Helichrysum rugulosum,wfo-0000062669,wfo-0000062669,Asteraceae,Helichrysum,species,accepted,accepted,exact_accepted,exact_accepted_unique,1,1,1,WFO_offline_hierarchical,2026-06-24,1606
Tephrosia praecana,tephrosia praecana,tephrosia praecana,Tephrosia praecana,wfo-0000203746,wfo-0000203746,Fabaceae,Tephrosia,species,accepted,accepted,exact_accepted,exact_accepted_unique,1,1,1,WFO_offline_hierarchical,2026-06-24,1607
Tephrosia procumbens,tephrosia procumbens,tephrosia procumbens,NA,NA,NA,NA,NA,NA,NA,unresolved,exact_conflict,exact_synonym_conflict,3,2,2,NA,2026-06-24,1608
Limnophila indica,limnophila indica,limnophila indica,Limnophila indica,wfo-0000445814,wfo-0000445814,Plantaginaceae,Limnophila,species,accepted,accepted,exact_accepted,exact_accepted_unique,1,1,1,WFO_offline_hierarchical,2026-06-24,1609
Orthosiphon grandiflorus,orthosiphon grandiflorus,orthosiphon grandiflorus,Orthosiphon aristatus var. aristatus,wfo-0000619648,wfo-0000619648,Lamiaceae,Orthosiphon,variety,synonym,synonym,exact_synonym,exact_synonym_unique,1,1,1,WFO_offline_hierarchical,2026-06-24,1610
Aquilegia ecalcarata,aquilegia ecalcarata,aquilegia ecalcarata,Aquilegia ecalcarata,wfo-0000541286,wfo-0000541286,Ranunculaceae,Aquilegia,species,accepted,accepted,exact_accepted,exact_accepted_unique,1,1,1,WFO_offline_hierarchical,2026-06-24,1611
Eriodictyon angustifolium,eriodictyon angustifolium,eriodictyon angustifolium,Eriodictyon angustifolium,wfo-0000674362,wfo-0000674362,Namaceae,Eriodictyon,species,accepted,accepted,exact_accepted,exact_accepted_unique,1,1,1,WFO_offline_hierarchical,2026-06-24,1612
Bahiopsis laciniata,bahiopsis laciniata,bahiopsis laciniata,Bahiopsis laciniata,wfo-0000026157,wfo-0000026157,Asteraceae,Bahiopsis,species,accepted,accepted,exact_accepted,exact_accepted_unique,1,1,1,WFO_offline_hierarchical,2026-06-24,1613
Gnetum macrostachyum,gnetum macrostachyum,gnetum macrostachyum,Gnetum macrostachyum,wfo-0000795633,wfo-0000795633,Gnetaceae,Gnetum,species,accepted,accepted,exact_accepted,exact_accepted_unique,1,1,1,WFO_offline_hierarchical,2026-06-24,1614
Lathyrus sativus,lathyrus sativus,lathyrus sativus,Lathyrus sativus,wfo-0000212703,wfo-0000212703,Fabaceae,Lathyrus,species,accepted,accepted,exact_accepted,exact_accepted_unique,1,1,1,WFO_offline_hierarchical,2026-06-24,1615
Sorghum,sorghum,sorghum,Sorghum,wfo-4000035801,wfo-4000035801,Poaceae,Sorghum,genus,accepted,accepted,exact_accepted,exact_accepted_unique,1,1,1,WFO_offline_hierarchical,2026-06-24,1616
Rhaphiolepis indica,rhaphiolepis indica,rhaphiolepis indica,Rhaphiolepis indica,wfo-0001016273,wfo-0001016273,Rosaceae,Rhaphiolepis,species,accepted,accepted,exact_accepted,exact_accepted_unique,1,1,1,WFO_offline_hierarchical,2026-06-24,1617
Melilotus albus,melilotus albus,melilotus albus,Melilotus albus,wfo-0000212815,wfo-0000212815,Fabaceae,Melilotus,species,accepted,accepted,exact_accepted,exact_accepted_unique,1,1,1,WFO_offline_hierarchical,2026-06-24,1618
Vitis amurensis,vitis amurensis,vitis amurensis,Vitis amurensis,wfo-0000421529,wfo-0000421529,Vitaceae,Vitis,species,accepted,accepted,exact_accepted,exact_accepted_unique,1,1,1,WFO_offline_hierarchical,2026-06-24,1619
Dunbaria longiracemosa,dunbaria longiracemosa,dunbaria longiracemosa,NA,NA,NA,NA,NA,NA,NA,unresolved,unresolved,no_match,0,0,0,NA,2026-06-24,1620
Salix udensis,salix udensis,salix udensis,Salix udensis,wfo-0000929566,wfo-0000929566,Salicaceae,Salix,species,accepted,accepted,exact_accepted,exact_accepted_unique,1,1,1,WFO_offline_hierarchical,2026-06-24,1621
Trifolium montanum,trifolium montanum,trifolium montanum,Trifolium montanum,wfo-0000213031,wfo-0000213031,Fabaceae,Trifolium,species,accepted,accepted,exact_accepted,exact_accepted_unique,1,1,1,WFO_offline_hierarchical,2026-06-24,1622
Sophora franchetiana,sophora franchetiana,sophora franchetiana,Sophora franchetiana,wfo-0000185588,wfo-0000185588,Fabaceae,Sophora,species,accepted,accepted,exact_accepted,exact_accepted_unique,1,1,1,WFO_offline_hierarchical,2026-06-24,1623
Monteverdia laevis,monteverdia laevis,monteverdia laevis,Maytenus laevis,wfo-0000375144,wfo-0000375144,Celastraceae,Maytenus,species,synonym,synonym,exact_synonym,exact_synonym_unique,1,1,1,WFO_offline_hierarchical,2026-06-24,1624
Abies spectabilis,abies spectabilis,abies spectabilis,Abies spectabilis,wfo-0000511410,wfo-0000511410,Pinaceae,Abies,species,accepted,accepted,exact_accepted,exact_accepted_unique,1,1,1,WFO_offline_hierarchical,2026-06-24,1625
Ricinus communis,ricinus communis,ricinus communis,Ricinus communis,wfo-0000297077,wfo-0000297077,Euphorbiaceae,Ricinus,species,accepted,accepted,exact_accepted,exact_accepted_unique,1,1,1,WFO_offline_hierarchical,2026-06-24,1626
Lupinus hirsutus,lupinus hirsutus,lupinus hirsutus,Lupinus pilosus,wfo-0000185679,wfo-0000185679,Fabaceae,Lupinus,species,synonym,synonym,exact_synonym,exact_synonym_unique,1,1,1,WFO_offline_hierarchical,2026-06-24,1627
Leptothyrsa sprucei,leptothyrsa sprucei,leptothyrsa sprucei,Leptothyrsa sprucei,wfo-0001132701,wfo-0001132701,Rutaceae,Leptothyrsa,species,accepted,accepted,exact_accepted,exact_accepted_unique,1,1,1,WFO_offline_hierarchical,2026-06-24,1628
Clematis armandii,clematis armandii,clematis armandii,NA,NA,NA,NA,NA,NA,NA,unresolved,unresolved,no_match,0,0,0,NA,2026-06-24,1629
Musa acuminata,musa acuminata,musa acuminata,Musa acuminata,wfo-0000473834,wfo-0000473834,Musaceae,Musa,species,accepted,accepted,exact_accepted,exact_accepted_unique,1,1,1,WFO_offline_hierarchical,2026-06-24,1630
Musa balbisiana,musa balbisiana,musa balbisiana,Musa balbisiana,wfo-0000473990,wfo-0000473990,Musaceae,Musa,species,accepted,accepted,exact_accepted,exact_accepted_unique,1,1,1,WFO_offline_hierarchical,2026-06-24,1631
Asparagus racemosus,asparagus racemosus,asparagus racemosus,Asparagus racemosus,wfo-0000634415,wfo-0000634415,Asparagaceae,Asparagus,species,accepted,accepted,exact_accepted,exact_accepted_unique,1,1,1,WFO_offline_hierarchical,2026-06-24,1632
Lophira lanceolata,lophira lanceolata,lophira lanceolata,Lophira lanceolata,wfo-0000443230,wfo-0000443230,Ochnaceae,Lophira,species,accepted,accepted,exact_accepted,exact_accepted_unique,1,1,1,WFO_offline_hierarchical,2026-06-24,1633
Selaginella willdenowii,selaginella willdenowii,selaginella willdenowii,Selaginella willdenowii,wfo-0001109675,wfo-0001109675,Selaginellaceae,Selaginella,species,accepted,accepted,exact_accepted,exact_accepted_unique,1,1,1,WFO_offline_hierarchical,2026-06-24,1634
Abies sachalinensis,abies sachalinensis,abies sachalinensis,Abies sachalinensis,wfo-0000511384,wfo-0000511384,Pinaceae,Abies,species,accepted,accepted,exact_accepted,exact_accepted_unique,1,1,1,WFO_offline_hierarchical,2026-06-24,1635
Pisonia aculeata,pisonia aculeata,pisonia aculeata,Pisonia aculeata,wfo-0000476234,wfo-0000476234,Nyctaginaceae,Pisonia,species,accepted,accepted,exact_accepted,exact_accepted_unique,1,1,1,WFO_offline_hierarchical,2026-06-24,1636
Argemone mexicana,argemone mexicana,argemone mexicana,Argemone mexicana,wfo-0000547034,wfo-0000547034,Papaveraceae,Argemone,species,accepted,accepted,exact_accepted,exact_accepted_unique,1,1,1,WFO_offline_hierarchical,2026-06-24,1637
Bidens andicola,bidens andicola,bidens andicola,Bidens andicola,wfo-0000015136,wfo-0000015136,Asteraceae,Bidens,species,accepted,accepted,exact_accepted,exact_accepted_unique,1,1,1,WFO_offline_hierarchical,2026-06-24,1638
Alstonia scholaris,alstonia scholaris,alstonia scholaris,Alstonia scholaris,wfo-0001257712,wfo-0001257712,Apocynaceae,Alstonia,species,accepted,accepted,exact_accepted,exact_accepted_unique,1,1,1,WFO_offline_hierarchical,2026-06-24,1639
Millettia nitida,millettia nitida,millettia nitida,Callerya nitida,wfo-0000193070,wfo-0000193070,Fabaceae,Callerya,species,synonym,synonym,exact_synonym,exact_synonym_unique,2,1,1,WFO_offline_hierarchical,2026-06-24,1640
Astragalus caprinus,astragalus caprinus,astragalus caprinus,Astragalus caprinus,wfo-0000212469,wfo-0000212469,Fabaceae,Astragalus,species,accepted,accepted,exact_accepted,exact_accepted_unique,1,1,1,WFO_offline_hierarchical,2026-06-24,1641
Glehnia littoralis,glehnia littoralis,glehnia littoralis,Glehnia littoralis,wfo-0000703677,wfo-0000703677,Apiaceae,Glehnia,species,accepted,accepted,exact_accepted,exact_accepted_unique,1,1,1,WFO_offline_hierarchical,2026-06-24,1642
Sapium haematospermum,sapium haematospermum,sapium haematospermum,Sapium haematospermum,wfo-0000302812,wfo-0000302812,Euphorbiaceae,Sapium,species,accepted,accepted,exact_accepted,exact_accepted_unique,1,1,1,WFO_offline_hierarchical,2026-06-24,1643
Mimosa diplotricha,mimosa diplotricha,mimosa diplotricha,Mimosa diplotricha,wfo-0001053831,wfo-0001053831,Fabaceae,Mimosa,species,accepted,accepted,exact_accepted,exact_accepted_unique,1,1,1,WFO_offline_hierarchical,2026-06-24,1644
Helichrysum umbraculigerum,helichrysum umbraculigerum,helichrysum umbraculigerum,Helichrysum umbraculigerum,wfo-0000018095,wfo-0000018095,Asteraceae,Helichrysum,species,accepted,accepted,exact_accepted,exact_accepted_unique,1,1,1,WFO_offline_hierarchical,2026-06-24,1645
Stenochlaena palustris,stenochlaena palustris,stenochlaena palustris,Stenochlaena palustris,wfo-0001115653,wfo-0001115653,Blechnaceae,Stenochlaena,species,accepted,accepted,exact_accepted,exact_accepted_unique,1,1,1,WFO_offline_hierarchical,2026-06-24,1646
Eucalyptus globulus,eucalyptus globulus,eucalyptus globulus,Eucalyptus globulus,wfo-0000954998,wfo-0000954998,Myrtaceae,Eucalyptus,species,accepted,accepted,exact_accepted,exact_accepted_unique,1,1,1,WFO_offline_hierarchical,2026-06-24,1647
Ocotea porosa,ocotea porosa,ocotea porosa,Ocotea porosa,wfo-0000383291,wfo-0000383291,Lauraceae,Ocotea,species,accepted,accepted,exact_accepted,exact_accepted_unique,1,1,1,WFO_offline_hierarchical,2026-06-24,1648
Antirrhinum majus,antirrhinum majus,antirrhinum majus,Antirrhinum majus,wfo-0000539365,wfo-0000539365,Plantaginaceae,Antirrhinum,species,accepted,accepted,exact_accepted,exact_accepted_unique,1,1,1,WFO_offline_hierarchical,2026-06-24,1649
Qualea labouriauana,qualea labouriauana,qualea labouriauana,Qualea labouriauana,wfo-0000733118,wfo-0000733118,Vochysiaceae,Qualea,species,accepted,accepted,exact_accepted,exact_accepted_unique,1,1,1,WFO_offline_hierarchical,2026-06-24,1650
Solanum crinitum,solanum crinitum,solanum crinitum,Solanum crinitum,wfo-0001027300,wfo-0001027300,Solanaceae,Solanum,species,accepted,accepted,exact_accepted,exact_accepted_unique,1,1,1,WFO_offline_hierarchical,2026-06-24,1651
Ceanothus papillosus,ceanothus papillosus,ceanothus papillosus,Ceanothus papillosus,wfo-0000592016,wfo-0000592016,Rhamnaceae,Ceanothus,species,accepted,accepted,exact_accepted,exact_accepted_unique,1,1,1,WFO_offline_hierarchical,2026-06-24,1652
Baccharis conferta,baccharis conferta,baccharis conferta,Baccharis conferta,wfo-0000004046,wfo-0000004046,Asteraceae,Baccharis,species,accepted,accepted,exact_accepted,exact_accepted_unique,1,1,1,WFO_offline_hierarchical,2026-06-24,1653
Greigia sphacelata,greigia sphacelata,greigia sphacelata,Greigia sphacelata,wfo-0000431236,wfo-0000431236,Bromeliaceae,Greigia,species,accepted,accepted,exact_accepted,exact_accepted_unique,1,1,1,WFO_offline_hierarchical,2026-06-24,1654
Swartzia laevicarpa,swartzia laevicarpa,swartzia laevicarpa,Swartzia laevicarpa,wfo-0000182091,wfo-0000182091,Fabaceae,Swartzia,species,accepted,accepted,exact_accepted,exact_accepted_unique,1,1,1,WFO_offline_hierarchical,2026-06-24,1655
Diplotropis ferruginea,diplotropis ferruginea,diplotropis ferruginea,Diplotropis ferruginea,wfo-0000163859,wfo-0000163859,Fabaceae,Diplotropis,species,accepted,accepted,exact_accepted,exact_accepted_unique,1,1,1,WFO_offline_hierarchical,2026-06-24,1656
Ononis spinosa,ononis spinosa,ononis spinosa,Ononis spinosa,wfo-0000183372,wfo-0000183372,Fabaceae,Ononis,species,accepted,accepted,exact_accepted,exact_accepted_unique,1,1,1,WFO_offline_hierarchical,2026-06-24,1657
Gueldenstaedtia verna,gueldenstaedtia verna,gueldenstaedtia verna,Gueldenstaedtia verna,wfo-0000198763,wfo-0000198763,Fabaceae,Gueldenstaedtia,species,accepted,accepted,exact_accepted,exact_accepted_unique,1,1,1,WFO_offline_hierarchical,2026-06-24,1658
Platymiscium praecox,platymiscium praecox,platymiscium praecox,Platymiscium floribundum var. floribundum,wfo-0001061344,wfo-0001061344,Fabaceae,Platymiscium,variety,synonym,synonym,exact_synonym,exact_synonym_unique,1,1,1,WFO_offline_hierarchical,2026-06-24,1659
Cedrela mexicana,cedrela mexicana,cedrela mexicana,Cedrela odorata,wfo-0000592446,wfo-0000592446,Meliaceae,Cedrela,species,synonym,synonym,exact_synonym,exact_synonym_unique,1,1,1,WFO_offline_hierarchical,2026-06-24,1660
Cedrela odorata,cedrela odorata,cedrela odorata,Cedrela odorata,wfo-0000592446,wfo-0000592446,Meliaceae,Cedrela,species,accepted,accepted,exact_accepted,exact_accepted_unique,1,1,1,WFO_offline_hierarchical,2026-06-24,1661
Pterocarpus angolensis,pterocarpus angolensis,pterocarpus angolensis,Pterocarpus angolensis,wfo-0000172643,wfo-0000172643,Fabaceae,Pterocarpus,species,accepted,accepted,exact_accepted,exact_accepted_unique,1,1,1,WFO_offline_hierarchical,2026-06-24,1662
Cedrela fissilis,cedrela fissilis,cedrela fissilis,Cedrela fissilis,wfo-0000592409,wfo-0000592409,Meliaceae,Cedrela,species,accepted,accepted,exact_accepted,exact_accepted_unique,1,1,1,WFO_offline_hierarchical,2026-06-24,1663
Iris potaninii,iris potaninii,iris potaninii,Iris potaninii,wfo-0000783741,wfo-0000783741,Iridaceae,Iris,species,accepted,accepted,exact_accepted,exact_accepted_unique,1,1,1,WFO_offline_hierarchical,2026-06-24,1664
Catharanthus roseus,catharanthus roseus,catharanthus roseus,Catharanthus roseus,wfo-0000819442,wfo-0000819442,Apocynaceae,Catharanthus,species,accepted,accepted,exact_accepted,exact_accepted_unique,1,1,1,WFO_offline_hierarchical,2026-06-24,1665
Lespedeza virgata,lespedeza virgata,lespedeza virgata,Lespedeza virgata,wfo-0000192231,wfo-0000192231,Fabaceae,Lespedeza,species,accepted,accepted,exact_accepted,exact_accepted_unique,1,1,1,WFO_offline_hierarchical,2026-06-24,1666
Pseudolarix amabilis,pseudolarix amabilis,pseudolarix amabilis,Pseudolarix amabilis,wfo-0000479701,wfo-0000479701,Pinaceae,Pseudolarix,species,accepted,accepted,exact_accepted,exact_accepted_unique,1,1,1,WFO_offline_hierarchical,2026-06-24,1667
Larix kaempferi,larix kaempferi,larix kaempferi,Larix kaempferi,wfo-0000443374,wfo-0000443374,Pinaceae,Larix,species,accepted,accepted,exact_accepted,exact_accepted_unique,1,1,1,WFO_offline_hierarchical,2026-06-24,1668
Gnetum africanum,gnetum africanum,gnetum africanum,Gnetum africanum,wfo-0000795564,wfo-0000795564,Gnetaceae,Gnetum,species,accepted,accepted,exact_accepted,exact_accepted_unique,1,1,1,WFO_offline_hierarchical,2026-06-24,1669
Hedysarum theinum,hedysarum theinum,hedysarum theinum,Hedysarum theinum,wfo-0000209188,wfo-0000209188,Fabaceae,Hedysarum,species,accepted,accepted,exact_accepted,exact_accepted_unique,1,1,1,WFO_offline_hierarchical,2026-06-24,1670
Melaleuca leucadendra,melaleuca leucadendra,melaleuca leucadendra,Melaleuca leucadendra,wfo-0000239679,wfo-0000239679,Myrtaceae,Melaleuca,species,accepted,accepted,exact_accepted,exact_accepted_unique,1,1,1,WFO_offline_hierarchical,2026-06-24,1671
Helichrysum gymnocomum,helichrysum gymnocomum,helichrysum gymnocomum,Helichrysum gymnocomum,wfo-0000060989,wfo-0000060989,Asteraceae,Helichrysum,species,accepted,accepted,exact_accepted,exact_accepted_unique,1,1,1,WFO_offline_hierarchical,2026-06-24,1672
Brassica alba,brassica alba,brassica alba,NA,NA,NA,NA,NA,NA,NA,unresolved,exact_conflict,exact_synonym_conflict,2,2,2,NA,2026-06-24,1673
Sinapis alba,sinapis alba,sinapis alba,Sinapis alba,wfo-0000432649,wfo-0000432649,Brassicaceae,Sinapis,species,accepted,accepted,exact_accepted,exact_accepted_unique,1,1,1,WFO_offline_hierarchical,2026-06-24,1674
Smirnowia turkestana,smirnowia turkestana,smirnowia turkestana,Smirnowia turkestana,wfo-0000185558,wfo-0000185558,Fabaceae,Smirnowia,species,accepted,accepted,exact_accepted,exact_accepted_unique,1,1,1,WFO_offline_hierarchical,2026-06-24,1675
Daphne odora,daphne odora,daphne odora,Daphne odora,wfo-0000637782,wfo-0000637782,Thymelaeaceae,Daphne,species,accepted,accepted,exact_accepted,exact_accepted_unique,1,1,1,WFO_offline_hierarchical,2026-06-24,1676
Astragalus pycnocephalus,astragalus pycnocephalus,astragalus pycnocephalus,Astragalus pycnocephalus,wfo-0000190422,wfo-0000190422,Fabaceae,Astragalus,species,accepted,accepted,exact_accepted,exact_accepted_unique,1,1,1,WFO_offline_hierarchical,2026-06-24,1677
Macaranga,macaranga,macaranga,Macaranga,wfo-4000022602,wfo-4000022602,Euphorbiaceae,Macaranga,genus,accepted,accepted,exact_accepted,exact_accepted_unique,1,1,1,WFO_offline_hierarchical,2026-06-24,1678
Schoenus nigricans,schoenus nigricans,schoenus nigricans,Schoenus nigricans,wfo-0000531591,wfo-0000531591,Cyperaceae,Schoenus,species,accepted,accepted,exact_accepted,exact_accepted_unique,1,1,1,WFO_offline_hierarchical,2026-06-24,1679
Lotus creticus,lotus creticus,lotus creticus,Lotus creticus,wfo-0000212182,wfo-0000212182,Fabaceae,Lotus,species,accepted,accepted,exact_accepted,exact_accepted_unique,1,1,1,WFO_offline_hierarchical,2026-06-24,1680
Krameria grayi,krameria grayi,krameria grayi,Krameria bicolor,wfo-0001069509,wfo-0001069509,Krameriaceae,Krameria,species,synonym,synonym,exact_synonym,exact_synonym_unique,1,1,1,WFO_offline_hierarchical,2026-06-24,1681
Krameria bicolor,krameria bicolor,krameria bicolor,Krameria bicolor,wfo-0001069509,wfo-0001069509,Krameriaceae,Krameria,species,accepted,accepted,exact_accepted,exact_accepted_unique,1,1,1,WFO_offline_hierarchical,2026-06-24,1682
Azadirachta indica,azadirachta indica,azadirachta indica,Azadirachta indica,wfo-0000557668,wfo-0000557668,Meliaceae,Azadirachta,species,accepted,accepted,exact_accepted,exact_accepted_unique,1,1,1,WFO_offline_hierarchical,2026-06-24,1683
Ochna obtusata,ochna obtusata,ochna obtusata,Ochna obtusata,wfo-0000389154,wfo-0000389154,Ochnaceae,Ochna,species,accepted,accepted,exact_accepted,exact_accepted_unique,1,1,1,WFO_offline_hierarchical,2026-06-24,1684
Ochna gamblei,ochna gamblei,ochna gamblei,Ochna gamblei,wfo-0000389999,wfo-0000389999,Ochnaceae,Ochna,species,accepted,accepted,exact_accepted,exact_accepted_unique,1,1,1,WFO_offline_hierarchical,2026-06-24,1685
Justicia adhatoda,justicia adhatoda,justicia adhatoda,Justicia adhatoda,wfo-0000354128,wfo-0000354128,Acanthaceae,Justicia,species,accepted,accepted,exact_accepted,exact_accepted_unique,1,1,1,WFO_offline_hierarchical,2026-06-24,1686
Scalesia,scalesia,scalesia,Scalesia,wfo-4000034225,wfo-4000034225,Asteraceae,Scalesia,genus,accepted,accepted,exact_accepted,exact_accepted_unique,1,1,1,WFO_offline_hierarchical,2026-06-24,1687
Campylospermum flavum,campylospermum flavum,campylospermum flavum,Campylospermum flavum,wfo-0000583248,wfo-0000583248,Ochnaceae,Campylospermum,species,accepted,accepted,exact_accepted,exact_accepted_unique,1,1,1,WFO_offline_hierarchical,2026-06-24,1688
Helichrysum kraussii,helichrysum kraussii,helichrysum kraussii,Helichrysum kraussii,wfo-0000129831,wfo-0000129831,Asteraceae,Helichrysum,species,accepted,accepted,exact_accepted,exact_accepted_unique,1,1,1,WFO_offline_hierarchical,2026-06-24,1689
Piper sarmentosum,piper sarmentosum,piper sarmentosum,Piper sarmentosum,wfo-0001094336,wfo-0001094336,Piperaceae,Piper,species,accepted,accepted,exact_accepted,exact_accepted_unique,1,1,1,WFO_offline_hierarchical,2026-06-24,1690
Piper dilatatum,piper dilatatum,piper dilatatum,Piper dilatatum,wfo-0000478691,wfo-0000478691,Piperaceae,Piper,species,accepted,accepted,exact_accepted,exact_accepted_unique,1,1,1,WFO_offline_hierarchical,2026-06-24,1691
Yucca schidigera,yucca schidigera,yucca schidigera,Yucca schidigera,wfo-0000771250,wfo-0000771250,Asparagaceae,Yucca,species,accepted,accepted,exact_accepted,exact_accepted_unique,1,1,1,WFO_offline_hierarchical,2026-06-24,1692
Alpinia nutans,alpinia nutans,alpinia nutans,Alpinia nutans,wfo-0000338646,wfo-0000338646,Zingiberaceae,Alpinia,species,accepted,accepted,exact_accepted,exact_accepted_unique,1,1,1,WFO_offline_hierarchical,2026-06-24,1693
Lathyrus nissolia,lathyrus nissolia,lathyrus nissolia,Lathyrus nissolia,wfo-0000212696,wfo-0000212696,Fabaceae,Lathyrus,species,accepted,accepted,exact_accepted,exact_accepted_unique,1,1,1,WFO_offline_hierarchical,2026-06-24,1694
Flourensia fiebrigii,flourensia fiebrigii,flourensia fiebrigii,Flourensia fiebrigii,wfo-0000002132,wfo-0000002132,Asteraceae,Flourensia,species,accepted,accepted,exact_accepted,exact_accepted_unique,1,1,1,WFO_offline_hierarchical,2026-06-24,1695
Vaccinium padifolium,vaccinium padifolium,vaccinium padifolium,Vaccinium padifolium,wfo-0000421931,wfo-0000421931,Ericaceae,Vaccinium,species,accepted,accepted,exact_accepted,exact_accepted_unique,1,1,1,WFO_offline_hierarchical,2026-06-24,1696
Vaccinium arboreum,vaccinium arboreum,vaccinium arboreum,Vaccinium arboreum,wfo-0001047661,wfo-0001047661,Ericaceae,Vaccinium,species,accepted,accepted,exact_accepted,exact_accepted_unique,1,1,1,WFO_offline_hierarchical,2026-06-24,1697
Erica cinerea,erica cinerea,erica cinerea,Erica cinerea,wfo-0000671681,wfo-0000671681,Ericaceae,Erica,species,accepted,accepted,exact_accepted,exact_accepted_unique,1,1,1,WFO_offline_hierarchical,2026-06-24,1698
Melicope durifolia,melicope durifolia,melicope durifolia,Melicope durifolia,wfo-0001272966,wfo-0001272966,Rutaceae,Melicope,species,accepted,accepted,exact_accepted,exact_accepted_unique,1,1,1,WFO_offline_hierarchical,2026-06-24,1699
Psorothamnus spinosus,psorothamnus spinosus,psorothamnus spinosus,Psorodendron spinosum,wfo-0000180956,wfo-0000180956,Fabaceae,Psorodendron,species,synonym,synonym,exact_synonym,exact_synonym_unique,1,1,1,WFO_offline_hierarchical,2026-06-24,1700
Eucalyptus loxophleba,eucalyptus loxophleba,eucalyptus loxophleba,Eucalyptus loxophleba,wfo-0000955280,wfo-0000955280,Myrtaceae,Eucalyptus,species,accepted,accepted,exact_accepted,exact_accepted_unique,1,1,1,WFO_offline_hierarchical,2026-06-24,1701
Calluna vulgaris,calluna vulgaris,calluna vulgaris,Calluna vulgaris,wfo-0000580837,wfo-0000580837,Ericaceae,Calluna,species,accepted,accepted,exact_accepted,exact_accepted_unique,1,1,1,WFO_offline_hierarchical,2026-06-24,1702
Glycine,glycine,glycine,Glycine,wfo-4000049061,wfo-4000049061,Fabaceae,Glycine,genus,accepted,accepted,exact_accepted,exact_accepted_unique,1,1,1,WFO_offline_hierarchical,2026-06-24,1703
Trifolium subterraneum,trifolium subterraneum,trifolium subterraneum,Trifolium subterraneum,wfo-0000213094,wfo-0000213094,Fabaceae,Trifolium,species,accepted,accepted,exact_accepted,exact_accepted_unique,1,1,1,WFO_offline_hierarchical,2026-06-24,1704
Eschenbachia blinii,eschenbachia blinii,eschenbachia blinii,Eschenbachia blinii,wfo-0000750792,wfo-0000750792,Asteraceae,Eschenbachia,species,accepted,accepted,exact_accepted,exact_accepted_unique,1,1,1,WFO_offline_hierarchical,2026-06-24,1705
Cullen plicatum,cullen plicatum,cullen plicatum,Cullen plicatum,wfo-0000186161,wfo-0000186161,Fabaceae,Cullen,species,accepted,accepted,exact_accepted,exact_accepted_unique,1,1,1,WFO_offline_hierarchical,2026-06-24,1706
Lonchocarpus obtusus,lonchocarpus obtusus,lonchocarpus obtusus,Muellera obtusa,wfo-0001318198,wfo-0001318198,Fabaceae,Muellera,species,synonym,synonym,exact_synonym,exact_synonym_unique,1,1,1,WFO_offline_hierarchical,2026-06-24,1707
Cyclosorus interruptus,cyclosorus interruptus,cyclosorus interruptus,Cyclosorus interruptus,wfo-0001110853,wfo-0001110853,Thelypteridaceae,Cyclosorus,species,accepted,accepted,exact_accepted,exact_accepted_unique,1,1,1,WFO_offline_hierarchical,2026-06-24,1708
Thelypteris interrupta,thelypteris interrupta,thelypteris interrupta,Cyclosorus interruptus,wfo-0001110853,wfo-0001110853,Thelypteridaceae,Cyclosorus,species,synonym,synonym,exact_synonym,exact_synonym_unique,1,1,1,WFO_offline_hierarchical,2026-06-24,1709
Iris florentina,iris florentina,iris florentina,NA,NA,NA,NA,NA,NA,NA,unresolved,unresolved,no_match,0,0,0,NA,2026-06-24,1710
Dalbergia decipularis,dalbergia decipularis,dalbergia decipularis,Dalbergia decipularis,wfo-0000173750,wfo-0000173750,Fabaceae,Dalbergia,species,accepted,accepted,exact_accepted,exact_accepted_unique,1,1,1,WFO_offline_hierarchical,2026-06-24,1711
Allium chinense,allium chinense,allium chinense,Allium chinense,wfo-0000755945,wfo-0000755945,Amaryllidaceae,Allium,species,accepted,accepted,exact_accepted,exact_accepted_unique,1,1,1,WFO_offline_hierarchical,2026-06-24,1712
Piper pseudofuligineum,piper pseudofuligineum,piper pseudofuligineum,Piper pseudofuligineum,wfo-0000485558,wfo-0000485558,Piperaceae,Piper,species,accepted,accepted,exact_accepted,exact_accepted_unique,1,1,1,WFO_offline_hierarchical,2026-06-24,1713
Piper gaudichaudianum,piper gaudichaudianum,piper gaudichaudianum,Piper gaudichaudianum,wfo-0001092115,wfo-0001092115,Piperaceae,Piper,species,accepted,accepted,exact_accepted,exact_accepted_unique,1,1,1,WFO_offline_hierarchical,2026-06-24,1714
Dioscorea alata,dioscorea alata,dioscorea alata,Dioscorea alata,wfo-0000388864,wfo-0000388864,Dioscoreaceae,Dioscorea,species,accepted,accepted,exact_accepted,exact_accepted_unique,1,1,1,WFO_offline_hierarchical,2026-06-24,1715
Helichrysum nudifolium,helichrysum nudifolium,helichrysum nudifolium,Helichrysum nudifolium,wfo-0000011583,wfo-0000011583,Asteraceae,Helichrysum,species,accepted,accepted,exact_accepted,exact_accepted_unique,1,1,1,WFO_offline_hierarchical,2026-06-24,1716
Helichrysum polycladum,helichrysum polycladum,helichrysum polycladum,Helichrysum polycladum,wfo-0000077914,wfo-0000077914,Asteraceae,Helichrysum,species,accepted,accepted,exact_accepted,exact_accepted_unique,1,1,1,WFO_offline_hierarchical,2026-06-24,1717
Helichrysum tomentosulum,helichrysum tomentosulum,helichrysum tomentosulum,Helichrysum tomentosulum,wfo-0000001339,wfo-0000001339,Asteraceae,Helichrysum,species,accepted,accepted,exact_accepted,exact_accepted_unique,1,1,1,WFO_offline_hierarchical,2026-06-24,1718
Dalbergia retusa,dalbergia retusa,dalbergia retusa,Dalbergia retusa,wfo-0000169025,wfo-0000169025,Fabaceae,Dalbergia,species,accepted,accepted,exact_accepted,exact_accepted_unique,1,1,1,WFO_offline_hierarchical,2026-06-24,1719
Iris tectorum,iris tectorum,iris tectorum,Iris tectorum,wfo-0000783940,wfo-0000783940,Iridaceae,Iris,species,accepted,accepted,exact_accepted,exact_accepted_unique,1,1,1,WFO_offline_hierarchical,2026-06-24,1720
Dalbergia,dalbergia,dalbergia,Dalbergia,wfo-4000010678,wfo-4000010678,Fabaceae,Dalbergia,genus,accepted,accepted,exact_accepted,exact_accepted_unique,1,1,1,WFO_offline_hierarchical,2026-06-24,1721
Dalbergia riparia,dalbergia riparia,dalbergia riparia,Dalbergia riparia,wfo-0000170464,wfo-0000170464,Fabaceae,Dalbergia,species,accepted,accepted,exact_accepted,exact_accepted_unique,1,1,1,WFO_offline_hierarchical,2026-06-24,1722
Iris milesii,iris milesii,iris milesii,Iris milesii,wfo-0000783626,wfo-0000783626,Iridaceae,Iris,species,accepted,accepted,exact_accepted,exact_accepted_unique,1,1,1,WFO_offline_hierarchical,2026-06-24,1723
Platycladus,platycladus,platycladus,Platycladus,wfo-4000030092,wfo-4000030092,Cupressaceae,Platycladus,genus,accepted,accepted,exact_accepted,exact_accepted_unique,1,1,1,WFO_offline_hierarchical,2026-06-24,1724
Iris leptophylla,iris leptophylla,iris leptophylla,Iris leptophylla,wfo-0000783540,wfo-0000783540,Iridaceae,Iris,species,accepted,accepted,exact_accepted,exact_accepted_unique,1,1,1,WFO_offline_hierarchical,2026-06-24,1725
Psammosilene tunicoides,psammosilene tunicoides,psammosilene tunicoides,Psammosilene tunicoides,wfo-0000395656,wfo-0000395656,Caryophyllaceae,Psammosilene,species,accepted,accepted,exact_accepted,exact_accepted_unique,1,1,1,WFO_offline_hierarchical,2026-06-24,1726
Grindelia hirsutula,grindelia hirsutula,grindelia hirsutula,Grindelia hirsutula,wfo-0000035575,wfo-0000035575,Asteraceae,Grindelia,species,accepted,accepted,exact_accepted,exact_accepted_unique,1,1,1,WFO_offline_hierarchical,2026-06-24,1727
Grindelia pulchella,grindelia pulchella,grindelia pulchella,Grindelia pulchella,wfo-0000018709,wfo-0000018709,Asteraceae,Grindelia,species,accepted,accepted,exact_accepted,exact_accepted_unique,1,1,1,WFO_offline_hierarchical,2026-06-24,1728
Picea neoveitchii,picea neoveitchii,picea neoveitchii,Picea neoveitchii,wfo-0000482462,wfo-0000482462,Pinaceae,Picea,species,accepted,accepted,exact_accepted,exact_accepted_unique,1,1,1,WFO_offline_hierarchical,2026-06-24,1729
Eupatorium capillifolium,eupatorium capillifolium,eupatorium capillifolium,Eupatorium capillifolium,wfo-0000116399,wfo-0000116399,Asteraceae,Eupatorium,species,accepted,accepted,exact_accepted,exact_accepted_unique,1,1,1,WFO_offline_hierarchical,2026-06-24,1730
Crocanthemum glomeratum,crocanthemum glomeratum,crocanthemum glomeratum,Crocanthemum glomeratum,wfo-0000626256,wfo-0000626256,Cistaceae,Crocanthemum,species,accepted,accepted,exact_accepted,exact_accepted_unique,1,1,1,WFO_offline_hierarchical,2026-06-24,1731
Helianthemum glomeratum,helianthemum glomeratum,helianthemum glomeratum,Crocanthemum glomeratum,wfo-0000626256,wfo-0000626256,Cistaceae,Crocanthemum,species,synonym,synonym,exact_synonym,exact_synonym_unique,1,1,1,WFO_offline_hierarchical,2026-06-24,1732
Phyllanthus reticulatus,phyllanthus reticulatus,phyllanthus reticulatus,Phyllanthus reticulatus,wfo-0000271947,wfo-0000271947,Phyllanthaceae,Phyllanthus,species,accepted,accepted,exact_accepted,exact_accepted_unique,1,1,1,WFO_offline_hierarchical,2026-06-24,1733
Pteroxygonum giraldii,pteroxygonum giraldii,pteroxygonum giraldii,Pteroxygonum giraldii,wfo-0001230802,wfo-0001230802,Polygonaceae,Pteroxygonum,species,accepted,accepted,exact_accepted,exact_accepted_unique,1,1,1,WFO_offline_hierarchical,2026-06-24,1734
Dasiphora fruticosa,dasiphora fruticosa,dasiphora fruticosa,Dasiphora fruticosa,wfo-0001017396,wfo-0001017396,Rosaceae,Dasiphora,species,accepted,accepted,exact_accepted,exact_accepted_unique,1,1,1,WFO_offline_hierarchical,2026-06-24,1735
Potentilla fruticosa,potentilla fruticosa,potentilla fruticosa,Dasiphora fruticosa,wfo-0001017396,wfo-0001017396,Rosaceae,Dasiphora,species,synonym,synonym,exact_synonym,exact_synonym_unique,1,1,1,WFO_offline_hierarchical,2026-06-24,1736
Koenigia coriaria,koenigia coriaria,koenigia coriaria,NA,NA,NA,NA,NA,NA,NA,unresolved,unresolved,no_match,0,0,0,NA,2026-06-24,1737
Alhagi maurorum,alhagi maurorum,alhagi maurorum,Alhagi maurorum,wfo-0000212422,wfo-0000212422,Fabaceae,Alhagi,species,accepted,accepted,exact_accepted,exact_accepted_unique,1,1,1,WFO_offline_hierarchical,2026-06-24,1738
Potentilla tormentilla,potentilla tormentilla,potentilla tormentilla,Potentilla erecta,wfo-0000984938,wfo-0000984938,Rosaceae,Potentilla,species,synonym,synonym,exact_synonym,exact_synonym_unique,2,1,1,WFO_offline_hierarchical,2026-06-24,1739
Rhus glabra,rhus glabra,rhus glabra,Rhus glabra,wfo-0001049359,wfo-0001049359,Anacardiaceae,Rhus,species,accepted,accepted,exact_accepted,exact_accepted_unique,1,1,1,WFO_offline_hierarchical,2026-06-24,1740
Rhus typhina,rhus typhina,rhus typhina,Rhus typhina,wfo-0000403060,wfo-0000403060,Anacardiaceae,Rhus,species,accepted,accepted,exact_accepted,exact_accepted_unique,1,1,1,WFO_offline_hierarchical,2026-06-24,1741
Gossypium hirsutum,gossypium hirsutum,gossypium hirsutum,Gossypium hirsutum,wfo-0000707931,wfo-0000707931,Malvaceae,Gossypium,species,accepted,accepted,exact_accepted,exact_accepted_unique,1,1,1,WFO_offline_hierarchical,2026-06-24,1742
Myrtus communis,myrtus communis,myrtus communis,Myrtus communis,wfo-0000248712,wfo-0000248712,Myrtaceae,Myrtus,species,accepted,accepted,exact_accepted,exact_accepted_unique,1,1,1,WFO_offline_hierarchical,2026-06-24,1743
Vachellia pennatula,vachellia pennatula,vachellia pennatula,Vachellia pennatula,wfo-0001277447,wfo-0001277447,Fabaceae,Vachellia,species,accepted,accepted,exact_accepted,exact_accepted_unique,1,1,1,WFO_offline_hierarchical,2026-06-24,1744
Acacia pennatula,acacia pennatula,acacia pennatula,Vachellia pennatula,wfo-0001277447,wfo-0001277447,Fabaceae,Vachellia,species,synonym,synonym,exact_synonym,exact_synonym_unique,1,1,1,WFO_offline_hierarchical,2026-06-24,1745
Limonium gmelinii,limonium gmelinii,limonium gmelinii,Limonium gmelini,wfo-0000444657,wfo-0000444657,Plumbaginaceae,Limonium,species,synonym,synonym,exact_synonym,exact_synonym_unique,1,1,1,WFO_offline_hierarchical,2026-06-24,1746
Caragana spinosa,caragana spinosa,caragana spinosa,Caragana spinosa,wfo-0001061289,wfo-0001061289,Fabaceae,Caragana,species,accepted,accepted,exact_accepted,exact_accepted_unique,1,1,1,WFO_offline_hierarchical,2026-06-24,1747
Averrhoa carambola,averrhoa carambola,averrhoa carambola,Averrhoa carambola,wfo-0000557405,wfo-0000557405,Oxalidaceae,Averrhoa,species,accepted,accepted,exact_accepted,exact_accepted_unique,1,1,1,WFO_offline_hierarchical,2026-06-24,1748
Leptarrhena pyrolifolia,leptarrhena pyrolifolia,leptarrhena pyrolifolia,Leptarrhena pyrolifolia,wfo-0001135538,wfo-0001135538,Saxifragaceae,Leptarrhena,species,accepted,accepted,exact_accepted,exact_accepted_unique,1,1,1,WFO_offline_hierarchical,2026-06-24,1749
Ziziphus spina-christi,ziziphus spina-christi,ziziphus spina-christi,Ziziphus spina-christi,wfo-0001131308,wfo-0001131308,Rhamnaceae,Ziziphus,species,accepted,accepted,exact_accepted,exact_accepted_unique,1,1,1,WFO_offline_hierarchical,2026-06-24,1750
Croton draconoides,croton draconoides,croton draconoides,Croton draconoides,wfo-0000927869,wfo-0000927869,Euphorbiaceae,Croton,species,accepted,accepted,exact_accepted,exact_accepted_unique,1,1,1,WFO_offline_hierarchical,2026-06-24,1751
Distylium racemosum,distylium racemosum,distylium racemosum,Distylium racemosum,wfo-0000652434,wfo-0000652434,Hamamelidaceae,Distylium,species,accepted,accepted,exact_accepted,exact_accepted_unique,1,1,1,WFO_offline_hierarchical,2026-06-24,1752
Ziziphus mauritiana,ziziphus mauritiana,ziziphus mauritiana,Ziziphus mauritiana,wfo-0000430322,wfo-0000430322,Rhamnaceae,Ziziphus,species,accepted,accepted,exact_accepted,exact_accepted_unique,1,1,1,WFO_offline_hierarchical,2026-06-24,1753
Esenbeckia grandiflora,esenbeckia grandiflora,esenbeckia grandiflora,Esenbeckia grandiflora,wfo-0000680797,wfo-0000680797,Rutaceae,Esenbeckia,species,accepted,accepted,exact_accepted,exact_accepted_unique,1,1,1,WFO_offline_hierarchical,2026-06-24,1754
Hippophae rhamnoides,hippophae rhamnoides,hippophae rhamnoides,Hippophae rhamnoides,wfo-0000723743,wfo-0000723743,Elaeagnaceae,Hippophae,species,accepted,accepted,exact_accepted,exact_accepted_unique,1,1,1,WFO_offline_hierarchical,2026-06-24,1755
Trifolium repens,trifolium repens,trifolium repens,Trifolium repens,wfo-0000213062,wfo-0000213062,Fabaceae,Trifolium,species,accepted,accepted,exact_accepted,exact_accepted_unique,1,1,1,WFO_offline_hierarchical,2026-06-24,1756
Ephedra sinica,ephedra sinica,ephedra sinica,Ephedra sinica,wfo-0000794481,wfo-0000794481,Ephedraceae,Ephedra,species,accepted,accepted,exact_accepted,exact_accepted_unique,1,1,1,WFO_offline_hierarchical,2026-06-24,1757
Acacia adunca,acacia adunca,acacia adunca,Acacia adunca,wfo-0001053987,wfo-0001053987,Fabaceae,Acacia,species,accepted,accepted,exact_accepted,exact_accepted_unique,1,1,1,WFO_offline_hierarchical,2026-06-24,1758
Acacia anceps,acacia anceps,acacia anceps,Acacia anceps,wfo-0000201116,wfo-0000201116,Fabaceae,Acacia,species,accepted,accepted,exact_accepted,exact_accepted_unique,1,1,1,WFO_offline_hierarchical,2026-06-24,1759
Acacia aneura,acacia aneura,acacia aneura,Acacia aneura,wfo-0001053991,wfo-0001053991,Fabaceae,Acacia,species,accepted,accepted,exact_accepted,exact_accepted_unique,1,1,1,WFO_offline_hierarchical,2026-06-24,1760
Acacia aulacocarpa,acacia aulacocarpa,acacia aulacocarpa,Acacia aulacocarpa,wfo-0000202547,wfo-0000202547,Fabaceae,Acacia,species,accepted,accepted,exact_accepted,exact_accepted_unique,1,1,1,WFO_offline_hierarchical,2026-06-24,1761
Acacia burrowii,acacia burrowii,acacia burrowii,Acacia burrowii,wfo-0000202789,wfo-0000202789,Fabaceae,Acacia,species,accepted,accepted,exact_accepted,exact_accepted_unique,1,1,1,WFO_offline_hierarchical,2026-06-24,1762
Acacia cheelii,acacia cheelii,acacia cheelii,Acacia cheelii,wfo-0001055536,wfo-0001055536,Fabaceae,Acacia,species,accepted,accepted,exact_accepted,exact_accepted_unique,1,1,1,WFO_offline_hierarchical,2026-06-24,1763
Acacia concurrens,acacia concurrens,acacia concurrens,Acacia concurrens,wfo-0000185341,wfo-0000185341,Fabaceae,Acacia,species,accepted,accepted,exact_accepted,exact_accepted_unique,1,1,1,WFO_offline_hierarchical,2026-06-24,1764
Acacia doratoxylon,acacia doratoxylon,acacia doratoxylon,Acacia doratoxylon,wfo-0000192748,wfo-0000192748,Fabaceae,Acacia,species,accepted,accepted,exact_accepted,exact_accepted_unique,1,1,1,WFO_offline_hierarchical,2026-06-24,1765
Acacia floribunda,acacia floribunda,acacia floribunda,Acacia floribunda,wfo-0000192754,wfo-0000192754,Fabaceae,Acacia,species,accepted,accepted,exact_accepted,exact_accepted_unique,1,1,1,WFO_offline_hierarchical,2026-06-24,1766
Acacia implexa,acacia implexa,acacia implexa,Acacia implexa,wfo-0000192743,wfo-0000192743,Fabaceae,Acacia,species,accepted,accepted,exact_accepted,exact_accepted_unique,1,1,1,WFO_offline_hierarchical,2026-06-24,1767
Acacia mabellae,acacia mabellae,acacia mabellae,Acacia mabellae,wfo-0000185316,wfo-0000185316,Fabaceae,Acacia,species,accepted,accepted,exact_accepted,exact_accepted_unique,1,1,1,WFO_offline_hierarchical,2026-06-24,1768
Acacia obtusifolia,acacia obtusifolia,acacia obtusifolia,Acacia obtusifolia,wfo-0000185319,wfo-0000185319,Fabaceae,Acacia,species,accepted,accepted,exact_accepted,exact_accepted_unique,1,1,1,WFO_offline_hierarchical,2026-06-24,1769
Acacia oswaldii,acacia oswaldii,acacia oswaldii,Acacia oswaldii,wfo-0000185318,wfo-0000185318,Fabaceae,Acacia,species,accepted,accepted,exact_accepted,exact_accepted_unique,1,1,1,WFO_offline_hierarchical,2026-06-24,1770
Acacia pubifolia,acacia pubifolia,acacia pubifolia,Acacia pubifolia,wfo-0000202808,wfo-0000202808,Fabaceae,Acacia,species,accepted,accepted,exact_accepted,exact_accepted_unique,1,1,1,WFO_offline_hierarchical,2026-06-24,1771
Acacia pycnostachya,acacia pycnostachya,acacia pycnostachya,Acacia pycnostachya,wfo-0000202826,wfo-0000202826,Fabaceae,Acacia,species,accepted,accepted,exact_accepted,exact_accepted_unique,1,1,1,WFO_offline_hierarchical,2026-06-24,1772
Acacia rigens,acacia rigens,acacia rigens,Acacia rigens,wfo-0000185324,wfo-0000185324,Fabaceae,Acacia,species,accepted,accepted,exact_accepted,exact_accepted_unique,1,1,1,WFO_offline_hierarchical,2026-06-24,1773
Acacia trinervata,acacia trinervata,acacia trinervata,Acacia trinervata,wfo-0000202195,wfo-0000202195,Fabaceae,Acacia,species,accepted,accepted,exact_accepted,exact_accepted_unique,1,1,1,WFO_offline_hierarchical,2026-06-24,1774
Acacia trineura,acacia trineura,acacia trineura,Acacia trineura,wfo-0000202192,wfo-0000202192,Fabaceae,Acacia,species,accepted,accepted,exact_accepted,exact_accepted_unique,1,1,1,WFO_offline_hierarchical,2026-06-24,1775
Acacia verniciflua,acacia verniciflua,acacia verniciflua,Acacia verniciflua,wfo-0000185333,wfo-0000185333,Fabaceae,Acacia,species,accepted,accepted,exact_accepted,exact_accepted_unique,1,1,1,WFO_offline_hierarchical,2026-06-24,1776
Mimosa glaucescens,mimosa glaucescens,mimosa glaucescens,NA,NA,NA,NA,NA,NA,NA,unresolved,exact_conflict,exact_synonym_conflict,2,2,2,NA,2026-06-24,1777
Tectaria subtriphylla,tectaria subtriphylla,tectaria subtriphylla,Tectaria subtriphylla,wfo-0001117092,wfo-0001117092,Tectariaceae,Tectaria,species,accepted,accepted,exact_accepted,exact_accepted_unique,1,1,1,WFO_offline_hierarchical,2026-06-24,1778
Parkia biglobosa,parkia biglobosa,parkia biglobosa,Parkia biglobosa,wfo-0000179230,wfo-0000179230,Fabaceae,Parkia,species,accepted,accepted,exact_accepted,exact_accepted_unique,1,1,1,WFO_offline_hierarchical,2026-06-24,1779
Parkia biglobosa ex,parkia biglobosa ex,parkia biglobosa,NA,NA,NA,NA,NA,NA,NA,unresolved,canonical_conflict,canonical_conflict,2,2,2,NA,2026-06-24,1780
Coffea,coffea,coffea,Coffea,wfo-4000008851,wfo-4000008851,Rubiaceae,Coffea,genus,accepted,accepted,exact_accepted,exact_accepted_unique,1,1,1,WFO_offline_hierarchical,2026-06-24,1781
Onobrychis cyri,onobrychis cyri,onobrychis cyri,Onobrychis cyri,wfo-0000213873,wfo-0000213873,Fabaceae,Onobrychis,species,accepted,accepted,exact_accepted,exact_accepted_unique,1,1,1,WFO_offline_hierarchical,2026-06-24,1782
Onobrychis viciifolia,onobrychis viciifolia,onobrychis viciifolia,Onobrychis viciifolia,wfo-0000205013,wfo-0000205013,Fabaceae,Onobrychis,species,accepted,accepted,exact_accepted,exact_accepted_unique,1,1,1,WFO_offline_hierarchical,2026-06-24,1783
Musa,musa,musa,Musa,wfo-4000025011,wfo-4000025011,Musaceae,Musa,genus,accepted,accepted,exact_accepted,exact_accepted_unique,1,1,1,WFO_offline_hierarchical,2026-06-24,1784
Ananas comosus,ananas comosus,ananas comosus,Ananas comosus,wfo-0000339432,wfo-0000339432,Bromeliaceae,Ananas,species,accepted,accepted,exact_accepted,exact_accepted_unique,1,1,1,WFO_offline_hierarchical,2026-06-24,1785
Annona reticulata,annona reticulata,annona reticulata,Annona reticulata,wfo-0000537905,wfo-0000537905,Annonaceae,Annona,species,accepted,accepted,exact_accepted,exact_accepted_unique,1,1,1,WFO_offline_hierarchical,2026-06-24,1786
Crataegus germanica,crataegus germanica,crataegus germanica,Crataegus germanica,wfo-0000990421,wfo-0000990421,Rosaceae,Crataegus,species,accepted,accepted,exact_accepted,exact_accepted_unique,1,1,1,WFO_offline_hierarchical,2026-06-24,1787
Cucurbita pepo,cucurbita pepo,cucurbita pepo,Cucurbita pepo,wfo-0000629123,wfo-0000629123,Cucurbitaceae,Cucurbita,species,accepted,accepted,exact_accepted,exact_accepted_unique,1,1,1,WFO_offline_hierarchical,2026-06-24,1788
Ficus carica,ficus carica,ficus carica,Ficus carica,wfo-0000687690,wfo-0000687690,Moraceae,Ficus,species,accepted,accepted,exact_accepted,exact_accepted_unique,1,1,1,WFO_offline_hierarchical,2026-06-24,1789
Mespilus germanica,mespilus germanica,mespilus germanica,Crataegus germanica,wfo-0000990421,wfo-0000990421,Rosaceae,Crataegus,species,synonym,synonym,exact_synonym,exact_synonym_unique,1,1,1,WFO_offline_hierarchical,2026-06-24,1790
Persea americana,persea americana,persea americana,Persea americana,wfo-0000465160,wfo-0000465160,Lauraceae,Persea,species,accepted,accepted,exact_accepted,exact_accepted_unique,1,1,1,WFO_offline_hierarchical,2026-06-24,1791
Pyrus communis,pyrus communis,pyrus communis,Pyrus communis,wfo-0001015799,wfo-0001015799,Rosaceae,Pyrus,species,accepted,accepted,exact_accepted,exact_accepted_unique,1,1,1,WFO_offline_hierarchical,2026-06-24,1792
Solanum melongena,solanum melongena,solanum melongena,Solanum melongena,wfo-0001029464,wfo-0001029464,Solanaceae,Solanum,species,accepted,accepted,exact_accepted,exact_accepted_unique,1,1,1,WFO_offline_hierarchical,2026-06-24,1793
Triticum aestivum,triticum aestivum,triticum aestivum,Triticum aestivum,wfo-0000905667,wfo-0000905667,Poaceae,Triticum,species,accepted,accepted,exact_accepted,exact_accepted_unique,1,1,1,WFO_offline_hierarchical,2026-06-24,1794
Castanea,castanea,castanea,Castanea,wfo-4000006925,wfo-4000006925,Fagaceae,Castanea,genus,accepted,accepted,exact_accepted,exact_accepted_unique,1,1,1,WFO_offline_hierarchical,2026-06-24,1795
Cydonia,cydonia,cydonia,Cydonia,wfo-4000010308,wfo-4000010308,Rosaceae,Cydonia,genus,accepted,accepted,exact_accepted,exact_accepted_unique,1,1,1,WFO_offline_hierarchical,2026-06-24,1796
Chrysophyllum cainito,chrysophyllum cainito,chrysophyllum cainito,Chrysophyllum cainito,wfo-0000854556,wfo-0000854556,Sapotaceae,Chrysophyllum,species,accepted,accepted,exact_accepted,exact_accepted_unique,1,1,1,WFO_offline_hierarchical,2026-06-24,1797
Vitellaria paradoxa,vitellaria paradoxa,vitellaria paradoxa,Vitellaria paradoxa,wfo-0000332885,wfo-0000332885,Sapotaceae,Vitellaria,species,accepted,accepted,exact_accepted,exact_accepted_unique,1,1,1,WFO_offline_hierarchical,2026-06-24,1798
Senegalia polyacantha,senegalia polyacantha,senegalia polyacantha,Senegalia polyacantha,wfo-0000744649,wfo-0000744649,Fabaceae,Senegalia,species,accepted,accepted,exact_accepted,exact_accepted_unique,1,1,1,WFO_offline_hierarchical,2026-06-24,1799
Acacia catechu,acacia catechu,acacia catechu,NA,NA,NA,NA,NA,NA,NA,unresolved,exact_conflict,exact_synonym_conflict,3,3,3,NA,2026-06-24,1800
Macadamia,macadamia,macadamia,Macadamia,wfo-4000022597,wfo-4000022597,Proteaceae,Macadamia,genus,accepted,accepted,exact_accepted,exact_accepted_unique,1,1,1,WFO_offline_hierarchical,2026-06-24,1801
Corylus,corylus,corylus,Corylus,wfo-4000009390,wfo-4000009390,Betulaceae,Corylus,genus,accepted,accepted,exact_accepted,exact_accepted_unique,1,1,1,WFO_offline_hierarchical,2026-06-24,1802
Pinus,pinus,pinus,Pinus,wfo-4000029794,wfo-4000029794,Pinaceae,Pinus,genus,accepted,accepted,exact_accepted,exact_accepted_unique,1,1,1,WFO_offline_hierarchical,2026-06-24,1803
Anacardium occidentale,anacardium occidentale,anacardium occidentale,Anacardium occidentale,wfo-0000533072,wfo-0000533072,Anacardiaceae,Anacardium,species,accepted,accepted,exact_accepted,exact_accepted_unique,1,1,1,WFO_offline_hierarchical,2026-06-24,1804
Arachis hypogaea,arachis hypogaea,arachis hypogaea,Arachis hypogaea,wfo-0000174378,wfo-0000174378,Fabaceae,Arachis,species,accepted,accepted,exact_accepted,exact_accepted_unique,1,1,1,WFO_offline_hierarchical,2026-06-24,1805
Bertholletia excelsa,bertholletia excelsa,bertholletia excelsa,Bertholletia excelsa,wfo-0000775013,wfo-0000775013,Lecythidaceae,Bertholletia,species,accepted,accepted,exact_accepted,exact_accepted_unique,1,1,1,WFO_offline_hierarchical,2026-06-24,1806
Carya illinoiensis,carya illinoiensis,carya illinoiensis,NA,NA,NA,NA,NA,NA,NA,unresolved,unresolved,no_match,0,0,0,NA,2026-06-24,1807
Juglans regia,juglans regia,juglans regia,Juglans regia,wfo-0000355051,wfo-0000355051,Juglandaceae,Juglans,species,accepted,accepted,exact_accepted,exact_accepted_unique,1,1,1,WFO_offline_hierarchical,2026-06-24,1808
Pistacia vera,pistacia vera,pistacia vera,Pistacia vera,wfo-0000393766,wfo-0000393766,Anacardiaceae,Pistacia,species,accepted,accepted,exact_accepted,exact_accepted_unique,1,1,1,WFO_offline_hierarchical,2026-06-24,1809
Prunus dulcis,prunus dulcis,prunus dulcis,NA,NA,NA,NA,NA,NA,NA,unresolved,exact_conflict,exact_synonym_conflict,2,2,2,NA,2026-06-24,1810
Carya illinoinensis,carya illinoinensis,carya illinoinensis,Carya illinoinensis,wfo-0000588763,wfo-0000588763,Juglandaceae,Carya,species,accepted,accepted,exact_accepted,exact_accepted_unique,1,1,1,WFO_offline_hierarchical,2026-06-24,1811
Sempervivum tectorum,sempervivum tectorum,sempervivum tectorum,Sempervivum tectorum,wfo-0000441750,wfo-0000441750,Crassulaceae,Sempervivum,species,accepted,accepted,exact_accepted,exact_accepted_unique,1,1,1,WFO_offline_hierarchical,2026-06-24,1812
Combretum quadrangulare,combretum quadrangulare,combretum quadrangulare,Combretum quadrangulare,wfo-0000616706,wfo-0000616706,Combretaceae,Combretum,species,accepted,accepted,exact_accepted,exact_accepted_unique,1,1,1,WFO_offline_hierarchical,2026-06-24,1813
Salacia chinensis,salacia chinensis,salacia chinensis,Salacia chinensis,wfo-0001065503,wfo-0001065503,Celastraceae,Salacia,species,accepted,accepted,exact_accepted,exact_accepted_unique,1,1,1,WFO_offline_hierarchical,2026-06-24,1814
Acacia decurrens,acacia decurrens,acacia decurrens,Acacia decurrens,wfo-0000192434,wfo-0000192434,Fabaceae,Acacia,species,accepted,accepted,exact_accepted,exact_accepted_unique,1,1,1,WFO_offline_hierarchical,2026-06-24,1815
Acacia elata,acacia elata,acacia elata,Acacia elata,wfo-0000193822,wfo-0000193822,Fabaceae,Acacia,species,accepted,accepted,exact_accepted,exact_accepted_unique,1,1,1,WFO_offline_hierarchical,2026-06-24,1816
Acacia fimbriata,acacia fimbriata,acacia fimbriata,Acacia fimbriata,wfo-0000195813,wfo-0000195813,Fabaceae,Acacia,species,accepted,accepted,exact_accepted,exact_accepted_unique,1,1,1,WFO_offline_hierarchical,2026-06-24,1817
Acacia holosericea,acacia holosericea,acacia holosericea,Acacia holosericea,wfo-0000186999,wfo-0000186999,Fabaceae,Acacia,species,accepted,accepted,exact_accepted,exact_accepted_unique,1,1,1,WFO_offline_hierarchical,2026-06-24,1818
Acacia horrida,acacia horrida,acacia horrida,NA,NA,NA,NA,NA,NA,NA,unresolved,exact_conflict,exact_synonym_conflict,2,2,2,NA,2026-06-24,1819
Acacia longifolia,acacia longifolia,acacia longifolia,Acacia longifolia,wfo-0000210768,wfo-0000210768,Fabaceae,Acacia,species,accepted,accepted,exact_accepted,exact_accepted_unique,1,1,1,WFO_offline_hierarchical,2026-06-24,1820
Acacia mellifera,acacia mellifera,acacia mellifera,Senegalia mellifera,wfo-0000745787,wfo-0000745787,Fabaceae,Senegalia,species,synonym,synonym,exact_synonym,exact_synonym_unique,1,1,1,WFO_offline_hierarchical,2026-06-24,1821
Acacia retinodes,acacia retinodes,acacia retinodes,Acacia retinodes,wfo-0000181109,wfo-0000181109,Fabaceae,Acacia,species,accepted,accepted,exact_accepted,exact_accepted_unique,1,1,1,WFO_offline_hierarchical,2026-06-24,1822
Acacia saligna,acacia saligna,acacia saligna,Acacia saligna,wfo-0001054072,wfo-0001054072,Fabaceae,Acacia,species,accepted,accepted,exact_accepted,exact_accepted_unique,1,1,1,WFO_offline_hierarchical,2026-06-24,1823
Acacia sieberiana,acacia sieberiana,acacia sieberiana,NA,NA,NA,NA,NA,NA,NA,unresolved,exact_conflict,exact_synonym_conflict,3,3,3,NA,2026-06-24,1824
Acacia tortilis,acacia tortilis,acacia tortilis,Vachellia tortilis,wfo-0001285358,wfo-0001285358,Fabaceae,Vachellia,species,synonym,synonym,exact_synonym,exact_synonym_unique,1,1,1,WFO_offline_hierarchical,2026-06-24,1825
Vachellia seyal,vachellia seyal,vachellia seyal,Vachellia seyal,wfo-0001284777,wfo-0001284777,Fabaceae,Vachellia,species,accepted,accepted,exact_accepted,exact_accepted_unique,1,1,1,WFO_offline_hierarchical,2026-06-24,1826
Vachellia tortilis,vachellia tortilis,vachellia tortilis,Vachellia tortilis,wfo-0001285358,wfo-0001285358,Fabaceae,Vachellia,species,accepted,accepted,exact_accepted,exact_accepted_unique,1,1,1,WFO_offline_hierarchical,2026-06-24,1827
Acacia polyacantha,acacia polyacantha,acacia polyacantha,Senegalia polyacantha,wfo-0000744649,wfo-0000744649,Fabaceae,Senegalia,species,synonym,synonym,exact_synonym,exact_synonym_unique,1,1,1,WFO_offline_hierarchical,2026-06-24,1828
Eschweilera coriacea,eschweilera coriacea,eschweilera coriacea,Eschweilera coriacea,wfo-0000775226,wfo-0000775226,Lecythidaceae,Eschweilera,species,accepted,accepted,exact_accepted,exact_accepted_unique,1,1,1,WFO_offline_hierarchical,2026-06-24,1829
Uncaria guianensis,uncaria guianensis,uncaria guianensis,Uncaria guianensis,wfo-0000329248,wfo-0000329248,Rubiaceae,Uncaria,species,accepted,accepted,exact_accepted,exact_accepted_unique,1,1,1,WFO_offline_hierarchical,2026-06-24,1830
Uncaria tomentosa,uncaria tomentosa,uncaria tomentosa,Uncaria tomentosa,wfo-0000329329,wfo-0000329329,Rubiaceae,Uncaria,species,accepted,accepted,exact_accepted,exact_accepted_unique,1,1,1,WFO_offline_hierarchical,2026-06-24,1831
Salacia reticulata,salacia reticulata,salacia reticulata,Salacia reticulata,wfo-0000435705,wfo-0000435705,Celastraceae,Salacia,species,accepted,accepted,exact_accepted,exact_accepted_unique,1,1,1,WFO_offline_hierarchical,2026-06-24,1832
Rhodiola rosea,rhodiola rosea,rhodiola rosea,Rhodiola rosea,wfo-0000399342,wfo-0000399342,Crassulaceae,Rhodiola,species,accepted,accepted,exact_accepted,exact_accepted_unique,1,1,1,WFO_offline_hierarchical,2026-06-24,1833
Syzygium aqueum,syzygium aqueum,syzygium aqueum,Syzygium aqueum,wfo-0000318257,wfo-0000318257,Myrtaceae,Syzygium,species,accepted,accepted,exact_accepted,exact_accepted_unique,1,1,1,WFO_offline_hierarchical,2026-06-24,1834
Platycarya strobilacea,platycarya strobilacea,platycarya strobilacea,Platycarya strobilacea,wfo-0001067482,wfo-0001067482,Juglandaceae,Platycarya,species,accepted,accepted,exact_accepted,exact_accepted_unique,1,1,1,WFO_offline_hierarchical,2026-06-24,1835
Elaeagnus glabra,elaeagnus glabra,elaeagnus glabra,Elaeagnus glabra,wfo-0000663763,wfo-0000663763,Elaeagnaceae,Elaeagnus,species,accepted,accepted,exact_accepted,exact_accepted_unique,1,1,1,WFO_offline_hierarchical,2026-06-24,1836
Macaranga triloba,macaranga triloba,macaranga triloba,Macaranga triloba,wfo-0000232292,wfo-0000232292,Euphorbiaceae,Macaranga,species,accepted,accepted,exact_accepted,exact_accepted_unique,1,1,1,WFO_offline_hierarchical,2026-06-24,1837
Dalea,dalea,dalea,Dalea,wfo-4000010680,wfo-4000010680,Fabaceae,Dalea,genus,accepted,accepted,exact_accepted,exact_accepted_unique,1,1,1,WFO_offline_hierarchical,2026-06-24,1838
Sarothamnus patens,sarothamnus patens,sarothamnus patens,Cytisus striatus subsp. striatus,wfo-0001445562,wfo-0001445562,Fabaceae,Cytisus,subspecies,synonym,synonym,exact_synonym,exact_synonym_unique,2,1,1,WFO_offline_hierarchical,2026-06-24,1839
Cytisus scoparius,cytisus scoparius,cytisus scoparius,Cytisus scoparius,wfo-0000213711,wfo-0000213711,Fabaceae,Cytisus,species,accepted,accepted,exact_accepted,exact_accepted_unique,1,1,1,WFO_offline_hierarchical,2026-06-24,1840
Cytisus,cytisus,cytisus,Cytisus,wfo-4000010595,wfo-4000010595,Fabaceae,Cytisus,genus,accepted,accepted,exact_accepted,exact_accepted_unique,1,1,1,WFO_offline_hierarchical,2026-06-24,1841
Pholidota chinensis,pholidota chinensis,pholidota chinensis,Coelogyne chinensis,wfo-0000907176,wfo-0000907176,Orchidaceae,Coelogyne,species,synonym,synonym,exact_synonym,exact_synonym_unique,1,1,1,WFO_offline_hierarchical,2026-06-24,1842
Quercus acutissima,quercus acutissima,quercus acutissima,Quercus acutissima,wfo-0000289386,wfo-0000289386,Fagaceae,Quercus,species,accepted,accepted,exact_accepted,exact_accepted_unique,1,1,1,WFO_offline_hierarchical,2026-06-24,1843
Hibiscus mutabilis,hibiscus mutabilis,hibiscus mutabilis,Hibiscus mutabilis,wfo-0000722828,wfo-0000722828,Malvaceae,Hibiscus,species,accepted,accepted,exact_accepted,exact_accepted_unique,1,1,1,WFO_offline_hierarchical,2026-06-24,1844
Scutia buxifolia,scutia buxifolia,scutia buxifolia,Scutia buxifolia,wfo-0001130909,wfo-0001130909,Rhamnaceae,Scutia,species,accepted,accepted,exact_accepted,exact_accepted_unique,1,1,1,WFO_offline_hierarchical,2026-06-24,1845
Virola elongata,virola elongata,virola elongata,Virola elongata,wfo-0000418544,wfo-0000418544,Myristicaceae,Virola,species,accepted,accepted,exact_accepted,exact_accepted_unique,1,1,1,WFO_offline_hierarchical,2026-06-24,1846
Castela erecta,castela erecta,castela erecta,Castela erecta,wfo-0000589932,wfo-0000589932,Simaroubaceae,Castela,species,accepted,accepted,exact_accepted,exact_accepted_unique,1,1,1,WFO_offline_hierarchical,2026-06-24,1847
Castela texana,castela texana,castela texana,Castela tortuosa,wfo-0000589958,wfo-0000589958,Simaroubaceae,Castela,species,synonym,synonym,exact_synonym,exact_synonym_unique,1,1,1,WFO_offline_hierarchical,2026-06-24,1848
Castela,castela,castela,Castela,wfo-4000006935,wfo-4000006935,Simaroubaceae,Castela,genus,accepted,accepted,exact_accepted,exact_accepted_unique,1,1,1,WFO_offline_hierarchical,2026-06-24,1849
Castela tortuosa,castela tortuosa,castela tortuosa,Castela tortuosa,wfo-0000589958,wfo-0000589958,Simaroubaceae,Castela,species,accepted,accepted,exact_accepted,exact_accepted_unique,1,1,1,WFO_offline_hierarchical,2026-06-24,1850
Adenocarpus artemisiifolius,adenocarpus artemisiifolius,adenocarpus artemisiifolius,Adenocarpus artemisiifolius,wfo-0000213113,wfo-0000213113,Fabaceae,Adenocarpus,species,accepted,accepted,exact_accepted,exact_accepted_unique,1,1,1,WFO_offline_hierarchical,2026-06-24,1851
Adenocarpus decorticans,adenocarpus decorticans,adenocarpus decorticans,Adenocarpus decorticans,wfo-0000213118,wfo-0000213118,Fabaceae,Adenocarpus,species,accepted,accepted,exact_accepted,exact_accepted_unique,1,1,1,WFO_offline_hierarchical,2026-06-24,1852
Tephrosia tinctoria,tephrosia tinctoria,tephrosia tinctoria,Tephrosia tinctoria,wfo-0000185864,wfo-0000185864,Fabaceae,Tephrosia,species,accepted,accepted,exact_accepted,exact_accepted_unique,1,1,1,WFO_offline_hierarchical,2026-06-24,1853
Desmodium sandwicense,desmodium sandwicense,desmodium sandwicense,Desmodium uncinatum,wfo-0000177526,wfo-0000177526,Fabaceae,Desmodium,species,synonym,synonym,exact_synonym,exact_synonym_unique,1,1,1,WFO_offline_hierarchical,2026-06-24,1854
Desmodium uncinatum,desmodium uncinatum,desmodium uncinatum,Desmodium uncinatum,wfo-0000177526,wfo-0000177526,Fabaceae,Desmodium,species,accepted,accepted,exact_accepted,exact_accepted_unique,1,1,1,WFO_offline_hierarchical,2026-06-24,1855
Lycoris radiata,lycoris radiata,lycoris radiata,Lycoris radiata,wfo-0000683573,wfo-0000683573,Amaryllidaceae,Lycoris,species,accepted,accepted,exact_accepted,exact_accepted_unique,1,1,1,WFO_offline_hierarchical,2026-06-24,1856
Tephrosia madrensis,tephrosia madrensis,tephrosia madrensis,Tephrosia madrensis,wfo-0000164672,wfo-0000164672,Fabaceae,Tephrosia,species,accepted,accepted,exact_accepted,exact_accepted_unique,1,1,1,WFO_offline_hierarchical,2026-06-24,1857
Cyclotrichium niveum,cyclotrichium niveum,cyclotrichium niveum,Cyclotrichium niveum,wfo-0000934157,wfo-0000934157,Lamiaceae,Cyclotrichium,species,accepted,accepted,exact_accepted,exact_accepted_unique,1,1,1,WFO_offline_hierarchical,2026-06-24,1858
Epilobium parviflorum,epilobium parviflorum,epilobium parviflorum,Epilobium parviflorum,wfo-0000669577,wfo-0000669577,Onagraceae,Epilobium,species,accepted,accepted,exact_accepted,exact_accepted_unique,1,1,1,WFO_offline_hierarchical,2026-06-24,1859
Plinia pinnata,plinia pinnata,plinia pinnata,Plinia pinnata,wfo-0000278931,wfo-0000278931,Myrtaceae,Plinia,species,accepted,accepted,exact_accepted,exact_accepted_unique,1,1,1,WFO_offline_hierarchical,2026-06-24,1860
Piper coruscans,piper coruscans,piper coruscans,Piper coruscans,wfo-0000478587,wfo-0000478587,Piperaceae,Piper,species,accepted,accepted,exact_accepted,exact_accepted_unique,1,1,1,WFO_offline_hierarchical,2026-06-24,1861
Prunus davidiana,prunus davidiana,prunus davidiana,Prunus davidiana,wfo-0000986063,wfo-0000986063,Rosaceae,Prunus,species,accepted,accepted,exact_accepted,exact_accepted_unique,1,1,1,WFO_offline_hierarchical,2026-06-24,1862
Vaccinium macrocarpon,vaccinium macrocarpon,vaccinium macrocarpon,Vaccinium macrocarpon,wfo-0000422267,wfo-0000422267,Ericaceae,Vaccinium,species,accepted,accepted,exact_accepted,exact_accepted_unique,1,1,1,WFO_offline_hierarchical,2026-06-24,1863
Erythroxylum rufum,erythroxylum rufum,erythroxylum rufum,Erythroxylum rufum,wfo-0000680092,wfo-0000680092,Erythroxylaceae,Erythroxylum,species,accepted,accepted,exact_accepted,exact_accepted_unique,1,1,1,WFO_offline_hierarchical,2026-06-24,1864
Anisomeles indica,anisomeles indica,anisomeles indica,Anisomeles indica,wfo-0000982244,wfo-0000982244,Lamiaceae,Anisomeles,species,accepted,accepted,exact_accepted,exact_accepted_unique,1,1,1,WFO_offline_hierarchical,2026-06-24,1865
Salix caprea,salix caprea,salix caprea,Salix caprea,wfo-0000929313,wfo-0000929313,Salicaceae,Salix,species,accepted,accepted,exact_accepted,exact_accepted_unique,1,1,1,WFO_offline_hierarchical,2026-06-24,1866
Cuscuta reflexa,cuscuta reflexa,cuscuta reflexa,Cuscuta reflexa,wfo-0001296658,wfo-0001296658,Convolvulaceae,Cuscuta,species,accepted,accepted,exact_accepted,exact_accepted_unique,1,1,1,WFO_offline_hierarchical,2026-06-24,1867
Momordica foetida,momordica foetida,momordica foetida,Momordica foetida,wfo-0000377030,wfo-0000377030,Cucurbitaceae,Momordica,species,accepted,accepted,exact_accepted,exact_accepted_unique,1,1,1,WFO_offline_hierarchical,2026-06-24,1868
Hydrangea macrophylla,hydrangea macrophylla,hydrangea macrophylla,Hydrangea macrophylla,wfo-0000726228,wfo-0000726228,Hydrangeaceae,Hydrangea,species,accepted,accepted,exact_accepted,exact_accepted_unique,1,1,1,WFO_offline_hierarchical,2026-06-24,1869
Rhynchosia volubilis,rhynchosia volubilis,rhynchosia volubilis,Rhynchosia volubilis,wfo-0000192389,wfo-0000192389,Fabaceae,Rhynchosia,species,accepted,accepted,exact_accepted,exact_accepted_unique,1,1,1,WFO_offline_hierarchical,2026-06-24,1870
Cratoxylum cochinchinense,cratoxylum cochinchinense,cratoxylum cochinchinense,Cratoxylum cochinchinense,wfo-0000625754,wfo-0000625754,Hypericaceae,Cratoxylum,species,accepted,accepted,exact_accepted,exact_accepted_unique,1,1,1,WFO_offline_hierarchical,2026-06-24,1871
Anemopaegma arvense ex,anemopaegma arvense ex,anemopaegma arvense,Anemopaegma arvense,wfo-0000780963,wfo-0000780963,Bignoniaceae,Anemopaegma,species,accepted,accepted,canonical,canonical_unique,1,1,1,WFO_offline_hierarchical,2026-06-24,1872
Erycibe expansa,erycibe expansa,erycibe expansa,Erycibe expansa,wfo-0001298936,wfo-0001298936,Convolvulaceae,Erycibe,species,accepted,accepted,exact_accepted,exact_accepted_unique,1,1,1,WFO_offline_hierarchical,2026-06-24,1873
Xerochrysum bracteatum,xerochrysum bracteatum,xerochrysum bracteatum,Xerochrysum bracteatum,wfo-0000023054,wfo-0000023054,Asteraceae,Xerochrysum,species,accepted,accepted,exact_accepted,exact_accepted_unique,1,1,1,WFO_offline_hierarchical,2026-06-24,1874
Crotalaria madurensis,crotalaria madurensis,crotalaria madurensis,Crotalaria madurensis,wfo-0000185076,wfo-0000185076,Fabaceae,Crotalaria,species,accepted,accepted,exact_accepted,exact_accepted_unique,1,1,1,WFO_offline_hierarchical,2026-06-24,1875
Bauhinia variegata,bauhinia variegata,bauhinia variegata,Bauhinia variegata,wfo-0000213330,wfo-0000213330,Fabaceae,Bauhinia,species,accepted,accepted,exact_accepted,exact_accepted_unique,1,1,1,WFO_offline_hierarchical,2026-06-24,1876
Selaginella delicatula,selaginella delicatula,selaginella delicatula,Selaginella delicatula,wfo-0001107423,wfo-0001107423,Selaginellaceae,Selaginella,species,accepted,accepted,exact_accepted,exact_accepted_unique,1,1,1,WFO_offline_hierarchical,2026-06-24,1877
Fridericia platyphylla,fridericia platyphylla,fridericia platyphylla,Fridericia platyphylla,wfo-0000778656,wfo-0000778656,Bignoniaceae,Fridericia,species,accepted,accepted,exact_accepted,exact_accepted_unique,1,1,1,WFO_offline_hierarchical,2026-06-24,1878
Genista tricuspidata,genista tricuspidata,genista tricuspidata,Genista tricuspidata,wfo-0000213376,wfo-0000213376,Fabaceae,Genista,species,accepted,accepted,exact_accepted,exact_accepted_unique,1,1,1,WFO_offline_hierarchical,2026-06-24,1879
Oxytropis racemosa,oxytropis racemosa,oxytropis racemosa,Oxytropis racemosa,wfo-0000199072,wfo-0000199072,Fabaceae,Oxytropis,species,accepted,accepted,exact_accepted,exact_accepted_unique,1,1,1,WFO_offline_hierarchical,2026-06-24,1880
Cosmos sulphureus,cosmos sulphureus,cosmos sulphureus,Cosmos sulphureus,wfo-0000030713,wfo-0000030713,Asteraceae,Cosmos,species,accepted,accepted,exact_accepted,exact_accepted_unique,1,1,1,WFO_offline_hierarchical,2026-06-24,1881
Heliomeris multiflora,heliomeris multiflora,heliomeris multiflora,Heliomeris multiflora,wfo-0000010726,wfo-0000010726,Asteraceae,Heliomeris,species,accepted,accepted,exact_accepted,exact_accepted_unique,1,1,1,WFO_offline_hierarchical,2026-06-24,1882
Lasthenia californica,lasthenia californica,lasthenia californica,Lasthenia californica,wfo-0000092923,wfo-0000092923,Asteraceae,Lasthenia,species,accepted,accepted,exact_accepted,exact_accepted_unique,1,1,1,WFO_offline_hierarchical,2026-06-24,1883
Lasthenia,lasthenia,lasthenia,Lasthenia,wfo-4000020701,wfo-4000020701,Asteraceae,Lasthenia,genus,accepted,accepted,exact_accepted,exact_accepted_unique,1,1,1,WFO_offline_hierarchical,2026-06-24,1884
Fagopyrum esculentum,fagopyrum esculentum,fagopyrum esculentum,Fagopyrum esculentum,wfo-0000685460,wfo-0000685460,Polygonaceae,Fagopyrum,species,accepted,accepted,exact_accepted,exact_accepted_unique,1,1,1,WFO_offline_hierarchical,2026-06-24,1885
Aglaia laxiflora,aglaia laxiflora,aglaia laxiflora,Aglaia laxiflora,wfo-0000524166,wfo-0000524166,Meliaceae,Aglaia,species,accepted,accepted,exact_accepted,exact_accepted_unique,1,1,1,WFO_offline_hierarchical,2026-06-24,1886
Uvaria welwitschii,uvaria welwitschii,uvaria welwitschii,Uvaria welwitschii,wfo-0000416184,wfo-0000416184,Annonaceae,Uvaria,species,accepted,accepted,exact_accepted,exact_accepted_unique,1,1,1,WFO_offline_hierarchical,2026-06-24,1887
Euphorbia condylocarpa,euphorbia condylocarpa,euphorbia condylocarpa,Euphorbia condylocarpa,wfo-0000961452,wfo-0000961452,Euphorbiaceae,Euphorbia,species,accepted,accepted,exact_accepted,exact_accepted_unique,1,1,1,WFO_offline_hierarchical,2026-06-24,1888
Dorycnium rectum,dorycnium rectum,dorycnium rectum,Lotus rectus,wfo-0000212142,wfo-0000212142,Fabaceae,Lotus,species,synonym,synonym,exact_synonym,exact_synonym_unique,1,1,1,WFO_offline_hierarchical,2026-06-24,1889
Hypericum monogynum,hypericum monogynum,hypericum monogynum,Hypericum monogynum,wfo-0000727973,wfo-0000727973,Hypericaceae,Hypericum,species,accepted,accepted,exact_accepted,exact_accepted_unique,1,1,1,WFO_offline_hierarchical,2026-06-24,1890
Pericopsis mooniana,pericopsis mooniana,pericopsis mooniana,Pericopsis mooniana,wfo-0000185594,wfo-0000185594,Fabaceae,Pericopsis,species,accepted,accepted,exact_accepted,exact_accepted_unique,1,1,1,WFO_offline_hierarchical,2026-06-24,1891
Urceola laevigata,urceola laevigata,urceola laevigata,Urceola laevigata,wfo-0001425303,wfo-0001425303,Apocynaceae,Urceola,species,accepted,accepted,exact_accepted,exact_accepted_unique,1,1,1,WFO_offline_hierarchical,2026-06-24,1892
Bambusa emeiensis,bambusa emeiensis,bambusa emeiensis,Bambusa emeiensis,wfo-0000853147,wfo-0000853147,Poaceae,Bambusa,species,accepted,accepted,exact_accepted,exact_accepted_unique,1,1,1,WFO_offline_hierarchical,2026-06-24,1893
Selaginella tamariscina,selaginella tamariscina,selaginella tamariscina,Selaginella tamariscina,wfo-0000748162,wfo-0000748162,Selaginellaceae,Selaginella,species,accepted,accepted,exact_accepted,exact_accepted_unique,1,1,1,WFO_offline_hierarchical,2026-06-24,1894
Gynura aurantiaca,gynura aurantiaca,gynura aurantiaca,Gynura aurantiaca,wfo-0000033307,wfo-0000033307,Asteraceae,Gynura,species,accepted,accepted,exact_accepted,exact_accepted_unique,1,1,1,WFO_offline_hierarchical,2026-06-24,1895
Erythrina herbacea,erythrina herbacea,erythrina herbacea,Erythrina herbacea,wfo-0000165896,wfo-0000165896,Fabaceae,Erythrina,species,accepted,accepted,exact_accepted,exact_accepted_unique,1,1,1,WFO_offline_hierarchical,2026-06-24,1896
Tinospora malabarica,tinospora malabarica,tinospora malabarica,Tinospora sinensis,wfo-0001083980,wfo-0001083980,Menispermaceae,Tinospora,species,synonym,synonym,exact_synonym,exact_synonym_unique,1,1,1,WFO_offline_hierarchical,2026-06-24,1897
Maackia floribunda,maackia floribunda,maackia floribunda,Maackia floribunda,wfo-0000192419,wfo-0000192419,Fabaceae,Maackia,species,accepted,accepted,exact_accepted,exact_accepted_unique,1,1,1,WFO_offline_hierarchical,2026-06-24,1898
Hypericum aucheri,hypericum aucheri,hypericum aucheri,Hypericum aucheri,wfo-0000727382,wfo-0000727382,Hypericaceae,Hypericum,species,accepted,accepted,exact_accepted,exact_accepted_unique,1,1,1,WFO_offline_hierarchical,2026-06-24,1899
Psoralea,psoralea,psoralea,Psoralea,wfo-4000031821,wfo-4000031821,Fabaceae,Psoralea,genus,accepted,accepted,exact_accepted,exact_accepted_unique,1,1,1,WFO_offline_hierarchical,2026-06-24,1900
Sophora yunnanensis,sophora yunnanensis,sophora yunnanensis,Sophora yunnanensis,wfo-0000197230,wfo-0000197230,Fabaceae,Sophora,species,accepted,accepted,exact_accepted,exact_accepted_unique,1,1,1,WFO_offline_hierarchical,2026-06-24,1901
Pentagramma,pentagramma,pentagramma,Pentagramma,wfo-4000028587,wfo-4000028587,Pteridaceae,Pentagramma,genus,accepted,accepted,exact_accepted,exact_accepted_unique,1,1,1,WFO_offline_hierarchical,2026-06-24,1902
Comptonia peregrina,comptonia peregrina,comptonia peregrina,Comptonia peregrina,wfo-0000617626,wfo-0000617626,Myricaceae,Comptonia,species,accepted,accepted,exact_accepted,exact_accepted_unique,1,1,1,WFO_offline_hierarchical,2026-06-24,1903
Cornus mas,cornus mas,cornus mas,Cornus mas,wfo-0000924760,wfo-0000924760,Cornaceae,Cornus,species,accepted,accepted,exact_accepted,exact_accepted_unique,1,1,1,WFO_offline_hierarchical,2026-06-24,1904
Crocus chrysanthus,crocus chrysanthus,crocus chrysanthus,Crocus chrysanthus,wfo-0000788600,wfo-0000788600,Iridaceae,Crocus,species,accepted,accepted,exact_accepted,exact_accepted_unique,1,1,1,WFO_offline_hierarchical,2026-06-24,1905
Entandrophragma cylindricum,entandrophragma cylindricum,entandrophragma cylindricum,Entandrophragma cylindricum,wfo-0000668215,wfo-0000668215,Meliaceae,Entandrophragma,species,accepted,accepted,exact_accepted,exact_accepted_unique,1,1,1,WFO_offline_hierarchical,2026-06-24,1906
Wyethia,wyethia,wyethia,Wyethia,wfo-4000040855,wfo-4000040855,Asteraceae,Wyethia,genus,accepted,accepted,exact_accepted,exact_accepted_unique,1,1,1,WFO_offline_hierarchical,2026-06-24,1907
Brainea insignis,brainea insignis,brainea insignis,Brainea insignis,wfo-0001122823,wfo-0001122823,Blechnaceae,Brainea,species,accepted,accepted,exact_accepted,exact_accepted_unique,1,1,1,WFO_offline_hierarchical,2026-06-24,1908
Marshallia mohrii,marshallia mohrii,marshallia mohrii,Marshallia mohrii,wfo-0000058797,wfo-0000058797,Asteraceae,Marshallia,species,accepted,accepted,exact_accepted,exact_accepted_unique,1,1,1,WFO_offline_hierarchical,2026-06-24,1909
Scabrethia scabra,scabrethia scabra,scabrethia scabra,NA,NA,NA,NA,NA,NA,NA,unresolved,unresolved,no_match,0,0,0,NA,2026-06-24,1910
Empetrum nigrum,empetrum nigrum,empetrum nigrum,Empetrum nigrum,wfo-0000667231,wfo-0000667231,Ericaceae,Empetrum,species,accepted,accepted,exact_accepted,exact_accepted_unique,1,1,1,WFO_offline_hierarchical,2026-06-24,1911
Taraxacum platycarpum,taraxacum platycarpum,taraxacum platycarpum,Taraxacum platycarpum,wfo-0000083298,wfo-0000083298,Asteraceae,Taraxacum,species,accepted,accepted,exact_accepted,exact_accepted_unique,1,1,1,WFO_offline_hierarchical,2026-06-24,1912
Ageratina ligustrina,ageratina ligustrina,ageratina ligustrina,Ageratina ligustrina,wfo-0000067311,wfo-0000067311,Asteraceae,Ageratina,species,accepted,accepted,exact_accepted,exact_accepted_unique,1,1,1,WFO_offline_hierarchical,2026-06-24,1913
Eupatorium ligustrinum,eupatorium ligustrinum,eupatorium ligustrinum,Ageratina ligustrina,wfo-0000067311,wfo-0000067311,Asteraceae,Ageratina,species,synonym,synonym,exact_synonym,exact_synonym_unique,1,1,1,WFO_offline_hierarchical,2026-06-24,1914
Sansevieria cylindrica,sansevieria cylindrica,sansevieria cylindrica,Dracaena angolensis,wfo-0001424811,wfo-0001424811,Asparagaceae,Dracaena,species,synonym,synonym,exact_synonym,exact_synonym_unique,1,1,1,WFO_offline_hierarchical,2026-06-24,1915
Phyllanthus tenellus,phyllanthus tenellus,phyllanthus tenellus,Phyllanthus tenellus,wfo-0000272206,wfo-0000272206,Phyllanthaceae,Phyllanthus,species,accepted,accepted,exact_accepted,exact_accepted_unique,1,1,1,WFO_offline_hierarchical,2026-06-24,1916
Crotalaria ramosissima,crotalaria ramosissima,crotalaria ramosissima,Crotalaria ramosissima,wfo-0000174080,wfo-0000174080,Fabaceae,Crotalaria,species,accepted,accepted,exact_accepted,exact_accepted_unique,1,1,1,WFO_offline_hierarchical,2026-06-24,1917
Polygala myrtifolia,polygala myrtifolia,polygala myrtifolia,Polygala myrtifolia,wfo-0000488587,wfo-0000488587,Polygalaceae,Polygala,species,accepted,accepted,exact_accepted,exact_accepted_unique,1,1,1,WFO_offline_hierarchical,2026-06-24,1918
Lonchocarpus fluvialis,lonchocarpus fluvialis,lonchocarpus fluvialis,Muellera fluvialis,wfo-0001052481,wfo-0001052481,Fabaceae,Muellera,species,synonym,synonym,exact_synonym,exact_synonym_unique,1,1,1,WFO_offline_hierarchical,2026-06-24,1919
Lysidice brevicalyx,lysidice brevicalyx,lysidice brevicalyx,Lysidice brevicalyx,wfo-0001061579,wfo-0001061579,Fabaceae,Lysidice,species,accepted,accepted,exact_accepted,exact_accepted_unique,1,1,1,WFO_offline_hierarchical,2026-06-24,1920
Tephrosia,tephrosia,tephrosia,Tephrosia,wfo-4000037774,wfo-4000037774,Fabaceae,Tephrosia,genus,accepted,accepted,exact_accepted,exact_accepted_unique,1,1,1,WFO_offline_hierarchical,2026-06-24,1921
Ephedra frustillata,ephedra frustillata,ephedra frustillata,Ephedra frustillata,wfo-0000794369,wfo-0000794369,Ephedraceae,Ephedra,species,accepted,accepted,exact_accepted,exact_accepted_unique,1,1,1,WFO_offline_hierarchical,2026-06-24,1922
Lespedeza thunbergii,lespedeza thunbergii,lespedeza thunbergii,Lespedeza thunbergii,wfo-0000185059,wfo-0000185059,Fabaceae,Lespedeza,species,accepted,accepted,exact_accepted,exact_accepted_unique,1,1,1,WFO_offline_hierarchical,2026-06-24,1923
Lespedeza formosa,lespedeza formosa,lespedeza formosa,Lespedeza thunbergii subsp. formosa,wfo-0001359458,wfo-0001359458,Fabaceae,Lespedeza,subspecies,synonym,synonym,exact_synonym,exact_synonym_unique,1,1,1,WFO_offline_hierarchical,2026-06-24,1924
Crotalaria orixensis,crotalaria orixensis,crotalaria orixensis,Crotalaria orixensis,wfo-0000210581,wfo-0000210581,Fabaceae,Crotalaria,species,accepted,accepted,exact_accepted,exact_accepted_unique,1,1,1,WFO_offline_hierarchical,2026-06-24,1925
Helichrysum melanacme,helichrysum melanacme,helichrysum melanacme,Helichrysum melanacme,wfo-0000035694,wfo-0000035694,Asteraceae,Helichrysum,species,accepted,accepted,exact_accepted,exact_accepted_unique,1,1,1,WFO_offline_hierarchical,2026-06-24,1926
Acacia latifolia,acacia latifolia,acacia latifolia,Acacia latifolia,wfo-0000185313,wfo-0000185313,Fabaceae,Acacia,species,accepted,accepted,exact_accepted,exact_accepted_unique,1,1,1,WFO_offline_hierarchical,2026-06-24,1927
Lophira alata,lophira alata,lophira alata,Lophira alata,wfo-0000443232,wfo-0000443232,Ochnaceae,Lophira,species,accepted,accepted,exact_accepted,exact_accepted_unique,1,1,1,WFO_offline_hierarchical,2026-06-24,1928
Shuteria involucrata,shuteria involucrata,shuteria involucrata,Shuteria involucrata,wfo-0000186208,wfo-0000186208,Fabaceae,Shuteria,species,accepted,accepted,exact_accepted,exact_accepted_unique,1,1,1,WFO_offline_hierarchical,2026-06-24,1929
Stachyurus himalaicus,stachyurus himalaicus,stachyurus himalaicus,Stachyurus himalaicus,wfo-0000747135,wfo-0000747135,Stachyuraceae,Stachyurus,species,accepted,accepted,exact_accepted,exact_accepted_unique,1,1,1,WFO_offline_hierarchical,2026-06-24,1930
Petrosedum pruinatum,petrosedum pruinatum,petrosedum pruinatum,Petrosedum pruinatum,wfo-0000396514,wfo-0000396514,Crassulaceae,Petrosedum,species,accepted,accepted,exact_accepted,exact_accepted_unique,1,1,1,WFO_offline_hierarchical,2026-06-24,1931
Sedum rupestre,sedum rupestre,sedum rupestre,NA,NA,NA,NA,NA,NA,NA,unresolved,exact_conflict,exact_synonym_conflict,2,2,2,NA,2026-06-24,1932
Sedum reflexum,sedum reflexum,sedum reflexum,Petrosedum rupestre,wfo-0000396537,wfo-0000396537,Crassulaceae,Petrosedum,species,synonym,synonym,exact_synonym,exact_synonym_unique,1,1,1,WFO_offline_hierarchical,2026-06-24,1933
Wedelia prostrata,wedelia prostrata,wedelia prostrata,Wedelia prostrata,wfo-0000128357,wfo-0000128357,Asteraceae,Wedelia,species,accepted,accepted,exact_accepted,exact_accepted_unique,1,1,1,WFO_offline_hierarchical,2026-06-24,1934
Hovenia dulcis,hovenia dulcis,hovenia dulcis,Hovenia dulcis,wfo-0000725083,wfo-0000725083,Rhamnaceae,Hovenia,species,accepted,accepted,exact_accepted,exact_accepted_unique,1,1,1,WFO_offline_hierarchical,2026-06-24,1935
Brassica carinata,brassica carinata,brassica carinata,Brassica carinata,wfo-0000570995,wfo-0000570995,Brassicaceae,Brassica,species,accepted,accepted,exact_accepted,exact_accepted_unique,1,1,1,WFO_offline_hierarchical,2026-06-24,1936
Shuteria pampaniniana,shuteria pampaniniana,shuteria pampaniniana,Shuteria vestita,wfo-0000183837,wfo-0000183837,Fabaceae,Shuteria,species,synonym,synonym,exact_synonym,exact_synonym_unique,1,1,1,WFO_offline_hierarchical,2026-06-24,1937
Pimenta dioica,pimenta dioica,pimenta dioica,Pimenta dioica,wfo-0000273391,wfo-0000273391,Myrtaceae,Pimenta,species,accepted,accepted,exact_accepted,exact_accepted_unique,1,1,1,WFO_offline_hierarchical,2026-06-24,1938
Ampelopsis cantoniensis,ampelopsis cantoniensis,ampelopsis cantoniensis,Ampelopsis cantoniensis,wfo-0000531641,wfo-0000531641,Vitaceae,Ampelopsis,species,accepted,accepted,exact_accepted,exact_accepted_unique,1,1,1,WFO_offline_hierarchical,2026-06-24,1939
Burkea africana,burkea africana,burkea africana,Burkea africana,wfo-0000214110,wfo-0000214110,Fabaceae,Burkea,species,accepted,accepted,exact_accepted,exact_accepted_unique,1,1,1,WFO_offline_hierarchical,2026-06-24,1940
Berberis duclouxiana,berberis duclouxiana,berberis duclouxiana,Berberis napaulensis var. napaulensis,wfo-1200094001,wfo-1200094001,Berberidaceae,Berberis,variety,synonym,synonym,exact_synonym,exact_synonym_unique,1,1,1,WFO_offline_hierarchical,2026-06-24,1941
Cyphostemma digitatum,cyphostemma digitatum,cyphostemma digitatum,Cyphostemma digitatum,wfo-0000634523,wfo-0000634523,Vitaceae,Cyphostemma,species,accepted,accepted,exact_accepted,exact_accepted_unique,1,1,1,WFO_offline_hierarchical,2026-06-24,1942
Ampelopsis,ampelopsis,ampelopsis,Ampelopsis,wfo-4000001672,wfo-4000001672,Vitaceae,Ampelopsis,genus,accepted,accepted,exact_accepted,exact_accepted_unique,1,1,1,WFO_offline_hierarchical,2026-06-24,1943
Phyllolobium chinense,phyllolobium chinense,phyllolobium chinense,Phyllolobium chinense,wfo-0000198325,wfo-0000198325,Fabaceae,Phyllolobium,species,accepted,accepted,exact_accepted,exact_accepted_unique,1,1,1,WFO_offline_hierarchical,2026-06-24,1944
Dorstenia poinsettifolia,dorstenia poinsettifolia,dorstenia poinsettifolia,NA,NA,NA,NA,NA,NA,NA,unresolved,unresolved,no_match,0,0,0,NA,2026-06-24,1945
Citrus australasica,citrus australasica,citrus australasica,Citrus australasica,wfo-0000607946,wfo-0000607946,Rutaceae,Citrus,species,accepted,accepted,exact_accepted,exact_accepted_unique,1,1,1,WFO_offline_hierarchical,2026-06-24,1946
Citrus excelsa,citrus excelsa,citrus excelsa,Citrus aurantiifolia,wfo-0001242548,wfo-0001242548,Rutaceae,Citrus,species,synonym,synonym,exact_synonym,exact_synonym_unique,1,1,1,WFO_offline_hierarchical,2026-06-24,1947
Citrus ujukitsu,citrus ujukitsu,citrus ujukitsu,Citrus × aurantium nothof. aurantium,wfo-1200112333,wfo-1200112333,Rutaceae,Citrus,form,synonym,synonym,exact_synonym,exact_synonym_unique,1,1,1,WFO_offline_hierarchical,2026-06-24,1948
Citrus jambhiri,citrus jambhiri,citrus jambhiri,NA,NA,NA,NA,NA,NA,NA,unresolved,unresolved,no_match,0,0,0,NA,2026-06-24,1949
Microcitrus australasica,microcitrus australasica,microcitrus australasica,Citrus australasica,wfo-0000607946,wfo-0000607946,Rutaceae,Citrus,species,synonym,synonym,exact_synonym,exact_synonym_unique,1,1,1,WFO_offline_hierarchical,2026-06-24,1950
Citrus macrophylla,citrus macrophylla,citrus macrophylla,Citrus aurantiifolia,wfo-0001242548,wfo-0001242548,Rutaceae,Citrus,species,synonym,synonym,exact_synonym,exact_synonym_unique,1,1,1,WFO_offline_hierarchical,2026-06-24,1951
Pterocarpus erinaceus,pterocarpus erinaceus,pterocarpus erinaceus,Pterocarpus erinaceus,wfo-0000172693,wfo-0000172693,Fabaceae,Pterocarpus,species,accepted,accepted,exact_accepted,exact_accepted_unique,1,1,1,WFO_offline_hierarchical,2026-06-24,1952
Pterocarpus indicus,pterocarpus indicus,pterocarpus indicus,Pterocarpus indicus,wfo-0000172738,wfo-0000172738,Fabaceae,Pterocarpus,species,accepted,accepted,exact_accepted,exact_accepted_unique,1,1,1,WFO_offline_hierarchical,2026-06-24,1953
Melaleuca squarrosa,melaleuca squarrosa,melaleuca squarrosa,Melaleuca squarrosa,wfo-0000239847,wfo-0000239847,Myrtaceae,Melaleuca,species,accepted,accepted,exact_accepted,exact_accepted_unique,1,1,1,WFO_offline_hierarchical,2026-06-24,1954
Oryza sativa,oryza sativa,oryza sativa,Oryza sativa,wfo-0000882438,wfo-0000882438,Poaceae,Oryza,species,accepted,accepted,exact_accepted,exact_accepted_unique,1,1,1,WFO_offline_hierarchical,2026-06-24,1955
Piper montealegreanum,piper montealegreanum,piper montealegreanum,Piper montealegreanum,wfo-0000486411,wfo-0000486411,Piperaceae,Piper,species,accepted,accepted,exact_accepted,exact_accepted_unique,1,1,1,WFO_offline_hierarchical,2026-06-24,1956
Scutellaria galericulata,scutellaria galericulata,scutellaria galericulata,Scutellaria galericulata,wfo-0000307828,wfo-0000307828,Lamiaceae,Scutellaria,species,accepted,accepted,exact_accepted,exact_accepted_unique,1,1,1,WFO_offline_hierarchical,2026-06-24,1957
Xanthorrhoea australis,xanthorrhoea australis,xanthorrhoea australis,Xanthorrhoea australis,wfo-0000753903,wfo-0000753903,Asphodelaceae,Xanthorrhoea,species,accepted,accepted,exact_accepted,exact_accepted_unique,1,1,1,WFO_offline_hierarchical,2026-06-24,1958
Garcinia nervosa,garcinia nervosa,garcinia nervosa,Garcinia nervosa,wfo-0000694510,wfo-0000694510,Clusiaceae,Garcinia,species,accepted,accepted,exact_accepted,exact_accepted_unique,1,1,1,WFO_offline_hierarchical,2026-06-24,1959
Myroxylon balsamum,myroxylon balsamum,myroxylon balsamum,Myroxylon balsamum,wfo-0000212074,wfo-0000212074,Fabaceae,Myroxylon,species,accepted,accepted,exact_accepted,exact_accepted_unique,1,1,1,WFO_offline_hierarchical,2026-06-24,1960
Mesua ferrea,mesua ferrea,mesua ferrea,Mesua ferrea,wfo-0001296121,wfo-0001296121,Calophyllaceae,Mesua,species,accepted,accepted,exact_accepted,exact_accepted_unique,1,1,1,WFO_offline_hierarchical,2026-06-24,1961
Spartium junceum,spartium junceum,spartium junceum,Spartium junceum,wfo-0000213405,wfo-0000213405,Fabaceae,Spartium,species,accepted,accepted,exact_accepted,exact_accepted_unique,1,1,1,WFO_offline_hierarchical,2026-06-24,1962
Trigastrotheca pentaphylla,trigastrotheca pentaphylla,trigastrotheca pentaphylla,NA,NA,NA,NA,NA,NA,NA,unresolved,unresolved,no_match,0,0,0,NA,2026-06-24,1963
Mollugo pentaphylla,mollugo pentaphylla,mollugo pentaphylla,Mollugo pentaphylla,wfo-0001294503,wfo-0001294503,Molluginaceae,Mollugo,species,accepted,accepted,exact_accepted,exact_accepted_unique,1,1,1,WFO_offline_hierarchical,2026-06-24,1964
Eucalyptus cypellocarpa,eucalyptus cypellocarpa,eucalyptus cypellocarpa,Eucalyptus cypellocarpa,wfo-0000954770,wfo-0000954770,Myrtaceae,Eucalyptus,species,accepted,accepted,exact_accepted,exact_accepted_unique,1,1,1,WFO_offline_hierarchical,2026-06-24,1965
Crotalaria sessiliflora,crotalaria sessiliflora,crotalaria sessiliflora,Crotalaria sessiliflora,wfo-0000185954,wfo-0000185954,Fabaceae,Crotalaria,species,accepted,accepted,exact_accepted,exact_accepted_unique,1,1,1,WFO_offline_hierarchical,2026-06-24,1966
Crataegus phaenopyrum,crataegus phaenopyrum,crataegus phaenopyrum,Crataegus phaenopyrum,wfo-0001010531,wfo-0001010531,Rosaceae,Crataegus,species,accepted,accepted,exact_accepted,exact_accepted_unique,1,1,1,WFO_offline_hierarchical,2026-06-24,1967
Anemarrhena asphodeloides,anemarrhena asphodeloides,anemarrhena asphodeloides,Anemarrhena asphodeloides,wfo-0000760083,wfo-0000760083,Asparagaceae,Anemarrhena,species,accepted,accepted,exact_accepted,exact_accepted_unique,1,1,1,WFO_offline_hierarchical,2026-06-24,1968
Sphaerophysa salsula,sphaerophysa salsula,sphaerophysa salsula,Sphaerophysa salsula,wfo-0000185557,wfo-0000185557,Fabaceae,Sphaerophysa,species,accepted,accepted,exact_accepted,exact_accepted_unique,1,1,1,WFO_offline_hierarchical,2026-06-24,1969
Phedimus stoloniferus,phedimus stoloniferus,phedimus stoloniferus,Phedimus stoloniferus,wfo-0000396540,wfo-0000396540,Crassulaceae,Phedimus,species,accepted,accepted,exact_accepted,exact_accepted_unique,1,1,1,WFO_offline_hierarchical,2026-06-24,1970
Sedum stoloniferum,sedum stoloniferum,sedum stoloniferum,Phedimus stolonifer,wfo-0001277002,wfo-0001277002,Crassulaceae,Phedimus,species,synonym,synonym,exact_synonym,exact_synonym_unique,1,1,1,WFO_offline_hierarchical,2026-06-24,1971
Rhodiola chrysanthemifolia,rhodiola chrysanthemifolia,rhodiola chrysanthemifolia,Rhodiola chrysanthemifolia,wfo-0001300650,wfo-0001300650,Crassulaceae,Rhodiola,species,accepted,accepted,exact_accepted,exact_accepted_unique,1,1,1,WFO_offline_hierarchical,2026-06-24,1972
Petunia inflata,petunia inflata,petunia inflata,Petunia inflata,wfo-0001024436,wfo-0001024436,Solanaceae,Petunia,species,accepted,accepted,exact_accepted,exact_accepted_unique,1,1,1,WFO_offline_hierarchical,2026-06-24,1973
Angophora costata,angophora costata,angophora costata,Angophora costata,wfo-0000973356,wfo-0000973356,Myrtaceae,Angophora,species,accepted,accepted,exact_accepted,exact_accepted_unique,1,1,1,WFO_offline_hierarchical,2026-06-24,1974
Eria angustifolia,eria angustifolia,eria angustifolia,NA,NA,NA,NA,NA,NA,NA,unresolved,exact_conflict,exact_synonym_conflict,2,2,2,NA,2026-06-24,1975
Kaempferia angustifolia,kaempferia angustifolia,kaempferia angustifolia,Kaempferia angustifolia,wfo-0000451523,wfo-0000451523,Zingiberaceae,Kaempferia,species,accepted,accepted,exact_accepted,exact_accepted_unique,1,1,1,WFO_offline_hierarchical,2026-06-24,1976
Trifolium aureum,trifolium aureum,trifolium aureum,Trifolium aureum,wfo-0000213947,wfo-0000213947,Fabaceae,Trifolium,species,accepted,accepted,exact_accepted,exact_accepted_unique,1,1,1,WFO_offline_hierarchical,2026-06-24,1977
Thermopsis alterniflora,thermopsis alterniflora,thermopsis alterniflora,Thermopsis alterniflora,wfo-0000186300,wfo-0000186300,Fabaceae,Thermopsis,species,accepted,accepted,exact_accepted,exact_accepted_unique,1,1,1,WFO_offline_hierarchical,2026-06-24,1978
Cicer songaricum,cicer songaricum,cicer songaricum,Cicer songaricum,wfo-0000186146,wfo-0000186146,Fabaceae,Cicer,species,accepted,accepted,exact_accepted,exact_accepted_unique,1,1,1,WFO_offline_hierarchical,2026-06-24,1979
Xanthium strumarium,xanthium strumarium,xanthium strumarium,Xanthium strumarium,wfo-0000008369,wfo-0000008369;wfo-0000082132,Asteraceae,Xanthium,species,accepted,accepted,exact_accepted,exact_accepted_consensus_multiple_ids,2,2,1,WFO_offline_hierarchical,2026-06-24,1980
Trifolium resupinatum,trifolium resupinatum,trifolium resupinatum,Trifolium resupinatum,wfo-0000213063,wfo-0000213063,Fabaceae,Trifolium,species,accepted,accepted,exact_accepted,exact_accepted_unique,1,1,1,WFO_offline_hierarchical,2026-06-24,1981
Podocytisus caramanicus,podocytisus caramanicus,podocytisus caramanicus,Podocytisus caramanicus,wfo-0000213929,wfo-0000213929,Fabaceae,Podocytisus,species,accepted,accepted,exact_accepted,exact_accepted_unique,1,1,1,WFO_offline_hierarchical,2026-06-24,1982
Hedysarum polybotrys,hedysarum polybotrys,hedysarum polybotrys,Hedysarum polybotrys,wfo-0000186005,wfo-0000186005,Fabaceae,Hedysarum,species,accepted,accepted,exact_accepted,exact_accepted_unique,1,1,1,WFO_offline_hierarchical,2026-06-24,1983
Litsea pedunculata,litsea pedunculata,litsea pedunculata,Litsea pedunculata,wfo-0001071896,wfo-0001071896,Lauraceae,Litsea,species,accepted,accepted,exact_accepted,exact_accepted_unique,1,1,1,WFO_offline_hierarchical,2026-06-24,1984
Litsea rubescens,litsea rubescens,litsea rubescens,Litsea rubescens,wfo-0001070705,wfo-0001070705,Lauraceae,Litsea,species,accepted,accepted,exact_accepted,exact_accepted_unique,1,1,1,WFO_offline_hierarchical,2026-06-24,1985
Combretum albopunctatum,combretum albopunctatum,combretum albopunctatum,Combretum albopunctatum,wfo-0000616058,wfo-0000616058,Combretaceae,Combretum,species,accepted,accepted,exact_accepted,exact_accepted_unique,1,1,1,WFO_offline_hierarchical,2026-06-24,1986
Xanthorrhoea arborea,xanthorrhoea arborea,xanthorrhoea arborea,Xanthorrhoea arborea,wfo-0000753904,wfo-0000753904,Asphodelaceae,Xanthorrhoea,species,accepted,accepted,exact_accepted,exact_accepted_unique,1,1,1,WFO_offline_hierarchical,2026-06-24,1987
Mikania micrantha,mikania micrantha,mikania micrantha,Mikania micrantha,wfo-0000062531,wfo-0000062531,Asteraceae,Mikania,species,accepted,accepted,exact_accepted,exact_accepted_unique,1,1,1,WFO_offline_hierarchical,2026-06-24,1988
Eucalyptus sieberi,eucalyptus sieberi,eucalyptus sieberi,Eucalyptus sieberi,wfo-0000955901,wfo-0000955901,Myrtaceae,Eucalyptus,species,accepted,accepted,exact_accepted,exact_accepted_unique,1,1,1,WFO_offline_hierarchical,2026-06-24,1989
Fridericia triplinervia,fridericia triplinervia,fridericia triplinervia,Fridericia triplinervia,wfo-0000782570,wfo-0000782570,Bignoniaceae,Fridericia,species,accepted,accepted,exact_accepted,exact_accepted_unique,1,1,1,WFO_offline_hierarchical,2026-06-24,1990
Alpinia mutica,alpinia mutica,alpinia mutica,Alpinia mutica,wfo-0000338632,wfo-0000338632,Zingiberaceae,Alpinia,species,accepted,accepted,exact_accepted,exact_accepted_unique,1,1,1,WFO_offline_hierarchical,2026-06-24,1991
Smilax bracteata,smilax bracteata,smilax bracteata,Smilax bracteata,wfo-0000740766,wfo-0000740766,Smilacaceae,Smilax,species,accepted,accepted,exact_accepted,exact_accepted_unique,1,1,1,WFO_offline_hierarchical,2026-06-24,1992
Viscum angulatum,viscum angulatum,viscum angulatum,Viscum angulatum,wfo-0000424971,wfo-0000424971,Santalaceae,Viscum,species,accepted,accepted,exact_accepted,exact_accepted_unique,1,1,1,WFO_offline_hierarchical,2026-06-24,1993
Uvaria grandiflora,uvaria grandiflora,uvaria grandiflora,Uvaria grandiflora,wfo-0000416394,wfo-0000416394,Annonaceae,Uvaria,species,accepted,accepted,exact_accepted,exact_accepted_unique,1,1,1,WFO_offline_hierarchical,2026-06-24,1994
Stachyurus praecox,stachyurus praecox,stachyurus praecox,Stachyurus praecox,wfo-0001256971,wfo-0001256971,Stachyuraceae,Stachyurus,species,accepted,accepted,exact_accepted,exact_accepted_unique,1,1,1,WFO_offline_hierarchical,2026-06-24,1995
Krameria ixina,krameria ixina,krameria ixina,NA,NA,NA,NA,NA,NA,NA,unresolved,unresolved,no_match,0,0,0,NA,2026-06-24,1996
Cordyloblaste pendula,cordyloblaste pendula,cordyloblaste pendula,Symplocos pendula,wfo-0001141680,wfo-0001141680,Symplocaceae,Symplocos,species,synonym,synonym,exact_synonym,exact_synonym_unique,1,1,1,WFO_offline_hierarchical,2026-06-24,1997
Ficus sagittata,ficus sagittata,ficus sagittata,Ficus sagittata,wfo-0000690167,wfo-0000690167,Moraceae,Ficus,species,accepted,accepted,exact_accepted,exact_accepted_unique,1,1,1,WFO_offline_hierarchical,2026-06-24,1998
Cephalocereus senilis,cephalocereus senilis,cephalocereus senilis,Cephalocereus senilis,wfo-0000594770,wfo-0000594770,Cactaceae,Cephalocereus,species,accepted,accepted,exact_accepted,exact_accepted_unique,1,1,1,WFO_offline_hierarchical,2026-06-24,1999
Cereus senilis,cereus senilis,cereus senilis,Cephalocereus senilis,wfo-0000594770,wfo-0000594770,Cactaceae,Cephalocereus,species,synonym,synonym,exact_synonym,exact_synonym_unique,1,1,1,WFO_offline_hierarchical,2026-06-24,2000
Swartzia leiocalycina,swartzia leiocalycina,swartzia leiocalycina,Swartzia leiocalycina,wfo-0000164129,wfo-0000164129,Fabaceae,Swartzia,species,accepted,accepted,exact_accepted,exact_accepted_unique,1,1,1,WFO_offline_hierarchical,2026-06-24,2001
Thymus cilicicus,thymus cilicicus,thymus cilicicus,Thymus cilicicus,wfo-0000323876,wfo-0000323876,Lamiaceae,Thymus,species,accepted,accepted,exact_accepted,exact_accepted_unique,1,1,1,WFO_offline_hierarchical,2026-06-24,2002
Morus wittiorum,morus wittiorum,morus wittiorum,Morus wittiorum,wfo-0001240094,wfo-0001240094,Moraceae,Morus,species,accepted,accepted,exact_accepted,exact_accepted_unique,1,1,1,WFO_offline_hierarchical,2026-06-24,2003
Limonium aureum,limonium aureum,limonium aureum,Limonium aureum,wfo-0001303480,wfo-0001303480,Plumbaginaceae,Limonium,species,accepted,accepted,exact_accepted,exact_accepted_unique,1,1,1,WFO_offline_hierarchical,2026-06-24,2004
Astragalus mongholicus,astragalus mongholicus,astragalus mongholicus,Astragalus mongholicus,wfo-0000185128,wfo-0000185128,Fabaceae,Astragalus,species,accepted,accepted,exact_accepted,exact_accepted_unique,1,1,1,WFO_offline_hierarchical,2026-06-24,2005
Acacia cyperophylla,acacia cyperophylla,acacia cyperophylla,Acacia cyperophylla,wfo-0000202875,wfo-0000202875,Fabaceae,Acacia,species,accepted,accepted,exact_accepted,exact_accepted_unique,1,1,1,WFO_offline_hierarchical,2026-06-24,2006
Cattleya coccinea,cattleya coccinea,cattleya coccinea,Cattleya coccinea,wfo-0000820898,wfo-0000820898,Orchidaceae,Cattleya,species,accepted,accepted,exact_accepted,exact_accepted_unique,1,1,1,WFO_offline_hierarchical,2026-06-24,2007
Astragalus orbiculatus,astragalus orbiculatus,astragalus orbiculatus,Astragalus orbiculatus,wfo-0000185971,wfo-0000185971,Fabaceae,Astragalus,species,accepted,accepted,exact_accepted,exact_accepted_unique,1,1,1,WFO_offline_hierarchical,2026-06-24,2008
Millettia thonningii,millettia thonningii,millettia thonningii,Millettia thonningii,wfo-0000200787,wfo-0000200787,Fabaceae,Millettia,species,accepted,accepted,exact_accepted,exact_accepted_unique,1,1,1,WFO_offline_hierarchical,2026-06-24,2009
Detarium microcarpum,detarium microcarpum,detarium microcarpum,Detarium microcarpum,wfo-0000166421,wfo-0000166421,Fabaceae,Detarium,species,accepted,accepted,exact_accepted,exact_accepted_unique,1,1,1,WFO_offline_hierarchical,2026-06-24,2010
Sclerocarya birrea,sclerocarya birrea,sclerocarya birrea,Sclerocarya birrea,wfo-0000434908,wfo-0000434908,Anacardiaceae,Sclerocarya,species,accepted,accepted,exact_accepted,exact_accepted_unique,1,1,1,WFO_offline_hierarchical,2026-06-24,2011
Thermopsis macrophylla,thermopsis macrophylla,thermopsis macrophylla,Thermopsis macrophylla,wfo-0000194925,wfo-0000194925,Fabaceae,Thermopsis,species,accepted,accepted,exact_accepted,exact_accepted_unique,1,1,1,WFO_offline_hierarchical,2026-06-24,2012
Thermopsis rhombifolia,thermopsis rhombifolia,thermopsis rhombifolia,Thermopsis rhombifolia,wfo-0000194931,wfo-0000194931,Fabaceae,Thermopsis,species,accepted,accepted,exact_accepted,exact_accepted_unique,1,1,1,WFO_offline_hierarchical,2026-06-24,2013
Syzygium jambos,syzygium jambos,syzygium jambos,Syzygium jambos,wfo-0000318809,wfo-0000318809,Myrtaceae,Syzygium,species,accepted,accepted,exact_accepted,exact_accepted_unique,1,1,1,WFO_offline_hierarchical,2026-06-24,2014
Viburnum cotinifolium,viburnum cotinifolium,viburnum cotinifolium,Viburnum cotinifolium,wfo-0001290604,wfo-0001290604,Viburnaceae,Viburnum,species,accepted,accepted,exact_accepted,exact_accepted_unique,1,1,1,WFO_offline_hierarchical,2026-06-24,2015
Commiphora wightii,commiphora wightii,commiphora wightii,Commiphora wightii,wfo-0000617524,wfo-0000617524,Burseraceae,Commiphora,species,accepted,accepted,exact_accepted,exact_accepted_unique,1,1,1,WFO_offline_hierarchical,2026-06-24,2016
Clinopodium laxiflorum,clinopodium laxiflorum,clinopodium laxiflorum,Clinopodium laxiflorum,wfo-0000892149,wfo-0000892149,Lamiaceae,Clinopodium,species,accepted,accepted,exact_accepted,exact_accepted_unique,1,1,1,WFO_offline_hierarchical,2026-06-24,2017
Juniperus chinensis,juniperus chinensis,juniperus chinensis,Juniperus chinensis,wfo-0000355589,wfo-0000355589,Cupressaceae,Juniperus,species,accepted,accepted,exact_accepted,exact_accepted_unique,1,1,1,WFO_offline_hierarchical,2026-06-24,2018
Goyazianthus tetrastichus,goyazianthus tetrastichus,goyazianthus tetrastichus,Goyazianthus tetrastichus,wfo-0000081714,wfo-0000081714,Asteraceae,Goyazianthus,species,accepted,accepted,exact_accepted,exact_accepted_unique,1,1,1,WFO_offline_hierarchical,2026-06-24,2019
Phlomis floccosa,phlomis floccosa,phlomis floccosa,Phlomis floccosa,wfo-0000269294,wfo-0000269294,Lamiaceae,Phlomis,species,accepted,accepted,exact_accepted,exact_accepted_unique,1,1,1,WFO_offline_hierarchical,2026-06-24,2020
Plazia daphnoides,plazia daphnoides,plazia daphnoides,Plazia daphnoides,wfo-0000044983,wfo-0000044983,Asteraceae,Plazia,species,accepted,accepted,exact_accepted,exact_accepted_unique,1,1,1,WFO_offline_hierarchical,2026-06-24,2021
Combretum imberbe,combretum imberbe,combretum imberbe,Combretum imberbe,wfo-0000616388,wfo-0000616388,Combretaceae,Combretum,species,accepted,accepted,exact_accepted,exact_accepted_unique,1,1,1,WFO_offline_hierarchical,2026-06-24,2022
Sinningia cardinalis,sinningia cardinalis,sinningia cardinalis,Sinningia cardinalis,wfo-0000497334,wfo-0000497334,Gesneriaceae,Sinningia,species,accepted,accepted,exact_accepted,exact_accepted_unique,1,1,1,WFO_offline_hierarchical,2026-06-24,2023
Chromolaena connivens,chromolaena connivens,chromolaena connivens,Chromolaena connivens,wfo-0000037204,wfo-0000037204,Asteraceae,Chromolaena,species,accepted,accepted,exact_accepted,exact_accepted_unique,1,1,1,WFO_offline_hierarchical,2026-06-24,2024
Antiphiona fragrans,antiphiona fragrans,antiphiona fragrans,Antiphiona fragrans,wfo-0000115439,wfo-0000115439,Asteraceae,Antiphiona,species,accepted,accepted,exact_accepted,exact_accepted_unique,1,1,1,WFO_offline_hierarchical,2026-06-24,2025
Antiphiona pinnatisecta,antiphiona pinnatisecta,antiphiona pinnatisecta,Antiphiona pinnatisecta,wfo-0000125572,wfo-0000125572,Asteraceae,Antiphiona,species,accepted,accepted,exact_accepted,exact_accepted_unique,1,1,1,WFO_offline_hierarchical,2026-06-24,2026
Seriphidium barrelieri,seriphidium barrelieri,seriphidium barrelieri,Artemisia barrelieri,wfo-0000065475,wfo-0000065475,Asteraceae,Artemisia,species,synonym,synonym,exact_synonym,exact_synonym_unique,1,1,1,WFO_offline_hierarchical,2026-06-24,2027
Allagopappus viscosissimus,allagopappus viscosissimus,allagopappus viscosissimus,Allagopappus viscosissimus,wfo-0000000947,wfo-0000000947,Asteraceae,Allagopappus,species,accepted,accepted,exact_accepted,exact_accepted_unique,1,1,1,WFO_offline_hierarchical,2026-06-24,2028
Centaurea cyanus,centaurea cyanus,centaurea cyanus,Centaurea cyanus,wfo-0000008997,wfo-0000008997,Asteraceae,Centaurea,species,accepted,accepted,exact_accepted,exact_accepted_unique,1,1,1,WFO_offline_hierarchical,2026-06-24,2029
Chrysocephalum ambiguum,chrysocephalum ambiguum,chrysocephalum ambiguum,Leiocarpa semicalva,wfo-0000043559,wfo-0000043559,Asteraceae,Leiocarpa,species,synonym,synonym,exact_synonym,exact_synonym_unique,1,1,1,WFO_offline_hierarchical,2026-06-24,2030
Leiocarpa semicalva,leiocarpa semicalva,leiocarpa semicalva,Leiocarpa semicalva,wfo-0000043559,wfo-0000043559,Asteraceae,Leiocarpa,species,accepted,accepted,exact_accepted,exact_accepted_unique,1,1,1,WFO_offline_hierarchical,2026-06-24,2031
Thymus herba-barona,thymus herba-barona,thymus herba-barona,Thymus herba-barona,wfo-0000324108,wfo-0000324108,Lamiaceae,Thymus,species,accepted,accepted,exact_accepted,exact_accepted_unique,1,1,1,WFO_offline_hierarchical,2026-06-24,2032
Inula salsoloides,inula salsoloides,inula salsoloides,Inula salsoloides,wfo-0000137181,wfo-0000137181,Asteraceae,Inula,species,accepted,accepted,exact_accepted,exact_accepted_unique,1,1,1,WFO_offline_hierarchical,2026-06-24,2033
Borkhausenia intermedia,borkhausenia intermedia,borkhausenia intermedia,Scandosorbus intermedia,wfo-1000007507,wfo-1000007507,Rosaceae,Scandosorbus,species,synonym,synonym,exact_synonym,exact_synonym_unique,1,1,1,WFO_offline_hierarchical,2026-06-24,2034
Coriaria japonica,coriaria japonica,coriaria japonica,Coriaria japonica,wfo-0000924517,wfo-0000924517,Coriariaceae,Coriaria,species,accepted,accepted,exact_accepted,exact_accepted_unique,1,1,1,WFO_offline_hierarchical,2026-06-24,2035
Centromadia fitchii,centromadia fitchii,centromadia fitchii,Centromadia fitchii,wfo-0000042487,wfo-0000042487,Asteraceae,Centromadia,species,accepted,accepted,exact_accepted,exact_accepted_unique,1,1,1,WFO_offline_hierarchical,2026-06-24,2036
Centromadia pungens,centromadia pungens,centromadia pungens,Centromadia pungens,wfo-0000127373,wfo-0000127373,Asteraceae,Centromadia,species,accepted,accepted,exact_accepted,exact_accepted_unique,1,1,1,WFO_offline_hierarchical,2026-06-24,2037
Deinandra arida,deinandra arida,deinandra arida,Deinandra arida,wfo-0000114451,wfo-0000114451,Asteraceae,Deinandra,species,accepted,accepted,exact_accepted,exact_accepted_unique,1,1,1,WFO_offline_hierarchical,2026-06-24,2038
Deinandra corymbosa,deinandra corymbosa,deinandra corymbosa,Deinandra corymbosa,wfo-0000036297,wfo-0000036297,Asteraceae,Deinandra,species,accepted,accepted,exact_accepted,exact_accepted_unique,1,1,1,WFO_offline_hierarchical,2026-06-24,2039
Deinandra halliana,deinandra halliana,deinandra halliana,Deinandra halliana,wfo-0000089128,wfo-0000089128,Asteraceae,Deinandra,species,accepted,accepted,exact_accepted,exact_accepted_unique,1,1,1,WFO_offline_hierarchical,2026-06-24,2040
Deinandra increscens,deinandra increscens,deinandra increscens,Deinandra increscens,wfo-0000059006,wfo-0000059006,Asteraceae,Deinandra,species,accepted,accepted,exact_accepted,exact_accepted_unique,1,1,1,WFO_offline_hierarchical,2026-06-24,2041
Deinandra kelloggii,deinandra kelloggii,deinandra kelloggii,Deinandra kelloggii,wfo-0000114541,wfo-0000114541,Asteraceae,Deinandra,species,accepted,accepted,exact_accepted,exact_accepted_unique,1,1,1,WFO_offline_hierarchical,2026-06-24,2042
Deinandra lobbii,deinandra lobbii,deinandra lobbii,Deinandra lobbii,wfo-0000030097,wfo-0000030097,Asteraceae,Deinandra,species,accepted,accepted,exact_accepted,exact_accepted_unique,1,1,1,WFO_offline_hierarchical,2026-06-24,2043
Deinandra minthornii,deinandra minthornii,deinandra minthornii,Deinandra minthornii,wfo-0000030419,wfo-0000030419,Asteraceae,Deinandra,species,accepted,accepted,exact_accepted,exact_accepted_unique,1,1,1,WFO_offline_hierarchical,2026-06-24,2044
Deinandra pallida,deinandra pallida,deinandra pallida,Deinandra pallida,wfo-0000014573,wfo-0000014573,Asteraceae,Deinandra,species,accepted,accepted,exact_accepted,exact_accepted_unique,1,1,1,WFO_offline_hierarchical,2026-06-24,2045
Deinandra paniculata,deinandra paniculata,deinandra paniculata,Deinandra paniculata,wfo-0000044476,wfo-0000044476,Asteraceae,Deinandra,species,accepted,accepted,exact_accepted,exact_accepted_unique,1,1,1,WFO_offline_hierarchical,2026-06-24,2046
Deinandra pentactis,deinandra pentactis,deinandra pentactis,Deinandra pentactis,wfo-0000021878,wfo-0000021878,Asteraceae,Deinandra,species,accepted,accepted,exact_accepted,exact_accepted_unique,1,1,1,WFO_offline_hierarchical,2026-06-24,2047
Deinandra streetsii,deinandra streetsii,deinandra streetsii,Deinandra streetsii,wfo-0000002524,wfo-0000002524,Asteraceae,Deinandra,species,accepted,accepted,exact_accepted,exact_accepted_unique,1,1,1,WFO_offline_hierarchical,2026-06-24,2048
Centromadia,centromadia,centromadia,Centromadia,wfo-4000007205,wfo-4000007205,Asteraceae,Centromadia,genus,accepted,accepted,exact_accepted,exact_accepted_unique,1,1,1,WFO_offline_hierarchical,2026-06-24,2049
Populus tomentosa,populus tomentosa,populus tomentosa,Populus tomentosa,wfo-0001133621,wfo-0001133621,Salicaceae,Populus,species,accepted,accepted,exact_accepted,exact_accepted_unique,1,1,1,WFO_offline_hierarchical,2026-06-24,2050
Populus tremula,populus tremula,populus tremula,Populus tremula,wfo-0000928205,wfo-0000928205,Salicaceae,Populus,species,accepted,accepted,exact_accepted,exact_accepted_unique,1,1,1,WFO_offline_hierarchical,2026-06-24,2051
Populus tremuloides,populus tremuloides,populus tremuloides,Populus tremuloides,wfo-0000928260,wfo-0000928260,Salicaceae,Populus,species,accepted,accepted,exact_accepted,exact_accepted_unique,1,1,1,WFO_offline_hierarchical,2026-06-24,2052
Clinopodium serpyllifolium,clinopodium serpyllifolium,clinopodium serpyllifolium,Clinopodium serpyllifolium,wfo-0000893113,wfo-0000893113,Lamiaceae,Clinopodium,species,accepted,accepted,exact_accepted,exact_accepted_unique,1,1,1,WFO_offline_hierarchical,2026-06-24,2053
Micromeria graeca,micromeria graeca,micromeria graeca,Micromeria graeca,wfo-0000243277,wfo-0000243277,Lamiaceae,Micromeria,species,accepted,accepted,exact_accepted,exact_accepted_unique,1,1,1,WFO_offline_hierarchical,2026-06-24,2054
Micromeria graeca ex,micromeria graeca ex,micromeria graeca,Micromeria graeca,wfo-0000243277,wfo-0000243277,Lamiaceae,Micromeria,species,accepted,accepted,canonical,canonical_unique,1,1,1,WFO_offline_hierarchical,2026-06-24,2055
Satureja montana,satureja montana,satureja montana,Satureja montana,wfo-0000304338,wfo-0000304338,Lamiaceae,Satureja,species,accepted,accepted,exact_accepted,exact_accepted_unique,1,1,1,WFO_offline_hierarchical,2026-06-24,2056
Spatholobus harmandii,spatholobus harmandii,spatholobus harmandii,Spatholobus harmandii,wfo-0000197952,wfo-0000197952,Fabaceae,Spatholobus,species,accepted,accepted,exact_accepted,exact_accepted_unique,1,1,1,WFO_offline_hierarchical,2026-06-24,2057
Nymphaea micrantha,nymphaea micrantha,nymphaea micrantha,Nymphaea micrantha,wfo-0000382046,wfo-0000382046,Nymphaeaceae,Nymphaea,species,accepted,accepted,exact_accepted,exact_accepted_unique,1,1,1,WFO_offline_hierarchical,2026-06-24,2058
Cistus laurifolius,cistus laurifolius,cistus laurifolius,Cistus laurifolius,wfo-0000607419,wfo-0000607419,Cistaceae,Cistus,species,accepted,accepted,exact_accepted,exact_accepted_unique,1,1,1,WFO_offline_hierarchical,2026-06-24,2059
Acritopappus confertus,acritopappus confertus,acritopappus confertus,Acritopappus confertus,wfo-0000096440,wfo-0000096440,Asteraceae,Acritopappus,species,accepted,accepted,exact_accepted,exact_accepted_unique,1,1,1,WFO_offline_hierarchical,2026-06-24,2060
Bracteantha acuminata,bracteantha acuminata,bracteantha acuminata,Xerochrysum subundulatum,wfo-0000130376,wfo-0000130376,Asteraceae,Xerochrysum,species,synonym,synonym,exact_synonym,exact_synonym_unique,1,1,1,WFO_offline_hierarchical,2026-06-24,2061
Gutierrezia microcephala,gutierrezia microcephala,gutierrezia microcephala,Gutierrezia microcephala,wfo-0000019536,wfo-0000019536,Asteraceae,Gutierrezia,species,accepted,accepted,exact_accepted,exact_accepted_unique,1,1,1,WFO_offline_hierarchical,2026-06-24,2062
Centaurea calcitrapa,centaurea calcitrapa,centaurea calcitrapa,Centaurea calcitrapa,wfo-0000137211,wfo-0000137211,Asteraceae,Centaurea,species,accepted,accepted,exact_accepted,exact_accepted_unique,1,1,1,WFO_offline_hierarchical,2026-06-24,2063
Centaurea pallescens,centaurea pallescens,centaurea pallescens,Centaurea pallescens,wfo-0000131395,wfo-0000131395,Asteraceae,Centaurea,species,accepted,accepted,exact_accepted,exact_accepted_unique,1,1,1,WFO_offline_hierarchical,2026-06-24,2064
Urospermum dalechampii,urospermum dalechampii,urospermum dalechampii,Urospermum dalechampii,wfo-0000096788,wfo-0000096788;wfo-0000136897,Asteraceae,Urospermum,species,accepted,accepted,exact_accepted,exact_accepted_consensus_multiple_ids,2,2,1,WFO_offline_hierarchical,2026-06-24,2065
Prunus cornuta,prunus cornuta,prunus cornuta,Prunus cornuta,wfo-0000986027,wfo-0000986027,Rosaceae,Prunus,species,accepted,accepted,exact_accepted,exact_accepted_unique,1,1,1,WFO_offline_hierarchical,2026-06-24,2066
Inulanthera dregeana,inulanthera dregeana,inulanthera dregeana,Inulanthera dregeana,wfo-0000081802,wfo-0000081802,Asteraceae,Inulanthera,species,accepted,accepted,exact_accepted,exact_accepted_unique,1,1,1,WFO_offline_hierarchical,2026-06-24,2067
Teucrium chamaedrys,teucrium chamaedrys,teucrium chamaedrys,Teucrium chamaedrys,wfo-0000321975,wfo-0000321975,Lamiaceae,Teucrium,species,accepted,accepted,exact_accepted,exact_accepted_unique,1,1,1,WFO_offline_hierarchical,2026-06-24,2068
Sarcophyte sanguinea,sarcophyte sanguinea,sarcophyte sanguinea,Sarcophyte sanguinea,wfo-0001140462,wfo-0001140462,Balanophoraceae,Sarcophyte,species,accepted,accepted,exact_accepted,exact_accepted_unique,1,1,1,WFO_offline_hierarchical,2026-06-24,2069
Carduus tenuiflorus,carduus tenuiflorus,carduus tenuiflorus,Carduus tenuiflorus,wfo-0000003240,wfo-0000003240,Asteraceae,Carduus,species,accepted,accepted,exact_accepted,exact_accepted_unique,1,1,1,WFO_offline_hierarchical,2026-06-24,2070
Taxus wallichiana,taxus wallichiana,taxus wallichiana,Taxus wallichiana,wfo-0000409081,wfo-0000409081,Taxaceae,Taxus,species,accepted,accepted,exact_accepted,exact_accepted_unique,1,1,1,WFO_offline_hierarchical,2026-06-24,2071
Baccharis brachylaenoides,baccharis brachylaenoides,baccharis brachylaenoides,Baccharis oblongifolia,wfo-0000066239,wfo-0000066239,Asteraceae,Baccharis,species,synonym,synonym,exact_synonym,exact_synonym_unique,1,1,1,WFO_offline_hierarchical,2026-06-24,2072
Xanthorrhoea fulva,xanthorrhoea fulva,xanthorrhoea fulva,Xanthorrhoea fulva,wfo-0000751969,wfo-0000751969,Asphodelaceae,Xanthorrhoea,species,accepted,accepted,exact_accepted,exact_accepted_unique,1,1,1,WFO_offline_hierarchical,2026-06-24,2073
Diplostephium cinereum,diplostephium cinereum,diplostephium cinereum,Diplostephium cinereum,wfo-0000136503,wfo-0000136503,Asteraceae,Diplostephium,species,accepted,accepted,exact_accepted,exact_accepted_unique,1,1,1,WFO_offline_hierarchical,2026-06-24,2074
Heliotropium chenopodiaceum,heliotropium chenopodiaceum,heliotropium chenopodiaceum,Heliotropium chenopodiaceum,wfo-0000718461,wfo-0000718461,Heliotropiaceae,Heliotropium,species,accepted,accepted,exact_accepted,exact_accepted_unique,1,1,1,WFO_offline_hierarchical,2026-06-24,2075
Ficus pumila,ficus pumila,ficus pumila,Ficus pumila,wfo-0000689922,wfo-0000689922,Moraceae,Ficus,species,accepted,accepted,exact_accepted,exact_accepted_unique,1,1,1,WFO_offline_hierarchical,2026-06-24,2076
Lamyropsis cynaroides,lamyropsis cynaroides,lamyropsis cynaroides,Lamyropsis cynaroides,wfo-0000096555,wfo-0000096555,Asteraceae,Lamyropsis,species,accepted,accepted,exact_accepted,exact_accepted_unique,1,1,1,WFO_offline_hierarchical,2026-06-24,2077
Craspedolobium schochii,craspedolobium schochii,craspedolobium schochii,Craspedolobium unijugum,wfo-0001035482,wfo-0001035482,Fabaceae,Craspedolobium,species,synonym,synonym,exact_synonym,exact_synonym_unique,1,1,1,WFO_offline_hierarchical,2026-06-24,2078
Prunus yedoensis,prunus yedoensis,prunus yedoensis,Prunus × yedoensis,wfo-0000983576,wfo-0000983576,Rosaceae,Prunus,species,synonym,synonym,canonical,canonical_unique,1,1,1,WFO_offline_hierarchical,2026-06-24,2079
Prunus maximowiczii,prunus maximowiczii,prunus maximowiczii,Prunus maximowiczii,wfo-0001002042,wfo-0001002042,Rosaceae,Prunus,species,accepted,accepted,exact_accepted,exact_accepted_unique,1,1,1,WFO_offline_hierarchical,2026-06-24,2080
Prunus nipponica,prunus nipponica,prunus nipponica,Prunus nipponica,wfo-0000983575,wfo-0000983575,Rosaceae,Prunus,species,accepted,accepted,exact_accepted,exact_accepted_unique,1,1,1,WFO_offline_hierarchical,2026-06-24,2081
Prunus spachiana,prunus spachiana,prunus spachiana,Prunus itosakura,wfo-0000996487,wfo-0000996487,Rosaceae,Prunus,species,synonym,synonym,exact_synonym,exact_synonym_unique,1,1,1,WFO_offline_hierarchical,2026-06-24,2082
Prunus campanulata,prunus campanulata,prunus campanulata,Prunus campanulata,wfo-0000985845,wfo-0000985845,Rosaceae,Prunus,species,accepted,accepted,exact_accepted,exact_accepted_unique,1,1,1,WFO_offline_hierarchical,2026-06-24,2083
Aglaia rubiginosa,aglaia rubiginosa,aglaia rubiginosa,Aglaia rubiginosa,wfo-0000524326,wfo-0000524326,Meliaceae,Aglaia,species,accepted,accepted,exact_accepted,exact_accepted_unique,1,1,1,WFO_offline_hierarchical,2026-06-24,2084
Salvia xalapensis,salvia xalapensis,salvia xalapensis,Salvia xalapensis,wfo-0000302642,wfo-0000302642,Lamiaceae,Salvia,species,accepted,accepted,exact_accepted,exact_accepted_unique,1,1,1,WFO_offline_hierarchical,2026-06-24,2085
Couepia paraensis,couepia paraensis,couepia paraensis,Couepia paraensis,wfo-0000830700,wfo-0000830700,Chrysobalanaceae,Couepia,species,accepted,accepted,exact_accepted,exact_accepted_unique,1,1,1,WFO_offline_hierarchical,2026-06-24,2086
Teucrium gnaphalodes,teucrium gnaphalodes,teucrium gnaphalodes,Teucrium gnaphalodes,wfo-0000322156,wfo-0000322156,Lamiaceae,Teucrium,species,accepted,accepted,exact_accepted,exact_accepted_unique,1,1,1,WFO_offline_hierarchical,2026-06-24,2087
Retama raetam,retama raetam,retama raetam,Retama raetam,wfo-0000213399,wfo-0000213399;wfo-0001058118,Fabaceae,Retama,species,accepted,accepted,exact_accepted,exact_accepted_consensus_multiple_ids,2,2,1,WFO_offline_hierarchical,2026-06-24,2088
Satureja cuneifolia,satureja cuneifolia,satureja cuneifolia,Satureja cuneifolia,wfo-0000304084,wfo-0000304084,Lamiaceae,Satureja,species,accepted,accepted,exact_accepted,exact_accepted_unique,1,1,1,WFO_offline_hierarchical,2026-06-24,2089
Artemisia argyi,artemisia argyi,artemisia argyi,Artemisia argyi,wfo-0000052471,wfo-0000052471,Asteraceae,Artemisia,species,accepted,accepted,exact_accepted,exact_accepted_unique,1,1,1,WFO_offline_hierarchical,2026-06-24,2090
Thymus piperella,thymus piperella,thymus piperella,Thymus piperella,wfo-0000324542,wfo-0000324542,Lamiaceae,Thymus,species,accepted,accepted,exact_accepted,exact_accepted_unique,1,1,1,WFO_offline_hierarchical,2026-06-24,2091
Crocus sativus,crocus sativus,crocus sativus,Crocus sativus,wfo-0000788844,wfo-0000788844,Iridaceae,Crocus,species,accepted,accepted,exact_accepted,exact_accepted_unique,1,1,1,WFO_offline_hierarchical,2026-06-24,2092
Commiphora socotrana,commiphora socotrana,commiphora socotrana,Commiphora socotrana,wfo-0000617476,wfo-0000617476,Burseraceae,Commiphora,species,accepted,accepted,exact_accepted,exact_accepted_unique,1,1,1,WFO_offline_hierarchical,2026-06-24,2093
Afzelia bipindensis,afzelia bipindensis,afzelia bipindensis,Afzelia bipindensis,wfo-0000211767,wfo-0000211767,Fabaceae,Afzelia,species,accepted,accepted,exact_accepted,exact_accepted_unique,1,1,1,WFO_offline_hierarchical,2026-06-24,2094
Chromolaena tyleri,chromolaena tyleri,chromolaena tyleri,Chromolaena tyleri,wfo-0000092425,wfo-0000092425,Asteraceae,Chromolaena,species,accepted,accepted,exact_accepted,exact_accepted_unique,1,1,1,WFO_offline_hierarchical,2026-06-24,2095
Heliotropium sinuatum,heliotropium sinuatum,heliotropium sinuatum,Heliotropium sinuatum,wfo-0000718932,wfo-0000718932,Heliotropiaceae,Heliotropium,species,accepted,accepted,exact_accepted,exact_accepted_unique,1,1,1,WFO_offline_hierarchical,2026-06-24,2096
Senna obtusifolia,senna obtusifolia,senna obtusifolia,Senna obtusifolia,wfo-0000164399,wfo-0000164399,Fabaceae,Senna,species,accepted,accepted,exact_accepted,exact_accepted_unique,1,1,1,WFO_offline_hierarchical,2026-06-24,2097
Senna tora,senna tora,senna tora,Senna tora,wfo-0000165011,wfo-0000165011,Fabaceae,Senna,species,accepted,accepted,exact_accepted,exact_accepted_unique,1,1,1,WFO_offline_hierarchical,2026-06-24,2098
Premna resinosa,premna resinosa,premna resinosa,Premna resinosa,wfo-0000282817,wfo-0000282817,Lamiaceae,Premna,species,accepted,accepted,exact_accepted,exact_accepted_unique,1,1,1,WFO_offline_hierarchical,2026-06-24,2099
Matthiola incana,matthiola incana,matthiola incana,Matthiola incana,wfo-0000368988,wfo-0000368988,Brassicaceae,Matthiola,species,accepted,accepted,exact_accepted,exact_accepted_unique,1,1,1,WFO_offline_hierarchical,2026-06-24,2100
Baccharis heterophylla,baccharis heterophylla,baccharis heterophylla,Baccharis heterophylla,wfo-0000138028,wfo-0000138028,Asteraceae,Baccharis,species,accepted,accepted,exact_accepted,exact_accepted_unique,1,1,1,WFO_offline_hierarchical,2026-06-24,2101
Salvia mexicana,salvia mexicana,salvia mexicana,Salvia mexicana,wfo-0000301583,wfo-0000301583,Lamiaceae,Salvia,species,accepted,accepted,exact_accepted,exact_accepted_unique,1,1,1,WFO_offline_hierarchical,2026-06-24,2102
Dorstenia prorepens,dorstenia prorepens,dorstenia prorepens,Dorstenia prorepens,wfo-0000654602,wfo-0000654602,Moraceae,Dorstenia,species,accepted,accepted,exact_accepted,exact_accepted_unique,1,1,1,WFO_offline_hierarchical,2026-06-24,2103
Dorstenia zenkeri,dorstenia zenkeri,dorstenia zenkeri,Dorstenia zenkeri,wfo-0000654725,wfo-0000654725,Moraceae,Dorstenia,species,accepted,accepted,exact_accepted,exact_accepted_unique,1,1,1,WFO_offline_hierarchical,2026-06-24,2104
Balanophora papuana,balanophora papuana,balanophora papuana,Balanophora papuana,wfo-0000558715,wfo-0000558715,Balanophoraceae,Balanophora,species,accepted,accepted,exact_accepted,exact_accepted_unique,1,1,1,WFO_offline_hierarchical,2026-06-24,2105
Flindersia australis,flindersia australis,flindersia australis,Flindersia australis,wfo-0000691370,wfo-0000691370,Rutaceae,Flindersia,species,accepted,accepted,exact_accepted,exact_accepted_unique,1,1,1,WFO_offline_hierarchical,2026-06-24,2106
Malpighia emarginata,malpighia emarginata,malpighia emarginata,Malpighia emarginata,wfo-0000449743,wfo-0000449743,Malpighiaceae,Malpighia,species,accepted,accepted,exact_accepted,exact_accepted_unique,1,1,1,WFO_offline_hierarchical,2026-06-24,2107
Byrsonima microphylla,byrsonima microphylla,byrsonima microphylla,Byrsonima microphylla,wfo-0000576944,wfo-0000576944,Malpighiaceae,Byrsonima,species,accepted,accepted,exact_accepted,exact_accepted_unique,1,1,1,WFO_offline_hierarchical,2026-06-24,2108
Hedysarum scoparium,hedysarum scoparium,hedysarum scoparium,Corethrodendron scoparium,wfo-0001272343,wfo-0001272343,Fabaceae,Corethrodendron,species,synonym,synonym,exact_synonym,exact_synonym_unique,1,1,1,WFO_offline_hierarchical,2026-06-24,2109
Exostema mexicanum,exostema mexicanum,exostema mexicanum,Solenandra mexicana,wfo-0000336427,wfo-0000336427,Rubiaceae,Solenandra,species,synonym,synonym,exact_synonym,exact_synonym_unique,1,1,1,WFO_offline_hierarchical,2026-06-24,2110
Kunzea baxteri,kunzea baxteri,kunzea baxteri,Kunzea baxteri,wfo-0000221559,wfo-0000221559,Myrtaceae,Kunzea,species,accepted,accepted,exact_accepted,exact_accepted_unique,1,1,1,WFO_offline_hierarchical,2026-06-24,2111
Sarcolobus globosus,sarcolobus globosus,sarcolobus globosus,Sarcolobus globosus,wfo-0000431188,wfo-0000431188,Apocynaceae,Sarcolobus,species,accepted,accepted,exact_accepted,exact_accepted_unique,1,1,1,WFO_offline_hierarchical,2026-06-24,2112
Centipeda minima,centipeda minima,centipeda minima,Centipeda minima,wfo-0000113861,wfo-0000113861,Asteraceae,Centipeda,species,accepted,accepted,exact_accepted,exact_accepted_unique,1,1,1,WFO_offline_hierarchical,2026-06-24,2113
Brickellia vernicosa,brickellia vernicosa,brickellia vernicosa,Brickellia vernicosa,wfo-0000073926,wfo-0000073926,Asteraceae,Brickellia,species,accepted,accepted,exact_accepted,exact_accepted_unique,1,1,1,WFO_offline_hierarchical,2026-06-24,2114
Maytenus,maytenus,maytenus,Maytenus,wfo-4000023399,wfo-4000023399,Celastraceae,Maytenus,genus,accepted,accepted,exact_accepted,exact_accepted_unique,1,1,1,WFO_offline_hierarchical,2026-06-24,2115
Glycosmis pseudoracemosa,glycosmis pseudoracemosa,glycosmis pseudoracemosa,Glycosmis pseudoracemosa,wfo-0000704569,wfo-0000704569,Rutaceae,Glycosmis,species,accepted,accepted,exact_accepted,exact_accepted_unique,1,1,1,WFO_offline_hierarchical,2026-06-24,2116
Vochysia thyrsoidea,vochysia thyrsoidea,vochysia thyrsoidea,Vochysia thyrsoidea,wfo-0001257487,wfo-0001257487,Vochysiaceae,Vochysia,species,accepted,accepted,exact_accepted,exact_accepted_unique,1,1,1,WFO_offline_hierarchical,2026-06-24,2117
Tephrosia nana,tephrosia nana,tephrosia nana,Tephrosia nana,wfo-0000203348,wfo-0000203348,Fabaceae,Tephrosia,species,accepted,accepted,exact_accepted,exact_accepted_unique,1,1,1,WFO_offline_hierarchical,2026-06-24,2118
Umtiza listerana,umtiza listerana,umtiza listerana,NA,NA,NA,NA,NA,NA,NA,unresolved,unresolved,no_match,0,0,0,NA,2026-06-24,2119
Leucaena leucocephala,leucaena leucocephala,leucaena leucocephala,Leucaena leucocephala,wfo-0000164084,wfo-0000164084,Fabaceae,Leucaena,species,accepted,accepted,exact_accepted,exact_accepted_unique,1,1,1,WFO_offline_hierarchical,2026-06-24,2120
Acer barbinerve,acer barbinerve,acer barbinerve,Acer barbinerve,wfo-0000513991,wfo-0000513991,Sapindaceae,Acer,species,accepted,accepted,exact_accepted,exact_accepted_unique,1,1,1,WFO_offline_hierarchical,2026-06-24,2121
Ampelopsis japonica,ampelopsis japonica,ampelopsis japonica,Ampelopsis japonica,wfo-0000531708,wfo-0000531708,Vitaceae,Ampelopsis,species,accepted,accepted,exact_accepted,exact_accepted_unique,1,1,1,WFO_offline_hierarchical,2026-06-24,2122
Liquidambar styraciflua,liquidambar styraciflua,liquidambar styraciflua,Liquidambar styraciflua,wfo-0000364015,wfo-0000364015,Altingiaceae,Liquidambar,species,accepted,accepted,exact_accepted,exact_accepted_unique,1,1,1,WFO_offline_hierarchical,2026-06-24,2123
Sedum crassularia,sedum crassularia,sedum crassularia,Sedum crassularia,wfo-0001300351,wfo-0001300351,Crassulaceae,Sedum,species,accepted,accepted,exact_accepted,exact_accepted_unique,1,1,1,WFO_offline_hierarchical,2026-06-24,2124
Sedum sediforme,sedum sediforme,sedum sediforme,Petrosedum sediforme,wfo-0000396518,wfo-0000396518,Crassulaceae,Petrosedum,species,synonym,synonym,exact_synonym,exact_synonym_unique,1,1,1,WFO_offline_hierarchical,2026-06-24,2125
Fagopyrum acutatum,fagopyrum acutatum,fagopyrum acutatum,Fagopyrum acutatum,wfo-0000685440,wfo-0000685440,Polygonaceae,Fagopyrum,species,accepted,accepted,exact_accepted,exact_accepted_unique,1,1,1,WFO_offline_hierarchical,2026-06-24,2126
Cratoxylum formosum ex,cratoxylum formosum ex,cratoxylum formosum,Cratoxylum formosum,wfo-0000625758,wfo-0000625758,Hypericaceae,Cratoxylum,species,accepted,accepted,canonical,canonical_unique,1,1,1,WFO_offline_hierarchical,2026-06-24,2127
Acacia homalophylla,acacia homalophylla,acacia homalophylla,Acacia omalophylla,wfo-0000202365,wfo-0000202365,Fabaceae,Acacia,species,synonym,synonym,exact_synonym,exact_synonym_unique,2,1,1,WFO_offline_hierarchical,2026-06-24,2128
Acacia omalophylla,acacia omalophylla,acacia omalophylla,Acacia omalophylla,wfo-0000202365,wfo-0000202365,Fabaceae,Acacia,species,accepted,accepted,exact_accepted,exact_accepted_unique,1,1,1,WFO_offline_hierarchical,2026-06-24,2129
Rheum officinale,rheum officinale,rheum officinale,Rheum officinale,wfo-0000404454,wfo-0000404454,Polygonaceae,Rheum,species,accepted,accepted,exact_accepted,exact_accepted_unique,1,1,1,WFO_offline_hierarchical,2026-06-24,2130
Rheum maximowiczii,rheum maximowiczii,rheum maximowiczii,NA,NA,NA,NA,NA,NA,NA,unresolved,unresolved,no_match,0,0,0,NA,2026-06-24,2131
Camellia crassicolumna,camellia crassicolumna,camellia crassicolumna,Camellia kwangsiensis var. kwangnanica,wfo-0000582444,wfo-0000582444,Theaceae,Camellia,variety,synonym,synonym,exact_synonym,exact_synonym_unique,1,1,1,WFO_offline_hierarchical,2026-06-24,2132
Antenoron filiforme,antenoron filiforme,antenoron filiforme,NA,NA,NA,NA,NA,NA,NA,unresolved,unresolved,no_match,0,0,0,NA,2026-06-24,2133
Caesalpinia benthamiana,caesalpinia benthamiana,caesalpinia benthamiana,Mezoneuron benthamianum,wfo-0000195047,wfo-0000195047,Fabaceae,Mezoneuron,species,synonym,synonym,exact_synonym,exact_synonym_unique,1,1,1,WFO_offline_hierarchical,2026-06-24,2134
Euphorbia hirta,euphorbia hirta,euphorbia hirta,Euphorbia hirta,wfo-0000962575,wfo-0000962575,Euphorbiaceae,Euphorbia,species,accepted,accepted,exact_accepted,exact_accepted_unique,1,1,1,WFO_offline_hierarchical,2026-06-24,2135
Scurrula atropurpurea,scurrula atropurpurea,scurrula atropurpurea,Scurrula atropurpurea,wfo-0001271609,wfo-0001271609,Loranthaceae,Scurrula,species,accepted,accepted,exact_accepted,exact_accepted_unique,1,1,1,WFO_offline_hierarchical,2026-06-24,2136
Oryza aristata,oryza aristata,oryza aristata,Oryza sativa,wfo-0000882438,wfo-0000882438,Poaceae,Oryza,species,synonym,synonym,exact_synonym,exact_synonym_unique,1,1,1,WFO_offline_hierarchical,2026-06-24,2137
Saxifraga stolonifera,saxifraga stolonifera,saxifraga stolonifera,Saxifraga stolonifera,wfo-0000494724,wfo-0000494724,Saxifragaceae,Saxifraga,species,accepted,accepted,exact_accepted,exact_accepted_unique,1,1,1,WFO_offline_hierarchical,2026-06-24,2138
Astragalus trimestris,astragalus trimestris,astragalus trimestris,Astragalus trimestris,wfo-0000185773,wfo-0000185773,Fabaceae,Astragalus,species,accepted,accepted,exact_accepted,exact_accepted_unique,1,1,1,WFO_offline_hierarchical,2026-06-24,2139
Hymenoxys integrifolia,hymenoxys integrifolia,hymenoxys integrifolia,Hymenoxys integrifolia,wfo-0000114654,wfo-0000114654;wfo-0000132982,Asteraceae,Hymenoxys,species,accepted,accepted,exact_accepted,exact_accepted_consensus_multiple_ids,2,2,1,WFO_offline_hierarchical,2026-06-24,2140
Badilloa steetzii,badilloa steetzii,badilloa steetzii,Badilloa steetzii,wfo-0000093438,wfo-0000093438,Asteraceae,Badilloa,species,accepted,accepted,exact_accepted,exact_accepted_unique,1,1,1,WFO_offline_hierarchical,2026-06-24,2141
Chromolaena subhastata,chromolaena subhastata,chromolaena subhastata,NA,NA,NA,NA,NA,NA,NA,unresolved,unresolved,no_match,0,0,0,NA,2026-06-24,2142
Helichrysum,helichrysum,helichrysum,Helichrysum,wfo-4000017214,wfo-4000017214,Asteraceae,Helichrysum,genus,accepted,accepted,exact_accepted,exact_accepted_unique,1,1,1,WFO_offline_hierarchical,2026-06-24,2143
Wikstroemia indica,wikstroemia indica,wikstroemia indica,Wikstroemia indica,wfo-0001142540,wfo-0001142540,Thymelaeaceae,Wikstroemia,species,accepted,accepted,exact_accepted,exact_accepted_unique,1,1,1,WFO_offline_hierarchical,2026-06-24,2144
Prosopis cineraria,prosopis cineraria,prosopis cineraria,Prosopis cineraria,wfo-0000185047,wfo-0000185047,Fabaceae,Prosopis,species,accepted,accepted,exact_accepted,exact_accepted_unique,1,1,1,WFO_offline_hierarchical,2026-06-24,2145
Artemisia annua,artemisia annua,artemisia annua,Artemisia annua,wfo-0000083255,wfo-0000083255,Asteraceae,Artemisia,species,accepted,accepted,exact_accepted,exact_accepted_unique,1,1,1,WFO_offline_hierarchical,2026-06-24,2146
Drimiopsis maculata,drimiopsis maculata,drimiopsis maculata,Drimiopsis maculata,wfo-0000766226,wfo-0000766226,Asparagaceae,Drimiopsis,species,accepted,accepted,exact_accepted,exact_accepted_unique,1,1,1,WFO_offline_hierarchical,2026-06-24,2147
Muscari armeniacum,muscari armeniacum,muscari armeniacum,Muscari armeniacum,wfo-0000694251,wfo-0000694251,Asparagaceae,Muscari,species,accepted,accepted,exact_accepted,exact_accepted_unique,1,1,1,WFO_offline_hierarchical,2026-06-24,2148
Scutellaria strigillosa,scutellaria strigillosa,scutellaria strigillosa,Scutellaria strigillosa,wfo-0000308496,wfo-0000308496,Lamiaceae,Scutellaria,species,accepted,accepted,exact_accepted,exact_accepted_unique,1,1,1,WFO_offline_hierarchical,2026-06-24,2149
Avena sativa,avena sativa,avena sativa,Avena sativa,wfo-0000852231,wfo-0000852231,Poaceae,Avena,species,accepted,accepted,exact_accepted,exact_accepted_unique,1,1,1,WFO_offline_hierarchical,2026-06-24,2150
Ambrosia bidentata,ambrosia bidentata,ambrosia bidentata,Ambrosia bidentata,wfo-0000091698,wfo-0000091698,Asteraceae,Ambrosia,species,accepted,accepted,exact_accepted,exact_accepted_unique,1,1,1,WFO_offline_hierarchical,2026-06-24,2151
Tabebuia aurea,tabebuia aurea,tabebuia aurea,Tabebuia aurea,wfo-0000780159,wfo-0000780159,Bignoniaceae,Tabebuia,species,accepted,accepted,exact_accepted,exact_accepted_unique,1,1,1,WFO_offline_hierarchical,2026-06-24,2152
Tabebuia aurea ex,tabebuia aurea ex,tabebuia aurea,Tabebuia aurea,wfo-0000780159,wfo-0000780159,Bignoniaceae,Tabebuia,species,accepted,accepted,canonical,canonical_unique,1,1,1,WFO_offline_hierarchical,2026-06-24,2153
Smilax perfoliata,smilax perfoliata,smilax perfoliata,Smilax perfoliata,wfo-0000741873,wfo-0000741873,Smilacaceae,Smilax,species,accepted,accepted,exact_accepted,exact_accepted_unique,1,1,1,WFO_offline_hierarchical,2026-06-24,2154
Tamarix nilotica,tamarix nilotica,tamarix nilotica,Tamarix senegalensis,wfo-0000459439,wfo-0000459439,Tamaricaceae,Tamarix,species,synonym,synonym,exact_synonym,exact_synonym_unique,1,1,1,WFO_offline_hierarchical,2026-06-24,2155
Artemisia xerophytica,artemisia xerophytica,artemisia xerophytica,Artemisia xerophytica,wfo-0000059890,wfo-0000059890,Asteraceae,Artemisia,species,accepted,accepted,exact_accepted,exact_accepted_unique,1,1,1,WFO_offline_hierarchical,2026-06-24,2156
Eupatorium pilosum,eupatorium pilosum,eupatorium pilosum,Eupatorium pilosum,wfo-0000089682,wfo-0000089682,Asteraceae,Eupatorium,species,accepted,accepted,exact_accepted,exact_accepted_unique,1,1,1,WFO_offline_hierarchical,2026-06-24,2157
Dicranoloma robustum,dicranoloma robustum,dicranoloma robustum,Dicranoloma robustum,wfo-0001158970,wfo-0001158970,Dicranaceae,Dicranoloma,species,accepted,accepted,exact_accepted,exact_accepted_unique,1,1,1,WFO_offline_hierarchical,2026-06-24,2158
Cudrania fruticosa,cudrania fruticosa,cudrania fruticosa,Maclura cochinchinensis,wfo-0000448071,wfo-0000448071,Moraceae,Maclura,species,synonym,synonym,exact_synonym,exact_synonym_unique,1,1,1,WFO_offline_hierarchical,2026-06-24,2159
Ononis arvensis,ononis arvensis,ononis arvensis,Ononis arvensis,wfo-0000183367,wfo-0000183367,Fabaceae,Ononis,species,accepted,accepted,exact_accepted,exact_accepted_unique,1,1,1,WFO_offline_hierarchical,2026-06-24,2160
Trifolium polyphyllum,trifolium polyphyllum,trifolium polyphyllum,Trifolium polyphyllum,wfo-0001055208,wfo-0001055208,Fabaceae,Trifolium,species,accepted,accepted,exact_accepted,exact_accepted_unique,1,1,1,WFO_offline_hierarchical,2026-06-24,2161
Cicer flexuosum,cicer flexuosum,cicer flexuosum,Cicer flexuosum,wfo-0000186162,wfo-0000186162,Fabaceae,Cicer,species,accepted,accepted,exact_accepted,exact_accepted_unique,1,1,1,WFO_offline_hierarchical,2026-06-24,2162
Cicer pungens,cicer pungens,cicer pungens,Cicer pungens,wfo-0000185218,wfo-0000185218,Fabaceae,Cicer,species,accepted,accepted,exact_accepted,exact_accepted_unique,1,1,1,WFO_offline_hierarchical,2026-06-24,2163
Cicer tragacanthoides,cicer tragacanthoides,cicer tragacanthoides,Cicer tragacanthoides,wfo-0000189154,wfo-0000189154,Fabaceae,Cicer,species,accepted,accepted,exact_accepted,exact_accepted_unique,1,1,1,WFO_offline_hierarchical,2026-06-24,2164
Pluchea lanceolata,pluchea lanceolata,pluchea lanceolata,Pluchea lanceolata,wfo-0000078455,wfo-0000078455,Asteraceae,Pluchea,species,accepted,accepted,exact_accepted,exact_accepted_unique,1,1,1,WFO_offline_hierarchical,2026-06-24,2165
Ononis speciosa,ononis speciosa,ononis speciosa,Ononis speciosa,wfo-0000212915,wfo-0000212915,Fabaceae,Ononis,species,accepted,accepted,exact_accepted,exact_accepted_unique,1,1,1,WFO_offline_hierarchical,2026-06-24,2166
Astragalus aksuensis,astragalus aksuensis,astragalus aksuensis,Astragalus aksuensis,wfo-0000189780,wfo-0000189780,Fabaceae,Astragalus,species,accepted,accepted,exact_accepted,exact_accepted_unique,1,1,1,WFO_offline_hierarchical,2026-06-24,2167
Astragalus hoantchy,astragalus hoantchy,astragalus hoantchy,Astragalus hoantchy,wfo-0000198270,wfo-0000198270,Fabaceae,Astragalus,species,accepted,accepted,exact_accepted,exact_accepted_unique,1,1,1,WFO_offline_hierarchical,2026-06-24,2168
Astragalus lehmannianus,astragalus lehmannianus,astragalus lehmannianus,Astragalus lehmannianus,wfo-0000198527,wfo-0000198527,Fabaceae,Astragalus,species,accepted,accepted,exact_accepted,exact_accepted_unique,1,1,1,WFO_offline_hierarchical,2026-06-24,2169
Astragalus lepsensis,astragalus lepsensis,astragalus lepsensis,Astragalus lepsensis,wfo-0000198351,wfo-0000198351,Fabaceae,Astragalus,species,accepted,accepted,exact_accepted,exact_accepted_unique,1,1,1,WFO_offline_hierarchical,2026-06-24,2170
Astragalus sieversianus,astragalus sieversianus,astragalus sieversianus,Astragalus sieversianus,wfo-0000185144,wfo-0000185144,Fabaceae,Astragalus,species,accepted,accepted,exact_accepted,exact_accepted_unique,1,1,1,WFO_offline_hierarchical,2026-06-24,2171
Trifolium incarnatum,trifolium incarnatum,trifolium incarnatum,Trifolium incarnatum,wfo-0000213010,wfo-0000213010,Fabaceae,Trifolium,species,accepted,accepted,exact_accepted,exact_accepted_unique,1,1,1,WFO_offline_hierarchical,2026-06-24,2172
Woodsia scopulina,woodsia scopulina,woodsia scopulina,Woodsia scopulina,wfo-0001109466,wfo-0001109466,Woodsiaceae,Woodsia,species,accepted,accepted,exact_accepted,exact_accepted_unique,1,1,1,WFO_offline_hierarchical,2026-06-24,2173
Alpinia pricei,alpinia pricei,alpinia pricei,Alpinia pricei,wfo-0000338700,wfo-0000338700,Zingiberaceae,Alpinia,species,accepted,accepted,exact_accepted,exact_accepted_unique,1,1,1,WFO_offline_hierarchical,2026-06-24,2174
Passiflora serratodigitata,passiflora serratodigitata,passiflora serratodigitata,Passiflora serratodigitata,wfo-0001090767,wfo-0001090767,Passifloraceae,Passiflora,species,accepted,accepted,exact_accepted,exact_accepted_unique,1,1,1,WFO_offline_hierarchical,2026-06-24,2175
Vaccinium myrtillus,vaccinium myrtillus,vaccinium myrtillus,Vaccinium myrtillus,wfo-0000422209,wfo-0000422209,Ericaceae,Vaccinium,species,accepted,accepted,exact_accepted,exact_accepted_unique,1,1,1,WFO_offline_hierarchical,2026-06-24,2176
Pistacia lentiscus,pistacia lentiscus,pistacia lentiscus,Pistacia lentiscus,wfo-0000394118,wfo-0000394118,Anacardiaceae,Pistacia,species,accepted,accepted,exact_accepted,exact_accepted_unique,1,1,1,WFO_offline_hierarchical,2026-06-24,2177
Berberis heteropoda,berberis heteropoda,berberis heteropoda,Berberis heteropoda,wfo-0000563267,wfo-0000563267,Berberidaceae,Berberis,species,accepted,accepted,exact_accepted,exact_accepted_unique,1,1,1,WFO_offline_hierarchical,2026-06-24,2178
Berberis integerrima,berberis integerrima,berberis integerrima,Berberis integerrima,wfo-0000563334,wfo-0000563334,Berberidaceae,Berberis,species,accepted,accepted,exact_accepted,exact_accepted_unique,1,1,1,WFO_offline_hierarchical,2026-06-24,2179
Geranium sylvaticum,geranium sylvaticum,geranium sylvaticum,Geranium sylvaticum,wfo-0000701427,wfo-0000701427,Geraniaceae,Geranium,species,accepted,accepted,exact_accepted,exact_accepted_unique,1,1,1,WFO_offline_hierarchical,2026-06-24,2180
Clarkia speciosa,clarkia speciosa,clarkia speciosa,Clarkia speciosa,wfo-0000608586,wfo-0000608586,Onagraceae,Clarkia,species,accepted,accepted,exact_accepted,exact_accepted_unique,1,1,1,WFO_offline_hierarchical,2026-06-24,2181
Vaccinium oxycoccos,vaccinium oxycoccos,vaccinium oxycoccos,Vaccinium oxycoccos,wfo-0000421932,wfo-0000421932,Ericaceae,Vaccinium,species,accepted,accepted,exact_accepted,exact_accepted_unique,1,1,1,WFO_offline_hierarchical,2026-06-24,2182
Penstemon serrulatus,penstemon serrulatus,penstemon serrulatus,Penstemon serrulatus,wfo-0001136600,wfo-0001136600,Plantaginaceae,Penstemon,species,accepted,accepted,exact_accepted,exact_accepted_unique,1,1,1,WFO_offline_hierarchical,2026-06-24,2183
Malvaviscus arboreus,malvaviscus arboreus,malvaviscus arboreus,Malvaviscus arboreus,wfo-0000449492,wfo-0000449492,Malvaceae,Malvaviscus,species,accepted,accepted,exact_accepted,exact_accepted_unique,1,1,1,WFO_offline_hierarchical,2026-06-24,2184
Dacrycarpus dacrydioides,dacrycarpus dacrydioides,dacrycarpus dacrydioides,Dacrycarpus dacrydioides,wfo-0000636634,wfo-0000636634,Podocarpaceae,Dacrycarpus,species,accepted,accepted,exact_accepted,exact_accepted_unique,1,1,1,WFO_offline_hierarchical,2026-06-24,2185
Bidens aurea,bidens aurea,bidens aurea,Bidens aurea,wfo-0000035114,wfo-0000035114,Asteraceae,Bidens,species,accepted,accepted,exact_accepted,exact_accepted_unique,1,1,1,WFO_offline_hierarchical,2026-06-24,2186
Coreopsis tinctoria,coreopsis tinctoria,coreopsis tinctoria,Coreopsis tinctoria,wfo-0000069050,wfo-0000069050,Asteraceae,Coreopsis,species,accepted,accepted,exact_accepted,exact_accepted_unique,1,1,1,WFO_offline_hierarchical,2026-06-24,2187
Helichrysum heterolasium,helichrysum heterolasium,helichrysum heterolasium,Helichrysum heterolasium,wfo-0000106508,wfo-0000106508,Asteraceae,Helichrysum,species,accepted,accepted,exact_accepted,exact_accepted_unique,1,1,1,WFO_offline_hierarchical,2026-06-24,2188
Olea europaea,olea europaea,olea europaea,Olea europaea,wfo-0000817273,wfo-0000817273,Oleaceae,Olea,species,accepted,accepted,exact_accepted,exact_accepted_unique,1,1,1,WFO_offline_hierarchical,2026-06-24,2189
Gnidia glauca,gnidia glauca,gnidia glauca,Lasiosiphon glaucus,wfo-0000445422,wfo-0000445422,Thymelaeaceae,Lasiosiphon,species,synonym,synonym,exact_synonym,exact_synonym_unique,1,1,1,WFO_offline_hierarchical,2026-06-24,2190
Ficus microcarpa,ficus microcarpa,ficus microcarpa,Ficus microcarpa,wfo-0000689298,wfo-0000689298,Moraceae,Ficus,species,accepted,accepted,exact_accepted,exact_accepted_unique,1,1,1,WFO_offline_hierarchical,2026-06-24,2191
Andrographis rothii,andrographis rothii,andrographis rothii,Andrographis rothii,wfo-0000534074,wfo-0000534074,Acanthaceae,Andrographis,species,accepted,accepted,exact_accepted,exact_accepted_unique,1,1,1,WFO_offline_hierarchical,2026-06-24,2192
Uvaria cuneifolia,uvaria cuneifolia,uvaria cuneifolia,Uvaria cuneifolia,wfo-0000744957,wfo-0000744957,Annonaceae,Uvaria,species,accepted,accepted,exact_accepted,exact_accepted_unique,1,1,1,WFO_offline_hierarchical,2026-06-24,2193
Fissistigma bracteolatum,fissistigma bracteolatum,fissistigma bracteolatum,Fissistigma oblongum,wfo-0000691178,wfo-0000691178,Annonaceae,Fissistigma,species,synonym,synonym,exact_synonym,exact_synonym_unique,1,1,1,WFO_offline_hierarchical,2026-06-24,2194
Heliotropium glutinosum,heliotropium glutinosum,heliotropium glutinosum,Heliotropium glutinosum,wfo-0001215159,wfo-0001215159,Heliotropiaceae,Heliotropium,species,accepted,accepted,exact_accepted,exact_accepted_unique,1,1,1,WFO_offline_hierarchical,2026-06-24,2195
Henriettea fascicularis,henriettea fascicularis,henriettea fascicularis,Henriettea fascicularis,wfo-0001081064,wfo-0001081064,Melastomataceae,Henriettea,species,accepted,accepted,exact_accepted,exact_accepted_unique,1,1,1,WFO_offline_hierarchical,2026-06-24,2196
Ornithopus sativus,ornithopus sativus,ornithopus sativus,Ornithopus sativus,wfo-0000205829,wfo-0000205829,Fabaceae,Ornithopus,species,accepted,accepted,exact_accepted,exact_accepted_unique,1,1,1,WFO_offline_hierarchical,2026-06-24,2197
Platymiscium floribundum,platymiscium floribundum,platymiscium floribundum,Platymiscium floribundum,wfo-0000174222,wfo-0000174222,Fabaceae,Platymiscium,species,accepted,accepted,exact_accepted,exact_accepted_unique,1,1,1,WFO_offline_hierarchical,2026-06-24,2198
Borago officinalis,borago officinalis,borago officinalis,Borago officinalis,wfo-0000568964,wfo-0000568964,Boraginaceae,Borago,species,accepted,accepted,exact_accepted,exact_accepted_unique,1,1,1,WFO_offline_hierarchical,2026-06-24,2199
Dalbergia oliveri,dalbergia oliveri,dalbergia oliveri,Dalbergia oliveri,wfo-0000199984,wfo-0000199984,Fabaceae,Dalbergia,species,accepted,accepted,exact_accepted,exact_accepted_unique,1,1,1,WFO_offline_hierarchical,2026-06-24,2200
Pinus krempfii,pinus krempfii,pinus krempfii,Pinus krempfii,wfo-0000481085,wfo-0000481085,Pinaceae,Pinus,species,accepted,accepted,exact_accepted,exact_accepted_unique,1,1,1,WFO_offline_hierarchical,2026-06-24,2201
Pinus monticola,pinus monticola,pinus monticola,Pinus monticola,wfo-0000481790,wfo-0000481790,Pinaceae,Pinus,species,accepted,accepted,exact_accepted,exact_accepted_unique,1,1,1,WFO_offline_hierarchical,2026-06-24,2202
Pinus peuce,pinus peuce,pinus peuce,Pinus peuce,wfo-0000481889,wfo-0000481889,Pinaceae,Pinus,species,accepted,accepted,exact_accepted,exact_accepted_unique,1,1,1,WFO_offline_hierarchical,2026-06-24,2203
Pinus strobus,pinus strobus,pinus strobus,Pinus strobus,wfo-0000481530,wfo-0000481530,Pinaceae,Pinus,species,accepted,accepted,exact_accepted,exact_accepted_unique,1,1,1,WFO_offline_hierarchical,2026-06-24,2204
Pinus bungeana,pinus bungeana,pinus bungeana,Pinus bungeana,wfo-0000482252,wfo-0000482252,Pinaceae,Pinus,species,accepted,accepted,exact_accepted,exact_accepted_unique,1,1,1,WFO_offline_hierarchical,2026-06-24,2205
Erythrina berteroana,erythrina berteroana,erythrina berteroana,Erythrina berteroana,wfo-0000180543,wfo-0000180543,Fabaceae,Erythrina,species,accepted,accepted,exact_accepted,exact_accepted_unique,1,1,1,WFO_offline_hierarchical,2026-06-24,2206
Hymenocallis littoralis,hymenocallis littoralis,hymenocallis littoralis,Hymenocallis littoralis,wfo-0000667199,wfo-0000667199,Amaryllidaceae,Hymenocallis,species,accepted,accepted,exact_accepted,exact_accepted_unique,1,1,1,WFO_offline_hierarchical,2026-06-24,2207
Phyllanthus atropurpureus,phyllanthus atropurpureus,phyllanthus atropurpureus,Breynia disticha,wfo-0000412108,wfo-0000412108,Phyllanthaceae,Breynia,species,synonym,synonym,exact_synonym,exact_synonym_unique,1,1,1,WFO_offline_hierarchical,2026-06-24,2208
Juniperus communis,juniperus communis,juniperus communis,Juniperus communis,wfo-0000355532,wfo-0000355532,Cupressaceae,Juniperus,species,accepted,accepted,exact_accepted,exact_accepted_unique,1,1,1,WFO_offline_hierarchical,2026-06-24,2209
Juniperus,juniperus,juniperus,Juniperus,wfo-4000019723,wfo-4000019723,Cupressaceae,Juniperus,genus,accepted,accepted,exact_accepted,exact_accepted_unique,1,1,1,WFO_offline_hierarchical,2026-06-24,2210
Davallia divaricata,davallia divaricata,davallia divaricata,Davallia divaricata,wfo-0001124802,wfo-0001124802,Davalliaceae,Davallia,species,accepted,accepted,exact_accepted,exact_accepted_unique,1,1,1,WFO_offline_hierarchical,2026-06-24,2211
Gaillardia suavis,gaillardia suavis,gaillardia suavis,Gaillardia suavis,wfo-0000042381,wfo-0000042381,Asteraceae,Gaillardia,species,accepted,accepted,exact_accepted,exact_accepted_unique,1,1,1,WFO_offline_hierarchical,2026-06-24,2212
Fissistigma oldhamii,fissistigma oldhamii,fissistigma oldhamii,Fissistigma oldhamii,wfo-0000691180,wfo-0000691180,Annonaceae,Fissistigma,species,accepted,accepted,exact_accepted,exact_accepted_unique,1,1,1,WFO_offline_hierarchical,2026-06-24,2213
Lathyrus linifolius,lathyrus linifolius,lathyrus linifolius,Lathyrus linifolius,wfo-0000212690,wfo-0000212690,Fabaceae,Lathyrus,species,accepted,accepted,exact_accepted,exact_accepted_unique,1,1,1,WFO_offline_hierarchical,2026-06-24,2214
Prunus serrulata,prunus serrulata,prunus serrulata,Prunus serrulata,wfo-0000992061,wfo-0000992061,Rosaceae,Prunus,species,accepted,accepted,exact_accepted,exact_accepted_unique,1,1,1,WFO_offline_hierarchical,2026-06-24,2215
Bryum capillare,bryum capillare,bryum capillare,Rosulabryum capillare,wfo-0001201518,wfo-0001201518,Bryaceae,Rosulabryum,species,synonym,synonym,exact_synonym,exact_synonym_unique,1,1,1,WFO_offline_hierarchical,2026-06-24,2216
Rosulabryum capillare,rosulabryum capillare,rosulabryum capillare,Rosulabryum capillare,wfo-0001201518,wfo-0001201518,Bryaceae,Rosulabryum,species,accepted,accepted,exact_accepted,exact_accepted_unique,1,1,1,WFO_offline_hierarchical,2026-06-24,2217
Davallia bullata,davallia bullata,davallia bullata,Davallia bullata,wfo-0001124797,wfo-0001124797,Davalliaceae,Davallia,species,accepted,accepted,exact_accepted,exact_accepted_unique,1,1,1,WFO_offline_hierarchical,2026-06-24,2218
Tephrosia lupinifolia,tephrosia lupinifolia,tephrosia lupinifolia,Tephrosia lupinifolia,wfo-0000203073,wfo-0000203073,Fabaceae,Tephrosia,species,accepted,accepted,exact_accepted,exact_accepted_unique,1,1,1,WFO_offline_hierarchical,2026-06-24,2219
Centrolobium,centrolobium,centrolobium,Centrolobium,wfo-4000007204,wfo-4000007204,Fabaceae,Centrolobium,genus,accepted,accepted,exact_accepted,exact_accepted_unique,1,1,1,WFO_offline_hierarchical,2026-06-24,2220
Saracha punctata,saracha punctata,saracha punctata,Saracha punctata,wfo-0001025330,wfo-0001025330,Solanaceae,Saracha,species,accepted,accepted,exact_accepted,exact_accepted_unique,1,1,1,WFO_offline_hierarchical,2026-06-24,2221
Echinops niveus,echinops niveus,echinops niveus,Echinops niveus,wfo-0000066135,wfo-0000066135,Asteraceae,Echinops,species,accepted,accepted,exact_accepted,exact_accepted_unique,1,1,1,WFO_offline_hierarchical,2026-06-24,2222
Iris crocea,iris crocea,iris crocea,Iris crocea,wfo-0000783242,wfo-0000783242,Iridaceae,Iris,species,accepted,accepted,exact_accepted,exact_accepted_unique,1,1,1,WFO_offline_hierarchical,2026-06-24,2223
Dalbergia stipulacea,dalbergia stipulacea,dalbergia stipulacea,Dalbergia stipulacea,wfo-0000185857,wfo-0000185857,Fabaceae,Dalbergia,species,accepted,accepted,exact_accepted,exact_accepted_unique,1,1,1,WFO_offline_hierarchical,2026-06-24,2224
Acacia papyrocarpa,acacia papyrocarpa,acacia papyrocarpa,Acacia papyrocarpa,wfo-0000202357,wfo-0000202357,Fabaceae,Acacia,species,accepted,accepted,exact_accepted,exact_accepted_unique,1,1,1,WFO_offline_hierarchical,2026-06-24,2225
Flemingia congesta,flemingia congesta,flemingia congesta,Flemingia macrophylla,wfo-0000194840,wfo-0000194840,Fabaceae,Flemingia,species,synonym,synonym,exact_synonym,exact_synonym_unique,1,1,1,WFO_offline_hierarchical,2026-06-24,2226
Fortunella japonica,fortunella japonica,fortunella japonica,Citrus japonica,wfo-0000608080,wfo-0000608080,Rutaceae,Citrus,species,synonym,synonym,exact_synonym,exact_synonym_unique,1,1,1,WFO_offline_hierarchical,2026-06-24,2227
Campylopus clavatus,campylopus clavatus,campylopus clavatus,Campylopus clavatus,wfo-0001178579,wfo-0001178579,Leucobryaceae,Campylopus,species,accepted,accepted,exact_accepted,exact_accepted_unique,1,1,1,WFO_offline_hierarchical,2026-06-24,2228
Helminthostachys zeylanica,helminthostachys zeylanica,helminthostachys zeylanica,Helminthostachys zeylanica,wfo-0001107319,wfo-0001107319,Ophioglossaceae,Helminthostachys,species,accepted,accepted,exact_accepted,exact_accepted_unique,1,1,1,WFO_offline_hierarchical,2026-06-24,2229
Epimedium grandiflorum,epimedium grandiflorum,epimedium grandiflorum,Epimedium grandiflorum,wfo-0000669993,wfo-0000669993,Berberidaceae,Epimedium,species,accepted,accepted,exact_accepted,exact_accepted_unique,1,1,1,WFO_offline_hierarchical,2026-06-24,2230
Solanum lyratum,solanum lyratum,solanum lyratum,Solanum lyratum,wfo-0001029226,wfo-0001029226,Solanaceae,Solanum,species,accepted,accepted,exact_accepted,exact_accepted_unique,1,1,1,WFO_offline_hierarchical,2026-06-24,2231
Neolitsea parvigemma,neolitsea parvigemma,neolitsea parvigemma,Neolitsea parvigemma,wfo-0001071959,wfo-0001071959,Lauraceae,Neolitsea,species,accepted,accepted,exact_accepted,exact_accepted_unique,1,1,1,WFO_offline_hierarchical,2026-06-24,2232
Dimorphandra mollis,dimorphandra mollis,dimorphandra mollis,Dimorphandra mollis,wfo-0000170526,wfo-0000170526,Fabaceae,Dimorphandra,species,accepted,accepted,exact_accepted,exact_accepted_unique,1,1,1,WFO_offline_hierarchical,2026-06-24,2233
Rhododendron simsii,rhododendron simsii,rhododendron simsii,Rhododendron simsii,wfo-0000405453,wfo-0000405453,Ericaceae,Rhododendron,species,accepted,accepted,exact_accepted,exact_accepted_unique,1,1,1,WFO_offline_hierarchical,2026-06-24,2234
Harungana madagascariensis,harungana madagascariensis,harungana madagascariensis,Harungana madagascariensis,wfo-0000716096,wfo-0000716096,Hypericaceae,Harungana,species,accepted,accepted,exact_accepted,exact_accepted_unique,1,1,1,WFO_offline_hierarchical,2026-06-24,2235
Stelechocarpus cauliflorus,stelechocarpus cauliflorus,stelechocarpus cauliflorus,Stelechocarpus cauliflorus,wfo-0000435196,wfo-0000435196;wfo-1200027757,Annonaceae,Stelechocarpus,species,accepted,accepted,exact_accepted,exact_accepted_consensus_multiple_ids,2,2,1,WFO_offline_hierarchical,2026-06-24,2236
Erythroxylum gonocladum,erythroxylum gonocladum,erythroxylum gonocladum,NA,NA,NA,NA,NA,NA,NA,unresolved,unresolved,no_match,0,0,0,NA,2026-06-24,2237
Mallotus metcalfianus,mallotus metcalfianus,mallotus metcalfianus,Mallotus metcalfianus,wfo-0000234620,wfo-0000234620,Euphorbiaceae,Mallotus,species,accepted,accepted,exact_accepted,exact_accepted_unique,1,1,1,WFO_offline_hierarchical,2026-06-24,2238
Vismia micrantha,vismia micrantha,vismia micrantha,Vismia micrantha,wfo-0001251910,wfo-0001251910,Hypericaceae,Vismia,species,accepted,accepted,exact_accepted,exact_accepted_unique,1,1,1,WFO_offline_hierarchical,2026-06-24,2239
Drimys winteri,drimys winteri,drimys winteri,Drimys winteri,wfo-0000656761,wfo-0000656761,Winteraceae,Drimys,species,accepted,accepted,exact_accepted,exact_accepted_unique,1,1,1,WFO_offline_hierarchical,2026-06-24,2240
Hymenaea parvifolia,hymenaea parvifolia,hymenaea parvifolia,Hymenaea parvifolia,wfo-0000165123,wfo-0000165123,Fabaceae,Hymenaea,species,accepted,accepted,exact_accepted,exact_accepted_unique,1,1,1,WFO_offline_hierarchical,2026-06-24,2241
Astilbe thunbergii,astilbe thunbergii,astilbe thunbergii,Astilbe thunbergii,wfo-0000552894,wfo-0000552894,Saxifragaceae,Astilbe,species,accepted,accepted,exact_accepted,exact_accepted_unique,1,1,1,WFO_offline_hierarchical,2026-06-24,2242
Astilbe rubra,astilbe rubra,astilbe rubra,Astilbe rubra,wfo-0000552882,wfo-0000552882,Saxifragaceae,Astilbe,species,accepted,accepted,exact_accepted,exact_accepted_unique,1,1,1,WFO_offline_hierarchical,2026-06-24,2243
Smilax lanceaefolia,smilax lanceaefolia,smilax lanceaefolia,NA,NA,NA,NA,NA,NA,NA,unresolved,unresolved,no_match,0,0,0,NA,2026-06-24,2244
Lyonia ovalifolia,lyonia ovalifolia,lyonia ovalifolia,Lyonia ovalifolia,wfo-0001047539,wfo-0001047539,Ericaceae,Lyonia,species,accepted,accepted,exact_accepted,exact_accepted_unique,1,1,1,WFO_offline_hierarchical,2026-06-24,2245
Bicuiba oleifera,bicuiba oleifera,bicuiba oleifera,Bicuiba oleifera,wfo-0000565132,wfo-0000565132,Myristicaceae,Bicuiba,species,accepted,accepted,exact_accepted,exact_accepted_unique,1,1,1,WFO_offline_hierarchical,2026-06-24,2246
Hymenaea martiana,hymenaea martiana,hymenaea martiana,Hymenaea martiana,wfo-0000173638,wfo-0000173638,Fabaceae,Hymenaea,species,accepted,accepted,exact_accepted,exact_accepted_unique,1,1,1,WFO_offline_hierarchical,2026-06-24,2247
Calliandra haematocephala,calliandra haematocephala,calliandra haematocephala,Calliandra haematocephala,wfo-0000173553,wfo-0000173553,Fabaceae,Calliandra,species,accepted,accepted,exact_accepted,exact_accepted_unique,1,1,1,WFO_offline_hierarchical,2026-06-24,2248
Coutarea latiflora,coutarea latiflora,coutarea latiflora,Hintonia latiflora,wfo-0000982487,wfo-0000982487,Rubiaceae,Hintonia,species,synonym,synonym,exact_synonym,exact_synonym_unique,1,1,1,WFO_offline_hierarchical,2026-06-24,2249
Hintonia latiflora,hintonia latiflora,hintonia latiflora,Hintonia latiflora,wfo-0000982487,wfo-0000982487,Rubiaceae,Hintonia,species,accepted,accepted,exact_accepted,exact_accepted_unique,1,1,1,WFO_offline_hierarchical,2026-06-24,2250
Exostema caribaeum,exostema caribaeum,exostema caribaeum,Exostema caribaeum,wfo-0000966139,wfo-0000966139,Rubiaceae,Exostema,species,accepted,accepted,exact_accepted,exact_accepted_unique,1,1,1,WFO_offline_hierarchical,2026-06-24,2251
Drimys granadensis,drimys granadensis,drimys granadensis,Drimys granadensis,wfo-0000656687,wfo-0000656687,Winteraceae,Drimys,species,accepted,accepted,exact_accepted,exact_accepted_unique,1,1,1,WFO_offline_hierarchical,2026-06-24,2252
Hypericum patulum,hypericum patulum,hypericum patulum,Hypericum patulum,wfo-0000728083,wfo-0000728083,Hypericaceae,Hypericum,species,accepted,accepted,exact_accepted,exact_accepted_unique,1,1,1,WFO_offline_hierarchical,2026-06-24,2253
Crataegus laevigata,crataegus laevigata,crataegus laevigata,Crataegus laevigata,wfo-0001009174,wfo-0001009174,Rosaceae,Crataegus,species,accepted,accepted,exact_accepted,exact_accepted_unique,1,1,1,WFO_offline_hierarchical,2026-06-24,2254
Picrasma quassioides,picrasma quassioides,picrasma quassioides,Picrasma quassioides,wfo-0000474766,wfo-0000474766,Simaroubaceae,Picrasma,species,accepted,accepted,exact_accepted,exact_accepted_unique,1,1,1,WFO_offline_hierarchical,2026-06-24,2255
Epimedium pubescens,epimedium pubescens,epimedium pubescens,Epimedium pubescens,wfo-0000670064,wfo-0000670064,Berberidaceae,Epimedium,species,accepted,accepted,exact_accepted,exact_accepted_unique,1,1,1,WFO_offline_hierarchical,2026-06-24,2256
Epimedium davidii,epimedium davidii,epimedium davidii,Epimedium davidii,wfo-0000669973,wfo-0000669973,Berberidaceae,Epimedium,species,accepted,accepted,exact_accepted,exact_accepted_unique,1,1,1,WFO_offline_hierarchical,2026-06-24,2257
Euodia rutaecarpa,euodia rutaecarpa,euodia rutaecarpa,NA,NA,NA,NA,NA,NA,NA,unresolved,unresolved,no_match,0,0,0,NA,2026-06-24,2258
Boerhavia repens,boerhavia repens,boerhavia repens,Boerhavia repens,wfo-0000568062,wfo-0000568062,Nyctaginaceae,Boerhavia,species,accepted,accepted,exact_accepted,exact_accepted_unique,1,1,1,WFO_offline_hierarchical,2026-06-24,2259
Scutellaria comosa,scutellaria comosa,scutellaria comosa,Scutellaria comosa,wfo-0000307730,wfo-0000307730,Lamiaceae,Scutellaria,species,accepted,accepted,exact_accepted,exact_accepted_unique,1,1,1,WFO_offline_hierarchical,2026-06-24,2260
Scutellaria immaculata,scutellaria immaculata,scutellaria immaculata,Scutellaria immaculata,wfo-0000307923,wfo-0000307923,Lamiaceae,Scutellaria,species,accepted,accepted,exact_accepted,exact_accepted_unique,1,1,1,WFO_offline_hierarchical,2026-06-24,2261
Scutellaria cordifrons,scutellaria cordifrons,scutellaria cordifrons,Scutellaria cordifrons,wfo-0000307740,wfo-0000307740,Lamiaceae,Scutellaria,species,accepted,accepted,exact_accepted,exact_accepted_unique,1,1,1,WFO_offline_hierarchical,2026-06-24,2262
Scutellaria phyllostachya,scutellaria phyllostachya,scutellaria phyllostachya,Scutellaria phyllostachya,wfo-0000308280,wfo-0000308280,Lamiaceae,Scutellaria,species,accepted,accepted,exact_accepted,exact_accepted_unique,1,1,1,WFO_offline_hierarchical,2026-06-24,2263
Dendroviguiera quinqueradiata,dendroviguiera quinqueradiata,dendroviguiera quinqueradiata,Viguiera quinqueradiata,wfo-0000072831,wfo-0000072831,Asteraceae,Viguiera,species,synonym,synonym,exact_synonym,exact_synonym_unique,1,1,1,WFO_offline_hierarchical,2026-06-24,2264
Cinnamomum kotoense,cinnamomum kotoense,cinnamomum kotoense,Cinnamomum kotoense,wfo-0000605164,wfo-0000605164,Lauraceae,Cinnamomum,species,accepted,accepted,exact_accepted,exact_accepted_unique,1,1,1,WFO_offline_hierarchical,2026-06-24,2265
Rhodiola fastigiata,rhodiola fastigiata,rhodiola fastigiata,Rhodiola fastigiata,wfo-0001299894,wfo-0001299894,Crassulaceae,Rhodiola,species,accepted,accepted,exact_accepted,exact_accepted_unique,1,1,1,WFO_offline_hierarchical,2026-06-24,2266
Justicia paniculata,justicia paniculata,justicia paniculata,NA,NA,NA,NA,NA,NA,NA,unresolved,exact_conflict,exact_synonym_conflict,3,3,3,NA,2026-06-24,2267
Ammodendron bifolium,ammodendron bifolium,ammodendron bifolium,Ammodendron bifolium,wfo-0000185596,wfo-0000185596,Fabaceae,Ammodendron,species,accepted,accepted,exact_accepted,exact_accepted_unique,1,1,1,WFO_offline_hierarchical,2026-06-24,2268
Maytenus boaria,maytenus boaria,maytenus boaria,Maytenus boaria,wfo-0000375129,wfo-0000375129,Celastraceae,Maytenus,species,accepted,accepted,exact_accepted,exact_accepted_unique,1,1,1,WFO_offline_hierarchical,2026-06-24,2269
Bahiopsis deltoidea,bahiopsis deltoidea,bahiopsis deltoidea,Viguiera deltoidea,wfo-0000034298,wfo-0000034298,Asteraceae,Viguiera,species,synonym,synonym,exact_synonym,exact_synonym_unique,1,1,1,WFO_offline_hierarchical,2026-06-24,2270
Bahiopsis lanata,bahiopsis lanata,bahiopsis lanata,Viguiera lanata,wfo-0000000625,wfo-0000000625,Asteraceae,Viguiera,species,synonym,synonym,exact_synonym,exact_synonym_unique,1,1,1,WFO_offline_hierarchical,2026-06-24,2271
Bahiopsis reticulata,bahiopsis reticulata,bahiopsis reticulata,Bahiopsis reticulata,wfo-0000006089,wfo-0000006089,Asteraceae,Bahiopsis,species,accepted,accepted,exact_accepted,exact_accepted_unique,1,1,1,WFO_offline_hierarchical,2026-06-24,2272
Bahiopsis subincisa,bahiopsis subincisa,bahiopsis subincisa,Bahiopsis subincisa,wfo-0000088091,wfo-0000088091,Asteraceae,Bahiopsis,species,accepted,accepted,exact_accepted,exact_accepted_unique,1,1,1,WFO_offline_hierarchical,2026-06-24,2273
Bahiopsis tomentosa,bahiopsis tomentosa,bahiopsis tomentosa,Bahiopsis tomentosa,wfo-0000083476,wfo-0000083476,Asteraceae,Bahiopsis,species,accepted,accepted,exact_accepted,exact_accepted_unique,1,1,1,WFO_offline_hierarchical,2026-06-24,2274
Viguiera dentata,viguiera dentata,viguiera dentata,Viguiera dentata,wfo-0000012918,wfo-0000012918,Asteraceae,Viguiera,species,accepted,accepted,exact_accepted,exact_accepted_unique,1,1,1,WFO_offline_hierarchical,2026-06-24,2275
Viguiera microphylla,viguiera microphylla,viguiera microphylla,Viguiera microphylla,wfo-0001130768,wfo-0001130768,Asteraceae,Viguiera,species,accepted,accepted,exact_accepted,exact_accepted_unique,1,1,1,WFO_offline_hierarchical,2026-06-24,2276
Viguiera deltoidea,viguiera deltoidea,viguiera deltoidea,Viguiera deltoidea,wfo-0000034298,wfo-0000034298,Asteraceae,Viguiera,species,accepted,accepted,exact_accepted,exact_accepted_unique,1,1,1,WFO_offline_hierarchical,2026-06-24,2277
Helianthus angustifolius,helianthus angustifolius,helianthus angustifolius,Helianthus angustifolius,wfo-0000066553,wfo-0000066553,Asteraceae,Helianthus,species,accepted,accepted,exact_accepted,exact_accepted_unique,1,1,1,WFO_offline_hierarchical,2026-06-24,2278
Helianthus carnosus,helianthus carnosus,helianthus carnosus,Helianthus carnosus,wfo-0000037051,wfo-0000037051,Asteraceae,Helianthus,species,accepted,accepted,exact_accepted,exact_accepted_unique,1,1,1,WFO_offline_hierarchical,2026-06-24,2279
Helianthus floridanus,helianthus floridanus,helianthus floridanus,Helianthus floridanus,wfo-0000035057,wfo-0000035057,Asteraceae,Helianthus,species,accepted,accepted,exact_accepted,exact_accepted_unique,1,1,1,WFO_offline_hierarchical,2026-06-24,2280
Helianthus heterophyllus,helianthus heterophyllus,helianthus heterophyllus,Helianthus heterophyllus,wfo-0000105698,wfo-0000105698,Asteraceae,Helianthus,species,accepted,accepted,exact_accepted,exact_accepted_unique,1,1,1,WFO_offline_hierarchical,2026-06-24,2281
Helianthus longifolius,helianthus longifolius,helianthus longifolius,Helianthus longifolius,wfo-0000116623,wfo-0000116623,Asteraceae,Helianthus,species,accepted,accepted,exact_accepted,exact_accepted_unique,1,1,1,WFO_offline_hierarchical,2026-06-24,2282
Helianthus radula,helianthus radula,helianthus radula,Helianthus radula,wfo-0000045849,wfo-0000045849,Asteraceae,Helianthus,species,accepted,accepted,exact_accepted,exact_accepted_unique,1,1,1,WFO_offline_hierarchical,2026-06-24,2283
Helianthus simulans,helianthus simulans,helianthus simulans,Helianthus simulans,wfo-0000003305,wfo-0000003305,Asteraceae,Helianthus,species,accepted,accepted,exact_accepted,exact_accepted_unique,1,1,1,WFO_offline_hierarchical,2026-06-24,2284
Calanticaria bicolor,calanticaria bicolor,calanticaria bicolor,Calanticaria bicolor,wfo-0000019742,wfo-0000019742,Asteraceae,Calanticaria,species,accepted,accepted,exact_accepted,exact_accepted_unique,1,1,1,WFO_offline_hierarchical,2026-06-24,2285
Calanticaria brevifolia,calanticaria brevifolia,calanticaria brevifolia,Calanticaria brevifolia,wfo-0000069779,wfo-0000069779,Asteraceae,Calanticaria,species,accepted,accepted,exact_accepted,exact_accepted_unique,1,1,1,WFO_offline_hierarchical,2026-06-24,2286
Calanticaria greggii,calanticaria greggii,calanticaria greggii,Calanticaria greggii,wfo-0000028519,wfo-0000028519,Asteraceae,Calanticaria,species,accepted,accepted,exact_accepted,exact_accepted_unique,1,1,1,WFO_offline_hierarchical,2026-06-24,2287
Viguiera greggii,viguiera greggii,viguiera greggii,Calanticaria greggii,wfo-0000028519,wfo-0000028519,Asteraceae,Calanticaria,species,synonym,synonym,exact_synonym,exact_synonym_unique,1,1,1,WFO_offline_hierarchical,2026-06-24,2288
Cinnamomum triplinerve,cinnamomum triplinerve,cinnamomum triplinerve,Aiouea montana,wfo-0001421696,wfo-0001421696,Lauraceae,Aiouea,species,synonym,synonym,exact_synonym,exact_synonym_unique,1,1,1,WFO_offline_hierarchical,2026-06-24,2289
Ocotea porphyria,ocotea porphyria,ocotea porphyria,Ocotea porphyria,wfo-0001231380,wfo-0001231380,Lauraceae,Ocotea,species,accepted,accepted,exact_accepted,exact_accepted_unique,1,1,1,WFO_offline_hierarchical,2026-06-24,2290
Pseudocydonia sinensis,pseudocydonia sinensis,pseudocydonia sinensis,Pseudocydonia sinensis,wfo-0001014223,wfo-0001014223,Rosaceae,Pseudocydonia,species,accepted,accepted,exact_accepted,exact_accepted_unique,1,1,1,WFO_offline_hierarchical,2026-06-24,2291
Chaenomeles sinensis,chaenomeles sinensis,chaenomeles sinensis,Pseudocydonia sinensis,wfo-0001014223,wfo-0001014223,Rosaceae,Pseudocydonia,species,synonym,synonym,exact_synonym,exact_synonym_unique,1,1,1,WFO_offline_hierarchical,2026-06-24,2292
Ouratea multiflora,ouratea multiflora,ouratea multiflora,Ouratea multiflora,wfo-0001087211,wfo-0001087211,Ochnaceae,Ouratea,species,accepted,accepted,exact_accepted,exact_accepted_unique,1,1,1,WFO_offline_hierarchical,2026-06-24,2293
Artemisia vulgaris,artemisia vulgaris,artemisia vulgaris,Artemisia vulgaris,wfo-0000115588,wfo-0000115588,Asteraceae,Artemisia,species,accepted,accepted,exact_accepted,exact_accepted_unique,1,1,1,WFO_offline_hierarchical,2026-06-24,2294
Aglaia forbesii,aglaia forbesii,aglaia forbesii,Aglaia forbesii,wfo-0000524077,wfo-0000524077,Meliaceae,Aglaia,species,accepted,accepted,exact_accepted,exact_accepted_unique,1,1,1,WFO_offline_hierarchical,2026-06-24,2295
Actaea racemosa,actaea racemosa,actaea racemosa,Actaea racemosa,wfo-0000519114,wfo-0000519114,Ranunculaceae,Actaea,species,accepted,accepted,exact_accepted,exact_accepted_unique,1,1,1,WFO_offline_hierarchical,2026-06-24,2296
Astragalus clusii,astragalus clusii,astragalus clusii,NA,NA,NA,NA,NA,NA,NA,unresolved,exact_conflict,exact_synonym_conflict,3,3,3,NA,2026-06-24,2297
Trifolium alpestre,trifolium alpestre,trifolium alpestre,Trifolium alpestre,wfo-0000213941,wfo-0000213941,Fabaceae,Trifolium,species,accepted,accepted,exact_accepted,exact_accepted_unique,1,1,1,WFO_offline_hierarchical,2026-06-24,2298
Trifolium medium,trifolium medium,trifolium medium,Trifolium medium,wfo-0000213979,wfo-0000213979,Fabaceae,Trifolium,species,accepted,accepted,exact_accepted,exact_accepted_unique,1,1,1,WFO_offline_hierarchical,2026-06-24,2299
Cicer,cicer,cicer,Cicer,wfo-4000008302,wfo-4000008302,Fabaceae,Cicer,genus,accepted,accepted,exact_accepted,exact_accepted_unique,1,1,1,WFO_offline_hierarchical,2026-06-24,2300
Cicer baldshuanicum,cicer baldshuanicum,cicer baldshuanicum,Cicer baldshuanicum,wfo-0000207351,wfo-0000207351,Fabaceae,Cicer,species,accepted,accepted,exact_accepted,exact_accepted_unique,1,1,1,WFO_offline_hierarchical,2026-06-24,2301
Thermopsis,thermopsis,thermopsis,Thermopsis,wfo-4000038177,wfo-4000038177,Fabaceae,Thermopsis,genus,accepted,accepted,exact_accepted,exact_accepted_unique,1,1,1,WFO_offline_hierarchical,2026-06-24,2302
Caragana microphylla,caragana microphylla,caragana microphylla,Caragana microphylla,wfo-0000194800,wfo-0000194800,Fabaceae,Caragana,species,accepted,accepted,exact_accepted,exact_accepted_unique,1,1,1,WFO_offline_hierarchical,2026-06-24,2303
Genista sessilifolia,genista sessilifolia,genista sessilifolia,Genista sessilifolia,wfo-0000213765,wfo-0000213765,Fabaceae,Genista,species,accepted,accepted,exact_accepted,exact_accepted_unique,1,1,1,WFO_offline_hierarchical,2026-06-24,2304
Tipuana tipu,tipuana tipu,tipuana tipu,Tipuana tipu,wfo-0000172971,wfo-0000172971,Fabaceae,Tipuana,species,accepted,accepted,exact_accepted,exact_accepted_unique,1,1,1,WFO_offline_hierarchical,2026-06-24,2305
Cicer montbretii,cicer montbretii,cicer montbretii,Cicer montbretii,wfo-0000213682,wfo-0000213682,Fabaceae,Cicer,species,accepted,accepted,exact_accepted,exact_accepted_unique,1,1,1,WFO_offline_hierarchical,2026-06-24,2306
Cicer rechingeri,cicer rechingeri,cicer rechingeri,Cicer rechingeri,wfo-0000185219,wfo-0000185219,Fabaceae,Cicer,species,accepted,accepted,exact_accepted,exact_accepted_unique,1,1,1,WFO_offline_hierarchical,2026-06-24,2307
Medicago arabica,medicago arabica,medicago arabica,Medicago arabica,wfo-0000213417,wfo-0000213417,Fabaceae,Medicago,species,accepted,accepted,exact_accepted,exact_accepted_unique,1,1,1,WFO_offline_hierarchical,2026-06-24,2308
Medicago radiata,medicago radiata,medicago radiata,Medicago radiata,wfo-0000186242,wfo-0000186242,Fabaceae,Medicago,species,accepted,accepted,exact_accepted,exact_accepted_unique,1,1,1,WFO_offline_hierarchical,2026-06-24,2309
Trigonella spicata,trigonella spicata,trigonella spicata,Trigonella spicata,wfo-0000185449,wfo-0000185449,Fabaceae,Trigonella,species,accepted,accepted,exact_accepted,exact_accepted_unique,1,1,1,WFO_offline_hierarchical,2026-06-24,2310
Fordia cauliflora,fordia cauliflora,fordia cauliflora,Fordia cauliflora,wfo-0000185921,wfo-0000185921,Fabaceae,Fordia,species,accepted,accepted,exact_accepted,exact_accepted_unique,1,1,1,WFO_offline_hierarchical,2026-06-24,2311
Trifolium arvense,trifolium arvense,trifolium arvense,Trifolium arvense,wfo-0000212967,wfo-0000212967,Fabaceae,Trifolium,species,accepted,accepted,exact_accepted,exact_accepted_unique,1,1,1,WFO_offline_hierarchical,2026-06-24,2312
Trifolium pannonicum,trifolium pannonicum,trifolium pannonicum,Trifolium pannonicum,wfo-0000213992,wfo-0000213992,Fabaceae,Trifolium,species,accepted,accepted,exact_accepted,exact_accepted_unique,1,1,1,WFO_offline_hierarchical,2026-06-24,2313
Trifolium rubens,trifolium rubens,trifolium rubens,Trifolium rubens,wfo-0000214000,wfo-0000214000,Fabaceae,Trifolium,species,accepted,accepted,exact_accepted,exact_accepted_unique,1,1,1,WFO_offline_hierarchical,2026-06-24,2314
Baptisia alba,baptisia alba,baptisia alba,Baptisia alba,wfo-0001349863,wfo-0001349863,Fabaceae,Baptisia,species,accepted,accepted,exact_accepted,exact_accepted_unique,1,1,1,WFO_offline_hierarchical,2026-06-24,2315
Baptisia arachnifera,baptisia arachnifera,baptisia arachnifera,Baptisia arachnifera,wfo-0000163885,wfo-0000163885,Fabaceae,Baptisia,species,accepted,accepted,exact_accepted,exact_accepted_unique,1,1,1,WFO_offline_hierarchical,2026-06-24,2316
Baptisia bracteata,baptisia bracteata,baptisia bracteata,Baptisia bracteata,wfo-0000182250,wfo-0000182250,Fabaceae,Baptisia,species,accepted,accepted,exact_accepted,exact_accepted_unique,1,1,1,WFO_offline_hierarchical,2026-06-24,2317
Baptisia calycosa,baptisia calycosa,baptisia calycosa,Baptisia calycosa,wfo-1200001712,wfo-1200001712,Fabaceae,Baptisia,species,accepted,accepted,exact_accepted,exact_accepted_unique,1,1,1,WFO_offline_hierarchical,2026-06-24,2318
Baptisia cinerea,baptisia cinerea,baptisia cinerea,Baptisia cinerea,wfo-0000163889,wfo-0000163889,Fabaceae,Baptisia,species,accepted,accepted,exact_accepted,exact_accepted_unique,1,1,1,WFO_offline_hierarchical,2026-06-24,2319
Baptisia lanceolata,baptisia lanceolata,baptisia lanceolata,Baptisia lanceolata,wfo-0000174810,wfo-0000174810,Fabaceae,Baptisia,species,accepted,accepted,exact_accepted,exact_accepted_unique,1,1,1,WFO_offline_hierarchical,2026-06-24,2320
Baptisia lecontei,baptisia lecontei,baptisia lecontei,Baptisia lecontei,wfo-0000174809,wfo-0000174809,Fabaceae,Baptisia,species,accepted,accepted,exact_accepted,exact_accepted_unique,1,1,1,WFO_offline_hierarchical,2026-06-24,2321
Baptisia megacarpa,baptisia megacarpa,baptisia megacarpa,Baptisia megacarpa,wfo-0000178781,wfo-0000178781,Fabaceae,Baptisia,species,accepted,accepted,exact_accepted,exact_accepted_unique,1,1,1,WFO_offline_hierarchical,2026-06-24,2322
Baptisia nuttalliana,baptisia nuttalliana,baptisia nuttalliana,Baptisia nuttalliana,wfo-0000163891,wfo-0000163891,Fabaceae,Baptisia,species,accepted,accepted,exact_accepted,exact_accepted_unique,1,1,1,WFO_offline_hierarchical,2026-06-24,2323
Baptisia perfoliata,baptisia perfoliata,baptisia perfoliata,Baptisia perfoliata,wfo-0000178782,wfo-0000178782,Fabaceae,Baptisia,species,accepted,accepted,exact_accepted,exact_accepted_unique,1,1,1,WFO_offline_hierarchical,2026-06-24,2324
Baptisia simplicifolia,baptisia simplicifolia,baptisia simplicifolia,Baptisia simplicifolia,wfo-0000178783,wfo-0000178783,Fabaceae,Baptisia,species,accepted,accepted,exact_accepted,exact_accepted_unique,1,1,1,WFO_offline_hierarchical,2026-06-24,2325
Baptisia sphaerocarpa,baptisia sphaerocarpa,baptisia sphaerocarpa,Baptisia sphaerocarpa,wfo-0000178539,wfo-0000178539,Fabaceae,Baptisia,species,accepted,accepted,exact_accepted,exact_accepted_unique,1,1,1,WFO_offline_hierarchical,2026-06-24,2326
Baptisia tinctoria,baptisia tinctoria,baptisia tinctoria,Baptisia tinctoria,wfo-0000179156,wfo-0000179156;wfo-0001417157,Fabaceae,Baptisia,species,accepted,accepted,exact_accepted,exact_accepted_consensus_multiple_ids,2,2,1,WFO_offline_hierarchical,2026-06-24,2327
Thermopsis mollis,thermopsis mollis,thermopsis mollis,Thermopsis mollis,wfo-0001055161,wfo-0001055161,Fabaceae,Thermopsis,species,accepted,accepted,exact_accepted,exact_accepted_unique,1,1,1,WFO_offline_hierarchical,2026-06-24,2328
Thermopsis villosa,thermopsis villosa,thermopsis villosa,Thermopsis villosa,wfo-0000194933,wfo-0000194933,Fabaceae,Thermopsis,species,accepted,accepted,exact_accepted,exact_accepted_unique,1,1,1,WFO_offline_hierarchical,2026-06-24,2329
Dalbergia inundata,dalbergia inundata,dalbergia inundata,Dalbergia inundata,wfo-0000169014,wfo-0000169014,Fabaceae,Dalbergia,species,accepted,accepted,exact_accepted,exact_accepted_unique,1,1,1,WFO_offline_hierarchical,2026-06-24,2330
Echinospartum horridum,echinospartum horridum,echinospartum horridum,Echinospartum horridum,wfo-0000186911,wfo-0000186911,Fabaceae,Echinospartum,species,accepted,accepted,exact_accepted,exact_accepted_unique,1,1,1,WFO_offline_hierarchical,2026-06-24,2331
Machaerium kuhlmannii,machaerium kuhlmannii,machaerium kuhlmannii,Machaerium nyctitans var. nyctitans,wfo-0000179680,wfo-0000179680,Fabaceae,Machaerium,variety,synonym,synonym,exact_synonym,exact_synonym_unique,1,1,1,WFO_offline_hierarchical,2026-06-24,2332
Machaerium nyctitans,machaerium nyctitans,machaerium nyctitans,Machaerium nyctitans,wfo-0000174405,wfo-0000174405,Fabaceae,Machaerium,species,accepted,accepted,exact_accepted,exact_accepted_unique,1,1,1,WFO_offline_hierarchical,2026-06-24,2333
Machaerium vestitum,machaerium vestitum,machaerium vestitum,Machaerium brasiliense,wfo-0000179078,wfo-0000179078,Fabaceae,Machaerium,species,synonym,synonym,exact_synonym,exact_synonym_unique,1,1,1,WFO_offline_hierarchical,2026-06-24,2334
Dalbergia frutescens,dalbergia frutescens,dalbergia frutescens,Dalbergia frutescens,wfo-0000169003,wfo-0000169003,Fabaceae,Dalbergia,species,accepted,accepted,exact_accepted,exact_accepted_unique,1,1,1,WFO_offline_hierarchical,2026-06-24,2335
Centrolobium robustum,centrolobium robustum,centrolobium robustum,Centrolobium robustum,wfo-0000174029,wfo-0000174029,Fabaceae,Centrolobium,species,accepted,accepted,exact_accepted,exact_accepted_unique,1,1,1,WFO_offline_hierarchical,2026-06-24,2336
Taverniera abyssinica,taverniera abyssinica,taverniera abyssinica,Taverniera abyssinica,wfo-0000205023,wfo-0000205023,Fabaceae,Taverniera,species,accepted,accepted,exact_accepted,exact_accepted_unique,1,1,1,WFO_offline_hierarchical,2026-06-24,2337
Dalbergia baronii,dalbergia baronii,dalbergia baronii,Dalbergia baronii,wfo-0000197986,wfo-0000197986,Fabaceae,Dalbergia,species,accepted,accepted,exact_accepted,exact_accepted_unique,1,1,1,WFO_offline_hierarchical,2026-06-24,2338
Cladrastis kentukea,cladrastis kentukea,cladrastis kentukea,Cladrastis kentukea,wfo-0000164323,wfo-0000164323,Fabaceae,Cladrastis,species,accepted,accepted,exact_accepted,exact_accepted_unique,1,1,1,WFO_offline_hierarchical,2026-06-24,2339
Medicago laciniata,medicago laciniata,medicago laciniata,Medicago laciniata,wfo-0000213448,wfo-0000213448,Fabaceae,Medicago,species,accepted,accepted,exact_accepted,exact_accepted_unique,1,1,1,WFO_offline_hierarchical,2026-06-24,2340
Medicago polyceratia,medicago polyceratia,medicago polyceratia,Medicago polyceratia,wfo-0000185446,wfo-0000185446,Fabaceae,Medicago,species,accepted,accepted,exact_accepted,exact_accepted_unique,1,1,1,WFO_offline_hierarchical,2026-06-24,2341
Trigonella arabica,trigonella arabica,trigonella arabica,Trigonella arabica,wfo-0000212936,wfo-0000212936,Fabaceae,Trigonella,species,accepted,accepted,exact_accepted,exact_accepted_unique,1,1,1,WFO_offline_hierarchical,2026-06-24,2342
Trigonella cylindracea,trigonella cylindracea,trigonella cylindracea,Trigonella cylindracea,wfo-0000188818,wfo-0000188818,Fabaceae,Trigonella,species,accepted,accepted,exact_accepted,exact_accepted_unique,1,1,1,WFO_offline_hierarchical,2026-06-24,2343
Trigonella glabra,trigonella glabra,trigonella glabra,Trigonella glabra,wfo-0000185439,wfo-0000185439,Fabaceae,Trigonella,species,accepted,accepted,exact_accepted,exact_accepted_unique,1,1,1,WFO_offline_hierarchical,2026-06-24,2344
Trigonella laciniata,trigonella laciniata,trigonella laciniata,Trigonella laciniata,wfo-0000212946,wfo-0000212946,Fabaceae,Trigonella,species,accepted,accepted,exact_accepted,exact_accepted_unique,1,1,1,WFO_offline_hierarchical,2026-06-24,2345
Trigonella maritima,trigonella maritima,trigonella maritima,Trigonella maritima,wfo-0000212947,wfo-0000212947,Fabaceae,Trigonella,species,accepted,accepted,exact_accepted,exact_accepted_unique,1,1,1,WFO_offline_hierarchical,2026-06-24,2346
Trigonella stellata,trigonella stellata,trigonella stellata,Trigonella stellata,wfo-0000212955,wfo-0000212955,Fabaceae,Trigonella,species,accepted,accepted,exact_accepted,exact_accepted_unique,1,1,1,WFO_offline_hierarchical,2026-06-24,2347
Trifolium fragiferum,trifolium fragiferum,trifolium fragiferum,Trifolium fragiferum,wfo-0000213002,wfo-0000213002,Fabaceae,Trifolium,species,accepted,accepted,exact_accepted,exact_accepted_unique,1,1,1,WFO_offline_hierarchical,2026-06-24,2348
Dalbergia cultrata,dalbergia cultrata,dalbergia cultrata,Dalbergia cultrata,wfo-0000199944,wfo-0000199944,Fabaceae,Dalbergia,species,accepted,accepted,exact_accepted,exact_accepted_unique,1,1,1,WFO_offline_hierarchical,2026-06-24,2349
Knema glomerata,knema glomerata,knema glomerata,Knema glomerata,wfo-0001262709,wfo-0001262709,Myristicaceae,Knema,species,accepted,accepted,exact_accepted,exact_accepted_unique,1,1,1,WFO_offline_hierarchical,2026-06-24,2350
Pycnanthus angolensis,pycnanthus angolensis,pycnanthus angolensis,Pycnanthus angolensis,wfo-0000476435,wfo-0000476435,Myristicaceae,Pycnanthus,species,accepted,accepted,exact_accepted,exact_accepted_unique,1,1,1,WFO_offline_hierarchical,2026-06-24,2351
Castanospermum australe,castanospermum australe,castanospermum australe,Castanospermum australe,wfo-0001034136,wfo-0001034136,Fabaceae,Castanospermum,species,accepted,accepted,exact_accepted,exact_accepted_unique,1,1,1,WFO_offline_hierarchical,2026-06-24,2352
Centrosema virginianum,centrosema virginianum,centrosema virginianum,Centrosema virginianum,wfo-0000179164,wfo-0000179164,Fabaceae,Centrosema,species,accepted,accepted,exact_accepted,exact_accepted_unique,1,1,1,WFO_offline_hierarchical,2026-06-24,2353
Cyclopia sessiliflora,cyclopia sessiliflora,cyclopia sessiliflora,Cyclopia sessiliflora,wfo-0000197833,wfo-0000197833,Fabaceae,Cyclopia,species,accepted,accepted,exact_accepted,exact_accepted_unique,1,1,1,WFO_offline_hierarchical,2026-06-24,2354
Polygala virgata,polygala virgata,polygala virgata,Polygala virgata,wfo-0001100419,wfo-0001100419,Polygalaceae,Polygala,species,accepted,accepted,exact_accepted,exact_accepted_unique,1,1,1,WFO_offline_hierarchical,2026-06-24,2355
Waltheria communis,waltheria communis,waltheria communis,Waltheria communis,wfo-0000427342,wfo-0000427342,Malvaceae,Waltheria,species,accepted,accepted,exact_accepted,exact_accepted_unique,1,1,1,WFO_offline_hierarchical,2026-06-24,2356
Zanthoxylum fagara,zanthoxylum fagara,zanthoxylum fagara,Zanthoxylum fagara,wfo-0000429502,wfo-0000429502,Rutaceae,Zanthoxylum,species,accepted,accepted,exact_accepted,exact_accepted_unique,1,1,1,WFO_offline_hierarchical,2026-06-24,2357
Guibourtia tessmannii,guibourtia tessmannii,guibourtia tessmannii,Guibourtia tessmannii,wfo-0000168514,wfo-0000168514,Fabaceae,Guibourtia,species,accepted,accepted,exact_accepted,exact_accepted_unique,1,1,1,WFO_offline_hierarchical,2026-06-24,2358
Kalmia angustifolia,kalmia angustifolia,kalmia angustifolia,Kalmia angustifolia,wfo-0000356149,wfo-0000356149,Ericaceae,Kalmia,species,accepted,accepted,exact_accepted,exact_accepted_unique,1,1,1,WFO_offline_hierarchical,2026-06-24,2359
Kalmia polifolia,kalmia polifolia,kalmia polifolia,Kalmia polifolia,wfo-0000356138,wfo-0000356138,Ericaceae,Kalmia,species,accepted,accepted,exact_accepted,exact_accepted_unique,1,1,1,WFO_offline_hierarchical,2026-06-24,2360
Pieris floribunda,pieris floribunda,pieris floribunda,Pieris floribunda,wfo-0001047057,wfo-0001047057,Ericaceae,Pieris,species,accepted,accepted,exact_accepted,exact_accepted_unique,1,1,1,WFO_offline_hierarchical,2026-06-24,2361
Saussurea mongolica,saussurea mongolica,saussurea mongolica,Saussurea mongolica,wfo-0000006324,wfo-0000006324,Asteraceae,Saussurea,species,accepted,accepted,exact_accepted,exact_accepted_unique,1,1,1,WFO_offline_hierarchical,2026-06-24,2362
Eschscholzia californica,eschscholzia californica,eschscholzia californica,Eschscholzia californica,wfo-0000680430,wfo-0000680430,Papaveraceae,Eschscholzia,species,accepted,accepted,exact_accepted,exact_accepted_unique,1,1,1,WFO_offline_hierarchical,2026-06-24,2363
Cycas beddomei,cycas beddomei,cycas beddomei,Cycas beddomei,wfo-0000631499,wfo-0000631499,Cycadaceae,Cycas,species,accepted,accepted,exact_accepted,exact_accepted_unique,1,1,1,WFO_offline_hierarchical,2026-06-24,2364
Platanus hispanica,platanus hispanica,platanus hispanica,NA,NA,NA,NA,NA,NA,NA,unresolved,unresolved,no_match,0,0,0,NA,2026-06-24,2365
Platanus hybrida,platanus hybrida,platanus hybrida,NA,NA,NA,NA,NA,NA,NA,unresolved,unresolved,no_match,0,0,0,NA,2026-06-24,2366
Platanus acerifolia,platanus acerifolia,platanus acerifolia,Platanus acerifolia,wfo-0001095140,wfo-0001095140,Platanaceae,Platanus,species,accepted,accepted,exact_accepted,exact_accepted_unique,1,1,1,WFO_offline_hierarchical,2026-06-24,2367
Aronia melanocarpa,aronia melanocarpa,aronia melanocarpa,Aronia melanocarpa,wfo-0001018304,wfo-0001018304,Rosaceae,Aronia,species,accepted,accepted,exact_accepted,exact_accepted_unique,1,1,1,WFO_offline_hierarchical,2026-06-24,2368
Ribes uva-crispa,ribes uva-crispa,ribes uva-crispa,Ribes uva-crispa,wfo-0000405193,wfo-0000405193,Grossulariaceae,Ribes,species,accepted,accepted,exact_accepted,exact_accepted_unique,1,1,1,WFO_offline_hierarchical,2026-06-24,2369
Sambucus nigra,sambucus nigra,sambucus nigra,Sambucus nigra,wfo-0000439308,wfo-0000439308,Viburnaceae,Sambucus,species,accepted,accepted,exact_accepted,exact_accepted_unique,1,1,1,WFO_offline_hierarchical,2026-06-24,2370
Trichosanthes cucumerina,trichosanthes cucumerina,trichosanthes cucumerina,Trichosanthes cucumerina,wfo-0000408012,wfo-0000408012,Cucurbitaceae,Trichosanthes,species,accepted,accepted,exact_accepted,exact_accepted_unique,1,1,1,WFO_offline_hierarchical,2026-06-24,2371
Trichosanthes anguina,trichosanthes anguina,trichosanthes anguina,Trichosanthes cucumerina,wfo-0000408012,wfo-0000408012,Cucurbitaceae,Trichosanthes,species,synonym,synonym,exact_synonym,exact_synonym_unique,1,1,1,WFO_offline_hierarchical,2026-06-24,2372
Glycosmis craibii,glycosmis craibii,glycosmis craibii,Glycosmis craibii,wfo-0000704486,wfo-0000704486,Rutaceae,Glycosmis,species,accepted,accepted,exact_accepted,exact_accepted_unique,1,1,1,WFO_offline_hierarchical,2026-06-24,2373
Werneria nubigena,werneria nubigena,werneria nubigena,Werneria nubigena,wfo-0000003642,wfo-0000003642,Asteraceae,Werneria,species,accepted,accepted,exact_accepted,exact_accepted_unique,1,1,1,WFO_offline_hierarchical,2026-06-24,2374
Artemisia capillaris,artemisia capillaris,artemisia capillaris,Artemisia capillaris,wfo-0000115024,wfo-0000115024,Asteraceae,Artemisia,species,accepted,accepted,exact_accepted,exact_accepted_unique,1,1,1,WFO_offline_hierarchical,2026-06-24,2375
Tephrosia bidwillii,tephrosia bidwillii,tephrosia bidwillii,Tephrosia bidwillii,wfo-0000185885,wfo-0000185885,Fabaceae,Tephrosia,species,accepted,accepted,exact_accepted,exact_accepted_unique,1,1,1,WFO_offline_hierarchical,2026-06-24,2376
Metrodorea stipularis,metrodorea stipularis,metrodorea stipularis,Metrodorea stipularis,wfo-0001247519,wfo-0001247519,Rutaceae,Metrodorea,species,accepted,accepted,exact_accepted,exact_accepted_unique,1,1,1,WFO_offline_hierarchical,2026-06-24,2377
Elaeodendron transvaalense,elaeodendron transvaalense,elaeodendron transvaalense,Elaeodendron transvaalense,wfo-0000665029,wfo-0000665029,Celastraceae,Elaeodendron,species,accepted,accepted,exact_accepted,exact_accepted_unique,1,1,1,WFO_offline_hierarchical,2026-06-24,2378
Citrus funadoko,citrus funadoko,citrus funadoko,Citrus × aurantium nothof. aurantium,wfo-1200112333,wfo-1200112333,Rutaceae,Citrus,form,synonym,synonym,exact_synonym,exact_synonym_unique,1,1,1,WFO_offline_hierarchical,2026-06-24,2379
Tadehagi triquetrum,tadehagi triquetrum,tadehagi triquetrum,Tadehagi triquetrum,wfo-0000200220,wfo-0000200220,Fabaceae,Tadehagi,species,accepted,accepted,exact_accepted,exact_accepted_unique,1,1,1,WFO_offline_hierarchical,2026-06-24,2380
Phyllodium pulchellum,phyllodium pulchellum,phyllodium pulchellum,Phyllodium pulchellum,wfo-0000186274,wfo-0000186274,Fabaceae,Phyllodium,species,accepted,accepted,exact_accepted,exact_accepted_unique,1,1,1,WFO_offline_hierarchical,2026-06-24,2381
Pachyrhizus,pachyrhizus,pachyrhizus,Pachyrhizus,wfo-4000027698,wfo-4000027698,Fabaceae,Pachyrhizus,genus,accepted,accepted,exact_accepted,exact_accepted_unique,1,1,1,WFO_offline_hierarchical,2026-06-24,2382
Micromeles ferruginea,micromeles ferruginea,micromeles ferruginea,Thomsonaria ferruginea,wfo-1000007916,wfo-1000007916,Rosaceae,Thomsonaria,species,synonym,synonym,exact_synonym,exact_synonym_unique,1,1,1,WFO_offline_hierarchical,2026-06-24,2383
Uvaria ferruginea,uvaria ferruginea,uvaria ferruginea,Uvaria ferruginea,wfo-1000041775,wfo-1000041775,Annonaceae,Uvaria,species,accepted,accepted,exact_accepted,exact_accepted_unique,1,1,1,WFO_offline_hierarchical,2026-06-24,2384
Aframomum cereum,aframomum cereum,aframomum cereum,NA,NA,NA,NA,NA,NA,NA,unresolved,unresolved,no_match,0,0,0,NA,2026-06-24,2385
Amomum sceptrum,amomum sceptrum,amomum sceptrum,Aframomum sceptrum,wfo-0000338106,wfo-0000338106,Zingiberaceae,Aframomum,species,synonym,synonym,exact_synonym,exact_synonym_unique,1,1,1,WFO_offline_hierarchical,2026-06-24,2386
Siparuna thecaphora,siparuna thecaphora,siparuna thecaphora,Siparuna thecaphora,wfo-0000506004,wfo-0000506004,Siparunaceae,Siparuna,species,accepted,accepted,exact_accepted,exact_accepted_unique,1,1,1,WFO_offline_hierarchical,2026-06-24,2387
Adenocarpus complicatus,adenocarpus complicatus,adenocarpus complicatus,Adenocarpus complicatus,wfo-0000204387,wfo-0000204387;wfo-0001033772,Fabaceae,Adenocarpus,species,accepted,accepted,exact_accepted,exact_accepted_consensus_multiple_ids,2,2,1,WFO_offline_hierarchical,2026-06-24,2388
Pterospartum tridentatum,pterospartum tridentatum,pterospartum tridentatum,Genista tridentata,wfo-0000213379,wfo-0000213379,Fabaceae,Genista,species,synonym,synonym,exact_synonym,exact_synonym_unique,1,1,1,WFO_offline_hierarchical,2026-06-24,2389
Genista lydia,genista lydia,genista lydia,Genista lydia,wfo-0000213748,wfo-0000213748,Fabaceae,Genista,species,accepted,accepted,exact_accepted,exact_accepted_unique,1,1,1,WFO_offline_hierarchical,2026-06-24,2390
Selaginella sinensis,selaginella sinensis,selaginella sinensis,Selaginella sinensis,wfo-0001127258,wfo-0001127258,Selaginellaceae,Selaginella,species,accepted,accepted,exact_accepted,exact_accepted_unique,1,1,1,WFO_offline_hierarchical,2026-06-24,2391
Achlys triphylla,achlys triphylla,achlys triphylla,Achlys triphylla,wfo-0000516103,wfo-0000516103,Berberidaceae,Achlys,species,accepted,accepted,exact_accepted,exact_accepted_unique,1,1,1,WFO_offline_hierarchical,2026-06-24,2392
Hylodesmum podocarpum,hylodesmum podocarpum,hylodesmum podocarpum,Hylodesmum podocarpum,wfo-0000205445,wfo-0000205445,Fabaceae,Hylodesmum,species,accepted,accepted,exact_accepted,exact_accepted_unique,1,1,1,WFO_offline_hierarchical,2026-06-24,2393
Pinus hartwegii,pinus hartwegii,pinus hartwegii,Pinus hartwegii,wfo-0000481375,wfo-0000481375,Pinaceae,Pinus,species,accepted,accepted,exact_accepted,exact_accepted_unique,1,1,1,WFO_offline_hierarchical,2026-06-24,2394
Neorautanenia,neorautanenia,neorautanenia,Neorautanenia,wfo-4000025822,wfo-4000025822,Fabaceae,Neorautanenia,genus,accepted,accepted,exact_accepted,exact_accepted_unique,1,1,1,WFO_offline_hierarchical,2026-06-24,2395
Chamaecytisus supinus,chamaecytisus supinus,chamaecytisus supinus,Chamaecytisus supinus,wfo-0000213676,wfo-0000213676,Fabaceae,Chamaecytisus,species,accepted,accepted,exact_accepted,exact_accepted_unique,1,1,1,WFO_offline_hierarchical,2026-06-24,2396
Cytisus austriacus,cytisus austriacus,cytisus austriacus,Chamaecytisus austriacus,wfo-0000213643,wfo-0000213643,Fabaceae,Chamaecytisus,species,synonym,synonym,exact_synonym,exact_synonym_unique,1,1,1,WFO_offline_hierarchical,2026-06-24,2397
Cytisus eriocarpus,cytisus eriocarpus,cytisus eriocarpus,NA,NA,NA,NA,NA,NA,NA,unresolved,exact_conflict,exact_synonym_conflict,2,2,2,NA,2026-06-24,2398
Alsophila spinulosa,alsophila spinulosa,alsophila spinulosa,Alsophila spinulosa,wfo-0001126562,wfo-0001126562,Cyatheaceae,Alsophila,species,accepted,accepted,exact_accepted,exact_accepted_unique,1,1,1,WFO_offline_hierarchical,2026-06-24,2399
Cyclolobium claussenii,cyclolobium claussenii,cyclolobium claussenii,Cyclolobium brasiliense,wfo-0000174090,wfo-0000174090,Fabaceae,Cyclolobium,species,synonym,synonym,exact_synonym,exact_synonym_unique,1,1,1,WFO_offline_hierarchical,2026-06-24,2400
Scutellaria,scutellaria,scutellaria,Scutellaria,wfo-4000034856,wfo-4000034856,Lamiaceae,Scutellaria,genus,accepted,accepted,exact_accepted,exact_accepted_unique,1,1,1,WFO_offline_hierarchical,2026-06-24,2401
Pericallis cruenta,pericallis cruenta,pericallis cruenta,Pericallis cruenta,wfo-0000139031,wfo-0000139031,Asteraceae,Pericallis,species,accepted,accepted,exact_accepted,exact_accepted_unique,1,1,1,WFO_offline_hierarchical,2026-06-24,2402
Senecio cruentus,senecio cruentus,senecio cruentus,Pericallis cruenta,wfo-0000139031,wfo-0000139031,Asteraceae,Pericallis,species,synonym,synonym,exact_synonym,exact_synonym_unique,1,1,1,WFO_offline_hierarchical,2026-06-24,2403
Pericallis hybrida,pericallis hybrida,pericallis hybrida,Pericallis hybrida,wfo-0000074849,wfo-0000074849,Asteraceae,Pericallis,species,accepted,accepted,exact_accepted,exact_accepted_unique,1,1,1,WFO_offline_hierarchical,2026-06-24,2404
Geranium pratense,geranium pratense,geranium pratense,Geranium pratense,wfo-0000701108,wfo-0000701108,Geraniaceae,Geranium,species,accepted,accepted,exact_accepted,exact_accepted_unique,1,1,1,WFO_offline_hierarchical,2026-06-24,2405
Rumex patientia,rumex patientia,rumex patientia,Rumex patientia,wfo-0000403926,wfo-0000403926,Polygonaceae,Rumex,species,accepted,accepted,exact_accepted,exact_accepted_unique,1,1,1,WFO_offline_hierarchical,2026-06-24,2406
Tephrosia tepicana,tephrosia tepicana,tephrosia tepicana,Tephrosia tepicana,wfo-0000164702,wfo-0000164702,Fabaceae,Tephrosia,species,accepted,accepted,exact_accepted,exact_accepted_unique,1,1,1,WFO_offline_hierarchical,2026-06-24,2407
Aniba rosaeodora,aniba rosaeodora,aniba rosaeodora,Aniba rosaeodora,wfo-0000536890,wfo-0000536890,Lauraceae,Aniba,species,accepted,accepted,exact_accepted,exact_accepted_unique,1,1,1,WFO_offline_hierarchical,2026-06-24,2408
Cladrastis sikokiana,cladrastis sikokiana,cladrastis sikokiana,NA,NA,NA,NA,NA,NA,NA,unresolved,unresolved,no_match,0,0,0,NA,2026-06-24,2409
Psorospermum androsaemifolium,psorospermum androsaemifolium,psorospermum androsaemifolium,Psorospermum androsaemifolium,wfo-0001295853,wfo-0001295853,Hypericaceae,Psorospermum,species,accepted,accepted,exact_accepted,exact_accepted_unique,1,1,1,WFO_offline_hierarchical,2026-06-24,2410
Acacia sparsiflora,acacia sparsiflora,acacia sparsiflora,Acacia sparsiflora,wfo-0000186124,wfo-0000186124,Fabaceae,Acacia,species,accepted,accepted,exact_accepted,exact_accepted_unique,1,1,1,WFO_offline_hierarchical,2026-06-24,2411
Garcinia benthamiana,garcinia benthamiana,garcinia benthamiana,Garcinia benthamiana,wfo-0000743916,wfo-0000743916,Clusiaceae,Garcinia,species,accepted,accepted,exact_accepted,exact_accepted_unique,1,1,1,WFO_offline_hierarchical,2026-06-24,2412
Garcinia brasiliensis,garcinia brasiliensis,garcinia brasiliensis,Garcinia brasiliensis,wfo-0000694180,wfo-0000694180,Clusiaceae,Garcinia,species,accepted,accepted,exact_accepted,exact_accepted_unique,1,1,1,WFO_offline_hierarchical,2026-06-24,2413
Garcinia macrophylla,garcinia macrophylla,garcinia macrophylla,Garcinia macrophylla,wfo-0000694438,wfo-0000694438,Clusiaceae,Garcinia,species,accepted,accepted,exact_accepted,exact_accepted_unique,1,1,1,WFO_offline_hierarchical,2026-06-24,2414
Clusia columnaris,clusia columnaris,clusia columnaris,Clusia columnaris,wfo-0000612149,wfo-0000612149,Clusiaceae,Clusia,species,accepted,accepted,exact_accepted,exact_accepted_unique,1,1,1,WFO_offline_hierarchical,2026-06-24,2415
Physena madagascariensis,physena madagascariensis,physena madagascariensis,Physena madagascariensis,wfo-0001315897,wfo-0001315897,Physenaceae,Physena,species,accepted,accepted,exact_accepted,exact_accepted_unique,1,1,1,WFO_offline_hierarchical,2026-06-24,2416
Populus canadensis,populus canadensis,populus canadensis,Populus deltoides subsp. monilifera,wfo-0000928240,wfo-0000928240,Salicaceae,Populus,subspecies,synonym,synonym,exact_synonym,exact_synonym_unique,1,1,1,WFO_offline_hierarchical,2026-06-24,2417
Populus hybr,populus hybr,populus hybr,NA,NA,NA,NA,NA,NA,NA,unresolved,unresolved,no_match,0,0,0,NA,2026-06-24,2418
Tephrosia polyphylla,tephrosia polyphylla,tephrosia polyphylla,Tephrosia polyphylla,wfo-0000203724,wfo-0000203724,Fabaceae,Tephrosia,species,accepted,accepted,exact_accepted,exact_accepted_unique,1,1,1,WFO_offline_hierarchical,2026-06-24,2419
Lagochilus leiacanthus,lagochilus leiacanthus,lagochilus leiacanthus,Lagochilus leiacanthus,wfo-0000222341,wfo-0000222341,Lamiaceae,Lagochilus,species,accepted,accepted,exact_accepted,exact_accepted_unique,1,1,1,WFO_offline_hierarchical,2026-06-24,2420
Allium fistulosum,allium fistulosum,allium fistulosum,Allium fistulosum,wfo-0000756246,wfo-0000756246,Amaryllidaceae,Allium,species,accepted,accepted,exact_accepted,exact_accepted_unique,1,1,1,WFO_offline_hierarchical,2026-06-24,2421
Rhaponticum carthamoides,rhaponticum carthamoides,rhaponticum carthamoides,Leuzea carthamoides,wfo-0000135169,wfo-0000135169,Asteraceae,Leuzea,species,synonym,synonym,exact_synonym,exact_synonym_unique,1,1,1,WFO_offline_hierarchical,2026-06-24,2422
Allium schoenoprasum,allium schoenoprasum,allium schoenoprasum,Allium schoenoprasum,wfo-0000757278,wfo-0000757278,Amaryllidaceae,Allium,species,accepted,accepted,exact_accepted,exact_accepted_unique,1,1,1,WFO_offline_hierarchical,2026-06-24,2423
Lepidium sativum,lepidium sativum,lepidium sativum,Lepidium sativum,wfo-0000358699,wfo-0000358699,Brassicaceae,Lepidium,species,accepted,accepted,exact_accepted,exact_accepted_unique,1,1,1,WFO_offline_hierarchical,2026-06-24,2424
Levisticum officinale,levisticum officinale,levisticum officinale,Levisticum officinale,wfo-0000360816,wfo-0000360816,Apiaceae,Levisticum,species,accepted,accepted,exact_accepted,exact_accepted_unique,1,1,1,WFO_offline_hierarchical,2026-06-24,2425
Nasturtium officinale,nasturtium officinale,nasturtium officinale,Nasturtium officinale,wfo-0000380323,wfo-0000380323,Brassicaceae,Nasturtium,species,accepted,accepted,exact_accepted,exact_accepted_unique,1,1,1,WFO_offline_hierarchical,2026-06-24,2426
Origanum vulgare,origanum vulgare,origanum vulgare,Origanum vulgare,wfo-0000260765,wfo-0000260765,Lamiaceae,Origanum,species,accepted,accepted,exact_accepted,exact_accepted_unique,1,1,1,WFO_offline_hierarchical,2026-06-24,2427
Cynara cornigera,cynara cornigera,cynara cornigera,Cynara cornigera,wfo-0000070364,wfo-0000070364,Asteraceae,Cynara,species,accepted,accepted,exact_accepted,exact_accepted_unique,1,1,1,WFO_offline_hierarchical,2026-06-24,2428
Crataegus microphylla,crataegus microphylla,crataegus microphylla,Crataegus microphylla,wfo-0000988750,wfo-0000988750,Rosaceae,Crataegus,species,accepted,accepted,exact_accepted,exact_accepted_unique,1,1,1,WFO_offline_hierarchical,2026-06-24,2429
Agnorhiza reticulata,agnorhiza reticulata,agnorhiza reticulata,Agnorhiza reticulata,wfo-0000068889,wfo-0000068889,Asteraceae,Agnorhiza,species,accepted,accepted,exact_accepted,exact_accepted_unique,1,1,1,WFO_offline_hierarchical,2026-06-24,2430
Coreopsis gigantea,coreopsis gigantea,coreopsis gigantea,Coreopsis gigantea,wfo-0000004771,wfo-0000004771,Asteraceae,Coreopsis,species,accepted,accepted,exact_accepted,exact_accepted_unique,1,1,1,WFO_offline_hierarchical,2026-06-24,2431
Coreopsis maritima,coreopsis maritima,coreopsis maritima,Coreopsis maritima,wfo-0000060852,wfo-0000060852,Asteraceae,Coreopsis,species,accepted,accepted,exact_accepted,exact_accepted_unique,1,1,1,WFO_offline_hierarchical,2026-06-24,2432
Flacourtia indica,flacourtia indica,flacourtia indica,Flacourtia indica,wfo-0000925655,wfo-0000925655,Salicaceae,Flacourtia,species,accepted,accepted,exact_accepted,exact_accepted_unique,1,1,1,WFO_offline_hierarchical,2026-06-24,2433
Rhynchosia precatoria,rhynchosia precatoria,rhynchosia precatoria,Rhynchosia precatoria,wfo-0000182088,wfo-0000182088,Fabaceae,Rhynchosia,species,accepted,accepted,exact_accepted,exact_accepted_unique,1,1,1,WFO_offline_hierarchical,2026-06-24,2434
Luma chequen,luma chequen,luma chequen,Luma chequen,wfo-0000231083,wfo-0000231083,Myrtaceae,Luma,species,accepted,accepted,exact_accepted,exact_accepted_unique,1,1,1,WFO_offline_hierarchical,2026-06-24,2435
Acanthophora spicifera,acanthophora spicifera,acanthophora spicifera,NA,NA,NA,NA,NA,NA,NA,unresolved,unresolved,no_match,0,0,0,NA,2026-06-24,2436
Rosa transmorrisonensis,rosa transmorrisonensis,rosa transmorrisonensis,Rosa transmorrisonensis,wfo-0000984831,wfo-0000984831,Rosaceae,Rosa,species,accepted,accepted,exact_accepted,exact_accepted_unique,1,1,1,WFO_offline_hierarchical,2026-06-24,2437
Amomum tsao-ko,amomum tsao-ko,amomum tsao-ko,NA,NA,NA,NA,NA,NA,NA,unresolved,unresolved,no_match,0,0,0,NA,2026-06-24,2438
Herniaria fontanesii,herniaria fontanesii,herniaria fontanesii,Herniaria fontanesii,wfo-0000720671,wfo-0000720671,Caryophyllaceae,Herniaria,species,accepted,accepted,exact_accepted,exact_accepted_unique,1,1,1,WFO_offline_hierarchical,2026-06-24,2439
Bauhinia racemosa,bauhinia racemosa,bauhinia racemosa,Bauhinia racemosa,wfo-0000213166,wfo-0000213166,Fabaceae,Bauhinia,species,accepted,accepted,exact_accepted,exact_accepted_unique,1,1,1,WFO_offline_hierarchical,2026-06-24,2440
Crateva religiosa,crateva religiosa,crateva religiosa,Crateva religiosa,wfo-0000625724,wfo-0000625724,Capparaceae,Crateva,species,accepted,accepted,exact_accepted,exact_accepted_unique,1,1,1,WFO_offline_hierarchical,2026-06-24,2441
Chamaebatia foliolosa,chamaebatia foliolosa,chamaebatia foliolosa,Chamaebatia foliolosa,wfo-0001003392,wfo-0001003392,Rosaceae,Chamaebatia,species,accepted,accepted,exact_accepted,exact_accepted_unique,1,1,1,WFO_offline_hierarchical,2026-06-24,2442
Terminalia argentea,terminalia argentea,terminalia argentea,Terminalia argentea,wfo-0001296420,wfo-0001296420,Combretaceae,Terminalia,species,accepted,accepted,exact_accepted,exact_accepted_unique,1,1,1,WFO_offline_hierarchical,2026-06-24,2443
Pseudocedrela kotschyi,pseudocedrela kotschyi,pseudocedrela kotschyi,Pseudocedrela kotschyi,wfo-0000473666,wfo-0000473666,Meliaceae,Pseudocedrela,species,accepted,accepted,exact_accepted,exact_accepted_unique,1,1,1,WFO_offline_hierarchical,2026-06-24,2444
Podocarpus macrophyllus,podocarpus macrophyllus,podocarpus macrophyllus,Podocarpus macrophyllus,wfo-0000485230,wfo-0000485230,Podocarpaceae,Podocarpus,species,accepted,accepted,exact_accepted,exact_accepted_unique,1,1,1,WFO_offline_hierarchical,2026-06-24,2445
Hyphear kaoi,hyphear kaoi,hyphear kaoi,Loranthus kaoi,wfo-0001224442,wfo-0001224442,Loranthaceae,Loranthus,species,synonym,synonym,exact_synonym,exact_synonym_unique,1,1,1,WFO_offline_hierarchical,2026-06-24,2446
Uvaria mocoli,uvaria mocoli,uvaria mocoli,Uvaria mocoli,wfo-0000416421,wfo-0000416421,Annonaceae,Uvaria,species,accepted,accepted,exact_accepted,exact_accepted_unique,1,1,1,WFO_offline_hierarchical,2026-06-24,2447
Alpinia rafflesiana,alpinia rafflesiana,alpinia rafflesiana,Alpinia rafflesiana,wfo-0000338724,wfo-0000338724,Zingiberaceae,Alpinia,species,accepted,accepted,exact_accepted,exact_accepted_unique,1,1,1,WFO_offline_hierarchical,2026-06-24,2448
Piper rusbyi,piper rusbyi,piper rusbyi,Piper rusbyi,wfo-0001093863,wfo-0001093863,Piperaceae,Piper,species,accepted,accepted,exact_accepted,exact_accepted_unique,1,1,1,WFO_offline_hierarchical,2026-06-24,2449
Millettia extensa,millettia extensa,millettia extensa,Millettia extensa,wfo-0000185910,wfo-0000185910;wfo-0001055387,Fabaceae,Millettia,species,accepted,accepted,exact_accepted,exact_accepted_consensus_multiple_ids,2,2,1,WFO_offline_hierarchical,2026-06-24,2450
Limonium bicolor,limonium bicolor,limonium bicolor,Limonium bicolor,wfo-0001095308,wfo-0001095308,Plumbaginaceae,Limonium,species,accepted,accepted,exact_accepted,exact_accepted_unique,1,1,1,WFO_offline_hierarchical,2026-06-24,2451
Rhodosphaera rhodanthema,rhodosphaera rhodanthema,rhodosphaera rhodanthema,Rhodosphaera rhodanthema,wfo-0001038494,wfo-0001038494,Anacardiaceae,Rhodosphaera,species,accepted,accepted,exact_accepted,exact_accepted_unique,1,1,1,WFO_offline_hierarchical,2026-06-24,2452
Rhus undulata,rhus undulata,rhus undulata,NA,NA,NA,NA,NA,NA,NA,unresolved,exact_conflict,exact_synonym_conflict,2,2,2,NA,2026-06-24,2453
Schinus areira,schinus areira,schinus areira,Schinus areira,wfo-0001051003,wfo-0001051003,Anacardiaceae,Schinus,species,accepted,accepted,exact_accepted,exact_accepted_unique,1,1,1,WFO_offline_hierarchical,2026-06-24,2454
Toxicodendron succedaneum,toxicodendron succedaneum,toxicodendron succedaneum,Toxicodendron succedaneum,wfo-0001052331,wfo-0001052331,Anacardiaceae,Toxicodendron,species,accepted,accepted,exact_accepted,exact_accepted_unique,1,1,1,WFO_offline_hierarchical,2026-06-24,2455
Glycosmis parviflora,glycosmis parviflora,glycosmis parviflora,Glycosmis parviflora,wfo-0000704556,wfo-0000704556,Rutaceae,Glycosmis,species,accepted,accepted,exact_accepted,exact_accepted_unique,1,1,1,WFO_offline_hierarchical,2026-06-24,2456
Dorstenia turbinata,dorstenia turbinata,dorstenia turbinata,Hijmania turbinata,wfo-0001344826,wfo-0001344826,Moraceae,Hijmania,species,synonym,synonym,exact_synonym,exact_synonym_unique,1,1,1,WFO_offline_hierarchical,2026-06-24,2457
Iva frutescens,iva frutescens,iva frutescens,Iva frutescens,wfo-0000044620,wfo-0000044620,Asteraceae,Iva,species,accepted,accepted,exact_accepted,exact_accepted_unique,1,1,1,WFO_offline_hierarchical,2026-06-24,2458
Flemingia grahamiana,flemingia grahamiana,flemingia grahamiana,Flemingia grahamiana,wfo-0000181342,wfo-0000181342,Fabaceae,Flemingia,species,accepted,accepted,exact_accepted,exact_accepted_unique,1,1,1,WFO_offline_hierarchical,2026-06-24,2459
Mitrella kentii,mitrella kentii,mitrella kentii,Pyramidanthe kentii,wfo-1000028671,wfo-1000028671,Annonaceae,Pyramidanthe,species,synonym,synonym,exact_synonym,exact_synonym_unique,1,1,1,WFO_offline_hierarchical,2026-06-24,2460
Millettia oblata,millettia oblata,millettia oblata,Millettia oblata,wfo-0000200477,wfo-0000200477,Fabaceae,Millettia,species,accepted,accepted,exact_accepted,exact_accepted_unique,1,1,1,WFO_offline_hierarchical,2026-06-24,2461
Terminalia alata,terminalia alata,terminalia alata,NA,NA,NA,NA,NA,NA,NA,unresolved,exact_conflict,exact_synonym_conflict,2,2,2,NA,2026-06-24,2462
Terminalia elliptica,terminalia elliptica,terminalia elliptica,Terminalia elliptica,wfo-0000408759,wfo-0000408759,Combretaceae,Terminalia,species,accepted,accepted,exact_accepted,exact_accepted_unique,1,1,1,WFO_offline_hierarchical,2026-06-24,2463
Tephrosia egregia,tephrosia egregia,tephrosia egregia,Tephrosia egregia,wfo-0000164660,wfo-0000164660,Fabaceae,Tephrosia,species,accepted,accepted,exact_accepted,exact_accepted_unique,1,1,1,WFO_offline_hierarchical,2026-06-24,2464
Boronia bipinnata,boronia bipinnata,boronia bipinnata,Cyanothamnus bipinnatus,wfo-1000021907,wfo-1000021907,Rutaceae,Cyanothamnus,species,synonym,synonym,exact_synonym,exact_synonym_unique,1,1,1,WFO_offline_hierarchical,2026-06-24,2465
Helichrysum mimetes,helichrysum mimetes,helichrysum mimetes,Helichrysum mimetes,wfo-0000096776,wfo-0000096776,Asteraceae,Helichrysum,species,accepted,accepted,exact_accepted,exact_accepted_unique,1,1,1,WFO_offline_hierarchical,2026-06-24,2466
Fragaria ananassa,fragaria ananassa,fragaria ananassa,Fragaria × ananassa,wfo-0001005541,wfo-0001005541,Rosaceae,Fragaria,species,synonym,synonym,exact_synonym,exact_synonym_unique,1,1,1,WFO_offline_hierarchical,2026-06-24,2467
Calceolaria hypericina,calceolaria hypericina,calceolaria hypericina,Calceolaria hypericina,wfo-0000579600,wfo-0000579600,Calceolariaceae,Calceolaria,species,accepted,accepted,exact_accepted,exact_accepted_unique,1,1,1,WFO_offline_hierarchical,2026-06-24,2468
Mimusops elengi,mimusops elengi,mimusops elengi,Mimusops elengi,wfo-0000244577,wfo-0000244577,Sapotaceae,Mimusops,species,accepted,accepted,exact_accepted,exact_accepted_unique,1,1,1,WFO_offline_hierarchical,2026-06-24,2469
Prunus fruticosa,prunus fruticosa,prunus fruticosa,Prunus fruticosa,wfo-0001013852,wfo-0001013852,Rosaceae,Prunus,species,accepted,accepted,exact_accepted,exact_accepted_unique,1,1,1,WFO_offline_hierarchical,2026-06-24,2470
Sicana odorifera,sicana odorifera,sicana odorifera,Sicana odorifera,wfo-0000441531,wfo-0000441531,Cucurbitaceae,Sicana,species,accepted,accepted,exact_accepted,exact_accepted_unique,1,1,1,WFO_offline_hierarchical,2026-06-24,2471
Agapetes incurvata,agapetes incurvata,agapetes incurvata,Agapetes incurvata,wfo-0000523046,wfo-0000523046,Ericaceae,Agapetes,species,accepted,accepted,exact_accepted,exact_accepted_unique,1,1,1,WFO_offline_hierarchical,2026-06-24,2472
Rhododendron abietifolium,rhododendron abietifolium,rhododendron abietifolium,Rhododendron abietifolium,wfo-0000400488,wfo-0000400488,Ericaceae,Rhododendron,species,accepted,accepted,exact_accepted,exact_accepted_unique,1,1,1,WFO_offline_hierarchical,2026-06-24,2473
Rhododendron acuminatum,rhododendron acuminatum,rhododendron acuminatum,Rhododendron acuminatum,wfo-0000400490,wfo-0000400490,Ericaceae,Rhododendron,species,accepted,accepted,exact_accepted,exact_accepted_unique,1,1,1,WFO_offline_hierarchical,2026-06-24,2474
Rhododendron adenopodum,rhododendron adenopodum,rhododendron adenopodum,Rhododendron adenopodum,wfo-0001048903,wfo-0001048903,Ericaceae,Rhododendron,species,accepted,accepted,exact_accepted,exact_accepted_unique,1,1,1,WFO_offline_hierarchical,2026-06-24,2475
Rhododendron aurigeranum,rhododendron aurigeranum,rhododendron aurigeranum,Rhododendron aurigeranum,wfo-0000400379,wfo-0000400379,Ericaceae,Rhododendron,species,accepted,accepted,exact_accepted,exact_accepted_unique,1,1,1,WFO_offline_hierarchical,2026-06-24,2476
Rhododendron bagobonum,rhododendron bagobonum,rhododendron bagobonum,Rhododendron bagobonum,wfo-0000400373,wfo-0000400373,Ericaceae,Rhododendron,species,accepted,accepted,exact_accepted,exact_accepted_unique,1,1,1,WFO_offline_hierarchical,2026-06-24,2477
Rhododendron beyerinckianum,rhododendron beyerinckianum,rhododendron beyerinckianum,Rhododendron beyerinckianum,wfo-0000400398,wfo-0000400398,Ericaceae,Rhododendron,species,accepted,accepted,exact_accepted,exact_accepted_unique,1,1,1,WFO_offline_hierarchical,2026-06-24,2478
Rhododendron brookeanum,rhododendron brookeanum,rhododendron brookeanum,Rhododendron javanicum subsp. brookeanum,wfo-0001365423,wfo-0001365423,Ericaceae,Rhododendron,subspecies,synonym,synonym,exact_synonym,exact_synonym_unique,1,1,1,WFO_offline_hierarchical,2026-06-24,2479
Rhododendron buxifolium,rhododendron buxifolium,rhododendron buxifolium,Rhododendron buxifolium,wfo-0000400464,wfo-0000400464,Ericaceae,Rhododendron,species,accepted,accepted,exact_accepted,exact_accepted_unique,1,1,1,WFO_offline_hierarchical,2026-06-24,2480
Rhododendron christianae,rhododendron christianae,rhododendron christianae,Rhododendron christianae,wfo-0000403055,wfo-0000403055,Ericaceae,Rhododendron,species,accepted,accepted,exact_accepted,exact_accepted_unique,1,1,1,WFO_offline_hierarchical,2026-06-24,2481
Rhododendron crassifolium,rhododendron crassifolium,rhododendron crassifolium,Rhododendron crassifolium,wfo-0000403124,wfo-0000403124,Ericaceae,Rhododendron,species,accepted,accepted,exact_accepted,exact_accepted_unique,1,1,1,WFO_offline_hierarchical,2026-06-24,2482
Rhododendron culminicolum,rhododendron culminicolum,rhododendron culminicolum,NA,NA,NA,NA,NA,NA,NA,unresolved,unresolved,no_match,0,0,0,NA,2026-06-24,2483
Rhododendron dianthosmum,rhododendron dianthosmum,rhododendron dianthosmum,Rhododendron dianthosmum,wfo-0000400742,wfo-0000400742,Ericaceae,Rhododendron,species,accepted,accepted,exact_accepted,exact_accepted_unique,1,1,1,WFO_offline_hierarchical,2026-06-24,2484
Rhododendron durionifolium,rhododendron durionifolium,rhododendron durionifolium,Rhododendron durionifolium,wfo-0000400749,wfo-0000400749,Ericaceae,Rhododendron,species,accepted,accepted,exact_accepted,exact_accepted_unique,1,1,1,WFO_offline_hierarchical,2026-06-24,2485
Rhododendron edanoi,rhododendron edanoi,rhododendron edanoi,Rhododendron edanoi,wfo-0000400746,wfo-0000400746,Ericaceae,Rhododendron,species,accepted,accepted,exact_accepted,exact_accepted_unique,1,1,1,WFO_offline_hierarchical,2026-06-24,2486
Rhododendron gracilentum,rhododendron gracilentum,rhododendron gracilentum,Rhododendron gracilentum,wfo-0000400656,wfo-0000400656,Ericaceae,Rhododendron,species,accepted,accepted,exact_accepted,exact_accepted_unique,1,1,1,WFO_offline_hierarchical,2026-06-24,2487
Rhododendron hooglandii,rhododendron hooglandii,rhododendron hooglandii,Rhododendron hooglandii,wfo-0000400710,wfo-0000400710,Ericaceae,Rhododendron,species,accepted,accepted,exact_accepted,exact_accepted_unique,1,1,1,WFO_offline_hierarchical,2026-06-24,2488
Rhododendron inconspicuum,rhododendron inconspicuum,rhododendron inconspicuum,Rhododendron inconspicuum,wfo-0000400686,wfo-0000400686,Ericaceae,Rhododendron,species,accepted,accepted,exact_accepted,exact_accepted_unique,1,1,1,WFO_offline_hierarchical,2026-06-24,2489
Rhododendron intranervatum,rhododendron intranervatum,rhododendron intranervatum,Rhododendron intranervatum,wfo-0000400674,wfo-0000400674,Ericaceae,Rhododendron,species,accepted,accepted,exact_accepted,exact_accepted_unique,1,1,1,WFO_offline_hierarchical,2026-06-24,2490
Rhododendron jasminiflorum,rhododendron jasminiflorum,rhododendron jasminiflorum,Rhododendron jasminiflorum,wfo-0000400691,wfo-0000400691,Ericaceae,Rhododendron,species,accepted,accepted,exact_accepted,exact_accepted_unique,1,1,1,WFO_offline_hierarchical,2026-06-24,2491
Rhododendron javanicum,rhododendron javanicum,rhododendron javanicum,Rhododendron javanicum,wfo-0000400693,wfo-0000400693,Ericaceae,Rhododendron,species,accepted,accepted,exact_accepted,exact_accepted_unique,1,1,1,WFO_offline_hierarchical,2026-06-24,2492
Rhododendron kawakamii,rhododendron kawakamii,rhododendron kawakamii,Rhododendron kawakamii,wfo-0001048928,wfo-0001048928,Ericaceae,Rhododendron,species,accepted,accepted,exact_accepted,exact_accepted_unique,1,1,1,WFO_offline_hierarchical,2026-06-24,2493
Rhododendron konori,rhododendron konori,rhododendron konori,Rhododendron konori,wfo-0000400056,wfo-0000400056,Ericaceae,Rhododendron,species,accepted,accepted,exact_accepted,exact_accepted_unique,1,1,1,WFO_offline_hierarchical,2026-06-24,2494
Rhododendron laetum,rhododendron laetum,rhododendron laetum,Rhododendron laetum,wfo-0000400104,wfo-0000400104,Ericaceae,Rhododendron,species,accepted,accepted,exact_accepted,exact_accepted_unique,1,1,1,WFO_offline_hierarchical,2026-06-24,2495
Rhododendron lanceolatum,rhododendron lanceolatum,rhododendron lanceolatum,Rhododendron lanceolatum,wfo-0000400096,wfo-0000400096,Ericaceae,Rhododendron,species,accepted,accepted,exact_accepted,exact_accepted_unique,1,1,1,WFO_offline_hierarchical,2026-06-24,2496
Rhododendron leptanthum,rhododendron leptanthum,rhododendron leptanthum,Rhododendron leptanthum,wfo-1000040577,wfo-1000040577,Ericaceae,Rhododendron,species,accepted,accepted,exact_accepted,exact_accepted_unique,1,1,1,WFO_offline_hierarchical,2026-06-24,2497
Rhododendron leucogigas,rhododendron leucogigas,rhododendron leucogigas,Rhododendron leucogigas,wfo-0000399954,wfo-0000399954,Ericaceae,Rhododendron,species,accepted,accepted,exact_accepted,exact_accepted_unique,1,1,1,WFO_offline_hierarchical,2026-06-24,2498
Rhododendron macgregoriae,rhododendron macgregoriae,rhododendron macgregoriae,Rhododendron macgregoriae,wfo-0000399989,wfo-0000399989,Ericaceae,Rhododendron,species,accepted,accepted,exact_accepted,exact_accepted_unique,1,1,1,WFO_offline_hierarchical,2026-06-24,2499
Rhododendron meijeri,rhododendron meijeri,rhododendron meijeri,Rhododendron meijeri,wfo-0000400177,wfo-0000400177,Ericaceae,Rhododendron,species,accepted,accepted,exact_accepted,exact_accepted_unique,1,1,1,WFO_offline_hierarchical,2026-06-24,2500
Rhododendron micromalayanum,rhododendron micromalayanum,rhododendron micromalayanum,Rhododendron micromalayanum,wfo-0000400282,wfo-0000400282,Ericaceae,Rhododendron,species,accepted,accepted,exact_accepted,exact_accepted_unique,1,1,1,WFO_offline_hierarchical,2026-06-24,2501
Rhododendron nervulosum,rhododendron nervulosum,rhododendron nervulosum,Rhododendron nervosulum,wfo-0000400362,wfo-0000400362,Ericaceae,Rhododendron,species,synonym,synonym,exact_synonym,exact_synonym_unique,1,1,1,WFO_offline_hierarchical,2026-06-24,2502
Rhododendron nieuwenhuisii,rhododendron nieuwenhuisii,rhododendron nieuwenhuisii,Rhododendron nieuwenhuisii,wfo-0000400349,wfo-0000400349,Ericaceae,Rhododendron,species,accepted,accepted,exact_accepted,exact_accepted_unique,1,1,1,WFO_offline_hierarchical,2026-06-24,2503
Rhododendron orbiculatum,rhododendron orbiculatum,rhododendron orbiculatum,Rhododendron orbiculatum,wfo-0000400314,wfo-0000400314,Ericaceae,Rhododendron,species,accepted,accepted,exact_accepted,exact_accepted_unique,1,1,1,WFO_offline_hierarchical,2026-06-24,2504
Rhododendron planecostatum,rhododendron planecostatum,rhododendron planecostatum,NA,NA,NA,NA,NA,NA,NA,unresolved,unresolved,no_match,0,0,0,NA,2026-06-24,2505
Rhododendron polyanthemum,rhododendron polyanthemum,rhododendron polyanthemum,Rhododendron polyanthemum,wfo-0000400159,wfo-0000400159,Ericaceae,Rhododendron,species,accepted,accepted,exact_accepted,exact_accepted_unique,1,1,1,WFO_offline_hierarchical,2026-06-24,2506
Rhododendron praetervisum,rhododendron praetervisum,rhododendron praetervisum,Rhododendron praetervisum,wfo-0000400183,wfo-0000400183,Ericaceae,Rhododendron,species,accepted,accepted,exact_accepted,exact_accepted_unique,1,1,1,WFO_offline_hierarchical,2026-06-24,2507
Rhododendron rarum,rhododendron rarum,rhododendron rarum,Rhododendron rarum,wfo-0000405496,wfo-0000405496,Ericaceae,Rhododendron,species,accepted,accepted,exact_accepted,exact_accepted_unique,1,1,1,WFO_offline_hierarchical,2026-06-24,2508
Rhododendron retusum,rhododendron retusum,rhododendron retusum,Rhododendron retusum,wfo-0001242988,wfo-0001242988,Ericaceae,Rhododendron,species,accepted,accepted,exact_accepted,exact_accepted_unique,1,1,1,WFO_offline_hierarchical,2026-06-24,2509
Rhododendron robinsonii,rhododendron robinsonii,rhododendron robinsonii,Rhododendron robinsonii,wfo-0000405504,wfo-0000405504,Ericaceae,Rhododendron,species,accepted,accepted,exact_accepted,exact_accepted_unique,1,1,1,WFO_offline_hierarchical,2026-06-24,2510
Rhododendron searleanum,rhododendron searleanum,rhododendron searleanum,Rhododendron searleanum,wfo-0000405383,wfo-0000405383,Ericaceae,Rhododendron,species,accepted,accepted,exact_accepted,exact_accepted_unique,1,1,1,WFO_offline_hierarchical,2026-06-24,2511
Rhododendron stapfianum,rhododendron stapfianum,rhododendron stapfianum,Rhododendron stapfianum,wfo-0000405429,wfo-0000405429,Ericaceae,Rhododendron,species,accepted,accepted,exact_accepted,exact_accepted_unique,1,1,1,WFO_offline_hierarchical,2026-06-24,2512
Rhododendron stenophyllum,rhododendron stenophyllum,rhododendron stenophyllum,Rhododendron stenophyllum,wfo-0000405420,wfo-0000405420,Ericaceae,Rhododendron,species,accepted,accepted,exact_accepted,exact_accepted_unique,1,1,1,WFO_offline_hierarchical,2026-06-24,2513
Rhododendron suaveolens,rhododendron suaveolens,rhododendron suaveolens,Rhododendron suaveolens,wfo-0000405421,wfo-0000405421,Ericaceae,Rhododendron,species,accepted,accepted,exact_accepted,exact_accepted_unique,1,1,1,WFO_offline_hierarchical,2026-06-24,2514
Rhododendron superbum,rhododendron superbum,rhododendron superbum,Rhododendron superbum,wfo-0000405437,wfo-0000405437,Ericaceae,Rhododendron,species,accepted,accepted,exact_accepted,exact_accepted_unique,1,1,1,WFO_offline_hierarchical,2026-06-24,2515
Rhododendron vandeursenii,rhododendron vandeursenii,rhododendron vandeursenii,Rhododendron vitis-idaea,wfo-0000405687,wfo-0000405687,Ericaceae,Rhododendron,species,synonym,synonym,exact_synonym,exact_synonym_unique,1,1,1,WFO_offline_hierarchical,2026-06-24,2516
Rhododendron vitis-idaea,rhododendron vitis-idaea,rhododendron vitis-idaea,Rhododendron vitis-idaea,wfo-0000405687,wfo-0000405687,Ericaceae,Rhododendron,species,accepted,accepted,exact_accepted,exact_accepted_unique,1,1,1,WFO_offline_hierarchical,2026-06-24,2517
Rhododendron womersleyi,rhododendron womersleyi,rhododendron womersleyi,Rhododendron womersleyi,wfo-0000405700,wfo-0000405700,Ericaceae,Rhododendron,species,accepted,accepted,exact_accepted,exact_accepted_unique,1,1,1,WFO_offline_hierarchical,2026-06-24,2518
Rhododendron wrightianum,rhododendron wrightianum,rhododendron wrightianum,Rhododendron wrightianum,wfo-0000405570,wfo-0000405570,Ericaceae,Rhododendron,species,accepted,accepted,exact_accepted,exact_accepted_unique,1,1,1,WFO_offline_hierarchical,2026-06-24,2519
Rhododendron yelliottii,rhododendron yelliottii,rhododendron yelliottii,Rhododendron yelliottii,wfo-0000405539,wfo-0000405539,Ericaceae,Rhododendron,species,accepted,accepted,exact_accepted,exact_accepted_unique,1,1,1,WFO_offline_hierarchical,2026-06-24,2520
Rhododendron zoelleri,rhododendron zoelleri,rhododendron zoelleri,Rhododendron zoelleri,wfo-0000405531,wfo-0000405531,Ericaceae,Rhododendron,species,accepted,accepted,exact_accepted,exact_accepted_unique,1,1,1,WFO_offline_hierarchical,2026-06-24,2521
Cleistopholis glauca,cleistopholis glauca,cleistopholis glauca,Cleistopholis glauca,wfo-0000609404,wfo-0000609404,Annonaceae,Cleistopholis,species,accepted,accepted,exact_accepted,exact_accepted_unique,1,1,1,WFO_offline_hierarchical,2026-06-24,2522
Crotalaria nitens,crotalaria nitens,crotalaria nitens,Crotalaria nitens,wfo-0000174075,wfo-0000174075,Fabaceae,Crotalaria,species,accepted,accepted,exact_accepted,exact_accepted_unique,1,1,1,WFO_offline_hierarchical,2026-06-24,2523
Centaurea chilensis,centaurea chilensis,centaurea chilensis,Centaurea chilensis,wfo-0000001471,wfo-0000001471,Asteraceae,Centaurea,species,accepted,accepted,exact_accepted,exact_accepted_unique,1,1,1,WFO_offline_hierarchical,2026-06-24,2524
Rhamnus lycioides,rhamnus lycioides,rhamnus lycioides,Rhamnus lycioides,wfo-0000460322,wfo-0000460322,Rhamnaceae,Rhamnus,species,accepted,accepted,exact_accepted,exact_accepted_unique,1,1,1,WFO_offline_hierarchical,2026-06-24,2525
Myrsine coriacea,myrsine coriacea,myrsine coriacea,Myrsine coriacea,wfo-0000449079,wfo-0000449079,Primulaceae,Myrsine,species,accepted,accepted,exact_accepted,exact_accepted_unique,1,1,1,WFO_offline_hierarchical,2026-06-24,2526
Ginkgo biloba,ginkgo biloba,ginkgo biloba,Ginkgo biloba,wfo-0000795526,wfo-0000795526,Ginkgoaceae,Ginkgo,species,accepted,accepted,exact_accepted,exact_accepted_unique,1,1,1,WFO_offline_hierarchical,2026-06-24,2527
Mallotus nudiflorus,mallotus nudiflorus,mallotus nudiflorus,Mallotus nudiflorus,wfo-0000809063,wfo-0000809063,Euphorbiaceae,Mallotus,species,accepted,accepted,exact_accepted,exact_accepted_unique,1,1,1,WFO_offline_hierarchical,2026-06-24,2528
Viburnum cylindricum,viburnum cylindricum,viburnum cylindricum,Viburnum cylindricum,wfo-0001290708,wfo-0001290708,Viburnaceae,Viburnum,species,accepted,accepted,exact_accepted,exact_accepted_unique,1,1,1,WFO_offline_hierarchical,2026-06-24,2529
Rodgersia sambucifolia,rodgersia sambucifolia,rodgersia sambucifolia,Rodgersia sambucifolia,wfo-0001005090,wfo-0001005090,Saxifragaceae,Rodgersia,species,accepted,accepted,exact_accepted,exact_accepted_unique,1,1,1,WFO_offline_hierarchical,2026-06-24,2530
Castanea sativa,castanea sativa,castanea sativa,Castanea sativa,wfo-0000812271,wfo-0000812271,Fagaceae,Castanea,species,accepted,accepted,exact_accepted,exact_accepted_unique,1,1,1,WFO_offline_hierarchical,2026-06-24,2531
Triadenum japonicum,triadenum japonicum,triadenum japonicum,Hypericum fauriei,wfo-0001296235,wfo-0001296235,Hypericaceae,Hypericum,species,synonym,synonym,exact_synonym,exact_synonym_unique,1,1,1,WFO_offline_hierarchical,2026-06-24,2532
Geranium sanguineum,geranium sanguineum,geranium sanguineum,Geranium sanguineum,wfo-0000701279,wfo-0000701279,Geraniaceae,Geranium,species,accepted,accepted,exact_accepted,exact_accepted_unique,1,1,1,WFO_offline_hierarchical,2026-06-24,2533
Theobroma,theobroma,theobroma,Theobroma,wfo-4000038157,wfo-4000038157,Malvaceae,Theobroma,genus,accepted,accepted,exact_accepted,exact_accepted_unique,1,1,1,WFO_offline_hierarchical,2026-06-24,2534
Dorycnium hirsutum,dorycnium hirsutum,dorycnium hirsutum,Lotus hirsutus,wfo-0000212135,wfo-0000212135,Fabaceae,Lotus,species,synonym,synonym,exact_synonym,exact_synonym_unique,1,1,1,WFO_offline_hierarchical,2026-06-24,2535
Tripterospermum chinense,tripterospermum chinense,tripterospermum chinense,Tripterospermum chinense,wfo-0001063738,wfo-0001063738,Gentianaceae,Tripterospermum,species,accepted,accepted,exact_accepted,exact_accepted_unique,1,1,1,WFO_offline_hierarchical,2026-06-24,2536
Allanblackia gabonensis,allanblackia gabonensis,allanblackia gabonensis,Allanblackia gabonensis,wfo-0000525983,wfo-0000525983,Clusiaceae,Allanblackia,species,accepted,accepted,exact_accepted,exact_accepted_unique,1,1,1,WFO_offline_hierarchical,2026-06-24,2537
Sorbus tianschanica,sorbus tianschanica,sorbus tianschanica,Sorbus tianschanica,wfo-0000996731,wfo-0000996731,Rosaceae,Sorbus,species,accepted,accepted,exact_accepted,exact_accepted_unique,1,1,1,WFO_offline_hierarchical,2026-06-24,2538
Litsea szemaois,litsea szemaois,litsea szemaois,Litsea szemaois,wfo-0001278607,wfo-0001278607,Lauraceae,Litsea,species,accepted,accepted,exact_accepted,exact_accepted_unique,1,1,1,WFO_offline_hierarchical,2026-06-24,2539
Salix denticulata,salix denticulata,salix denticulata,Salix denticulata,wfo-0001133943,wfo-0001133943,Salicaceae,Salix,species,accepted,accepted,exact_accepted,exact_accepted_unique,1,1,1,WFO_offline_hierarchical,2026-06-24,2540
Psidium cattleyanum,psidium cattleyanum,psidium cattleyanum,Psidium cattleyanum,wfo-0001319200,wfo-0001319200,Myrtaceae,Psidium,species,accepted,accepted,exact_accepted,exact_accepted_unique,1,1,1,WFO_offline_hierarchical,2026-06-24,2541
Licania pittieri,licania pittieri,licania pittieri,Licania pittieri,wfo-0000814345,wfo-0000814345,Chrysobalanaceae,Licania,species,accepted,accepted,exact_accepted,exact_accepted_unique,1,1,1,WFO_offline_hierarchical,2026-06-24,2542
Prinsepia utilis,prinsepia utilis,prinsepia utilis,Prinsepia utilis,wfo-0000985975,wfo-0000985975;wfo-0001013333,Rosaceae,Prinsepia,species,accepted,accepted,exact_accepted,exact_accepted_consensus_multiple_ids,2,2,1,WFO_offline_hierarchical,2026-06-24,2543
Sanguisorba alpina,sanguisorba alpina,sanguisorba alpina,Sanguisorba alpina,wfo-0001015999,wfo-0001015999,Rosaceae,Sanguisorba,species,accepted,accepted,exact_accepted,exact_accepted_unique,1,1,1,WFO_offline_hierarchical,2026-06-24,2544
Caloncoba glauca,caloncoba glauca,caloncoba glauca,Caloncoba glauca,wfo-0000923629,wfo-0000923629,Achariaceae,Caloncoba,species,accepted,accepted,exact_accepted,exact_accepted_unique,1,1,1,WFO_offline_hierarchical,2026-06-24,2545
Bergia capensis,bergia capensis,bergia capensis,Bergia capensis,wfo-0000564313,wfo-0000564313,Elatinaceae,Bergia,species,accepted,accepted,exact_accepted,exact_accepted_unique,1,1,1,WFO_offline_hierarchical,2026-06-24,2546
Ekebergia capensis,ekebergia capensis,ekebergia capensis,Ekebergia capensis,wfo-0000663623,wfo-0000663623,Meliaceae,Ekebergia,species,accepted,accepted,exact_accepted,exact_accepted_unique,1,1,1,WFO_offline_hierarchical,2026-06-24,2547
Erica arborea,erica arborea,erica arborea,Erica arborea,wfo-0000671391,wfo-0000671391,Ericaceae,Erica,species,accepted,accepted,exact_accepted,exact_accepted_unique,1,1,1,WFO_offline_hierarchical,2026-06-24,2548
Taxodium distichum,taxodium distichum,taxodium distichum,Taxodium distichum,wfo-0000408602,wfo-0000408602,Cupressaceae,Taxodium,species,accepted,accepted,exact_accepted,exact_accepted_unique,1,1,1,WFO_offline_hierarchical,2026-06-24,2549
Terminalia brachystemma,terminalia brachystemma,terminalia brachystemma,Terminalia brachystemma,wfo-0000406946,wfo-0000406946,Combretaceae,Terminalia,species,accepted,accepted,exact_accepted,exact_accepted_unique,1,1,1,WFO_offline_hierarchical,2026-06-24,2550
Cupressus sempervirens,cupressus sempervirens,cupressus sempervirens,Cupressus sempervirens,wfo-0000630789,wfo-0000630789,Cupressaceae,Cupressus,species,accepted,accepted,exact_accepted,exact_accepted_unique,1,1,1,WFO_offline_hierarchical,2026-06-24,2551
Sohnreyia excelsa,sohnreyia excelsa,sohnreyia excelsa,Sohnreyia excelsa,wfo-0001132728,wfo-0001132728,Rutaceae,Sohnreyia,species,accepted,accepted,exact_accepted,exact_accepted_unique,1,1,1,WFO_offline_hierarchical,2026-06-24,2552
Garcinia speciosa,garcinia speciosa,garcinia speciosa,Garcinia celebica,wfo-0000694214,wfo-0000694214,Clusiaceae,Garcinia,species,synonym,synonym,exact_synonym,exact_synonym_unique,1,1,1,WFO_offline_hierarchical,2026-06-24,2553
Melochia chamaedrys,melochia chamaedrys,melochia chamaedrys,Melochia chamaedrys,wfo-0001140630,wfo-0001140630,Malvaceae,Melochia,species,accepted,accepted,exact_accepted,exact_accepted_unique,1,1,1,WFO_offline_hierarchical,2026-06-24,2554
Erythroxylum passerinum,erythroxylum passerinum,erythroxylum passerinum,Erythroxylum passerinum,wfo-0000680040,wfo-0000680040,Erythroxylaceae,Erythroxylum,species,accepted,accepted,exact_accepted,exact_accepted_unique,1,1,1,WFO_offline_hierarchical,2026-06-24,2555
Rumex japonicus,rumex japonicus,rumex japonicus,Rumex japonicus,wfo-0001101700,wfo-0001101700,Polygonaceae,Rumex,species,accepted,accepted,exact_accepted,exact_accepted_unique,1,1,1,WFO_offline_hierarchical,2026-06-24,2556
Garcinia cornea,garcinia cornea,garcinia cornea,NA,NA,NA,NA,NA,NA,NA,unresolved,exact_conflict,exact_synonym_conflict,2,2,2,NA,2026-06-24,2557
Phoenix loureiroi,phoenix loureiroi,phoenix loureiroi,Phoenix loureiroi,wfo-0000269784,wfo-0000269784,Arecaceae,Phoenix,species,accepted,accepted,exact_accepted,exact_accepted_unique,1,1,1,WFO_offline_hierarchical,2026-06-24,2558
Dioscorea antaly,dioscorea antaly,dioscorea antaly,Dioscorea antaly,wfo-0000389050,wfo-0000389050,Dioscoreaceae,Dioscorea,species,accepted,accepted,exact_accepted,exact_accepted_unique,1,1,1,WFO_offline_hierarchical,2026-06-24,2559
Dioclea guianensis,dioclea guianensis,dioclea guianensis,Dioclea guianensis,wfo-0000170537,wfo-0000170537,Fabaceae,Dioclea,species,accepted,accepted,exact_accepted,exact_accepted_unique,1,1,1,WFO_offline_hierarchical,2026-06-24,2560
Xylopia vielana,xylopia vielana,xylopia vielana,Xylopia vielana,wfo-0000428653,wfo-0000428653,Annonaceae,Xylopia,species,accepted,accepted,exact_accepted,exact_accepted_unique,1,1,1,WFO_offline_hierarchical,2026-06-24,2561
Phyllocladus alpinus,phyllocladus alpinus,phyllocladus alpinus,Phyllocladus trichomanoides var. alpinus,wfo-0000735853,wfo-0000735853,Podocarpaceae,Phyllocladus,variety,synonym,synonym,exact_synonym,exact_synonym_unique,1,1,1,WFO_offline_hierarchical,2026-06-24,2562
Scolopia spinosa,scolopia spinosa,scolopia spinosa,Scolopia spinosa,wfo-0000913967,wfo-0000913967,Salicaceae,Scolopia,species,accepted,accepted,exact_accepted,exact_accepted_unique,1,1,1,WFO_offline_hierarchical,2026-06-24,2563
Kummerowia stipulacea,kummerowia stipulacea,kummerowia stipulacea,Kummerowia stipulacea,wfo-0000192126,wfo-0000192126,Fabaceae,Kummerowia,species,accepted,accepted,exact_accepted,exact_accepted_unique,1,1,1,WFO_offline_hierarchical,2026-06-24,2564
Lespedeza juncea,lespedeza juncea,lespedeza juncea,Lespedeza juncea,wfo-0000186750,wfo-0000186750,Fabaceae,Lespedeza,species,accepted,accepted,exact_accepted,exact_accepted_unique,1,1,1,WFO_offline_hierarchical,2026-06-24,2565
Calophyllum inophyllum,calophyllum inophyllum,calophyllum inophyllum,Calophyllum inophyllum,wfo-0000581184,wfo-0000581184,Calophyllaceae,Calophyllum,species,accepted,accepted,exact_accepted,exact_accepted_unique,1,1,1,WFO_offline_hierarchical,2026-06-24,2566
Agasthiyamalaia pauciflora,agasthiyamalaia pauciflora,agasthiyamalaia pauciflora,Poeciloneuron pauciflorum,wfo-0000476094,wfo-0000476094,Calophyllaceae,Poeciloneuron,species,synonym,synonym,exact_synonym,exact_synonym_unique,1,1,1,WFO_offline_hierarchical,2026-06-24,2567
Euclea divinorum,euclea divinorum,euclea divinorum,Euclea divinorum,wfo-0000681081,wfo-0000681081,Ebenaceae,Euclea,species,accepted,accepted,exact_accepted,exact_accepted_unique,1,1,1,WFO_offline_hierarchical,2026-06-24,2568
Albizia lebbeck,albizia lebbeck,albizia lebbeck,Albizia lebbeck,wfo-0000184271,wfo-0000184271,Fabaceae,Albizia,species,accepted,accepted,exact_accepted,exact_accepted_unique,1,1,1,WFO_offline_hierarchical,2026-06-24,2569
Chamaecyparis formosensis,chamaecyparis formosensis,chamaecyparis formosensis,Chamaecyparis formosensis,wfo-0000599448,wfo-0000599448,Cupressaceae,Chamaecyparis,species,accepted,accepted,exact_accepted,exact_accepted_unique,1,1,1,WFO_offline_hierarchical,2026-06-24,2570
Dorstenia contrajerva,dorstenia contrajerva,dorstenia contrajerva,Dorstenia contrajerva,wfo-0000654354,wfo-0000654354,Moraceae,Dorstenia,species,accepted,accepted,exact_accepted,exact_accepted_unique,1,1,1,WFO_offline_hierarchical,2026-06-24,2571
Schisandra propinqua,schisandra propinqua,schisandra propinqua,Schisandra propinqua,wfo-0000495084,wfo-0000495084,Schisandraceae,Schisandra,species,accepted,accepted,exact_accepted,exact_accepted_unique,1,1,1,WFO_offline_hierarchical,2026-06-24,2572
Elephantorrhiza goetzei,elephantorrhiza goetzei,elephantorrhiza goetzei,Entada goetzei,wfo-1000040053,wfo-1000040053,Fabaceae,Entada,species,synonym,synonym,exact_synonym,exact_synonym_unique,1,1,1,WFO_offline_hierarchical,2026-06-24,2573
Hypericum triquetrifolium,hypericum triquetrifolium,hypericum triquetrifolium,Hypericum triquetrifolium,wfo-0000728420,wfo-0000728420,Hypericaceae,Hypericum,species,accepted,accepted,exact_accepted,exact_accepted_unique,1,1,1,WFO_offline_hierarchical,2026-06-24,2574
Macrosolen globosus,macrosolen globosus,macrosolen globosus,Macrosolen globosus,wfo-0000378016,wfo-0000378016,Loranthaceae,Macrosolen,species,accepted,accepted,exact_accepted,exact_accepted_unique,1,1,1,WFO_offline_hierarchical,2026-06-24,2575
Tamarindus indica,tamarindus indica,tamarindus indica,Tamarindus indica,wfo-0000170926,wfo-0000170926,Fabaceae,Tamarindus,species,accepted,accepted,exact_accepted,exact_accepted_unique,1,1,1,WFO_offline_hierarchical,2026-06-24,2576
Oenothera biennis,oenothera biennis,oenothera biennis,Oenothera biennis,wfo-0000389564,wfo-0000389564,Onagraceae,Oenothera,species,accepted,accepted,exact_accepted,exact_accepted_unique,1,1,1,WFO_offline_hierarchical,2026-06-24,2577
Prunus amygdalus,prunus amygdalus,prunus amygdalus,Prunus amygdalus,wfo-0001015846,wfo-0001015846,Rosaceae,Prunus,species,accepted,accepted,exact_accepted,exact_accepted_unique,1,1,1,WFO_offline_hierarchical,2026-06-24,2578
Rubus adenotrichus,rubus adenotrichus,rubus adenotrichus,NA,NA,NA,NA,NA,NA,NA,unresolved,unresolved,no_match,0,0,0,NA,2026-06-24,2579
Rubus glaucus,rubus glaucus,rubus glaucus,Rubus glaucus,wfo-0001013149,wfo-0001013149,Rosaceae,Rubus,species,accepted,accepted,exact_accepted,exact_accepted_unique,1,1,1,WFO_offline_hierarchical,2026-06-24,2580
Dimocarpus longan,dimocarpus longan,dimocarpus longan,Dimocarpus longan,wfo-0000647787,wfo-0000647787,Sapindaceae,Dimocarpus,species,accepted,accepted,exact_accepted,exact_accepted_unique,1,1,1,WFO_offline_hierarchical,2026-06-24,2581
Quercus coccifera,quercus coccifera,quercus coccifera,Quercus coccifera,wfo-0000290191,wfo-0000290191,Fagaceae,Quercus,species,accepted,accepted,exact_accepted,exact_accepted_unique,1,1,1,WFO_offline_hierarchical,2026-06-24,2582
Carpinus cordata,carpinus cordata,carpinus cordata,Carpinus cordata,wfo-0000804828,wfo-0000804828,Betulaceae,Carpinus,species,accepted,accepted,exact_accepted,exact_accepted_unique,1,1,1,WFO_offline_hierarchical,2026-06-24,2583
Acer nikoense,acer nikoense,acer nikoense,Parthenocissus tricuspidata,wfo-0000474320,wfo-0000474320,Vitaceae,Parthenocissus,species,synonym,synonym,exact_synonym,exact_synonym_unique,1,1,1,WFO_offline_hierarchical,2026-06-24,2584
Croton insularis,croton insularis,croton insularis,Croton insularis,wfo-0000931310,wfo-0000931310,Euphorbiaceae,Croton,species,accepted,accepted,exact_accepted,exact_accepted_unique,1,1,1,WFO_offline_hierarchical,2026-06-24,2585
Theobroma grandiflorum,theobroma grandiflorum,theobroma grandiflorum,Theobroma grandiflorum,wfo-0000458603,wfo-0000458603,Malvaceae,Theobroma,species,accepted,accepted,exact_accepted,exact_accepted_unique,1,1,1,WFO_offline_hierarchical,2026-06-24,2586
Xylocarpus granatum,xylocarpus granatum,xylocarpus granatum,Xylocarpus granatum,wfo-0000428249,wfo-0000428249,Meliaceae,Xylocarpus,species,accepted,accepted,exact_accepted,exact_accepted_unique,1,1,1,WFO_offline_hierarchical,2026-06-24,2587
Embelia ribes,embelia ribes,embelia ribes,Embelia ribes,wfo-0000666970,wfo-0000666970,Primulaceae,Embelia,species,accepted,accepted,exact_accepted,exact_accepted_unique,1,1,1,WFO_offline_hierarchical,2026-06-24,2588
Microtropis fokienensis,microtropis fokienensis,microtropis fokienensis,Microtropis fokienensis,wfo-0001292770,wfo-0001292770,Celastraceae,Microtropis,species,accepted,accepted,exact_accepted,exact_accepted_unique,1,1,1,WFO_offline_hierarchical,2026-06-24,2589
Cinnamomum subavenium,cinnamomum subavenium,cinnamomum subavenium,Cinnamomum subavenium,wfo-0000605450,wfo-0000605450,Lauraceae,Cinnamomum,species,accepted,accepted,exact_accepted,exact_accepted_unique,1,1,1,WFO_offline_hierarchical,2026-06-24,2590
Sorbus decora,sorbus decora,sorbus decora,Sorbus decora,wfo-0001015088,wfo-0001015088,Rosaceae,Sorbus,species,accepted,accepted,exact_accepted,exact_accepted_unique,1,1,1,WFO_offline_hierarchical,2026-06-24,2591
Polygonum glaucum,polygonum glaucum,polygonum glaucum,Polygonum glaucum,wfo-0000489937,wfo-0000489937,Polygonaceae,Polygonum,species,accepted,accepted,exact_accepted,exact_accepted_unique,1,1,1,WFO_offline_hierarchical,2026-06-24,2592
Polygonum maritimum,polygonum maritimum,polygonum maritimum,Polygonum maritimum,wfo-0000489807,wfo-0000489807,Polygonaceae,Polygonum,species,accepted,accepted,exact_accepted,exact_accepted_unique,1,1,1,WFO_offline_hierarchical,2026-06-24,2593
Cinnamomum tenuifolium,cinnamomum tenuifolium,cinnamomum tenuifolium,Cinnamomum chekiangense,wfo-0000604993,wfo-0000604993,Lauraceae,Cinnamomum,species,synonym,synonym,exact_synonym,exact_synonym_unique,1,1,1,WFO_offline_hierarchical,2026-06-24,2594
Pentadesma butyracea,pentadesma butyracea,pentadesma butyracea,Pentadesma butyracea,wfo-0000395230,wfo-0000395230,Clusiaceae,Pentadesma,species,accepted,accepted,exact_accepted,exact_accepted_unique,1,1,1,WFO_offline_hierarchical,2026-06-24,2595
Pistacia weinmannifolia,pistacia weinmannifolia,pistacia weinmannifolia,NA,NA,NA,NA,NA,NA,NA,unresolved,unresolved,no_match,0,0,0,NA,2026-06-24,2596
Parthenocissus tricuspidata,parthenocissus tricuspidata,parthenocissus tricuspidata,Parthenocissus tricuspidata,wfo-0000474320,wfo-0000474320,Vitaceae,Parthenocissus,species,accepted,accepted,exact_accepted,exact_accepted_unique,1,1,1,WFO_offline_hierarchical,2026-06-24,2597
Mammea americana,mammea americana,mammea americana,Mammea americana,wfo-0000375040,wfo-0000375040,Calophyllaceae,Mammea,species,accepted,accepted,exact_accepted,exact_accepted_unique,1,1,1,WFO_offline_hierarchical,2026-06-24,2598
Viscum rotundifolium,viscum rotundifolium,viscum rotundifolium,Viscum rotundifolium,wfo-0000424911,wfo-0000424911,Santalaceae,Viscum,species,accepted,accepted,exact_accepted,exact_accepted_unique,1,1,1,WFO_offline_hierarchical,2026-06-24,2599
Celastrus flagellaris,celastrus flagellaris,celastrus flagellaris,Celastrus flagellaris,wfo-0000592721,wfo-0000592721,Celastraceae,Celastrus,species,accepted,accepted,exact_accepted,exact_accepted_unique,1,1,1,WFO_offline_hierarchical,2026-06-24,2600
Prosopis juliflora,prosopis juliflora,prosopis juliflora,Neltuma juliflora,wfo-0000184288,wfo-0000184288,Fabaceae,Neltuma,species,synonym,synonym,exact_synonym,exact_synonym_unique,1,1,1,WFO_offline_hierarchical,2026-06-24,2601
Luehea candicans,luehea candicans,luehea candicans,Luehea candicans,wfo-0000445189,wfo-0000445189,Malvaceae,Luehea,species,accepted,accepted,exact_accepted,exact_accepted_unique,1,1,1,WFO_offline_hierarchical,2026-06-24,2602
Acaena magellanica,acaena magellanica,acaena magellanica,Acaena magellanica,wfo-0000985090,wfo-0000985090,Rosaceae,Acaena,species,accepted,accepted,exact_accepted,exact_accepted_unique,1,1,1,WFO_offline_hierarchical,2026-06-24,2603
Eugenia brasiliensis,eugenia brasiliensis,eugenia brasiliensis,Eugenia brasiliensis,wfo-0000956594,wfo-0000956594,Myrtaceae,Eugenia,species,accepted,accepted,exact_accepted,exact_accepted_unique,1,1,1,WFO_offline_hierarchical,2026-06-24,2604
Waltheria indica,waltheria indica,waltheria indica,Waltheria indica,wfo-0000427365,wfo-0000427365,Malvaceae,Waltheria,species,accepted,accepted,exact_accepted,exact_accepted_unique,1,1,1,WFO_offline_hierarchical,2026-06-24,2605
Uncaria rhynchophylla,uncaria rhynchophylla,uncaria rhynchophylla,Uncaria rhynchophylla,wfo-0000329305,wfo-0000329305,Rubiaceae,Uncaria,species,accepted,accepted,exact_accepted,exact_accepted_unique,1,1,1,WFO_offline_hierarchical,2026-06-24,2606
Uncaria rhynchophylla ex,uncaria rhynchophylla ex,uncaria rhynchophylla,Uncaria rhynchophylla,wfo-0000329305,wfo-0000329305,Rubiaceae,Uncaria,species,accepted,accepted,canonical,canonical_unique,1,1,1,WFO_offline_hierarchical,2026-06-24,2607
Aesculus californica,aesculus californica,aesculus californica,Aesculus californica,wfo-0000522247,wfo-0000522247,Sapindaceae,Aesculus,species,accepted,accepted,exact_accepted,exact_accepted_unique,1,1,1,WFO_offline_hierarchical,2026-06-24,2608
Eucalyptus alba,eucalyptus alba,eucalyptus alba,Eucalyptus alba,wfo-0000954367,wfo-0000954367,Myrtaceae,Eucalyptus,species,accepted,accepted,exact_accepted,exact_accepted_unique,1,1,1,WFO_offline_hierarchical,2026-06-24,2609
Woodwardia orientalis,woodwardia orientalis,woodwardia orientalis,Woodwardia orientalis,wfo-0001107450,wfo-0001107450,Blechnaceae,Woodwardia,species,accepted,accepted,exact_accepted,exact_accepted_unique,1,1,1,WFO_offline_hierarchical,2026-06-24,2610
Chaenomeles japonica ex,chaenomeles japonica ex,chaenomeles japonica,Chaenomeles japonica,wfo-0001003367,wfo-0001003367,Rosaceae,Chaenomeles,species,accepted,accepted,canonical,canonical_unique,1,1,1,WFO_offline_hierarchical,2026-06-24,2611
Chaenomeles japonica,chaenomeles japonica,chaenomeles japonica,Chaenomeles japonica,wfo-0001003367,wfo-0001003367,Rosaceae,Chaenomeles,species,accepted,accepted,exact_accepted,exact_accepted_unique,1,1,1,WFO_offline_hierarchical,2026-06-24,2612
Reynoutria japonica,reynoutria japonica,reynoutria japonica,Reynoutria japonica,wfo-0000406106,wfo-0000406106,Polygonaceae,Reynoutria,species,accepted,accepted,exact_accepted,exact_accepted_unique,1,1,1,WFO_offline_hierarchical,2026-06-24,2613
Fallopia japonica,fallopia japonica,fallopia japonica,Reynoutria japonica,wfo-0000406106,wfo-0000406106,Polygonaceae,Reynoutria,species,synonym,synonym,exact_synonym,exact_synonym_unique,1,1,1,WFO_offline_hierarchical,2026-06-24,2614
Cupania americana,cupania americana,cupania americana,Cupania americana,wfo-0000629388,wfo-0000629388,Sapindaceae,Cupania,species,accepted,accepted,exact_accepted,exact_accepted_unique,1,1,1,WFO_offline_hierarchical,2026-06-24,2615
Cupania latifolia,cupania latifolia,cupania latifolia,Cupania latifolia,wfo-0000629512,wfo-0000629512,Sapindaceae,Cupania,species,accepted,accepted,exact_accepted,exact_accepted_unique,1,1,1,WFO_offline_hierarchical,2026-06-24,2616
Tainia bicornis,tainia bicornis,tainia bicornis,Tainia bicornis,wfo-0000320471,wfo-0000320471,Orchidaceae,Tainia,species,accepted,accepted,exact_accepted,exact_accepted_unique,1,1,1,WFO_offline_hierarchical,2026-06-24,2617
Cyperus longus,cyperus longus,cyperus longus,Cyperus longus,wfo-0000377196,wfo-0000377196,Cyperaceae,Cyperus,species,accepted,accepted,exact_accepted,exact_accepted_unique,1,1,1,WFO_offline_hierarchical,2026-06-24,2618
Nageia nagi,nageia nagi,nageia nagi,Nageia nagi,wfo-0000380933,wfo-0000380933,Podocarpaceae,Nageia,species,accepted,accepted,exact_accepted,exact_accepted_unique,1,1,1,WFO_offline_hierarchical,2026-06-24,2619
Isodon japonicus,isodon japonicus,isodon japonicus,Isodon japonicus,wfo-0000217877,wfo-0000217877,Lamiaceae,Isodon,species,accepted,accepted,exact_accepted,exact_accepted_unique,1,1,1,WFO_offline_hierarchical,2026-06-24,2620
Rosa laevigata,rosa laevigata,rosa laevigata,Rosa laevigata,wfo-0001014407,wfo-0001014407,Rosaceae,Rosa,species,accepted,accepted,exact_accepted,exact_accepted_unique,1,1,1,WFO_offline_hierarchical,2026-06-24,2621
Litsea glutinosa,litsea glutinosa,litsea glutinosa,Litsea glutinosa,wfo-0000365695,wfo-0000365695,Lauraceae,Litsea,species,accepted,accepted,exact_accepted,exact_accepted_unique,1,1,1,WFO_offline_hierarchical,2026-06-24,2622
Monteverdia ilicifolia,monteverdia ilicifolia,monteverdia ilicifolia,Maytenus ilicifolia,wfo-0000375199,wfo-0000375199,Celastraceae,Maytenus,species,synonym,synonym,exact_synonym,exact_synonym_unique,1,1,1,WFO_offline_hierarchical,2026-06-24,2623
Viburnum opulus,viburnum opulus,viburnum opulus,Viburnum opulus,wfo-0000422807,wfo-0000422807,Viburnaceae,Viburnum,species,accepted,accepted,exact_accepted,exact_accepted_unique,1,1,1,WFO_offline_hierarchical,2026-06-24,2624
Microcos paniculata,microcos paniculata,microcos paniculata,Microcos paniculata,wfo-0000451652,wfo-0000451652,Malvaceae,Microcos,species,accepted,accepted,exact_accepted,exact_accepted_unique,1,1,1,WFO_offline_hierarchical,2026-06-24,2625
Anacardium humile,anacardium humile,anacardium humile,Anacardium humile,wfo-0000533060,wfo-0000533060,Anacardiaceae,Anacardium,species,accepted,accepted,exact_accepted,exact_accepted_unique,1,1,1,WFO_offline_hierarchical,2026-06-24,2626
Vauquelinia,vauquelinia,vauquelinia,Vauquelinia,wfo-4000040072,wfo-4000040072,Rosaceae,Vauquelinia,genus,accepted,accepted,exact_accepted,exact_accepted_unique,1,1,1,WFO_offline_hierarchical,2026-06-24,2627
Dalea boliviana,dalea boliviana,dalea boliviana,Dalea boliviana,wfo-0000182157,wfo-0000182157,Fabaceae,Dalea,species,accepted,accepted,exact_accepted,exact_accepted_unique,1,1,1,WFO_offline_hierarchical,2026-06-24,2628
Zanthoxylum caribaeum,zanthoxylum caribaeum,zanthoxylum caribaeum,Zanthoxylum caribaeum,wfo-0000429511,wfo-0000429511,Rutaceae,Zanthoxylum,species,accepted,accepted,exact_accepted,exact_accepted_unique,1,1,1,WFO_offline_hierarchical,2026-06-24,2629
Esenbeckia berlandieri,esenbeckia berlandieri,esenbeckia berlandieri,Esenbeckia berlandieri,wfo-0000680772,wfo-0000680772,Rutaceae,Esenbeckia,species,accepted,accepted,exact_accepted,exact_accepted_unique,1,1,1,WFO_offline_hierarchical,2026-06-24,2630
Tetradium daniellii,tetradium daniellii,tetradium daniellii,Tetradium daniellii,wfo-0000455306,wfo-0000455306,Rutaceae,Tetradium,species,accepted,accepted,exact_accepted,exact_accepted_unique,1,1,1,WFO_offline_hierarchical,2026-06-24,2631
Viola arvensis,viola arvensis,viola arvensis,Viola arvensis,wfo-0000426676,wfo-0000426676,Violaceae,Viola,species,accepted,accepted,exact_accepted,exact_accepted_unique,1,1,1,WFO_offline_hierarchical,2026-06-24,2632
Drummondita calida,drummondita calida,drummondita calida,Drummondita calida,wfo-0000657022,wfo-0000657022,Rutaceae,Drummondita,species,accepted,accepted,exact_accepted,exact_accepted_unique,1,1,1,WFO_offline_hierarchical,2026-06-24,2633
Citrus glauca,citrus glauca,citrus glauca,Citrus glauca,wfo-0000608023,wfo-0000608023,Rutaceae,Citrus,species,accepted,accepted,exact_accepted,exact_accepted_unique,1,1,1,WFO_offline_hierarchical,2026-06-24,2634
Citrus longispina,citrus longispina,citrus longispina,Citrus aurantiifolia,wfo-0001242548,wfo-0001242548,Rutaceae,Citrus,species,synonym,synonym,exact_synonym,exact_synonym_unique,1,1,1,WFO_offline_hierarchical,2026-06-24,2635
Citrus shunkokan,citrus shunkokan,citrus shunkokan,NA,NA,NA,NA,NA,NA,NA,unresolved,unresolved,no_match,0,0,0,NA,2026-06-24,2636
Citrus sulcata,citrus sulcata,citrus sulcata,Citrus × aurantium,wfo-0000607909,wfo-0000607909,Rutaceae,Citrus,species,synonym,synonym,exact_synonym,exact_synonym_unique,1,1,1,WFO_offline_hierarchical,2026-06-24,2637
Eremocitrus glauca,eremocitrus glauca,eremocitrus glauca,Citrus glauca,wfo-0000608023,wfo-0000608023,Rutaceae,Citrus,species,synonym,synonym,exact_synonym,exact_synonym_unique,1,1,1,WFO_offline_hierarchical,2026-06-24,2638
Pilocarpus trachylophus,pilocarpus trachylophus,pilocarpus trachylophus,Pilocarpus trachylophus,wfo-0001132714,wfo-0001132714,Rutaceae,Pilocarpus,species,accepted,accepted,exact_accepted,exact_accepted_unique,1,1,1,WFO_offline_hierarchical,2026-06-24,2639
Zanthoxylum rhoifolium,zanthoxylum rhoifolium,zanthoxylum rhoifolium,Zanthoxylum rhoifolium,wfo-0000429355,wfo-0000429355,Rutaceae,Zanthoxylum,species,accepted,accepted,exact_accepted,exact_accepted_unique,1,1,1,WFO_offline_hierarchical,2026-06-24,2640
Zanthoxylum nitidum,zanthoxylum nitidum,zanthoxylum nitidum,Zanthoxylum nitidum,wfo-0000429249,wfo-0000429249,Rutaceae,Zanthoxylum,species,accepted,accepted,exact_accepted,exact_accepted_unique,1,1,1,WFO_offline_hierarchical,2026-06-24,2641
Citrus cavaleriei,citrus cavaleriei,citrus cavaleriei,Citrus cavaleriei,wfo-0000607966,wfo-0000607966,Rutaceae,Citrus,species,accepted,accepted,exact_accepted,exact_accepted_unique,1,1,1,WFO_offline_hierarchical,2026-06-24,2642
Citrus wilsonii,citrus wilsonii,citrus wilsonii,NA,NA,NA,NA,NA,NA,NA,unresolved,unresolved,no_match,0,0,0,NA,2026-06-24,2643
Aegle marmelos,aegle marmelos,aegle marmelos,Aegle marmelos,wfo-0000521533,wfo-0000521533,Rutaceae,Aegle,species,accepted,accepted,exact_accepted,exact_accepted_unique,1,1,1,WFO_offline_hierarchical,2026-06-24,2644
Toddalia asiatica,toddalia asiatica,toddalia asiatica,Zanthoxylum asiaticum,wfo-1000008156,wfo-1000008156,Rutaceae,Zanthoxylum,species,synonym,synonym,exact_synonym,exact_synonym_unique,1,1,1,WFO_offline_hierarchical,2026-06-24,2645
Valeriana officinalis,valeriana officinalis,valeriana officinalis,Valeriana officinalis,wfo-0000426953,wfo-0000426953,Caprifoliaceae,Valeriana,species,accepted,accepted,exact_accepted,exact_accepted_unique,1,1,1,WFO_offline_hierarchical,2026-06-24,2646
Agathosma betulina,agathosma betulina,agathosma betulina,Agathosma betulina,wfo-0000523353,wfo-0000523353,Rutaceae,Agathosma,species,accepted,accepted,exact_accepted,exact_accepted_unique,1,1,1,WFO_offline_hierarchical,2026-06-24,2647
Philotheca gardneri,philotheca gardneri,philotheca gardneri,Philotheca gardneri,wfo-0001263468,wfo-0001263468,Rutaceae,Philotheca,species,accepted,accepted,exact_accepted,exact_accepted_unique,1,1,1,WFO_offline_hierarchical,2026-06-24,2648
Eriostemon cynobiformis,eriostemon cynobiformis,eriostemon cynobiformis,Eriostemon cynobiformis,wfo-0000675886,wfo-0000675886,Rutaceae,Eriostemon,species,accepted,accepted,exact_accepted,exact_accepted_unique,1,1,1,WFO_offline_hierarchical,2026-06-24,2649
Zanthoxylum sprucei,zanthoxylum sprucei,zanthoxylum sprucei,Zanthoxylum sprucei,wfo-0001132923,wfo-0001132923,Rutaceae,Zanthoxylum,species,accepted,accepted,exact_accepted,exact_accepted_unique,1,1,1,WFO_offline_hierarchical,2026-06-24,2650
Philotheca tomentella,philotheca tomentella,philotheca tomentella,Philotheca tomentella,wfo-0001263484,wfo-0001263484,Rutaceae,Philotheca,species,accepted,accepted,exact_accepted,exact_accepted_unique,1,1,1,WFO_offline_hierarchical,2026-06-24,2651
Zanthoxylum scandens,zanthoxylum scandens,zanthoxylum scandens,Zanthoxylum scandens,wfo-0001132690,wfo-0001132690,Rutaceae,Zanthoxylum,species,accepted,accepted,exact_accepted,exact_accepted_unique,1,1,1,WFO_offline_hierarchical,2026-06-24,2652
Cyanthillium cinereum,cyanthillium cinereum,cyanthillium cinereum,Cyanthillium cinereum,wfo-0000051035,wfo-0000051035,Asteraceae,Cyanthillium,species,accepted,accepted,exact_accepted,exact_accepted_unique,1,1,1,WFO_offline_hierarchical,2026-06-24,2653
Vernonanthura divaricata,vernonanthura divaricata,vernonanthura divaricata,Vernonanthura divaricata,wfo-0000015796,wfo-0000015796,Asteraceae,Vernonanthura,species,accepted,accepted,exact_accepted,exact_accepted_unique,1,1,1,WFO_offline_hierarchical,2026-06-24,2654
Laggera crispata,laggera crispata,laggera crispata,Laggera crispata,wfo-0000093042,wfo-0000093042,Asteraceae,Laggera,species,accepted,accepted,exact_accepted,exact_accepted_unique,1,1,1,WFO_offline_hierarchical,2026-06-24,2655
Betula aurata,betula aurata,betula aurata,Betula aurata,wfo-0000331222,wfo-0000331222,Betulaceae,Betula,species,accepted,accepted,exact_accepted,exact_accepted_unique,1,1,1,WFO_offline_hierarchical,2026-06-24,2656
Centaurea pseudoscabiosa,centaurea pseudoscabiosa,centaurea pseudoscabiosa,Centaurea pseudoscabiosa,wfo-0000041189,wfo-0000041189,Asteraceae,Centaurea,species,accepted,accepted,exact_accepted,exact_accepted_unique,1,1,1,WFO_offline_hierarchical,2026-06-24,2657
Vachellia gerrardii,vachellia gerrardii,vachellia gerrardii,Vachellia gerrardii,wfo-0001284775,wfo-0001284775,Fabaceae,Vachellia,species,accepted,accepted,exact_accepted,exact_accepted_unique,1,1,1,WFO_offline_hierarchical,2026-06-24,2658
Milicia excelsa,milicia excelsa,milicia excelsa,Milicia excelsa,wfo-0000447908,wfo-0000447908,Moraceae,Milicia,species,accepted,accepted,exact_accepted,exact_accepted_unique,1,1,1,WFO_offline_hierarchical,2026-06-24,2659
Artocarpus hypargyreus,artocarpus hypargyreus,artocarpus hypargyreus,Artocarpus hypargyreus,wfo-0000550497,wfo-0000550497,Moraceae,Artocarpus,species,accepted,accepted,exact_accepted,exact_accepted_unique,1,1,1,WFO_offline_hierarchical,2026-06-24,2660
Eucommia ulmoides,eucommia ulmoides,eucommia ulmoides,Eucommia ulmoides,wfo-0000681176,wfo-0000681176,Eucommiaceae,Eucommia,species,accepted,accepted,exact_accepted,exact_accepted_unique,1,1,1,WFO_offline_hierarchical,2026-06-24,2661
Dioscorea oppositifolia,dioscorea oppositifolia,dioscorea oppositifolia,Dioscorea oppositifolia,wfo-0000393046,wfo-0000393046,Dioscoreaceae,Dioscorea,species,accepted,accepted,exact_accepted,exact_accepted_unique,1,1,1,WFO_offline_hierarchical,2026-06-24,2662
Dalea filiciformis,dalea filiciformis,dalea filiciformis,Marina filiciformis,wfo-1000064738,wfo-1000064738,Fabaceae,Marina,species,synonym,synonym,exact_synonym,exact_synonym_unique,1,1,1,WFO_offline_hierarchical,2026-06-24,2663
Artemisia ludoviciana,artemisia ludoviciana,artemisia ludoviciana,Artemisia ludoviciana,wfo-0000003410,wfo-0000003410,Asteraceae,Artemisia,species,accepted,accepted,exact_accepted,exact_accepted_unique,1,1,1,WFO_offline_hierarchical,2026-06-24,2664
Sinofranchetia chinensis,sinofranchetia chinensis,sinofranchetia chinensis,Sinofranchetia chinensis,wfo-0001230804,wfo-0001230804,Lardizabalaceae,Sinofranchetia,species,accepted,accepted,exact_accepted,exact_accepted_unique,1,1,1,WFO_offline_hierarchical,2026-06-24,2665
Senna lindheimeriana,senna lindheimeriana,senna lindheimeriana,Senna lindheimeriana,wfo-0000175248,wfo-0000175248,Fabaceae,Senna,species,accepted,accepted,exact_accepted,exact_accepted_unique,1,1,1,WFO_offline_hierarchical,2026-06-24,2666
Dendroviguiera splendens,dendroviguiera splendens,dendroviguiera splendens,NA,NA,NA,NA,NA,NA,NA,unresolved,unresolved,no_match,0,0,0,NA,2026-06-24,2667
Clausena excavata,clausena excavata,clausena excavata,Clausena excavata,wfo-0000608651,wfo-0000608651,Rutaceae,Clausena,species,accepted,accepted,exact_accepted,exact_accepted_unique,1,1,1,WFO_offline_hierarchical,2026-06-24,2668
Dalbergia sericea,dalbergia sericea,dalbergia sericea,Dalbergia sericea,wfo-0000185086,wfo-0000185086,Fabaceae,Dalbergia,species,accepted,accepted,exact_accepted,exact_accepted_unique,1,1,1,WFO_offline_hierarchical,2026-06-24,2669
Morinda citrifolia,morinda citrifolia,morinda citrifolia,Morinda citrifolia,wfo-0000245941,wfo-0000245941,Rubiaceae,Morinda,species,accepted,accepted,exact_accepted,exact_accepted_unique,1,1,1,WFO_offline_hierarchical,2026-06-24,2670
Platymiscium yucatanum,platymiscium yucatanum,platymiscium yucatanum,Platymiscium yucatanum,wfo-0000169448,wfo-0000169448,Fabaceae,Platymiscium,species,accepted,accepted,exact_accepted,exact_accepted_unique,1,1,1,WFO_offline_hierarchical,2026-06-24,2671
Bosistoa medicinalis,bosistoa medicinalis,bosistoa medicinalis,Bosistoa medicinalis,wfo-0000569600,wfo-0000569600,Rutaceae,Bosistoa,species,accepted,accepted,exact_accepted,exact_accepted_unique,1,1,1,WFO_offline_hierarchical,2026-06-24,2672
Matteuccia struthiopteris,matteuccia struthiopteris,matteuccia struthiopteris,Matteuccia struthiopteris,wfo-0001109164,wfo-0001109164,Onocleaceae,Matteuccia,species,accepted,accepted,exact_accepted,exact_accepted_unique,1,1,1,WFO_offline_hierarchical,2026-06-24,2673
Abies pindrow,abies pindrow,abies pindrow,Abies pindrow,wfo-0000511353,wfo-0000511353,Pinaceae,Abies,species,accepted,accepted,exact_accepted,exact_accepted_unique,1,1,1,WFO_offline_hierarchical,2026-06-24,2674
Centaurea urvillei,centaurea urvillei,centaurea urvillei,Centaurea urvillei,wfo-0000078581,wfo-0000078581,Asteraceae,Centaurea,species,accepted,accepted,exact_accepted,exact_accepted_unique,1,1,1,WFO_offline_hierarchical,2026-06-24,2675
Senegalia nigrescens,senegalia nigrescens,senegalia nigrescens,Senegalia nigrescens,wfo-0001284771,wfo-0001284771,Fabaceae,Senegalia,species,accepted,accepted,exact_accepted,exact_accepted_unique,1,1,1,WFO_offline_hierarchical,2026-06-24,2676
Acacia nigrescens,acacia nigrescens,acacia nigrescens,Senegalia nigrescens,wfo-0001284771,wfo-0001284771,Fabaceae,Senegalia,species,synonym,synonym,exact_synonym,exact_synonym_unique,1,1,1,WFO_offline_hierarchical,2026-06-24,2677
Acacia erioloba,acacia erioloba,acacia erioloba,NA,NA,NA,NA,NA,NA,NA,unresolved,exact_conflict,exact_synonym_conflict,2,2,2,NA,2026-06-24,2678
Vachellia erioloba,vachellia erioloba,vachellia erioloba,Vachellia erioloba,wfo-0001284774,wfo-0001284774,Fabaceae,Vachellia,species,accepted,accepted,exact_accepted,exact_accepted_unique,1,1,1,WFO_offline_hierarchical,2026-06-24,2679
Acacia acuminata,acacia acuminata,acacia acuminata,Acacia acuminata,wfo-0000185281,wfo-0000185281,Fabaceae,Acacia,species,accepted,accepted,exact_accepted,exact_accepted_unique,1,1,1,WFO_offline_hierarchical,2026-06-24,2680
Acacia excelsa,acacia excelsa,acacia excelsa,Acacia excelsa,wfo-0000185283,wfo-0000185283,Fabaceae,Acacia,species,accepted,accepted,exact_accepted,exact_accepted_unique,1,1,1,WFO_offline_hierarchical,2026-06-24,2681
Acacia harpophylla,acacia harpophylla,acacia harpophylla,Acacia harpophylla,wfo-0000186352,wfo-0000186352,Fabaceae,Acacia,species,accepted,accepted,exact_accepted,exact_accepted_unique,1,1,1,WFO_offline_hierarchical,2026-06-24,2682
Euphorbia tithymaloides,euphorbia tithymaloides,euphorbia tithymaloides,Euphorbia tithymaloides,wfo-0000965119,wfo-0000965119,Euphorbiaceae,Euphorbia,species,accepted,accepted,exact_accepted,exact_accepted_unique,1,1,1,WFO_offline_hierarchical,2026-06-24,2683
Spirotropis longifolia,spirotropis longifolia,spirotropis longifolia,Spirotropis longifolia,wfo-0000184740,wfo-0000184740,Fabaceae,Spirotropis,species,accepted,accepted,exact_accepted,exact_accepted_unique,1,1,1,WFO_offline_hierarchical,2026-06-24,2684
Ficus nymphaeifolia,ficus nymphaeifolia,ficus nymphaeifolia,Ficus nymphaeifolia,wfo-0000689484,wfo-0000689484,Moraceae,Ficus,species,accepted,accepted,exact_accepted,exact_accepted_unique,1,1,1,WFO_offline_hierarchical,2026-06-24,2685
Ulex minor,ulex minor,ulex minor,Ulex minor,wfo-0000214037,wfo-0000214037,Fabaceae,Ulex,species,accepted,accepted,exact_accepted,exact_accepted_unique,1,1,1,WFO_offline_hierarchical,2026-06-24,2686
Ficus lyrata,ficus lyrata,ficus lyrata,Ficus lyrata,wfo-0001084874,wfo-0001084874,Moraceae,Ficus,species,accepted,accepted,exact_accepted,exact_accepted_unique,1,1,1,WFO_offline_hierarchical,2026-06-24,2687
Polytrichastrum pallidisetum,polytrichastrum pallidisetum,polytrichastrum pallidisetum,Polytrichum pallidisetum,wfo-0001170208,wfo-0001170208,Polytrichaceae,Polytrichum,species,synonym,synonym,exact_synonym,exact_synonym_unique,1,1,1,WFO_offline_hierarchical,2026-06-24,2688
Polytrichum pallidisetum,polytrichum pallidisetum,polytrichum pallidisetum,Polytrichum pallidisetum,wfo-0001170208,wfo-0001170208,Polytrichaceae,Polytrichum,species,accepted,accepted,exact_accepted,exact_accepted_unique,1,1,1,WFO_offline_hierarchical,2026-06-24,2689
Glycosmis macrophylla,glycosmis macrophylla,glycosmis macrophylla,Glycosmis macrophylla,wfo-0000704527,wfo-0000704527,Rutaceae,Glycosmis,species,accepted,accepted,exact_accepted,exact_accepted_unique,1,1,1,WFO_offline_hierarchical,2026-06-24,2690
Glycosmis sapindoides,glycosmis sapindoides,glycosmis sapindoides,Glycosmis macrophylla var. macrophylla,wfo-1200097147,wfo-1200097147,Rutaceae,Glycosmis,variety,synonym,synonym,exact_synonym,exact_synonym_unique,1,1,1,WFO_offline_hierarchical,2026-06-24,2691
Inula macrophylla,inula macrophylla,inula macrophylla,NA,NA,NA,NA,NA,NA,NA,unresolved,exact_conflict,exact_synonym_conflict,2,2,2,NA,2026-06-24,2692
Derris utilis,derris utilis,derris utilis,Deguelia utilis,wfo-0001286043,wfo-0001286043,Fabaceae,Deguelia,species,synonym,synonym,exact_synonym,exact_synonym_unique,1,1,1,WFO_offline_hierarchical,2026-06-24,2693
Lonchocarpus utilis,lonchocarpus utilis,lonchocarpus utilis,Deguelia utilis,wfo-0001286043,wfo-0001286043,Fabaceae,Deguelia,species,synonym,synonym,exact_synonym,exact_synonym_unique,1,1,1,WFO_offline_hierarchical,2026-06-24,2694
Antheroporum pierrei,antheroporum pierrei,antheroporum pierrei,Antheroporum pierrei,wfo-0000185939,wfo-0000185939,Fabaceae,Antheroporum,species,accepted,accepted,exact_accepted,exact_accepted_unique,1,1,1,WFO_offline_hierarchical,2026-06-24,2695
Tsuga diversifolia,tsuga diversifolia,tsuga diversifolia,Tsuga diversifolia,wfo-0000456388,wfo-0000456388,Pinaceae,Tsuga,species,accepted,accepted,exact_accepted,exact_accepted_unique,1,1,1,WFO_offline_hierarchical,2026-06-24,2696
Mosla soochouensis,mosla soochouensis,mosla soochouensis,Mosla soochouensis,wfo-0000246376,wfo-0000246376,Lamiaceae,Mosla,species,accepted,accepted,exact_accepted,exact_accepted_unique,1,1,1,WFO_offline_hierarchical,2026-06-24,2697
Fortunella,fortunella,fortunella,Citrus,wfo-4000008411,wfo-4000008411,Rutaceae,Citrus,genus,synonym,synonym,exact_synonym,exact_synonym_unique,1,1,1,WFO_offline_hierarchical,2026-06-24,2698
Pyrrosia serpens,pyrrosia serpens,pyrrosia serpens,Pyrrosia serpens,wfo-0000150260,wfo-0000150260,Polypodiaceae,Pyrrosia,species,accepted,accepted,exact_accepted,exact_accepted_unique,1,1,1,WFO_offline_hierarchical,2026-06-24,2699
Ailanthus integrifolia,ailanthus integrifolia,ailanthus integrifolia,NA,NA,NA,NA,NA,NA,NA,unresolved,unresolved,no_match,0,0,0,NA,2026-06-24,2700
Morus multicaulis,morus multicaulis,morus multicaulis,Morus alba,wfo-0000447905,wfo-0000447905,Moraceae,Morus,species,synonym,synonym,exact_synonym,exact_synonym_unique,1,1,1,WFO_offline_hierarchical,2026-06-24,2701
Crataegus,crataegus,crataegus,Crataegus,wfo-4000009592,wfo-4000009592,Rosaceae,Crataegus,genus,accepted,accepted,exact_accepted,exact_accepted_unique,1,1,1,WFO_offline_hierarchical,2026-06-24,2702
Taxus mairei ex,taxus mairei ex,taxus mairei,Taxus mairei,wfo-0000459404,wfo-0000459404,Taxaceae,Taxus,species,accepted,accepted,canonical,canonical_unique,1,1,1,WFO_offline_hierarchical,2026-06-24,2703
Ribes sanguineum,ribes sanguineum,ribes sanguineum,Ribes sanguineum,wfo-0000405232,wfo-0000405232,Grossulariaceae,Ribes,species,accepted,accepted,exact_accepted,exact_accepted_unique,1,1,1,WFO_offline_hierarchical,2026-06-24,2704
Betula,betula,betula,Betula,wfo-4000004547,wfo-4000004547,Betulaceae,Betula,genus,accepted,accepted,exact_accepted,exact_accepted_unique,1,1,1,WFO_offline_hierarchical,2026-06-24,2705
Clusia sandiensis,clusia sandiensis,clusia sandiensis,Clusia sandiensis,wfo-0000612447,wfo-0000612447,Clusiaceae,Clusia,species,accepted,accepted,exact_accepted,exact_accepted_unique,1,1,1,WFO_offline_hierarchical,2026-06-24,2706
Cecropia glaziovii,cecropia glaziovii,cecropia glaziovii,Cecropia glaziovii,wfo-0000592227,wfo-0000592227,Urticaceae,Cecropia,species,accepted,accepted,exact_accepted,exact_accepted_unique,1,1,1,WFO_offline_hierarchical,2026-06-24,2707
Fragaria vesca,fragaria vesca,fragaria vesca,Fragaria vesca,wfo-0000993770,wfo-0000993770,Rosaceae,Fragaria,species,accepted,accepted,exact_accepted,exact_accepted_unique,1,1,1,WFO_offline_hierarchical,2026-06-24,2708
Hypericum erectum,hypericum erectum,hypericum erectum,Hypericum erectum,wfo-0000727608,wfo-0000727608,Hypericaceae,Hypericum,species,accepted,accepted,exact_accepted,exact_accepted_unique,1,1,1,WFO_offline_hierarchical,2026-06-24,2709
Cecropia hololeuca,cecropia hololeuca,cecropia hololeuca,Cecropia hololeuca,wfo-0000592236,wfo-0000592236,Urticaceae,Cecropia,species,accepted,accepted,exact_accepted,exact_accepted_unique,1,1,1,WFO_offline_hierarchical,2026-06-24,2710
Musanga cecropioides,musanga cecropioides,musanga cecropioides,Musanga cecropioides,wfo-0000374733,wfo-0000374733,Urticaceae,Musanga,species,accepted,accepted,exact_accepted,exact_accepted_unique,1,1,1,WFO_offline_hierarchical,2026-06-24,2711
Uncaria sinensis,uncaria sinensis,uncaria sinensis,Uncaria sinensis,wfo-0000329322,wfo-0000329322,Rubiaceae,Uncaria,species,accepted,accepted,exact_accepted,exact_accepted_unique,1,1,1,WFO_offline_hierarchical,2026-06-24,2712
Helichrysum retortum,helichrysum retortum,helichrysum retortum,Helichrysum retortum,wfo-0000000521,wfo-0000000521,Asteraceae,Helichrysum,species,accepted,accepted,exact_accepted,exact_accepted_unique,1,1,1,WFO_offline_hierarchical,2026-06-24,2713
Serpocaulon triseriale,serpocaulon triseriale,serpocaulon triseriale,Serpocaulon triseriale,wfo-0001279631,wfo-0001279631,Polypodiaceae,Serpocaulon,species,accepted,accepted,exact_accepted,exact_accepted_unique,1,1,1,WFO_offline_hierarchical,2026-06-24,2714
Scoparia dulcis,scoparia dulcis,scoparia dulcis,Scoparia dulcis,wfo-0000495138,wfo-0000495138,Plantaginaceae,Scoparia,species,accepted,accepted,exact_accepted,exact_accepted_unique,1,1,1,WFO_offline_hierarchical,2026-06-24,2715
Desmos dunalii,desmos dunalii,desmos dunalii,Desmos dunalii,wfo-0000642366,wfo-0000642366,Annonaceae,Desmos,species,accepted,accepted,exact_accepted,exact_accepted_unique,1,1,1,WFO_offline_hierarchical,2026-06-24,2716
Scutellaria rehderiana,scutellaria rehderiana,scutellaria rehderiana,Scutellaria rehderiana,wfo-0000308372,wfo-0000308372,Lamiaceae,Scutellaria,species,accepted,accepted,exact_accepted,exact_accepted_unique,1,1,1,WFO_offline_hierarchical,2026-06-24,2717
Symplocos uniflora,symplocos uniflora,symplocos uniflora,Symplocos uniflora,wfo-0001141557,wfo-0001141557,Symplocaceae,Symplocos,species,accepted,accepted,exact_accepted,exact_accepted_unique,1,1,1,WFO_offline_hierarchical,2026-06-24,2718
Caesalpinia mimosoides,caesalpinia mimosoides,caesalpinia mimosoides,NA,NA,NA,NA,NA,NA,NA,unresolved,exact_conflict,exact_synonym_conflict,2,2,2,NA,2026-06-24,2719
Caesalpinia millettii,caesalpinia millettii,caesalpinia millettii,Biancaea millettii,wfo-0001346735,wfo-0001346735,Fabaceae,Biancaea,species,synonym,synonym,exact_synonym,exact_synonym_unique,1,1,1,WFO_offline_hierarchical,2026-06-24,2720
Derris robusta,derris robusta,derris robusta,Brachypterum robustum,wfo-0000205323,wfo-0000205323,Fabaceae,Brachypterum,species,synonym,synonym,exact_synonym,exact_synonym_unique,1,1,1,WFO_offline_hierarchical,2026-06-24,2721
Aglaia edulis,aglaia edulis,aglaia edulis,Aglaia edulis,wfo-0000524041,wfo-0000524041,Meliaceae,Aglaia,species,accepted,accepted,exact_accepted,exact_accepted_unique,1,1,1,WFO_offline_hierarchical,2026-06-24,2722
Cassia trachypus,cassia trachypus,cassia trachypus,Senna trachypus,wfo-0000182235,wfo-0000182235,Fabaceae,Senna,species,synonym,synonym,exact_synonym,exact_synonym_unique,1,1,1,WFO_offline_hierarchical,2026-06-24,2723
Panda oleosa,panda oleosa,panda oleosa,Panda oleosa,wfo-0000263757,wfo-0000263757,Pandaceae,Panda,species,accepted,accepted,exact_accepted,exact_accepted_unique,1,1,1,WFO_offline_hierarchical,2026-06-24,2724
Crossopetalum gaumeri,crossopetalum gaumeri,crossopetalum gaumeri,Crossopetalum gaumeri,wfo-0000626441,wfo-0000626441,Celastraceae,Crossopetalum,species,accepted,accepted,exact_accepted,exact_accepted_unique,1,1,1,WFO_offline_hierarchical,2026-06-24,2725
Eucomis bicolor,eucomis bicolor,eucomis bicolor,Eucomis bicolor,wfo-0000767045,wfo-0000767045,Asparagaceae,Eucomis,species,accepted,accepted,exact_accepted,exact_accepted_unique,1,1,1,WFO_offline_hierarchical,2026-06-24,2726
Clausena lansium,clausena lansium,clausena lansium,Clausena lansium,wfo-0000608677,wfo-0000608677,Rutaceae,Clausena,species,accepted,accepted,exact_accepted,exact_accepted_unique,1,1,1,WFO_offline_hierarchical,2026-06-24,2727
Garcinia brevirostris,garcinia brevirostris,garcinia brevirostris,Garcinia brevirostris,wfo-0000694185,wfo-0000694185,Clusiaceae,Garcinia,species,accepted,accepted,exact_accepted,exact_accepted_unique,1,1,1,WFO_offline_hierarchical,2026-06-24,2728
Goniothalamus leiocarpus,goniothalamus leiocarpus,goniothalamus leiocarpus,Goniothalamus leiocarpus,wfo-0000706511,wfo-0000706511,Annonaceae,Goniothalamus,species,accepted,accepted,exact_accepted,exact_accepted_unique,1,1,1,WFO_offline_hierarchical,2026-06-24,2729
Drimia indica,drimia indica,drimia indica,Drimia indica,wfo-0000766126,wfo-0000766126,Asparagaceae,Drimia,species,accepted,accepted,exact_accepted,exact_accepted_unique,1,1,1,WFO_offline_hierarchical,2026-06-24,2730
Daphne pedunculata,daphne pedunculata,daphne pedunculata,Daphne pedunculata,wfo-0000637831,wfo-0000637831,Thymelaeaceae,Daphne,species,accepted,accepted,exact_accepted,exact_accepted_unique,1,1,1,WFO_offline_hierarchical,2026-06-24,2731
Picradeniopsis bigelovii,picradeniopsis bigelovii,picradeniopsis bigelovii,Picradeniopsis bigelovii,wfo-0001347189,wfo-0001347189,Asteraceae,Picradeniopsis,species,accepted,accepted,exact_accepted,exact_accepted_unique,1,1,1,WFO_offline_hierarchical,2026-06-24,2732
Coreopsis bigelovii,coreopsis bigelovii,coreopsis bigelovii,Coreopsis bigelovii,wfo-0000037800,wfo-0000037800,Asteraceae,Coreopsis,species,accepted,accepted,exact_accepted,exact_accepted_unique,1,1,1,WFO_offline_hierarchical,2026-06-24,2733
Coreopsis,coreopsis,coreopsis,Coreopsis,wfo-4000009296,wfo-4000009296,Asteraceae,Coreopsis,genus,accepted,accepted,exact_accepted,exact_accepted_unique,1,1,1,WFO_offline_hierarchical,2026-06-24,2734
Tetradium glabrifolium,tetradium glabrifolium,tetradium glabrifolium,Tetradium glabrifolium,wfo-0001239188,wfo-0001239188,Rutaceae,Tetradium,species,accepted,accepted,exact_accepted,exact_accepted_unique,1,1,1,WFO_offline_hierarchical,2026-06-24,2735
Astragalus austriacus,astragalus austriacus,astragalus austriacus,Astragalus austriacus,wfo-0000213538,wfo-0000213538,Fabaceae,Astragalus,species,accepted,accepted,exact_accepted,exact_accepted_unique,1,1,1,WFO_offline_hierarchical,2026-06-24,2736
Trifolium diffusum,trifolium diffusum,trifolium diffusum,Trifolium diffusum,wfo-0000213963,wfo-0000213963,Fabaceae,Trifolium,species,accepted,accepted,exact_accepted,exact_accepted_unique,1,1,1,WFO_offline_hierarchical,2026-06-24,2737
Crotalaria thebaica,crotalaria thebaica,crotalaria thebaica,Crotalaria thebaica,wfo-0000210585,wfo-0000210585,Fabaceae,Crotalaria,species,accepted,accepted,exact_accepted,exact_accepted_unique,1,1,1,WFO_offline_hierarchical,2026-06-24,2738
Desmos dumosus,desmos dumosus,desmos dumosus,Desmos dumosus,wfo-0000642365,wfo-0000642365,Annonaceae,Desmos,species,accepted,accepted,exact_accepted,exact_accepted_unique,1,1,1,WFO_offline_hierarchical,2026-06-24,2739
Enceliopsis nudicaulis,enceliopsis nudicaulis,enceliopsis nudicaulis,Enceliopsis nudicaulis,wfo-0000128841,wfo-0000128841,Asteraceae,Enceliopsis,species,accepted,accepted,exact_accepted,exact_accepted_unique,1,1,1,WFO_offline_hierarchical,2026-06-24,2740
Andrographis neesiana,andrographis neesiana,andrographis neesiana,Andrographis neesiana,wfo-0000534063,wfo-0000534063,Acanthaceae,Andrographis,species,accepted,accepted,exact_accepted,exact_accepted_unique,1,1,1,WFO_offline_hierarchical,2026-06-24,2741
Epimedium sagittatum,epimedium sagittatum,epimedium sagittatum,Epimedium sagittatum,wfo-0000670078,wfo-0000670078,Berberidaceae,Epimedium,species,accepted,accepted,exact_accepted,exact_accepted_unique,1,1,1,WFO_offline_hierarchical,2026-06-24,2742
Hymenaea oblongifolia,hymenaea oblongifolia,hymenaea oblongifolia,Hymenaea oblongifolia,wfo-0000165122,wfo-0000165122,Fabaceae,Hymenaea,species,accepted,accepted,exact_accepted,exact_accepted_unique,1,1,1,WFO_offline_hierarchical,2026-06-24,2743
Sorocea muriculata,sorocea muriculata,sorocea muriculata,Sorocea muriculata,wfo-0000505954,wfo-0000505954,Moraceae,Sorocea,species,accepted,accepted,exact_accepted,exact_accepted_unique,1,1,1,WFO_offline_hierarchical,2026-06-24,2744
Erythroxylum barbatum,erythroxylum barbatum,erythroxylum barbatum,Erythroxylum barbatum,wfo-0000679703,wfo-0000679703,Erythroxylaceae,Erythroxylum,species,accepted,accepted,exact_accepted,exact_accepted_unique,1,1,1,WFO_offline_hierarchical,2026-06-24,2745
Iryanthera megistophylla,iryanthera megistophylla,iryanthera megistophylla,Iryanthera megistophylla,wfo-0000732338,wfo-0000732338,Myristicaceae,Iryanthera,species,accepted,accepted,exact_accepted,exact_accepted_unique,1,1,1,WFO_offline_hierarchical,2026-06-24,2746
Plagiomnium undulatum,plagiomnium undulatum,plagiomnium undulatum,Plagiomnium undulatum,wfo-0001186539,wfo-0001186539,Mniaceae,Plagiomnium,species,accepted,accepted,exact_accepted,exact_accepted_unique,1,1,1,WFO_offline_hierarchical,2026-06-24,2747
Andira surinamensis,andira surinamensis,andira surinamensis,Andira surinamensis,wfo-0000169589,wfo-0000169589,Fabaceae,Andira,species,accepted,accepted,exact_accepted,exact_accepted_unique,1,1,1,WFO_offline_hierarchical,2026-06-24,2748
Astragalus microcephalus,astragalus microcephalus,astragalus microcephalus,Astragalus microcephalus,wfo-0000207511,wfo-0000207511,Fabaceae,Astragalus,species,accepted,accepted,exact_accepted,exact_accepted_unique,1,1,1,WFO_offline_hierarchical,2026-06-24,2749
Larrea tridentata,larrea tridentata,larrea tridentata,Larrea tridentata,wfo-0001146325,wfo-0001146325,Zygophyllaceae,Larrea,species,accepted,accepted,exact_accepted,exact_accepted_unique,1,1,1,WFO_offline_hierarchical,2026-06-24,2750
Sophora lehmanni,sophora lehmanni,sophora lehmanni,NA,NA,NA,NA,NA,NA,NA,unresolved,unresolved,no_match,0,0,0,NA,2026-06-24,2751
Baccharis rhomboidalis,baccharis rhomboidalis,baccharis rhomboidalis,Baccharis rhomboidalis,wfo-0000085941,wfo-0000085941,Asteraceae,Baccharis,species,accepted,accepted,exact_accepted,exact_accepted_unique,1,1,1,WFO_offline_hierarchical,2026-06-24,2752
Lonchocarpus unifoliolatus,lonchocarpus unifoliolatus,lonchocarpus unifoliolatus,Muellera unifoliolata,wfo-0001329356,wfo-0001329356,Fabaceae,Muellera,species,synonym,synonym,exact_synonym,exact_synonym_unique,1,1,1,WFO_offline_hierarchical,2026-06-24,2753
Tephrosia interrupta,tephrosia interrupta,tephrosia interrupta,Tephrosia interrupta,wfo-0000202707,wfo-0000202707,Fabaceae,Tephrosia,species,accepted,accepted,exact_accepted,exact_accepted_unique,1,1,1,WFO_offline_hierarchical,2026-06-24,2754
Tephrosia linearis,tephrosia linearis,tephrosia linearis,Tephrosia linearis,wfo-0000202981,wfo-0000202981,Fabaceae,Tephrosia,species,accepted,accepted,exact_accepted,exact_accepted_unique,1,1,1,WFO_offline_hierarchical,2026-06-24,2755
Chadsia grevei,chadsia grevei,chadsia grevei,Chadsia grevei,wfo-0000185938,wfo-0000185938,Fabaceae,Chadsia,species,accepted,accepted,exact_accepted,exact_accepted_unique,1,1,1,WFO_offline_hierarchical,2026-06-24,2756
Sophora pachycarpa,sophora pachycarpa,sophora pachycarpa,Sophora pachycarpa,wfo-0000186530,wfo-0000186530,Fabaceae,Sophora,species,accepted,accepted,exact_accepted,exact_accepted_unique,1,1,1,WFO_offline_hierarchical,2026-06-24,2757
Thermopsis montana,thermopsis montana,thermopsis montana,Thermopsis montana,wfo-0000194928,wfo-0000194928;wfo-0001050100,Fabaceae,Thermopsis,species,accepted,accepted,exact_accepted,exact_accepted_consensus_multiple_ids,2,2,1,WFO_offline_hierarchical,2026-06-24,2758
Lupinus sericeus,lupinus sericeus,lupinus sericeus,Lupinus sericeus,wfo-0000174760,wfo-0000174760,Fabaceae,Lupinus,species,accepted,accepted,exact_accepted,exact_accepted_unique,1,1,1,WFO_offline_hierarchical,2026-06-24,2759
Securidaca inappendiculata,securidaca inappendiculata,securidaca inappendiculata,Securidaca inappendiculata,wfo-0001244534,wfo-0001244534,Polygalaceae,Securidaca,species,accepted,accepted,exact_accepted,exact_accepted_unique,1,1,1,WFO_offline_hierarchical,2026-06-24,2760
Astragalus verrucosus,astragalus verrucosus,astragalus verrucosus,Astragalus verrucosus,wfo-0000213633,wfo-0000213633,Fabaceae,Astragalus,species,accepted,accepted,exact_accepted,exact_accepted_unique,1,1,1,WFO_offline_hierarchical,2026-06-24,2761
Hypericum scabrum,hypericum scabrum,hypericum scabrum,Hypericum scabrum,wfo-0000728279,wfo-0000728279,Hypericaceae,Hypericum,species,accepted,accepted,exact_accepted,exact_accepted_unique,1,1,1,WFO_offline_hierarchical,2026-06-24,2762
Saussurea japonica,saussurea japonica,saussurea japonica,Saussurea japonica,wfo-0000033887,wfo-0000033887,Asteraceae,Saussurea,species,accepted,accepted,exact_accepted,exact_accepted_unique,1,1,1,WFO_offline_hierarchical,2026-06-24,2763
Trifolium campestre,trifolium campestre,trifolium campestre,Trifolium campestre,wfo-0000212979,wfo-0000212979,Fabaceae,Trifolium,species,accepted,accepted,exact_accepted,exact_accepted_unique,1,1,1,WFO_offline_hierarchical,2026-06-24,2764
Trifolium globosum,trifolium globosum,trifolium globosum,Trifolium globosum,wfo-0000213967,wfo-0000213967,Fabaceae,Trifolium,species,accepted,accepted,exact_accepted,exact_accepted_unique,1,1,1,WFO_offline_hierarchical,2026-06-24,2765
Genista tinctoria,genista tinctoria,genista tinctoria,Genista tinctoria,wfo-0000213769,wfo-0000213769,Fabaceae,Genista,species,accepted,accepted,exact_accepted,exact_accepted_unique,1,1,1,WFO_offline_hierarchical,2026-06-24,2766
Genista burdurensis,genista burdurensis,genista burdurensis,Genista burdurensis,wfo-0000185508,wfo-0000185508,Fabaceae,Genista,species,accepted,accepted,exact_accepted,exact_accepted_unique,1,1,1,WFO_offline_hierarchical,2026-06-24,2767
Crotalaria retusa,crotalaria retusa,crotalaria retusa,Crotalaria retusa,wfo-0000210930,wfo-0000210930,Fabaceae,Crotalaria,species,accepted,accepted,exact_accepted,exact_accepted_unique,1,1,1,WFO_offline_hierarchical,2026-06-24,2768
Desmodium velutinum,desmodium velutinum,desmodium velutinum,Polhillides velutina,wfo-0001444087,wfo-0001444087,Fabaceae,Polhillides,species,synonym,synonym,exact_synonym,exact_synonym_unique,1,1,1,WFO_offline_hierarchical,2026-06-24,2769
Crotalaria,crotalaria,crotalaria,Crotalaria,wfo-4000009787,wfo-4000009787,Fabaceae,Crotalaria,genus,accepted,accepted,exact_accepted,exact_accepted_unique,1,1,1,WFO_offline_hierarchical,2026-06-24,2770
Genista cadasonensis,genista cadasonensis,genista cadasonensis,Genista cadasonensis,wfo-0000185509,wfo-0000185509,Fabaceae,Genista,species,accepted,accepted,exact_accepted,exact_accepted_unique,1,1,1,WFO_offline_hierarchical,2026-06-24,2771
Zea mays,zea mays,zea mays,Zea mays,wfo-0000907754,wfo-0000907754,Poaceae,Zea,species,accepted,accepted,exact_accepted,exact_accepted_unique,1,1,1,WFO_offline_hierarchical,2026-06-24,2772
Lupinus arboreus,lupinus arboreus,lupinus arboreus,Lupinus arboreus,wfo-0000213844,wfo-0000213844,Fabaceae,Lupinus,species,accepted,accepted,exact_accepted,exact_accepted_unique,1,1,1,WFO_offline_hierarchical,2026-06-24,2773
Patrinia rupestris,patrinia rupestris,patrinia rupestris,Patrinia rupestris,wfo-0001143746,wfo-0001143746;wfo-0001225089,Caprifoliaceae,Patrinia,species,accepted,accepted,exact_accepted,exact_accepted_consensus_multiple_ids,2,2,1,WFO_offline_hierarchical,2026-06-24,2774
Baccharis reticularia,baccharis reticularia,baccharis reticularia,Baccharis reticularia,wfo-0000114362,wfo-0000114362,Asteraceae,Baccharis,species,accepted,accepted,exact_accepted,exact_accepted_unique,1,1,1,WFO_offline_hierarchical,2026-06-24,2775
Linzia glabra,linzia glabra,linzia glabra,Linzia glabra,wfo-0000086483,wfo-0000086483,Asteraceae,Linzia,species,accepted,accepted,exact_accepted,exact_accepted_unique,1,1,1,WFO_offline_hierarchical,2026-06-24,2776
Vernonia syringifolia,vernonia syringifolia,vernonia syringifolia,Vernonia syringifolia,wfo-0000040021,wfo-0000040021,Asteraceae,Vernonia,species,accepted,accepted,exact_accepted,exact_accepted_unique,1,1,1,WFO_offline_hierarchical,2026-06-24,2777
Pulicaria gnaphalodes,pulicaria gnaphalodes,pulicaria gnaphalodes,Pulicaria gnaphalodes,wfo-0000092918,wfo-0000092918,Asteraceae,Pulicaria,species,accepted,accepted,exact_accepted,exact_accepted_unique,1,1,1,WFO_offline_hierarchical,2026-06-24,2778
Pogostemon stellatus,pogostemon stellatus,pogostemon stellatus,Pogostemon stellatus,wfo-0000279750,wfo-0000279750,Lamiaceae,Pogostemon,species,accepted,accepted,exact_accepted,exact_accepted_unique,1,1,1,WFO_offline_hierarchical,2026-06-24,2779
Flourensia campestris,flourensia campestris,flourensia campestris,Flourensia campestris,wfo-0000124081,wfo-0000124081,Asteraceae,Flourensia,species,accepted,accepted,exact_accepted,exact_accepted_unique,1,1,1,WFO_offline_hierarchical,2026-06-24,2780
Vellozia glabra,vellozia glabra,vellozia glabra,Vellozia glabra,wfo-0000751830,wfo-0000751830,Velloziaceae,Vellozia,species,accepted,accepted,exact_accepted,exact_accepted_unique,1,1,1,WFO_offline_hierarchical,2026-06-24,2781
Peucephyllum schottii,peucephyllum schottii,peucephyllum schottii,Peucephyllum schottii,wfo-0000043931,wfo-0000043931,Asteraceae,Peucephyllum,species,accepted,accepted,exact_accepted,exact_accepted_unique,1,1,1,WFO_offline_hierarchical,2026-06-24,2782
Phlomis nissolii,phlomis nissolii,phlomis nissolii,Phlomis nissolii,wfo-0000269413,wfo-0000269413,Lamiaceae,Phlomis,species,accepted,accepted,exact_accepted,exact_accepted_unique,1,1,1,WFO_offline_hierarchical,2026-06-24,2783
Buddleja parviflora,buddleja parviflora,buddleja parviflora,Buddleja parviflora,wfo-0000574189,wfo-0000574189,Scrophulariaceae,Buddleja,species,accepted,accepted,exact_accepted,exact_accepted_unique,1,1,1,WFO_offline_hierarchical,2026-06-24,2784
Anthemis auriculata,anthemis auriculata,anthemis auriculata,Anthemis auriculata,wfo-0000000365,wfo-0000000365,Asteraceae,Anthemis,species,accepted,accepted,exact_accepted,exact_accepted_unique,1,1,1,WFO_offline_hierarchical,2026-06-24,2785
Croton steenkampianus,croton steenkampianus,croton steenkampianus,Croton steenkampianus,wfo-0000932431,wfo-0000932431,Euphorbiaceae,Croton,species,accepted,accepted,exact_accepted,exact_accepted_unique,1,1,1,WFO_offline_hierarchical,2026-06-24,2786
Selaginella labordei,selaginella labordei,selaginella labordei,Selaginella labordei,wfo-0001119980,wfo-0001119980,Selaginellaceae,Selaginella,species,accepted,accepted,exact_accepted,exact_accepted_unique,1,1,1,WFO_offline_hierarchical,2026-06-24,2787
Baccharis sagittalis,baccharis sagittalis,baccharis sagittalis,Baccharis sagittalis,wfo-0000021197,wfo-0000021197,Asteraceae,Baccharis,species,accepted,accepted,exact_accepted,exact_accepted_unique,1,1,1,WFO_offline_hierarchical,2026-06-24,2788
Chrysanthemum indicum,chrysanthemum indicum,chrysanthemum indicum,Chrysanthemum indicum,wfo-0000041005,wfo-0000041005,Asteraceae,Chrysanthemum,species,accepted,accepted,exact_accepted,exact_accepted_unique,1,1,1,WFO_offline_hierarchical,2026-06-24,2789
Dendranthema indicum,dendranthema indicum,dendranthema indicum,Chrysanthemum indicum,wfo-0000041005,wfo-0000041005,Asteraceae,Chrysanthemum,species,synonym,synonym,exact_synonym,exact_synonym_unique,1,1,1,WFO_offline_hierarchical,2026-06-24,2790
Chrysanthemum naktongense,chrysanthemum naktongense,chrysanthemum naktongense,Chrysanthemum naktongense,wfo-0000069207,wfo-0000069207,Asteraceae,Chrysanthemum,species,accepted,accepted,exact_accepted,exact_accepted_unique,1,1,1,WFO_offline_hierarchical,2026-06-24,2791
Chrysanthemum zawadskii,chrysanthemum zawadskii,chrysanthemum zawadskii,NA,NA,NA,NA,NA,NA,NA,unresolved,unresolved,no_match,0,0,0,NA,2026-06-24,2792
Centaurea spruneri,centaurea spruneri,centaurea spruneri,Centaurea spruneri,wfo-0000026624,wfo-0000026624,Asteraceae,Centaurea,species,accepted,accepted,exact_accepted,exact_accepted_unique,1,1,1,WFO_offline_hierarchical,2026-06-24,2793
Solanum hindsianum,solanum hindsianum,solanum hindsianum,Solanum hindsianum,wfo-0001028404,wfo-0001028404,Solanaceae,Solanum,species,accepted,accepted,exact_accepted,exact_accepted_unique,1,1,1,WFO_offline_hierarchical,2026-06-24,2794
Dianella nigra,dianella nigra,dianella nigra,Dianella nigra,wfo-0000765232,wfo-0000765232,Asphodelaceae,Dianella,species,accepted,accepted,exact_accepted,exact_accepted_unique,1,1,1,WFO_offline_hierarchical,2026-06-24,2795
Dianella tasmanica,dianella tasmanica,dianella tasmanica,Dianella tasmanica,wfo-0000765262,wfo-0000765262,Asphodelaceae,Dianella,species,accepted,accepted,exact_accepted,exact_accepted_unique,1,1,1,WFO_offline_hierarchical,2026-06-24,2796
Licania densiflora,licania densiflora,licania densiflora,Licania densiflora,wfo-0000816265,wfo-0000816265,Chrysobalanaceae,Licania,species,accepted,accepted,exact_accepted,exact_accepted_unique,1,1,1,WFO_offline_hierarchical,2026-06-24,2797
Kali collina,kali collina,kali collina,NA,NA,NA,NA,NA,NA,NA,unresolved,unresolved,no_match,0,0,0,NA,2026-06-24,2798
Salsola collina,salsola collina,salsola collina,Salsola collina,wfo-0000436079,wfo-0000436079,Amaranthaceae,Salsola,species,accepted,accepted,exact_accepted,exact_accepted_unique,1,1,1,WFO_offline_hierarchical,2026-06-24,2799
Iris songarica,iris songarica,iris songarica,Iris songarica,wfo-0000783871,wfo-0000783871,Iridaceae,Iris,species,accepted,accepted,exact_accepted,exact_accepted_unique,1,1,1,WFO_offline_hierarchical,2026-06-24,2800
Blutaparon portulacoides,blutaparon portulacoides,blutaparon portulacoides,Blutaparon portulacoides,wfo-0000567004,wfo-0000567004,Amaranthaceae,Blutaparon,species,accepted,accepted,exact_accepted,exact_accepted_unique,1,1,1,WFO_offline_hierarchical,2026-06-24,2801
Iris missouriensis,iris missouriensis,iris missouriensis,Iris missouriensis,wfo-0000783633,wfo-0000783633,Iridaceae,Iris,species,accepted,accepted,exact_accepted,exact_accepted_unique,1,1,1,WFO_offline_hierarchical,2026-06-24,2802
Dolichandra unguis-cati,dolichandra unguis-cati,dolichandra unguis-cati,Dolichandra unguis-cati,wfo-0000782438,wfo-0000782438,Bignoniaceae,Dolichandra,species,accepted,accepted,exact_accepted,exact_accepted_unique,1,1,1,WFO_offline_hierarchical,2026-06-24,2803
Macfadyena unguis-cati,macfadyena unguis-cati,macfadyena unguis-cati,Dolichandra unguis-cati,wfo-0000782438,wfo-0000782438,Bignoniaceae,Dolichandra,species,synonym,synonym,exact_synonym,exact_synonym_unique,1,1,1,WFO_offline_hierarchical,2026-06-24,2804
Tacca chantrieri,tacca chantrieri,tacca chantrieri,Tacca chantrieri,wfo-0000567593,wfo-0000567593,Dioscoreaceae,Tacca,species,accepted,accepted,exact_accepted,exact_accepted_unique,1,1,1,WFO_offline_hierarchical,2026-06-24,2805
Pityrogramma chrysophylla,pityrogramma chrysophylla,pityrogramma chrysophylla,Pityrogramma chrysophylla,wfo-0001109227,wfo-0001109227,Pteridaceae,Pityrogramma,species,accepted,accepted,exact_accepted,exact_accepted_unique,1,1,1,WFO_offline_hierarchical,2026-06-24,2806
Chengiopanax sciadophylloides,chengiopanax sciadophylloides,chengiopanax sciadophylloides,Chengiopanax sciadophylloides,wfo-0000843020,wfo-0000843020,Araliaceae,Chengiopanax,species,accepted,accepted,exact_accepted,exact_accepted_unique,1,1,1,WFO_offline_hierarchical,2026-06-24,2807
Millettia rubiginosa,millettia rubiginosa,millettia rubiginosa,Millettia rubiginosa,wfo-0000185898,wfo-0000185898,Fabaceae,Millettia,species,accepted,accepted,exact_accepted,exact_accepted_unique,1,1,1,WFO_offline_hierarchical,2026-06-24,2808
Lonchocarpus campestris,lonchocarpus campestris,lonchocarpus campestris,Muellera campestris,wfo-0001332654,wfo-0001332654,Fabaceae,Muellera,species,synonym,synonym,exact_synonym,exact_synonym_unique,1,1,1,WFO_offline_hierarchical,2026-06-24,2809
Cowania mexicana,cowania mexicana,cowania mexicana,Purshia mexicana,wfo-0000991554,wfo-0000991554,Rosaceae,Purshia,species,synonym,synonym,exact_synonym,exact_synonym_unique,1,1,1,WFO_offline_hierarchical,2026-06-24,2810
Purshia mexicana,purshia mexicana,purshia mexicana,Purshia mexicana,wfo-0000991554,wfo-0000991554;wfo-0001014247,Rosaceae,Purshia,species,accepted,accepted,exact_accepted,exact_accepted_consensus_multiple_ids,2,2,1,WFO_offline_hierarchical,2026-06-24,2811
Arnica longifolia,arnica longifolia,arnica longifolia,Arnica longifolia,wfo-0000004402,wfo-0000004402,Asteraceae,Arnica,species,accepted,accepted,exact_accepted,exact_accepted_unique,1,1,1,WFO_offline_hierarchical,2026-06-24,2812
Buphthalmum salicifolium,buphthalmum salicifolium,buphthalmum salicifolium,Buphthalmum salicifolium,wfo-0000082220,wfo-0000082220,Asteraceae,Buphthalmum,species,accepted,accepted,exact_accepted,exact_accepted_unique,1,1,1,WFO_offline_hierarchical,2026-06-24,2813
Elsholtzia bodinieri,elsholtzia bodinieri,elsholtzia bodinieri,Elsholtzia bodinieri,wfo-0000948358,wfo-0000948358,Lamiaceae,Elsholtzia,species,accepted,accepted,exact_accepted,exact_accepted_unique,1,1,1,WFO_offline_hierarchical,2026-06-24,2814
Andrographis stenophylla,andrographis stenophylla,andrographis stenophylla,Andrographis stenophylla,wfo-0000534079,wfo-0000534079,Acanthaceae,Andrographis,species,accepted,accepted,exact_accepted,exact_accepted_unique,1,1,1,WFO_offline_hierarchical,2026-06-24,2815
Iris nigricans,iris nigricans,iris nigricans,Iris nigricans,wfo-0000783669,wfo-0000783669,Iridaceae,Iris,species,accepted,accepted,exact_accepted,exact_accepted_unique,1,1,1,WFO_offline_hierarchical,2026-06-24,2816
Daphne giraldii,daphne giraldii,daphne giraldii,Daphne giraldii,wfo-0000637616,wfo-0000637616,Thymelaeaceae,Daphne,species,accepted,accepted,exact_accepted,exact_accepted_unique,1,1,1,WFO_offline_hierarchical,2026-06-24,2817
Acacia maidenii,acacia maidenii,acacia maidenii,Acacia maidenii,wfo-0000203359,wfo-0000203359,Fabaceae,Acacia,species,accepted,accepted,exact_accepted,exact_accepted_unique,1,1,1,WFO_offline_hierarchical,2026-06-24,2818
Acacia orites,acacia orites,acacia orites,Acacia orites,wfo-0000203086,wfo-0000203086,Fabaceae,Acacia,species,accepted,accepted,exact_accepted,exact_accepted_unique,1,1,1,WFO_offline_hierarchical,2026-06-24,2819
Acacia pendula,acacia pendula,acacia pendula,Acacia pendula,wfo-0000208640,wfo-0000208640,Fabaceae,Acacia,species,accepted,accepted,exact_accepted,exact_accepted_unique,1,1,1,WFO_offline_hierarchical,2026-06-24,2820
Anadenanthera colubrina,anadenanthera colubrina,anadenanthera colubrina,Anadenanthera colubrina,wfo-0000169564,wfo-0000169564,Fabaceae,Anadenanthera,species,accepted,accepted,exact_accepted,exact_accepted_unique,1,1,1,WFO_offline_hierarchical,2026-06-24,2821
Morella pensylvanica,morella pensylvanica,morella pensylvanica,Myrica pensylvanica,wfo-0001085143,wfo-0001085143,Myricaceae,Myrica,species,synonym,synonym,exact_synonym,exact_synonym_unique,1,1,1,WFO_offline_hierarchical,2026-06-24,2822
Thelypteris palustris,thelypteris palustris,thelypteris palustris,Thelypteris palustris,wfo-0001107441,wfo-0001107441,Thelypteridaceae,Thelypteris,species,accepted,accepted,exact_accepted,exact_accepted_unique,1,1,1,WFO_offline_hierarchical,2026-06-24,2823
Salvia miltiorrhiza,salvia miltiorrhiza,salvia miltiorrhiza,Salvia miltiorrhiza,wfo-0000301608,wfo-0000301608,Lamiaceae,Salvia,species,accepted,accepted,exact_accepted,exact_accepted_unique,1,1,1,WFO_offline_hierarchical,2026-06-24,2824
Hoffmannseggia intricata,hoffmannseggia intricata,hoffmannseggia intricata,Hoffmannseggia intricata,wfo-0000164024,wfo-0000164024,Fabaceae,Hoffmannseggia,species,accepted,accepted,exact_accepted,exact_accepted_unique,1,1,1,WFO_offline_hierarchical,2026-06-24,2825
Microdesmis keayana,microdesmis keayana,microdesmis keayana,Microdesmis keayana,wfo-0000243099,wfo-0000243099,Pandaceae,Microdesmis,species,accepted,accepted,exact_accepted,exact_accepted_unique,1,1,1,WFO_offline_hierarchical,2026-06-24,2826
Klasea centauroides,klasea centauroides,klasea centauroides,Klasea centauroides,wfo-0000008469,wfo-0000008469,Asteraceae,Klasea,species,accepted,accepted,exact_accepted,exact_accepted_unique,1,1,1,WFO_offline_hierarchical,2026-06-24,2827
Andira parviflora,andira parviflora,andira parviflora,Andira parviflora,wfo-0000169585,wfo-0000169585,Fabaceae,Andira,species,accepted,accepted,exact_accepted,exact_accepted_unique,1,1,1,WFO_offline_hierarchical,2026-06-24,2828
Trifolium apertum,trifolium apertum,trifolium apertum,Trifolium apertum,wfo-0000213945,wfo-0000213945,Fabaceae,Trifolium,species,accepted,accepted,exact_accepted,exact_accepted_unique,1,1,1,WFO_offline_hierarchical,2026-06-24,2829
Trifolium canescens,trifolium canescens,trifolium canescens,Trifolium canescens,wfo-0000213956,wfo-0000213956,Fabaceae,Trifolium,species,accepted,accepted,exact_accepted,exact_accepted_unique,1,1,1,WFO_offline_hierarchical,2026-06-24,2830
Trifolium caucasicum,trifolium caucasicum,trifolium caucasicum,Trifolium ochroleucon subsp. ochroleucon,wfo-0001425809,wfo-0001425809,Fabaceae,Trifolium,subspecies,synonym,synonym,exact_synonym,exact_synonym_unique,1,1,1,WFO_offline_hierarchical,2026-06-24,2831
Trifolium trichocephalum,trifolium trichocephalum,trifolium trichocephalum,Trifolium trichocephalum,wfo-0000186249,wfo-0000186249,Fabaceae,Trifolium,species,accepted,accepted,exact_accepted,exact_accepted_unique,1,1,1,WFO_offline_hierarchical,2026-06-24,2832
Trifolium echinatum,trifolium echinatum,trifolium echinatum,Trifolium echinatum,wfo-0000212996,wfo-0000212996,Fabaceae,Trifolium,species,accepted,accepted,exact_accepted,exact_accepted_unique,1,1,1,WFO_offline_hierarchical,2026-06-24,2833
Virola caducifolia,virola caducifolia,virola caducifolia,Virola caducifolia,wfo-0001085216,wfo-0001085216,Myristicaceae,Virola,species,accepted,accepted,exact_accepted,exact_accepted_unique,1,1,1,WFO_offline_hierarchical,2026-06-24,2834
Knema furfuracea,knema furfuracea,knema furfuracea,Knema furfuracea,wfo-0001085240,wfo-0001085240,Myristicaceae,Knema,species,accepted,accepted,exact_accepted,exact_accepted_unique,1,1,1,WFO_offline_hierarchical,2026-06-24,2835
Myristica ceylanica,myristica ceylanica,myristica ceylanica,Myristica ceylanica,wfo-0000447345,wfo-0000447345,Myristicaceae,Myristica,species,accepted,accepted,exact_accepted,exact_accepted_unique,1,1,1,WFO_offline_hierarchical,2026-06-24,2836
Calophyllum polyanthum,calophyllum polyanthum,calophyllum polyanthum,Calophyllum polyanthum,wfo-0000581286,wfo-0000581286;wfo-0001296210,Calophyllaceae,Calophyllum,species,accepted,accepted,exact_accepted,exact_accepted_consensus_multiple_ids,2,2,1,WFO_offline_hierarchical,2026-06-24,2837
Soroseris hookeriana,soroseris hookeriana,soroseris hookeriana,Soroseris hookeriana,wfo-0000030331,wfo-0000030331,Asteraceae,Soroseris,species,accepted,accepted,exact_accepted,exact_accepted_unique,1,1,1,WFO_offline_hierarchical,2026-06-24,2838
Aster,aster,aster,Aster,wfo-4000003381,wfo-4000003381,Asteraceae,Aster,genus,accepted,accepted,exact_accepted,exact_accepted_unique,1,1,1,WFO_offline_hierarchical,2026-06-24,2839
Aster heliopsis,aster heliopsis,aster heliopsis,Aster heliopsis,wfo-0000133314,wfo-0000133314,Asteraceae,Aster,species,accepted,accepted,exact_accepted,exact_accepted_unique,1,1,1,WFO_offline_hierarchical,2026-06-24,2840
Toxicodendron vernicifluum,toxicodendron vernicifluum,toxicodendron vernicifluum,Toxicodendron vernicifluum,wfo-0001051090,wfo-0001051090,Anacardiaceae,Toxicodendron,species,accepted,accepted,exact_accepted,exact_accepted_unique,1,1,1,WFO_offline_hierarchical,2026-06-24,2841
Krameria tomentosa,krameria tomentosa,krameria tomentosa,Krameria tomentosa,wfo-0001069540,wfo-0001069540,Krameriaceae,Krameria,species,accepted,accepted,exact_accepted,exact_accepted_unique,1,1,1,WFO_offline_hierarchical,2026-06-24,2842
Krameria sonorae,krameria sonorae,krameria sonorae,Krameria bicolor,wfo-0001069509,wfo-0001069509,Krameriaceae,Krameria,species,synonym,synonym,exact_synonym,exact_synonym_unique,1,1,1,WFO_offline_hierarchical,2026-06-24,2843
Krameria cytisoides,krameria cytisoides,krameria cytisoides,Krameria cytisoides,wfo-0001069512,wfo-0001069512,Krameriaceae,Krameria,species,accepted,accepted,exact_accepted,exact_accepted_unique,1,1,1,WFO_offline_hierarchical,2026-06-24,2844
Perilla frutescens,perilla frutescens,perilla frutescens,Perilla frutescens,wfo-0000267281,wfo-0000267281,Lamiaceae,Perilla,species,accepted,accepted,exact_accepted,exact_accepted_unique,1,1,1,WFO_offline_hierarchical,2026-06-24,2845
Callicarpa nudiflora,callicarpa nudiflora,callicarpa nudiflora,Callicarpa nudiflora,wfo-0000770265,wfo-0000770265,Lamiaceae,Callicarpa,species,accepted,accepted,exact_accepted,exact_accepted_unique,1,1,1,WFO_offline_hierarchical,2026-06-24,2846
Ephedra,ephedra,ephedra,Ephedra,wfo-4000013540,wfo-4000013540,Ephedraceae,Ephedra,genus,accepted,accepted,exact_accepted,exact_accepted_unique,1,1,1,WFO_offline_hierarchical,2026-06-24,2847
Sedum litoreum,sedum litoreum,sedum litoreum,Sedum litoreum,wfo-0000437270,wfo-0000437270,Crassulaceae,Sedum,species,accepted,accepted,exact_accepted,exact_accepted_unique,1,1,1,WFO_offline_hierarchical,2026-06-24,2848
Lupinus,lupinus,lupinus,Lupinus,wfo-4000022442,wfo-4000022442,Fabaceae,Lupinus,genus,accepted,accepted,exact_accepted,exact_accepted_unique,1,1,1,WFO_offline_hierarchical,2026-06-24,2849
Lupinus ananeanus,lupinus ananeanus,lupinus ananeanus,Lupinus ananeanus,wfo-0000168047,wfo-0000168047,Fabaceae,Lupinus,species,accepted,accepted,exact_accepted,exact_accepted_unique,1,1,1,WFO_offline_hierarchical,2026-06-24,2850
Lupinus micranthus,lupinus micranthus,lupinus micranthus,NA,NA,NA,NA,NA,NA,NA,unresolved,exact_conflict,exact_synonym_conflict,2,2,2,NA,2026-06-24,2851
Lupinus polycarpus,lupinus polycarpus,lupinus polycarpus,Lupinus bicolor,wfo-0000168077,wfo-0000168077,Fabaceae,Lupinus,species,synonym,synonym,exact_synonym,exact_synonym_unique,1,1,1,WFO_offline_hierarchical,2026-06-24,2852
Lupinus rivularis,lupinus rivularis,lupinus rivularis,Lupinus rivularis,wfo-0000174755,wfo-0000174755,Fabaceae,Lupinus,species,accepted,accepted,exact_accepted,exact_accepted_unique,1,1,1,WFO_offline_hierarchical,2026-06-24,2853
Garcinia indica,garcinia indica,garcinia indica,Garcinia indica,wfo-0000694375,wfo-0000694375,Clusiaceae,Garcinia,species,accepted,accepted,exact_accepted,exact_accepted_unique,1,1,1,WFO_offline_hierarchical,2026-06-24,2854
Allanblackia stuhlmannii,allanblackia stuhlmannii,allanblackia stuhlmannii,Allanblackia stuhlmannii,wfo-0000525993,wfo-0000525993,Clusiaceae,Allanblackia,species,accepted,accepted,exact_accepted,exact_accepted_unique,1,1,1,WFO_offline_hierarchical,2026-06-24,2855
Endodesmia calophylloides,endodesmia calophylloides,endodesmia calophylloides,Endodesmia calophylloides,wfo-0000667843,wfo-0000667843,Calophyllaceae,Endodesmia,species,accepted,accepted,exact_accepted,exact_accepted_unique,1,1,1,WFO_offline_hierarchical,2026-06-24,2856
Notholaena neglecta,notholaena neglecta,notholaena neglecta,Notholaena neglecta,wfo-0001109196,wfo-0001109196,Pteridaceae,Notholaena,species,accepted,accepted,exact_accepted,exact_accepted_unique,1,1,1,WFO_offline_hierarchical,2026-06-24,2857
Fumaria schrammii,fumaria schrammii,fumaria schrammii,Fumaria schrammii,wfo-0001090376,wfo-0001090376,Papaveraceae,Fumaria,species,accepted,accepted,exact_accepted,exact_accepted_unique,1,1,1,WFO_offline_hierarchical,2026-06-24,2858
Geoffroea decorticans,geoffroea decorticans,geoffroea decorticans,Geoffroea decorticans,wfo-0000163989,wfo-0000163989,Fabaceae,Geoffroea,species,accepted,accepted,exact_accepted,exact_accepted_unique,1,1,1,WFO_offline_hierarchical,2026-06-24,2859
Thermopsis lanceolata,thermopsis lanceolata,thermopsis lanceolata,Thermopsis lanceolata,wfo-0000213939,wfo-0000213939,Fabaceae,Thermopsis,species,accepted,accepted,exact_accepted,exact_accepted_unique,1,1,1,WFO_offline_hierarchical,2026-06-24,2860
Vellozia coronata,vellozia coronata,vellozia coronata,Vellozia coronata,wfo-0000751649,wfo-0000751649,Velloziaceae,Vellozia,species,accepted,accepted,exact_accepted,exact_accepted_unique,1,1,1,WFO_offline_hierarchical,2026-06-24,2861
Vellozia nanuzae,vellozia nanuzae,vellozia nanuzae,Vellozia nanuzae,wfo-0000751537,wfo-0000751537,Velloziaceae,Vellozia,species,accepted,accepted,exact_accepted,exact_accepted_unique,1,1,1,WFO_offline_hierarchical,2026-06-24,2862
Celosia cristata,celosia cristata,celosia cristata,Celosia argentea,wfo-0000593019,wfo-0000593019,Amaranthaceae,Celosia,species,synonym,synonym,exact_synonym,exact_synonym_unique,1,1,1,WFO_offline_hierarchical,2026-06-24,2863
Peltophorum pterocarpum,peltophorum pterocarpum,peltophorum pterocarpum,Peltophorum pterocarpum,wfo-0000178769,wfo-0000178769,Fabaceae,Peltophorum,species,accepted,accepted,exact_accepted,exact_accepted_unique,1,1,1,WFO_offline_hierarchical,2026-06-24,2864
Peltophorum pterocarpum ex,peltophorum pterocarpum ex,peltophorum pterocarpum,Peltophorum pterocarpum,wfo-0000178769,wfo-0000178769,Fabaceae,Peltophorum,species,accepted,accepted,canonical,canonical_unique,1,1,1,WFO_offline_hierarchical,2026-06-24,2865
Taxus cuspidata,taxus cuspidata,taxus cuspidata,Taxus cuspidata,wfo-0000408609,wfo-0000408609,Taxaceae,Taxus,species,accepted,accepted,exact_accepted,exact_accepted_unique,1,1,1,WFO_offline_hierarchical,2026-06-24,2866
Diphysa americana,diphysa americana,diphysa americana,Diphysa americana,wfo-0000210419,wfo-0000210419,Fabaceae,Diphysa,species,accepted,accepted,exact_accepted,exact_accepted_unique,1,1,1,WFO_offline_hierarchical,2026-06-24,2867
Silybum eburneum,silybum eburneum,silybum eburneum,Silybum eburneum,wfo-0000108847,wfo-0000108847,Asteraceae,Silybum,species,accepted,accepted,exact_accepted,exact_accepted_unique,1,1,1,WFO_offline_hierarchical,2026-06-24,2868
Dillenia pentagyna,dillenia pentagyna,dillenia pentagyna,Dillenia pentagyna,wfo-0000647615,wfo-0000647615,Dilleniaceae,Dillenia,species,accepted,accepted,exact_accepted,exact_accepted_unique,1,1,1,WFO_offline_hierarchical,2026-06-24,2869
Helichrysum dregeanum,helichrysum dregeanum,helichrysum dregeanum,Helichrysum dregeanum,wfo-0000105578,wfo-0000105578,Asteraceae,Helichrysum,species,accepted,accepted,exact_accepted,exact_accepted_unique,1,1,1,WFO_offline_hierarchical,2026-06-24,2870
Helichrysum felinum,helichrysum felinum,helichrysum felinum,Helichrysum felinum,wfo-0000123397,wfo-0000123397,Asteraceae,Helichrysum,species,accepted,accepted,exact_accepted,exact_accepted_unique,1,1,1,WFO_offline_hierarchical,2026-06-24,2871
Helichrysum revolutum,helichrysum revolutum,helichrysum revolutum,Helichrysum revolutum,wfo-0000028119,wfo-0000028119,Asteraceae,Helichrysum,species,accepted,accepted,exact_accepted,exact_accepted_unique,1,1,1,WFO_offline_hierarchical,2026-06-24,2872
Iris cengialti,iris cengialti,iris cengialti,Iris pallida subsp. cengialti,wfo-0000790595,wfo-0000790595,Iridaceae,Iris,subspecies,synonym,synonym,exact_synonym,exact_synonym_unique,1,1,1,WFO_offline_hierarchical,2026-06-24,2873
Iris pallida,iris pallida,iris pallida,Iris pallida,wfo-0000783695,wfo-0000783695,Iridaceae,Iris,species,accepted,accepted,exact_accepted,exact_accepted_unique,1,1,1,WFO_offline_hierarchical,2026-06-24,2874
Iris hookeriana,iris hookeriana,iris hookeriana,Iris hookeriana,wfo-0000783453,wfo-0000783453,Iridaceae,Iris,species,accepted,accepted,exact_accepted,exact_accepted_unique,1,1,1,WFO_offline_hierarchical,2026-06-24,2875
Brya ebenus,brya ebenus,brya ebenus,Brya ebenus,wfo-0000173962,wfo-0000173962,Fabaceae,Brya,species,accepted,accepted,exact_accepted,exact_accepted_unique,1,1,1,WFO_offline_hierarchical,2026-06-24,2876
Clitoria macrophylla,clitoria macrophylla,clitoria macrophylla,Clitoria macrophylla,wfo-0000192669,wfo-0000192669,Fabaceae,Clitoria,species,accepted,accepted,exact_accepted,exact_accepted_unique,1,1,1,WFO_offline_hierarchical,2026-06-24,2877
Flindersia brassii,flindersia brassii,flindersia brassii,Flindersia brassii,wfo-0000691375,wfo-0000691375,Rutaceae,Flindersia,species,accepted,accepted,exact_accepted,exact_accepted_unique,1,1,1,WFO_offline_hierarchical,2026-06-24,2878
Swietenia mahagoni,swietenia mahagoni,swietenia mahagoni,Swietenia mahagoni,wfo-0000505130,wfo-0000505130,Meliaceae,Swietenia,species,accepted,accepted,exact_accepted,exact_accepted_unique,1,1,1,WFO_offline_hierarchical,2026-06-24,2879
Croton urucurana,croton urucurana,croton urucurana,Croton urucurana,wfo-0000932652,wfo-0000932652,Euphorbiaceae,Croton,species,accepted,accepted,exact_accepted,exact_accepted_unique,1,1,1,WFO_offline_hierarchical,2026-06-24,2880
Erythroxylum cambodianum,erythroxylum cambodianum,erythroxylum cambodianum,Erythroxylum cambodianum,wfo-0000679732,wfo-0000679732,Erythroxylaceae,Erythroxylum,species,accepted,accepted,exact_accepted,exact_accepted_unique,1,1,1,WFO_offline_hierarchical,2026-06-24,2881
Sciadopitys verticillata,sciadopitys verticillata,sciadopitys verticillata,Sciadopitys verticillata,wfo-0000496714,wfo-0000496714,Sciadopityaceae,Sciadopitys,species,accepted,accepted,exact_accepted,exact_accepted_unique,1,1,1,WFO_offline_hierarchical,2026-06-24,2882
Sequoia sempervirens,sequoia sempervirens,sequoia sempervirens,Sequoia sempervirens,wfo-0000437871,wfo-0000437871,Cupressaceae,Sequoia,species,accepted,accepted,exact_accepted,exact_accepted_unique,1,1,1,WFO_offline_hierarchical,2026-06-24,2883
Sequoiadendron giganteum,sequoiadendron giganteum,sequoiadendron giganteum,Sequoiadendron giganteum,wfo-0000496705,wfo-0000496705,Cupressaceae,Sequoiadendron,species,accepted,accepted,exact_accepted,exact_accepted_unique,1,1,1,WFO_offline_hierarchical,2026-06-24,2884
Rosa taiwanensis,rosa taiwanensis,rosa taiwanensis,Rosa taiwanensis,wfo-0000997764,wfo-0000997764,Rosaceae,Rosa,species,accepted,accepted,exact_accepted,exact_accepted_unique,1,1,1,WFO_offline_hierarchical,2026-06-24,2885
Rhaponticum uniflorum,rhaponticum uniflorum,rhaponticum uniflorum,Leuzea uniflora,wfo-0000123686,wfo-0000123686,Asteraceae,Leuzea,species,synonym,synonym,exact_synonym,exact_synonym_unique,1,1,1,WFO_offline_hierarchical,2026-06-24,2886
Eucalyptus nitens,eucalyptus nitens,eucalyptus nitens,Eucalyptus nitens,wfo-0000955429,wfo-0000955429,Myrtaceae,Eucalyptus,species,accepted,accepted,exact_accepted,exact_accepted_unique,1,1,1,WFO_offline_hierarchical,2026-06-24,2887
Pelargonium sidoides,pelargonium sidoides,pelargonium sidoides,Pelargonium sidoides,wfo-0001221559,wfo-0001221559,Geraniaceae,Pelargonium,species,accepted,accepted,exact_accepted,exact_accepted_unique,1,1,1,WFO_offline_hierarchical,2026-06-24,2888
Aiouea hammeliana,aiouea hammeliana,aiouea hammeliana,Aiouea hammeliana,wfo-0001426627,wfo-0001426627,Lauraceae,Aiouea,species,accepted,accepted,exact_accepted,exact_accepted_unique,1,1,1,WFO_offline_hierarchical,2026-06-24,2889
Aiouea tonduzii,aiouea tonduzii,aiouea tonduzii,Aiouea tonduzii,wfo-0001421687,wfo-0001421687,Lauraceae,Aiouea,species,accepted,accepted,exact_accepted,exact_accepted_unique,1,1,1,WFO_offline_hierarchical,2026-06-24,2890
Spiraea hypericifolia,spiraea hypericifolia,spiraea hypericifolia,Spiraea hypericifolia,wfo-0000985818,wfo-0000985818,Rosaceae,Spiraea,species,accepted,accepted,exact_accepted,exact_accepted_unique,1,1,1,WFO_offline_hierarchical,2026-06-24,2891
Alhagi kirghisorum,alhagi kirghisorum,alhagi kirghisorum,Alhagi pseudalhagi subsp. kirghisorum,wfo-0001444307,wfo-0001444307,Fabaceae,Alhagi,subspecies,synonym,synonym,exact_synonym,exact_synonym_unique,1,1,1,WFO_offline_hierarchical,2026-06-24,2892
Salix gilgiana,salix gilgiana,salix gilgiana,Salix gilgiana,wfo-0000928434,wfo-0000928434,Salicaceae,Salix,species,accepted,accepted,exact_accepted,exact_accepted_unique,1,1,1,WFO_offline_hierarchical,2026-06-24,2893
Astragalus floccosifolius,astragalus floccosifolius,astragalus floccosifolius,Astragalus floccosifolius,wfo-0000185137,wfo-0000185137,Fabaceae,Astragalus,species,accepted,accepted,exact_accepted,exact_accepted_unique,1,1,1,WFO_offline_hierarchical,2026-06-24,2894
Astragalus kabadianus,astragalus kabadianus,astragalus kabadianus,Astragalus kabadianus,wfo-0000185967,wfo-0000185967,Fabaceae,Astragalus,species,accepted,accepted,exact_accepted,exact_accepted_unique,1,1,1,WFO_offline_hierarchical,2026-06-24,2895
Koenigia divaricata,koenigia divaricata,koenigia divaricata,NA,NA,NA,NA,NA,NA,NA,unresolved,unresolved,no_match,0,0,0,NA,2026-06-24,2896
Koenigia weyrichii,koenigia weyrichii,koenigia weyrichii,NA,NA,NA,NA,NA,NA,NA,unresolved,unresolved,no_match,0,0,0,NA,2026-06-24,2897
Polygonum divaricatum,polygonum divaricatum,polygonum divaricatum,Polygonum divaricatum,wfo-0001100839,wfo-0001100839,Polygonaceae,Polygonum,species,accepted,accepted,exact_accepted,exact_accepted_unique,1,1,1,WFO_offline_hierarchical,2026-06-24,2898
Abutilon theophrasti,abutilon theophrasti,abutilon theophrasti,Abutilon theophrasti,wfo-0000512325,wfo-0000512325,Malvaceae,Abutilon,species,accepted,accepted,exact_accepted,exact_accepted_unique,1,1,1,WFO_offline_hierarchical,2026-06-24,2899
Hypericum hirsutum,hypericum hirsutum,hypericum hirsutum,Hypericum hirsutum,wfo-0000727741,wfo-0000727741,Hypericaceae,Hypericum,species,accepted,accepted,exact_accepted,exact_accepted_unique,1,1,1,WFO_offline_hierarchical,2026-06-24,2900
Phoenix dactylifera,phoenix dactylifera,phoenix dactylifera,Phoenix dactylifera,wfo-0000269752,wfo-0000269752,Arecaceae,Phoenix,species,accepted,accepted,exact_accepted,exact_accepted_unique,1,1,1,WFO_offline_hierarchical,2026-06-24,2901
Agrimonia pilosa,agrimonia pilosa,agrimonia pilosa,Agrimonia pilosa,wfo-0001017393,wfo-0001017393,Rosaceae,Agrimonia,species,accepted,accepted,exact_accepted,exact_accepted_unique,1,1,1,WFO_offline_hierarchical,2026-06-24,2902
Vaccinium reticulatum,vaccinium reticulatum,vaccinium reticulatum,Vaccinium reticulatum,wfo-0000422034,wfo-0000422034,Ericaceae,Vaccinium,species,accepted,accepted,exact_accepted,exact_accepted_unique,1,1,1,WFO_offline_hierarchical,2026-06-24,2903
Hordeum vulgare,hordeum vulgare,hordeum vulgare,Hordeum vulgare,wfo-0000875054,wfo-0000875054,Poaceae,Hordeum,species,accepted,accepted,exact_accepted,exact_accepted_unique,1,1,1,WFO_offline_hierarchical,2026-06-24,2904
Populus lasiocarpa,populus lasiocarpa,populus lasiocarpa,Populus lasiocarpa,wfo-0001133786,wfo-0001133786,Salicaceae,Populus,species,accepted,accepted,exact_accepted,exact_accepted_unique,1,1,1,WFO_offline_hierarchical,2026-06-24,2905
Salix,salix,salix,Salix,wfo-4000033844,wfo-4000033844,Salicaceae,Salix,genus,accepted,accepted,exact_accepted,exact_accepted_unique,1,1,1,WFO_offline_hierarchical,2026-06-24,2906
Machilus thunbergii,machilus thunbergii,machilus thunbergii,Machilus thunbergii,wfo-0000373778,wfo-0000373778,Lauraceae,Machilus,species,accepted,accepted,exact_accepted,exact_accepted_unique,1,1,1,WFO_offline_hierarchical,2026-06-24,2907
Cistus creticus,cistus creticus,cistus creticus,Cistus creticus,wfo-0000607281,wfo-0000607281,Cistaceae,Cistus,species,accepted,accepted,exact_accepted,exact_accepted_unique,1,1,1,WFO_offline_hierarchical,2026-06-24,2908
Taxillus liquidambaricola,taxillus liquidambaricola,taxillus liquidambaricola,Taxillus liquidambaricola,wfo-0001075809,wfo-0001075809,Loranthaceae,Taxillus,species,accepted,accepted,exact_accepted,exact_accepted_unique,1,1,1,WFO_offline_hierarchical,2026-06-24,2909
Margyricarpus pinnatus,margyricarpus pinnatus,margyricarpus pinnatus,Margyricarpus pinnatus,wfo-0000991503,wfo-0000991503,Rosaceae,Margyricarpus,species,accepted,accepted,exact_accepted,exact_accepted_unique,1,1,1,WFO_offline_hierarchical,2026-06-24,2910
Margyricarpus setosus,margyricarpus setosus,margyricarpus setosus,Margyricarpus pinnatus,wfo-0000991503,wfo-0000991503,Rosaceae,Margyricarpus,species,synonym,synonym,exact_synonym,exact_synonym_unique,1,1,1,WFO_offline_hierarchical,2026-06-24,2911
Polylepis incana,polylepis incana,polylepis incana,Polylepis incana,wfo-0000989076,wfo-0000989076,Rosaceae,Polylepis,species,accepted,accepted,exact_accepted,exact_accepted_unique,1,1,1,WFO_offline_hierarchical,2026-06-24,2912
Cedrela sinensis,cedrela sinensis,cedrela sinensis,Toona sinensis,wfo-0000455502,wfo-0000455502,Meliaceae,Toona,species,synonym,synonym,exact_synonym,exact_synonym_unique,1,1,1,WFO_offline_hierarchical,2026-06-24,2913
Vaccinium angustifolium,vaccinium angustifolium,vaccinium angustifolium,Vaccinium angustifolium,wfo-0000422967,wfo-0000422967,Ericaceae,Vaccinium,species,accepted,accepted,exact_accepted,exact_accepted_unique,1,1,1,WFO_offline_hierarchical,2026-06-24,2914
Bergenia purpurascens,bergenia purpurascens,bergenia purpurascens,Bergenia purpurascens,wfo-0000564246,wfo-0000564246,Saxifragaceae,Bergenia,species,accepted,accepted,exact_accepted,exact_accepted_unique,1,1,1,WFO_offline_hierarchical,2026-06-24,2915
Quercus marilandica,quercus marilandica,quercus marilandica,Quercus marilandica,wfo-0000291931,wfo-0000291931,Fagaceae,Quercus,species,accepted,accepted,exact_accepted,exact_accepted_unique,1,1,1,WFO_offline_hierarchical,2026-06-24,2916
Cornus kousa,cornus kousa,cornus kousa,Cornus kousa,wfo-0000924739,wfo-0000924739,Cornaceae,Cornus,species,accepted,accepted,exact_accepted,exact_accepted_unique,1,1,1,WFO_offline_hierarchical,2026-06-24,2917
Celastrus angulatus,celastrus angulatus,celastrus angulatus,NA,NA,NA,NA,NA,NA,NA,unresolved,unresolved,no_match,0,0,0,NA,2026-06-24,2918
Ajuga reptans,ajuga reptans,ajuga reptans,Ajuga reptans,wfo-0000935107,wfo-0000935107,Lamiaceae,Ajuga,species,accepted,accepted,exact_accepted,exact_accepted_unique,1,1,1,WFO_offline_hierarchical,2026-06-24,2919
Laurus nobilis,laurus nobilis,laurus nobilis,Laurus nobilis,wfo-0000364153,wfo-0000364153,Lauraceae,Laurus,species,accepted,accepted,exact_accepted,exact_accepted_unique,1,1,1,WFO_offline_hierarchical,2026-06-24,2920
Heisteria nitida,heisteria nitida,heisteria nitida,Heisteria nitida,wfo-0000717140,wfo-0000717140,Olacaceae,Heisteria,species,accepted,accepted,exact_accepted,exact_accepted_unique,1,1,1,WFO_offline_hierarchical,2026-06-24,2921
Tetracentron sinense,tetracentron sinense,tetracentron sinense,Tetracentron sinense,wfo-0001219876,wfo-0001219876,Trochodendraceae,Tetracentron,species,accepted,accepted,exact_accepted,exact_accepted_unique,1,1,1,WFO_offline_hierarchical,2026-06-24,2922
Euclea crispa,euclea crispa,euclea crispa,Euclea crispa,wfo-0000681074,wfo-0000681074,Ebenaceae,Euclea,species,accepted,accepted,exact_accepted,exact_accepted_unique,1,1,1,WFO_offline_hierarchical,2026-06-24,2923
Phyllanthus klotzschianus,phyllanthus klotzschianus,phyllanthus klotzschianus,Phyllanthus klotzschianus,wfo-0000271281,wfo-0000271281,Phyllanthaceae,Phyllanthus,species,accepted,accepted,exact_accepted,exact_accepted_unique,1,1,1,WFO_offline_hierarchical,2026-06-24,2924
Khaya grandifoliola,khaya grandifoliola,khaya grandifoliola,Khaya grandifoliola,wfo-0000357001,wfo-0000357001,Meliaceae,Khaya,species,accepted,accepted,exact_accepted,exact_accepted_unique,1,1,1,WFO_offline_hierarchical,2026-06-24,2925
Berneuxia thibetica,berneuxia thibetica,berneuxia thibetica,Berneuxia thibetica,wfo-0000564405,wfo-0000564405,Diapensiaceae,Berneuxia,species,accepted,accepted,exact_accepted,exact_accepted_unique,1,1,1,WFO_offline_hierarchical,2026-06-24,2926
Heterotheca,heterotheca,heterotheca,Heterotheca,wfo-4000017788,wfo-4000017788,Asteraceae,Heterotheca,genus,accepted,accepted,exact_accepted,exact_accepted_unique,1,1,1,WFO_offline_hierarchical,2026-06-24,2927
Arbutus andrachne,arbutus andrachne,arbutus andrachne,Arbutus andrachne,wfo-0000543098,wfo-0000543098,Ericaceae,Arbutus,species,accepted,accepted,exact_accepted,exact_accepted_unique,1,1,1,WFO_offline_hierarchical,2026-06-24,2928
Rubus chamaemorus,rubus chamaemorus,rubus chamaemorus,Rubus chamaemorus,wfo-0001014280,wfo-0001014280,Rosaceae,Rubus,species,accepted,accepted,exact_accepted,exact_accepted_unique,1,1,1,WFO_offline_hierarchical,2026-06-24,2929
Cinnamomum,cinnamomum,cinnamomum,Cinnamomum,wfo-4000008342,wfo-4000008342,Lauraceae,Cinnamomum,genus,accepted,accepted,exact_accepted,exact_accepted_unique,1,1,1,WFO_offline_hierarchical,2026-06-24,2930
Zingiber,zingiber,zingiber,Zingiber,wfo-4000041232,wfo-4000041232,Zingiberaceae,Zingiber,genus,accepted,accepted,exact_accepted,exact_accepted_unique,1,1,1,WFO_offline_hierarchical,2026-06-24,2931
Carum carvi,carum carvi,carum carvi,Carum carvi,wfo-0000588460,wfo-0000588460,Apiaceae,Carum,species,accepted,accepted,exact_accepted,exact_accepted_unique,1,1,1,WFO_offline_hierarchical,2026-06-24,2932
Cuminum cyminum,cuminum cyminum,cuminum cyminum,Cuminum cyminum,wfo-0000629277,wfo-0000629277,Apiaceae,Cuminum,species,accepted,accepted,exact_accepted,exact_accepted_unique,1,1,1,WFO_offline_hierarchical,2026-06-24,2933
Illicium verum,illicium verum,illicium verum,Illicium verum,wfo-0000730107,wfo-0000730107,Schisandraceae,Illicium,species,accepted,accepted,exact_accepted,exact_accepted_unique,1,1,1,WFO_offline_hierarchical,2026-06-24,2934
Myristica fragrans,myristica fragrans,myristica fragrans,Myristica fragrans,wfo-0000447317,wfo-0000447317,Myristicaceae,Myristica,species,accepted,accepted,exact_accepted,exact_accepted_unique,1,1,1,WFO_offline_hierarchical,2026-06-24,2935
Piper nigrum,piper nigrum,piper nigrum,Piper nigrum,wfo-0000486494,wfo-0000486494,Piperaceae,Piper,species,accepted,accepted,exact_accepted,exact_accepted_unique,1,1,1,WFO_offline_hierarchical,2026-06-24,2936
Syzygium aromaticum,syzygium aromaticum,syzygium aromaticum,Syzygium aromaticum,wfo-0000318267,wfo-0000318267,Myrtaceae,Syzygium,species,accepted,accepted,exact_accepted,exact_accepted_unique,1,1,1,WFO_offline_hierarchical,2026-06-24,2937
Pinus taeda,pinus taeda,pinus taeda,Pinus taeda,wfo-0000481652,wfo-0000481652,Pinaceae,Pinus,species,accepted,accepted,exact_accepted,exact_accepted_unique,1,1,1,WFO_offline_hierarchical,2026-06-24,2938
Visnea mocanera,visnea mocanera,visnea mocanera,Visnea mocanera,wfo-0000425406,wfo-0000425406,Pentaphylacaceae,Visnea,species,accepted,accepted,exact_accepted,exact_accepted_unique,1,1,1,WFO_offline_hierarchical,2026-06-24,2939
Gymnosporia pyria,gymnosporia pyria,gymnosporia pyria,Gymnosporia pyria,wfo-0000713031,wfo-0000713031,Celastraceae,Gymnosporia,species,accepted,accepted,exact_accepted,exact_accepted_unique,1,1,1,WFO_offline_hierarchical,2026-06-24,2940
Callistemon speciosus,callistemon speciosus,callistemon speciosus,Melaleuca glauca,wfo-0001428941,wfo-0001428941,Myrtaceae,Melaleuca,species,synonym,synonym,exact_synonym,exact_synonym_unique,2,1,1,WFO_offline_hierarchical,2026-06-24,2941
Rubus irenaeus,rubus irenaeus,rubus irenaeus,Rubus irenaeus,wfo-0000994551,wfo-0000994551,Rosaceae,Rubus,species,accepted,accepted,exact_accepted,exact_accepted_unique,1,1,1,WFO_offline_hierarchical,2026-06-24,2942
Euptelea polyandra,euptelea polyandra,euptelea polyandra,Euptelea polyandra,wfo-0000682839,wfo-0000682839,Eupteleaceae,Euptelea,species,accepted,accepted,exact_accepted,exact_accepted_unique,1,1,1,WFO_offline_hierarchical,2026-06-24,2943
Prunus spinosa,prunus spinosa,prunus spinosa,Prunus spinosa,wfo-0001007437,wfo-0001007437,Rosaceae,Prunus,species,accepted,accepted,exact_accepted,exact_accepted_unique,1,1,1,WFO_offline_hierarchical,2026-06-24,2944
Casearia clarkei,casearia clarkei,casearia clarkei,Casearia clarkei,wfo-0000923895,wfo-0000923895,Salicaceae,Casearia,species,accepted,accepted,exact_accepted,exact_accepted_unique,1,1,1,WFO_offline_hierarchical,2026-06-24,2945
Eucalyptus tereticornis,eucalyptus tereticornis,eucalyptus tereticornis,Eucalyptus tereticornis,wfo-0000956012,wfo-0000956012,Myrtaceae,Eucalyptus,species,accepted,accepted,exact_accepted,exact_accepted_unique,1,1,1,WFO_offline_hierarchical,2026-06-24,2946
Schotia brachypetala,schotia brachypetala,schotia brachypetala,Schotia brachypetala,wfo-0000170688,wfo-0000170688,Fabaceae,Schotia,species,accepted,accepted,exact_accepted,exact_accepted_unique,1,1,1,WFO_offline_hierarchical,2026-06-24,2947
Actinidia arguta,actinidia arguta,actinidia arguta,Actinidia arguta,wfo-0000519157,wfo-0000519157,Actinidiaceae,Actinidia,species,accepted,accepted,exact_accepted,exact_accepted_unique,1,1,1,WFO_offline_hierarchical,2026-06-24,2948
Syzygium corynocarpum,syzygium corynocarpum,syzygium corynocarpum,Syzygium corynocarpum,wfo-0000318507,wfo-0000318507,Myrtaceae,Syzygium,species,accepted,accepted,exact_accepted,exact_accepted_unique,1,1,1,WFO_offline_hierarchical,2026-06-24,2949
Syzygium malaccense,syzygium malaccense,syzygium malaccense,Syzygium malaccense,wfo-0000318961,wfo-0000318961,Myrtaceae,Syzygium,species,accepted,accepted,exact_accepted,exact_accepted_unique,1,1,1,WFO_offline_hierarchical,2026-06-24,2950
Cassia grandis,cassia grandis,cassia grandis,Cassia grandis,wfo-0000163908,wfo-0000163908,Fabaceae,Cassia,species,accepted,accepted,exact_accepted,exact_accepted_unique,1,1,1,WFO_offline_hierarchical,2026-06-24,2951
Alchemilla speciosa,alchemilla speciosa,alchemilla speciosa,Alchemilla speciosa,wfo-0001014989,wfo-0001014989,Rosaceae,Alchemilla,species,accepted,accepted,exact_accepted,exact_accepted_unique,1,1,1,WFO_offline_hierarchical,2026-06-24,2952
Salix myrsinifolia,salix myrsinifolia,salix myrsinifolia,Salix myrsinifolia,wfo-0000929897,wfo-0000929897,Salicaceae,Salix,species,accepted,accepted,exact_accepted,exact_accepted_unique,1,1,1,WFO_offline_hierarchical,2026-06-24,2953
Okoubaka aubrevillei,okoubaka aubrevillei,okoubaka aubrevillei,Okoubaka aubrevillei,wfo-0000388170,wfo-0000388170,Santalaceae,Okoubaka,species,accepted,accepted,exact_accepted,exact_accepted_unique,1,1,1,WFO_offline_hierarchical,2026-06-24,2954
Acacia ixiophylla,acacia ixiophylla,acacia ixiophylla,Acacia ixiophylla,wfo-0000185309,wfo-0000185309,Fabaceae,Acacia,species,accepted,accepted,exact_accepted,exact_accepted_unique,1,1,1,WFO_offline_hierarchical,2026-06-24,2955
Saxifraga cuneifolia,saxifraga cuneifolia,saxifraga cuneifolia,Saxifraga cuneifolia,wfo-0000494450,wfo-0000494450,Saxifragaceae,Saxifraga,species,accepted,accepted,exact_accepted,exact_accepted_unique,1,1,1,WFO_offline_hierarchical,2026-06-24,2956
Chrysosplenium flagelliferum,chrysosplenium flagelliferum,chrysosplenium flagelliferum,Chrysosplenium flagelliferum,wfo-0000603963,wfo-0000603963,Saxifragaceae,Chrysosplenium,species,accepted,accepted,exact_accepted,exact_accepted_unique,1,1,1,WFO_offline_hierarchical,2026-06-24,2957
Ligaria cuneifolia,ligaria cuneifolia,ligaria cuneifolia,Ligaria cuneifolia,wfo-0001074748,wfo-0001074748,Loranthaceae,Ligaria,species,accepted,accepted,exact_accepted,exact_accepted_unique,1,1,1,WFO_offline_hierarchical,2026-06-24,2958
Cecropia pachystachya,cecropia pachystachya,cecropia pachystachya,Cecropia pachystachya,wfo-0000592291,wfo-0000592291,Urticaceae,Cecropia,species,accepted,accepted,exact_accepted,exact_accepted_unique,1,1,1,WFO_offline_hierarchical,2026-06-24,2959
Koelreuteria paniculata,koelreuteria paniculata,koelreuteria paniculata,Koelreuteria paniculata,wfo-0000357203,wfo-0000357203,Sapindaceae,Koelreuteria,species,accepted,accepted,exact_accepted,exact_accepted_unique,1,1,1,WFO_offline_hierarchical,2026-06-24,2960
Schisandra plena,schisandra plena,schisandra plena,Schisandra plena,wfo-0000495102,wfo-0000495102,Schisandraceae,Schisandra,species,accepted,accepted,exact_accepted,exact_accepted_unique,1,1,1,WFO_offline_hierarchical,2026-06-24,2961
Vitis,vitis,vitis,Vitis,wfo-4000040377,wfo-4000040377,Vitaceae,Vitis,genus,accepted,accepted,exact_accepted,exact_accepted_unique,1,1,1,WFO_offline_hierarchical,2026-06-24,2962
Schotia latifolia,schotia latifolia,schotia latifolia,Schotia latifolia,wfo-0000170742,wfo-0000170742,Fabaceae,Schotia,species,accepted,accepted,exact_accepted,exact_accepted_unique,1,1,1,WFO_offline_hierarchical,2026-06-24,2963
Lotus tenuis,lotus tenuis,lotus tenuis,Lotus tenuis,wfo-0001053826,wfo-0001053826,Fabaceae,Lotus,species,accepted,accepted,exact_accepted,exact_accepted_unique,1,1,1,WFO_offline_hierarchical,2026-06-24,2964
Hypericum maculatum,hypericum maculatum,hypericum maculatum,Hypericum maculatum,wfo-0000727911,wfo-0000727911,Hypericaceae,Hypericum,species,accepted,accepted,exact_accepted,exact_accepted_unique,1,1,1,WFO_offline_hierarchical,2026-06-24,2965
Rhodiola crenulata,rhodiola crenulata,rhodiola crenulata,Rhodiola crenulata,wfo-0000399351,wfo-0000399351,Crassulaceae,Rhodiola,species,accepted,accepted,exact_accepted,exact_accepted_unique,1,1,1,WFO_offline_hierarchical,2026-06-24,2966
Rheum,rheum,rheum,Rheum,wfo-4000032935,wfo-4000032935,Polygonaceae,Rheum,genus,accepted,accepted,exact_accepted,exact_accepted_unique,1,1,1,WFO_offline_hierarchical,2026-06-24,2967
Rosa roxburghii,rosa roxburghii,rosa roxburghii,Rosa roxburghii,wfo-0000983365,wfo-0000983365,Rosaceae,Rosa,species,accepted,accepted,exact_accepted,exact_accepted_unique,1,1,1,WFO_offline_hierarchical,2026-06-24,2968
Prunus padus,prunus padus,prunus padus,Prunus padus,wfo-0001008273,wfo-0001008273,Rosaceae,Prunus,species,accepted,accepted,exact_accepted,exact_accepted_unique,1,1,1,WFO_offline_hierarchical,2026-06-24,2969
Prunus ssiori,prunus ssiori,prunus ssiori,Prunus ssiori,wfo-0000988088,wfo-0000988088,Rosaceae,Prunus,species,accepted,accepted,exact_accepted,exact_accepted_unique,1,1,1,WFO_offline_hierarchical,2026-06-24,2970
Acer griseum,acer griseum,acer griseum,Acer griseum,wfo-0000514296,wfo-0000514296,Sapindaceae,Acer,species,accepted,accepted,exact_accepted,exact_accepted_unique,1,1,1,WFO_offline_hierarchical,2026-06-24,2971
Betula schmidtii,betula schmidtii,betula schmidtii,Betula schmidtii,wfo-0000336873,wfo-0000336873,Betulaceae,Betula,species,accepted,accepted,exact_accepted,exact_accepted_unique,1,1,1,WFO_offline_hierarchical,2026-06-24,2972
Uncaria gambir,uncaria gambir,uncaria gambir,Uncaria gambir,wfo-0000329239,wfo-0000329239,Rubiaceae,Uncaria,species,accepted,accepted,exact_accepted,exact_accepted_unique,1,1,1,WFO_offline_hierarchical,2026-06-24,2973
Muehlenbeckia platyclados,muehlenbeckia platyclados,muehlenbeckia platyclados,Muehlenbeckia platyclados,wfo-0000452312,wfo-0000452312,Polygonaceae,Muehlenbeckia,species,accepted,accepted,exact_accepted,exact_accepted_unique,1,1,1,WFO_offline_hierarchical,2026-06-24,2974
Homalocladium platycladum,homalocladium platycladum,homalocladium platycladum,NA,NA,NA,NA,NA,NA,NA,unresolved,unresolved,no_match,0,0,0,NA,2026-06-24,2975
Muehlenbeckia platyclada,muehlenbeckia platyclada,muehlenbeckia platyclada,NA,NA,NA,NA,NA,NA,NA,unresolved,unresolved,no_match,0,0,0,NA,2026-06-24,2976
Typha latifolia,typha latifolia,typha latifolia,Typha latifolia,wfo-0000595260,wfo-0000595260,Typhaceae,Typha,species,accepted,accepted,exact_accepted,exact_accepted_unique,1,1,1,WFO_offline_hierarchical,2026-06-24,2977
Populus violascens,populus violascens,populus violascens,Populus violascens,wfo-0001133788,wfo-0001133788,Salicaceae,Populus,species,accepted,accepted,exact_accepted,exact_accepted_unique,1,1,1,WFO_offline_hierarchical,2026-06-24,2978
Erodium cicutarium,erodium cicutarium,erodium cicutarium,Erodium cicutarium,wfo-0000676799,wfo-0000676799,Geraniaceae,Erodium,species,accepted,accepted,exact_accepted,exact_accepted_unique,1,1,1,WFO_offline_hierarchical,2026-06-24,2979
Acaena pinnatifida,acaena pinnatifida,acaena pinnatifida,Acaena pinnatifida,wfo-0001005319,wfo-0001005319,Rosaceae,Acaena,species,accepted,accepted,exact_accepted,exact_accepted_unique,1,1,1,WFO_offline_hierarchical,2026-06-24,2980
Maytenus chubutensis,maytenus chubutensis,maytenus chubutensis,Maytenus chubutensis,wfo-0000375067,wfo-0000375067,Celastraceae,Maytenus,species,accepted,accepted,exact_accepted,exact_accepted_unique,1,1,1,WFO_offline_hierarchical,2026-06-24,2981
Anchomanes difformis,anchomanes difformis,anchomanes difformis,Anchomanes difformis,wfo-0000970027,wfo-0000970027,Araceae,Anchomanes,species,accepted,accepted,exact_accepted,exact_accepted_unique,1,1,1,WFO_offline_hierarchical,2026-06-24,2982
Viburnum rhytidophyllum,viburnum rhytidophyllum,viburnum rhytidophyllum,Viburnum rhytidophyllum,wfo-0001291022,wfo-0001291022,Viburnaceae,Viburnum,species,accepted,accepted,exact_accepted,exact_accepted_unique,1,1,1,WFO_offline_hierarchical,2026-06-24,2983
Hypericum montbretii,hypericum montbretii,hypericum montbretii,Hypericum montbretii,wfo-0000727975,wfo-0000727975,Hypericaceae,Hypericum,species,accepted,accepted,exact_accepted,exact_accepted_unique,1,1,1,WFO_offline_hierarchical,2026-06-24,2984
Ocotea,ocotea,ocotea,Ocotea,wfo-4000026514,wfo-4000026514,Lauraceae,Ocotea,genus,accepted,accepted,exact_accepted,exact_accepted_unique,1,1,1,WFO_offline_hierarchical,2026-06-24,2985
Ocotea holdridgeiana,ocotea holdridgeiana,ocotea holdridgeiana,NA,NA,NA,NA,NA,NA,NA,unresolved,unresolved,no_match,0,0,0,NA,2026-06-24,2986
Daphne aurantiaca,daphne aurantiaca,daphne aurantiaca,Daphne aurantiaca,wfo-0000637474,wfo-0000637474,Thymelaeaceae,Daphne,species,accepted,accepted,exact_accepted,exact_accepted_unique,1,1,1,WFO_offline_hierarchical,2026-06-24,2987
Commiphora africana,commiphora africana,commiphora africana,Commiphora africana,wfo-0001328094,wfo-0001328094,Burseraceae,Commiphora,species,accepted,accepted,exact_accepted,exact_accepted_unique,1,1,1,WFO_offline_hierarchical,2026-06-24,2988
Scutellaria amoena,scutellaria amoena,scutellaria amoena,Scutellaria amoena,wfo-0000307591,wfo-0000307591,Lamiaceae,Scutellaria,species,accepted,accepted,exact_accepted,exact_accepted_unique,1,1,1,WFO_offline_hierarchical,2026-06-24,2989
Scutellaria lateriflora,scutellaria lateriflora,scutellaria lateriflora,Scutellaria lateriflora,wfo-0000308029,wfo-0000308029,Lamiaceae,Scutellaria,species,accepted,accepted,exact_accepted,exact_accepted_unique,1,1,1,WFO_offline_hierarchical,2026-06-24,2990
Crotalaria trifoliastrum,crotalaria trifoliastrum,crotalaria trifoliastrum,Crotalaria trifoliastrum,wfo-0000186515,wfo-0000186515,Fabaceae,Crotalaria,species,accepted,accepted,exact_accepted,exact_accepted_unique,1,1,1,WFO_offline_hierarchical,2026-06-24,2991
Alcea rosea,alcea rosea,alcea rosea,Alcea rosea,wfo-0000525183,wfo-0000525183,Malvaceae,Alcea,species,accepted,accepted,exact_accepted,exact_accepted_unique,1,1,1,WFO_offline_hierarchical,2026-06-24,2992
Althaea rosea,althaea rosea,althaea rosea,Alcea rosea,wfo-0000525183,wfo-0000525183,Malvaceae,Alcea,species,synonym,synonym,exact_synonym,exact_synonym_unique,1,1,1,WFO_offline_hierarchical,2026-06-24,2993
Heliotropium huascoense,heliotropium huascoense,heliotropium huascoense,Heliotropium stenophyllum,wfo-0001215523,wfo-0001215523,Heliotropiaceae,Heliotropium,species,synonym,synonym,exact_synonym,exact_synonym_unique,1,1,1,WFO_offline_hierarchical,2026-06-24,2994
Peltophorum africanum,peltophorum africanum,peltophorum africanum,Peltophorum africanum,wfo-0000194865,wfo-0000194865,Fabaceae,Peltophorum,species,accepted,accepted,exact_accepted,exact_accepted_unique,1,1,1,WFO_offline_hierarchical,2026-06-24,2995
Aldina heterophylla,aldina heterophylla,aldina heterophylla,Aldina heterophylla,wfo-0000173799,wfo-0000173799,Fabaceae,Aldina,species,accepted,accepted,exact_accepted,exact_accepted_unique,1,1,1,WFO_offline_hierarchical,2026-06-24,2996
Gutierrezia sphaerocephala,gutierrezia sphaerocephala,gutierrezia sphaerocephala,Gutierrezia sphaerocephala,wfo-0000005924,wfo-0000005924,Asteraceae,Gutierrezia,species,accepted,accepted,exact_accepted,exact_accepted_unique,1,1,1,WFO_offline_hierarchical,2026-06-24,2997
Centaurea sicula,centaurea sicula,centaurea sicula,Centaurea sicula,wfo-0000119562,wfo-0000119562,Asteraceae,Centaurea,species,accepted,accepted,exact_accepted,exact_accepted_unique,1,1,1,WFO_offline_hierarchical,2026-06-24,2998
Trifolium dalmaticum,trifolium dalmaticum,trifolium dalmaticum,Trifolium dalmaticum,wfo-0000213962,wfo-0000213962,Fabaceae,Trifolium,species,accepted,accepted,exact_accepted,exact_accepted_unique,1,1,1,WFO_offline_hierarchical,2026-06-24,2999
Peperomia obtusifolia,peperomia obtusifolia,peperomia obtusifolia,Peperomia obtusifolia,wfo-0000477916,wfo-0000477916,Piperaceae,Peperomia,species,accepted,accepted,exact_accepted,exact_accepted_unique,1,1,1,WFO_offline_hierarchical,2026-06-24,3000
Cyperus teneriffae,cyperus teneriffae,cyperus teneriffae,Cyperus rubicundus,wfo-0000381675,wfo-0000381675,Cyperaceae,Cyperus,species,synonym,synonym,exact_synonym,exact_synonym_unique,1,1,1,WFO_offline_hierarchical,2026-06-24,3001
Abronia villosa,abronia villosa,abronia villosa,Abronia villosa,wfo-0000511604,wfo-0000511604,Nyctaginaceae,Abronia,species,accepted,accepted,exact_accepted,exact_accepted_unique,1,1,1,WFO_offline_hierarchical,2026-06-24,3002
Mallotus apelta,mallotus apelta,mallotus apelta,Mallotus apelta,wfo-0000234436,wfo-0000234436,Euphorbiaceae,Mallotus,species,accepted,accepted,exact_accepted,exact_accepted_unique,1,1,1,WFO_offline_hierarchical,2026-06-24,3003
Piper murrayanum,piper murrayanum,piper murrayanum,Piper murrayanum,wfo-0000486527,wfo-0000486527,Piperaceae,Piper,species,accepted,accepted,exact_accepted,exact_accepted_unique,1,1,1,WFO_offline_hierarchical,2026-06-24,3004
Argyrochosma dealbata,argyrochosma dealbata,argyrochosma dealbata,Argyrochosma dealbata,wfo-0001114268,wfo-0001114268,Pteridaceae,Argyrochosma,species,accepted,accepted,exact_accepted,exact_accepted_unique,1,1,1,WFO_offline_hierarchical,2026-06-24,3005
Gentiana pedicellata,gentiana pedicellata,gentiana pedicellata,Gentiana pedicellata,wfo-0000698214,wfo-0000698214;wfo-0001063443,Gentianaceae,Gentiana,species,accepted,accepted,exact_accepted,exact_accepted_consensus_multiple_ids,2,2,1,WFO_offline_hierarchical,2026-06-24,3006
Eriocaulon cinereum,eriocaulon cinereum,eriocaulon cinereum,Eriocaulon cinereum,wfo-0000409845,wfo-0000409845,Eriocaulaceae,Eriocaulon,species,accepted,accepted,exact_accepted,exact_accepted_unique,1,1,1,WFO_offline_hierarchical,2026-06-24,3007
Drimia delagoensis,drimia delagoensis,drimia delagoensis,Drimia delagoensis,wfo-0000766098,wfo-0000766098,Asparagaceae,Drimia,species,accepted,accepted,exact_accepted,exact_accepted_unique,1,1,1,WFO_offline_hierarchical,2026-06-24,3008
Buddleja madagascariensis,buddleja madagascariensis,buddleja madagascariensis,Buddleja madagascariensis,wfo-0000574137,wfo-0000574137,Scrophulariaceae,Buddleja,species,accepted,accepted,exact_accepted,exact_accepted_unique,1,1,1,WFO_offline_hierarchical,2026-06-24,3009
Psorothamnus fremontii,psorothamnus fremontii,psorothamnus fremontii,Psorodendron fremontii,wfo-0000181050,wfo-0000181050,Fabaceae,Psorodendron,species,synonym,synonym,exact_synonym,exact_synonym_unique,1,1,1,WFO_offline_hierarchical,2026-06-24,3010
Corymbia citriodora,corymbia citriodora,corymbia citriodora,Corymbia citriodora,wfo-0000925431,wfo-0000925431,Myrtaceae,Corymbia,species,accepted,accepted,exact_accepted,exact_accepted_unique,1,1,1,WFO_offline_hierarchical,2026-06-24,3011
Helichrysum italicum,helichrysum italicum,helichrysum italicum,Helichrysum italicum,wfo-0000077691,wfo-0000077691,Asteraceae,Helichrysum,species,accepted,accepted,exact_accepted,exact_accepted_unique,1,1,1,WFO_offline_hierarchical,2026-06-24,3012
Artocarpus fretissi,artocarpus fretissi,artocarpus fretissi,Artocarpus lacucha,wfo-0000550516,wfo-0000550516,Moraceae,Artocarpus,species,synonym,synonym,exact_synonym,exact_synonym_unique,1,1,1,WFO_offline_hierarchical,2026-06-24,3013
Eucalyptus camaldulensis,eucalyptus camaldulensis,eucalyptus camaldulensis,Eucalyptus camaldulensis,wfo-0000954597,wfo-0000954597,Myrtaceae,Eucalyptus,species,accepted,accepted,exact_accepted,exact_accepted_unique,1,1,1,WFO_offline_hierarchical,2026-06-24,3014
Populus alba,populus alba,populus alba,Populus alba,wfo-0000928384,wfo-0000928384,Salicaceae,Populus,species,accepted,accepted,exact_accepted,exact_accepted_unique,1,1,1,WFO_offline_hierarchical,2026-06-24,3015
Camellia oleifera,camellia oleifera,camellia oleifera,Camellia oleifera,wfo-0000582552,wfo-0000582552,Theaceae,Camellia,species,accepted,accepted,exact_accepted,exact_accepted_unique,1,1,1,WFO_offline_hierarchical,2026-06-24,3016
Coreopsis calliopsidea,coreopsis calliopsidea,coreopsis calliopsidea,Coreopsis calliopsidea,wfo-0000134287,wfo-0000134287,Asteraceae,Coreopsis,species,accepted,accepted,exact_accepted,exact_accepted_unique,1,1,1,WFO_offline_hierarchical,2026-06-24,3017
Microseris paludosa,microseris paludosa,microseris paludosa,Microseris paludosa,wfo-0000065695,wfo-0000065695,Asteraceae,Microseris,species,accepted,accepted,exact_accepted,exact_accepted_unique,1,1,1,WFO_offline_hierarchical,2026-06-24,3018
Coreopsis stillmanii,coreopsis stillmanii,coreopsis stillmanii,Coreopsis stillmanii,wfo-0000032623,wfo-0000032623,Asteraceae,Coreopsis,species,accepted,accepted,exact_accepted,exact_accepted_unique,1,1,1,WFO_offline_hierarchical,2026-06-24,3019
Rhodiola heterodonta,rhodiola heterodonta,rhodiola heterodonta,Rhodiola heterodonta,wfo-0001299897,wfo-0001299897,Crassulaceae,Rhodiola,species,accepted,accepted,exact_accepted,exact_accepted_unique,1,1,1,WFO_offline_hierarchical,2026-06-24,3020
Eugenia selloi,eugenia selloi,eugenia selloi,Eugenia selloi,wfo-0000959028,wfo-0000959028,Myrtaceae,Eugenia,species,accepted,accepted,exact_accepted,exact_accepted_unique,1,1,1,WFO_offline_hierarchical,2026-06-24,3021
Coccoloba mollis,coccoloba mollis,coccoloba mollis,Coccoloba mollis,wfo-0000613229,wfo-0000613229,Polygonaceae,Coccoloba,species,accepted,accepted,exact_accepted,exact_accepted_unique,1,1,1,WFO_offline_hierarchical,2026-06-24,3022
Chrysophyllum marginatum,chrysophyllum marginatum,chrysophyllum marginatum,Chrysophyllum marginatum,wfo-0000856242,wfo-0000856242,Sapotaceae,Chrysophyllum,species,accepted,accepted,exact_accepted,exact_accepted_unique,1,1,1,WFO_offline_hierarchical,2026-06-24,3023
Rhodiola kirilowii,rhodiola kirilowii,rhodiola kirilowii,Rhodiola kirilowii,wfo-0001300617,wfo-0001300617,Crassulaceae,Rhodiola,species,accepted,accepted,exact_accepted,exact_accepted_unique,1,1,1,WFO_offline_hierarchical,2026-06-24,3024
Merwilla dracomontana,merwilla dracomontana,merwilla dracomontana,Merwilla dracomontana,wfo-0000690158,wfo-0000690158,Asparagaceae,Merwilla,species,accepted,accepted,exact_accepted,exact_accepted_unique,1,1,1,WFO_offline_hierarchical,2026-06-24,3025
Selaginella,selaginella,selaginella,Selaginella,wfo-4000034966,wfo-4000034966,Selaginellaceae,Selaginella,genus,accepted,accepted,exact_accepted,exact_accepted_unique,1,1,1,WFO_offline_hierarchical,2026-06-24,3026
Selaginella nothohybrida,selaginella nothohybrida,selaginella nothohybrida,Selaginella nothohybrida,wfo-0001120101,wfo-0001120101,Selaginellaceae,Selaginella,species,accepted,accepted,exact_accepted,exact_accepted_unique,1,1,1,WFO_offline_hierarchical,2026-06-24,3027
Ligularia odontomanes,ligularia odontomanes,ligularia odontomanes,Ligularia odontomanes,wfo-0000000028,wfo-0000000028,Asteraceae,Ligularia,species,accepted,accepted,exact_accepted,exact_accepted_unique,1,1,1,WFO_offline_hierarchical,2026-06-24,3028
Dolichos,dolichos,dolichos,Dolichos,wfo-4000012369,wfo-4000012369,Fabaceae,Dolichos,genus,accepted,accepted,exact_accepted,exact_accepted_unique,1,1,1,WFO_offline_hierarchical,2026-06-24,3029
Adansonia digitata,adansonia digitata,adansonia digitata,Adansonia digitata,wfo-0000519672,wfo-0000519672,Malvaceae,Adansonia,species,accepted,accepted,exact_accepted,exact_accepted_unique,1,1,1,WFO_offline_hierarchical,2026-06-24,3030
Searsia retinorrhoea,searsia retinorrhoea,searsia retinorrhoea,Searsia retinorrhoea,wfo-0000510292,wfo-0000510292,Anacardiaceae,Searsia,species,accepted,accepted,exact_accepted,exact_accepted_unique,1,1,1,WFO_offline_hierarchical,2026-06-24,3031
Crotalaria medicaginea,crotalaria medicaginea,crotalaria medicaginea,Crotalaria medicaginea,wfo-0000185077,wfo-0000185077,Fabaceae,Crotalaria,species,accepted,accepted,exact_accepted,exact_accepted_unique,1,1,1,WFO_offline_hierarchical,2026-06-24,3032
Carex appressa,carex appressa,carex appressa,Carex appressa,wfo-0000344481,wfo-0000344481,Cyperaceae,Carex,species,accepted,accepted,exact_accepted,exact_accepted_unique,1,1,1,WFO_offline_hierarchical,2026-06-24,3033
Passiflora sexflora,passiflora sexflora,passiflora sexflora,Passiflora sexflora,wfo-0000480111,wfo-0000480111,Passifloraceae,Passiflora,species,accepted,accepted,exact_accepted,exact_accepted_unique,1,1,1,WFO_offline_hierarchical,2026-06-24,3034
Wikstroemia glabra,wikstroemia glabra,wikstroemia glabra,Wikstroemia glabra,wfo-0001254584,wfo-0001254584,Thymelaeaceae,Wikstroemia,species,accepted,accepted,exact_accepted,exact_accepted_unique,1,1,1,WFO_offline_hierarchical,2026-06-24,3035
Crotalaria prostrata,crotalaria prostrata,crotalaria prostrata,Crotalaria prostrata,wfo-0000198706,wfo-0000198706,Fabaceae,Crotalaria,species,accepted,accepted,exact_accepted,exact_accepted_unique,1,1,1,WFO_offline_hierarchical,2026-06-24,3036
Mascarenhasia arborescens,mascarenhasia arborescens,mascarenhasia arborescens,Mascarenhasia arborescens,wfo-0000236781,wfo-0000236781,Apocynaceae,Mascarenhasia,species,accepted,accepted,exact_accepted,exact_accepted_unique,1,1,1,WFO_offline_hierarchical,2026-06-24,3037
Iryanthera elliptica,iryanthera elliptica,iryanthera elliptica,Iryanthera elliptica,wfo-0000732327,wfo-0000732327,Myristicaceae,Iryanthera,species,accepted,accepted,exact_accepted,exact_accepted_unique,1,1,1,WFO_offline_hierarchical,2026-06-24,3038
Knema austrosiamensis,knema austrosiamensis,knema austrosiamensis,Knema austrosiamensis,wfo-0000356938,wfo-0000356938,Myristicaceae,Knema,species,accepted,accepted,exact_accepted,exact_accepted_unique,1,1,1,WFO_offline_hierarchical,2026-06-24,3039
Minthostachys spicata,minthostachys spicata,minthostachys spicata,Minthostachys spicata,wfo-0000244772,wfo-0000244772,Lamiaceae,Minthostachys,species,accepted,accepted,exact_accepted,exact_accepted_unique,1,1,1,WFO_offline_hierarchical,2026-06-24,3040
Andrographis affinis,andrographis affinis,andrographis affinis,Andrographis affinis,wfo-0000534034,wfo-0000534034,Acanthaceae,Andrographis,species,accepted,accepted,exact_accepted,exact_accepted_unique,1,1,1,WFO_offline_hierarchical,2026-06-24,3041
Hedera colchica,hedera colchica,hedera colchica,Hedera colchica,wfo-0000979673,wfo-0000979673,Araliaceae,Hedera,species,accepted,accepted,exact_accepted,exact_accepted_unique,1,1,1,WFO_offline_hierarchical,2026-06-24,3042
Artemisia anomala,artemisia anomala,artemisia anomala,Artemisia anomala,wfo-0000136001,wfo-0000136001,Asteraceae,Artemisia,species,accepted,accepted,exact_accepted,exact_accepted_unique,1,1,1,WFO_offline_hierarchical,2026-06-24,3043
Croton hieronymi,croton hieronymi,croton hieronymi,Croton hieronymi,wfo-0000931237,wfo-0000931237,Euphorbiaceae,Croton,species,accepted,accepted,exact_accepted,exact_accepted_unique,1,1,1,WFO_offline_hierarchical,2026-06-24,3044
Leucas aspera,leucas aspera,leucas aspera,Leucas aspera,wfo-0000226906,wfo-0000226906,Lamiaceae,Leucas,species,accepted,accepted,exact_accepted,exact_accepted_unique,1,1,1,WFO_offline_hierarchical,2026-06-24,3045
Lonchocarpus laxiflorus,lonchocarpus laxiflorus,lonchocarpus laxiflorus,Philenoptera laxiflora,wfo-0000199463,wfo-0000199463,Fabaceae,Philenoptera,species,synonym,synonym,exact_synonym,exact_synonym_unique,1,1,1,WFO_offline_hierarchical,2026-06-24,3046
Laburnum alpinum,laburnum alpinum,laburnum alpinum,Laburnum alpinum,wfo-0000213799,wfo-0000213799,Fabaceae,Laburnum,species,accepted,accepted,exact_accepted,exact_accepted_unique,1,1,1,WFO_offline_hierarchical,2026-06-24,3047
Macaranga indica,macaranga indica,macaranga indica,Macaranga indica,wfo-0000232018,wfo-0000232018,Euphorbiaceae,Macaranga,species,accepted,accepted,exact_accepted,exact_accepted_unique,1,1,1,WFO_offline_hierarchical,2026-06-24,3048
Tephrosia major,tephrosia major,tephrosia major,Tephrosia major,wfo-0000164673,wfo-0000164673,Fabaceae,Tephrosia,species,accepted,accepted,exact_accepted,exact_accepted_unique,1,1,1,WFO_offline_hierarchical,2026-06-24,3049
Genista cinerea,genista cinerea,genista cinerea,Genista cinerea,wfo-0000186918,wfo-0000186918,Fabaceae,Genista,species,accepted,accepted,exact_accepted,exact_accepted_unique,1,1,1,WFO_offline_hierarchical,2026-06-24,3050
Crotalaria barbata,crotalaria barbata,crotalaria barbata,Crotalaria barbata,wfo-0000185071,wfo-0000185071,Fabaceae,Crotalaria,species,accepted,accepted,exact_accepted,exact_accepted_unique,1,1,1,WFO_offline_hierarchical,2026-06-24,3051
Alluaudiopsis marnieriana,alluaudiopsis marnieriana,alluaudiopsis marnieriana,Alluaudiopsis marnieriana,wfo-0000943984,wfo-0000943984,Didiereaceae,Alluaudiopsis,species,accepted,accepted,exact_accepted,exact_accepted_unique,1,1,1,WFO_offline_hierarchical,2026-06-24,3052
Centaurea montana,centaurea montana,centaurea montana,Centaurea montana,wfo-0000132430,wfo-0000132430,Asteraceae,Centaurea,species,accepted,accepted,exact_accepted,exact_accepted_unique,1,1,1,WFO_offline_hierarchical,2026-06-24,3053
Uvaria hamiltonii,uvaria hamiltonii,uvaria hamiltonii,Uvaria hamiltonii,wfo-0001066584,wfo-0001066584,Annonaceae,Uvaria,species,accepted,accepted,exact_accepted,exact_accepted_unique,1,1,1,WFO_offline_hierarchical,2026-06-24,3054
Polygala arvensis,polygala arvensis,polygala arvensis,Polygala arvensis,wfo-0001219818,wfo-0001219818,Polygalaceae,Polygala,species,accepted,accepted,exact_accepted,exact_accepted_unique,1,1,1,WFO_offline_hierarchical,2026-06-24,3055
Arnica chamissonis,arnica chamissonis,arnica chamissonis,Arnica chamissonis,wfo-0000120344,wfo-0000120344,Asteraceae,Arnica,species,accepted,accepted,exact_accepted,exact_accepted_unique,1,1,1,WFO_offline_hierarchical,2026-06-24,3056
Chromolaena subscandens,chromolaena subscandens,chromolaena subscandens,Chromolaena subscandens,wfo-0000116364,wfo-0000116364,Asteraceae,Chromolaena,species,accepted,accepted,exact_accepted,exact_accepted_unique,1,1,1,WFO_offline_hierarchical,2026-06-24,3057
Deguelia spruceana,deguelia spruceana,deguelia spruceana,Deguelia spruceana,wfo-0000186771,wfo-0000186771,Fabaceae,Deguelia,species,accepted,accepted,exact_accepted,exact_accepted_unique,1,1,1,WFO_offline_hierarchical,2026-06-24,3058
Platycladus orientalis,platycladus orientalis,platycladus orientalis,Platycladus orientalis,wfo-0000396774,wfo-0000396774,Cupressaceae,Platycladus,species,accepted,accepted,exact_accepted,exact_accepted_unique,1,1,1,WFO_offline_hierarchical,2026-06-24,3059
Prunus triloba,prunus triloba,prunus triloba,Prunus triloba,wfo-0001013932,wfo-0001013932,Rosaceae,Prunus,species,accepted,accepted,exact_accepted,exact_accepted_unique,1,1,1,WFO_offline_hierarchical,2026-06-24,3060
Calligonum leucocladum,calligonum leucocladum,calligonum leucocladum,Calligonum leucocladum,wfo-0000580446,wfo-0000580446,Polygonaceae,Calligonum,species,accepted,accepted,exact_accepted,exact_accepted_unique,1,1,1,WFO_offline_hierarchical,2026-06-24,3061
Ambrosia artemisioides,ambrosia artemisioides,ambrosia artemisioides,Ambrosia artemisioides,wfo-0000073943,wfo-0000073943,Asteraceae,Ambrosia,species,accepted,accepted,exact_accepted,exact_accepted_unique,1,1,1,WFO_offline_hierarchical,2026-06-24,3062
Agnorhiza elata,agnorhiza elata,agnorhiza elata,Agnorhiza elata,wfo-0000116271,wfo-0000116271,Asteraceae,Agnorhiza,species,accepted,accepted,exact_accepted,exact_accepted_unique,1,1,1,WFO_offline_hierarchical,2026-06-24,3063
Wyethia elata,wyethia elata,wyethia elata,Agnorhiza elata,wfo-0000116271,wfo-0000116271,Asteraceae,Agnorhiza,species,synonym,synonym,exact_synonym,exact_synonym_unique,1,1,1,WFO_offline_hierarchical,2026-06-24,3064
Euterpe oleracea,euterpe oleracea,euterpe oleracea,Euterpe oleracea,wfo-0000965687,wfo-0000965687,Arecaceae,Euterpe,species,accepted,accepted,exact_accepted,exact_accepted_unique,1,1,1,WFO_offline_hierarchical,2026-06-24,3065
Ventilago leiocarpa,ventilago leiocarpa,ventilago leiocarpa,Ventilago leiocarpa,wfo-0000418340,wfo-0000418340,Rhamnaceae,Ventilago,species,accepted,accepted,exact_accepted,exact_accepted_unique,1,1,1,WFO_offline_hierarchical,2026-06-24,3066
Cissus rheifolia,cissus rheifolia,cissus rheifolia,Cissus rheifolia,wfo-0000606761,wfo-0000606761,Vitaceae,Cissus,species,accepted,accepted,exact_accepted,exact_accepted_unique,1,1,1,WFO_offline_hierarchical,2026-06-24,3067
Carpesium macrocephalum,carpesium macrocephalum,carpesium macrocephalum,Carpesium macrocephalum,wfo-0000074447,wfo-0000074447,Asteraceae,Carpesium,species,accepted,accepted,exact_accepted,exact_accepted_unique,1,1,1,WFO_offline_hierarchical,2026-06-24,3068
Origanum compactum,origanum compactum,origanum compactum,Origanum compactum,wfo-0000260576,wfo-0000260576,Lamiaceae,Origanum,species,accepted,accepted,exact_accepted,exact_accepted_unique,1,1,1,WFO_offline_hierarchical,2026-06-24,3069
Thymus moroderi,thymus moroderi,thymus moroderi,Thymus moroderi,wfo-0000324418,wfo-0000324418,Lamiaceae,Thymus,species,accepted,accepted,exact_accepted,exact_accepted_unique,1,1,1,WFO_offline_hierarchical,2026-06-24,3070
Chamaecyparis pisifera,chamaecyparis pisifera,chamaecyparis pisifera,Chamaecyparis pisifera,wfo-0000599479,wfo-0000599479,Cupressaceae,Chamaecyparis,species,accepted,accepted,exact_accepted,exact_accepted_unique,1,1,1,WFO_offline_hierarchical,2026-06-24,3071
Fuchsia coccinea,fuchsia coccinea,fuchsia coccinea,Fuchsia coccinea,wfo-0000692686,wfo-0000692686,Onagraceae,Fuchsia,species,accepted,accepted,exact_accepted,exact_accepted_unique,1,1,1,WFO_offline_hierarchical,2026-06-24,3072
Fuchsia cyrtandroides,fuchsia cyrtandroides,fuchsia cyrtandroides,Fuchsia cyrtandroides,wfo-0000692707,wfo-0000692707,Onagraceae,Fuchsia,species,accepted,accepted,exact_accepted,exact_accepted_unique,1,1,1,WFO_offline_hierarchical,2026-06-24,3073
Fuchsia decidua,fuchsia decidua,fuchsia decidua,Fuchsia decidua,wfo-0000692708,wfo-0000692708,Onagraceae,Fuchsia,species,accepted,accepted,exact_accepted,exact_accepted_unique,1,1,1,WFO_offline_hierarchical,2026-06-24,3074
Fuchsia dependens,fuchsia dependens,fuchsia dependens,Fuchsia dependens,wfo-0000692712,wfo-0000692712,Onagraceae,Fuchsia,species,accepted,accepted,exact_accepted,exact_accepted_unique,1,1,1,WFO_offline_hierarchical,2026-06-24,3075
Fuchsia eucliandra,fuchsia eucliandra,fuchsia eucliandra,NA,NA,NA,NA,NA,NA,NA,unresolved,unresolved,no_match,0,0,0,NA,2026-06-24,3076
Fuchsia ferreyrae,fuchsia ferreyrae,fuchsia ferreyrae,Fuchsia ferreyrae,wfo-0000692722,wfo-0000692722,Onagraceae,Fuchsia,species,accepted,accepted,exact_accepted,exact_accepted_unique,1,1,1,WFO_offline_hierarchical,2026-06-24,3077
Fuchsia fulgens,fuchsia fulgens,fuchsia fulgens,Fuchsia fulgens,wfo-0000692728,wfo-0000692728,Onagraceae,Fuchsia,species,accepted,accepted,exact_accepted,exact_accepted_unique,1,1,1,WFO_offline_hierarchical,2026-06-24,3078
Fuchsia gehrigeri,fuchsia gehrigeri,fuchsia gehrigeri,Fuchsia gehrigeri,wfo-0000692732,wfo-0000692732,Onagraceae,Fuchsia,species,accepted,accepted,exact_accepted,exact_accepted_unique,1,1,1,WFO_offline_hierarchical,2026-06-24,3079
Fuchsia jimenezii,fuchsia jimenezii,fuchsia jimenezii,Fuchsia jimenezii,wfo-0000692761,wfo-0000692761,Onagraceae,Fuchsia,species,accepted,accepted,exact_accepted,exact_accepted_unique,1,1,1,WFO_offline_hierarchical,2026-06-24,3080
Fuchsia lehmannii,fuchsia lehmannii,fuchsia lehmannii,Fuchsia lehmannii,wfo-0000692766,wfo-0000692766,Onagraceae,Fuchsia,species,accepted,accepted,exact_accepted,exact_accepted_unique,1,1,1,WFO_offline_hierarchical,2026-06-24,3081
Fuchsia loxensis,fuchsia loxensis,fuchsia loxensis,Fuchsia loxensis,wfo-0000692773,wfo-0000692773,Onagraceae,Fuchsia,species,accepted,accepted,exact_accepted,exact_accepted_unique,1,1,1,WFO_offline_hierarchical,2026-06-24,3082
Fuchsia microphylla,fuchsia microphylla,fuchsia microphylla,Fuchsia microphylla,wfo-0000692810,wfo-0000692810,Onagraceae,Fuchsia,species,accepted,accepted,exact_accepted,exact_accepted_unique,1,1,1,WFO_offline_hierarchical,2026-06-24,3083
Fuchsia nigricans,fuchsia nigricans,fuchsia nigricans,Fuchsia nigricans,wfo-0000692827,wfo-0000692827,Onagraceae,Fuchsia,species,accepted,accepted,exact_accepted,exact_accepted_unique,1,1,1,WFO_offline_hierarchical,2026-06-24,3084
Fuchsia paniculata,fuchsia paniculata,fuchsia paniculata,Fuchsia paniculata,wfo-0000692840,wfo-0000692840,Onagraceae,Fuchsia,species,accepted,accepted,exact_accepted,exact_accepted_unique,1,1,1,WFO_offline_hierarchical,2026-06-24,3085
Fuchsia polyantha,fuchsia polyantha,fuchsia polyantha,Fuchsia polyantha,wfo-0000692855,wfo-0000692855,Onagraceae,Fuchsia,species,accepted,accepted,exact_accepted,exact_accepted_unique,1,1,1,WFO_offline_hierarchical,2026-06-24,3086
Fuchsia pringsheimii,fuchsia pringsheimii,fuchsia pringsheimii,Fuchsia pringsheimii,wfo-0000692858,wfo-0000692858,Onagraceae,Fuchsia,species,accepted,accepted,exact_accepted,exact_accepted_unique,1,1,1,WFO_offline_hierarchical,2026-06-24,3087
Fuchsia procumbens,fuchsia procumbens,fuchsia procumbens,Fuchsia procumbens,wfo-0000692859,wfo-0000692859,Onagraceae,Fuchsia,species,accepted,accepted,exact_accepted,exact_accepted_unique,1,1,1,WFO_offline_hierarchical,2026-06-24,3088
Fuchsia regia,fuchsia regia,fuchsia regia,Fuchsia regia,wfo-0000692875,wfo-0000692875,Onagraceae,Fuchsia,species,accepted,accepted,exact_accepted,exact_accepted_unique,1,1,1,WFO_offline_hierarchical,2026-06-24,3089
Fuchsia rivularis,fuchsia rivularis,fuchsia rivularis,Fuchsia rivularis,wfo-0000692883,wfo-0000692883,Onagraceae,Fuchsia,species,accepted,accepted,exact_accepted,exact_accepted_unique,1,1,1,WFO_offline_hierarchical,2026-06-24,3090
Fuchsia scabriuscula,fuchsia scabriuscula,fuchsia scabriuscula,Fuchsia scabriuscula,wfo-0000692891,wfo-0000692891,Onagraceae,Fuchsia,species,accepted,accepted,exact_accepted,exact_accepted_unique,1,1,1,WFO_offline_hierarchical,2026-06-24,3091
Fuchsia splendens,fuchsia splendens,fuchsia splendens,Fuchsia splendens,wfo-0000692907,wfo-0000692907,Onagraceae,Fuchsia,species,accepted,accepted,exact_accepted,exact_accepted_unique,1,1,1,WFO_offline_hierarchical,2026-06-24,3092
Fuchsia sylvatica,fuchsia sylvatica,fuchsia sylvatica,Fuchsia sylvatica,wfo-0000692915,wfo-0000692915,Onagraceae,Fuchsia,species,accepted,accepted,exact_accepted,exact_accepted_unique,1,1,1,WFO_offline_hierarchical,2026-06-24,3093
Fuchsia triphylla,fuchsia triphylla,fuchsia triphylla,Fuchsia triphylla,wfo-0000692928,wfo-0000692928,Onagraceae,Fuchsia,species,accepted,accepted,exact_accepted,exact_accepted_unique,1,1,1,WFO_offline_hierarchical,2026-06-24,3094
Oenothera fruticosa,oenothera fruticosa,oenothera fruticosa,Oenothera fruticosa,wfo-0001087414,wfo-0001087414,Onagraceae,Oenothera,species,accepted,accepted,exact_accepted,exact_accepted_unique,1,1,1,WFO_offline_hierarchical,2026-06-24,3095
Oenothera spachiana,oenothera spachiana,oenothera spachiana,Oenothera spachiana,wfo-0001087553,wfo-0001087553,Onagraceae,Oenothera,species,accepted,accepted,exact_accepted,exact_accepted_unique,1,1,1,WFO_offline_hierarchical,2026-06-24,3096
Oenothera speciosa,oenothera speciosa,oenothera speciosa,Oenothera speciosa,wfo-0000389747,wfo-0000389747,Onagraceae,Oenothera,species,accepted,accepted,exact_accepted,exact_accepted_unique,1,1,1,WFO_offline_hierarchical,2026-06-24,3097
Rosa,rosa,rosa,Rosa,wfo-4000033476,wfo-4000033476,Rosaceae,Rosa,genus,accepted,accepted,exact_accepted,exact_accepted_unique,1,1,1,WFO_offline_hierarchical,2026-06-24,3098
Alchornea cordifolia,alchornea cordifolia,alchornea cordifolia,Alchornea cordifolia,wfo-0000938571,wfo-0000938571,Euphorbiaceae,Alchornea,species,accepted,accepted,exact_accepted,exact_accepted_unique,1,1,1,WFO_offline_hierarchical,2026-06-24,3099
Norantea guianensis,norantea guianensis,norantea guianensis,Norantea guianensis,wfo-0000382227,wfo-0000382227,Marcgraviaceae,Norantea,species,accepted,accepted,exact_accepted,exact_accepted_unique,1,1,1,WFO_offline_hierarchical,2026-06-24,3100
Lathyrus pratensis,lathyrus pratensis,lathyrus pratensis,Lathyrus pratensis,wfo-0000212701,wfo-0000212701,Fabaceae,Lathyrus,species,accepted,accepted,exact_accepted,exact_accepted_unique,1,1,1,WFO_offline_hierarchical,2026-06-24,3101
Fuchsia boliviana,fuchsia boliviana,fuchsia boliviana,Fuchsia boliviana,wfo-0000692665,wfo-0000692665,Onagraceae,Fuchsia,species,accepted,accepted,exact_accepted,exact_accepted_unique,1,1,1,WFO_offline_hierarchical,2026-06-24,3102
Fuchsia excorticata,fuchsia excorticata,fuchsia excorticata,Fuchsia excorticata,wfo-0000692719,wfo-0000692719,Onagraceae,Fuchsia,species,accepted,accepted,exact_accepted,exact_accepted_unique,1,1,1,WFO_offline_hierarchical,2026-06-24,3103
Erythroxylum campestre,erythroxylum campestre,erythroxylum campestre,Erythroxylum campestre,wfo-0000679734,wfo-0000679734,Erythroxylaceae,Erythroxylum,species,accepted,accepted,exact_accepted,exact_accepted_unique,1,1,1,WFO_offline_hierarchical,2026-06-24,3104
Erythroxylum cuspidifolium,erythroxylum cuspidifolium,erythroxylum cuspidifolium,Erythroxylum cuspidifolium,wfo-0000679793,wfo-0000679793,Erythroxylaceae,Erythroxylum,species,accepted,accepted,exact_accepted,exact_accepted_unique,1,1,1,WFO_offline_hierarchical,2026-06-24,3105
Erythroxylum pruinosum,erythroxylum pruinosum,erythroxylum pruinosum,Erythroxylum pruinosum,wfo-0000680067,wfo-0000680067,Erythroxylaceae,Erythroxylum,species,accepted,accepted,exact_accepted,exact_accepted_unique,1,1,1,WFO_offline_hierarchical,2026-06-24,3106
Erythroxylum suberosum,erythroxylum suberosum,erythroxylum suberosum,Erythroxylum suberosum,wfo-0000680133,wfo-0000680133,Erythroxylaceae,Erythroxylum,species,accepted,accepted,exact_accepted,exact_accepted_unique,1,1,1,WFO_offline_hierarchical,2026-06-24,3107
Zanthoxylum bungeanum,zanthoxylum bungeanum,zanthoxylum bungeanum,Zanthoxylum bungeanum,wfo-0000429522,wfo-0000429522,Rutaceae,Zanthoxylum,species,accepted,accepted,exact_accepted,exact_accepted_unique,1,1,1,WFO_offline_hierarchical,2026-06-24,3108
Sarracenia alata,sarracenia alata,sarracenia alata,Sarracenia alata,wfo-0001135349,wfo-0001135349,Sarraceniaceae,Sarracenia,species,accepted,accepted,exact_accepted,exact_accepted_unique,1,1,1,WFO_offline_hierarchical,2026-06-24,3109
Sarracenia flava,sarracenia flava,sarracenia flava,Sarracenia flava,wfo-0000493567,wfo-0000493567,Sarraceniaceae,Sarracenia,species,accepted,accepted,exact_accepted,exact_accepted_unique,1,1,1,WFO_offline_hierarchical,2026-06-24,3110
Sarracenia leucophylla,sarracenia leucophylla,sarracenia leucophylla,Sarracenia leucophylla,wfo-0001135351,wfo-0001135351,Sarraceniaceae,Sarracenia,species,accepted,accepted,exact_accepted,exact_accepted_unique,1,1,1,WFO_offline_hierarchical,2026-06-24,3111
Sarracenia minor,sarracenia minor,sarracenia minor,Sarracenia minor,wfo-0001135353,wfo-0001135353,Sarraceniaceae,Sarracenia,species,accepted,accepted,exact_accepted,exact_accepted_unique,1,1,1,WFO_offline_hierarchical,2026-06-24,3112
Sarracenia oreophila,sarracenia oreophila,sarracenia oreophila,Sarracenia oreophila,wfo-0001135354,wfo-0001135354,Sarraceniaceae,Sarracenia,species,accepted,accepted,exact_accepted,exact_accepted_unique,1,1,1,WFO_offline_hierarchical,2026-06-24,3113
Sarracenia psittacina,sarracenia psittacina,sarracenia psittacina,Sarracenia psittacina,wfo-0001135355,wfo-0001135355,Sarraceniaceae,Sarracenia,species,accepted,accepted,exact_accepted,exact_accepted_unique,1,1,1,WFO_offline_hierarchical,2026-06-24,3114
Sarracenia purpurea,sarracenia purpurea,sarracenia purpurea,Sarracenia purpurea,wfo-0000493544,wfo-0000493544,Sarraceniaceae,Sarracenia,species,accepted,accepted,exact_accepted,exact_accepted_unique,1,1,1,WFO_offline_hierarchical,2026-06-24,3115
Sarracenia rubra,sarracenia rubra,sarracenia rubra,Sarracenia rubra,wfo-0001135357,wfo-0001135357,Sarraceniaceae,Sarracenia,species,accepted,accepted,exact_accepted,exact_accepted_unique,1,1,1,WFO_offline_hierarchical,2026-06-24,3116
Sarracenia alabamensis,sarracenia alabamensis,sarracenia alabamensis,Sarracenia alabamensis,wfo-0001135365,wfo-0001135365,Sarraceniaceae,Sarracenia,species,accepted,accepted,exact_accepted,exact_accepted_unique,1,1,1,WFO_offline_hierarchical,2026-06-24,3117
Sarracenia jonesii,sarracenia jonesii,sarracenia jonesii,Sarracenia jonesii,wfo-0001135364,wfo-0001135364,Sarraceniaceae,Sarracenia,species,accepted,accepted,exact_accepted,exact_accepted_unique,1,1,1,WFO_offline_hierarchical,2026-06-24,3118
Phlebodium aureum,phlebodium aureum,phlebodium aureum,Phlebodium aureum,wfo-0001109224,wfo-0001109224,Polypodiaceae,Phlebodium,species,accepted,accepted,exact_accepted,exact_accepted_unique,1,1,1,WFO_offline_hierarchical,2026-06-24,3119
Phlebodium decumanum,phlebodium decumanum,phlebodium decumanum,Phlebodium decumanum,wfo-0001109225,wfo-0001109225,Polypodiaceae,Phlebodium,species,accepted,accepted,exact_accepted,exact_accepted_unique,1,1,1,WFO_offline_hierarchical,2026-06-24,3120
Bergenia crassifolia,bergenia crassifolia,bergenia crassifolia,Bergenia crassifolia,wfo-0000564227,wfo-0000564227,Saxifragaceae,Bergenia,species,accepted,accepted,exact_accepted,exact_accepted_unique,1,1,1,WFO_offline_hierarchical,2026-06-24,3121
Parnassia grandifolia,parnassia grandifolia,parnassia grandifolia,Parnassia grandifolia,wfo-0001135400,wfo-0001135400,Celastraceae,Parnassia,species,accepted,accepted,exact_accepted,exact_accepted_unique,1,1,1,WFO_offline_hierarchical,2026-06-24,3122
Haematoxylum campechianum,haematoxylum campechianum,haematoxylum campechianum,Haematoxylum campechianum,wfo-0000168536,wfo-0000168536,Fabaceae,Haematoxylum,species,accepted,accepted,exact_accepted,exact_accepted_unique,1,1,1,WFO_offline_hierarchical,2026-06-24,3123
Diplusodon astictus,diplusodon astictus,diplusodon astictus,Diplusodon astictus,wfo-0000650583,wfo-0000650583,Lythraceae,Diplusodon,species,accepted,accepted,exact_accepted,exact_accepted_unique,1,1,1,WFO_offline_hierarchical,2026-06-24,3124
Asplenium viride,asplenium viride,asplenium viride,Asplenium viride,wfo-0000161624,wfo-0000161624;wfo-0001109866,Aspleniaceae,Asplenium,species,accepted,accepted,exact_accepted,exact_accepted_consensus_multiple_ids,2,2,1,WFO_offline_hierarchical,2026-06-24,3125
Asplenium trichomanes-ramosum,asplenium trichomanes-ramosum,asplenium trichomanes-ramosum,Asplenium viride,wfo-0000161624,wfo-0000161624,Aspleniaceae,Asplenium,species,synonym,synonym,exact_synonym,exact_synonym_unique,1,1,1,WFO_offline_hierarchical,2026-06-24,3126
Acer glabrum,acer glabrum,acer glabrum,Acer glabrum,wfo-0000514267,wfo-0000514267;wfo-0001078668,Sapindaceae,Acer,species,accepted,accepted,exact_accepted,exact_accepted_consensus_multiple_ids,2,2,1,WFO_offline_hierarchical,2026-06-24,3127
Hypericum androsaemum,hypericum androsaemum,hypericum androsaemum,Hypericum androsaemum,wfo-0000727341,wfo-0000727341,Hypericaceae,Hypericum,species,accepted,accepted,exact_accepted,exact_accepted_unique,1,1,1,WFO_offline_hierarchical,2026-06-24,3128
Pyrola chlorantha,pyrola chlorantha,pyrola chlorantha,Pyrola chlorantha,wfo-0000396274,wfo-0000396274,Ericaceae,Pyrola,species,accepted,accepted,exact_accepted,exact_accepted_unique,1,1,1,WFO_offline_hierarchical,2026-06-24,3129
Licania apetala,licania apetala,licania apetala,Leptobalanus apetalus,wfo-0001354198,wfo-0001354198,Chrysobalanaceae,Leptobalanus,species,synonym,synonym,exact_synonym,exact_synonym_unique,1,1,1,WFO_offline_hierarchical,2026-06-24,3130
Fallopia cilinode,fallopia cilinode,fallopia cilinode,NA,NA,NA,NA,NA,NA,NA,unresolved,unresolved,no_match,0,0,0,NA,2026-06-24,3131
Fallopia convolvulus,fallopia convolvulus,fallopia convolvulus,Fallopia convolvulus,wfo-0000685786,wfo-0000685786,Polygonaceae,Fallopia,species,accepted,accepted,exact_accepted,exact_accepted_unique,1,1,1,WFO_offline_hierarchical,2026-06-24,3132
Fallopia dumetorum,fallopia dumetorum,fallopia dumetorum,Fallopia dumetorum,wfo-0000685794,wfo-0000685794,Polygonaceae,Fallopia,species,accepted,accepted,exact_accepted,exact_accepted_unique,1,1,1,WFO_offline_hierarchical,2026-06-24,3133
Fallopia scandens,fallopia scandens,fallopia scandens,Fallopia scandens,wfo-0000685812,wfo-0000685812,Polygonaceae,Fallopia,species,accepted,accepted,exact_accepted,exact_accepted_unique,1,1,1,WFO_offline_hierarchical,2026-06-24,3134
Eucalyptus consideniana,eucalyptus consideniana,eucalyptus consideniana,Eucalyptus consideniana,wfo-0000954699,wfo-0000954699,Myrtaceae,Eucalyptus,species,accepted,accepted,exact_accepted,exact_accepted_unique,1,1,1,WFO_offline_hierarchical,2026-06-24,3135
Rosa damascena,rosa damascena,rosa damascena,Rosa damascena,wfo-0001014673,wfo-0001014673,Rosaceae,Rosa,species,accepted,accepted,exact_accepted,exact_accepted_unique,1,1,1,WFO_offline_hierarchical,2026-06-24,3136
Rosa gallica,rosa gallica,rosa gallica,Rosa gallica,wfo-0000983164,wfo-0000983164,Rosaceae,Rosa,species,accepted,accepted,exact_accepted,exact_accepted_unique,1,1,1,WFO_offline_hierarchical,2026-06-24,3137
Erythroxylum ulei,erythroxylum ulei,erythroxylum ulei,Erythroxylum ulei,wfo-0000680156,wfo-0000680156,Erythroxylaceae,Erythroxylum,species,accepted,accepted,exact_accepted,exact_accepted_unique,1,1,1,WFO_offline_hierarchical,2026-06-24,3138
Stevia rebaudiana,stevia rebaudiana,stevia rebaudiana,Stevia rebaudiana,wfo-0000003546,wfo-0000003546,Asteraceae,Stevia,species,accepted,accepted,exact_accepted,exact_accepted_unique,1,1,1,WFO_offline_hierarchical,2026-06-24,3139
Stevia suaveolens,stevia suaveolens,stevia suaveolens,Stevia suaveolens,wfo-0000020314,wfo-0000020314,Asteraceae,Stevia,species,accepted,accepted,exact_accepted,exact_accepted_unique,1,1,1,WFO_offline_hierarchical,2026-06-24,3140
Artabotrys odoratissimus,artabotrys odoratissimus,artabotrys odoratissimus,NA,NA,NA,NA,NA,NA,NA,unresolved,exact_conflict,exact_synonym_conflict,3,2,2,NA,2026-06-24,3141
Crossopteryx febrifuga,crossopteryx febrifuga,crossopteryx febrifuga,Crossopteryx febrifuga,wfo-0000927185,wfo-0000927185,Rubiaceae,Crossopteryx,species,accepted,accepted,exact_accepted,exact_accepted_unique,1,1,1,WFO_offline_hierarchical,2026-06-24,3142
Persicaria muricata,persicaria muricata,persicaria muricata,Polygonum muricatum,wfo-0001245700,wfo-0001245700,Polygonaceae,Polygonum,species,synonym,synonym,exact_synonym,exact_synonym_unique,1,1,1,WFO_offline_hierarchical,2026-06-24,3143
Illicium difengpi,illicium difengpi,illicium difengpi,Illicium difengpi,wfo-0000730081,wfo-0000730081,Schisandraceae,Illicium,species,accepted,accepted,exact_accepted,exact_accepted_unique,1,1,1,WFO_offline_hierarchical,2026-06-24,3144
Parinari,parinari,parinari,Parinari,wfo-4000028205,wfo-4000028205,Chrysobalanaceae,Parinari,genus,accepted,accepted,exact_accepted,exact_accepted_unique,1,1,1,WFO_offline_hierarchical,2026-06-24,3145
Parinari anamensis,parinari anamensis,parinari anamensis,Parinari anamensis,wfo-0000817702,wfo-0000817702,Chrysobalanaceae,Parinari,species,accepted,accepted,exact_accepted,exact_accepted_unique,1,1,1,WFO_offline_hierarchical,2026-06-24,3146
Parinari brasiliensis,parinari brasiliensis,parinari brasiliensis,Parinari brasiliensis,wfo-0000817666,wfo-0000817666,Chrysobalanaceae,Parinari,species,accepted,accepted,exact_accepted,exact_accepted_unique,1,1,1,WFO_offline_hierarchical,2026-06-24,3147
Parinari campestris,parinari campestris,parinari campestris,Parinari campestris,wfo-0000817668,wfo-0000817668,Chrysobalanaceae,Parinari,species,accepted,accepted,exact_accepted,exact_accepted_unique,1,1,1,WFO_offline_hierarchical,2026-06-24,3148
Parinari chocoensis,parinari chocoensis,parinari chocoensis,Parinari chocoensis,wfo-0000817889,wfo-0000817889,Chrysobalanaceae,Parinari,species,accepted,accepted,exact_accepted,exact_accepted_unique,1,1,1,WFO_offline_hierarchical,2026-06-24,3149
Parinari congensis,parinari congensis,parinari congensis,Parinari congensis,wfo-0000817673,wfo-0000817673,Chrysobalanaceae,Parinari,species,accepted,accepted,exact_accepted,exact_accepted_unique,1,1,1,WFO_offline_hierarchical,2026-06-24,3150
Parinari congolana,parinari congolana,parinari congolana,Parinari congolana,wfo-0000817674,wfo-0000817674,Chrysobalanaceae,Parinari,species,accepted,accepted,exact_accepted,exact_accepted_unique,1,1,1,WFO_offline_hierarchical,2026-06-24,3151
Parinari costata,parinari costata,parinari costata,Parinari costata,wfo-0000817680,wfo-0000817680,Chrysobalanaceae,Parinari,species,accepted,accepted,exact_accepted,exact_accepted_unique,1,1,1,WFO_offline_hierarchical,2026-06-24,3152
Parinari curatellifolia,parinari curatellifolia,parinari curatellifolia,Parinari curatellifolia,wfo-0000817683,wfo-0000817683,Chrysobalanaceae,Parinari,species,accepted,accepted,exact_accepted,exact_accepted_unique,1,1,1,WFO_offline_hierarchical,2026-06-24,3153
Parinari excelsa,parinari excelsa,parinari excelsa,Parinari excelsa,wfo-0000817744,wfo-0000817744,Chrysobalanaceae,Parinari,species,accepted,accepted,exact_accepted,exact_accepted_unique,1,1,1,WFO_offline_hierarchical,2026-06-24,3154
Parinari insularum,parinari insularum,parinari insularum,Parinari insularum,wfo-0000818029,wfo-0000818029,Chrysobalanaceae,Parinari,species,accepted,accepted,exact_accepted,exact_accepted_unique,1,1,1,WFO_offline_hierarchical,2026-06-24,3155
Parinari klugii,parinari klugii,parinari klugii,Parinari klugii,wfo-0000817883,wfo-0000817883,Chrysobalanaceae,Parinari,species,accepted,accepted,exact_accepted,exact_accepted_unique,1,1,1,WFO_offline_hierarchical,2026-06-24,3156
Parinari littoralis,parinari littoralis,parinari littoralis,Parinari littoralis,wfo-0000817882,wfo-0000817882,Chrysobalanaceae,Parinari,species,accepted,accepted,exact_accepted,exact_accepted_unique,1,1,1,WFO_offline_hierarchical,2026-06-24,3157
Parinari maguirei,parinari maguirei,parinari maguirei,Parinari maguirei,wfo-0000817881,wfo-0000817881,Chrysobalanaceae,Parinari,species,accepted,accepted,exact_accepted,exact_accepted_unique,1,1,1,WFO_offline_hierarchical,2026-06-24,3158
Parinari montana,parinari montana,parinari montana,Parinari montana,wfo-0000817750,wfo-0000817750,Chrysobalanaceae,Parinari,species,accepted,accepted,exact_accepted,exact_accepted_unique,1,1,1,WFO_offline_hierarchical,2026-06-24,3159
Parinari nonda,parinari nonda,parinari nonda,Parinari nonda,wfo-0000817756,wfo-0000817756,Chrysobalanaceae,Parinari,species,accepted,accepted,exact_accepted,exact_accepted_unique,1,1,1,WFO_offline_hierarchical,2026-06-24,3160
Parinari oblongifolia,parinari oblongifolia,parinari oblongifolia,Parinari oblongifolia,wfo-0000817758,wfo-0000817758,Chrysobalanaceae,Parinari,species,accepted,accepted,exact_accepted,exact_accepted_unique,1,1,1,WFO_offline_hierarchical,2026-06-24,3161
Parinari occidentalis,parinari occidentalis,parinari occidentalis,Parinari occidentalis,wfo-0000817878,wfo-0000817878,Chrysobalanaceae,Parinari,species,accepted,accepted,exact_accepted,exact_accepted_unique,1,1,1,WFO_offline_hierarchical,2026-06-24,3162
Parinari pachyphylla,parinari pachyphylla,parinari pachyphylla,Parinari pachyphylla,wfo-0000817715,wfo-0000817715,Chrysobalanaceae,Parinari,species,accepted,accepted,exact_accepted,exact_accepted_unique,1,1,1,WFO_offline_hierarchical,2026-06-24,3163
Parinari parvifolia,parinari parvifolia,parinari parvifolia,Parinari parvifolia,wfo-0000817860,wfo-0000817860,Chrysobalanaceae,Parinari,species,accepted,accepted,exact_accepted,exact_accepted_unique,1,1,1,WFO_offline_hierarchical,2026-06-24,3164
Parinari rodolphii,parinari rodolphii,parinari rodolphii,NA,NA,NA,NA,NA,NA,NA,unresolved,unresolved,no_match,0,0,0,NA,2026-06-24,3165
Parinari sprucei,parinari sprucei,parinari sprucei,Parinari sprucei,wfo-0000818046,wfo-0000818046,Chrysobalanaceae,Parinari,species,accepted,accepted,exact_accepted,exact_accepted_unique,1,1,1,WFO_offline_hierarchical,2026-06-24,3166
Parinari sumatrana,parinari sumatrana,parinari sumatrana,Parinari sumatrana,wfo-0000818062,wfo-0000818062,Chrysobalanaceae,Parinari,species,accepted,accepted,exact_accepted,exact_accepted_unique,1,1,1,WFO_offline_hierarchical,2026-06-24,3167
Euphorbia maculata,euphorbia maculata,euphorbia maculata,Euphorbia maculata,wfo-0000963182,wfo-0000963182,Euphorbiaceae,Euphorbia,species,accepted,accepted,exact_accepted,exact_accepted_unique,1,1,1,WFO_offline_hierarchical,2026-06-24,3168
Euphorbia nutans,euphorbia nutans,euphorbia nutans,Euphorbia nutans,wfo-0000963628,wfo-0000963628,Euphorbiaceae,Euphorbia,species,accepted,accepted,exact_accepted,exact_accepted_unique,1,1,1,WFO_offline_hierarchical,2026-06-24,3169
Betula humilis,betula humilis,betula humilis,Betula humilis,wfo-0000333388,wfo-0000333388,Betulaceae,Betula,species,accepted,accepted,exact_accepted,exact_accepted_unique,1,1,1,WFO_offline_hierarchical,2026-06-24,3170
Sideroxylon inerme,sideroxylon inerme,sideroxylon inerme,Sideroxylon inerme,wfo-0000310772,wfo-0000310772,Sapotaceae,Sideroxylon,species,accepted,accepted,exact_accepted,exact_accepted_unique,1,1,1,WFO_offline_hierarchical,2026-06-24,3171
Nymphaea marliacea,nymphaea marliacea,nymphaea marliacea,NA,NA,NA,NA,NA,NA,NA,unresolved,unresolved,no_match,0,0,0,NA,2026-06-24,3172
Indigofera microcarpa,indigofera microcarpa,indigofera microcarpa,Indigofera microcarpa,wfo-0000193683,wfo-0000193683,Fabaceae,Indigofera,species,accepted,accepted,exact_accepted,exact_accepted_unique,1,1,1,WFO_offline_hierarchical,2026-06-24,3173
Ledebouria floribunda,ledebouria floribunda,ledebouria floribunda,Ledebouria floribunda,wfo-0000686569,wfo-0000686569,Asparagaceae,Ledebouria,species,accepted,accepted,exact_accepted,exact_accepted_unique,1,1,1,WFO_offline_hierarchical,2026-06-24,3174
Schinus molle,schinus molle,schinus molle,Schinus molle,wfo-0000435157,wfo-0000435157,Anacardiaceae,Schinus,species,accepted,accepted,exact_accepted,exact_accepted_unique,1,1,1,WFO_offline_hierarchical,2026-06-24,3175
Lepidosperma,lepidosperma,lepidosperma,Lepidosperma,wfo-4000021135,wfo-4000021135,Cyperaceae,Lepidosperma,genus,accepted,accepted,exact_accepted,exact_accepted_unique,1,1,1,WFO_offline_hierarchical,2026-06-24,3176
Xanthorrhoea johnsonii,xanthorrhoea johnsonii,xanthorrhoea johnsonii,Xanthorrhoea johnsonii,wfo-0000751962,wfo-0000751962,Asphodelaceae,Xanthorrhoea,species,accepted,accepted,exact_accepted,exact_accepted_unique,1,1,1,WFO_offline_hierarchical,2026-06-24,3177
Xanthorrhoea latifolia,xanthorrhoea latifolia,xanthorrhoea latifolia,Xanthorrhoea latifolia,wfo-0000751970,wfo-0000751970,Asphodelaceae,Xanthorrhoea,species,accepted,accepted,exact_accepted,exact_accepted_unique,1,1,1,WFO_offline_hierarchical,2026-06-24,3178
Bauhinia retusa,bauhinia retusa,bauhinia retusa,NA,NA,NA,NA,NA,NA,NA,unresolved,exact_conflict,exact_synonym_conflict,3,2,2,NA,2026-06-24,3179
Bauhinia roxburghiana,bauhinia roxburghiana,bauhinia roxburghiana,Phanera roxburghiana,wfo-1000003003,wfo-1000003003,Fabaceae,Phanera,species,synonym,synonym,exact_synonym,exact_synonym_unique,1,1,1,WFO_offline_hierarchical,2026-06-24,3180
Dalbergia melanoxylon,dalbergia melanoxylon,dalbergia melanoxylon,Dalbergia melanoxylon,wfo-0000172325,wfo-0000172325,Fabaceae,Dalbergia,species,accepted,accepted,exact_accepted,exact_accepted_unique,1,1,1,WFO_offline_hierarchical,2026-06-24,3181
Aglaomorpha quercifolia,aglaomorpha quercifolia,aglaomorpha quercifolia,Drynaria quercifolia,wfo-0001115919,wfo-0001115919,Polypodiaceae,Drynaria,species,synonym,synonym,exact_synonym,exact_synonym_unique,1,1,1,WFO_offline_hierarchical,2026-06-24,3182
Origanum majoricum,origanum majoricum,origanum majoricum,NA,NA,NA,NA,NA,NA,NA,unresolved,unresolved,no_match,0,0,0,NA,2026-06-24,3183
Onopordum illyricum,onopordum illyricum,onopordum illyricum,Onopordum illyricum,wfo-0000061670,wfo-0000061670,Asteraceae,Onopordum,species,accepted,accepted,exact_accepted,exact_accepted_unique,1,1,1,WFO_offline_hierarchical,2026-06-24,3184
Brosimum lactescens,brosimum lactescens,brosimum lactescens,Brosimum lactescens,wfo-0000572414,wfo-0000572414,Moraceae,Brosimum,species,accepted,accepted,exact_accepted,exact_accepted_unique,1,1,1,WFO_offline_hierarchical,2026-06-24,3185
Apuleia leiocarpa,apuleia leiocarpa,apuleia leiocarpa,Apuleia leiocarpa,wfo-0000186778,wfo-0000186778,Fabaceae,Apuleia,species,accepted,accepted,exact_accepted,exact_accepted_unique,1,1,1,WFO_offline_hierarchical,2026-06-24,3186
Calopogonium,calopogonium,calopogonium,Calopogonium,wfo-4000006176,wfo-4000006176,Fabaceae,Calopogonium,genus,accepted,accepted,exact_accepted,exact_accepted_unique,1,1,1,WFO_offline_hierarchical,2026-06-24,3187
Iresine angustifolia,iresine angustifolia,iresine angustifolia,Iresine angustifolia,wfo-0000732125,wfo-0000732125,Amaranthaceae,Iresine,species,accepted,accepted,exact_accepted,exact_accepted_unique,1,1,1,WFO_offline_hierarchical,2026-06-24,3188
Iresine diffusa,iresine diffusa,iresine diffusa,Iresine diffusa,wfo-0000732153,wfo-0000732153,Amaranthaceae,Iresine,species,accepted,accepted,exact_accepted,exact_accepted_unique,1,1,1,WFO_offline_hierarchical,2026-06-24,3189
Iris bungei,iris bungei,iris bungei,Iris bungei,wfo-0000783170,wfo-0000783170,Iridaceae,Iris,species,accepted,accepted,exact_accepted,exact_accepted_unique,1,1,1,WFO_offline_hierarchical,2026-06-24,3190
Celosia argentea,celosia argentea,celosia argentea,Celosia argentea,wfo-0000593019,wfo-0000593019,Amaranthaceae,Celosia,species,accepted,accepted,exact_accepted,exact_accepted_unique,1,1,1,WFO_offline_hierarchical,2026-06-24,3191
Cynara humilis,cynara humilis,cynara humilis,Cynara humilis,wfo-0000068562,wfo-0000068562,Asteraceae,Cynara,species,accepted,accepted,exact_accepted,exact_accepted_unique,1,1,1,WFO_offline_hierarchical,2026-06-24,3192
Artocarpus reticulatus,artocarpus reticulatus,artocarpus reticulatus,Artocarpus reticulatus,wfo-0000550586,wfo-0000550586,Moraceae,Artocarpus,species,accepted,accepted,exact_accepted,exact_accepted_unique,1,1,1,WFO_offline_hierarchical,2026-06-24,3193
Senecio canchahuinganquensis,senecio canchahuinganquensis,senecio canchahuinganquensis,Senecio canchahuinganquensis,wfo-0000024717,wfo-0000024717,Asteraceae,Senecio,species,accepted,accepted,exact_accepted,exact_accepted_unique,1,1,1,WFO_offline_hierarchical,2026-06-24,3194
Glycyrrhiza astragalina,glycyrrhiza astragalina,glycyrrhiza astragalina,Glycyrrhiza astragalina,wfo-0000170581,wfo-0000170581,Fabaceae,Glycyrrhiza,species,accepted,accepted,exact_accepted,exact_accepted_unique,1,1,1,WFO_offline_hierarchical,2026-06-24,3195
Dodonaea viscosa,dodonaea viscosa,dodonaea viscosa,Dodonaea viscosa,wfo-0000653170,wfo-0000653170,Sapindaceae,Dodonaea,species,accepted,accepted,exact_accepted,exact_accepted_unique,1,1,1,WFO_offline_hierarchical,2026-06-24,3196
Helichrysum formosissimum,helichrysum formosissimum,helichrysum formosissimum,Helichrysum formosissimum,wfo-0000109302,wfo-0000109302,Asteraceae,Helichrysum,species,accepted,accepted,exact_accepted,exact_accepted_unique,1,1,1,WFO_offline_hierarchical,2026-06-24,3197
Eremophila flaccida,eremophila flaccida,eremophila flaccida,Eremophila flaccida,wfo-0000507151,wfo-0000507151,Scrophulariaceae,Eremophila,species,accepted,accepted,exact_accepted,exact_accepted_unique,1,1,1,WFO_offline_hierarchical,2026-06-24,3198
Cassinia arcuata,cassinia arcuata,cassinia arcuata,Cassinia arcuata,wfo-0000067092,wfo-0000067092,Asteraceae,Cassinia,species,accepted,accepted,exact_accepted,exact_accepted_unique,1,1,1,WFO_offline_hierarchical,2026-06-24,3199
Cassinia quinquefaria,cassinia quinquefaria,cassinia quinquefaria,Cassinia quinquefaria,wfo-0000023375,wfo-0000023375,Asteraceae,Cassinia,species,accepted,accepted,exact_accepted,exact_accepted_unique,1,1,1,WFO_offline_hierarchical,2026-06-24,3200
Alnus maximowiczii,alnus maximowiczii,alnus maximowiczii,Alnus maximowiczii,wfo-0000946792,wfo-0000946792,Betulaceae,Alnus,species,accepted,accepted,exact_accepted,exact_accepted_unique,1,1,1,WFO_offline_hierarchical,2026-06-24,3201
Baccharis aliena,baccharis aliena,baccharis aliena,Baccharis aliena,wfo-0000001085,wfo-0000001085,Asteraceae,Baccharis,species,accepted,accepted,exact_accepted,exact_accepted_unique,1,1,1,WFO_offline_hierarchical,2026-06-24,3202
Dysphania graveolens,dysphania graveolens,dysphania graveolens,Chenopodium incisum,wfo-0000601414,wfo-0000601414,Amaranthaceae,Chenopodium,species,synonym,synonym,exact_synonym,exact_synonym_unique,1,1,1,WFO_offline_hierarchical,2026-06-24,3203
Combretum apiculatum,combretum apiculatum,combretum apiculatum,Combretum apiculatum,wfo-0000616083,wfo-0000616083,Combretaceae,Combretum,species,accepted,accepted,exact_accepted,exact_accepted_unique,1,1,1,WFO_offline_hierarchical,2026-06-24,3204
Cryptocarya strictifolia,cryptocarya strictifolia,cryptocarya strictifolia,Cryptocarya strictifolia,wfo-0000628212,wfo-0000628212,Lauraceae,Cryptocarya,species,accepted,accepted,exact_accepted,exact_accepted_unique,1,1,1,WFO_offline_hierarchical,2026-06-24,3205
Ratibida columnifera,ratibida columnifera,ratibida columnifera,Ratibida columnifera,wfo-0000083837,wfo-0000083837,Asteraceae,Ratibida,species,accepted,accepted,exact_accepted,exact_accepted_unique,1,1,1,WFO_offline_hierarchical,2026-06-24,3206
Chenopodium vulvaria,chenopodium vulvaria,chenopodium vulvaria,Chenopodium vulvaria,wfo-0000601914,wfo-0000601914,Amaranthaceae,Chenopodium,species,accepted,accepted,exact_accepted,exact_accepted_unique,1,1,1,WFO_offline_hierarchical,2026-06-24,3207
Helichrysum zeyheri,helichrysum zeyheri,helichrysum zeyheri,Helichrysum zeyheri,wfo-0000059588,wfo-0000059588,Asteraceae,Helichrysum,species,accepted,accepted,exact_accepted,exact_accepted_unique,1,1,1,WFO_offline_hierarchical,2026-06-24,3208
Dolichlasium lagascae,dolichlasium lagascae,dolichlasium lagascae,Dolichlasium lagascae,wfo-0000069936,wfo-0000069936,Asteraceae,Dolichlasium,species,accepted,accepted,exact_accepted,exact_accepted_unique,1,1,1,WFO_offline_hierarchical,2026-06-24,3209
Lophopappus tarapacanus,lophopappus tarapacanus,lophopappus tarapacanus,Lophopappus tarapacanus,wfo-0000089159,wfo-0000089159,Asteraceae,Lophopappus,species,accepted,accepted,exact_accepted,exact_accepted_unique,1,1,1,WFO_offline_hierarchical,2026-06-24,3210
Flourensia,flourensia,flourensia,Flourensia,wfo-4000014876,wfo-4000014876,Asteraceae,Flourensia,genus,accepted,accepted,exact_accepted,exact_accepted_unique,1,1,1,WFO_offline_hierarchical,2026-06-24,3211
Flourensia ilicifolia,flourensia ilicifolia,flourensia ilicifolia,Flourensia ilicifolia,wfo-0000008946,wfo-0000008946,Asteraceae,Flourensia,species,accepted,accepted,exact_accepted,exact_accepted_unique,1,1,1,WFO_offline_hierarchical,2026-06-24,3212
Pterocaulon serrulatum,pterocaulon serrulatum,pterocaulon serrulatum,Pterocaulon serrulatum,wfo-0000074834,wfo-0000074834,Asteraceae,Pterocaulon,species,accepted,accepted,exact_accepted,exact_accepted_unique,1,1,1,WFO_offline_hierarchical,2026-06-24,3213
Goniothalamus borneensis,goniothalamus borneensis,goniothalamus borneensis,Goniothalamus borneensis,wfo-0000706435,wfo-0000706435,Annonaceae,Goniothalamus,species,accepted,accepted,exact_accepted,exact_accepted_unique,1,1,1,WFO_offline_hierarchical,2026-06-24,3214
Lychnophora markgravii,lychnophora markgravii,lychnophora markgravii,Lychnophora markgravii,wfo-0000009680,wfo-0000009680,Asteraceae,Lychnophora,species,accepted,accepted,exact_accepted,exact_accepted_unique,1,1,1,WFO_offline_hierarchical,2026-06-24,3215
Pseudognaphalium robustum,pseudognaphalium robustum,pseudognaphalium robustum,Gnaphalium robustum,wfo-0000091138,wfo-0000091138,Asteraceae,Gnaphalium,species,synonym,synonym,exact_synonym,exact_synonym_unique,1,1,1,WFO_offline_hierarchical,2026-06-24,3216
Piper lanceaefolium,piper lanceaefolium,piper lanceaefolium,NA,NA,NA,NA,NA,NA,NA,unresolved,unresolved,no_match,0,0,0,NA,2026-06-24,3217
Stellaria dichotoma,stellaria dichotoma,stellaria dichotoma,Stellaria dichotoma,wfo-0000436256,wfo-0000436256,Caryophyllaceae,Stellaria,species,accepted,accepted,exact_accepted,exact_accepted_unique,1,1,1,WFO_offline_hierarchical,2026-06-24,3218
Turnera diffusa,turnera diffusa,turnera diffusa,Turnera diffusa,wfo-0001143048,wfo-0001143048,Passifloraceae,Turnera,species,accepted,accepted,exact_accepted,exact_accepted_unique,1,1,1,WFO_offline_hierarchical,2026-06-24,3219
Phonus arborescens,phonus arborescens,phonus arborescens,Phonus arborescens,wfo-0000032213,wfo-0000032213,Asteraceae,Phonus,species,accepted,accepted,exact_accepted,exact_accepted_unique,1,1,1,WFO_offline_hierarchical,2026-06-24,3220
Goniothalamus griffithii,goniothalamus griffithii,goniothalamus griffithii,Goniothalamus griffithii,wfo-0000706491,wfo-0000706491,Annonaceae,Goniothalamus,species,accepted,accepted,exact_accepted,exact_accepted_unique,1,1,1,WFO_offline_hierarchical,2026-06-24,3221
Helichrysum trilineatum,helichrysum trilineatum,helichrysum trilineatum,Helichrysum trilineatum,wfo-0000035459,wfo-0000035459,Asteraceae,Helichrysum,species,accepted,accepted,exact_accepted,exact_accepted_unique,1,1,1,WFO_offline_hierarchical,2026-06-24,3222
Litsea glaucescens,litsea glaucescens,litsea glaucescens,Litsea glaucescens,wfo-0000365712,wfo-0000365712,Lauraceae,Litsea,species,accepted,accepted,exact_accepted,exact_accepted_unique,1,1,1,WFO_offline_hierarchical,2026-06-24,3223
Cleome droserifolia,cleome droserifolia,cleome droserifolia,Cleome droserifolia,wfo-0000611246,wfo-0000611246,Capparaceae,Cleome,species,accepted,accepted,exact_accepted,exact_accepted_unique,1,1,1,WFO_offline_hierarchical,2026-06-24,3224
Dennstaedtia zeylanica ex,dennstaedtia zeylanica ex,dennstaedtia zeylanica,Sitobolium zeylanicum,wfo-1000044503,wfo-1000044503,Dennstaedtiaceae,Sitobolium,species,synonym,synonym,canonical,canonical_unique,1,1,1,WFO_offline_hierarchical,2026-06-24,3225
Monticalia vaccinioides,monticalia vaccinioides,monticalia vaccinioides,Pentacalia vaccinioides,wfo-0000117662,wfo-0000117662,Asteraceae,Pentacalia,species,synonym,synonym,exact_synonym,exact_synonym_unique,1,1,1,WFO_offline_hierarchical,2026-06-24,3226
Baccharis vaccinioides,baccharis vaccinioides,baccharis vaccinioides,Baccharis pseudovaccinioides,wfo-0000003046,wfo-0000003046,Asteraceae,Baccharis,species,synonym,synonym,exact_synonym,exact_synonym_unique,1,1,1,WFO_offline_hierarchical,2026-06-24,3227
Pinus jeffreyi,pinus jeffreyi,pinus jeffreyi,Pinus jeffreyi,wfo-0000481099,wfo-0000481099,Pinaceae,Pinus,species,accepted,accepted,exact_accepted,exact_accepted_unique,1,1,1,WFO_offline_hierarchical,2026-06-24,3228
Pinus montana,pinus montana,pinus montana,NA,NA,NA,NA,NA,NA,NA,unresolved,exact_conflict,exact_synonym_conflict,4,3,3,NA,2026-06-24,3229
Pinus mugo,pinus mugo,pinus mugo,Pinus mugo,wfo-0000481789,wfo-0000481789,Pinaceae,Pinus,species,accepted,accepted,exact_accepted,exact_accepted_unique,1,1,1,WFO_offline_hierarchical,2026-06-24,3230
Pinus wallichiana,pinus wallichiana,pinus wallichiana,Pinus wallichiana,wfo-0000481612,wfo-0000481612,Pinaceae,Pinus,species,accepted,accepted,exact_accepted,exact_accepted_unique,1,1,1,WFO_offline_hierarchical,2026-06-24,3231
Pinus aristata,pinus aristata,pinus aristata,Pinus aristata,wfo-0000482619,wfo-0000482619,Pinaceae,Pinus,species,accepted,accepted,exact_accepted,exact_accepted_unique,1,1,1,WFO_offline_hierarchical,2026-06-24,3232
Pinus banksiana,pinus banksiana,pinus banksiana,Pinus banksiana,wfo-0000482353,wfo-0000482353,Pinaceae,Pinus,species,accepted,accepted,exact_accepted,exact_accepted_unique,1,1,1,WFO_offline_hierarchical,2026-06-24,3233
Pinus pinaster,pinus pinaster,pinus pinaster,Pinus pinaster,wfo-0000481910,wfo-0000481910,Pinaceae,Pinus,species,accepted,accepted,exact_accepted,exact_accepted_unique,1,1,1,WFO_offline_hierarchical,2026-06-24,3234
Pinus pinea,pinus pinea,pinus pinea,Pinus pinea,wfo-0000481895,wfo-0000481895,Pinaceae,Pinus,species,accepted,accepted,exact_accepted,exact_accepted_unique,1,1,1,WFO_offline_hierarchical,2026-06-24,3235
Acacia constricta,acacia constricta,acacia constricta,Vachellia constricta,wfo-0001277423,wfo-0001277423,Fabaceae,Vachellia,species,synonym,synonym,exact_synonym,exact_synonym_unique,1,1,1,WFO_offline_hierarchical,2026-06-24,3236
Vachellia constricta,vachellia constricta,vachellia constricta,Vachellia constricta,wfo-0001277423,wfo-0001277423,Fabaceae,Vachellia,species,accepted,accepted,exact_accepted,exact_accepted_unique,1,1,1,WFO_offline_hierarchical,2026-06-24,3237
Ficus conraui,ficus conraui,ficus conraui,Ficus conraui,wfo-0000687901,wfo-0000687901,Moraceae,Ficus,species,accepted,accepted,exact_accepted,exact_accepted_unique,1,1,1,WFO_offline_hierarchical,2026-06-24,3238
Helichrysum sutherlandii,helichrysum sutherlandii,helichrysum sutherlandii,Helichrysum sutherlandii,wfo-0000015336,wfo-0000015336,Asteraceae,Helichrysum,species,accepted,accepted,exact_accepted,exact_accepted_unique,1,1,1,WFO_offline_hierarchical,2026-06-24,3239
Conioselinum anthriscoides,conioselinum anthriscoides,conioselinum anthriscoides,Conioselinum anthriscoides,wfo-0001342043,wfo-0001342043,Apiaceae,Conioselinum,species,accepted,accepted,exact_accepted,exact_accepted_unique,1,1,1,WFO_offline_hierarchical,2026-06-24,3240
Alphitonia excelsa,alphitonia excelsa,alphitonia excelsa,Alphitonia excelsa,wfo-0000527304,wfo-0000527304,Rhamnaceae,Alphitonia,species,accepted,accepted,exact_accepted,exact_accepted_unique,1,1,1,WFO_offline_hierarchical,2026-06-24,3241
Alphitonia petriei,alphitonia petriei,alphitonia petriei,Alphitonia petriei,wfo-0000527317,wfo-0000527317,Rhamnaceae,Alphitonia,species,accepted,accepted,exact_accepted,exact_accepted_unique,1,1,1,WFO_offline_hierarchical,2026-06-24,3242
Tephrosia obovata,tephrosia obovata,tephrosia obovata,Tephrosia obovata,wfo-0000185872,wfo-0000185872,Fabaceae,Tephrosia,species,accepted,accepted,exact_accepted,exact_accepted_unique,1,1,1,WFO_offline_hierarchical,2026-06-24,3243
Monteverdia rigida,monteverdia rigida,monteverdia rigida,Maytenus rigida,wfo-0001292537,wfo-0001292537,Celastraceae,Maytenus,species,synonym,synonym,exact_synonym,exact_synonym_unique,1,1,1,WFO_offline_hierarchical,2026-06-24,3244
Salacia oblonga,salacia oblonga,salacia oblonga,Salacia oblonga,wfo-1200025470,wfo-1200025470,Celastraceae,Salacia,species,accepted,accepted,exact_accepted,exact_accepted_unique,1,1,1,WFO_offline_hierarchical,2026-06-24,3245
Pterogyne nitens,pterogyne nitens,pterogyne nitens,Pterogyne nitens,wfo-0000170614,wfo-0000170614,Fabaceae,Pterogyne,species,accepted,accepted,exact_accepted,exact_accepted_unique,1,1,1,WFO_offline_hierarchical,2026-06-24,3246
Coreopsis douglasii,coreopsis douglasii,coreopsis douglasii,Coreopsis douglasii,wfo-0000045312,wfo-0000045312,Asteraceae,Coreopsis,species,accepted,accepted,exact_accepted,exact_accepted_unique,1,1,1,WFO_offline_hierarchical,2026-06-24,3247
Dahlia pinnata,dahlia pinnata,dahlia pinnata,Dahlia pinnata,wfo-0000064103,wfo-0000064103,Asteraceae,Dahlia,species,accepted,accepted,exact_accepted,exact_accepted_unique,1,1,1,WFO_offline_hierarchical,2026-06-24,3248
Dahlia variabilis,dahlia variabilis,dahlia variabilis,Dahlia pinnata,wfo-0000064103,wfo-0000064103,Asteraceae,Dahlia,species,synonym,synonym,exact_synonym,exact_synonym_unique,1,1,1,WFO_offline_hierarchical,2026-06-24,3249
Tephrosia abbottiae,tephrosia abbottiae,tephrosia abbottiae,Tephrosia abbottiae,wfo-0000164210,wfo-0000164210,Fabaceae,Tephrosia,species,accepted,accepted,exact_accepted,exact_accepted_unique,1,1,1,WFO_offline_hierarchical,2026-06-24,3250
Maclura,maclura,maclura,Maclura,wfo-4000022646,wfo-4000022646,Moraceae,Maclura,genus,accepted,accepted,exact_accepted,exact_accepted_unique,1,1,1,WFO_offline_hierarchical,2026-06-24,3251
Cudrania,cudrania,cudrania,Maclura,wfo-4000022646,wfo-4000022646,Moraceae,Maclura,genus,synonym,synonym,exact_synonym,exact_synonym_unique,1,1,1,WFO_offline_hierarchical,2026-06-24,3252
Microlepia marginata,microlepia marginata,microlepia marginata,Microlepia marginata,wfo-0001107360,wfo-0001107360,Dennstaedtiaceae,Microlepia,species,accepted,accepted,exact_accepted,exact_accepted_unique,1,1,1,WFO_offline_hierarchical,2026-06-24,3253
Primula pulverulenta,primula pulverulenta,primula pulverulenta,Primula pulverulenta,wfo-0001105481,wfo-0001105481,Primulaceae,Primula,species,accepted,accepted,exact_accepted,exact_accepted_unique,1,1,1,WFO_offline_hierarchical,2026-06-24,3254
Collinsonia canadensis,collinsonia canadensis,collinsonia canadensis,Collinsonia canadensis,wfo-0000916928,wfo-0000916928,Lamiaceae,Collinsonia,species,accepted,accepted,exact_accepted,exact_accepted_unique,1,1,1,WFO_offline_hierarchical,2026-06-24,3255
Vachellia luederitzii,vachellia luederitzii,vachellia luederitzii,Vachellia luederitzii,wfo-0001336861,wfo-0001336861,Fabaceae,Vachellia,species,accepted,accepted,exact_accepted,exact_accepted_unique,1,1,1,WFO_offline_hierarchical,2026-06-24,3256
Qualea paraensis,qualea paraensis,qualea paraensis,Qualea paraensis,wfo-0000733145,wfo-0000733145,Vochysiaceae,Qualea,species,accepted,accepted,exact_accepted,exact_accepted_unique,1,1,1,WFO_offline_hierarchical,2026-06-24,3257
Sparattosperma leucanthum,sparattosperma leucanthum,sparattosperma leucanthum,Sparattosperma leucanthum,wfo-0000779743,wfo-0000779743,Bignoniaceae,Sparattosperma,species,accepted,accepted,exact_accepted,exact_accepted_unique,1,1,1,WFO_offline_hierarchical,2026-06-24,3258
Calliandra inermis,calliandra inermis,calliandra inermis,Vachellia leucophloea var. leucophloea,wfo-0001427508,wfo-0001427508,Fabaceae,Vachellia,variety,synonym,synonym,exact_synonym,exact_synonym_unique,1,1,1,WFO_offline_hierarchical,2026-06-24,3259
Veratrum taliense,veratrum taliense,veratrum taliense,Veratrum taliense,wfo-0000751777,wfo-0000751777,Melanthiaceae,Veratrum,species,accepted,accepted,exact_accepted,exact_accepted_unique,1,1,1,WFO_offline_hierarchical,2026-06-24,3260
Nothofagus alpina,nothofagus alpina,nothofagus alpina,Nothofagus alpina,wfo-0000252103,wfo-0000252103,Nothofagaceae,Nothofagus,species,accepted,accepted,exact_accepted,exact_accepted_unique,1,1,1,WFO_offline_hierarchical,2026-06-24,3261
Eclipta alba,eclipta alba,eclipta alba,Eclipta prostrata,wfo-0000108811,wfo-0000108811,Asteraceae,Eclipta,species,synonym,synonym,exact_synonym,exact_synonym_unique,1,1,1,WFO_offline_hierarchical,2026-06-24,3262
Eclipta prostrata,eclipta prostrata,eclipta prostrata,Eclipta prostrata,wfo-0000108811,wfo-0000108811,Asteraceae,Eclipta,species,accepted,accepted,exact_accepted,exact_accepted_unique,1,1,1,WFO_offline_hierarchical,2026-06-24,3263
Sphagneticola calendulacea,sphagneticola calendulacea,sphagneticola calendulacea,Sphagneticola calendulacea,wfo-0000072506,wfo-0000072506,Asteraceae,Sphagneticola,species,accepted,accepted,exact_accepted,exact_accepted_unique,1,1,1,WFO_offline_hierarchical,2026-06-24,3264
Wedelia acapulcensis,wedelia acapulcensis,wedelia acapulcensis,Wedelia acapulcensis,wfo-0000020537,wfo-0000020537,Asteraceae,Wedelia,species,accepted,accepted,exact_accepted,exact_accepted_unique,1,1,1,WFO_offline_hierarchical,2026-06-24,3265
Wedelia,wedelia,wedelia,Wedelia,wfo-4000040574,wfo-4000040574,Asteraceae,Wedelia,genus,accepted,accepted,exact_accepted,exact_accepted_unique,1,1,1,WFO_offline_hierarchical,2026-06-24,3266
Cordia obliqua,cordia obliqua,cordia obliqua,NA,NA,NA,NA,NA,NA,NA,unresolved,exact_conflict,exact_synonym_conflict,3,3,3,NA,2026-06-24,3267
Rhododendron ponticum,rhododendron ponticum,rhododendron ponticum,Rhododendron ponticum,wfo-0000400178,wfo-0000400178,Ericaceae,Rhododendron,species,accepted,accepted,exact_accepted,exact_accepted_unique,1,1,1,WFO_offline_hierarchical,2026-06-24,3268
Lespedeza capitata,lespedeza capitata,lespedeza capitata,Lespedeza capitata,wfo-0000164446,wfo-0000164446,Fabaceae,Lespedeza,species,accepted,accepted,exact_accepted,exact_accepted_unique,1,1,1,WFO_offline_hierarchical,2026-06-24,3269
Plantago depressa,plantago depressa,plantago depressa,Plantago depressa,wfo-0000486802,wfo-0000486802,Plantaginaceae,Plantago,species,accepted,accepted,exact_accepted,exact_accepted_unique,1,1,1,WFO_offline_hierarchical,2026-06-24,3270
Spinacia oleracea,spinacia oleracea,spinacia oleracea,Spinacia oleracea,wfo-0000437543,wfo-0000437543,Amaranthaceae,Spinacia,species,accepted,accepted,exact_accepted,exact_accepted_unique,1,1,1,WFO_offline_hierarchical,2026-06-24,3271
Euphorbia polycaulis,euphorbia polycaulis,euphorbia polycaulis,Euphorbia polycaulis,wfo-0000964102,wfo-0000964102,Euphorbiaceae,Euphorbia,species,accepted,accepted,exact_accepted,exact_accepted_unique,1,1,1,WFO_offline_hierarchical,2026-06-24,3272
Rhynchosia densiflora,rhynchosia densiflora,rhynchosia densiflora,Rhynchosia densiflora,wfo-0000186167,wfo-0000186167,Fabaceae,Rhynchosia,species,accepted,accepted,exact_accepted,exact_accepted_unique,1,1,1,WFO_offline_hierarchical,2026-06-24,3273
Gleditsia japonica,gleditsia japonica,gleditsia japonica,Gleditsia japonica,wfo-0000185997,wfo-0000185997,Fabaceae,Gleditsia,species,accepted,accepted,exact_accepted,exact_accepted_unique,1,1,1,WFO_offline_hierarchical,2026-06-24,3274
Senegalia catechu,senegalia catechu,senegalia catechu,Senegalia catechu,wfo-0001284769,wfo-0001284769,Fabaceae,Senegalia,species,accepted,accepted,exact_accepted,exact_accepted_unique,1,1,1,WFO_offline_hierarchical,2026-06-24,3275
Microglossa pyrifolia,microglossa pyrifolia,microglossa pyrifolia,Microglossa pyrifolia,wfo-0000069777,wfo-0000069777,Asteraceae,Microglossa,species,accepted,accepted,exact_accepted,exact_accepted_unique,1,1,1,WFO_offline_hierarchical,2026-06-24,3276
Nothofagus fusca,nothofagus fusca,nothofagus fusca,Nothofagus fusca,wfo-0000252131,wfo-0000252131,Nothofagaceae,Nothofagus,species,accepted,accepted,exact_accepted,exact_accepted_unique,1,1,1,WFO_offline_hierarchical,2026-06-24,3277
Ouratea hexasperma,ouratea hexasperma,ouratea hexasperma,Ouratea hexasperma,wfo-0001225500,wfo-0001225500,Ochnaceae,Ouratea,species,accepted,accepted,exact_accepted,exact_accepted_unique,1,1,1,WFO_offline_hierarchical,2026-06-24,3278
Oxytropis trichophysa,oxytropis trichophysa,oxytropis trichophysa,Oxytropis trichophysa,wfo-0000199113,wfo-0000199113,Fabaceae,Oxytropis,species,accepted,accepted,exact_accepted,exact_accepted_unique,1,1,1,WFO_offline_hierarchical,2026-06-24,3279
Vitex agnus-castus,vitex agnus-castus,vitex agnus-castus,Vitex agnus-castus,wfo-0000332916,wfo-0000332916,Lamiaceae,Vitex,species,accepted,accepted,exact_accepted,exact_accepted_unique,1,1,1,WFO_offline_hierarchical,2026-06-24,3280
Haloxylon scoparium,haloxylon scoparium,haloxylon scoparium,Haloxylon scoparium,wfo-0000715248,wfo-0000715248,Amaranthaceae,Haloxylon,species,accepted,accepted,exact_accepted,exact_accepted_unique,1,1,1,WFO_offline_hierarchical,2026-06-24,3281
Lonchocarpus eriocarinalis,lonchocarpus eriocarinalis,lonchocarpus eriocarinalis,Lonchocarpus eriocarinalis,wfo-0000164476,wfo-0000164476,Fabaceae,Lonchocarpus,species,accepted,accepted,exact_accepted,exact_accepted_unique,1,1,1,WFO_offline_hierarchical,2026-06-24,3282
Acer platanoides,acer platanoides,acer platanoides,Acer platanoides,wfo-0000514884,wfo-0000514884,Sapindaceae,Acer,species,accepted,accepted,exact_accepted,exact_accepted_unique,1,1,1,WFO_offline_hierarchical,2026-06-24,3283
Bituminaria acaulis,bituminaria acaulis,bituminaria acaulis,Kartalinia acaulis,wfo-0001443883,wfo-0001443883,Fabaceae,Kartalinia,species,synonym,synonym,exact_synonym,exact_synonym_unique,1,1,1,WFO_offline_hierarchical,2026-06-24,3284
Cullen drupaceum,cullen drupaceum,cullen drupaceum,NA,NA,NA,NA,NA,NA,NA,unresolved,unresolved,no_match,0,0,0,NA,2026-06-24,3285
Scutellaria grossa,scutellaria grossa,scutellaria grossa,Scutellaria grossa,wfo-0000307861,wfo-0000307861,Lamiaceae,Scutellaria,species,accepted,accepted,exact_accepted,exact_accepted_unique,1,1,1,WFO_offline_hierarchical,2026-06-24,3286
Ophryosporus heptanthus,ophryosporus heptanthus,ophryosporus heptanthus,Ophryosporus heptanthus,wfo-0000017338,wfo-0000017338,Asteraceae,Ophryosporus,species,accepted,accepted,exact_accepted,exact_accepted_unique,1,1,1,WFO_offline_hierarchical,2026-06-24,3287
Diplotropis purpurea,diplotropis purpurea,diplotropis purpurea,Diplotropis purpurea,wfo-0000163862,wfo-0000163862,Fabaceae,Diplotropis,species,accepted,accepted,exact_accepted,exact_accepted_unique,1,1,1,WFO_offline_hierarchical,2026-06-24,3288
Trifolium ligusticum,trifolium ligusticum,trifolium ligusticum,Trifolium ligusticum,wfo-0000213024,wfo-0000213024,Fabaceae,Trifolium,species,accepted,accepted,exact_accepted,exact_accepted_unique,1,1,1,WFO_offline_hierarchical,2026-06-24,3289
Trifolium ornithopodioides,trifolium ornithopodioides,trifolium ornithopodioides,Trifolium ornithopodioides,wfo-0000213039,wfo-0000213039,Fabaceae,Trifolium,species,accepted,accepted,exact_accepted,exact_accepted_unique,1,1,1,WFO_offline_hierarchical,2026-06-24,3290
Trifolium purpureum,trifolium purpureum,trifolium purpureum,Trifolium purpureum,wfo-0000213055,wfo-0000213055,Fabaceae,Trifolium,species,accepted,accepted,exact_accepted,exact_accepted_unique,1,1,1,WFO_offline_hierarchical,2026-06-24,3291
Ononis alopecuroides,ononis alopecuroides,ononis alopecuroides,Ononis alopecuroides,wfo-0000212834,wfo-0000212834,Fabaceae,Ononis,species,accepted,accepted,exact_accepted,exact_accepted_unique,1,1,1,WFO_offline_hierarchical,2026-06-24,3292
Ononis biflora,ononis biflora,ononis biflora,Ononis biflora,wfo-0000212849,wfo-0000212849,Fabaceae,Ononis,species,accepted,accepted,exact_accepted,exact_accepted_unique,1,1,1,WFO_offline_hierarchical,2026-06-24,3293
Ononis hispida,ononis hispida,ononis hispida,Ononis hispida,wfo-0000212867,wfo-0000212867,Fabaceae,Ononis,species,accepted,accepted,exact_accepted,exact_accepted_unique,1,1,1,WFO_offline_hierarchical,2026-06-24,3294
Ononis minutissima,ononis minutissima,ononis minutissima,Ononis minutissima,wfo-0000212876,wfo-0000212876,Fabaceae,Ononis,species,accepted,accepted,exact_accepted,exact_accepted_unique,1,1,1,WFO_offline_hierarchical,2026-06-24,3295
Ononis mitissima,ononis mitissima,ononis mitissima,Ononis mitissima,wfo-0000212877,wfo-0000212877,Fabaceae,Ononis,species,accepted,accepted,exact_accepted,exact_accepted_unique,1,1,1,WFO_offline_hierarchical,2026-06-24,3296
Ononis oligophylla,ononis oligophylla,ononis oligophylla,Ononis oligophylla,wfo-0000213899,wfo-0000213899,Fabaceae,Ononis,species,accepted,accepted,exact_accepted,exact_accepted_unique,1,1,1,WFO_offline_hierarchical,2026-06-24,3297
Ononis pinnata,ononis pinnata,ononis pinnata,Ononis pinnata,wfo-0000212901,wfo-0000212901,Fabaceae,Ononis,species,accepted,accepted,exact_accepted,exact_accepted_unique,1,1,1,WFO_offline_hierarchical,2026-06-24,3298
Ononis subspicata,ononis subspicata,ononis subspicata,Ononis baetica,wfo-0000213892,wfo-0000213892,Fabaceae,Ononis,species,synonym,synonym,exact_synonym,exact_synonym_unique,1,1,1,WFO_offline_hierarchical,2026-06-24,3299
Ononis variegata,ononis variegata,ononis variegata,Ononis variegata,wfo-0000212924,wfo-0000212924,Fabaceae,Ononis,species,accepted,accepted,exact_accepted,exact_accepted_unique,1,1,1,WFO_offline_hierarchical,2026-06-24,3300
Tephrosia angustissima,tephrosia angustissima,tephrosia angustissima,Tephrosia angustissima,wfo-0001049779,wfo-0001049779,Fabaceae,Tephrosia,species,accepted,accepted,exact_accepted,exact_accepted_unique,1,1,1,WFO_offline_hierarchical,2026-06-24,3301
Lathyrus aphaca,lathyrus aphaca,lathyrus aphaca,Lathyrus aphaca,wfo-0000212673,wfo-0000212673,Fabaceae,Lathyrus,species,accepted,accepted,exact_accepted,exact_accepted_unique,1,1,1,WFO_offline_hierarchical,2026-06-24,3302
Lathyrus cicera,lathyrus cicera,lathyrus cicera,Lathyrus cicera,wfo-0000175952,wfo-0000175952;wfo-0000212675,Fabaceae,Lathyrus,species,accepted,accepted,exact_accepted,exact_accepted_consensus_multiple_ids,2,2,1,WFO_offline_hierarchical,2026-06-24,3303
Lathyrus grandiflorus,lathyrus grandiflorus,lathyrus grandiflorus,Lathyrus grandiflorus,wfo-0000213808,wfo-0000213808,Fabaceae,Lathyrus,species,accepted,accepted,exact_accepted,exact_accepted_unique,1,1,1,WFO_offline_hierarchical,2026-06-24,3304
Lathyrus hirsutus,lathyrus hirsutus,lathyrus hirsutus,Lathyrus hirsutus,wfo-0000212684,wfo-0000212684,Fabaceae,Lathyrus,species,accepted,accepted,exact_accepted,exact_accepted_unique,1,1,1,WFO_offline_hierarchical,2026-06-24,3305
Lathyrus ochrus,lathyrus ochrus,lathyrus ochrus,Lathyrus ochrus,wfo-0000212699,wfo-0000212699,Fabaceae,Lathyrus,species,accepted,accepted,exact_accepted,exact_accepted_unique,1,1,1,WFO_offline_hierarchical,2026-06-24,3306
Lathyrus palustris,lathyrus palustris,lathyrus palustris,Lathyrus palustris,wfo-0000213816,wfo-0000213816,Fabaceae,Lathyrus,species,accepted,accepted,exact_accepted,exact_accepted_unique,1,1,1,WFO_offline_hierarchical,2026-06-24,3307
Lathyrus roseus,lathyrus roseus,lathyrus roseus,Lathyrus roseus,wfo-0000213821,wfo-0000213821,Fabaceae,Lathyrus,species,accepted,accepted,exact_accepted,exact_accepted_unique,1,1,1,WFO_offline_hierarchical,2026-06-24,3308
Lathyrus sylvestris,lathyrus sylvestris,lathyrus sylvestris,Lathyrus sylvestris,wfo-0000213824,wfo-0000213824,Fabaceae,Lathyrus,species,accepted,accepted,exact_accepted,exact_accepted_unique,1,1,1,WFO_offline_hierarchical,2026-06-24,3309
Lathyrus tuberosus,lathyrus tuberosus,lathyrus tuberosus,Lathyrus tuberosus,wfo-0000213826,wfo-0000213826,Fabaceae,Lathyrus,species,accepted,accepted,exact_accepted,exact_accepted_unique,1,1,1,WFO_offline_hierarchical,2026-06-24,3310
Bobgunnia madagascariensis,bobgunnia madagascariensis,bobgunnia madagascariensis,Bobgunnia madagascariensis,wfo-0000192568,wfo-0000192568,Fabaceae,Bobgunnia,species,accepted,accepted,exact_accepted,exact_accepted_unique,1,1,1,WFO_offline_hierarchical,2026-06-24,3311
Caragana acanthophylla,caragana acanthophylla,caragana acanthophylla,Caragana acanthophylla,wfo-0000186882,wfo-0000186882,Fabaceae,Caragana,species,accepted,accepted,exact_accepted,exact_accepted_unique,1,1,1,WFO_offline_hierarchical,2026-06-24,3312
Caragana ambigua,caragana ambigua,caragana ambigua,Caragana ambigua,wfo-0000186072,wfo-0000186072,Fabaceae,Caragana,species,accepted,accepted,exact_accepted,exact_accepted_unique,1,1,1,WFO_offline_hierarchical,2026-06-24,3313
Caragana arborescens,caragana arborescens,caragana arborescens,Caragana arborescens,wfo-0000213639,wfo-0000213639,Fabaceae,Caragana,species,accepted,accepted,exact_accepted,exact_accepted_unique,1,1,1,WFO_offline_hierarchical,2026-06-24,3314
Caragana aurantiaca,caragana aurantiaca,caragana aurantiaca,Caragana aurantiaca,wfo-0000194793,wfo-0000194793,Fabaceae,Caragana,species,accepted,accepted,exact_accepted,exact_accepted_unique,1,1,1,WFO_offline_hierarchical,2026-06-24,3315
Caragana boisii,caragana boisii,caragana boisii,Caragana boisii,wfo-0000186884,wfo-0000186884,Fabaceae,Caragana,species,accepted,accepted,exact_accepted,exact_accepted_unique,1,1,1,WFO_offline_hierarchical,2026-06-24,3316
Caragana brevispina,caragana brevispina,caragana brevispina,Caragana brevispina,wfo-0000186070,wfo-0000186070,Fabaceae,Caragana,species,accepted,accepted,exact_accepted,exact_accepted_unique,1,1,1,WFO_offline_hierarchical,2026-06-24,3317
Caragana decorticans,caragana decorticans,caragana decorticans,Caragana decorticans,wfo-0000186067,wfo-0000186067,Fabaceae,Caragana,species,accepted,accepted,exact_accepted,exact_accepted_unique,1,1,1,WFO_offline_hierarchical,2026-06-24,3318
Caragana densa,caragana densa,caragana densa,Caragana densa,wfo-0000186077,wfo-0000186077,Fabaceae,Caragana,species,accepted,accepted,exact_accepted,exact_accepted_unique,1,1,1,WFO_offline_hierarchical,2026-06-24,3319
Caragana erinacea,caragana erinacea,caragana erinacea,Caragana erinacea,wfo-0000186606,wfo-0000186606,Fabaceae,Caragana,species,accepted,accepted,exact_accepted,exact_accepted_unique,1,1,1,WFO_offline_hierarchical,2026-06-24,3320
Caragana franchetiana,caragana franchetiana,caragana franchetiana,Caragana franchetiana,wfo-0000186078,wfo-0000186078,Fabaceae,Caragana,species,accepted,accepted,exact_accepted,exact_accepted_unique,1,1,1,WFO_offline_hierarchical,2026-06-24,3321
Caragana frutex,caragana frutex,caragana frutex,Caragana frutex,wfo-0000213640,wfo-0000213640,Fabaceae,Caragana,species,accepted,accepted,exact_accepted,exact_accepted_unique,1,1,1,WFO_offline_hierarchical,2026-06-24,3322
Caragana fruticosa,caragana fruticosa,caragana fruticosa,Caragana arborescens,wfo-0000213639,wfo-0000213639,Fabaceae,Caragana,species,synonym,synonym,exact_synonym,exact_synonym_unique,2,1,1,WFO_offline_hierarchical,2026-06-24,3323
Caragana gerardiana,caragana gerardiana,caragana gerardiana,Caragana gerardiana,wfo-0000186890,wfo-0000186890,Fabaceae,Caragana,species,accepted,accepted,exact_accepted,exact_accepted_unique,1,1,1,WFO_offline_hierarchical,2026-06-24,3324
Caragana grandiflora,caragana grandiflora,caragana grandiflora,Caragana grandiflora,wfo-0000213641,wfo-0000213641,Fabaceae,Caragana,species,accepted,accepted,exact_accepted,exact_accepted_unique,1,1,1,WFO_offline_hierarchical,2026-06-24,3325
Caragana jubata,caragana jubata,caragana jubata,Caragana jubata,wfo-0000194798,wfo-0000194798,Fabaceae,Caragana,species,accepted,accepted,exact_accepted,exact_accepted_unique,1,1,1,WFO_offline_hierarchical,2026-06-24,3326
Caragana kirghisorum,caragana kirghisorum,caragana kirghisorum,Caragana kirghisorum,wfo-0000186052,wfo-0000186052,Fabaceae,Caragana,species,accepted,accepted,exact_accepted,exact_accepted_unique,1,1,1,WFO_offline_hierarchical,2026-06-24,3327
Caragana laeta,caragana laeta,caragana laeta,Caragana laeta,wfo-0000186053,wfo-0000186053,Fabaceae,Caragana,species,accepted,accepted,exact_accepted,exact_accepted_unique,1,1,1,WFO_offline_hierarchical,2026-06-24,3328
Caragana pekinensis,caragana pekinensis,caragana pekinensis,Caragana pekinensis,wfo-0000186076,wfo-0000186076,Fabaceae,Caragana,species,accepted,accepted,exact_accepted,exact_accepted_unique,1,1,1,WFO_offline_hierarchical,2026-06-24,3329
Caragana pleiophylla,caragana pleiophylla,caragana pleiophylla,Caragana pleiophylla,wfo-0000186607,wfo-0000186607,Fabaceae,Caragana,species,accepted,accepted,exact_accepted,exact_accepted_unique,1,1,1,WFO_offline_hierarchical,2026-06-24,3330
Caragana pumila,caragana pumila,caragana pumila,Caragana pumila,wfo-0000186051,wfo-0000186051,Fabaceae,Caragana,species,accepted,accepted,exact_accepted,exact_accepted_unique,1,1,1,WFO_offline_hierarchical,2026-06-24,3331
Caragana pygmaea,caragana pygmaea,caragana pygmaea,Caragana pygmaea,wfo-0000186050,wfo-0000186050,Fabaceae,Caragana,species,accepted,accepted,exact_accepted,exact_accepted_unique,1,1,1,WFO_offline_hierarchical,2026-06-24,3332
Caragana sophorifolia,caragana sophorifolia,caragana sophorifolia,Caragana arborescens,wfo-0000213639,wfo-0000213639,Fabaceae,Caragana,species,synonym,synonym,exact_synonym,exact_synonym_unique,1,1,1,WFO_offline_hierarchical,2026-06-24,3333
Caragana stenophylla,caragana stenophylla,caragana stenophylla,Caragana stenophylla,wfo-0000186047,wfo-0000186047,Fabaceae,Caragana,species,accepted,accepted,exact_accepted,exact_accepted_unique,1,1,1,WFO_offline_hierarchical,2026-06-24,3334
Caragana tangutica,caragana tangutica,caragana tangutica,Caragana tangutica,wfo-0001059054,wfo-0001059054,Fabaceae,Caragana,species,accepted,accepted,exact_accepted,exact_accepted_unique,1,1,1,WFO_offline_hierarchical,2026-06-24,3335
Caragana tragacanthoides,caragana tragacanthoides,caragana tragacanthoides,Caragana tragacanthoides,wfo-0000186046,wfo-0000186046,Fabaceae,Caragana,species,accepted,accepted,exact_accepted,exact_accepted_unique,1,1,1,WFO_offline_hierarchical,2026-06-24,3336
Caragana turkestanica,caragana turkestanica,caragana turkestanica,Caragana turkestanica,wfo-0000186609,wfo-0000186609,Fabaceae,Caragana,species,accepted,accepted,exact_accepted,exact_accepted_unique,1,1,1,WFO_offline_hierarchical,2026-06-24,3337
Caragana ussuriensis,caragana ussuriensis,caragana ussuriensis,Caragana ussuriensis,wfo-0000186045,wfo-0000186045,Fabaceae,Caragana,species,accepted,accepted,exact_accepted,exact_accepted_unique,1,1,1,WFO_offline_hierarchical,2026-06-24,3338
Caragana zahlbruckneri,caragana zahlbruckneri,caragana zahlbruckneri,Caragana zahlbruckneri,wfo-0001060759,wfo-0001060759,Fabaceae,Caragana,species,accepted,accepted,exact_accepted,exact_accepted_unique,1,1,1,WFO_offline_hierarchical,2026-06-24,3339
Trifolium africanum,trifolium africanum,trifolium africanum,Trifolium africanum,wfo-0000212962,wfo-0000212962,Fabaceae,Trifolium,species,accepted,accepted,exact_accepted,exact_accepted_unique,1,1,1,WFO_offline_hierarchical,2026-06-24,3340
Trifolium angulatum,trifolium angulatum,trifolium angulatum,Trifolium angulatum,wfo-0000213944,wfo-0000213944,Fabaceae,Trifolium,species,accepted,accepted,exact_accepted,exact_accepted_unique,1,1,1,WFO_offline_hierarchical,2026-06-24,3341
Trifolium bullatum,trifolium bullatum,trifolium bullatum,Trifolium bullatum,wfo-0000212973,wfo-0000212973,Fabaceae,Trifolium,species,accepted,accepted,exact_accepted,exact_accepted_unique,1,1,1,WFO_offline_hierarchical,2026-06-24,3342
Trifolium clusii,trifolium clusii,trifolium clusii,Trifolium clusii,wfo-0000212985,wfo-0000212985,Fabaceae,Trifolium,species,accepted,accepted,exact_accepted,exact_accepted_unique,1,1,1,WFO_offline_hierarchical,2026-06-24,3343
Trifolium congestum,trifolium congestum,trifolium congestum,Trifolium congestum,wfo-0000212986,wfo-0000212986,Fabaceae,Trifolium,species,accepted,accepted,exact_accepted,exact_accepted_unique,1,1,1,WFO_offline_hierarchical,2026-06-24,3344
Trifolium heldreichianum,trifolium heldreichianum,trifolium heldreichianum,Trifolium heldreichianum,wfo-0000213970,wfo-0000213970,Fabaceae,Trifolium,species,accepted,accepted,exact_accepted,exact_accepted_unique,1,1,1,WFO_offline_hierarchical,2026-06-24,3345
Trifolium miegeanum,trifolium miegeanum,trifolium miegeanum,Trifolium miegeanum,wfo-0000213030,wfo-0000213030,Fabaceae,Trifolium,species,accepted,accepted,exact_accepted,exact_accepted_unique,1,1,1,WFO_offline_hierarchical,2026-06-24,3346
Trifolium oliganthum,trifolium oliganthum,trifolium oliganthum,Trifolium oliganthum,wfo-0000174327,wfo-0000174327,Fabaceae,Trifolium,species,accepted,accepted,exact_accepted,exact_accepted_unique,1,1,1,WFO_offline_hierarchical,2026-06-24,3347
Trifolium pallidum,trifolium pallidum,trifolium pallidum,Trifolium pallidum,wfo-0000213043,wfo-0000213043,Fabaceae,Trifolium,species,accepted,accepted,exact_accepted,exact_accepted_unique,1,1,1,WFO_offline_hierarchical,2026-06-24,3348
Trifolium patulum,trifolium patulum,trifolium patulum,Trifolium patulum,wfo-0000213994,wfo-0000213994,Fabaceae,Trifolium,species,accepted,accepted,exact_accepted,exact_accepted_unique,1,1,1,WFO_offline_hierarchical,2026-06-24,3349
Trifolium pauciflorum,trifolium pauciflorum,trifolium pauciflorum,Trifolium pauciflorum,wfo-0000213995,wfo-0000213995,Fabaceae,Trifolium,species,accepted,accepted,exact_accepted,exact_accepted_unique,1,1,1,WFO_offline_hierarchical,2026-06-24,3350
Trifolium phleoides,trifolium phleoides,trifolium phleoides,Trifolium phleoides,wfo-0000213046,wfo-0000213046,Fabaceae,Trifolium,species,accepted,accepted,exact_accepted,exact_accepted_unique,1,1,1,WFO_offline_hierarchical,2026-06-24,3351
Trifolium pignantii,trifolium pignantii,trifolium pignantii,Trifolium pignantii,wfo-0000213996,wfo-0000213996,Fabaceae,Trifolium,species,accepted,accepted,exact_accepted,exact_accepted_unique,1,1,1,WFO_offline_hierarchical,2026-06-24,3352
Trifolium saxatile,trifolium saxatile,trifolium saxatile,Trifolium saxatile,wfo-0000214003,wfo-0000214003,Fabaceae,Trifolium,species,accepted,accepted,exact_accepted,exact_accepted_unique,1,1,1,WFO_offline_hierarchical,2026-06-24,3353
Trifolium tenuifolium,trifolium tenuifolium,trifolium tenuifolium,Trifolium tenuifolium,wfo-0000214009,wfo-0000214009,Fabaceae,Trifolium,species,accepted,accepted,exact_accepted,exact_accepted_unique,1,1,1,WFO_offline_hierarchical,2026-06-24,3354
Trifolium vavilovii,trifolium vavilovii,trifolium vavilovii,Trifolium vavilovii,wfo-0000186266,wfo-0000186266,Fabaceae,Trifolium,species,accepted,accepted,exact_accepted,exact_accepted_unique,1,1,1,WFO_offline_hierarchical,2026-06-24,3355
Lonchocarpus castilloi,lonchocarpus castilloi,lonchocarpus castilloi,Lonchocarpus castilloi,wfo-0000164462,wfo-0000164462,Fabaceae,Lonchocarpus,species,accepted,accepted,exact_accepted,exact_accepted_unique,1,1,1,WFO_offline_hierarchical,2026-06-24,3356
Vigna trilobata,vigna trilobata,vigna trilobata,Vigna trilobata,wfo-0000189289,wfo-0000189289,Fabaceae,Vigna,species,accepted,accepted,exact_accepted,exact_accepted_unique,1,1,1,WFO_offline_hierarchical,2026-06-24,3357
Bridelia ferruginea,bridelia ferruginea,bridelia ferruginea,Bridelia ferruginea,wfo-0000418247,wfo-0000418247,Phyllanthaceae,Bridelia,species,accepted,accepted,exact_accepted,exact_accepted_unique,1,1,1,WFO_offline_hierarchical,2026-06-24,3358
Glycosmis,glycosmis,glycosmis,Glycosmis,wfo-4000015850,wfo-4000015850,Rutaceae,Glycosmis,genus,accepted,accepted,exact_accepted,exact_accepted_unique,1,1,1,WFO_offline_hierarchical,2026-06-24,3359
Paeonia lactiflora,paeonia lactiflora,paeonia lactiflora,Paeonia lactiflora,wfo-0000480479,wfo-0000480479,Paeoniaceae,Paeonia,species,accepted,accepted,exact_accepted,exact_accepted_unique,1,1,1,WFO_offline_hierarchical,2026-06-24,3360
Cyclamen persicum,cyclamen persicum,cyclamen persicum,Cyclamen persicum,wfo-0000631834,wfo-0000631834,Primulaceae,Cyclamen,species,accepted,accepted,exact_accepted,exact_accepted_unique,1,1,1,WFO_offline_hierarchical,2026-06-24,3361
Imperata cylindrica,imperata cylindrica,imperata cylindrica,Imperata cylindrica,wfo-0000875631,wfo-0000875631,Poaceae,Imperata,species,accepted,accepted,exact_accepted,exact_accepted_unique,1,1,1,WFO_offline_hierarchical,2026-06-24,3362
Pancratium biflorum,pancratium biflorum,pancratium biflorum,Pancratium biflorum,wfo-0000728348,wfo-0000728348,Amaryllidaceae,Pancratium,species,accepted,accepted,exact_accepted,exact_accepted_unique,1,1,1,WFO_offline_hierarchical,2026-06-24,3363
Luxemburgia nobilis,luxemburgia nobilis,luxemburgia nobilis,Luxemburgia nobilis,wfo-0001265867,wfo-0001265867,Ochnaceae,Luxemburgia,species,accepted,accepted,exact_accepted,exact_accepted_unique,1,1,1,WFO_offline_hierarchical,2026-06-24,3364
Petrorhagia dubia,petrorhagia dubia,petrorhagia dubia,Petrorhagia dubia,wfo-0000395411,wfo-0000395411,Caryophyllaceae,Petrorhagia,species,accepted,accepted,exact_accepted,exact_accepted_unique,1,1,1,WFO_offline_hierarchical,2026-06-24,3365
Dalbergia malabarica,dalbergia malabarica,dalbergia malabarica,Dalbergia malabarica,wfo-0000204457,wfo-0000204457,Fabaceae,Dalbergia,species,accepted,accepted,exact_accepted,exact_accepted_unique,1,1,1,WFO_offline_hierarchical,2026-06-24,3366
Hofmeisteria,hofmeisteria,hofmeisteria,Hofmeisteria,wfo-4000018037,wfo-4000018037,Asteraceae,Hofmeisteria,genus,accepted,accepted,exact_accepted,exact_accepted_unique,1,1,1,WFO_offline_hierarchical,2026-06-24,3367
Hofmeisteria schaffneri,hofmeisteria schaffneri,hofmeisteria schaffneri,Hofmeisteria schaffneri,wfo-0000107781,wfo-0000107781,Asteraceae,Hofmeisteria,species,accepted,accepted,exact_accepted,exact_accepted_unique,1,1,1,WFO_offline_hierarchical,2026-06-24,3368
Basella alba,basella alba,basella alba,Basella alba,wfo-0000823202,wfo-0000823202,Basellaceae,Basella,species,accepted,accepted,exact_accepted,exact_accepted_unique,1,1,1,WFO_offline_hierarchical,2026-06-24,3369
Coreopsis lanceolata,coreopsis lanceolata,coreopsis lanceolata,Coreopsis lanceolata,wfo-0000046514,wfo-0000046514,Asteraceae,Coreopsis,species,accepted,accepted,exact_accepted,exact_accepted_unique,1,1,1,WFO_offline_hierarchical,2026-06-24,3370
Macrothelypteris torresiana,macrothelypteris torresiana,macrothelypteris torresiana,Macrothelypteris torresiana,wfo-0001107352,wfo-0001107352,Thelypteridaceae,Macrothelypteris,species,accepted,accepted,exact_accepted,exact_accepted_unique,1,1,1,WFO_offline_hierarchical,2026-06-24,3371
Zanthoxylum ailanthoides,zanthoxylum ailanthoides,zanthoxylum ailanthoides,Zanthoxylum ailanthoides,wfo-0001133276,wfo-0001133276,Rutaceae,Zanthoxylum,species,accepted,accepted,exact_accepted,exact_accepted_unique,1,1,1,WFO_offline_hierarchical,2026-06-24,3372
Cladrastis,cladrastis,cladrastis,Cladrastis,wfo-4000008456,wfo-4000008456,Fabaceae,Cladrastis,genus,accepted,accepted,exact_accepted,exact_accepted_unique,1,1,1,WFO_offline_hierarchical,2026-06-24,3373
Rhododendron spiciferum,rhododendron spiciferum,rhododendron spiciferum,Rhododendron spiciferum,wfo-0001048172,wfo-0001048172,Ericaceae,Rhododendron,species,accepted,accepted,exact_accepted,exact_accepted_unique,1,1,1,WFO_offline_hierarchical,2026-06-24,3374
Plathymenia reticulata,plathymenia reticulata,plathymenia reticulata,Plathymenia reticulata,wfo-0000182203,wfo-0000182203,Fabaceae,Plathymenia,species,accepted,accepted,exact_accepted,exact_accepted_unique,1,1,1,WFO_offline_hierarchical,2026-06-24,3375
Clinopodium umbrosum,clinopodium umbrosum,clinopodium umbrosum,Clinopodium umbrosum,wfo-0001069875,wfo-0001069875,Lamiaceae,Clinopodium,species,accepted,accepted,exact_accepted,exact_accepted_unique,1,1,1,WFO_offline_hierarchical,2026-06-24,3376
Clinopodium acinos,clinopodium acinos,clinopodium acinos,Clinopodium acinos,wfo-0000890516,wfo-0000890516,Lamiaceae,Clinopodium,species,accepted,accepted,exact_accepted,exact_accepted_unique,1,1,1,WFO_offline_hierarchical,2026-06-24,3377
Acinos arvensis,acinos arvensis,acinos arvensis,Clinopodium acinos,wfo-0000890516,wfo-0000890516,Lamiaceae,Clinopodium,species,synonym,synonym,exact_synonym,exact_synonym_unique,1,1,1,WFO_offline_hierarchical,2026-06-24,3378
Astragalus galegiformis,astragalus galegiformis,astragalus galegiformis,Astragalus galegiformis,wfo-0000213560,wfo-0000213560,Fabaceae,Astragalus,species,accepted,accepted,exact_accepted,exact_accepted_unique,1,1,1,WFO_offline_hierarchical,2026-06-24,3379
Swartzia brachyrachis,swartzia brachyrachis,swartzia brachyrachis,Swartzia brachyrachis,wfo-0000164098,wfo-0000164098,Fabaceae,Swartzia,species,accepted,accepted,exact_accepted,exact_accepted_unique,1,1,1,WFO_offline_hierarchical,2026-06-24,3380
Ligularia macrophylla,ligularia macrophylla,ligularia macrophylla,Ligularia macrophylla,wfo-0000080191,wfo-0000080191,Asteraceae,Ligularia,species,accepted,accepted,exact_accepted,exact_accepted_unique,1,1,1,WFO_offline_hierarchical,2026-06-24,3381
Cryptocarya pleurosperma,cryptocarya pleurosperma,cryptocarya pleurosperma,Cryptocarya pleurosperma,wfo-0000628151,wfo-0000628151,Lauraceae,Cryptocarya,species,accepted,accepted,exact_accepted,exact_accepted_unique,1,1,1,WFO_offline_hierarchical,2026-06-24,3382
Marchantia polymorpha,marchantia polymorpha,marchantia polymorpha,Marchantia polymorpha,wfo-0001196533,wfo-0001196533,Marchantiaceae,Marchantia,species,accepted,accepted,exact_accepted,exact_accepted_unique,1,1,1,WFO_offline_hierarchical,2026-06-24,3383
Garcinia epunctata,garcinia epunctata,garcinia epunctata,Garcinia epunctata,wfo-0000694303,wfo-0000694303,Clusiaceae,Garcinia,species,accepted,accepted,exact_accepted,exact_accepted_unique,1,1,1,WFO_offline_hierarchical,2026-06-24,3384
Prunus speciosa,prunus speciosa,prunus speciosa,Prunus speciosa,wfo-0000995957,wfo-0000995957;wfo-0000996351,Rosaceae,Prunus,species,accepted,accepted,exact_accepted,exact_accepted_consensus_multiple_ids,2,2,1,WFO_offline_hierarchical,2026-06-24,3385
Helichrysum acutatum,helichrysum acutatum,helichrysum acutatum,Helichrysum acutatum,wfo-0000093390,wfo-0000093390,Asteraceae,Helichrysum,species,accepted,accepted,exact_accepted,exact_accepted_unique,1,1,1,WFO_offline_hierarchical,2026-06-24,3386
Amomum subulatum,amomum subulatum,amomum subulatum,Amomum subulatum,wfo-0000339263,wfo-0000339263,Zingiberaceae,Amomum,species,accepted,accepted,exact_accepted,exact_accepted_unique,1,1,1,WFO_offline_hierarchical,2026-06-24,3387
Alpinia conchigera,alpinia conchigera,alpinia conchigera,Alpinia conchigera,wfo-0000338416,wfo-0000338416,Zingiberaceae,Alpinia,species,accepted,accepted,exact_accepted,exact_accepted_unique,1,1,1,WFO_offline_hierarchical,2026-06-24,3388
Primula sinensis,primula sinensis,primula sinensis,Primula praenitens,wfo-0001105925,wfo-0001105925,Primulaceae,Primula,species,synonym,synonym,exact_synonym,exact_synonym_unique,1,1,1,WFO_offline_hierarchical,2026-06-24,3389
Eugenia myrcianthes,eugenia myrcianthes,eugenia myrcianthes,Eugenia myrcianthes,wfo-0000958228,wfo-0000958228,Myrtaceae,Eugenia,species,accepted,accepted,exact_accepted,exact_accepted_unique,1,1,1,WFO_offline_hierarchical,2026-06-24,3390
Limoniastrum guyonianum,limoniastrum guyonianum,limoniastrum guyonianum,Limoniastrum guyonianum,wfo-0000444466,wfo-0000444466,Plumbaginaceae,Limoniastrum,species,accepted,accepted,exact_accepted,exact_accepted_unique,1,1,1,WFO_offline_hierarchical,2026-06-24,3391
Camellia taliensis,camellia taliensis,camellia taliensis,Camellia taliensis,wfo-0000582705,wfo-0000582705,Theaceae,Camellia,species,accepted,accepted,exact_accepted,exact_accepted_unique,1,1,1,WFO_offline_hierarchical,2026-06-24,3392
Kopsia dasyrachis,kopsia dasyrachis,kopsia dasyrachis,Kopsia dasyrachis,wfo-0000221358,wfo-0000221358,Apocynaceae,Kopsia,species,accepted,accepted,exact_accepted,exact_accepted_unique,1,1,1,WFO_offline_hierarchical,2026-06-24,3393
Terminalia arjuna,terminalia arjuna,terminalia arjuna,Terminalia arjuna,wfo-0000407013,wfo-0000407013,Combretaceae,Terminalia,species,accepted,accepted,exact_accepted,exact_accepted_unique,1,1,1,WFO_offline_hierarchical,2026-06-24,3394
Musa paradisiaca,musa paradisiaca,musa paradisiaca,NA,NA,NA,NA,NA,NA,NA,unresolved,unresolved,no_match,0,0,0,NA,2026-06-24,3395
Baccharis intermixta,baccharis intermixta,baccharis intermixta,Baccharis intermixta,wfo-0000041747,wfo-0000041747,Asteraceae,Baccharis,species,accepted,accepted,exact_accepted,exact_accepted_unique,1,1,1,WFO_offline_hierarchical,2026-06-24,3396
Mikania purpurascens,mikania purpurascens,mikania purpurascens,Mikania purpurascens,wfo-0000115939,wfo-0000115939,Asteraceae,Mikania,species,accepted,accepted,exact_accepted,exact_accepted_unique,1,1,1,WFO_offline_hierarchical,2026-06-24,3397
Chromolaena tunariensis,chromolaena tunariensis,chromolaena tunariensis,Chromolaena tunariensis,wfo-0000023777,wfo-0000023777,Asteraceae,Chromolaena,species,accepted,accepted,exact_accepted,exact_accepted_unique,1,1,1,WFO_offline_hierarchical,2026-06-24,3398
Bonnetia paniculata,bonnetia paniculata,bonnetia paniculata,Bonnetia paniculata,wfo-0000568785,wfo-0000568785,Bonnetiaceae,Bonnetia,species,accepted,accepted,exact_accepted,exact_accepted_unique,1,1,1,WFO_offline_hierarchical,2026-06-24,3399
Ophryosporus macrodon,ophryosporus macrodon,ophryosporus macrodon,Ophryosporus macrodon,wfo-0000118441,wfo-0000118441,Asteraceae,Ophryosporus,species,accepted,accepted,exact_accepted,exact_accepted_unique,1,1,1,WFO_offline_hierarchical,2026-06-24,3400
Piper lhotzkyanum,piper lhotzkyanum,piper lhotzkyanum,Piper lhotzkyanum,wfo-0001092156,wfo-0001092156,Piperaceae,Piper,species,accepted,accepted,exact_accepted,exact_accepted_unique,1,1,1,WFO_offline_hierarchical,2026-06-24,3401
Ageratina tristis,ageratina tristis,ageratina tristis,Ageratina tristis,wfo-0000011969,wfo-0000011969,Asteraceae,Ageratina,species,accepted,accepted,exact_accepted,exact_accepted_unique,1,1,1,WFO_offline_hierarchical,2026-06-24,3402
Lippia dulcis,lippia dulcis,lippia dulcis,Lippia dulcis,wfo-0000228801,wfo-0000228801,Verbenaceae,Lippia,species,accepted,accepted,exact_accepted,exact_accepted_unique,1,1,1,WFO_offline_hierarchical,2026-06-24,3403
Phyla dulcis,phyla dulcis,phyla dulcis,Lippia dulcis,wfo-0000228801,wfo-0000228801,Verbenaceae,Lippia,species,synonym,synonym,exact_synonym,exact_synonym_unique,1,1,1,WFO_offline_hierarchical,2026-06-24,3404
Neolitsea daibuensis,neolitsea daibuensis,neolitsea daibuensis,Neolitsea daibuensis,wfo-0001071974,wfo-0001071974,Lauraceae,Neolitsea,species,accepted,accepted,exact_accepted,exact_accepted_unique,1,1,1,WFO_offline_hierarchical,2026-06-24,3405
Microtropis japonica,microtropis japonica,microtropis japonica,Microtropis japonica,wfo-0001275842,wfo-0001275842,Celastraceae,Microtropis,species,accepted,accepted,exact_accepted,exact_accepted_unique,1,1,1,WFO_offline_hierarchical,2026-06-24,3406
Piper permucronatum,piper permucronatum,piper permucronatum,Piper permucronatum,wfo-0001254038,wfo-0001254038,Piperaceae,Piper,species,accepted,accepted,exact_accepted,exact_accepted_unique,1,1,1,WFO_offline_hierarchical,2026-06-24,3407
Phyllanthus amarus,phyllanthus amarus,phyllanthus amarus,Phyllanthus amarus,wfo-0000270441,wfo-0000270441,Phyllanthaceae,Phyllanthus,species,accepted,accepted,exact_accepted,exact_accepted_unique,1,1,1,WFO_offline_hierarchical,2026-06-24,3408
Eugenia uniflora,eugenia uniflora,eugenia uniflora,Eugenia uniflora,wfo-0000959411,wfo-0000959411,Myrtaceae,Eugenia,species,accepted,accepted,exact_accepted,exact_accepted_unique,1,1,1,WFO_offline_hierarchical,2026-06-24,3409
Casuarina equisetifolia,casuarina equisetifolia,casuarina equisetifolia,Casuarina equisetifolia,wfo-0000590663,wfo-0000590663,Casuarinaceae,Casuarina,species,accepted,accepted,exact_accepted,exact_accepted_unique,1,1,1,WFO_offline_hierarchical,2026-06-24,3410
Hymenaea verrucosa,hymenaea verrucosa,hymenaea verrucosa,Hymenaea verrucosa,wfo-0000168651,wfo-0000168651,Fabaceae,Hymenaea,species,accepted,accepted,exact_accepted,exact_accepted_unique,1,1,1,WFO_offline_hierarchical,2026-06-24,3411
Angostura granulosa,angostura granulosa,angostura granulosa,Angostura granulosa,wfo-0000536561,wfo-0000536561,Rutaceae,Angostura,species,accepted,accepted,exact_accepted,exact_accepted_unique,1,1,1,WFO_offline_hierarchical,2026-06-24,3412
Lasiolaena morii,lasiolaena morii,lasiolaena morii,Lasiolaena morii,wfo-0000021031,wfo-0000021031,Asteraceae,Lasiolaena,species,accepted,accepted,exact_accepted,exact_accepted_unique,1,1,1,WFO_offline_hierarchical,2026-06-24,3413
Cassia renigera,cassia renigera,cassia renigera,Cassia javanica subsp. renigera,wfo-0000203409,wfo-0000203409,Fabaceae,Cassia,subspecies,synonym,synonym,exact_synonym,exact_synonym_unique,1,1,1,WFO_offline_hierarchical,2026-06-24,3414
Tainia paucifolia,tainia paucifolia,tainia paucifolia,Tainia paucifolia,wfo-0000320535,wfo-0000320535,Orchidaceae,Tainia,species,accepted,accepted,exact_accepted,exact_accepted_unique,1,1,1,WFO_offline_hierarchical,2026-06-24,3415
Hydnora johannis,hydnora johannis,hydnora johannis,Hydnora abyssinica,wfo-0000726153,wfo-0000726153,Aristolochiaceae,Hydnora,species,synonym,synonym,exact_synonym,exact_synonym_unique,1,1,1,WFO_offline_hierarchical,2026-06-24,3416
Sideritis cystosiphon,sideritis cystosiphon,sideritis cystosiphon,Sideritis cystosiphon,wfo-0000309978,wfo-0000309978,Lamiaceae,Sideritis,species,accepted,accepted,exact_accepted,exact_accepted_unique,1,1,1,WFO_offline_hierarchical,2026-06-24,3417
Ledebouria zebrina,ledebouria zebrina,ledebouria zebrina,Ledebouria zebrina,wfo-0000913099,wfo-0000913099,Asparagaceae,Ledebouria,species,accepted,accepted,exact_accepted,exact_accepted_unique,1,1,1,WFO_offline_hierarchical,2026-06-24,3418
Vitex trifolia,vitex trifolia,vitex trifolia,Vitex trifolia,wfo-0000333504,wfo-0000333504,Lamiaceae,Vitex,species,accepted,accepted,exact_accepted,exact_accepted_unique,1,1,1,WFO_offline_hierarchical,2026-06-24,3419
Vitex rotundifolia,vitex rotundifolia,vitex rotundifolia,Vitex rotundifolia,wfo-0000333413,wfo-0000333413,Lamiaceae,Vitex,species,accepted,accepted,exact_accepted,exact_accepted_unique,1,1,1,WFO_offline_hierarchical,2026-06-24,3420
Heterotheca inuloides,heterotheca inuloides,heterotheca inuloides,Heterotheca inuloides,wfo-0000038445,wfo-0000038445,Asteraceae,Heterotheca,species,accepted,accepted,exact_accepted,exact_accepted_unique,1,1,1,WFO_offline_hierarchical,2026-06-24,3421
Chromolaena farinosa,chromolaena farinosa,chromolaena farinosa,Chromolaena farinosa,wfo-0000121177,wfo-0000121177,Asteraceae,Chromolaena,species,accepted,accepted,exact_accepted,exact_accepted_unique,1,1,1,WFO_offline_hierarchical,2026-06-24,3422
Marrubium friwaldskyanum,marrubium friwaldskyanum,marrubium friwaldskyanum,Marrubium friwaldskyanum,wfo-0000236597,wfo-0000236597,Lamiaceae,Marrubium,species,accepted,accepted,exact_accepted,exact_accepted_unique,1,1,1,WFO_offline_hierarchical,2026-06-24,3423
Helichrysum lepidissimum,helichrysum lepidissimum,helichrysum lepidissimum,Helichrysum lepidissimum,wfo-0000026500,wfo-0000026500,Asteraceae,Helichrysum,species,accepted,accepted,exact_accepted,exact_accepted_unique,1,1,1,WFO_offline_hierarchical,2026-06-24,3424
Dendrobium loddigesii,dendrobium loddigesii,dendrobium loddigesii,Dendrobium loddigesii,wfo-0000939702,wfo-0000939702,Orchidaceae,Dendrobium,species,accepted,accepted,exact_accepted,exact_accepted_unique,1,1,1,WFO_offline_hierarchical,2026-06-24,3425
Ouratea semiserrata,ouratea semiserrata,ouratea semiserrata,Ouratea semiserrata,wfo-0001087021,wfo-0001087021,Ochnaceae,Ouratea,species,accepted,accepted,exact_accepted,exact_accepted_unique,1,1,1,WFO_offline_hierarchical,2026-06-24,3426
Geraea canescens,geraea canescens,geraea canescens,Geraea canescens,wfo-0000118208,wfo-0000118208,Asteraceae,Geraea,species,accepted,accepted,exact_accepted,exact_accepted_unique,1,1,1,WFO_offline_hierarchical,2026-06-24,3427
Dendroviguiera sylvatica,dendroviguiera sylvatica,dendroviguiera sylvatica,NA,NA,NA,NA,NA,NA,NA,unresolved,unresolved,no_match,0,0,0,NA,2026-06-24,3428
Schinus terebinthifolius,schinus terebinthifolius,schinus terebinthifolius,NA,NA,NA,NA,NA,NA,NA,unresolved,unresolved,no_match,0,0,0,NA,2026-06-24,3429
Citrus webberi,citrus webberi,citrus webberi,NA,NA,NA,NA,NA,NA,NA,unresolved,unresolved,no_match,0,0,0,NA,2026-06-24,3430
Clinopodium chinense,clinopodium chinense,clinopodium chinense,Clinopodium chinense,wfo-0000891104,wfo-0000891104,Lamiaceae,Clinopodium,species,accepted,accepted,exact_accepted,exact_accepted_unique,1,1,1,WFO_offline_hierarchical,2026-06-24,3431
Abrus precatorius,abrus precatorius,abrus precatorius,Abrus precatorius,wfo-0000178702,wfo-0000178702,Fabaceae,Abrus,species,accepted,accepted,exact_accepted,exact_accepted_unique,1,1,1,WFO_offline_hierarchical,2026-06-24,3432
Acacia mollissima,acacia mollissima,acacia mollissima,Acacia pubescens,wfo-0000200993,wfo-0000200993,Fabaceae,Acacia,species,synonym,synonym,exact_synonym,exact_synonym_unique,1,1,1,WFO_offline_hierarchical,2026-06-24,3433
Acacia pubescens,acacia pubescens,acacia pubescens,Acacia pubescens,wfo-0000200993,wfo-0000200993,Fabaceae,Acacia,species,accepted,accepted,exact_accepted,exact_accepted_unique,1,1,1,WFO_offline_hierarchical,2026-06-24,3434
Pentagramma pallida,pentagramma pallida,pentagramma pallida,Pentagramma pallida,wfo-0001114297,wfo-0001114297,Pteridaceae,Pentagramma,species,accepted,accepted,exact_accepted,exact_accepted_unique,1,1,1,WFO_offline_hierarchical,2026-06-24,3435
Garcinia echinocarpa,garcinia echinocarpa,garcinia echinocarpa,Garcinia echinocarpa,wfo-0000694290,wfo-0000694290,Clusiaceae,Garcinia,species,accepted,accepted,exact_accepted,exact_accepted_unique,1,1,1,WFO_offline_hierarchical,2026-06-24,3436
Garcinia terpnophylla,garcinia terpnophylla,garcinia terpnophylla,Garcinia terpnophylla,wfo-0000694684,wfo-0000694684,Clusiaceae,Garcinia,species,accepted,accepted,exact_accepted,exact_accepted_unique,1,1,1,WFO_offline_hierarchical,2026-06-24,3437
Petunia exserta,petunia exserta,petunia exserta,Petunia exserta,wfo-0001024427,wfo-0001024427,Solanaceae,Petunia,species,accepted,accepted,exact_accepted,exact_accepted_unique,1,1,1,WFO_offline_hierarchical,2026-06-24,3438
Rubus parviflorus,rubus parviflorus,rubus parviflorus,Rubus parviflorus,wfo-0001016292,wfo-0001016292,Rosaceae,Rubus,species,accepted,accepted,exact_accepted,exact_accepted_unique,1,1,1,WFO_offline_hierarchical,2026-06-24,3439
Millettia ichthyochtona,millettia ichthyochtona,millettia ichthyochtona,Huchimingia ichthyochtona,wfo-1000030199,wfo-1000030199,Fabaceae,Huchimingia,species,synonym,synonym,exact_synonym,exact_synonym_unique,1,1,1,WFO_offline_hierarchical,2026-06-24,3440
Vitex polygama,vitex polygama,vitex polygama,Vitex polygama,wfo-0000333372,wfo-0000333372,Lamiaceae,Vitex,species,accepted,accepted,exact_accepted,exact_accepted_unique,1,1,1,WFO_offline_hierarchical,2026-06-24,3441
Juniperus barbadensis,juniperus barbadensis,juniperus barbadensis,Juniperus barbadensis,wfo-0000355559,wfo-0000355559,Cupressaceae,Juniperus,species,accepted,accepted,exact_accepted,exact_accepted_unique,1,1,1,WFO_offline_hierarchical,2026-06-24,3442
Juniperus virginiana,juniperus virginiana,juniperus virginiana,Juniperus virginiana,wfo-0000354923,wfo-0000354923,Cupressaceae,Juniperus,species,accepted,accepted,exact_accepted,exact_accepted_unique,1,1,1,WFO_offline_hierarchical,2026-06-24,3443
Phalaenopsis equestris,phalaenopsis equestris,phalaenopsis equestris,Phalaenopsis equestris,wfo-0000268204,wfo-0000268204,Orchidaceae,Phalaenopsis,species,accepted,accepted,exact_accepted,exact_accepted_unique,1,1,1,WFO_offline_hierarchical,2026-06-24,3444
Phalaenopsis intermedia,phalaenopsis intermedia,phalaenopsis intermedia,NA,NA,NA,NA,NA,NA,NA,unresolved,unresolved,no_match,0,0,0,NA,2026-06-24,3445
Phalaenopsis leucorrhoda,phalaenopsis leucorrhoda,phalaenopsis leucorrhoda,NA,NA,NA,NA,NA,NA,NA,unresolved,unresolved,no_match,0,0,0,NA,2026-06-24,3446
Phalaenopsis sanderiana,phalaenopsis sanderiana,phalaenopsis sanderiana,Phalaenopsis sanderiana,wfo-0000268306,wfo-0000268306,Orchidaceae,Phalaenopsis,species,accepted,accepted,exact_accepted,exact_accepted_unique,1,1,1,WFO_offline_hierarchical,2026-06-24,3447
Phalaenopsis schilleriana,phalaenopsis schilleriana,phalaenopsis schilleriana,Phalaenopsis schilleriana,wfo-0000268310,wfo-0000268310,Orchidaceae,Phalaenopsis,species,accepted,accepted,exact_accepted,exact_accepted_unique,1,1,1,WFO_offline_hierarchical,2026-06-24,3448
Pericopsis angolensis,pericopsis angolensis,pericopsis angolensis,Pericopsis angolensis,wfo-0000212075,wfo-0000212075,Fabaceae,Pericopsis,species,accepted,accepted,exact_accepted,exact_accepted_unique,1,1,1,WFO_offline_hierarchical,2026-06-24,3449
Citrus hassaku,citrus hassaku,citrus hassaku,Citrus medica,wfo-0000608140,wfo-0000608140,Rutaceae,Citrus,species,synonym,synonym,exact_synonym,exact_synonym_unique,1,1,1,WFO_offline_hierarchical,2026-06-24,3450
Achyrocline tomentosa,achyrocline tomentosa,achyrocline tomentosa,Achyrocline tomentosa,wfo-0000124689,wfo-0000124689,Asteraceae,Achyrocline,species,accepted,accepted,exact_accepted,exact_accepted_unique,1,1,1,WFO_offline_hierarchical,2026-06-24,3451
Viburnum jucundum,viburnum jucundum,viburnum jucundum,Viburnum jucundum,wfo-0000421137,wfo-0000421137,Viburnaceae,Viburnum,species,accepted,accepted,exact_accepted,exact_accepted_unique,1,1,1,WFO_offline_hierarchical,2026-06-24,3452
Parartocarpus bracteatus,parartocarpus bracteatus,parartocarpus bracteatus,Parartocarpus bracteatus,wfo-0000473944,wfo-0000473944,Moraceae,Parartocarpus,species,accepted,accepted,exact_accepted,exact_accepted_unique,1,1,1,WFO_offline_hierarchical,2026-06-24,3453
Senegalia burkei,senegalia burkei,senegalia burkei,Senegalia burkei,wfo-0001336545,wfo-0001336545,Fabaceae,Senegalia,species,accepted,accepted,exact_accepted,exact_accepted_unique,1,1,1,WFO_offline_hierarchical,2026-06-24,3454
Humulus,humulus,humulus,Humulus,wfo-4000018428,wfo-4000018428,Cannabaceae,Humulus,genus,accepted,accepted,exact_accepted,exact_accepted_unique,1,1,1,WFO_offline_hierarchical,2026-06-24,3455
Macrotyloma uniflorum,macrotyloma uniflorum,macrotyloma uniflorum,Macrotyloma uniflorum,wfo-0000182309,wfo-0000182309,Fabaceae,Macrotyloma,species,accepted,accepted,exact_accepted,exact_accepted_unique,1,1,1,WFO_offline_hierarchical,2026-06-24,3456
Tephrosia tuitoensis,tephrosia tuitoensis,tephrosia tuitoensis,Tephrosia tuitoensis,wfo-0000414888,wfo-0000414888,Fabaceae,Tephrosia,species,accepted,accepted,exact_accepted,exact_accepted_unique,1,1,1,WFO_offline_hierarchical,2026-06-24,3457
Pterocaulon alopecuroides,pterocaulon alopecuroides,pterocaulon alopecuroides,Pterocaulon alopecuroides,wfo-0000016722,wfo-0000016722,Asteraceae,Pterocaulon,species,accepted,accepted,exact_accepted,exact_accepted_unique,1,1,1,WFO_offline_hierarchical,2026-06-24,3458
Chamaecyparis obtusa,chamaecyparis obtusa,chamaecyparis obtusa,Chamaecyparis obtusa,wfo-0000599468,wfo-0000599468,Cupressaceae,Chamaecyparis,species,accepted,accepted,exact_accepted,exact_accepted_unique,1,1,1,WFO_offline_hierarchical,2026-06-24,3459
Berchemia pakistanica,berchemia pakistanica,berchemia pakistanica,Berchemia pakistanica,wfo-0000564170,wfo-0000564170,Rhamnaceae,Berchemia,species,accepted,accepted,exact_accepted,exact_accepted_unique,1,1,1,WFO_offline_hierarchical,2026-06-24,3460
Leiothrix curvifolia,leiothrix curvifolia,leiothrix curvifolia,Leiothrix curvifolia,wfo-0000458210,wfo-0000458210,Eriocaulaceae,Leiothrix,species,accepted,accepted,exact_accepted,exact_accepted_unique,1,1,1,WFO_offline_hierarchical,2026-06-24,3461
Corymbia peltata,corymbia peltata,corymbia peltata,Corymbia peltata,wfo-0000925567,wfo-0000925567,Myrtaceae,Corymbia,species,accepted,accepted,exact_accepted,exact_accepted_unique,1,1,1,WFO_offline_hierarchical,2026-06-24,3462
Lachenalia punctata,lachenalia punctata,lachenalia punctata,Lachenalia punctata,wfo-0000686005,wfo-0000686005,Asparagaceae,Lachenalia,species,accepted,accepted,exact_accepted,exact_accepted_unique,1,1,1,WFO_offline_hierarchical,2026-06-24,3463
Polygala dalmaisiana,polygala dalmaisiana,polygala dalmaisiana,NA,NA,NA,NA,NA,NA,NA,unresolved,unresolved,no_match,0,0,0,NA,2026-06-24,3464
Coreopsis basalis,coreopsis basalis,coreopsis basalis,Coreopsis basalis,wfo-0000089037,wfo-0000089037,Asteraceae,Coreopsis,species,accepted,accepted,exact_accepted,exact_accepted_unique,1,1,1,WFO_offline_hierarchical,2026-06-24,3465
Coreopsis californica,coreopsis californica,coreopsis californica,Coreopsis californica,wfo-0000135446,wfo-0000135446,Asteraceae,Coreopsis,species,accepted,accepted,exact_accepted,exact_accepted_unique,1,1,1,WFO_offline_hierarchical,2026-06-24,3466
Coreopsis gladiata,coreopsis gladiata,coreopsis gladiata,Coreopsis gladiata,wfo-0000015130,wfo-0000015130,Asteraceae,Coreopsis,species,accepted,accepted,exact_accepted,exact_accepted_unique,1,1,1,WFO_offline_hierarchical,2026-06-24,3467
Coreopsis hamiltonii,coreopsis hamiltonii,coreopsis hamiltonii,Coreopsis hamiltonii,wfo-0000031592,wfo-0000031592,Asteraceae,Coreopsis,species,accepted,accepted,exact_accepted,exact_accepted_unique,1,1,1,WFO_offline_hierarchical,2026-06-24,3468
Coreopsis integrifolia,coreopsis integrifolia,coreopsis integrifolia,NA,NA,NA,NA,NA,NA,NA,unresolved,unresolved,no_match,0,0,0,NA,2026-06-24,3469
Coreopsis latifolia,coreopsis latifolia,coreopsis latifolia,Coreopsis latifolia,wfo-0000019444,wfo-0000019444,Asteraceae,Coreopsis,species,accepted,accepted,exact_accepted,exact_accepted_unique,1,1,1,WFO_offline_hierarchical,2026-06-24,3470
Coreopsis leavenworthii,coreopsis leavenworthii,coreopsis leavenworthii,Coreopsis leavenworthii,wfo-0000137822,wfo-0000137822,Asteraceae,Coreopsis,species,accepted,accepted,exact_accepted,exact_accepted_unique,1,1,1,WFO_offline_hierarchical,2026-06-24,3471
Coreopsis mcvaughii,coreopsis mcvaughii,coreopsis mcvaughii,Coreopsis mcvaughii,wfo-0000128936,wfo-0000128936,Asteraceae,Coreopsis,species,accepted,accepted,exact_accepted,exact_accepted_unique,1,1,1,WFO_offline_hierarchical,2026-06-24,3472
Coreopsis nudata,coreopsis nudata,coreopsis nudata,Coreopsis nudata,wfo-0000020487,wfo-0000020487,Asteraceae,Coreopsis,species,accepted,accepted,exact_accepted,exact_accepted_unique,1,1,1,WFO_offline_hierarchical,2026-06-24,3473
Coreopsis nuecensis,coreopsis nuecensis,coreopsis nuecensis,Coreopsis nuecensis,wfo-0000035068,wfo-0000035068,Asteraceae,Coreopsis,species,accepted,accepted,exact_accepted,exact_accepted_unique,1,1,1,WFO_offline_hierarchical,2026-06-24,3474
Coreopsis palmata,coreopsis palmata,coreopsis palmata,Coreopsis palmata,wfo-0000044527,wfo-0000044527,Asteraceae,Coreopsis,species,accepted,accepted,exact_accepted,exact_accepted_unique,1,1,1,WFO_offline_hierarchical,2026-06-24,3475
Coreopsis paludosa,coreopsis paludosa,coreopsis paludosa,Coreopsis paludosa,wfo-0000028470,wfo-0000028470,Asteraceae,Coreopsis,species,accepted,accepted,exact_accepted,exact_accepted_unique,1,1,1,WFO_offline_hierarchical,2026-06-24,3476
Coreopsis petrophila,coreopsis petrophila,coreopsis petrophila,Coreopsis petrophila,wfo-0000081788,wfo-0000081788,Asteraceae,Coreopsis,species,accepted,accepted,exact_accepted,exact_accepted_unique,1,1,1,WFO_offline_hierarchical,2026-06-24,3477
Coreopsis petrophiloides,coreopsis petrophiloides,coreopsis petrophiloides,Coreopsis petrophiloides,wfo-0000098726,wfo-0000098726,Asteraceae,Coreopsis,species,accepted,accepted,exact_accepted,exact_accepted_unique,1,1,1,WFO_offline_hierarchical,2026-06-24,3478
Coreopsis pringlei,coreopsis pringlei,coreopsis pringlei,Coreopsis pringlei,wfo-0000031286,wfo-0000031286,Asteraceae,Coreopsis,species,accepted,accepted,exact_accepted,exact_accepted_unique,1,1,1,WFO_offline_hierarchical,2026-06-24,3479
Coreopsis rhyacophila,coreopsis rhyacophila,coreopsis rhyacophila,Coreopsis rhyacophila,wfo-0000064104,wfo-0000064104,Asteraceae,Coreopsis,species,accepted,accepted,exact_accepted,exact_accepted_unique,1,1,1,WFO_offline_hierarchical,2026-06-24,3480
Coreopsis rosea,coreopsis rosea,coreopsis rosea,Coreopsis rosea,wfo-0000015938,wfo-0000015938,Asteraceae,Coreopsis,species,accepted,accepted,exact_accepted,exact_accepted_unique,1,1,1,WFO_offline_hierarchical,2026-06-24,3481
Coreopsis tripteris,coreopsis tripteris,coreopsis tripteris,Coreopsis tripteris,wfo-0000088275,wfo-0000088275,Asteraceae,Coreopsis,species,accepted,accepted,exact_accepted,exact_accepted_unique,1,1,1,WFO_offline_hierarchical,2026-06-24,3482
Electranthera cuneifolia,electranthera cuneifolia,electranthera cuneifolia,NA,NA,NA,NA,NA,NA,NA,unresolved,unresolved,no_match,0,0,0,NA,2026-06-24,3483
Electranthera mutica,electranthera mutica,electranthera mutica,Electranthera mutica,wfo-0001330568,wfo-0001330568,Asteraceae,Electranthera,species,accepted,accepted,exact_accepted,exact_accepted_unique,1,1,1,WFO_offline_hierarchical,2026-06-24,3484
Electranthera parvifolia,electranthera parvifolia,electranthera parvifolia,NA,NA,NA,NA,NA,NA,NA,unresolved,unresolved,no_match,0,0,0,NA,2026-06-24,3485
Heterosperma mexicanum,heterosperma mexicanum,heterosperma mexicanum,Heterosperma mexicanum,wfo-0001423694,wfo-0001423694,Asteraceae,Heterosperma,species,accepted,accepted,exact_accepted,exact_accepted_unique,1,1,1,WFO_offline_hierarchical,2026-06-24,3486
Coreopsis nuecensoides,coreopsis nuecensoides,coreopsis nuecensoides,Coreopsis nuecensis,wfo-0000035068,wfo-0000035068,Asteraceae,Coreopsis,species,synonym,synonym,exact_synonym,exact_synonym_unique,1,1,1,WFO_offline_hierarchical,2026-06-24,3487
Coreopsis wrightii,coreopsis wrightii,coreopsis wrightii,Coreopsis wrightii,wfo-0000020454,wfo-0000020454,Asteraceae,Coreopsis,species,accepted,accepted,exact_accepted,exact_accepted_unique,1,1,1,WFO_offline_hierarchical,2026-06-24,3488
Dendroviguiera eriophora,dendroviguiera eriophora,dendroviguiera eriophora,NA,NA,NA,NA,NA,NA,NA,unresolved,unresolved,no_match,0,0,0,NA,2026-06-24,3489
Dendroviguiera insignis,dendroviguiera insignis,dendroviguiera insignis,NA,NA,NA,NA,NA,NA,NA,unresolved,unresolved,no_match,0,0,0,NA,2026-06-24,3490
Viguiera,viguiera,viguiera,Viguiera,wfo-4000040269,wfo-4000040269,Asteraceae,Viguiera,genus,accepted,accepted,exact_accepted,exact_accepted_unique,1,1,1,WFO_offline_hierarchical,2026-06-24,3491
Posidonia oceanica,posidonia oceanica,posidonia oceanica,Posidonia oceanica,wfo-0000769715,wfo-0000769715,Posidoniaceae,Posidonia,species,accepted,accepted,exact_accepted,exact_accepted_unique,1,1,1,WFO_offline_hierarchical,2026-06-24,3492
Micromelum compressum,micromelum compressum,micromelum compressum,Micromelum compressum,wfo-0000452950,wfo-0000452950,Rutaceae,Micromelum,species,accepted,accepted,exact_accepted,exact_accepted_unique,1,1,1,WFO_offline_hierarchical,2026-06-24,3493
Micromelum minutum,micromelum minutum,micromelum minutum,Micromelum minutum,wfo-0000452910,wfo-0000452910,Rutaceae,Micromelum,species,accepted,accepted,exact_accepted,exact_accepted_unique,1,1,1,WFO_offline_hierarchical,2026-06-24,3494
Engelhardtia serrata,engelhardtia serrata,engelhardtia serrata,NA,NA,NA,NA,NA,NA,NA,unresolved,unresolved,no_match,0,0,0,NA,2026-06-24,3495
Vaccinium japonicum,vaccinium japonicum,vaccinium japonicum,Vaccinium japonicum,wfo-0001048558,wfo-0001048558,Ericaceae,Vaccinium,species,accepted,accepted,exact_accepted,exact_accepted_unique,1,1,1,WFO_offline_hierarchical,2026-06-24,3496
Vaccinium uliginosum,vaccinium uliginosum,vaccinium uliginosum,Vaccinium uliginosum,wfo-0000422453,wfo-0000422453,Ericaceae,Vaccinium,species,accepted,accepted,exact_accepted,exact_accepted_unique,1,1,1,WFO_offline_hierarchical,2026-06-24,3497
Convolvulus prostratus,convolvulus prostratus,convolvulus prostratus,Convolvulus prostratus,wfo-0001298821,wfo-0001298821,Convolvulaceae,Convolvulus,species,accepted,accepted,exact_accepted,exact_accepted_unique,1,1,1,WFO_offline_hierarchical,2026-06-24,3498
Evolvulus nuttallianus,evolvulus nuttallianus,evolvulus nuttallianus,Evolvulus nuttallianus,wfo-0001297929,wfo-0001297929,Convolvulaceae,Evolvulus,species,accepted,accepted,exact_accepted,exact_accepted_unique,1,1,1,WFO_offline_hierarchical,2026-06-24,3499
Sesuvium portulacastrum,sesuvium portulacastrum,sesuvium portulacastrum,Sesuvium portulacastrum,wfo-0000432992,wfo-0000432992,Aizoaceae,Sesuvium,species,accepted,accepted,exact_accepted,exact_accepted_unique,1,1,1,WFO_offline_hierarchical,2026-06-24,3500
Vaccinium virgatum,vaccinium virgatum,vaccinium virgatum,Vaccinium corymbosum,wfo-0000422953,wfo-0000422953,Ericaceae,Vaccinium,species,synonym,synonym,exact_synonym,exact_synonym_unique,1,1,1,WFO_offline_hierarchical,2026-06-24,3501
Dianthus superbus,dianthus superbus,dianthus superbus,Dianthus superbus,wfo-0000644338,wfo-0000644338,Caryophyllaceae,Dianthus,species,accepted,accepted,exact_accepted,exact_accepted_unique,1,1,1,WFO_offline_hierarchical,2026-06-24,3502
Oxytropis muricata,oxytropis muricata,oxytropis muricata,Oxytropis muricata,wfo-0000186851,wfo-0000186851,Fabaceae,Oxytropis,species,accepted,accepted,exact_accepted,exact_accepted_unique,1,1,1,WFO_offline_hierarchical,2026-06-24,3503
Oxytropis puberula,oxytropis puberula,oxytropis puberula,Oxytropis puberula,wfo-0000188967,wfo-0000188967,Fabaceae,Oxytropis,species,accepted,accepted,exact_accepted,exact_accepted_unique,1,1,1,WFO_offline_hierarchical,2026-06-24,3504
Polygonatum kingianum,polygonatum kingianum,polygonatum kingianum,Polygonatum kingianum,wfo-0000715810,wfo-0000715810,Asparagaceae,Polygonatum,species,accepted,accepted,exact_accepted,exact_accepted_unique,1,1,1,WFO_offline_hierarchical,2026-06-24,3505
Lycoris traubii,lycoris traubii,lycoris traubii,Lycoris traubii,wfo-0000683514,wfo-0000683514,Amaryllidaceae,Lycoris,species,accepted,accepted,exact_accepted,exact_accepted_unique,1,1,1,WFO_offline_hierarchical,2026-06-24,3506
Agave barbadensis,agave barbadensis,agave barbadensis,Agave karatto,wfo-0000754488,wfo-0000754488,Asparagaceae,Agave,species,synonym,synonym,exact_synonym,exact_synonym_unique,1,1,1,WFO_offline_hierarchical,2026-06-24,3507
Ormosia sumatrana,ormosia sumatrana,ormosia sumatrana,Ormosia sumatrana,wfo-0000185591,wfo-0000185591,Fabaceae,Ormosia,species,accepted,accepted,exact_accepted,exact_accepted_unique,1,1,1,WFO_offline_hierarchical,2026-06-24,3508
Smilax leucophylla,smilax leucophylla,smilax leucophylla,Smilax leucophylla,wfo-0000742549,wfo-0000742549,Smilacaceae,Smilax,species,accepted,accepted,exact_accepted,exact_accepted_unique,1,1,1,WFO_offline_hierarchical,2026-06-24,3509
Aframomum letestuanum,aframomum letestuanum,aframomum letestuanum,Aframomum letestuanum,wfo-0000338079,wfo-0000338079,Zingiberaceae,Aframomum,species,accepted,accepted,exact_accepted,exact_accepted_unique,1,1,1,WFO_offline_hierarchical,2026-06-24,3510
Tsuga chinensis,tsuga chinensis,tsuga chinensis,Tsuga chinensis,wfo-0000456399,wfo-0000456399,Pinaceae,Tsuga,species,accepted,accepted,exact_accepted,exact_accepted_unique,1,1,1,WFO_offline_hierarchical,2026-06-24,3511
Celastrus paniculatus,celastrus paniculatus,celastrus paniculatus,Celastrus paniculatus,wfo-0000592859,wfo-0000592859,Celastraceae,Celastrus,species,accepted,accepted,exact_accepted,exact_accepted_unique,1,1,1,WFO_offline_hierarchical,2026-06-24,3512
Cassia roxburghii,cassia roxburghii,cassia roxburghii,Cassia roxburghii,wfo-0000164654,wfo-0000164654,Fabaceae,Cassia,species,accepted,accepted,exact_accepted,exact_accepted_unique,1,1,1,WFO_offline_hierarchical,2026-06-24,3513
Madhuca pasquieri,madhuca pasquieri,madhuca pasquieri,Madhuca pasquieri,wfo-0000232822,wfo-0000232822,Sapotaceae,Madhuca,species,accepted,accepted,exact_accepted,exact_accepted_unique,1,1,1,WFO_offline_hierarchical,2026-06-24,3514
Aglaomorpha fortunei,aglaomorpha fortunei,aglaomorpha fortunei,Drynaria roosii,wfo-0000748038,wfo-0000748038,Polypodiaceae,Drynaria,species,synonym,synonym,exact_synonym,exact_synonym_unique,1,1,1,WFO_offline_hierarchical,2026-06-24,3515
Trichogonia salviaefolia,trichogonia salviaefolia,trichogonia salviaefolia,NA,NA,NA,NA,NA,NA,NA,unresolved,unresolved,no_match,0,0,0,NA,2026-06-24,3516
Arachniodes miqueliana,arachniodes miqueliana,arachniodes miqueliana,Arachniodes miqueliana,wfo-0001115733,wfo-0001115733,Dryopteridaceae,Arachniodes,species,accepted,accepted,exact_accepted,exact_accepted_unique,1,1,1,WFO_offline_hierarchical,2026-06-24,3517
Piper obliquum,piper obliquum,piper obliquum,Piper obliquum,wfo-0000486275,wfo-0000486275,Piperaceae,Piper,species,accepted,accepted,exact_accepted,exact_accepted_unique,1,1,1,WFO_offline_hierarchical,2026-06-24,3518
Daphne acutiloba,daphne acutiloba,daphne acutiloba,Daphne acutiloba,wfo-0000637436,wfo-0000637436,Thymelaeaceae,Daphne,species,accepted,accepted,exact_accepted,exact_accepted_unique,1,1,1,WFO_offline_hierarchical,2026-06-24,3519
Asarum macranthum,asarum macranthum,asarum macranthum,Asarum macranthum,wfo-0000550900,wfo-0000550900,Aristolochiaceae,Asarum,species,accepted,accepted,exact_accepted,exact_accepted_unique,1,1,1,WFO_offline_hierarchical,2026-06-24,3520
Bulbophyllum kwangtungense,bulbophyllum kwangtungense,bulbophyllum kwangtungense,Bulbophyllum kwangtungense,wfo-0000525354,wfo-0000525354,Orchidaceae,Bulbophyllum,species,accepted,accepted,exact_accepted,exact_accepted_unique,1,1,1,WFO_offline_hierarchical,2026-06-24,3521
Ophiorrhiza blumeana,ophiorrhiza blumeana,ophiorrhiza blumeana,Ophiorrhiza blumeana,wfo-0000256913,wfo-0000256913,Rubiaceae,Ophiorrhiza,species,accepted,accepted,exact_accepted,exact_accepted_unique,1,1,1,WFO_offline_hierarchical,2026-06-24,3522
Ophiorrhiza bracteata,ophiorrhiza bracteata,ophiorrhiza bracteata,Ophiorrhiza bracteata,wfo-0000256918,wfo-0000256918,Rubiaceae,Ophiorrhiza,species,accepted,accepted,exact_accepted,exact_accepted_unique,1,1,1,WFO_offline_hierarchical,2026-06-24,3523
Oroxylum indicum,oroxylum indicum,oroxylum indicum,Oroxylum indicum,wfo-0000779181,wfo-0000779181,Bignoniaceae,Oroxylum,species,accepted,accepted,exact_accepted,exact_accepted_unique,1,1,1,WFO_offline_hierarchical,2026-06-24,3524
Hamelia patens,hamelia patens,hamelia patens,Hamelia patens,wfo-0000979110,wfo-0000979110,Rubiaceae,Hamelia,species,accepted,accepted,exact_accepted,exact_accepted_unique,1,1,1,WFO_offline_hierarchical,2026-06-24,3525
Centaurea spinosa,centaurea spinosa,centaurea spinosa,Centaurea spinosa,wfo-0000079422,wfo-0000079422,Asteraceae,Centaurea,species,accepted,accepted,exact_accepted,exact_accepted_unique,1,1,1,WFO_offline_hierarchical,2026-06-24,3526
Eucryphia glutinosa,eucryphia glutinosa,eucryphia glutinosa,Eucryphia glutinosa,wfo-0000681180,wfo-0000681180,Cunoniaceae,Eucryphia,species,accepted,accepted,exact_accepted,exact_accepted_unique,1,1,1,WFO_offline_hierarchical,2026-06-24,3527
Quercus petraea,quercus petraea,quercus petraea,Quercus petraea,wfo-0000292459,wfo-0000292459,Fagaceae,Quercus,species,accepted,accepted,exact_accepted,exact_accepted_unique,1,1,1,WFO_offline_hierarchical,2026-06-24,3528
Zizania latifolia,zizania latifolia,zizania latifolia,Zizania latifolia,wfo-0000908012,wfo-0000908012,Poaceae,Zizania,species,accepted,accepted,exact_accepted,exact_accepted_unique,1,1,1,WFO_offline_hierarchical,2026-06-24,3529
Salvia leucantha,salvia leucantha,salvia leucantha,Salvia leucantha,wfo-0000301425,wfo-0000301425,Lamiaceae,Salvia,species,accepted,accepted,exact_accepted,exact_accepted_unique,1,1,1,WFO_offline_hierarchical,2026-06-24,3530
Ruta chalepensis,ruta chalepensis,ruta chalepensis,Ruta chalepensis,wfo-0000463803,wfo-0000463803,Rutaceae,Ruta,species,accepted,accepted,exact_accepted,exact_accepted_unique,1,1,1,WFO_offline_hierarchical,2026-06-24,3531
Achillea clypeolata,achillea clypeolata,achillea clypeolata,Achillea clypeolata,wfo-0000077945,wfo-0000077945,Asteraceae,Achillea,species,accepted,accepted,exact_accepted,exact_accepted_unique,1,1,1,WFO_offline_hierarchical,2026-06-24,3532
Carlina acaulis,carlina acaulis,carlina acaulis,Carlina acaulis,wfo-0000090349,wfo-0000090349,Asteraceae,Carlina,species,accepted,accepted,exact_accepted,exact_accepted_unique,1,1,1,WFO_offline_hierarchical,2026-06-24,3533
Lycopus europaeus,lycopus europaeus,lycopus europaeus,Lycopus europaeus,wfo-0000231391,wfo-0000231391,Lamiaceae,Lycopus,species,accepted,accepted,exact_accepted,exact_accepted_unique,1,1,1,WFO_offline_hierarchical,2026-06-24,3534
Nothofagus pumilio,nothofagus pumilio,nothofagus pumilio,Nothofagus pumilio,wfo-0000252158,wfo-0000252158,Nothofagaceae,Nothofagus,species,accepted,accepted,exact_accepted,exact_accepted_unique,1,1,1,WFO_offline_hierarchical,2026-06-24,3535
Peperomia serpens,peperomia serpens,peperomia serpens,Peperomia serpens,wfo-0000479465,wfo-0000479465,Piperaceae,Peperomia,species,accepted,accepted,exact_accepted,exact_accepted_unique,1,1,1,WFO_offline_hierarchical,2026-06-24,3536
Scutellaria caerulea,scutellaria caerulea,scutellaria caerulea,NA,NA,NA,NA,NA,NA,NA,unresolved,unresolved,no_match,0,0,0,NA,2026-06-24,3537
Flemingia stricta,flemingia stricta,flemingia stricta,Flemingia stricta,wfo-0001057607,wfo-0001057607,Fabaceae,Flemingia,species,accepted,accepted,exact_accepted,exact_accepted_unique,1,1,1,WFO_offline_hierarchical,2026-06-24,3538
Virgilia,virgilia,virgilia,Virgilia,wfo-4000040327,wfo-4000040327,Fabaceae,Virgilia,genus,accepted,accepted,exact_accepted,exact_accepted_unique,1,1,1,WFO_offline_hierarchical,2026-06-24,3539
Vitis cinerea,vitis cinerea,vitis cinerea,Vitis cinerea,wfo-0001145269,wfo-0001145269,Vitaceae,Vitis,species,accepted,accepted,exact_accepted,exact_accepted_unique,1,1,1,WFO_offline_hierarchical,2026-06-24,3540
Polygonum aviculare,polygonum aviculare,polygonum aviculare,Polygonum aviculare,wfo-0000489656,wfo-0000489656,Polygonaceae,Polygonum,species,accepted,accepted,exact_accepted,exact_accepted_unique,1,1,1,WFO_offline_hierarchical,2026-06-24,3541
Persicaria limbata,persicaria limbata,persicaria limbata,Persicaria limbata,wfo-0000488472,wfo-0000488472,Polygonaceae,Persicaria,species,accepted,accepted,exact_accepted,exact_accepted_unique,1,1,1,WFO_offline_hierarchical,2026-06-24,3542
Ficus erecta,ficus erecta,ficus erecta,Ficus erecta,wfo-0000688248,wfo-0000688248,Moraceae,Ficus,species,accepted,accepted,exact_accepted,exact_accepted_unique,1,1,1,WFO_offline_hierarchical,2026-06-24,3543
Esenbeckia,esenbeckia,esenbeckia,Esenbeckia,wfo-4000014038,wfo-4000014038,Rutaceae,Esenbeckia,genus,accepted,accepted,exact_accepted,exact_accepted_unique,1,1,1,WFO_offline_hierarchical,2026-06-24,3544
Baccharis magellanica,baccharis magellanica,baccharis magellanica,Baccharis magellanica,wfo-0000007632,wfo-0000007632,Asteraceae,Baccharis,species,accepted,accepted,exact_accepted,exact_accepted_unique,1,1,1,WFO_offline_hierarchical,2026-06-24,3545
Tephrosia woodii,tephrosia woodii,tephrosia woodii,NA,NA,NA,NA,NA,NA,NA,unresolved,exact_conflict,exact_synonym_conflict,2,2,2,NA,2026-06-24,3546
Tephrosia bracteolata,tephrosia bracteolata,tephrosia bracteolata,Tephrosia bracteolata,wfo-0000201770,wfo-0000201770,Fabaceae,Tephrosia,species,accepted,accepted,exact_accepted,exact_accepted_unique,1,1,1,WFO_offline_hierarchical,2026-06-24,3547
Camellia,camellia,camellia,Camellia,wfo-4000006359,wfo-4000006359,Theaceae,Camellia,genus,accepted,accepted,exact_accepted,exact_accepted_unique,1,1,1,WFO_offline_hierarchical,2026-06-24,3548
Clerodendrum phlomoides,clerodendrum phlomoides,clerodendrum phlomoides,NA,NA,NA,NA,NA,NA,NA,unresolved,unresolved,no_match,0,0,0,NA,2026-06-24,3549
Aconitum kongboense,aconitum kongboense,aconitum kongboense,Aconitum kongboense,wfo-0000517487,wfo-0000517487,Ranunculaceae,Aconitum,species,accepted,accepted,exact_accepted,exact_accepted_unique,1,1,1,WFO_offline_hierarchical,2026-06-24,3550
Abrus pulchellus,abrus pulchellus,abrus pulchellus,Abrus melanospermus subsp. melanospermus,wfo-0001444217,wfo-0001444217,Fabaceae,Abrus,subspecies,synonym,synonym,exact_synonym,exact_synonym_unique,1,1,1,WFO_offline_hierarchical,2026-06-24,3551
Astragalus peregrinus,astragalus peregrinus,astragalus peregrinus,Astragalus peregrinus,wfo-0000212549,wfo-0000212549,Fabaceae,Astragalus,species,accepted,accepted,exact_accepted,exact_accepted_unique,1,1,1,WFO_offline_hierarchical,2026-06-24,3552
Paronychia argentea,paronychia argentea,paronychia argentea,Paronychia argentea,wfo-0000466806,wfo-0000466806,Caryophyllaceae,Paronychia,species,accepted,accepted,exact_accepted,exact_accepted_unique,1,1,1,WFO_offline_hierarchical,2026-06-24,3553
Fortunella margarita,fortunella margarita,fortunella margarita,Citrus japonica,wfo-0000608080,wfo-0000608080,Rutaceae,Citrus,species,synonym,synonym,exact_synonym,exact_synonym_unique,1,1,1,WFO_offline_hierarchical,2026-06-24,3554
Ledebouria leptophylla,ledebouria leptophylla,ledebouria leptophylla,Ledebouria leptophylla,wfo-0000913090,wfo-0000913090,Asparagaceae,Ledebouria,species,accepted,accepted,exact_accepted,exact_accepted_unique,1,1,1,WFO_offline_hierarchical,2026-06-24,3555
Aloe castellorum,aloe castellorum,aloe castellorum,Aloe castellorum,wfo-0000758007,wfo-0000758007,Asphodelaceae,Aloe,species,accepted,accepted,exact_accepted,exact_accepted_unique,1,1,1,WFO_offline_hierarchical,2026-06-24,3556
Fusifilum depressum,fusifilum depressum,fusifilum depressum,Fusifilum depressum,wfo-0000768310,wfo-0000768310,Asparagaceae,Fusifilum,species,accepted,accepted,exact_accepted,exact_accepted_unique,1,1,1,WFO_offline_hierarchical,2026-06-24,3557
Conyza pallidiflora,conyza pallidiflora,conyza pallidiflora,Conyza pallidiflora,wfo-0000041246,wfo-0000041246,Asteraceae,Conyza,species,accepted,accepted,exact_accepted,exact_accepted_unique,1,1,1,WFO_offline_hierarchical,2026-06-24,3558
Plagius grandis,plagius grandis,plagius grandis,Plagius grandis,wfo-0000062203,wfo-0000062203,Asteraceae,Plagius,species,accepted,accepted,exact_accepted,exact_accepted_unique,1,1,1,WFO_offline_hierarchical,2026-06-24,3559
Onopordum myriacanthum,onopordum myriacanthum,onopordum myriacanthum,Onopordum myriacanthum,wfo-0000013604,wfo-0000013604,Asteraceae,Onopordum,species,accepted,accepted,exact_accepted,exact_accepted_unique,1,1,1,WFO_offline_hierarchical,2026-06-24,3560
Gaillardia tontalensis,gaillardia tontalensis,gaillardia tontalensis,Gaillardia tontalensis,wfo-0000035551,wfo-0000035551,Asteraceae,Gaillardia,species,accepted,accepted,exact_accepted,exact_accepted_unique,1,1,1,WFO_offline_hierarchical,2026-06-24,3561
Deinandra greeneana,deinandra greeneana,deinandra greeneana,Deinandra greeneana,wfo-0000006775,wfo-0000006775,Asteraceae,Deinandra,species,accepted,accepted,exact_accepted,exact_accepted_unique,1,1,1,WFO_offline_hierarchical,2026-06-24,3562
Luetkea pectinata,luetkea pectinata,luetkea pectinata,Luetkea pectinata,wfo-0001013556,wfo-0001013556,Rosaceae,Luetkea,species,accepted,accepted,exact_accepted,exact_accepted_unique,1,1,1,WFO_offline_hierarchical,2026-06-24,3563
Hazardia squarrosa,hazardia squarrosa,hazardia squarrosa,Hazardia squarrosa,wfo-0000063376,wfo-0000063376,Asteraceae,Hazardia,species,accepted,accepted,exact_accepted,exact_accepted_unique,1,1,1,WFO_offline_hierarchical,2026-06-24,3564
Rhus retinorrhaea,rhus retinorrhaea,rhus retinorrhaea,NA,NA,NA,NA,NA,NA,NA,unresolved,unresolved,no_match,0,0,0,NA,2026-06-24,3565
Onopordum boissierianum,onopordum boissierianum,onopordum boissierianum,Onopordum boissierianum,wfo-0000016533,wfo-0000016533,Asteraceae,Onopordum,species,accepted,accepted,exact_accepted,exact_accepted_unique,1,1,1,WFO_offline_hierarchical,2026-06-24,3566
Onopordum laconicum,onopordum laconicum,onopordum laconicum,Onopordum laconicum,wfo-0000052252,wfo-0000052252,Asteraceae,Onopordum,species,accepted,accepted,exact_accepted,exact_accepted_unique,1,1,1,WFO_offline_hierarchical,2026-06-24,3567
Hypericum hircinum,hypericum hircinum,hypericum hircinum,Hypericum hircinum,wfo-0000727735,wfo-0000727735,Hypericaceae,Hypericum,species,accepted,accepted,exact_accepted,exact_accepted_unique,1,1,1,WFO_offline_hierarchical,2026-06-24,3568
Allagopappus canariensis,allagopappus canariensis,allagopappus canariensis,Allagopappus canariensis,wfo-0000001533,wfo-0000001533,Asteraceae,Allagopappus,species,accepted,accepted,exact_accepted,exact_accepted_unique,1,1,1,WFO_offline_hierarchical,2026-06-24,3569
Encelia actonii,encelia actonii,encelia actonii,Encelia actonii,wfo-1000040481,wfo-1000040481,Asteraceae,Encelia,species,accepted,accepted,exact_accepted,exact_accepted_unique,1,1,1,WFO_offline_hierarchical,2026-06-24,3570
Encelia ventorum,encelia ventorum,encelia ventorum,Encelia ventorum,wfo-0000071719,wfo-0000071719,Asteraceae,Encelia,species,accepted,accepted,exact_accepted,exact_accepted_unique,1,1,1,WFO_offline_hierarchical,2026-06-24,3571
Encelia virginensis,encelia virginensis,encelia virginensis,Encelia virginensis,wfo-0000014822,wfo-0000014822,Asteraceae,Encelia,species,accepted,accepted,exact_accepted,exact_accepted_unique,1,1,1,WFO_offline_hierarchical,2026-06-24,3572
Ambrosia salsola,ambrosia salsola,ambrosia salsola,Ambrosia salsola,wfo-0000033506,wfo-0000033506,Asteraceae,Ambrosia,species,accepted,accepted,exact_accepted,exact_accepted_unique,1,1,1,WFO_offline_hierarchical,2026-06-24,3573
Rubus phoenicolasius,rubus phoenicolasius,rubus phoenicolasius,Rubus phoenicolasius,wfo-0001016934,wfo-0001016934,Rosaceae,Rubus,species,accepted,accepted,exact_accepted,exact_accepted_unique,1,1,1,WFO_offline_hierarchical,2026-06-24,3574
Eupatorium album,eupatorium album,eupatorium album,Eupatorium album,wfo-0000059784,wfo-0000059784,Asteraceae,Eupatorium,species,accepted,accepted,exact_accepted,exact_accepted_unique,1,1,1,WFO_offline_hierarchical,2026-06-24,3575
Eupatorium hyssopifolium,eupatorium hyssopifolium,eupatorium hyssopifolium,Eupatorium hyssopifolium,wfo-0000035601,wfo-0000035601,Asteraceae,Eupatorium,species,accepted,accepted,exact_accepted,exact_accepted_unique,1,1,1,WFO_offline_hierarchical,2026-06-24,3576
Eupatorium rotundifolium,eupatorium rotundifolium,eupatorium rotundifolium,Eupatorium rotundifolium,wfo-0000087303,wfo-0000087303,Asteraceae,Eupatorium,species,accepted,accepted,exact_accepted,exact_accepted_unique,1,1,1,WFO_offline_hierarchical,2026-06-24,3577
Eupatorium serotinum,eupatorium serotinum,eupatorium serotinum,Eupatorium serotinum,wfo-0000055753,wfo-0000055753,Asteraceae,Eupatorium,species,accepted,accepted,exact_accepted,exact_accepted_unique,1,1,1,WFO_offline_hierarchical,2026-06-24,3578
Eutrochium fistulosum,eutrochium fistulosum,eutrochium fistulosum,Eutrochium fistulosum,wfo-0000127334,wfo-0000127334,Asteraceae,Eutrochium,species,accepted,accepted,exact_accepted,exact_accepted_unique,1,1,1,WFO_offline_hierarchical,2026-06-24,3579
Neomirandea angularis,neomirandea angularis,neomirandea angularis,Neomirandea angularis,wfo-0000115358,wfo-0000115358,Asteraceae,Neomirandea,species,accepted,accepted,exact_accepted,exact_accepted_unique,1,1,1,WFO_offline_hierarchical,2026-06-24,3580
Stifftia chrysantha,stifftia chrysantha,stifftia chrysantha,Stifftia chrysantha,wfo-0000004924,wfo-0000004924,Asteraceae,Stifftia,species,accepted,accepted,exact_accepted,exact_accepted_unique,1,1,1,WFO_offline_hierarchical,2026-06-24,3581
Leucas urticifolia,leucas urticifolia,leucas urticifolia,Leucas urticifolia,wfo-0000227199,wfo-0000227199,Lamiaceae,Leucas,species,accepted,accepted,exact_accepted,exact_accepted_unique,1,1,1,WFO_offline_hierarchical,2026-06-24,3582
Coronilla emerus,coronilla emerus,coronilla emerus,Hippocrepis emerus,wfo-0000205514,wfo-0000205514,Fabaceae,Hippocrepis,species,synonym,synonym,exact_synonym,exact_synonym_unique,1,1,1,WFO_offline_hierarchical,2026-06-24,3583
Hippocrepis emerus,hippocrepis emerus,hippocrepis emerus,Hippocrepis emerus,wfo-0000205514,wfo-0000205514,Fabaceae,Hippocrepis,species,accepted,accepted,exact_accepted,exact_accepted_unique,1,1,1,WFO_offline_hierarchical,2026-06-24,3584
Hippocrepis,hippocrepis,hippocrepis,Hippocrepis,wfo-4000017961,wfo-4000017961,Fabaceae,Hippocrepis,genus,accepted,accepted,exact_accepted,exact_accepted_unique,1,1,1,WFO_offline_hierarchical,2026-06-24,3585
Psidium acutangulum,psidium acutangulum,psidium acutangulum,Psidium acutangulum,wfo-0000284273,wfo-0000284273,Myrtaceae,Psidium,species,accepted,accepted,exact_accepted,exact_accepted_unique,1,1,1,WFO_offline_hierarchical,2026-06-24,3586
Vauquelinia corymbosa,vauquelinia corymbosa,vauquelinia corymbosa,Vauquelinia corymbosa,wfo-0001015639,wfo-0001015639,Rosaceae,Vauquelinia,species,accepted,accepted,exact_accepted,exact_accepted_unique,1,1,1,WFO_offline_hierarchical,2026-06-24,3587
Crassula argentea,crassula argentea,crassula argentea,Crassula ovata,wfo-0000625299,wfo-0000625299,Crassulaceae,Crassula,species,synonym,synonym,exact_synonym,exact_synonym_unique,1,1,1,WFO_offline_hierarchical,2026-06-24,3588
Crassula ovata,crassula ovata,crassula ovata,Crassula ovata,wfo-0000625299,wfo-0000625299,Crassulaceae,Crassula,species,accepted,accepted,exact_accepted,exact_accepted_unique,1,1,1,WFO_offline_hierarchical,2026-06-24,3589
Grevillea robusta,grevillea robusta,grevillea robusta,Grevillea robusta,wfo-0000709544,wfo-0000709544,Proteaceae,Grevillea,species,accepted,accepted,exact_accepted,exact_accepted_unique,1,1,1,WFO_offline_hierarchical,2026-06-24,3590
Jamesia americana,jamesia americana,jamesia americana,Jamesia americana,wfo-0001135533,wfo-0001135533,Hydrangeaceae,Jamesia,species,accepted,accepted,exact_accepted,exact_accepted_unique,1,1,1,WFO_offline_hierarchical,2026-06-24,3591
Parrotia persica,parrotia persica,parrotia persica,Parrotia persica,wfo-0000467450,wfo-0000467450,Hamamelidaceae,Parrotia,species,accepted,accepted,exact_accepted,exact_accepted_unique,1,1,1,WFO_offline_hierarchical,2026-06-24,3592
Pilea cadierei,pilea cadierei,pilea cadierei,Pilea cadierei,wfo-0000472993,wfo-0000472993,Urticaceae,Pilea,species,accepted,accepted,exact_accepted,exact_accepted_unique,1,1,1,WFO_offline_hierarchical,2026-06-24,3593
Ribes alpinum,ribes alpinum,ribes alpinum,Ribes alpinum,wfo-0000404909,wfo-0000404909,Grossulariaceae,Ribes,species,accepted,accepted,exact_accepted,exact_accepted_unique,1,1,1,WFO_offline_hierarchical,2026-06-24,3594
Ribes cynosbati,ribes cynosbati,ribes cynosbati,Ribes cynosbati,wfo-0001135595,wfo-0001135595,Grossulariaceae,Ribes,species,accepted,accepted,exact_accepted,exact_accepted_unique,1,1,1,WFO_offline_hierarchical,2026-06-24,3595
Ribes distans,ribes distans,ribes distans,Ribes maximoviczianum,wfo-1000035503,wfo-1000035503,Grossulariaceae,Ribes,species,synonym,synonym,exact_synonym,exact_synonym_unique,1,1,1,WFO_offline_hierarchical,2026-06-24,3596
Ribes missouriense,ribes missouriense,ribes missouriense,Ribes missouriense,wfo-0001135616,wfo-0001135616,Grossulariaceae,Ribes,species,accepted,accepted,exact_accepted,exact_accepted_unique,1,1,1,WFO_offline_hierarchical,2026-06-24,3597
Ribes petraeum,ribes petraeum,ribes petraeum,Ribes petraeum,wfo-0000405142,wfo-0000405142,Grossulariaceae,Ribes,species,accepted,accepted,exact_accepted,exact_accepted_unique,1,1,1,WFO_offline_hierarchical,2026-06-24,3598
Salix cinerea,salix cinerea,salix cinerea,Salix cinerea,wfo-0000929149,wfo-0000929149;wfo-0000930920,Salicaceae,Salix,species,accepted,accepted,exact_accepted,exact_accepted_consensus_multiple_ids,2,2,1,WFO_offline_hierarchical,2026-06-24,3599
Pinus uncinata,pinus uncinata,pinus uncinata,Pinus uncinata,wfo-0000481563,wfo-0000481563,Pinaceae,Pinus,species,accepted,accepted,exact_accepted,exact_accepted_unique,1,1,1,WFO_offline_hierarchical,2026-06-24,3600
Eugenia choapamensis,eugenia choapamensis,eugenia choapamensis,Eugenia choapamensis,wfo-0000956804,wfo-0000956804,Myrtaceae,Eugenia,species,accepted,accepted,exact_accepted,exact_accepted_unique,1,1,1,WFO_offline_hierarchical,2026-06-24,3601
Eugenia doubledayi,eugenia doubledayi,eugenia doubledayi,Eugenia doubledayi,wfo-0000957162,wfo-0000957162,Myrtaceae,Eugenia,species,accepted,accepted,exact_accepted,exact_accepted_unique,1,1,1,WFO_offline_hierarchical,2026-06-24,3602
Eugenia glomerata,eugenia glomerata,eugenia glomerata,NA,NA,NA,NA,NA,NA,NA,unresolved,exact_conflict,exact_synonym_conflict,6,5,5,NA,2026-06-24,3603
Eugenia hirta,eugenia hirta,eugenia hirta,Eugenia hirta,wfo-0000957562,wfo-0000957562,Myrtaceae,Eugenia,species,accepted,accepted,exact_accepted,exact_accepted_unique,1,1,1,WFO_offline_hierarchical,2026-06-24,3604
Eugenia prasina,eugenia prasina,eugenia prasina,Eugenia prasina,wfo-0000958664,wfo-0000958664,Myrtaceae,Eugenia,species,accepted,accepted,exact_accepted,exact_accepted_unique,1,1,1,WFO_offline_hierarchical,2026-06-24,3605
Eugenia punicifolia,eugenia punicifolia,eugenia punicifolia,Eugenia punicifolia,wfo-0000958741,wfo-0000958741,Myrtaceae,Eugenia,species,accepted,accepted,exact_accepted,exact_accepted_unique,1,1,1,WFO_offline_hierarchical,2026-06-24,3606
Eugenia spicata,eugenia spicata,eugenia spicata,Syzygium zeylanicum,wfo-0000319677,wfo-0000319677,Myrtaceae,Syzygium,species,synonym,synonym,exact_synonym,exact_synonym_unique,1,1,1,WFO_offline_hierarchical,2026-06-24,3607
Syzygium castaneum,syzygium castaneum,syzygium castaneum,Syzygium castaneum,wfo-0000318413,wfo-0000318413,Myrtaceae,Syzygium,species,accepted,accepted,exact_accepted,exact_accepted_unique,1,1,1,WFO_offline_hierarchical,2026-06-24,3608
Syzygium glabratum,syzygium glabratum,syzygium glabratum,Syzygium glabratum,wfo-0000335833,wfo-0000335833,Myrtaceae,Syzygium,species,accepted,accepted,exact_accepted,exact_accepted_unique,1,1,1,WFO_offline_hierarchical,2026-06-24,3609
Syzygium grande,syzygium grande,syzygium grande,Syzygium grande,wfo-0000318710,wfo-0000318710,Myrtaceae,Syzygium,species,accepted,accepted,exact_accepted,exact_accepted_unique,1,1,1,WFO_offline_hierarchical,2026-06-24,3610
Syzygium leucoxylon,syzygium leucoxylon,syzygium leucoxylon,Syzygium leucoxylon,wfo-0000318911,wfo-0000318911,Myrtaceae,Syzygium,species,accepted,accepted,exact_accepted,exact_accepted_unique,1,1,1,WFO_offline_hierarchical,2026-06-24,3611
Syzygium papillosum,syzygium papillosum,syzygium papillosum,Syzygium papillosum,wfo-0000319161,wfo-0000319161,Myrtaceae,Syzygium,species,accepted,accepted,exact_accepted,exact_accepted_unique,1,1,1,WFO_offline_hierarchical,2026-06-24,3612
Pinus halepensis,pinus halepensis,pinus halepensis,Pinus halepensis,wfo-0000481363,wfo-0000481363,Pinaceae,Pinus,species,accepted,accepted,exact_accepted,exact_accepted_unique,1,1,1,WFO_offline_hierarchical,2026-06-24,3613
Pinus brutia,pinus brutia,pinus brutia,Pinus brutia,wfo-0000482336,wfo-0000482336,Pinaceae,Pinus,species,accepted,accepted,exact_accepted,exact_accepted_unique,1,1,1,WFO_offline_hierarchical,2026-06-24,3614
Melicope madagascariensis,melicope madagascariensis,melicope madagascariensis,Melicope madagascariensis,wfo-0001258701,wfo-0001258701,Rutaceae,Melicope,species,accepted,accepted,exact_accepted,exact_accepted_unique,1,1,1,WFO_offline_hierarchical,2026-06-24,3615
Patersonia fragilis,patersonia fragilis,patersonia fragilis,Patersonia fragilis,wfo-0000785824,wfo-0000785824,Iridaceae,Patersonia,species,accepted,accepted,exact_accepted,exact_accepted_unique,1,1,1,WFO_offline_hierarchical,2026-06-24,3616
Patersonia occidentalis,patersonia occidentalis,patersonia occidentalis,Patersonia occidentalis,wfo-0000785685,wfo-0000785685,Iridaceae,Patersonia,species,accepted,accepted,exact_accepted,exact_accepted_unique,1,1,1,WFO_offline_hierarchical,2026-06-24,3617
Witsenia maura,witsenia maura,witsenia maura,Witsenia maura,wfo-0000787267,wfo-0000787267,Iridaceae,Witsenia,species,accepted,accepted,exact_accepted,exact_accepted_unique,1,1,1,WFO_offline_hierarchical,2026-06-24,3618
Litsea acutivena,litsea acutivena,litsea acutivena,Litsea acutivena,wfo-0001070638,wfo-0001070638,Lauraceae,Litsea,species,accepted,accepted,exact_accepted,exact_accepted_unique,1,1,1,WFO_offline_hierarchical,2026-06-24,3619
Cassia nodosa,cassia nodosa,cassia nodosa,Cassia javanica subsp. nodosa,wfo-0000164147,wfo-0000164147,Fabaceae,Cassia,subspecies,synonym,synonym,exact_synonym,exact_synonym_unique,1,1,1,WFO_offline_hierarchical,2026-06-24,3620
Froelichia floridana,froelichia floridana,froelichia floridana,Froelichia floridana,wfo-0000692565,wfo-0000692565,Amaranthaceae,Froelichia,species,accepted,accepted,exact_accepted,exact_accepted_unique,1,1,1,WFO_offline_hierarchical,2026-06-24,3621
Myracrodruon urundeuva,myracrodruon urundeuva,myracrodruon urundeuva,Myracrodruon urundeuva,wfo-0001050974,wfo-0001050974;wfo-1000080335,Anacardiaceae,Myracrodruon,species,accepted,accepted,exact_accepted,exact_accepted_consensus_multiple_ids,2,2,1,WFO_offline_hierarchical,2026-06-24,3622
Metrodorea nigra,metrodorea nigra,metrodorea nigra,Metrodorea nigra,wfo-0001247514,wfo-0001247514,Rutaceae,Metrodorea,species,accepted,accepted,exact_accepted,exact_accepted_unique,1,1,1,WFO_offline_hierarchical,2026-06-24,3623
Manilkara kauki,manilkara kauki,manilkara kauki,Manilkara kauki,wfo-0000235898,wfo-0000235898,Sapotaceae,Manilkara,species,accepted,accepted,exact_accepted,exact_accepted_unique,1,1,1,WFO_offline_hierarchical,2026-06-24,3624
Heliotropium curassavicum,heliotropium curassavicum,heliotropium curassavicum,Heliotropium curassavicum,wfo-0000718508,wfo-0000718508,Heliotropiaceae,Heliotropium,species,accepted,accepted,exact_accepted,exact_accepted_unique,1,1,1,WFO_offline_hierarchical,2026-06-24,3625
Carthamus lanatus,carthamus lanatus,carthamus lanatus,Carthamus lanatus,wfo-0000116437,wfo-0000116437,Asteraceae,Carthamus,species,accepted,accepted,exact_accepted,exact_accepted_unique,1,1,1,WFO_offline_hierarchical,2026-06-24,3626
Dichrostachys cinerea,dichrostachys cinerea,dichrostachys cinerea,Dichrostachys cinerea,wfo-0000176871,wfo-0000176871,Fabaceae,Dichrostachys,species,accepted,accepted,exact_accepted,exact_accepted_unique,1,1,1,WFO_offline_hierarchical,2026-06-24,3627
Elaeodendron balae,elaeodendron balae,elaeodendron balae,NA,NA,NA,NA,NA,NA,NA,unresolved,unresolved,no_match,0,0,0,NA,2026-06-24,3628
Heisteria acuminata,heisteria acuminata,heisteria acuminata,Heisteria acuminata,wfo-0000717098,wfo-0000717098,Olacaceae,Heisteria,species,accepted,accepted,exact_accepted,exact_accepted_unique,1,1,1,WFO_offline_hierarchical,2026-06-24,3629
Vantanea peruviana,vantanea peruviana,vantanea peruviana,Vantanea peruviana,wfo-0001065603,wfo-0001065603,Humiriaceae,Vantanea,species,accepted,accepted,exact_accepted,exact_accepted_unique,1,1,1,WFO_offline_hierarchical,2026-06-24,3630
Calytrix ecalycata,calytrix ecalycata,calytrix ecalycata,Calytrix ecalycata,wfo-0000789711,wfo-0000789711,Myrtaceae,Calytrix,species,accepted,accepted,exact_accepted,exact_accepted_unique,1,1,1,WFO_offline_hierarchical,2026-06-24,3631
Acrobolbus renifolius,acrobolbus renifolius,acrobolbus renifolius,Acrobolbus renifolius,wfo-1000009295,wfo-1000009295,Acrobolbaceae,Acrobolbus,species,accepted,accepted,exact_accepted,exact_accepted_unique,1,1,1,WFO_offline_hierarchical,2026-06-24,3632
Piper guanacostense,piper guanacostense,piper guanacostense,Piper guanacostense,wfo-0001092125,wfo-0001092125,Piperaceae,Piper,species,accepted,accepted,exact_accepted,exact_accepted_unique,1,1,1,WFO_offline_hierarchical,2026-06-24,3633
Piper fadyenii,piper fadyenii,piper fadyenii,Piper fadyenii,wfo-0000479172,wfo-0000479172,Piperaceae,Piper,species,accepted,accepted,exact_accepted,exact_accepted_unique,1,1,1,WFO_offline_hierarchical,2026-06-24,3634
Prosopidastrum globosum,prosopidastrum globosum,prosopidastrum globosum,Prosopidastrum globosum,wfo-0000169462,wfo-0000169462,Fabaceae,Prosopidastrum,species,accepted,accepted,exact_accepted,exact_accepted_unique,1,1,1,WFO_offline_hierarchical,2026-06-24,3635
Codonopsis lanceolata,codonopsis lanceolata,codonopsis lanceolata,Codonopsis lanceolata,wfo-0000830539,wfo-0000830539,Campanulaceae,Codonopsis,species,accepted,accepted,exact_accepted,exact_accepted_unique,1,1,1,WFO_offline_hierarchical,2026-06-24,3636
Ormosia excelsa,ormosia excelsa,ormosia excelsa,Ormosia excelsa,wfo-0000174156,wfo-0000174156,Fabaceae,Ormosia,species,accepted,accepted,exact_accepted,exact_accepted_unique,1,1,1,WFO_offline_hierarchical,2026-06-24,3637
Rubus laciniatus,rubus laciniatus,rubus laciniatus,NA,NA,NA,NA,NA,NA,NA,unresolved,exact_conflict,exact_synonym_conflict,2,2,2,NA,2026-06-24,3638
Primula macrophylla,primula macrophylla,primula macrophylla,Primula macrophylla,wfo-0001105514,wfo-0001105514,Primulaceae,Primula,species,accepted,accepted,exact_accepted,exact_accepted_unique,1,1,1,WFO_offline_hierarchical,2026-06-24,3639
Polypodiodes amoena,polypodiodes amoena,polypodiodes amoena,Goniophlebium amoenum,wfo-1200105074,wfo-1200105074,Polypodiaceae,Goniophlebium,species,synonym,synonym,exact_synonym,exact_synonym_unique,1,1,1,WFO_offline_hierarchical,2026-06-24,3640
Polypodium pleurosorum,polypodium pleurosorum,polypodium pleurosorum,Phlebodium inaequale,wfo-0001113817,wfo-0001113817,Polypodiaceae,Phlebodium,species,synonym,synonym,exact_synonym,exact_synonym_unique,1,1,1,WFO_offline_hierarchical,2026-06-24,3641
Serpocaulon loriceum,serpocaulon loriceum,serpocaulon loriceum,Serpocaulon loriceum,wfo-0001279601,wfo-0001279601,Polypodiaceae,Serpocaulon,species,accepted,accepted,exact_accepted,exact_accepted_unique,1,1,1,WFO_offline_hierarchical,2026-06-24,3642
Robinsonia masafuerae,robinsonia masafuerae,robinsonia masafuerae,Robinsonia masafuerae,wfo-0000039915,wfo-0000039915,Asteraceae,Robinsonia,species,accepted,accepted,exact_accepted,exact_accepted_unique,1,1,1,WFO_offline_hierarchical,2026-06-24,3643
Aglaia foveolata,aglaia foveolata,aglaia foveolata,Aglaia foveolata,wfo-0000524080,wfo-0000524080,Meliaceae,Aglaia,species,accepted,accepted,exact_accepted,exact_accepted_unique,1,1,1,WFO_offline_hierarchical,2026-06-24,3644
Cynara cardunculus,cynara cardunculus,cynara cardunculus,Cynara cardunculus,wfo-0000013358,wfo-0000013358,Asteraceae,Cynara,species,accepted,accepted,exact_accepted,exact_accepted_unique,1,1,1,WFO_offline_hierarchical,2026-06-24,3645
Cynara scolymus,cynara scolymus,cynara scolymus,Cynara scolymus,wfo-0000131895,wfo-0000131895,Asteraceae,Cynara,species,accepted,accepted,exact_accepted,exact_accepted_unique,1,1,1,WFO_offline_hierarchical,2026-06-24,3646
Ageratum conyzoides,ageratum conyzoides,ageratum conyzoides,Ageratum conyzoides,wfo-0000014938,wfo-0000014938,Asteraceae,Ageratum,species,accepted,accepted,exact_accepted,exact_accepted_unique,1,1,1,WFO_offline_hierarchical,2026-06-24,3647
Selaginella doederleinii,selaginella doederleinii,selaginella doederleinii,Selaginella doederleinii,wfo-0001107424,wfo-0001107424,Selaginellaceae,Selaginella,species,accepted,accepted,exact_accepted,exact_accepted_unique,1,1,1,WFO_offline_hierarchical,2026-06-24,3648
Shorea robusta,shorea robusta,shorea robusta,Shorea robusta,wfo-0001046459,wfo-0001046459,Dipterocarpaceae,Shorea,species,accepted,accepted,exact_accepted,exact_accepted_unique,1,1,1,WFO_offline_hierarchical,2026-06-24,3649
Enkleia malaccensis,enkleia malaccensis,enkleia malaccensis,Enkleia malaccensis,wfo-0000668118,wfo-0000668118,Thymelaeaceae,Enkleia,species,accepted,accepted,exact_accepted,exact_accepted_unique,1,1,1,WFO_offline_hierarchical,2026-06-24,3650
Parablechnum cordatum,parablechnum cordatum,parablechnum cordatum,Parablechnum cordatum,wfo-0001346882,wfo-0001346882,Blechnaceae,Parablechnum,species,accepted,accepted,exact_accepted,exact_accepted_unique,1,1,1,WFO_offline_hierarchical,2026-06-24,3651
Senna alata,senna alata,senna alata,Senna alata,wfo-0000214728,wfo-0000214728,Fabaceae,Senna,species,accepted,accepted,exact_accepted,exact_accepted_unique,1,1,1,WFO_offline_hierarchical,2026-06-24,3652
Isodon,isodon,isodon,Isodon,wfo-4000019270,wfo-4000019270,Lamiaceae,Isodon,genus,accepted,accepted,exact_accepted,exact_accepted_unique,1,1,1,WFO_offline_hierarchical,2026-06-24,3653
Isodon trichocarpus,isodon trichocarpus,isodon trichocarpus,Isodon trichocarpus,wfo-0000217986,wfo-0000217986,Lamiaceae,Isodon,species,accepted,accepted,exact_accepted,exact_accepted_unique,1,1,1,WFO_offline_hierarchical,2026-06-24,3654
Isodon sculponeatus,isodon sculponeatus,isodon sculponeatus,Isodon sculponeatus,wfo-0000217962,wfo-0000217962,Lamiaceae,Isodon,species,accepted,accepted,exact_accepted,exact_accepted_unique,1,1,1,WFO_offline_hierarchical,2026-06-24,3655
Machaerium pedicellatum,machaerium pedicellatum,machaerium pedicellatum,Machaerium pedicellatum,wfo-0000186714,wfo-0000186714,Fabaceae,Machaerium,species,accepted,accepted,exact_accepted,exact_accepted_unique,1,1,1,WFO_offline_hierarchical,2026-06-24,3656
Dalbergia miscolobium,dalbergia miscolobium,dalbergia miscolobium,Dalbergia miscolobium,wfo-0000170461,wfo-0000170461,Fabaceae,Dalbergia,species,accepted,accepted,exact_accepted,exact_accepted_unique,1,1,1,WFO_offline_hierarchical,2026-06-24,3657
Sphaeranthus indicus,sphaeranthus indicus,sphaeranthus indicus,Sphaeranthus indicus,wfo-0000014099,wfo-0000014099,Asteraceae,Sphaeranthus,species,accepted,accepted,exact_accepted,exact_accepted_unique,1,1,1,WFO_offline_hierarchical,2026-06-24,3658
Coreopsis auriculata,coreopsis auriculata,coreopsis auriculata,Coreopsis auriculata,wfo-0000026034,wfo-0000026034,Asteraceae,Coreopsis,species,accepted,accepted,exact_accepted,exact_accepted_unique,1,1,1,WFO_offline_hierarchical,2026-06-24,3659
Coreopsis intermedia,coreopsis intermedia,coreopsis intermedia,NA,NA,NA,NA,NA,NA,NA,unresolved,unresolved,no_match,0,0,0,NA,2026-06-24,3660
Coreopsis major,coreopsis major,coreopsis major,Coreopsis major,wfo-0000138758,wfo-0000138758,Asteraceae,Coreopsis,species,accepted,accepted,exact_accepted,exact_accepted_unique,1,1,1,WFO_offline_hierarchical,2026-06-24,3661
Coreopsis pubescens,coreopsis pubescens,coreopsis pubescens,Coreopsis pubescens,wfo-0000009404,wfo-0000009404,Asteraceae,Coreopsis,species,accepted,accepted,exact_accepted,exact_accepted_unique,1,1,1,WFO_offline_hierarchical,2026-06-24,3662
Coreopsis pulchra,coreopsis pulchra,coreopsis pulchra,Coreopsis pulchra,wfo-0000080856,wfo-0000080856,Asteraceae,Coreopsis,species,accepted,accepted,exact_accepted,exact_accepted_unique,1,1,1,WFO_offline_hierarchical,2026-06-24,3663
Coreopsis verticillata,coreopsis verticillata,coreopsis verticillata,Coreopsis verticillata,wfo-0000094896,wfo-0000094896;wfo-0000117214,Asteraceae,Coreopsis,species,accepted,accepted,exact_accepted,exact_accepted_consensus_multiple_ids,2,2,1,WFO_offline_hierarchical,2026-06-24,3664
Bidens,bidens,bidens,Bidens,wfo-4000004584,wfo-4000004584,Asteraceae,Bidens,genus,accepted,accepted,exact_accepted,exact_accepted_unique,1,1,1,WFO_offline_hierarchical,2026-06-24,3665
Ribes viscosissimum,ribes viscosissimum,ribes viscosissimum,Ribes viscosissimum,wfo-0001135640,wfo-0001135640,Grossulariaceae,Ribes,species,accepted,accepted,exact_accepted,exact_accepted_unique,1,1,1,WFO_offline_hierarchical,2026-06-24,3666
Piper,piper,piper,Piper,wfo-4000029808,wfo-4000029808,Piperaceae,Piper,genus,accepted,accepted,exact_accepted,exact_accepted_unique,1,1,1,WFO_offline_hierarchical,2026-06-24,3667
Calophyllum dispar,calophyllum dispar,calophyllum dispar,Calophyllum dispar,wfo-0000581123,wfo-0000581123,Calophyllaceae,Calophyllum,species,accepted,accepted,exact_accepted,exact_accepted_unique,1,1,1,WFO_offline_hierarchical,2026-06-24,3668
Machaerium acutifolium,machaerium acutifolium,machaerium acutifolium,Machaerium acutifolium,wfo-0000186947,wfo-0000186947,Fabaceae,Machaerium,species,accepted,accepted,exact_accepted,exact_accepted_unique,1,1,1,WFO_offline_hierarchical,2026-06-24,3669
Aglaia rimosa,aglaia rimosa,aglaia rimosa,Aglaia rimosa,wfo-0000524315,wfo-0000524315,Meliaceae,Aglaia,species,accepted,accepted,exact_accepted,exact_accepted_unique,1,1,1,WFO_offline_hierarchical,2026-06-24,3670
Artemisia minor,artemisia minor,artemisia minor,Artemisia minor,wfo-0000131723,wfo-0000131723,Asteraceae,Artemisia,species,accepted,accepted,exact_accepted,exact_accepted_unique,1,1,1,WFO_offline_hierarchical,2026-06-24,3671
Impatiens balsamina,impatiens balsamina,impatiens balsamina,Impatiens balsamina,wfo-0000730261,wfo-0000730261,Balsaminaceae,Impatiens,species,accepted,accepted,exact_accepted,exact_accepted_unique,1,1,1,WFO_offline_hierarchical,2026-06-24,3672
Balanophora,balanophora,balanophora,Balanophora,wfo-4000003929,wfo-4000003929,Balanophoraceae,Balanophora,genus,accepted,accepted,exact_accepted,exact_accepted_unique,1,1,1,WFO_offline_hierarchical,2026-06-24,3673
Malus floribunda,malus floribunda,malus floribunda,NA,NA,NA,NA,NA,NA,NA,unresolved,unresolved,no_match,0,0,0,NA,2026-06-24,3674
Malus sargentii,malus sargentii,malus sargentii,Malus toringo,wfo-0001004789,wfo-0001004789,Rosaceae,Malus,species,synonym,synonym,exact_synonym,exact_synonym_unique,1,1,1,WFO_offline_hierarchical,2026-06-24,3675
Brackenridgea zanguebarica,brackenridgea zanguebarica,brackenridgea zanguebarica,Brackenridgea zanguebarica,wfo-0000570716,wfo-0000570716,Ochnaceae,Brackenridgea,species,accepted,accepted,exact_accepted,exact_accepted_unique,1,1,1,WFO_offline_hierarchical,2026-06-24,3676
Tillandsia recurvata,tillandsia recurvata,tillandsia recurvata,Tillandsia recurvata,wfo-0000583812,wfo-0000583812,Bromeliaceae,Tillandsia,species,accepted,accepted,exact_accepted,exact_accepted_unique,1,1,1,WFO_offline_hierarchical,2026-06-24,3677
Campylospermum sulcatum,campylospermum sulcatum,campylospermum sulcatum,Campylospermum sulcatum,wfo-0000583297,wfo-0000583297;wfo-0001087151,Ochnaceae,Campylospermum,species,accepted,accepted,exact_accepted,exact_accepted_consensus_multiple_ids,2,2,1,WFO_offline_hierarchical,2026-06-24,3678
Acacia intertexta,acacia intertexta,acacia intertexta,Acacia obtusifolia,wfo-0000185319,wfo-0000185319,Fabaceae,Acacia,species,synonym,synonym,exact_synonym,exact_synonym_unique,1,1,1,WFO_offline_hierarchical,2026-06-24,3679
Almeidea rubra,almeidea rubra,almeidea rubra,Conchocarpus ruber,wfo-1000001363,wfo-1000001363,Rutaceae,Conchocarpus,species,synonym,synonym,exact_synonym,exact_synonym_unique,1,1,1,WFO_offline_hierarchical,2026-06-24,3680
Baccharis sulcata,baccharis sulcata,baccharis sulcata,Baccharis sulcata,wfo-0000031062,wfo-0000031062,Asteraceae,Baccharis,species,accepted,accepted,exact_accepted,exact_accepted_unique,1,1,1,WFO_offline_hierarchical,2026-06-24,3681
Eucomis comosa,eucomis comosa,eucomis comosa,Eucomis comosa,wfo-0000767049,wfo-0000767049,Asparagaceae,Eucomis,species,accepted,accepted,exact_accepted,exact_accepted_unique,1,1,1,WFO_offline_hierarchical,2026-06-24,3682
Derris hainesiana,derris hainesiana,derris hainesiana,Derris hainesiana,wfo-0000186506,wfo-0000186506,Fabaceae,Derris,species,accepted,accepted,exact_accepted,exact_accepted_unique,1,1,1,WFO_offline_hierarchical,2026-06-24,3683
Annona squamosa,annona squamosa,annona squamosa,Annona squamosa,wfo-0000537947,wfo-0000537947,Annonaceae,Annona,species,accepted,accepted,exact_accepted,exact_accepted_unique,1,1,1,WFO_offline_hierarchical,2026-06-24,3684
Phoenix sylvestris,phoenix sylvestris,phoenix sylvestris,Phoenix sylvestris,wfo-0000269807,wfo-0000269807,Arecaceae,Phoenix,species,accepted,accepted,exact_accepted,exact_accepted_unique,1,1,1,WFO_offline_hierarchical,2026-06-24,3685
Lathyrus laxiflorus,lathyrus laxiflorus,lathyrus laxiflorus,Lathyrus laxiflorus,wfo-0000186926,wfo-0000186926,Fabaceae,Lathyrus,species,accepted,accepted,exact_accepted,exact_accepted_unique,1,1,1,WFO_offline_hierarchical,2026-06-24,3686
Patersonia glabrata,patersonia glabrata,patersonia glabrata,Patersonia glabrata,wfo-0000785825,wfo-0000785825,Iridaceae,Patersonia,species,accepted,accepted,exact_accepted,exact_accepted_unique,1,1,1,WFO_offline_hierarchical,2026-06-24,3687
Patersonia sericea,patersonia sericea,patersonia sericea,Patersonia sericea,wfo-0000785697,wfo-0000785697,Iridaceae,Patersonia,species,accepted,accepted,exact_accepted,exact_accepted_unique,1,1,1,WFO_offline_hierarchical,2026-06-24,3688
Desmodium adscendens,desmodium adscendens,desmodium adscendens,Grona adscendens,wfo-0001423669,wfo-0001423669,Fabaceae,Grona,species,synonym,synonym,exact_synonym,exact_synonym_unique,1,1,1,WFO_offline_hierarchical,2026-06-24,3689
Erythrina excelsa,erythrina excelsa,erythrina excelsa,Erythrina excelsa,wfo-0000180715,wfo-0000180715,Fabaceae,Erythrina,species,accepted,accepted,exact_accepted,exact_accepted_unique,1,1,1,WFO_offline_hierarchical,2026-06-24,3690
Bassia scoparia,bassia scoparia,bassia scoparia,Bassia scoparia,wfo-0000561206,wfo-0000561206,Amaranthaceae,Bassia,species,accepted,accepted,exact_accepted,exact_accepted_unique,1,1,1,WFO_offline_hierarchical,2026-06-24,3691
Kochia scoparia,kochia scoparia,kochia scoparia,Bassia scoparia,wfo-0000561206,wfo-0000561206,Amaranthaceae,Bassia,species,synonym,synonym,exact_synonym,exact_synonym_unique,1,1,1,WFO_offline_hierarchical,2026-06-24,3692
Helichrysum argyrolepis,helichrysum argyrolepis,helichrysum argyrolepis,Helichrysum argyrolepis,wfo-0000011244,wfo-0000011244,Asteraceae,Helichrysum,species,accepted,accepted,exact_accepted,exact_accepted_unique,1,1,1,WFO_offline_hierarchical,2026-06-24,3693
Acalypha integrifolia,acalypha integrifolia,acalypha integrifolia,Acalypha integrifolia,wfo-0000955390,wfo-0000955390,Euphorbiaceae,Acalypha,species,accepted,accepted,exact_accepted,exact_accepted_unique,1,1,1,WFO_offline_hierarchical,2026-06-24,3694
Acalypha wilkesiana,acalypha wilkesiana,acalypha wilkesiana,Acalypha wilkesiana,wfo-0000254905,wfo-0000254905,Euphorbiaceae,Acalypha,species,accepted,accepted,exact_accepted,exact_accepted_unique,1,1,1,WFO_offline_hierarchical,2026-06-24,3695
Physochlaina physaloides,physochlaina physaloides,physochlaina physaloides,Physochlaina physaloides,wfo-0001025078,wfo-0001025078,Solanaceae,Physochlaina,species,accepted,accepted,exact_accepted,exact_accepted_unique,1,1,1,WFO_offline_hierarchical,2026-06-24,3696
Dioscorea nipponica,dioscorea nipponica,dioscorea nipponica,Dioscorea nipponica,wfo-0000392863,wfo-0000392863,Dioscoreaceae,Dioscorea,species,accepted,accepted,exact_accepted,exact_accepted_unique,1,1,1,WFO_offline_hierarchical,2026-06-24,3697
Calea mediterranea,calea mediterranea,calea mediterranea,Calea mediterranea,wfo-0000075720,wfo-0000075720,Asteraceae,Calea,species,accepted,accepted,exact_accepted,exact_accepted_unique,1,1,1,WFO_offline_hierarchical,2026-06-24,3698
Calea platylepis,calea platylepis,calea platylepis,Calea mediterranea,wfo-0000075720,wfo-0000075720,Asteraceae,Calea,species,synonym,synonym,exact_synonym,exact_synonym_unique,1,1,1,WFO_offline_hierarchical,2026-06-24,3699
Sesbania rostrata,sesbania rostrata,sesbania rostrata,Sesbania rostrata,wfo-0000178404,wfo-0000178404,Fabaceae,Sesbania,species,accepted,accepted,exact_accepted,exact_accepted_unique,1,1,1,WFO_offline_hierarchical,2026-06-24,3700
Melilotus altissimus,melilotus altissimus,melilotus altissimus,Melilotus altissimus,wfo-0000185371,wfo-0000185371,Fabaceae,Melilotus,species,accepted,accepted,exact_accepted,exact_accepted_unique,1,1,1,WFO_offline_hierarchical,2026-06-24,3701
Melilotus dentatus,melilotus dentatus,melilotus dentatus,Melilotus dentatus,wfo-0000185374,wfo-0000185374,Fabaceae,Melilotus,species,accepted,accepted,exact_accepted,exact_accepted_unique,1,1,1,WFO_offline_hierarchical,2026-06-24,3702
Melilotus elegans,melilotus elegans,melilotus elegans,Melilotus elegans,wfo-0000212816,wfo-0000212816,Fabaceae,Melilotus,species,accepted,accepted,exact_accepted,exact_accepted_unique,1,1,1,WFO_offline_hierarchical,2026-06-24,3703
Melilotus infestus,melilotus infestus,melilotus infestus,Melilotus infestus,wfo-0000185382,wfo-0000185382,Fabaceae,Melilotus,species,accepted,accepted,exact_accepted,exact_accepted_unique,1,1,1,WFO_offline_hierarchical,2026-06-24,3704
Melilotus neapolitanus,melilotus neapolitanus,melilotus neapolitanus,Melilotus neapolitanus,wfo-0000185391,wfo-0000185391,Fabaceae,Melilotus,species,accepted,accepted,exact_accepted,exact_accepted_unique,1,1,1,WFO_offline_hierarchical,2026-06-24,3705
Melilotus polonicus,melilotus polonicus,melilotus polonicus,Melilotus polonicus,wfo-0000185392,wfo-0000185392,Fabaceae,Melilotus,species,accepted,accepted,exact_accepted,exact_accepted_unique,1,1,1,WFO_offline_hierarchical,2026-06-24,3706
Melilotus suaveolens,melilotus suaveolens,melilotus suaveolens,Melilotus suaveolens,wfo-0000212825,wfo-0000212825,Fabaceae,Melilotus,species,accepted,accepted,exact_accepted,exact_accepted_unique,1,1,1,WFO_offline_hierarchical,2026-06-24,3707
Melilotus sulcatus,melilotus sulcatus,melilotus sulcatus,Melilotus sulcatus,wfo-0000185398,wfo-0000185398,Fabaceae,Melilotus,species,accepted,accepted,exact_accepted,exact_accepted_unique,1,1,1,WFO_offline_hierarchical,2026-06-24,3708
Melilotus tauricus,melilotus tauricus,melilotus tauricus,Melilotus tauricus,wfo-0000185399,wfo-0000185399,Fabaceae,Melilotus,species,accepted,accepted,exact_accepted,exact_accepted_unique,1,1,1,WFO_offline_hierarchical,2026-06-24,3709
Melilotus wolgicus,melilotus wolgicus,melilotus wolgicus,Melilotus wolgicus,wfo-0000185401,wfo-0000185401,Fabaceae,Melilotus,species,accepted,accepted,exact_accepted,exact_accepted_unique,1,1,1,WFO_offline_hierarchical,2026-06-24,3710
Ipomoea tricolor,ipomoea tricolor,ipomoea tricolor,Ipomoea tricolor,wfo-0001297050,wfo-0001297050,Convolvulaceae,Ipomoea,species,accepted,accepted,exact_accepted,exact_accepted_unique,1,1,1,WFO_offline_hierarchical,2026-06-24,3711
Gymnosporia szyszylowiczii,gymnosporia szyszylowiczii,gymnosporia szyszylowiczii,NA,NA,NA,NA,NA,NA,NA,unresolved,unresolved,no_match,0,0,0,NA,2026-06-24,3712
Agnorhiza ovata,agnorhiza ovata,agnorhiza ovata,Agnorhiza ovata,wfo-0000042800,wfo-0000042800,Asteraceae,Agnorhiza,species,accepted,accepted,exact_accepted,exact_accepted_unique,1,1,1,WFO_offline_hierarchical,2026-06-24,3713
Wyethia ovata,wyethia ovata,wyethia ovata,Wyethia ovata,wfo-0000012463,wfo-0000012463,Asteraceae,Wyethia,species,accepted,accepted,exact_accepted,exact_accepted_unique,1,1,1,WFO_offline_hierarchical,2026-06-24,3714
Grangea maderaspatana,grangea maderaspatana,grangea maderaspatana,Grangea maderaspatana,wfo-0000075063,wfo-0000075063,Asteraceae,Grangea,species,accepted,accepted,exact_accepted,exact_accepted_unique,1,1,1,WFO_offline_hierarchical,2026-06-24,3715
Artocarpus lowii,artocarpus lowii,artocarpus lowii,Artocarpus lowii,wfo-0000550530,wfo-0000550530,Moraceae,Artocarpus,species,accepted,accepted,exact_accepted,exact_accepted_unique,1,1,1,WFO_offline_hierarchical,2026-06-24,3716
Iris foetidissima,iris foetidissima,iris foetidissima,Iris foetidissima,wfo-0000783342,wfo-0000783342,Iridaceae,Iris,species,accepted,accepted,exact_accepted,exact_accepted_unique,1,1,1,WFO_offline_hierarchical,2026-06-24,3717
Iris sibirica,iris sibirica,iris sibirica,Iris sibirica,wfo-0000783854,wfo-0000783854,Iridaceae,Iris,species,accepted,accepted,exact_accepted,exact_accepted_unique,1,1,1,WFO_offline_hierarchical,2026-06-24,3718
Crotalaria verrucosa,crotalaria verrucosa,crotalaria verrucosa,Crotalaria verrucosa,wfo-0000210929,wfo-0000210929,Fabaceae,Crotalaria,species,accepted,accepted,exact_accepted,exact_accepted_unique,1,1,1,WFO_offline_hierarchical,2026-06-24,3719
Desmodium triflorum,desmodium triflorum,desmodium triflorum,NA,NA,NA,NA,NA,NA,NA,unresolved,exact_conflict,exact_synonym_conflict,2,2,2,NA,2026-06-24,3720
Bombax ceiba,bombax ceiba,bombax ceiba,Bombax ceiba,wfo-0000568369,wfo-0000568369,Malvaceae,Bombax,species,accepted,accepted,exact_accepted,exact_accepted_unique,1,1,1,WFO_offline_hierarchical,2026-06-24,3721
Sapium stylare,sapium stylare,sapium stylare,Sapium stylare,wfo-0000302987,wfo-0000302987,Euphorbiaceae,Sapium,species,accepted,accepted,exact_accepted,exact_accepted_unique,1,1,1,WFO_offline_hierarchical,2026-06-24,3722
Anaphalis subumbellata,anaphalis subumbellata,anaphalis subumbellata,Anaphalis subumbellata,wfo-0000004294,wfo-0000004294,Asteraceae,Anaphalis,species,accepted,accepted,exact_accepted,exact_accepted_unique,1,1,1,WFO_offline_hierarchical,2026-06-24,3723
Luisia volucris,luisia volucris,luisia volucris,Luisia volucris,wfo-0000231052,wfo-0000231052,Orchidaceae,Luisia,species,accepted,accepted,exact_accepted,exact_accepted_unique,1,1,1,WFO_offline_hierarchical,2026-06-24,3724
Daphne papyracea,daphne papyracea,daphne papyracea,Daphne papyracea,wfo-0000637816,wfo-0000637816,Thymelaeaceae,Daphne,species,accepted,accepted,exact_accepted,exact_accepted_unique,1,1,1,WFO_offline_hierarchical,2026-06-24,3725
Vepris uguenensis,vepris uguenensis,vepris uguenensis,Vepris uguenensis,wfo-0001133230,wfo-0001133230,Rutaceae,Vepris,species,accepted,accepted,exact_accepted,exact_accepted_unique,1,1,1,WFO_offline_hierarchical,2026-06-24,3726
Alluaudia humbertii,alluaudia humbertii,alluaudia humbertii,Alluaudia humbertii,wfo-0000943930,wfo-0000943930,Didiereaceae,Alluaudia,species,accepted,accepted,exact_accepted,exact_accepted_unique,1,1,1,WFO_offline_hierarchical,2026-06-24,3727
Strychnos trinervis,strychnos trinervis,strychnos trinervis,Strychnos trinervis,wfo-0000737721,wfo-0000737721,Loganiaceae,Strychnos,species,accepted,accepted,exact_accepted,exact_accepted_unique,1,1,1,WFO_offline_hierarchical,2026-06-24,3728
Citrus tengu,citrus tengu,citrus tengu,Citrus × aurantium nothof. aurantium,wfo-1200112333,wfo-1200112333,Rutaceae,Citrus,form,synonym,synonym,exact_synonym,exact_synonym_unique,1,1,1,WFO_offline_hierarchical,2026-06-24,3729
Houttuynia cordata,houttuynia cordata,houttuynia cordata,Houttuynia cordata,wfo-0000725055,wfo-0000725055,Saururaceae,Houttuynia,species,accepted,accepted,exact_accepted,exact_accepted_unique,1,1,1,WFO_offline_hierarchical,2026-06-24,3730
Trixis vauthieri,trixis vauthieri,trixis vauthieri,Trixis vauthieri,wfo-0000133258,wfo-0000133258,Asteraceae,Trixis,species,accepted,accepted,exact_accepted,exact_accepted_unique,1,1,1,WFO_offline_hierarchical,2026-06-24,3731
Prunus jacquemontii,prunus jacquemontii,prunus jacquemontii,Prunus jacquemontii,wfo-0001017680,wfo-0001017680,Rosaceae,Prunus,species,accepted,accepted,exact_accepted,exact_accepted_unique,1,1,1,WFO_offline_hierarchical,2026-06-24,3732
Paracalyx scariosus,paracalyx scariosus,paracalyx scariosus,Paracalyx scariosus,wfo-0000193473,wfo-0000193473,Fabaceae,Paracalyx,species,accepted,accepted,exact_accepted,exact_accepted_unique,1,1,1,WFO_offline_hierarchical,2026-06-24,3733
Limonium,limonium,limonium,Limonium,wfo-4000021808,wfo-4000021808,Plumbaginaceae,Limonium,genus,accepted,accepted,exact_accepted,exact_accepted_unique,1,1,1,WFO_offline_hierarchical,2026-06-24,3734
Cyperus,cyperus,cyperus,Cyperus,wfo-4000010449,wfo-4000010449,Cyperaceae,Cyperus,genus,accepted,accepted,exact_accepted,exact_accepted_unique,1,1,1,WFO_offline_hierarchical,2026-06-24,3735
Actinoschoenus arthrostyloides,actinoschoenus arthrostyloides,actinoschoenus arthrostyloides,Scleroschoenus arthrostyloides,wfo-1000028940,wfo-1000028940,Cyperaceae,Scleroschoenus,species,synonym,synonym,exact_synonym,exact_synonym_unique,1,1,1,WFO_offline_hierarchical,2026-06-24,3736
Actinoscirpus grossus,actinoscirpus grossus,actinoscirpus grossus,Actinoscirpus grossus,wfo-0000337413,wfo-0000337413,Cyperaceae,Actinoscirpus,species,accepted,accepted,exact_accepted,exact_accepted_unique,1,1,1,WFO_offline_hierarchical,2026-06-24,3737
Bulbostylis barbata,bulbostylis barbata,bulbostylis barbata,Bulbostylis barbata,wfo-0000342079,wfo-0000342079,Cyperaceae,Bulbostylis,species,accepted,accepted,exact_accepted,exact_accepted_unique,1,1,1,WFO_offline_hierarchical,2026-06-24,3738
Bulbostylis densa,bulbostylis densa,bulbostylis densa,Bulbostylis densa,wfo-0000342153,wfo-0000342153,Cyperaceae,Bulbostylis,species,accepted,accepted,exact_accepted,exact_accepted_unique,1,1,1,WFO_offline_hierarchical,2026-06-24,3739
Carpha nivicola,carpha nivicola,carpha nivicola,Carpha nivicola,wfo-0000352845,wfo-0000352845,Cyperaceae,Carpha,species,accepted,accepted,exact_accepted,exact_accepted_unique,1,1,1,WFO_offline_hierarchical,2026-06-24,3740
Caustis blakei,caustis blakei,caustis blakei,Caustis blakei,wfo-0000353015,wfo-0000353015,Cyperaceae,Caustis,species,accepted,accepted,exact_accepted,exact_accepted_unique,1,1,1,WFO_offline_hierarchical,2026-06-24,3741
Caustis dioica,caustis dioica,caustis dioica,Caustis dioica,wfo-0000353017,wfo-0000353017,Cyperaceae,Caustis,species,accepted,accepted,exact_accepted,exact_accepted_unique,1,1,1,WFO_offline_hierarchical,2026-06-24,3742
Cladium mariscus,cladium mariscus,cladium mariscus,Cladium mariscus,wfo-0000356458,wfo-0000356458,Cyperaceae,Cladium,species,accepted,accepted,exact_accepted,exact_accepted_unique,1,1,1,WFO_offline_hierarchical,2026-06-24,3743
Cyathochaeta diandra,cyathochaeta diandra,cyathochaeta diandra,Cyathochaeta diandra,wfo-0000367175,wfo-0000367175,Cyperaceae,Cyathochaeta,species,accepted,accepted,exact_accepted,exact_accepted_unique,1,1,1,WFO_offline_hierarchical,2026-06-24,3744
Cyperus aristulatus,cyperus aristulatus,cyperus aristulatus,Cyperus aristulatus,wfo-0001429153,wfo-0001429153,Cyperaceae,Cyperus,species,accepted,accepted,exact_accepted,exact_accepted_unique,1,1,1,WFO_offline_hierarchical,2026-06-24,3745
Cyperus congestus,cyperus congestus,cyperus congestus,Cyperus congestus,wfo-0000369890,wfo-0000369890,Cyperaceae,Cyperus,species,accepted,accepted,exact_accepted,exact_accepted_unique,1,1,1,WFO_offline_hierarchical,2026-06-24,3746
Cyperus gunnii,cyperus gunnii,cyperus gunnii,Cyperus gunnii,wfo-0000374314,wfo-0000374314,Cyperaceae,Cyperus,species,accepted,accepted,exact_accepted,exact_accepted_unique,1,1,1,WFO_offline_hierarchical,2026-06-24,3747
Cyperus iria,cyperus iria,cyperus iria,Cyperus iria,wfo-0000375442,wfo-0000375442,Cyperaceae,Cyperus,species,accepted,accepted,exact_accepted,exact_accepted_unique,1,1,1,WFO_offline_hierarchical,2026-06-24,3748
Cyperus leptocarpus,cyperus leptocarpus,cyperus leptocarpus,Cyperus leptocarpus,wfo-0001339762,wfo-0001339762,Cyperaceae,Cyperus,species,accepted,accepted,exact_accepted,exact_accepted_unique,1,1,1,WFO_offline_hierarchical,2026-06-24,3749
Cyperus microcephalus,cyperus microcephalus,cyperus microcephalus,Cyperus microcephalus,wfo-0000377752,wfo-0000377752,Cyperaceae,Cyperus,species,accepted,accepted,exact_accepted,exact_accepted_unique,1,1,1,WFO_offline_hierarchical,2026-06-24,3750
Cyperus oxycarpus,cyperus oxycarpus,cyperus oxycarpus,Cyperus oxycarpus,wfo-0000378892,wfo-0000378892,Cyperaceae,Cyperus,species,accepted,accepted,exact_accepted,exact_accepted_unique,1,1,1,WFO_offline_hierarchical,2026-06-24,3751
Eleocharis brassii,eleocharis brassii,eleocharis brassii,Eleocharis brassii,wfo-0000403141,wfo-0000403141,Cyperaceae,Eleocharis,species,accepted,accepted,exact_accepted,exact_accepted_unique,1,1,1,WFO_offline_hierarchical,2026-06-24,3752
Eleocharis cylindrostachys,eleocharis cylindrostachys,eleocharis cylindrostachys,Eleocharis cylindrostachys,wfo-0000403669,wfo-0000403669,Cyperaceae,Eleocharis,species,accepted,accepted,exact_accepted,exact_accepted_unique,1,1,1,WFO_offline_hierarchical,2026-06-24,3753
Eleocharis dulcis,eleocharis dulcis,eleocharis dulcis,Eleocharis dulcis,wfo-0000403815,wfo-0000403815,Cyperaceae,Eleocharis,species,accepted,accepted,exact_accepted,exact_accepted_unique,1,1,1,WFO_offline_hierarchical,2026-06-24,3754
Eleocharis pallens,eleocharis pallens,eleocharis pallens,Eleocharis pallens,wfo-0000405576,wfo-0000405576,Cyperaceae,Eleocharis,species,accepted,accepted,exact_accepted,exact_accepted_unique,1,1,1,WFO_offline_hierarchical,2026-06-24,3755
Eleocharis sphacelata,eleocharis sphacelata,eleocharis sphacelata,Eleocharis sphacelata,wfo-0000406131,wfo-0000406131,Cyperaceae,Eleocharis,species,accepted,accepted,exact_accepted,exact_accepted_unique,1,1,1,WFO_offline_hierarchical,2026-06-24,3756
Evandra aristata,evandra aristata,evandra aristata,Evandra aristata,wfo-0000417259,wfo-0000417259,Cyperaceae,Evandra,species,accepted,accepted,exact_accepted,exact_accepted_unique,1,1,1,WFO_offline_hierarchical,2026-06-24,3757
Exocarya sclerioides,exocarya sclerioides,exocarya sclerioides,Exocarya sclerioides,wfo-0000417435,wfo-0000417435,Cyperaceae,Exocarya,species,accepted,accepted,exact_accepted,exact_accepted_unique,1,1,1,WFO_offline_hierarchical,2026-06-24,3758
Ficinia nodosa,ficinia nodosa,ficinia nodosa,Ficinia nodosa,wfo-0000418195,wfo-0000418195,Cyperaceae,Ficinia,species,accepted,accepted,exact_accepted,exact_accepted_unique,1,1,1,WFO_offline_hierarchical,2026-06-24,3759
Fimbristylis caespitosa,fimbristylis caespitosa,fimbristylis caespitosa,Fimbristylis caespitosa,wfo-0000419071,wfo-0000419071,Cyperaceae,Fimbristylis,species,accepted,accepted,exact_accepted,exact_accepted_unique,1,1,1,WFO_offline_hierarchical,2026-06-24,3760
Fimbristylis cephalophora,fimbristylis cephalophora,fimbristylis cephalophora,Fimbristylis cephalophora,wfo-0000419303,wfo-0000419303,Cyperaceae,Fimbristylis,species,accepted,accepted,exact_accepted,exact_accepted_unique,1,1,1,WFO_offline_hierarchical,2026-06-24,3761
Fimbristylis dichotoma,fimbristylis dichotoma,fimbristylis dichotoma,Fimbristylis dichotoma,wfo-0000420095,wfo-0000420095,Cyperaceae,Fimbristylis,species,accepted,accepted,exact_accepted,exact_accepted_unique,1,1,1,WFO_offline_hierarchical,2026-06-24,3762
Fimbristylis eremophila,fimbristylis eremophila,fimbristylis eremophila,Fimbristylis eremophila,wfo-0000420678,wfo-0000420678,Cyperaceae,Fimbristylis,species,accepted,accepted,exact_accepted,exact_accepted_unique,1,1,1,WFO_offline_hierarchical,2026-06-24,3763
Fimbristylis ferruginea,fimbristylis ferruginea,fimbristylis ferruginea,Fimbristylis ferruginea,wfo-0000420815,wfo-0000420815,Cyperaceae,Fimbristylis,species,accepted,accepted,exact_accepted,exact_accepted_unique,1,1,1,WFO_offline_hierarchical,2026-06-24,3764
Fimbristylis macrantha,fimbristylis macrantha,fimbristylis macrantha,Abildgaardia macrantha,wfo-1000025301,wfo-1000025301,Cyperaceae,Abildgaardia,species,synonym,synonym,exact_synonym,exact_synonym_unique,1,1,1,WFO_offline_hierarchical,2026-06-24,3765
Fimbristylis nutans,fimbristylis nutans,fimbristylis nutans,Fimbristylis nutans,wfo-0000422275,wfo-0000422275,Cyperaceae,Fimbristylis,species,accepted,accepted,exact_accepted,exact_accepted_unique,1,1,1,WFO_offline_hierarchical,2026-06-24,3766
Fimbristylis pachyptera,fimbristylis pachyptera,fimbristylis pachyptera,Abildgaardia pachyptera,wfo-1000025304,wfo-1000025304,Cyperaceae,Abildgaardia,species,synonym,synonym,exact_synonym,exact_synonym_unique,1,1,1,WFO_offline_hierarchical,2026-06-24,3767
Fimbristylis squarrulosa,fimbristylis squarrulosa,fimbristylis squarrulosa,Abildgaardia schoenoides,wfo-0000336904,wfo-0000336904,Cyperaceae,Abildgaardia,species,synonym,synonym,exact_synonym,exact_synonym_unique,1,1,1,WFO_offline_hierarchical,2026-06-24,3768
Gahnia deusta,gahnia deusta,gahnia deusta,Gahnia deusta,wfo-0000426955,wfo-0000426955,Cyperaceae,Gahnia,species,accepted,accepted,exact_accepted,exact_accepted_unique,1,1,1,WFO_offline_hierarchical,2026-06-24,3769
Gahnia filifolia,gahnia filifolia,gahnia filifolia,Gahnia filifolia,wfo-0000426978,wfo-0000426978,Cyperaceae,Gahnia,species,accepted,accepted,exact_accepted,exact_accepted_unique,1,1,1,WFO_offline_hierarchical,2026-06-24,3770
Gahnia lanigera,gahnia lanigera,gahnia lanigera,Gahnia lanigera,wfo-0000427153,wfo-0000427153,Cyperaceae,Gahnia,species,accepted,accepted,exact_accepted,exact_accepted_unique,1,1,1,WFO_offline_hierarchical,2026-06-24,3771
Gahnia radula,gahnia radula,gahnia radula,Gahnia radula,wfo-0000427271,wfo-0000427271,Cyperaceae,Gahnia,species,accepted,accepted,exact_accepted,exact_accepted_unique,1,1,1,WFO_offline_hierarchical,2026-06-24,3772
Gahnia sieberiana,gahnia sieberiana,gahnia sieberiana,Gahnia sieberiana,wfo-0000427322,wfo-0000427322,Cyperaceae,Gahnia,species,accepted,accepted,exact_accepted,exact_accepted_unique,1,1,1,WFO_offline_hierarchical,2026-06-24,3773
Gahnia subaequiglumis,gahnia subaequiglumis,gahnia subaequiglumis,Gahnia subaequiglumis,wfo-0000427345,wfo-0000427345,Cyperaceae,Gahnia,species,accepted,accepted,exact_accepted,exact_accepted_unique,1,1,1,WFO_offline_hierarchical,2026-06-24,3774
Isolepis cernua,isolepis cernua,isolepis cernua,Isolepis cernua,wfo-0000448337,wfo-0000448337,Cyperaceae,Isolepis,species,accepted,accepted,exact_accepted,exact_accepted_unique,1,1,1,WFO_offline_hierarchical,2026-06-24,3775
Isolepis humillima,isolepis humillima,isolepis humillima,NA,NA,NA,NA,NA,NA,NA,unresolved,exact_conflict,exact_synonym_conflict,2,2,2,NA,2026-06-24,3776
Isolepis inundata,isolepis inundata,isolepis inundata,Isolepis inundata,wfo-0000449223,wfo-0000449223,Cyperaceae,Isolepis,species,accepted,accepted,exact_accepted,exact_accepted_unique,1,1,1,WFO_offline_hierarchical,2026-06-24,3777
Isolepis nigricans,isolepis nigricans,isolepis nigricans,Isolepis nigricans,wfo-0000449672,wfo-0000449672,Cyperaceae,Isolepis,species,accepted,accepted,exact_accepted,exact_accepted_unique,1,1,1,WFO_offline_hierarchical,2026-06-24,3778
Isolepis prolifera,isolepis prolifera,isolepis prolifera,Isolepis prolifera,wfo-0000449923,wfo-0000449923,Cyperaceae,Isolepis,species,accepted,accepted,exact_accepted,exact_accepted_unique,1,1,1,WFO_offline_hierarchical,2026-06-24,3779
Lepidosperma laterale,lepidosperma laterale,lepidosperma laterale,Lepidosperma laterale,wfo-0000459657,wfo-0000459657,Cyperaceae,Lepidosperma,species,accepted,accepted,exact_accepted,exact_accepted_unique,1,1,1,WFO_offline_hierarchical,2026-06-24,3780
Lepironia articulata,lepironia articulata,lepironia articulata,Lepironia articulata,wfo-0000459843,wfo-0000459843,Cyperaceae,Lepironia,species,accepted,accepted,exact_accepted,exact_accepted_unique,1,1,1,WFO_offline_hierarchical,2026-06-24,3781
Machaerina juncea,machaerina juncea,machaerina juncea,Machaerina juncea,wfo-0000464094,wfo-0000464094,Cyperaceae,Machaerina,species,accepted,accepted,exact_accepted,exact_accepted_unique,1,1,1,WFO_offline_hierarchical,2026-06-24,3782
Mesomelaena graciliceps,mesomelaena graciliceps,mesomelaena graciliceps,Mesomelaena graciliceps,wfo-0000471627,wfo-0000471627,Cyperaceae,Mesomelaena,species,accepted,accepted,exact_accepted,exact_accepted_unique,1,1,1,WFO_offline_hierarchical,2026-06-24,3783
Mesomelaena pseudostygia,mesomelaena pseudostygia,mesomelaena pseudostygia,Mesomelaena pseudostygia,wfo-0000471648,wfo-0000471648,Cyperaceae,Mesomelaena,species,accepted,accepted,exact_accepted,exact_accepted_unique,1,1,1,WFO_offline_hierarchical,2026-06-24,3784
Oreobolus distichus,oreobolus distichus,oreobolus distichus,Oreobolus distichus,wfo-0000481284,wfo-0000481284,Cyperaceae,Oreobolus,species,accepted,accepted,exact_accepted,exact_accepted_unique,1,1,1,WFO_offline_hierarchical,2026-06-24,3785
Oreobolus pumilio,oreobolus pumilio,oreobolus pumilio,Oreobolus pumilio,wfo-0000481465,wfo-0000481465,Cyperaceae,Oreobolus,species,accepted,accepted,exact_accepted,exact_accepted_unique,1,1,1,WFO_offline_hierarchical,2026-06-24,3786
Ptilothrix deusta,ptilothrix deusta,ptilothrix deusta,Ptilothrix deusta,wfo-0000503454,wfo-0000503454,Cyperaceae,Ptilothrix,species,accepted,accepted,exact_accepted,exact_accepted_unique,1,1,1,WFO_offline_hierarchical,2026-06-24,3787
Schoenoplectiella dissachantha,schoenoplectiella dissachantha,schoenoplectiella dissachantha,Schoenoplectiella dissachantha,wfo-0000526463,wfo-0000526463,Cyperaceae,Schoenoplectiella,species,accepted,accepted,exact_accepted,exact_accepted_unique,1,1,1,WFO_offline_hierarchical,2026-06-24,3788
Schoenoplectus triqueter,schoenoplectus triqueter,schoenoplectus triqueter,Schoenoplectus triqueter,wfo-0000528476,wfo-0000528476,Cyperaceae,Schoenoplectus,species,accepted,accepted,exact_accepted,exact_accepted_unique,1,1,1,WFO_offline_hierarchical,2026-06-24,3789
Schoenus apogon,schoenus apogon,schoenus apogon,Schoenus apogon,wfo-0000529165,wfo-0000529165,Cyperaceae,Schoenus,species,accepted,accepted,exact_accepted,exact_accepted_unique,1,1,1,WFO_offline_hierarchical,2026-06-24,3790
Schoenus asperocarpus,schoenus asperocarpus,schoenus asperocarpus,Schoenus asperocarpus,wfo-0000529262,wfo-0000529262,Cyperaceae,Schoenus,species,accepted,accepted,exact_accepted,exact_accepted_unique,1,1,1,WFO_offline_hierarchical,2026-06-24,3791
Schoenus brevisetis,schoenus brevisetis,schoenus brevisetis,Schoenus brevisetis,wfo-0000529446,wfo-0000529446,Cyperaceae,Schoenus,species,accepted,accepted,exact_accepted,exact_accepted_unique,1,1,1,WFO_offline_hierarchical,2026-06-24,3792
Schoenus calostachyus,schoenus calostachyus,schoenus calostachyus,Schoenus calostachyus,wfo-0000529555,wfo-0000529555;wfo-0001263008,Cyperaceae,Schoenus,species,accepted,accepted,exact_accepted,exact_accepted_consensus_multiple_ids,2,2,1,WFO_offline_hierarchical,2026-06-24,3793
Schoenus curvifolius,schoenus curvifolius,schoenus curvifolius,Chaetospora curvifolia,wfo-0000353436,wfo-0000353436,Cyperaceae,Chaetospora,species,synonym,synonym,exact_synonym,exact_synonym_unique,1,1,1,WFO_offline_hierarchical,2026-06-24,3794
Schoenus ericetorum,schoenus ericetorum,schoenus ericetorum,Schoenus ericetorum,wfo-0000530329,wfo-0000530329,Cyperaceae,Schoenus,species,accepted,accepted,exact_accepted,exact_accepted_unique,1,1,1,WFO_offline_hierarchical,2026-06-24,3795
Schoenus falcatus,schoenus falcatus,schoenus falcatus,Schoenus falcatus,wfo-0000530412,wfo-0000530412,Cyperaceae,Schoenus,species,accepted,accepted,exact_accepted,exact_accepted_unique,1,1,1,WFO_offline_hierarchical,2026-06-24,3796
Schoenus fluitans,schoenus fluitans,schoenus fluitans,Schoenus fluitans,wfo-0000530629,wfo-0000530629,Cyperaceae,Schoenus,species,accepted,accepted,exact_accepted,exact_accepted_unique,1,1,1,WFO_offline_hierarchical,2026-06-24,3797
Schoenus hexandrus,schoenus hexandrus,schoenus hexandrus,NA,NA,NA,NA,NA,NA,NA,unresolved,unresolved,no_match,0,0,0,NA,2026-06-24,3798
Schoenus paludosus,schoenus paludosus,schoenus paludosus,Anthelepis paludosa,wfo-1000020453,wfo-1000020453,Cyperaceae,Anthelepis,species,synonym,synonym,exact_synonym,exact_synonym_unique,1,1,1,WFO_offline_hierarchical,2026-06-24,3799
Schoenus scabripes,schoenus scabripes,schoenus scabripes,Schoenus scabripes,wfo-0000532134,wfo-0000532134,Cyperaceae,Schoenus,species,accepted,accepted,exact_accepted,exact_accepted_unique,1,1,1,WFO_offline_hierarchical,2026-06-24,3800
Schoenus sparteus,schoenus sparteus,schoenus sparteus,Schoenus sparteus,wfo-0000532362,wfo-0000532362,Cyperaceae,Schoenus,species,accepted,accepted,exact_accepted,exact_accepted_unique,1,1,1,WFO_offline_hierarchical,2026-06-24,3801
Schoenus subaphyllus,schoenus subaphyllus,schoenus subaphyllus,Schoenus subaphyllus,wfo-0000532468,wfo-0000532468,Cyperaceae,Schoenus,species,accepted,accepted,exact_accepted,exact_accepted_unique,1,1,1,WFO_offline_hierarchical,2026-06-24,3802
Schoenus submicrostachyus,schoenus submicrostachyus,schoenus submicrostachyus,Schoenus submicrostachyus,wfo-0000532564,wfo-0000532564,Cyperaceae,Schoenus,species,accepted,accepted,exact_accepted,exact_accepted_unique,1,1,1,WFO_offline_hierarchical,2026-06-24,3803
Schoenus unispiculatus,schoenus unispiculatus,schoenus unispiculatus,Schoenus unispiculatus,wfo-0000532875,wfo-0000532875,Cyperaceae,Schoenus,species,accepted,accepted,exact_accepted,exact_accepted_unique,1,1,1,WFO_offline_hierarchical,2026-06-24,3804
Scleria mackaviensis,scleria mackaviensis,scleria mackaviensis,Scleria mackaviensis,wfo-0000551418,wfo-0000551418,Cyperaceae,Scleria,species,accepted,accepted,exact_accepted,exact_accepted_unique,1,1,1,WFO_offline_hierarchical,2026-06-24,3805
Scleria novae-hollandiae,scleria novae-hollandiae,scleria novae-hollandiae,Scleria novae-hollandiae,wfo-0000552080,wfo-0000552080,Cyperaceae,Scleria,species,accepted,accepted,exact_accepted,exact_accepted_unique,1,1,1,WFO_offline_hierarchical,2026-06-24,3806
Scleria pygmaea,scleria pygmaea,scleria pygmaea,Diplacrum pygmaeum,wfo-0000396917,wfo-0000396917,Cyperaceae,Diplacrum,species,synonym,synonym,exact_synonym,exact_synonym_unique,1,1,1,WFO_offline_hierarchical,2026-06-24,3807
Scleria sphacelata,scleria sphacelata,scleria sphacelata,Scleria sphacelata,wfo-0000552987,wfo-0000552987,Cyperaceae,Scleria,species,accepted,accepted,exact_accepted,exact_accepted_unique,1,1,1,WFO_offline_hierarchical,2026-06-24,3808
Scleria tricuspidata,scleria tricuspidata,scleria tricuspidata,Scleria tricuspidata,wfo-0000553167,wfo-0000553167,Cyperaceae,Scleria,species,accepted,accepted,exact_accepted,exact_accepted_unique,1,1,1,WFO_offline_hierarchical,2026-06-24,3809
Tricostularia compressa,tricostularia compressa,tricostularia compressa,Tricostularia compressa,wfo-0000592903,wfo-0000592903,Cyperaceae,Tricostularia,species,accepted,accepted,exact_accepted,exact_accepted_unique,1,1,1,WFO_offline_hierarchical,2026-06-24,3810
Tricostularia neesii,tricostularia neesii,tricostularia neesii,Tricostularia neesii,wfo-0000592936,wfo-0000592936,Cyperaceae,Tricostularia,species,accepted,accepted,exact_accepted,exact_accepted_unique,1,1,1,WFO_offline_hierarchical,2026-06-24,3811
Tricostularia pauciflora,tricostularia pauciflora,tricostularia pauciflora,Tricostularia pauciflora,wfo-0000592980,wfo-0000592980,Cyperaceae,Tricostularia,species,accepted,accepted,exact_accepted,exact_accepted_unique,1,1,1,WFO_offline_hierarchical,2026-06-24,3812
Tricostularia undulata,tricostularia undulata,tricostularia undulata,Anthelepis undulata,wfo-1000020454,wfo-1000020454,Cyperaceae,Anthelepis,species,synonym,synonym,exact_synonym,exact_synonym_unique,1,1,1,WFO_offline_hierarchical,2026-06-24,3813
Lipocarpha aristulata,lipocarpha aristulata,lipocarpha aristulata,Cyperus aristulatus,wfo-0001429153,wfo-0001429153,Cyperaceae,Cyperus,species,synonym,synonym,exact_synonym,exact_synonym_unique,1,1,1,WFO_offline_hierarchical,2026-06-24,3814
Lipocarpha microcephala,lipocarpha microcephala,lipocarpha microcephala,Cyperus leptocarpus,wfo-0001339762,wfo-0001339762,Cyperaceae,Cyperus,species,synonym,synonym,exact_synonym,exact_synonym_unique,1,1,1,WFO_offline_hierarchical,2026-06-24,3815
Schoenoplectus mucronatus,schoenoplectus mucronatus,schoenoplectus mucronatus,Schoenoplectiella mucronata,wfo-0000916579,wfo-0000916579,Cyperaceae,Schoenoplectiella,species,synonym,synonym,exact_synonym,exact_synonym_unique,1,1,1,WFO_offline_hierarchical,2026-06-24,3816
Salsola tetrandra,salsola tetrandra,salsola tetrandra,Salsola tetrandra,wfo-0000437710,wfo-0000437710,Amaranthaceae,Salsola,species,accepted,accepted,exact_accepted,exact_accepted_unique,1,1,1,WFO_offline_hierarchical,2026-06-24,3817
Brongniartia intermedia,brongniartia intermedia,brongniartia intermedia,Brongniartia intermedia,wfo-0001054422,wfo-0001054422,Fabaceae,Brongniartia,species,accepted,accepted,exact_accepted,exact_accepted_unique,1,1,1,WFO_offline_hierarchical,2026-06-24,3818
Brongniartia podalyrioides,brongniartia podalyrioides,brongniartia podalyrioides,Brongniartia podalyrioides,wfo-0000173956,wfo-0000173956,Fabaceae,Brongniartia,species,accepted,accepted,exact_accepted,exact_accepted_unique,1,1,1,WFO_offline_hierarchical,2026-06-24,3819
Hedychium gardnerianum,hedychium gardnerianum,hedychium gardnerianum,Hedychium gardnerianum,wfo-0000435987,wfo-0000435987,Zingiberaceae,Hedychium,species,accepted,accepted,exact_accepted,exact_accepted_unique,1,1,1,WFO_offline_hierarchical,2026-06-24,3820
Platymiscium trinitatis,platymiscium trinitatis,platymiscium trinitatis,Platymiscium trinitatis,wfo-0000174233,wfo-0000174233,Fabaceae,Platymiscium,species,accepted,accepted,exact_accepted,exact_accepted_unique,1,1,1,WFO_offline_hierarchical,2026-06-24,3821
Trifolium alpinum,trifolium alpinum,trifolium alpinum,Trifolium alpinum,wfo-0000213942,wfo-0000213942,Fabaceae,Trifolium,species,accepted,accepted,exact_accepted,exact_accepted_unique,1,1,1,WFO_offline_hierarchical,2026-06-24,3822
Trifolium ambiguum,trifolium ambiguum,trifolium ambiguum,Trifolium ambiguum,wfo-0000213943,wfo-0000213943,Fabaceae,Trifolium,species,accepted,accepted,exact_accepted,exact_accepted_unique,1,1,1,WFO_offline_hierarchical,2026-06-24,3823
Trifolium angustifolium,trifolium angustifolium,trifolium angustifolium,Trifolium angustifolium,wfo-0000212964,wfo-0000212964,Fabaceae,Trifolium,species,accepted,accepted,exact_accepted,exact_accepted_unique,1,1,1,WFO_offline_hierarchical,2026-06-24,3824
Trifolium cernuum,trifolium cernuum,trifolium cernuum,Trifolium cernuum,wfo-0000212980,wfo-0000212980,Fabaceae,Trifolium,species,accepted,accepted,exact_accepted,exact_accepted_unique,1,1,1,WFO_offline_hierarchical,2026-06-24,3825
Trifolium clypeatum,trifolium clypeatum,trifolium clypeatum,Trifolium clypeatum,wfo-0000213960,wfo-0000213960,Fabaceae,Trifolium,species,accepted,accepted,exact_accepted,exact_accepted_unique,1,1,1,WFO_offline_hierarchical,2026-06-24,3826
Trifolium dasyurum,trifolium dasyurum,trifolium dasyurum,Trifolium dasyurum,wfo-0000212991,wfo-0000212991,Fabaceae,Trifolium,species,accepted,accepted,exact_accepted,exact_accepted_unique,1,1,1,WFO_offline_hierarchical,2026-06-24,3827
Trifolium glanduliferum,trifolium glanduliferum,trifolium glanduliferum,Trifolium glanduliferum,wfo-0000186256,wfo-0000186256,Fabaceae,Trifolium,species,accepted,accepted,exact_accepted,exact_accepted_unique,1,1,1,WFO_offline_hierarchical,2026-06-24,3828
Trifolium glomeratum,trifolium glomeratum,trifolium glomeratum,Trifolium glomeratum,wfo-0000213007,wfo-0000213007,Fabaceae,Trifolium,species,accepted,accepted,exact_accepted,exact_accepted_unique,1,1,1,WFO_offline_hierarchical,2026-06-24,3829
Trifolium isthmocarpum,trifolium isthmocarpum,trifolium isthmocarpum,Trifolium isthmocarpum,wfo-0000213016,wfo-0000213016,Fabaceae,Trifolium,species,accepted,accepted,exact_accepted,exact_accepted_unique,1,1,1,WFO_offline_hierarchical,2026-06-24,3830
Trifolium lappaceum,trifolium lappaceum,trifolium lappaceum,Trifolium lappaceum,wfo-0000213022,wfo-0000213022,Fabaceae,Trifolium,species,accepted,accepted,exact_accepted,exact_accepted_unique,1,1,1,WFO_offline_hierarchical,2026-06-24,3831
Trifolium michelianum,trifolium michelianum,trifolium michelianum,Trifolium michelianum,wfo-0000213029,wfo-0000213029,Fabaceae,Trifolium,species,accepted,accepted,exact_accepted,exact_accepted_unique,1,1,1,WFO_offline_hierarchical,2026-06-24,3832
Trifolium nigrescens,trifolium nigrescens,trifolium nigrescens,Trifolium nigrescens,wfo-0000213035,wfo-0000213035,Fabaceae,Trifolium,species,accepted,accepted,exact_accepted,exact_accepted_unique,1,1,1,WFO_offline_hierarchical,2026-06-24,3833
Trifolium noricum,trifolium noricum,trifolium noricum,Trifolium noricum,wfo-0000213986,wfo-0000213986,Fabaceae,Trifolium,species,accepted,accepted,exact_accepted,exact_accepted_unique,1,1,1,WFO_offline_hierarchical,2026-06-24,3834
Trifolium ochroleucon,trifolium ochroleucon,trifolium ochroleucon,Trifolium ochroleucon,wfo-0000213988,wfo-0000213988,Fabaceae,Trifolium,species,accepted,accepted,exact_accepted,exact_accepted_unique,1,1,1,WFO_offline_hierarchical,2026-06-24,3835
Trifolium physodes,trifolium physodes,trifolium physodes,Trifolium physodes,wfo-0000213048,wfo-0000213048,Fabaceae,Trifolium,species,accepted,accepted,exact_accepted,exact_accepted_unique,1,1,1,WFO_offline_hierarchical,2026-06-24,3836
Trifolium scabrum,trifolium scabrum,trifolium scabrum,Trifolium scabrum,wfo-0000213071,wfo-0000213071,Fabaceae,Trifolium,species,accepted,accepted,exact_accepted,exact_accepted_unique,1,1,1,WFO_offline_hierarchical,2026-06-24,3837
Trifolium spumosum,trifolium spumosum,trifolium spumosum,Trifolium spumosum,wfo-0000213081,wfo-0000213081,Fabaceae,Trifolium,species,accepted,accepted,exact_accepted,exact_accepted_unique,1,1,1,WFO_offline_hierarchical,2026-06-24,3838
Trifolium squamosum,trifolium squamosum,trifolium squamosum,Trifolium squamosum,wfo-0000213082,wfo-0000213082,Fabaceae,Trifolium,species,accepted,accepted,exact_accepted,exact_accepted_unique,1,1,1,WFO_offline_hierarchical,2026-06-24,3839
Trifolium stellatum,trifolium stellatum,trifolium stellatum,Trifolium stellatum,wfo-0000213085,wfo-0000213085,Fabaceae,Trifolium,species,accepted,accepted,exact_accepted,exact_accepted_unique,1,1,1,WFO_offline_hierarchical,2026-06-24,3840
Trifolium striatum,trifolium striatum,trifolium striatum,Trifolium striatum,wfo-0000213091,wfo-0000213091,Fabaceae,Trifolium,species,accepted,accepted,exact_accepted,exact_accepted_unique,1,1,1,WFO_offline_hierarchical,2026-06-24,3841
Trifolium suffocatum,trifolium suffocatum,trifolium suffocatum,Trifolium suffocatum,wfo-0000213096,wfo-0000213096,Fabaceae,Trifolium,species,accepted,accepted,exact_accepted,exact_accepted_unique,1,1,1,WFO_offline_hierarchical,2026-06-24,3842
Trifolium tomentosum,trifolium tomentosum,trifolium tomentosum,Trifolium tomentosum,wfo-0000213103,wfo-0000213103,Fabaceae,Trifolium,species,accepted,accepted,exact_accepted,exact_accepted_unique,1,1,1,WFO_offline_hierarchical,2026-06-24,3843
Medicago arborea,medicago arborea,medicago arborea,Medicago arborea,wfo-0000213419,wfo-0000213419,Fabaceae,Medicago,species,accepted,accepted,exact_accepted,exact_accepted_unique,1,1,1,WFO_offline_hierarchical,2026-06-24,3844
Medicago doliata,medicago doliata,medicago doliata,Medicago doliata,wfo-0000213423,wfo-0000213423,Fabaceae,Medicago,species,accepted,accepted,exact_accepted,exact_accepted_unique,1,1,1,WFO_offline_hierarchical,2026-06-24,3845
Medicago falcata,medicago falcata,medicago falcata,Medicago falcata,wfo-0000213426,wfo-0000213426,Fabaceae,Medicago,species,accepted,accepted,exact_accepted,exact_accepted_unique,1,1,1,WFO_offline_hierarchical,2026-06-24,3846
Medicago glomerata,medicago glomerata,medicago glomerata,NA,NA,NA,NA,NA,NA,NA,unresolved,exact_conflict,exact_synonym_conflict,2,2,2,NA,2026-06-24,3847
Medicago hypogaea,medicago hypogaea,medicago hypogaea,Medicago hypogaea,wfo-0000213432,wfo-0000213432,Fabaceae,Medicago,species,accepted,accepted,exact_accepted,exact_accepted_unique,1,1,1,WFO_offline_hierarchical,2026-06-24,3848
Medicago intertexta,medicago intertexta,medicago intertexta,Medicago intertexta,wfo-0000213437,wfo-0000213437,Fabaceae,Medicago,species,accepted,accepted,exact_accepted,exact_accepted_unique,1,1,1,WFO_offline_hierarchical,2026-06-24,3849
Medicago littoralis,medicago littoralis,medicago littoralis,Medicago littoralis,wfo-0000213450,wfo-0000213450,Fabaceae,Medicago,species,accepted,accepted,exact_accepted,exact_accepted_unique,1,1,1,WFO_offline_hierarchical,2026-06-24,3850
Medicago minima,medicago minima,medicago minima,Medicago minima,wfo-0000188776,wfo-0000188776,Fabaceae,Medicago,species,accepted,accepted,exact_accepted,exact_accepted_unique,1,1,1,WFO_offline_hierarchical,2026-06-24,3851
Medicago orbicularis,medicago orbicularis,medicago orbicularis,Medicago orbicularis,wfo-0000213459,wfo-0000213459,Fabaceae,Medicago,species,accepted,accepted,exact_accepted,exact_accepted_unique,1,1,1,WFO_offline_hierarchical,2026-06-24,3852
Medicago platycarpa,medicago platycarpa,medicago platycarpa,Medicago platycarpa,wfo-0000186245,wfo-0000186245,Fabaceae,Medicago,species,accepted,accepted,exact_accepted,exact_accepted_unique,1,1,1,WFO_offline_hierarchical,2026-06-24,3853
Medicago rigidula,medicago rigidula,medicago rigidula,Medicago rigidula,wfo-0000213465,wfo-0000213465,Fabaceae,Medicago,species,accepted,accepted,exact_accepted,exact_accepted_unique,1,1,1,WFO_offline_hierarchical,2026-06-24,3854
Medicago scutellata,medicago scutellata,medicago scutellata,Medicago scutellata,wfo-0000213473,wfo-0000213473,Fabaceae,Medicago,species,accepted,accepted,exact_accepted,exact_accepted_unique,1,1,1,WFO_offline_hierarchical,2026-06-24,3855
Ononis cristata,ononis cristata,ononis cristata,Ononis cristata,wfo-0000212857,wfo-0000212857,Fabaceae,Ononis,species,accepted,accepted,exact_accepted,exact_accepted_unique,1,1,1,WFO_offline_hierarchical,2026-06-24,3856
Ononis fruticosa,ononis fruticosa,ononis fruticosa,Ononis fruticosa,wfo-0000212865,wfo-0000212865,Fabaceae,Ononis,species,accepted,accepted,exact_accepted,exact_accepted_unique,1,1,1,WFO_offline_hierarchical,2026-06-24,3857
Ononis ornithopodioides,ononis ornithopodioides,ononis ornithopodioides,Ononis ornithopodioides,wfo-0000212892,wfo-0000212892,Fabaceae,Ononis,species,accepted,accepted,exact_accepted,exact_accepted_unique,1,1,1,WFO_offline_hierarchical,2026-06-24,3858
Ononis pubescens,ononis pubescens,ononis pubescens,Ononis pubescens,wfo-0000212906,wfo-0000212906,Fabaceae,Ononis,species,accepted,accepted,exact_accepted,exact_accepted_unique,1,1,1,WFO_offline_hierarchical,2026-06-24,3859
Ononis pusilla,ononis pusilla,ononis pusilla,Ononis pusilla,wfo-0000212907,wfo-0000212907,Fabaceae,Ononis,species,accepted,accepted,exact_accepted,exact_accepted_unique,1,1,1,WFO_offline_hierarchical,2026-06-24,3860
Ononis reclinata,ononis reclinata,ononis reclinata,Ononis reclinata,wfo-0000212908,wfo-0000212908,Fabaceae,Ononis,species,accepted,accepted,exact_accepted,exact_accepted_unique,1,1,1,WFO_offline_hierarchical,2026-06-24,3861
Ononis rotundifolia,ononis rotundifolia,ononis rotundifolia,Ononis rotundifolia,wfo-0000213901,wfo-0000213901,Fabaceae,Ononis,species,accepted,accepted,exact_accepted,exact_accepted_unique,1,1,1,WFO_offline_hierarchical,2026-06-24,3862
Ononis serrata,ononis serrata,ononis serrata,Ononis serrata,wfo-0000212912,wfo-0000212912,Fabaceae,Ononis,species,accepted,accepted,exact_accepted,exact_accepted_unique,1,1,1,WFO_offline_hierarchical,2026-06-24,3863
Melilotus indicus,melilotus indicus,melilotus indicus,Melilotus indicus,wfo-0000185378,wfo-0000185378,Fabaceae,Melilotus,species,accepted,accepted,exact_accepted,exact_accepted_unique,1,1,1,WFO_offline_hierarchical,2026-06-24,3864
Trifolium bivonae,trifolium bivonae,trifolium bivonae,Trifolium bivonae,wfo-0000213954,wfo-0000213954,Fabaceae,Trifolium,species,accepted,accepted,exact_accepted,exact_accepted_unique,1,1,1,WFO_offline_hierarchical,2026-06-24,3865
Trifolium bocconei,trifolium bocconei,trifolium bocconei,Trifolium bocconei,wfo-0000212972,wfo-0000212972,Fabaceae,Trifolium,species,accepted,accepted,exact_accepted,exact_accepted_unique,1,1,1,WFO_offline_hierarchical,2026-06-24,3866
Trifolium burchellianum,trifolium burchellianum,trifolium burchellianum,Trifolium burchellianum,wfo-0000212974,wfo-0000212974,Fabaceae,Trifolium,species,accepted,accepted,exact_accepted,exact_accepted_unique,1,1,1,WFO_offline_hierarchical,2026-06-24,3867
Trifolium cherleri,trifolium cherleri,trifolium cherleri,Trifolium cherleri,wfo-0000212983,wfo-0000212983,Fabaceae,Trifolium,species,accepted,accepted,exact_accepted,exact_accepted_unique,1,1,1,WFO_offline_hierarchical,2026-06-24,3868
Trifolium dichroanthum,trifolium dichroanthum,trifolium dichroanthum,Trifolium dichroanthum,wfo-0000186260,wfo-0000186260,Fabaceae,Trifolium,species,accepted,accepted,exact_accepted,exact_accepted_unique,1,1,1,WFO_offline_hierarchical,2026-06-24,3869
Trifolium eriosphaerum,trifolium eriosphaerum,trifolium eriosphaerum,Trifolium eriosphaerum,wfo-0000186259,wfo-0000186259,Fabaceae,Trifolium,species,accepted,accepted,exact_accepted,exact_accepted_unique,1,1,1,WFO_offline_hierarchical,2026-06-24,3870
Trifolium fucatum,trifolium fucatum,trifolium fucatum,Trifolium fucatum,wfo-0000174316,wfo-0000174316,Fabaceae,Trifolium,species,accepted,accepted,exact_accepted,exact_accepted_unique,1,1,1,WFO_offline_hierarchical,2026-06-24,3871
Trifolium hirtum,trifolium hirtum,trifolium hirtum,Trifolium hirtum,wfo-0000213008,wfo-0000213008,Fabaceae,Trifolium,species,accepted,accepted,exact_accepted,exact_accepted_unique,1,1,1,WFO_offline_hierarchical,2026-06-24,3872
Trifolium lupinaster,trifolium lupinaster,trifolium lupinaster,Trifolium lupinaster,wfo-0000213977,wfo-0000213977,Fabaceae,Trifolium,species,accepted,accepted,exact_accepted,exact_accepted_unique,1,1,1,WFO_offline_hierarchical,2026-06-24,3873
Trifolium masaiense,trifolium masaiense,trifolium masaiense,Trifolium masaiense,wfo-0000213027,wfo-0000213027,Fabaceae,Trifolium,species,accepted,accepted,exact_accepted,exact_accepted_unique,1,1,1,WFO_offline_hierarchical,2026-06-24,3874
Trifolium mutabile,trifolium mutabile,trifolium mutabile,Trifolium mutabile,wfo-0001055202,wfo-0001055202,Fabaceae,Trifolium,species,accepted,accepted,exact_accepted,exact_accepted_unique,1,1,1,WFO_offline_hierarchical,2026-06-24,3875
Trifolium obscurum,trifolium obscurum,trifolium obscurum,Trifolium obscurum,wfo-0000213036,wfo-0000213036,Fabaceae,Trifolium,species,accepted,accepted,exact_accepted,exact_accepted_unique,1,1,1,WFO_offline_hierarchical,2026-06-24,3876
Trifolium palaestinum,trifolium palaestinum,trifolium palaestinum,Trifolium palaestinum,wfo-0000186258,wfo-0000186258,Fabaceae,Trifolium,species,accepted,accepted,exact_accepted,exact_accepted_unique,1,1,1,WFO_offline_hierarchical,2026-06-24,3877
Trifolium pallescens,trifolium pallescens,trifolium pallescens,Trifolium pallescens,wfo-0000213990,wfo-0000213990,Fabaceae,Trifolium,species,accepted,accepted,exact_accepted,exact_accepted_unique,1,1,1,WFO_offline_hierarchical,2026-06-24,3878
Trifolium parnassii,trifolium parnassii,trifolium parnassii,NA,NA,NA,NA,NA,NA,NA,unresolved,unresolved,no_match,0,0,0,NA,2026-06-24,3879
Trifolium parryi,trifolium parryi,trifolium parryi,Trifolium parryi,wfo-0000174328,wfo-0000174328,Fabaceae,Trifolium,species,accepted,accepted,exact_accepted,exact_accepted_unique,1,1,1,WFO_offline_hierarchical,2026-06-24,3880
Trifolium plebeium,trifolium plebeium,trifolium plebeium,Trifolium plebeium,wfo-0000186257,wfo-0000186257,Fabaceae,Trifolium,species,accepted,accepted,exact_accepted,exact_accepted_unique,1,1,1,WFO_offline_hierarchical,2026-06-24,3881
Trifolium retusum,trifolium retusum,trifolium retusum,Trifolium retusum,wfo-0000213064,wfo-0000213064,Fabaceae,Trifolium,species,accepted,accepted,exact_accepted,exact_accepted_unique,1,1,1,WFO_offline_hierarchical,2026-06-24,3882
Trifolium rueppellianum,trifolium rueppellianum,trifolium rueppellianum,Trifolium rueppellianum,wfo-0000213066,wfo-0000213066,Fabaceae,Trifolium,species,accepted,accepted,exact_accepted,exact_accepted_unique,1,1,1,WFO_offline_hierarchical,2026-06-24,3883
Trifolium salmoneum,trifolium salmoneum,trifolium salmoneum,Trifolium salmoneum,wfo-0000186261,wfo-0000186261,Fabaceae,Trifolium,species,accepted,accepted,exact_accepted,exact_accepted_unique,1,1,1,WFO_offline_hierarchical,2026-06-24,3884
Trifolium semipilosum,trifolium semipilosum,trifolium semipilosum,Trifolium semipilosum,wfo-0000213074,wfo-0000213074,Fabaceae,Trifolium,species,accepted,accepted,exact_accepted,exact_accepted_unique,1,1,1,WFO_offline_hierarchical,2026-06-24,3885
Trifolium sylvaticum,trifolium sylvaticum,trifolium sylvaticum,Trifolium sylvaticum,wfo-0000214790,wfo-0000214790,Fabaceae,Trifolium,species,accepted,accepted,exact_accepted,exact_accepted_unique,1,1,1,WFO_offline_hierarchical,2026-06-24,3886
Trifolium thalii,trifolium thalii,trifolium thalii,Trifolium thalii,wfo-0000213101,wfo-0000213101,Fabaceae,Trifolium,species,accepted,accepted,exact_accepted,exact_accepted_unique,1,1,1,WFO_offline_hierarchical,2026-06-24,3887
Trifolium tumens,trifolium tumens,trifolium tumens,Trifolium tumens,wfo-0000186250,wfo-0000186250,Fabaceae,Trifolium,species,accepted,accepted,exact_accepted,exact_accepted_unique,1,1,1,WFO_offline_hierarchical,2026-06-24,3888
Trifolium uniflorum,trifolium uniflorum,trifolium uniflorum,Trifolium uniflorum,wfo-0000213109,wfo-0000213109,Fabaceae,Trifolium,species,accepted,accepted,exact_accepted,exact_accepted_unique,1,1,1,WFO_offline_hierarchical,2026-06-24,3889
Trifolium usambarense,trifolium usambarense,trifolium usambarense,Trifolium usambarense,wfo-0000213110,wfo-0000213110,Fabaceae,Trifolium,species,accepted,accepted,exact_accepted,exact_accepted_unique,1,1,1,WFO_offline_hierarchical,2026-06-24,3890
Trifolium vesiculosum,trifolium vesiculosum,trifolium vesiculosum,Trifolium vesiculosum,wfo-0000214014,wfo-0000214014,Fabaceae,Trifolium,species,accepted,accepted,exact_accepted,exact_accepted_unique,1,1,1,WFO_offline_hierarchical,2026-06-24,3891
Trifolium willdenovii,trifolium willdenovii,trifolium willdenovii,Trifolium willdenovii,wfo-0000185272,wfo-0000185272,Fabaceae,Trifolium,species,accepted,accepted,exact_accepted,exact_accepted_unique,1,1,1,WFO_offline_hierarchical,2026-06-24,3892
Trifolium wormskioldii,trifolium wormskioldii,trifolium wormskioldii,Trifolium wormskioldii,wfo-0000182219,wfo-0000182219,Fabaceae,Trifolium,species,accepted,accepted,exact_accepted,exact_accepted_unique,1,1,1,WFO_offline_hierarchical,2026-06-24,3893
Abronia latifolia,abronia latifolia,abronia latifolia,Abronia latifolia,wfo-0000511550,wfo-0000511550,Nyctaginaceae,Abronia,species,accepted,accepted,exact_accepted,exact_accepted_unique,1,1,1,WFO_offline_hierarchical,2026-06-24,3894
Cirsium arvense,cirsium arvense,cirsium arvense,Cirsium arvense,wfo-0000006870,wfo-0000006870,Asteraceae,Cirsium,species,accepted,accepted,exact_accepted,exact_accepted_unique,1,1,1,WFO_offline_hierarchical,2026-06-24,3895
Lysimachia daphnoides,lysimachia daphnoides,lysimachia daphnoides,Lysimachia daphnoides,wfo-0001105363,wfo-0001105363,Primulaceae,Lysimachia,species,accepted,accepted,exact_accepted,exact_accepted_unique,1,1,1,WFO_offline_hierarchical,2026-06-24,3896
Lysimachia hillebrandii,lysimachia hillebrandii,lysimachia hillebrandii,Lysimachia hillebrandii,wfo-0001105366,wfo-0001105366,Primulaceae,Lysimachia,species,accepted,accepted,exact_accepted,exact_accepted_unique,1,1,1,WFO_offline_hierarchical,2026-06-24,3897
Lysimachia kalalauensis,lysimachia kalalauensis,lysimachia kalalauensis,Lysimachia kalalauensis,wfo-0001105367,wfo-0001105367,Primulaceae,Lysimachia,species,accepted,accepted,exact_accepted,exact_accepted_unique,1,1,1,WFO_offline_hierarchical,2026-06-24,3898
Lysimachia remyi,lysimachia remyi,lysimachia remyi,Lysimachia remyi,wfo-0001105377,wfo-0001105377,Primulaceae,Lysimachia,species,accepted,accepted,exact_accepted,exact_accepted_unique,1,1,1,WFO_offline_hierarchical,2026-06-24,3899
Lysimachia hillebrandii ex,lysimachia hillebrandii ex,lysimachia hillebrandii,Lysimachia hillebrandii,wfo-0001105366,wfo-0001105366,Primulaceae,Lysimachia,species,accepted,accepted,canonical,canonical_unique,1,1,1,WFO_offline_hierarchical,2026-06-24,3900
Lysimachia maxima,lysimachia maxima,lysimachia maxima,Lysimachia remyi subsp. maxima,wfo-0001362634,wfo-0001362634,Primulaceae,Lysimachia,subspecies,synonym,synonym,exact_synonym,exact_synonym_unique,1,1,1,WFO_offline_hierarchical,2026-06-24,3901
Teucrium tomentosum,teucrium tomentosum,teucrium tomentosum,NA,NA,NA,NA,NA,NA,NA,unresolved,exact_conflict,exact_synonym_conflict,4,4,4,NA,2026-06-24,3902
Berberis dictyota,berberis dictyota,berberis dictyota,Berberis dictyota,wfo-0000563082,wfo-0000563082,Berberidaceae,Berberis,species,accepted,accepted,exact_accepted,exact_accepted_unique,1,1,1,WFO_offline_hierarchical,2026-06-24,3903
Phyllanthus sellowianus,phyllanthus sellowianus,phyllanthus sellowianus,Phyllanthus sellowianus,wfo-0000272071,wfo-0000272071,Phyllanthaceae,Phyllanthus,species,accepted,accepted,exact_accepted,exact_accepted_unique,1,1,1,WFO_offline_hierarchical,2026-06-24,3904
Mandevilla martiana,mandevilla martiana,mandevilla martiana,Mandevilla martiana,wfo-0000234977,wfo-0000234977,Apocynaceae,Mandevilla,species,accepted,accepted,exact_accepted,exact_accepted_unique,1,1,1,WFO_offline_hierarchical,2026-06-24,3905
Taraxacum hallaisanense,taraxacum hallaisanense,taraxacum hallaisanense,Taraxacum hallaisanense,wfo-0000007374,wfo-0000007374,Asteraceae,Taraxacum,species,accepted,accepted,exact_accepted,exact_accepted_unique,1,1,1,WFO_offline_hierarchical,2026-06-24,3906
Uncaria elliptica,uncaria elliptica,uncaria elliptica,Uncaria elliptica,wfo-0000329223,wfo-0000329223,Rubiaceae,Uncaria,species,accepted,accepted,exact_accepted,exact_accepted_unique,1,1,1,WFO_offline_hierarchical,2026-06-24,3907
Ampelopsis heterophylla,ampelopsis heterophylla,ampelopsis heterophylla,NA,NA,NA,NA,NA,NA,NA,unresolved,exact_conflict,exact_synonym_conflict,2,2,2,NA,2026-06-24,3908
Erythroxylum leal-costae,erythroxylum leal-costae,erythroxylum leal-costae,Erythroxylum leal-costae,wfo-0000679926,wfo-0000679926,Erythroxylaceae,Erythroxylum,species,accepted,accepted,exact_accepted,exact_accepted_unique,1,1,1,WFO_offline_hierarchical,2026-06-24,3909
Calophyllum enervosum,calophyllum enervosum,calophyllum enervosum,Calophyllum enervosum,wfo-0000581135,wfo-0000581135,Calophyllaceae,Calophyllum,species,accepted,accepted,exact_accepted,exact_accepted_unique,1,1,1,WFO_offline_hierarchical,2026-06-24,3910
Prunus laurocerasus,prunus laurocerasus,prunus laurocerasus,Prunus laurocerasus,wfo-0001016516,wfo-0001016516,Rosaceae,Prunus,species,accepted,accepted,exact_accepted,exact_accepted_unique,1,1,1,WFO_offline_hierarchical,2026-06-24,3911
Mitragyna speciosa,mitragyna speciosa,mitragyna speciosa,Mitragyna speciosa,wfo-0000244943,wfo-0000244943,Rubiaceae,Mitragyna,species,accepted,accepted,exact_accepted,exact_accepted_unique,1,1,1,WFO_offline_hierarchical,2026-06-24,3912
Mammea acuminata,mammea acuminata,mammea acuminata,Mammea acuminata,wfo-0000375051,wfo-0000375051,Calophyllaceae,Mammea,species,accepted,accepted,exact_accepted,exact_accepted_unique,1,1,1,WFO_offline_hierarchical,2026-06-24,3913
Semialarium mexicanum,semialarium mexicanum,semialarium mexicanum,Semialarium mexicanum,wfo-0000435546,wfo-0000435546,Celastraceae,Semialarium,species,accepted,accepted,exact_accepted,exact_accepted_unique,1,1,1,WFO_offline_hierarchical,2026-06-24,3914
Calycolpus warszewiczianus,calycolpus warszewiczianus,calycolpus warszewiczianus,Calycolpus warszewiczianus,wfo-0001086184,wfo-0001086184,Myrtaceae,Calycolpus,species,accepted,accepted,exact_accepted,exact_accepted_unique,1,1,1,WFO_offline_hierarchical,2026-06-24,3915
Trema orientalis,trema orientalis,trema orientalis,NA,NA,NA,NA,NA,NA,NA,unresolved,unresolved,no_match,0,0,0,NA,2026-06-24,3916
Litsea rotundifolia,litsea rotundifolia,litsea rotundifolia,Litsea rotundifolia,wfo-0001070312,wfo-0001070312,Lauraceae,Litsea,species,accepted,accepted,exact_accepted,exact_accepted_unique,1,1,1,WFO_offline_hierarchical,2026-06-24,3917
Allanblackia monticola,allanblackia monticola,allanblackia monticola,Allanblackia gabonensis,wfo-0000525983,wfo-0000525983,Clusiaceae,Allanblackia,species,synonym,synonym,exact_synonym,exact_synonym_unique,2,1,1,WFO_offline_hierarchical,2026-06-24,3918
Maytenus disticha,maytenus disticha,maytenus disticha,Maytenus disticha,wfo-0000375085,wfo-0000375085,Celastraceae,Maytenus,species,accepted,accepted,exact_accepted,exact_accepted_unique,1,1,1,WFO_offline_hierarchical,2026-06-24,3919
Muehlenbeckia hastulata,muehlenbeckia hastulata,muehlenbeckia hastulata,Muehlenbeckia hastulata,wfo-0000452355,wfo-0000452355,Polygonaceae,Muehlenbeckia,species,accepted,accepted,exact_accepted,exact_accepted_unique,1,1,1,WFO_offline_hierarchical,2026-06-24,3920
Kydia glabrescens,kydia glabrescens,kydia glabrescens,Kydia glabrescens,wfo-0001078160,wfo-0001078160,Malvaceae,Kydia,species,accepted,accepted,exact_accepted,exact_accepted_unique,1,1,1,WFO_offline_hierarchical,2026-06-24,3921
Terminalia glabrescens,terminalia glabrescens,terminalia glabrescens,Terminalia glabrescens,wfo-0000408734,wfo-0000408734,Combretaceae,Terminalia,species,accepted,accepted,exact_accepted,exact_accepted_unique,1,1,1,WFO_offline_hierarchical,2026-06-24,3922
Alnus hirsuta,alnus hirsuta,alnus hirsuta,Alnus hirsuta,wfo-0000945674,wfo-0000945674,Betulaceae,Alnus,species,accepted,accepted,exact_accepted,exact_accepted_unique,1,1,1,WFO_offline_hierarchical,2026-06-24,3923
Delavaya toxocarpa,delavaya toxocarpa,delavaya toxocarpa,Delavaya toxocarpa,wfo-0000639405,wfo-0000639405,Sapindaceae,Delavaya,species,accepted,accepted,exact_accepted,exact_accepted_unique,1,1,1,WFO_offline_hierarchical,2026-06-24,3924
Walsura pinnata,walsura pinnata,walsura pinnata,Walsura pinnata,wfo-0000418031,wfo-0000418031,Meliaceae,Walsura,species,accepted,accepted,exact_accepted,exact_accepted_unique,1,1,1,WFO_offline_hierarchical,2026-06-24,3925
Actinobole uliginosum,actinobole uliginosum,actinobole uliginosum,Actinobole uliginosum,wfo-0000014965,wfo-0000014965,Asteraceae,Actinobole,species,accepted,accepted,exact_accepted,exact_accepted_unique,1,1,1,WFO_offline_hierarchical,2026-06-24,3926
Santolina chamaecyparissus,santolina chamaecyparissus,santolina chamaecyparissus,Santolina chamaecyparissus,wfo-0000045085,wfo-0000045085,Asteraceae,Santolina,species,accepted,accepted,exact_accepted,exact_accepted_unique,1,1,1,WFO_offline_hierarchical,2026-06-24,3927
Ophryosporus floribundus,ophryosporus floribundus,ophryosporus floribundus,Ophryosporus floribundus,wfo-0000089530,wfo-0000089530,Asteraceae,Ophryosporus,species,accepted,accepted,exact_accepted,exact_accepted_unique,1,1,1,WFO_offline_hierarchical,2026-06-24,3928
Baccharis thesioides,baccharis thesioides,baccharis thesioides,Baccharis thesioides,wfo-0000011638,wfo-0000011638,Asteraceae,Baccharis,species,accepted,accepted,exact_accepted,exact_accepted_unique,1,1,1,WFO_offline_hierarchical,2026-06-24,3929
Baccharis confertifolia,baccharis confertifolia,baccharis confertifolia,Baccharis confertifolia,wfo-0000086024,wfo-0000086024,Asteraceae,Baccharis,species,accepted,accepted,exact_accepted,exact_accepted_unique,1,1,1,WFO_offline_hierarchical,2026-06-24,3930
Baccharis paniculata,baccharis paniculata,baccharis paniculata,Baccharis paniculata,wfo-0000115994,wfo-0000115994,Asteraceae,Baccharis,species,accepted,accepted,exact_accepted,exact_accepted_unique,1,1,1,WFO_offline_hierarchical,2026-06-24,3931
Populus grandidentata,populus grandidentata,populus grandidentata,Populus grandidentata,wfo-0000928328,wfo-0000928328,Salicaceae,Populus,species,accepted,accepted,exact_accepted,exact_accepted_unique,1,1,1,WFO_offline_hierarchical,2026-06-24,3932
Baccharis phylicoides,baccharis phylicoides,baccharis phylicoides,Baccharis phylicoides,wfo-0000010784,wfo-0000010784,Asteraceae,Baccharis,species,accepted,accepted,exact_accepted,exact_accepted_unique,1,1,1,WFO_offline_hierarchical,2026-06-24,3933
Smallanthus glabratus,smallanthus glabratus,smallanthus glabratus,Smallanthus glabratus,wfo-0000067491,wfo-0000067491,Asteraceae,Smallanthus,species,accepted,accepted,exact_accepted,exact_accepted_unique,1,1,1,WFO_offline_hierarchical,2026-06-24,3934
Baccharis poeppigiana,baccharis poeppigiana,baccharis poeppigiana,Baccharis poeppigiana,wfo-0000128369,wfo-0000128369,Asteraceae,Baccharis,species,accepted,accepted,exact_accepted,exact_accepted_unique,1,1,1,WFO_offline_hierarchical,2026-06-24,3935
Baccharis tricuneata,baccharis tricuneata,baccharis tricuneata,Baccharis tricuneata,wfo-0000065501,wfo-0000065501,Asteraceae,Baccharis,species,accepted,accepted,exact_accepted,exact_accepted_unique,1,1,1,WFO_offline_hierarchical,2026-06-24,3936
Isocoma coronopifolia,isocoma coronopifolia,isocoma coronopifolia,Isocoma coronopifolia,wfo-0000126309,wfo-0000126309,Asteraceae,Isocoma,species,accepted,accepted,exact_accepted,exact_accepted_unique,1,1,1,WFO_offline_hierarchical,2026-06-24,3937
Gochnatia vernonioides,gochnatia vernonioides,gochnatia vernonioides,Gochnatia vernonioides,wfo-0000051824,wfo-0000051824,Asteraceae,Gochnatia,species,accepted,accepted,exact_accepted,exact_accepted_unique,1,1,1,WFO_offline_hierarchical,2026-06-24,3938
Proustia cuneifolia,proustia cuneifolia,proustia cuneifolia,Proustia cuneifolia,wfo-0000134760,wfo-0000134760,Asteraceae,Proustia,species,accepted,accepted,exact_accepted,exact_accepted_unique,1,1,1,WFO_offline_hierarchical,2026-06-24,3939
Dubautia arborea,dubautia arborea,dubautia arborea,Dubautia arborea,wfo-0000087018,wfo-0000087018,Asteraceae,Dubautia,species,accepted,accepted,exact_accepted,exact_accepted_unique,1,1,1,WFO_offline_hierarchical,2026-06-24,3940
Olearia brachyphylla,olearia brachyphylla,olearia brachyphylla,Olearia brachyphylla,wfo-0000037141,wfo-0000037141,Asteraceae,Olearia,species,accepted,accepted,exact_accepted,exact_accepted_unique,1,1,1,WFO_offline_hierarchical,2026-06-24,3941
Hyacinthoides non-scripta ex,hyacinthoides non-scripta ex,hyacinthoides,NA,NA,NA,NA,NA,NA,NA,unresolved,canonical_conflict,canonical_conflict,5,3,3,NA,2026-06-24,3942
Hyacinthoides non-scripta,hyacinthoides non-scripta,hyacinthoides,Hyacinthoides non-scripta,wfo-0000664295,wfo-0000664295,Asparagaceae,Hyacinthoides,species,accepted,accepted,exact_accepted,exact_accepted_unique,1,1,1,WFO_offline_hierarchical,2026-06-24,3943
Veronica cupressoides,veronica cupressoides,veronica cupressoides,Veronica cupressoides,wfo-0000419532,wfo-0000419532,Plantaginaceae,Veronica,species,accepted,accepted,exact_accepted,exact_accepted_unique,1,1,1,WFO_offline_hierarchical,2026-06-24,3944
Porophyllum scoparium,porophyllum scoparium,porophyllum scoparium,Porophyllum scoparium,wfo-0000012501,wfo-0000012501,Asteraceae,Porophyllum,species,accepted,accepted,exact_accepted,exact_accepted_unique,1,1,1,WFO_offline_hierarchical,2026-06-24,3945
Teucrium stocksianum,teucrium stocksianum,teucrium stocksianum,Teucrium stocksianum,wfo-0000322658,wfo-0000322658,Lamiaceae,Teucrium,species,accepted,accepted,exact_accepted,exact_accepted_unique,1,1,1,WFO_offline_hierarchical,2026-06-24,3946
Baccharis pteronioides,baccharis pteronioides,baccharis pteronioides,Baccharis pteronioides,wfo-0000044918,wfo-0000044918,Asteraceae,Baccharis,species,accepted,accepted,exact_accepted,exact_accepted_unique,1,1,1,WFO_offline_hierarchical,2026-06-24,3947
Hieracium amplexicaule,hieracium amplexicaule,hieracium amplexicaule,Hieracium amplexicaule,wfo-0000117103,wfo-0000117103,Asteraceae,Hieracium,species,accepted,accepted,exact_accepted,exact_accepted_unique,1,1,1,WFO_offline_hierarchical,2026-06-24,3948
Onoclea orientalis,onoclea orientalis,onoclea orientalis,Pentarhizidium orientale,wfo-0001232479,wfo-0001232479,Onocleaceae,Pentarhizidium,species,synonym,synonym,exact_synonym,exact_synonym_unique,1,1,1,WFO_offline_hierarchical,2026-06-24,3949
Aldama canescens,aldama canescens,aldama canescens,Aldama canescens,wfo-0001331995,wfo-0001331995,Asteraceae,Aldama,species,accepted,accepted,exact_accepted,exact_accepted_unique,1,1,1,WFO_offline_hierarchical,2026-06-24,3950
Brosimum gaudichaudii,brosimum gaudichaudii,brosimum gaudichaudii,Brosimum gaudichaudii,wfo-0000572399,wfo-0000572399,Moraceae,Brosimum,species,accepted,accepted,exact_accepted,exact_accepted_unique,1,1,1,WFO_offline_hierarchical,2026-06-24,3951
Paracalyx,paracalyx,paracalyx,Paracalyx,wfo-4000027976,wfo-4000027976,Fabaceae,Paracalyx,genus,accepted,accepted,exact_accepted,exact_accepted_unique,1,1,1,WFO_offline_hierarchical,2026-06-24,3952
Atuna racemosa,atuna racemosa,atuna racemosa,Atuna excelsa subsp. racemosa,wfo-1200007302,wfo-1200007302,Chrysobalanaceae,Atuna,subspecies,synonym,synonym,exact_synonym,exact_synonym_unique,1,1,1,WFO_offline_hierarchical,2026-06-24,3953
Secale cereale,secale cereale,secale cereale,Secale cereale,wfo-0000898524,wfo-0000898524,Poaceae,Secale,species,accepted,accepted,exact_accepted,exact_accepted_unique,1,1,1,WFO_offline_hierarchical,2026-06-24,3954
Taraxacum campylodes,taraxacum campylodes,taraxacum campylodes,Taraxacum campylodes,wfo-0000093449,wfo-0000093449,Asteraceae,Taraxacum,species,accepted,accepted,exact_accepted,exact_accepted_unique,1,1,1,WFO_offline_hierarchical,2026-06-24,3955
Taraxacum officinale,taraxacum officinale,taraxacum officinale,NA,NA,NA,NA,NA,NA,NA,unresolved,unresolved,no_match,0,0,0,NA,2026-06-24,3956
Trigonella corniculata,trigonella corniculata,trigonella corniculata,Trigonella balansae,wfo-0000214018,wfo-0000214018,Fabaceae,Trigonella,species,synonym,synonym,exact_synonym,exact_synonym_unique,1,1,1,WFO_offline_hierarchical,2026-06-24,3957
Taraxacum lapponicum,taraxacum lapponicum,taraxacum lapponicum,Taraxacum croceum,wfo-0000071417,wfo-0000071417,Asteraceae,Taraxacum,species,synonym,synonym,exact_synonym,exact_synonym_unique,1,1,1,WFO_offline_hierarchical,2026-06-24,3958
Thymelaea lythroides,thymelaea lythroides,thymelaea lythroides,Thymelaea lythroides,wfo-0001282372,wfo-0001282372,Thymelaeaceae,Thymelaea,species,accepted,accepted,exact_accepted,exact_accepted_unique,1,1,1,WFO_offline_hierarchical,2026-06-24,3959
Hypenia salzmannii,hypenia salzmannii,hypenia salzmannii,Hypenia salzmannii,wfo-0000216208,wfo-0000216208,Lamiaceae,Hypenia,species,accepted,accepted,exact_accepted,exact_accepted_unique,1,1,1,WFO_offline_hierarchical,2026-06-24,3960
Baccharis douglasii,baccharis douglasii,baccharis douglasii,Baccharis glutinosa,wfo-0000000226,wfo-0000000226,Asteraceae,Baccharis,species,synonym,synonym,exact_synonym,exact_synonym_unique,1,1,1,WFO_offline_hierarchical,2026-06-24,3961
Baccharis pingraea,baccharis pingraea,baccharis pingraea,NA,NA,NA,NA,NA,NA,NA,unresolved,exact_conflict,exact_synonym_conflict,2,2,2,NA,2026-06-24,3962
Gymnosperma glutinosum,gymnosperma glutinosum,gymnosperma glutinosum,Gymnosperma glutinosum,wfo-0000094649,wfo-0000094649,Asteraceae,Gymnosperma,species,accepted,accepted,exact_accepted,exact_accepted_unique,1,1,1,WFO_offline_hierarchical,2026-06-24,3963
Baccharis glutinosa,baccharis glutinosa,baccharis glutinosa,Baccharis glutinosa,wfo-0000000226,wfo-0000000226,Asteraceae,Baccharis,species,accepted,accepted,exact_accepted,exact_accepted_unique,1,1,1,WFO_offline_hierarchical,2026-06-24,3964
Salvia,salvia,salvia,Salvia,wfo-4000033888,wfo-4000033888,Lamiaceae,Salvia,genus,accepted,accepted,exact_accepted,exact_accepted_unique,1,1,1,WFO_offline_hierarchical,2026-06-24,3965
Heteroplexis microcephala,heteroplexis microcephala,heteroplexis microcephala,NA,NA,NA,NA,NA,NA,NA,unresolved,unresolved,no_match,0,0,0,NA,2026-06-24,3966
Calophyllum teysmannii,calophyllum teysmannii,calophyllum teysmannii,Calophyllum teysmannii,wfo-0000581366,wfo-0000581366,Calophyllaceae,Calophyllum,species,accepted,accepted,exact_accepted,exact_accepted_unique,1,1,1,WFO_offline_hierarchical,2026-06-24,3967
Patrinia scabra,patrinia scabra,patrinia scabra,Patrinia scabra,wfo-0001225090,wfo-0001225090,Caprifoliaceae,Patrinia,species,accepted,accepted,exact_accepted,exact_accepted_unique,1,1,1,WFO_offline_hierarchical,2026-06-24,3968
Iris decora,iris decora,iris decora,Iris decora,wfo-0000783257,wfo-0000783257,Iridaceae,Iris,species,accepted,accepted,exact_accepted,exact_accepted_unique,1,1,1,WFO_offline_hierarchical,2026-06-24,3969
Iris unguicularis,iris unguicularis,iris unguicularis,Iris unguicularis,wfo-0000783994,wfo-0000783994,Iridaceae,Iris,species,accepted,accepted,exact_accepted,exact_accepted_unique,1,1,1,WFO_offline_hierarchical,2026-06-24,3970
Cryptocarya idenburgensis,cryptocarya idenburgensis,cryptocarya idenburgensis,Cryptocarya idenburgensis,wfo-0000627966,wfo-0000627966,Lauraceae,Cryptocarya,species,accepted,accepted,exact_accepted,exact_accepted_unique,1,1,1,WFO_offline_hierarchical,2026-06-24,3971
Pityrogramma,pityrogramma,pityrogramma,Pityrogramma,wfo-4000029942,wfo-4000029942,Pteridaceae,Pityrogramma,genus,accepted,accepted,exact_accepted,exact_accepted_unique,1,1,1,WFO_offline_hierarchical,2026-06-24,3972
Alpinia formosana,alpinia formosana,alpinia formosana,Alpinia formosana,wfo-0000338484,wfo-0000338484,Zingiberaceae,Alpinia,species,accepted,accepted,exact_accepted,exact_accepted_unique,1,1,1,WFO_offline_hierarchical,2026-06-24,3973
Cestrum parqui,cestrum parqui,cestrum parqui,Cestrum parqui,wfo-0001020770,wfo-0001020770,Solanaceae,Cestrum,species,accepted,accepted,exact_accepted,exact_accepted_unique,1,1,1,WFO_offline_hierarchical,2026-06-24,3974
Helichrysum luteoalbum,helichrysum luteoalbum,helichrysum luteoalbum,Laphangium luteoalbum,wfo-0000076089,wfo-0000076089,Asteraceae,Laphangium,species,synonym,synonym,exact_synonym,exact_synonym_unique,1,1,1,WFO_offline_hierarchical,2026-06-24,3975
Castanea mollissima,castanea mollissima,castanea mollissima,Castanea mollissima,wfo-0000811992,wfo-0000811992,Fagaceae,Castanea,species,accepted,accepted,exact_accepted,exact_accepted_unique,1,1,1,WFO_offline_hierarchical,2026-06-24,3976
Amphimas pterocarpoides,amphimas pterocarpoides,amphimas pterocarpoides,Amphimas pterocarpoides,wfo-0000211895,wfo-0000211895,Fabaceae,Amphimas,species,accepted,accepted,exact_accepted,exact_accepted_unique,1,1,1,WFO_offline_hierarchical,2026-06-24,3977
Centrosema haitiense,centrosema haitiense,centrosema haitiense,Centrosema haitiense,wfo-0000165557,wfo-0000165557,Fabaceae,Centrosema,species,accepted,accepted,exact_accepted,exact_accepted_unique,1,1,1,WFO_offline_hierarchical,2026-06-24,3978
Centrosema schottii,centrosema schottii,centrosema schottii,Centrosema schottii,wfo-0000165570,wfo-0000165570,Fabaceae,Centrosema,species,accepted,accepted,exact_accepted,exact_accepted_unique,1,1,1,WFO_offline_hierarchical,2026-06-24,3979
Swartzia arborescens,swartzia arborescens,swartzia arborescens,Swartzia arborescens,wfo-0000164095,wfo-0000164095,Fabaceae,Swartzia,species,accepted,accepted,exact_accepted,exact_accepted_unique,1,1,1,WFO_offline_hierarchical,2026-06-24,3980
Sideritis infernalis,sideritis infernalis,sideritis infernalis,Sideritis infernalis,wfo-0000310196,wfo-0000310196,Lamiaceae,Sideritis,species,accepted,accepted,exact_accepted,exact_accepted_unique,1,1,1,WFO_offline_hierarchical,2026-06-24,3981
