original_name,exact_name,key,legacy_n_accepted_ids,legacy_resolved,hierarchical_resolved,comparison_status,match_rule,resolution_status,accepted_name,accepted_id,accepted_family,accepted_genus,accepted_rank
Onobrychis ebenoides,onobrychis ebenoides,onobrychis ebenoides,1,TRUE,TRUE,resolved_by_both,exact_accepted,exact_accepted_unique,Onobrychis ebenoides,wfo-0000213876,Fabaceae,Onobrychis,species
Gnetum ula,gnetum ula,gnetum ula,1,TRUE,TRUE,resolved_by_both,exact_synonym,exact_synonym_unique,Gnetum edule,wfo-0001065145,Gnetaceae,Gnetum,species
Vitex negundo,vitex negundo,vitex negundo,1,TRUE,TRUE,resolved_by_both,exact_accepted,exact_accepted_unique,Vitex negundo,wfo-0000333303,Lamiaceae,Vitex,species
Dalbergia parviflora,dalbergia parviflora,dalbergia parviflora,1,TRUE,TRUE,resolved_by_both,exact_accepted,exact_accepted_unique,Dalbergia parviflora,wfo-0000185087,Fabaceae,Dalbergia,species
Oxytropis falcata,oxytropis falcata,oxytropis falcata,2,FALSE,TRUE,recovered_by_hierarchical_rules,exact_accepted,exact_accepted_unique,Oxytropis falcata,wfo-0000198975,Fabaceae,Oxytropis,species
Salvia coccinea,salvia coccinea,salvia coccinea,1,TRUE,TRUE,resolved_by_both,exact_accepted,exact_accepted_unique,Salvia coccinea,wfo-0000300715,Lamiaceae,Salvia,species
Monarda didyma,monarda didyma,monarda didyma,1,TRUE,TRUE,resolved_by_both,exact_accepted,exact_accepted_unique,Monarda didyma,wfo-0000245316,Lamiaceae,Monarda,species
Erythrina crista-galli,erythrina crista-galli,erythrina crista-galli,1,TRUE,TRUE,resolved_by_both,exact_accepted,exact_accepted_unique,Erythrina crista-galli,wfo-0000180641,Fabaceae,Erythrina,species
Sophora prostrata,sophora prostrata,sophora prostrata,1,TRUE,TRUE,resolved_by_both,exact_accepted,exact_accepted_unique,Sophora prostrata,wfo-0000186991,Fabaceae,Sophora,species
Erythrina abyssinica,erythrina abyssinica,erythrina abyssinica,2,FALSE,TRUE,recovered_by_hierarchical_rules,exact_accepted,exact_accepted_consensus_multiple_ids,Erythrina abyssinica,wfo-0000180423,Fabaceae,Erythrina,species
Lespedeza bicolor,lespedeza bicolor,lespedeza bicolor,1,TRUE,TRUE,resolved_by_both,exact_accepted,exact_accepted_unique,Lespedeza bicolor,wfo-0000185056,Fabaceae,Lespedeza,species
Erythrina suberosa,erythrina suberosa,erythrina suberosa,2,FALSE,TRUE,recovered_by_hierarchical_rules,exact_accepted,exact_accepted_unique,Erythrina suberosa,wfo-0000185019,Fabaceae,Erythrina,species
Phaseolus lunatus,phaseolus lunatus,phaseolus lunatus,1,TRUE,TRUE,resolved_by_both,exact_accepted,exact_accepted_unique,Phaseolus lunatus,wfo-0000183263,Fabaceae,Phaseolus,species
Erythrina sigmoidea,erythrina sigmoidea,erythrina sigmoidea,1,TRUE,TRUE,resolved_by_both,exact_accepted,exact_accepted_unique,Erythrina sigmoidea,wfo-0000181143,Fabaceae,Erythrina,species
Erythrina burttii,erythrina burttii,erythrina burttii,1,TRUE,TRUE,resolved_by_both,exact_accepted,exact_accepted_unique,Erythrina burttii,wfo-0000180586,Fabaceae,Erythrina,species
Erythrina zeyheri,erythrina zeyheri,erythrina zeyheri,1,TRUE,TRUE,resolved_by_both,exact_accepted,exact_accepted_unique,Erythrina zeyheri,wfo-0000181259,Fabaceae,Erythrina,species
Erythrina variegata,erythrina variegata,erythrina variegata,1,TRUE,TRUE,resolved_by_both,exact_accepted,exact_accepted_unique,Erythrina variegata,wfo-0000181193,Fabaceae,Erythrina,species
Erythrina subumbrans,erythrina subumbrans,erythrina subumbrans,1,TRUE,TRUE,resolved_by_both,exact_accepted,exact_accepted_unique,Erythrina subumbrans,wfo-0000185021,Fabaceae,Erythrina,species
Lespedeza cyrtobotrya,lespedeza cyrtobotrya,lespedeza cyrtobotrya,1,TRUE,TRUE,resolved_by_both,exact_accepted,exact_accepted_unique,Lespedeza cyrtobotrya,wfo-0000185058,Fabaceae,Lespedeza,species
Sorocea guilleminiana,sorocea guilleminiana,sorocea guilleminiana,1,TRUE,TRUE,resolved_by_both,exact_accepted,exact_accepted_unique,Sorocea guilleminiana,wfo-0001084959,Moraceae,Sorocea,species
Millettia ferruginea,millettia ferruginea,millettia ferruginea,1,TRUE,TRUE,resolved_by_both,exact_accepted,exact_accepted_unique,Millettia ferruginea,wfo-0000199980,Fabaceae,Millettia,species
Millettia griffoniana,millettia griffoniana,millettia griffoniana,1,TRUE,TRUE,resolved_by_both,exact_accepted,exact_accepted_unique,Millettia griffoniana,wfo-0000200088,Fabaceae,Millettia,species
Marshallia graminifolia,marshallia graminifolia,marshallia graminifolia,1,TRUE,TRUE,resolved_by_both,exact_accepted,exact_accepted_unique,Marshallia graminifolia,wfo-0000043587,Asteraceae,Marshallia,species
Marshallia grandiflora,marshallia grandiflora,marshallia grandiflora,1,TRUE,TRUE,resolved_by_both,exact_accepted,exact_accepted_unique,Marshallia grandiflora,wfo-0000044654,Asteraceae,Marshallia,species
Marshallia ramosa,marshallia ramosa,marshallia ramosa,1,TRUE,TRUE,resolved_by_both,exact_accepted,exact_accepted_unique,Marshallia ramosa,wfo-0000125353,Asteraceae,Marshallia,species
Vernonia angustifolia,vernonia angustifolia,vernonia angustifolia,2,FALSE,TRUE,recovered_by_hierarchical_rules,exact_accepted,exact_accepted_unique,Vernonia angustifolia,wfo-0000136997,Asteraceae,Vernonia,species
Marshallia obovata,marshallia obovata,marshallia obovata,2,FALSE,TRUE,recovered_by_hierarchical_rules,exact_accepted,exact_accepted_consensus_multiple_ids,Marshallia obovata,wfo-0000024351,Asteraceae,Marshallia,species
Cryptocarya obovata,cryptocarya obovata,cryptocarya obovata,1,TRUE,TRUE,resolved_by_both,exact_accepted,exact_accepted_unique,Cryptocarya obovata,wfo-0000628097,Lauraceae,Cryptocarya,species
Dermatophyllum arizonicum,dermatophyllum arizonicum,dermatophyllum arizonicum,1,TRUE,TRUE,resolved_by_both,exact_accepted,exact_accepted_unique,Dermatophyllum arizonicum,wfo-0001042781,Fabaceae,Dermatophyllum,species
Sophora arizonica,sophora arizonica,sophora arizonica,1,TRUE,TRUE,resolved_by_both,exact_synonym,exact_synonym_unique,Dermatophyllum arizonicum,wfo-0001042781,Fabaceae,Dermatophyllum,species
Glycyrrhiza uralensis,glycyrrhiza uralensis,glycyrrhiza uralensis,1,TRUE,TRUE,resolved_by_both,exact_accepted,exact_accepted_unique,Glycyrrhiza uralensis,wfo-0001053609,Fabaceae,Glycyrrhiza,species
Artocarpus altilis,artocarpus altilis,artocarpus altilis,1,TRUE,TRUE,resolved_by_both,exact_accepted,exact_accepted_unique,Artocarpus altilis,wfo-0000550425,Moraceae,Artocarpus,species
Erythrina addisoniae,erythrina addisoniae,erythrina addisoniae,1,TRUE,TRUE,resolved_by_both,exact_accepted,exact_accepted_unique,Erythrina addisoniae,wfo-0000180521,Fabaceae,Erythrina,species
Mundulea sericea,mundulea sericea,mundulea sericea,1,TRUE,TRUE,resolved_by_both,exact_accepted,exact_accepted_unique,Mundulea sericea,wfo-0000200952,Fabaceae,Mundulea,species
Mundulea chapelieri ex,mundulea chapelieri ex,mundulea chapelieri,1,TRUE,TRUE,resolved_by_both,canonical,canonical_unique,Mundulea chapelieri,wfo-0000196351,Fabaceae,Mundulea,species
Morus alba,morus alba,morus alba,1,TRUE,TRUE,resolved_by_both,exact_accepted,exact_accepted_unique,Morus alba,wfo-0000447905,Moraceae,Morus,species
Senegalia caffra,senegalia caffra,senegalia caffra,0,FALSE,FALSE,unresolved_by_both,unresolved,no_match,NA,NA,NA,NA,NA
Acacia cultriformis,acacia cultriformis,acacia cultriformis,1,TRUE,TRUE,resolved_by_both,exact_accepted,exact_accepted_unique,Acacia cultriformis,wfo-0000191942,Fabaceae,Acacia,species
Onychium siliculosum,onychium siliculosum,onychium siliculosum,1,TRUE,TRUE,resolved_by_both,exact_accepted,exact_accepted_unique,Onychium siliculosum,wfo-0001117710,Pteridaceae,Onychium,species
Miliusa balansae,miliusa balansae,miliusa balansae,1,TRUE,TRUE,resolved_by_both,exact_accepted,exact_accepted_unique,Miliusa balansae,wfo-0001032905,Annonaceae,Miliusa,species
Persicaria barbata,persicaria barbata,persicaria barbata,1,TRUE,TRUE,resolved_by_both,exact_accepted,exact_accepted_unique,Persicaria barbata,wfo-0000488084,Polygonaceae,Persicaria,species
Didymocarpus albicalyx,didymocarpus albicalyx,didymocarpus albicalyx,1,TRUE,TRUE,resolved_by_both,exact_accepted,exact_accepted_unique,Didymocarpus albicalyx,wfo-0001041801,Gesneriaceae,Didymocarpus,species
Urceola micrantha,urceola micrantha,urceola micrantha,1,TRUE,TRUE,resolved_by_both,exact_accepted,exact_accepted_unique,Urceola micrantha,wfo-0000330495,Apocynaceae,Urceola,species
Cullen corylifolium,cullen corylifolium,cullen corylifolium,1,TRUE,TRUE,resolved_by_both,exact_accepted,exact_accepted_unique,Cullen corylifolium,wfo-0000186158,Fabaceae,Cullen,species
Cullen corylifolia,cullen corylifolia,cullen corylifolia,1,TRUE,TRUE,resolved_by_both,exact_synonym,exact_synonym_unique,Cullen corylifolium,wfo-0000186158,Fabaceae,Cullen,species
Broussonetia papyrifera,broussonetia papyrifera,broussonetia papyrifera,1,TRUE,TRUE,resolved_by_both,exact_accepted,exact_accepted_unique,Broussonetia papyrifera,wfo-0000572577,Moraceae,Broussonetia,species
Lespedeza floribunda,lespedeza floribunda,lespedeza floribunda,1,TRUE,TRUE,resolved_by_both,exact_accepted,exact_accepted_unique,Lespedeza floribunda,wfo-0000197885,Fabaceae,Lespedeza,species
Millettia,millettia,millettia,1,TRUE,TRUE,resolved_by_both,exact_accepted,exact_accepted_unique,Millettia,wfo-4000024305,Fabaceae,Millettia,genus
Laguncularia racemosa,laguncularia racemosa,laguncularia racemosa,1,TRUE,TRUE,resolved_by_both,exact_accepted,exact_accepted_unique,Laguncularia racemosa,wfo-0000358854,Combretaceae,Laguncularia,species
Maclura pomifera,maclura pomifera,maclura pomifera,1,TRUE,TRUE,resolved_by_both,exact_accepted,exact_accepted_unique,Maclura pomifera,wfo-0000447854,Moraceae,Maclura,species
Derris malaccensis,derris malaccensis,derris malaccensis,1,TRUE,TRUE,resolved_by_both,exact_synonym,exact_synonym_unique,Derris montana,wfo-0000206771,Fabaceae,Derris,species
Maclura aurantiaca,maclura aurantiaca,maclura aurantiaca,1,TRUE,TRUE,resolved_by_both,exact_synonym,exact_synonym_unique,Maclura pomifera,wfo-0000447854,Moraceae,Maclura,species
Millettia pachycarpa,millettia pachycarpa,millettia pachycarpa,1,TRUE,TRUE,resolved_by_both,exact_synonym,exact_synonym_unique,Derris taiwaniana,wfo-1200008664,Fabaceae,Derris,species
Flemingia macrophylla,flemingia macrophylla,flemingia macrophylla,3,FALSE,TRUE,recovered_by_hierarchical_rules,exact_accepted,exact_accepted_unique,Flemingia macrophylla,wfo-0000194840,Fabaceae,Flemingia,species
Flemingia macrophylla ex,flemingia macrophylla ex,flemingia macrophylla,3,FALSE,FALSE,unresolved_by_both,canonical_conflict,canonical_conflict,NA,NA,NA,NA,NA
Centrosema pubescens,centrosema pubescens,centrosema pubescens,1,TRUE,TRUE,resolved_by_both,exact_accepted,exact_accepted_unique,Centrosema pubescens,wfo-0000179155,Fabaceae,Centrosema,species
Luxemburgia octandra,luxemburgia octandra,luxemburgia octandra,1,TRUE,TRUE,resolved_by_both,exact_accepted,exact_accepted_unique,Luxemburgia octandra,wfo-0001086964,Ochnaceae,Luxemburgia,species
Dalbergia odorifera,dalbergia odorifera,dalbergia odorifera,1,TRUE,TRUE,resolved_by_both,exact_accepted,exact_accepted_unique,Dalbergia odorifera,wfo-0000194810,Fabaceae,Dalbergia,species
Dalbergia nigra ex,dalbergia nigra ex,dalbergia nigra,1,TRUE,TRUE,resolved_by_both,canonical,canonical_unique,Dalbergia nigra,wfo-0000170463,Fabaceae,Dalbergia,species
Dalbergia nigra,dalbergia nigra,dalbergia nigra,1,TRUE,TRUE,resolved_by_both,exact_accepted,exact_accepted_unique,Dalbergia nigra,wfo-0000170463,Fabaceae,Dalbergia,species
Calophyllum pauciflorum,calophyllum pauciflorum,calophyllum pauciflorum,1,TRUE,TRUE,resolved_by_both,exact_accepted,exact_accepted_unique,Calophyllum pauciflorum,wfo-0000581270,Calophyllaceae,Calophyllum,species
Pachyrrhizus erosus,pachyrrhizus erosus,pachyrrhizus erosus,0,FALSE,FALSE,unresolved_by_both,unresolved,no_match,NA,NA,NA,NA,NA
Pseudosophora alopecuroides,pseudosophora alopecuroides,pseudosophora alopecuroides,1,TRUE,TRUE,resolved_by_both,exact_synonym,exact_synonym_unique,Sophora alopecuroides,wfo-0000213933,Fabaceae,Sophora,species
Sophora leachiana,sophora leachiana,sophora leachiana,1,TRUE,TRUE,resolved_by_both,exact_accepted,exact_accepted_unique,Sophora leachiana,wfo-0000175484,Fabaceae,Sophora,species
Sophora moorcroftiana,sophora moorcroftiana,sophora moorcroftiana,2,FALSE,TRUE,recovered_by_hierarchical_rules,exact_accepted,exact_accepted_consensus_multiple_ids,Sophora moorcroftiana,wfo-0000185589,Fabaceae,Sophora,species
Sophora davidii,sophora davidii,sophora davidii,2,FALSE,TRUE,recovered_by_hierarchical_rules,exact_accepted,exact_accepted_consensus_multiple_ids,Sophora davidii,wfo-0000212090,Fabaceae,Sophora,species
Sophora stenophylla,sophora stenophylla,sophora stenophylla,1,TRUE,TRUE,resolved_by_both,exact_accepted,exact_accepted_unique,Sophora stenophylla,wfo-0000174273,Fabaceae,Sophora,species
Citrus medica,citrus medica,citrus medica,1,TRUE,TRUE,resolved_by_both,exact_accepted,exact_accepted_unique,Citrus medica,wfo-0000608140,Rutaceae,Citrus,species
Citrus junos,citrus junos,citrus junos,0,FALSE,FALSE,unresolved_by_both,unresolved,no_match,NA,NA,NA,NA,NA
Lupinus albus,lupinus albus,lupinus albus,2,FALSE,TRUE,recovered_by_hierarchical_rules,exact_accepted,exact_accepted_unique,Lupinus albus,wfo-0000213483,Fabaceae,Lupinus,species
Bidens pilosa,bidens pilosa,bidens pilosa,1,TRUE,TRUE,resolved_by_both,exact_accepted,exact_accepted_unique,Bidens pilosa,wfo-0000115943,Asteraceae,Bidens,species
Sophora flavescens,sophora flavescens,sophora flavescens,1,TRUE,TRUE,resolved_by_both,exact_accepted,exact_accepted_unique,Sophora flavescens,wfo-0000185581,Fabaceae,Sophora,species
Ochna afzelii,ochna afzelii,ochna afzelii,1,TRUE,TRUE,resolved_by_both,exact_accepted,exact_accepted_unique,Ochna afzelii,wfo-0000388902,Ochnaceae,Ochna,species
Cyclosorus acuminatus ex,cyclosorus acuminatus ex,cyclosorus acuminatus,1,TRUE,TRUE,resolved_by_both,canonical,canonical_unique,Christella acuminata,wfo-0001125964,Thelypteridaceae,Christella,species
Cordia goetzei,cordia goetzei,cordia goetzei,1,TRUE,TRUE,resolved_by_both,exact_accepted,exact_accepted_unique,Cordia goetzei,wfo-0000620530,Cordiaceae,Cordia,species
Ochna calodendron,ochna calodendron,ochna calodendron,1,TRUE,TRUE,resolved_by_both,exact_accepted,exact_accepted_unique,Ochna calodendron,wfo-0000388934,Ochnaceae,Ochna,species
Ochna macrocalyx,ochna macrocalyx,ochna macrocalyx,1,TRUE,TRUE,resolved_by_both,exact_accepted,exact_accepted_unique,Ochna macrocalyx,wfo-0001087202,Ochnaceae,Ochna,species
Ochna integerrima,ochna integerrima,ochna integerrima,1,TRUE,TRUE,resolved_by_both,exact_accepted,exact_accepted_unique,Ochna integerrima,wfo-0001087253,Ochnaceae,Ochna,species
Searsia laevigata,searsia laevigata,searsia laevigata,1,TRUE,TRUE,resolved_by_both,exact_accepted,exact_accepted_unique,Searsia laevigata,wfo-0000434903,Anacardiaceae,Searsia,species
Piscidia piscipula,piscidia piscipula,piscidia piscipula,1,TRUE,TRUE,resolved_by_both,exact_accepted,exact_accepted_unique,Piscidia piscipula,wfo-0000168417,Fabaceae,Piscidia,species
Tephrosia pentaphylla,tephrosia pentaphylla,tephrosia pentaphylla,1,TRUE,TRUE,resolved_by_both,exact_accepted,exact_accepted_unique,Tephrosia pentaphylla,wfo-0001055146,Fabaceae,Tephrosia,species
Tephrosia villosa,tephrosia villosa,tephrosia villosa,2,FALSE,TRUE,recovered_by_hierarchical_rules,exact_accepted,exact_accepted_unique,Tephrosia villosa,wfo-0000204506,Fabaceae,Tephrosia,species
Cynomorium coccineum,cynomorium coccineum,cynomorium coccineum,1,TRUE,TRUE,resolved_by_both,exact_accepted,exact_accepted_unique,Cynomorium coccineum,wfo-0000934734,Cynomoriaceae,Cynomorium,species
Althaea armeniaca,althaea armeniaca,althaea armeniaca,1,TRUE,TRUE,resolved_by_both,exact_accepted,exact_accepted_unique,Althaea armeniaca,wfo-0000528902,Malvaceae,Althaea,species
Althaea broussonetiifolia,althaea broussonetiifolia,althaea broussonetiifolia,1,TRUE,TRUE,resolved_by_both,exact_synonym,exact_synonym_unique,Althaea armeniaca,wfo-0000528902,Malvaceae,Althaea,species
Althaea cannabina,althaea cannabina,althaea cannabina,1,TRUE,TRUE,resolved_by_both,exact_accepted,exact_accepted_unique,Althaea cannabina,wfo-0000528921,Malvaceae,Althaea,species
Althaea narbonensis,althaea narbonensis,althaea narbonensis,1,TRUE,TRUE,resolved_by_both,exact_synonym,exact_synonym_unique,Althaea cannabina,wfo-0000528921,Malvaceae,Althaea,species
Althaea officinalis,althaea officinalis,althaea officinalis,1,TRUE,TRUE,resolved_by_both,exact_accepted,exact_accepted_unique,Althaea officinalis,wfo-0000529011,Malvaceae,Althaea,species
Tephrosia apollinea,tephrosia apollinea,tephrosia apollinea,2,FALSE,FALSE,unresolved_by_both,exact_conflict,exact_synonym_conflict,NA,NA,NA,NA,NA
Sophora koreensis,sophora koreensis,sophora koreensis,1,TRUE,TRUE,resolved_by_both,exact_accepted,exact_accepted_unique,Sophora koreensis,wfo-0000186126,Fabaceae,Sophora,species
Sophora tomentosa,sophora tomentosa,sophora tomentosa,1,TRUE,TRUE,resolved_by_both,exact_accepted,exact_accepted_unique,Sophora tomentosa,wfo-0000212096,Fabaceae,Sophora,species
Dalbergia monetaria,dalbergia monetaria,dalbergia monetaria,1,TRUE,TRUE,resolved_by_both,exact_accepted,exact_accepted_unique,Dalbergia monetaria,wfo-0000170462,Fabaceae,Dalbergia,species
Genista pichisermolliana,genista pichisermolliana,genista pichisermolliana,1,TRUE,TRUE,resolved_by_both,exact_accepted,exact_accepted_unique,Genista pichisermolliana,wfo-0000696577,Fabaceae,Genista,species
Dalbergia nitidula,dalbergia nitidula,dalbergia nitidula,1,TRUE,TRUE,resolved_by_both,exact_accepted,exact_accepted_unique,Dalbergia nitidula,wfo-0000172371,Fabaceae,Dalbergia,species
Cunila,cunila,cunila,2,FALSE,TRUE,recovered_by_hierarchical_rules,exact_accepted,exact_accepted_unique,Cunila,wfo-4000010044,Lamiaceae,Cunila,genus
Populus sieboldii,populus sieboldii,populus sieboldii,1,TRUE,TRUE,resolved_by_both,exact_synonym,exact_synonym_unique,Populus tremula var. sieboldii,wfo-0000928358,Salicaceae,Populus,variety
Sophora tonkinensis,sophora tonkinensis,sophora tonkinensis,1,TRUE,TRUE,resolved_by_both,exact_accepted,exact_accepted_unique,Sophora tonkinensis,wfo-0000186509,Fabaceae,Sophora,species
Lotus angustissimus,lotus angustissimus,lotus angustissimus,1,TRUE,TRUE,resolved_by_both,exact_accepted,exact_accepted_unique,Lotus angustissimus,wfo-0001060764,Fabaceae,Lotus,species
Lotus edulis,lotus edulis,lotus edulis,1,TRUE,TRUE,resolved_by_both,exact_accepted,exact_accepted_unique,Lotus edulis,wfo-0000212191,Fabaceae,Lotus,species
Psorospermum febrifugum,psorospermum febrifugum,psorospermum febrifugum,1,TRUE,TRUE,resolved_by_both,exact_accepted,exact_accepted_unique,Psorospermum febrifugum,wfo-0000465021,Hypericaceae,Psorospermum,species
Iryanthera ulei,iryanthera ulei,iryanthera ulei,1,TRUE,TRUE,resolved_by_both,exact_synonym,exact_synonym_unique,Iryanthera hostmannii,wfo-0000732329,Myristicaceae,Iryanthera,species
Iryanthera lancifolia,iryanthera lancifolia,iryanthera lancifolia,1,TRUE,TRUE,resolved_by_both,exact_accepted,exact_accepted_unique,Iryanthera lancifolia,wfo-0000732333,Myristicaceae,Iryanthera,species
Euchresta tubulosa,euchresta tubulosa,euchresta tubulosa,1,TRUE,TRUE,resolved_by_both,exact_accepted,exact_accepted_unique,Euchresta tubulosa,wfo-0000198724,Fabaceae,Euchresta,species
Brosimum acutifolium,brosimum acutifolium,brosimum acutifolium,1,TRUE,TRUE,resolved_by_both,exact_accepted,exact_accepted_unique,Brosimum acutifolium,wfo-0000572376,Moraceae,Brosimum,species
Morus mongolica,morus mongolica,morus mongolica,1,TRUE,TRUE,resolved_by_both,exact_accepted,exact_accepted_unique,Morus mongolica,wfo-0001230837,Moraceae,Morus,species
Scutellaria baicalensis,scutellaria baicalensis,scutellaria baicalensis,1,TRUE,TRUE,resolved_by_both,exact_accepted,exact_accepted_unique,Scutellaria baicalensis,wfo-0000307642,Lamiaceae,Scutellaria,species
Selliguea moulmeinensis,selliguea moulmeinensis,selliguea moulmeinensis,1,TRUE,TRUE,resolved_by_both,exact_accepted,exact_accepted_unique,Selliguea moulmeinensis,wfo-0001423238,Polypodiaceae,Selliguea,species
Smilax bockii,smilax bockii,smilax bockii,1,TRUE,TRUE,resolved_by_both,exact_accepted,exact_accepted_unique,Smilax bockii,wfo-0000740749,Smilacaceae,Smilax,species
Drynaria propinqua,drynaria propinqua,drynaria propinqua,1,TRUE,TRUE,resolved_by_both,exact_accepted,exact_accepted_unique,Drynaria propinqua,wfo-0001122949,Polypodiaceae,Drynaria,species
Cassia fistula,cassia fistula,cassia fistula,1,TRUE,TRUE,resolved_by_both,exact_accepted,exact_accepted_unique,Cassia fistula,wfo-0000163802,Fabaceae,Cassia,species
Glycyrrhiza pallidiflora,glycyrrhiza pallidiflora,glycyrrhiza pallidiflora,1,TRUE,TRUE,resolved_by_both,exact_accepted,exact_accepted_unique,Glycyrrhiza pallidiflora,wfo-0000186030,Fabaceae,Glycyrrhiza,species
Bagassa guianensis,bagassa guianensis,bagassa guianensis,1,TRUE,TRUE,resolved_by_both,exact_accepted,exact_accepted_unique,Bagassa guianensis,wfo-0000558480,Moraceae,Bagassa,species
Morus cathayana,morus cathayana,morus cathayana,1,TRUE,TRUE,resolved_by_both,exact_accepted,exact_accepted_unique,Morus cathayana,wfo-0001228795,Moraceae,Morus,species
Litsea sericea,litsea sericea,litsea sericea,1,TRUE,TRUE,resolved_by_both,exact_accepted,exact_accepted_unique,Litsea sericea,wfo-0001070314,Lauraceae,Litsea,species
Neolitsea aurata,neolitsea aurata,neolitsea aurata,1,TRUE,TRUE,resolved_by_both,exact_accepted,exact_accepted_unique,Neolitsea aurata,wfo-0001071585,Lauraceae,Neolitsea,species
Neolitsea sericea,neolitsea sericea,neolitsea sericea,1,TRUE,TRUE,resolved_by_both,exact_accepted,exact_accepted_unique,Neolitsea sericea,wfo-0001071933,Lauraceae,Neolitsea,species
Smilax corbularia,smilax corbularia,smilax corbularia,1,TRUE,TRUE,resolved_by_both,exact_accepted,exact_accepted_unique,Smilax corbularia,wfo-0000740672,Smilacaceae,Smilax,species
Iryanthera sagotiana,iryanthera sagotiana,iryanthera sagotiana,1,TRUE,TRUE,resolved_by_both,exact_accepted,exact_accepted_unique,Iryanthera sagotiana,wfo-0001085166,Myristicaceae,Iryanthera,species
Cratoxylum arborescens,cratoxylum arborescens,cratoxylum arborescens,1,TRUE,TRUE,resolved_by_both,exact_accepted,exact_accepted_unique,Cratoxylum arborescens,wfo-0000625744,Hypericaceae,Cratoxylum,species
Engelhardtia roxburghiana,engelhardtia roxburghiana,engelhardtia roxburghiana,0,FALSE,FALSE,unresolved_by_both,unresolved,no_match,NA,NA,NA,NA,NA
Smilax glabra,smilax glabra,smilax glabra,1,TRUE,TRUE,resolved_by_both,exact_accepted,exact_accepted_unique,Smilax glabra,wfo-0000742694,Smilacaceae,Smilax,species
Kunzea ambigua,kunzea ambigua,kunzea ambigua,1,TRUE,TRUE,resolved_by_both,exact_accepted,exact_accepted_unique,Kunzea ambigua,wfo-0000221558,Myrtaceae,Kunzea,species
Hibiscus syriacus,hibiscus syriacus,hibiscus syriacus,1,TRUE,TRUE,resolved_by_both,exact_accepted,exact_accepted_unique,Hibiscus syriacus,wfo-0000723127,Malvaceae,Hibiscus,species
Epilobium angustifolium,epilobium angustifolium,epilobium angustifolium,1,TRUE,TRUE,resolved_by_both,exact_accepted,exact_accepted_unique,Epilobium angustifolium,wfo-0000668750,Onagraceae,Epilobium,species
Chamerion angustifolium,chamerion angustifolium,chamerion angustifolium,1,TRUE,TRUE,resolved_by_both,exact_synonym,exact_synonym_unique,Epilobium angustifolium,wfo-0000668750,Onagraceae,Epilobium,species
Chamerion,chamerion,chamerion,1,TRUE,TRUE,resolved_by_both,exact_synonym,exact_synonym_unique,Epilobium,wfo-4000013609,Onagraceae,Epilobium,genus
Lindera umbellata,lindera umbellata,lindera umbellata,1,TRUE,TRUE,resolved_by_both,exact_accepted,exact_accepted_unique,Lindera umbellata,wfo-0001070371,Lauraceae,Lindera,species
Wyethia angustifolia,wyethia angustifolia,wyethia angustifolia,1,TRUE,TRUE,resolved_by_both,exact_accepted,exact_accepted_unique,Wyethia angustifolia,wfo-0000078294,Asteraceae,Wyethia,species
Andrographis lineata,andrographis lineata,andrographis lineata,1,TRUE,TRUE,resolved_by_both,exact_accepted,exact_accepted_unique,Andrographis lineata,wfo-0000534054,Acanthaceae,Andrographis,species
Andrographis echioides,andrographis echioides,andrographis echioides,1,TRUE,TRUE,resolved_by_both,exact_accepted,exact_accepted_unique,Andrographis echioides,wfo-0000534042,Acanthaceae,Andrographis,species
Diospyros kaki,diospyros kaki,diospyros kaki,1,TRUE,TRUE,resolved_by_both,exact_accepted,exact_accepted_unique,Diospyros kaki,wfo-0000649136,Ebenaceae,Diospyros,species
Pneumatopteris pennigera,pneumatopteris pennigera,pneumatopteris pennigera,1,TRUE,TRUE,resolved_by_both,exact_synonym,exact_synonym_unique,Pakau pennigera,wfo-1000028275,Thelypteridaceae,Pakau,species
Podocarpus nivalis,podocarpus nivalis,podocarpus nivalis,1,TRUE,TRUE,resolved_by_both,exact_accepted,exact_accepted_unique,Podocarpus nivalis,wfo-0000485157,Podocarpaceae,Podocarpus,species
Diplazium esculentum,diplazium esculentum,diplazium esculentum,1,TRUE,TRUE,resolved_by_both,exact_accepted,exact_accepted_unique,Diplazium esculentum,wfo-0001109577,Athyriaceae,Diplazium,species
Ilex hainanensis,ilex hainanensis,ilex hainanensis,1,TRUE,TRUE,resolved_by_both,exact_accepted,exact_accepted_unique,Ilex hainanensis,wfo-0001078611,Aquifoliaceae,Ilex,species
Neocheiropteris fortunei,neocheiropteris fortunei,neocheiropteris fortunei,0,FALSE,FALSE,unresolved_by_both,unresolved,no_match,NA,NA,NA,NA,NA
Campanula barbata,campanula barbata,campanula barbata,3,FALSE,TRUE,recovered_by_hierarchical_rules,exact_accepted,exact_accepted_unique,Campanula barbata,wfo-0000826593,Campanulaceae,Campanula,species
Goniothalamus cheliensis,goniothalamus cheliensis,goniothalamus cheliensis,1,TRUE,TRUE,resolved_by_both,exact_accepted,exact_accepted_unique,Goniothalamus cheliensis,wfo-0000706452,Annonaceae,Goniothalamus,species
Dorstenia mannii,dorstenia mannii,dorstenia mannii,1,TRUE,TRUE,resolved_by_both,exact_accepted,exact_accepted_unique,Dorstenia mannii,wfo-0000654502,Moraceae,Dorstenia,species
Piptanthus nepalensis,piptanthus nepalensis,piptanthus nepalensis,2,FALSE,TRUE,recovered_by_hierarchical_rules,exact_accepted,exact_accepted_consensus_multiple_ids,Piptanthus nepalensis,wfo-0000186282,Fabaceae,Piptanthus,species
Humulus lupulus,humulus lupulus,humulus lupulus,1,TRUE,TRUE,resolved_by_both,exact_accepted,exact_accepted_unique,Humulus lupulus,wfo-0000725866,Cannabaceae,Humulus,species
Lannea coromandelica,lannea coromandelica,lannea coromandelica,1,TRUE,TRUE,resolved_by_both,exact_accepted,exact_accepted_unique,Lannea coromandelica,wfo-0001050697,Anacardiaceae,Lannea,species
Sophora exigua,sophora exigua,sophora exigua,1,TRUE,TRUE,resolved_by_both,exact_accepted,exact_accepted_unique,Sophora exigua,wfo-0000186510,Fabaceae,Sophora,species
Iryanthera laevis,iryanthera laevis,iryanthera laevis,1,TRUE,TRUE,resolved_by_both,exact_accepted,exact_accepted_unique,Iryanthera laevis,wfo-0000732332,Myristicaceae,Iryanthera,species
Wedelia asperrima,wedelia asperrima,wedelia asperrima,2,FALSE,TRUE,recovered_by_hierarchical_rules,exact_accepted,exact_accepted_unique,Wedelia asperrima,wfo-0000132007,Asteraceae,Wedelia,species
Cotinus coggygria,cotinus coggygria,cotinus coggygria,1,TRUE,TRUE,resolved_by_both,exact_accepted,exact_accepted_unique,Cotinus coggygria,wfo-0000623618,Anacardiaceae,Cotinus,species
Crotalaria trichotoma,crotalaria trichotoma,crotalaria trichotoma,1,TRUE,TRUE,resolved_by_both,exact_accepted,exact_accepted_unique,Crotalaria trichotoma,wfo-0000186157,Fabaceae,Crotalaria,species
Campomanesia lineatifolia,campomanesia lineatifolia,campomanesia lineatifolia,1,TRUE,TRUE,resolved_by_both,exact_accepted,exact_accepted_unique,Campomanesia lineatifolia,wfo-0000793396,Myrtaceae,Campomanesia,species
Lespedeza homoloba,lespedeza homoloba,lespedeza homoloba,1,TRUE,TRUE,resolved_by_both,exact_accepted,exact_accepted_unique,Lespedeza homoloba,wfo-0000185060,Fabaceae,Lespedeza,species
Morus macroura,morus macroura,morus macroura,1,TRUE,TRUE,resolved_by_both,exact_accepted,exact_accepted_unique,Morus macroura,wfo-0001245087,Moraceae,Morus,species
Morus australis,morus australis,morus australis,1,TRUE,TRUE,resolved_by_both,exact_synonym,exact_synonym_unique,Morus indica,wfo-0000447884,Moraceae,Morus,species
Morus nigra,morus nigra,morus nigra,1,TRUE,TRUE,resolved_by_both,exact_accepted,exact_accepted_unique,Morus nigra,wfo-0000447931,Moraceae,Morus,species
Dioclea grandiflora,dioclea grandiflora,dioclea grandiflora,1,TRUE,TRUE,resolved_by_both,exact_synonym,exact_synonym_unique,Macropsychanthus grandiflorus,wfo-0001443939,Fabaceae,Macropsychanthus,species
Eriosema tuberosum,eriosema tuberosum,eriosema tuberosum,2,FALSE,TRUE,recovered_by_hierarchical_rules,exact_accepted,exact_accepted_unique,Eriosema tuberosum,wfo-0000195543,Fabaceae,Eriosema,species
Arnica viscosa,arnica viscosa,arnica viscosa,1,TRUE,TRUE,resolved_by_both,exact_accepted,exact_accepted_unique,Arnica viscosa,wfo-0000015907,Asteraceae,Arnica,species
Archidendron clypearia,archidendron clypearia,archidendron clypearia,1,TRUE,TRUE,resolved_by_both,exact_accepted,exact_accepted_unique,Archidendron clypearia,wfo-0000185987,Fabaceae,Archidendron,species
Ceiba pentandra,ceiba pentandra,ceiba pentandra,1,TRUE,TRUE,resolved_by_both,exact_accepted,exact_accepted_unique,Ceiba pentandra,wfo-0000592594,Malvaceae,Ceiba,species
Davallia mariesii,davallia mariesii,davallia mariesii,1,TRUE,TRUE,resolved_by_both,exact_synonym,exact_synonym_unique,Davallia bullata,wfo-0001124797,Davalliaceae,Davallia,species
Aesculus hippocastanum,aesculus hippocastanum,aesculus hippocastanum,1,TRUE,TRUE,resolved_by_both,exact_accepted,exact_accepted_unique,Aesculus hippocastanum,wfo-0000522287,Sapindaceae,Aesculus,species
Ononis vaginalis,ononis vaginalis,ononis vaginalis,1,TRUE,TRUE,resolved_by_both,exact_accepted,exact_accepted_unique,Ononis vaginalis,wfo-0000186976,Fabaceae,Ononis,species
Amorpha fruticosa,amorpha fruticosa,amorpha fruticosa,2,FALSE,TRUE,recovered_by_hierarchical_rules,exact_accepted,exact_accepted_unique,Amorpha fruticosa,wfo-0000213510,Fabaceae,Amorpha,species
Campylotropis hirtella,campylotropis hirtella,campylotropis hirtella,1,TRUE,TRUE,resolved_by_both,exact_accepted,exact_accepted_unique,Campylotropis hirtella,wfo-0000197754,Fabaceae,Campylotropis,species
Mabea caudata,mabea caudata,mabea caudata,1,TRUE,TRUE,resolved_by_both,exact_synonym,exact_synonym_unique,Mabea speciosa,wfo-0000231722,Euphorbiaceae,Mabea,species
Mabea fistulifera,mabea fistulifera,mabea fistulifera,2,FALSE,TRUE,recovered_by_hierarchical_rules,exact_accepted,exact_accepted_unique,Mabea fistulifera,wfo-0000231651,Euphorbiaceae,Mabea,species
Cudrania cochinchinensis,cudrania cochinchinensis,cudrania cochinchinensis,1,TRUE,TRUE,resolved_by_both,exact_synonym,exact_synonym_unique,Maclura cochinchinensis,wfo-0000448071,Moraceae,Maclura,species
Picea abies,picea abies,picea abies,1,TRUE,TRUE,resolved_by_both,exact_accepted,exact_accepted_unique,Picea abies,wfo-0000482030,Pinaceae,Picea,species
Afzelia bella,afzelia bella,afzelia bella,2,FALSE,TRUE,recovered_by_hierarchical_rules,exact_accepted,exact_accepted_unique,Afzelia bella,wfo-0000211757,Fabaceae,Afzelia,species
Robinia pseudoacacia,robinia pseudoacacia,robinia pseudoacacia,1,TRUE,TRUE,resolved_by_both,exact_accepted,exact_accepted_unique,Robinia pseudoacacia,wfo-0000213931,Fabaceae,Robinia,species
Tephrosia purpurea,tephrosia purpurea,tephrosia purpurea,1,TRUE,TRUE,resolved_by_both,exact_accepted,exact_accepted_unique,Tephrosia purpurea,wfo-0000203860,Fabaceae,Tephrosia,species
Acacia melanoxylon,acacia melanoxylon,acacia melanoxylon,1,TRUE,TRUE,resolved_by_both,exact_accepted,exact_accepted_unique,Acacia melanoxylon,wfo-0000204086,Fabaceae,Acacia,species
Zuccagnia punctata,zuccagnia punctata,zuccagnia punctata,1,TRUE,TRUE,resolved_by_both,exact_accepted,exact_accepted_unique,Zuccagnia punctata,wfo-0000174380,Fabaceae,Zuccagnia,species
Cryptocarya chinensis,cryptocarya chinensis,cryptocarya chinensis,1,TRUE,TRUE,resolved_by_both,exact_accepted,exact_accepted_unique,Cryptocarya chinensis,wfo-0000627835,Lauraceae,Cryptocarya,species
Muntingia calabura,muntingia calabura,muntingia calabura,1,TRUE,TRUE,resolved_by_both,exact_accepted,exact_accepted_unique,Muntingia calabura,wfo-0000451606,Muntingiaceae,Muntingia,species
Angelica keiskei,angelica keiskei,angelica keiskei,1,TRUE,TRUE,resolved_by_both,exact_accepted,exact_accepted_unique,Angelica keiskei,wfo-0000536243,Apiaceae,Angelica,species
Clitoria fairchildiana,clitoria fairchildiana,clitoria fairchildiana,1,TRUE,TRUE,resolved_by_both,exact_accepted,exact_accepted_unique,Clitoria fairchildiana,wfo-0000164325,Fabaceae,Clitoria,species
Millettia brandisiana,millettia brandisiana,millettia brandisiana,1,TRUE,TRUE,resolved_by_both,exact_accepted,exact_accepted_unique,Millettia brandisiana,wfo-0000185916,Fabaceae,Millettia,species
Smilax china,smilax china,smilax china,3,FALSE,TRUE,recovered_by_hierarchical_rules,exact_accepted,exact_accepted_unique,Smilax china,wfo-0000740545,Smilacaceae,Smilax,species
Deguelia scandens,deguelia scandens,deguelia scandens,1,TRUE,TRUE,resolved_by_both,exact_accepted,exact_accepted_unique,Deguelia scandens,wfo-0000182170,Fabaceae,Deguelia,species
Libocedrus bidwillii,libocedrus bidwillii,libocedrus bidwillii,1,TRUE,TRUE,resolved_by_both,exact_accepted,exact_accepted_unique,Libocedrus bidwillii,wfo-0000358614,Cupressaceae,Libocedrus,species
Quercus miyagii,quercus miyagii,quercus miyagii,1,TRUE,TRUE,resolved_by_both,exact_accepted,exact_accepted_unique,Quercus miyagii,wfo-0000292037,Fagaceae,Quercus,species
Glycyrrhiza glabra,glycyrrhiza glabra,glycyrrhiza glabra,1,TRUE,TRUE,resolved_by_both,exact_accepted,exact_accepted_unique,Glycyrrhiza glabra,wfo-0000212813,Fabaceae,Glycyrrhiza,species
Glycyrrhiza,glycyrrhiza,glycyrrhiza,1,TRUE,TRUE,resolved_by_both,exact_accepted,exact_accepted_unique,Glycyrrhiza,wfo-4000015856,Fabaceae,Glycyrrhiza,genus
Illicium anisatum,illicium anisatum,illicium anisatum,1,TRUE,TRUE,resolved_by_both,exact_accepted,exact_accepted_unique,Illicium anisatum,wfo-1000047335,Schisandraceae,Illicium,species
Dioscorea cirrhosa,dioscorea cirrhosa,dioscorea cirrhosa,1,TRUE,TRUE,resolved_by_both,exact_accepted,exact_accepted_unique,Dioscorea cirrhosa,wfo-0000389893,Dioscoreaceae,Dioscorea,species
Erythrina lysistemon,erythrina lysistemon,erythrina lysistemon,1,TRUE,TRUE,resolved_by_both,exact_accepted,exact_accepted_unique,Erythrina lysistemon,wfo-0000180919,Fabaceae,Erythrina,species
Citrus japonica,citrus japonica,citrus japonica,1,TRUE,TRUE,resolved_by_both,exact_accepted,exact_accepted_unique,Citrus japonica,wfo-0000608080,Rutaceae,Citrus,species
Bituminaria bituminosa,bituminaria bituminosa,bituminaria bituminosa,1,TRUE,TRUE,resolved_by_both,exact_accepted,exact_accepted_unique,Bituminaria bituminosa,wfo-0000212280,Fabaceae,Bituminaria,species
Bituminaria morisiana,bituminaria morisiana,bituminaria morisiana,1,TRUE,TRUE,resolved_by_both,exact_accepted,exact_accepted_unique,Bituminaria morisiana,wfo-0001062205,Fabaceae,Bituminaria,species
Erythrina mildbraedii,erythrina mildbraedii,erythrina mildbraedii,1,TRUE,TRUE,resolved_by_both,exact_accepted,exact_accepted_unique,Erythrina mildbraedii,wfo-0000181003,Fabaceae,Erythrina,species
Malus domestica,malus domestica,malus domestica,0,FALSE,FALSE,unresolved_by_both,unresolved,no_match,NA,NA,NA,NA,NA
Malus pumila,malus pumila,malus pumila,1,TRUE,TRUE,resolved_by_both,exact_synonym,exact_synonym_unique,Malus × domestica,wfo-0001008355,Rosaceae,Malus,species
Malus sylvestris,malus sylvestris,malus sylvestris,1,TRUE,TRUE,resolved_by_both,exact_accepted,exact_accepted_unique,Malus sylvestris,wfo-0001016475,Rosaceae,Malus,species
Malus,malus,malus,1,TRUE,TRUE,resolved_by_both,exact_accepted,exact_accepted_unique,Malus,wfo-4000022982,Rosaceae,Malus,genus
Boesenbergia rotunda,boesenbergia rotunda,boesenbergia rotunda,1,TRUE,TRUE,resolved_by_both,exact_accepted,exact_accepted_unique,Boesenbergia rotunda,wfo-0000341663,Zingiberaceae,Boesenbergia,species
NA,NA,NA,0,FALSE,FALSE,unresolved_by_both,unresolved,no_match,NA,NA,NA,NA,NA
Lippia origanoides,lippia origanoides,lippia origanoides,1,TRUE,TRUE,resolved_by_both,exact_accepted,exact_accepted_unique,Lippia origanoides,wfo-0000229041,Verbenaceae,Lippia,species
Populus balsamifera,populus balsamifera,populus balsamifera,1,TRUE,TRUE,resolved_by_both,exact_accepted,exact_accepted_unique,Populus balsamifera,wfo-0000928157,Salicaceae,Populus,species
Kalmia procumbens,kalmia procumbens,kalmia procumbens,1,TRUE,TRUE,resolved_by_both,exact_accepted,exact_accepted_unique,Kalmia procumbens,wfo-0001280881,Ericaceae,Kalmia,species
Pieris japonica,pieris japonica,pieris japonica,1,TRUE,TRUE,resolved_by_both,exact_accepted,exact_accepted_unique,Pieris japonica,wfo-0001047846,Ericaceae,Pieris,species
Kalmia latifolia,kalmia latifolia,kalmia latifolia,1,TRUE,TRUE,resolved_by_both,exact_accepted,exact_accepted_unique,Kalmia latifolia,wfo-0000356132,Ericaceae,Kalmia,species
Docyniopsis doumeri,docyniopsis doumeri,docyniopsis doumeri,0,FALSE,FALSE,unresolved_by_both,unresolved,no_match,NA,NA,NA,NA,NA
Punica granatum,punica granatum,punica granatum,1,TRUE,TRUE,resolved_by_both,exact_accepted,exact_accepted_unique,Punica granatum,wfo-0000468843,Lythraceae,Punica,species
Achyrocline flaccida,achyrocline flaccida,achyrocline flaccida,1,TRUE,TRUE,resolved_by_both,exact_accepted,exact_accepted_unique,Achyrocline flaccida,wfo-0000033502,Asteraceae,Achyrocline,species
Dalbergia spinosa,dalbergia spinosa,dalbergia spinosa,1,TRUE,TRUE,resolved_by_both,exact_synonym,exact_synonym_unique,Dalbergia horrida var. horrida,wfo-0000199962,Fabaceae,Dalbergia,variety
Neoraputia magnifica,neoraputia magnifica,neoraputia magnifica,1,TRUE,TRUE,resolved_by_both,exact_accepted,exact_accepted_unique,Neoraputia magnifica,wfo-0000744331,Rutaceae,Neoraputia,species
Pongamia pinnata,pongamia pinnata,pongamia pinnata,1,TRUE,TRUE,resolved_by_both,exact_accepted,exact_accepted_unique,Pongamia pinnata,wfo-0000201168,Fabaceae,Pongamia,species
Millettia pinnata,millettia pinnata,millettia pinnata,1,TRUE,TRUE,resolved_by_both,exact_synonym,exact_synonym_unique,Pongamia pinnata,wfo-0000201168,Fabaceae,Pongamia,species
Quercus mongolica,quercus mongolica,quercus mongolica,1,TRUE,TRUE,resolved_by_both,exact_accepted,exact_accepted_unique,Quercus mongolica,wfo-0000292048,Fagaceae,Quercus,species
Zollernia paraensis,zollernia paraensis,zollernia paraensis,1,TRUE,TRUE,resolved_by_both,exact_accepted,exact_accepted_unique,Zollernia paraensis,wfo-0000168624,Fabaceae,Zollernia,species
Lathyrus odoratus,lathyrus odoratus,lathyrus odoratus,1,TRUE,TRUE,resolved_by_both,exact_accepted,exact_accepted_unique,Lathyrus odoratus,wfo-0000212700,Fabaceae,Lathyrus,species
Breynia fruticosa,breynia fruticosa,breynia fruticosa,1,TRUE,TRUE,resolved_by_both,exact_accepted,exact_accepted_unique,Breynia fruticosa,wfo-0001049253,Phyllanthaceae,Breynia,species
Vicia faba,vicia faba,vicia faba,1,TRUE,TRUE,resolved_by_both,exact_accepted,exact_accepted_unique,Vicia faba,wfo-0000212739,Fabaceae,Vicia,species
Croton lechleri,croton lechleri,croton lechleri,1,TRUE,TRUE,resolved_by_both,exact_accepted,exact_accepted_unique,Croton lechleri,wfo-0000931464,Euphorbiaceae,Croton,species
Camellia sinensis,camellia sinensis,camellia sinensis,1,TRUE,TRUE,resolved_by_both,exact_accepted,exact_accepted_unique,Camellia sinensis,wfo-0000582676,Theaceae,Camellia,species
Acacia fasciculifera,acacia fasciculifera,acacia fasciculifera,1,TRUE,TRUE,resolved_by_both,exact_accepted,exact_accepted_unique,Acacia fasciculifera,wfo-0000185303,Fabaceae,Acacia,species
Piper aduncum,piper aduncum,piper aduncum,1,TRUE,TRUE,resolved_by_both,exact_accepted,exact_accepted_unique,Piper aduncum,wfo-0000479665,Piperaceae,Piper,species
Lindera sericea,lindera sericea,lindera sericea,1,TRUE,TRUE,resolved_by_both,exact_accepted,exact_accepted_unique,Lindera sericea,wfo-0001070369,Lauraceae,Lindera,species
Piper hostmannianum,piper hostmannianum,piper hostmannianum,1,TRUE,TRUE,resolved_by_both,exact_accepted,exact_accepted_unique,Piper hostmannianum,wfo-0000478999,Piperaceae,Piper,species
Etlingera littoralis,etlingera littoralis,etlingera littoralis,1,TRUE,TRUE,resolved_by_both,exact_accepted,exact_accepted_unique,Etlingera littoralis,wfo-0000415636,Zingiberaceae,Etlingera,species
Erythrina senegalensis,erythrina senegalensis,erythrina senegalensis,1,TRUE,TRUE,resolved_by_both,exact_accepted,exact_accepted_unique,Erythrina senegalensis,wfo-0000181131,Fabaceae,Erythrina,species
Iris domestica,iris domestica,iris domestica,1,TRUE,TRUE,resolved_by_both,exact_accepted,exact_accepted_unique,Iris domestica,wfo-0000796076,Iridaceae,Iris,species
Balanophora harlandii,balanophora harlandii,balanophora harlandii,1,TRUE,TRUE,resolved_by_both,exact_accepted,exact_accepted_unique,Balanophora harlandii,wfo-0000558666,Balanophoraceae,Balanophora,species
Balanophora tobiracola,balanophora tobiracola,balanophora tobiracola,1,TRUE,TRUE,resolved_by_both,exact_accepted,exact_accepted_unique,Balanophora tobiracola,wfo-0000558738,Balanophoraceae,Balanophora,species
Eriolobus trilobatus,eriolobus trilobatus,eriolobus trilobatus,1,TRUE,TRUE,resolved_by_both,exact_accepted,exact_accepted_unique,Eriolobus trilobatus,wfo-0000997960,Rosaceae,Eriolobus,species
Lithocarpus litseifolius,lithocarpus litseifolius,lithocarpus litseifolius,1,TRUE,TRUE,resolved_by_both,exact_accepted,exact_accepted_unique,Lithocarpus litseifolius,wfo-0000230050,Fagaceae,Lithocarpus,species
Vitis piasezkii,vitis piasezkii,vitis piasezkii,1,TRUE,TRUE,resolved_by_both,exact_accepted,exact_accepted_unique,Vitis piasezkii,wfo-0001145893,Vitaceae,Vitis,species
Vitis saccharifera,vitis saccharifera,vitis saccharifera,1,TRUE,TRUE,resolved_by_both,exact_accepted,exact_accepted_unique,Vitis saccharifera,wfo-0000424419,Vitaceae,Vitis,species
Lithocarpus polystachyus,lithocarpus polystachyus,lithocarpus polystachyus,1,TRUE,TRUE,resolved_by_both,exact_accepted,exact_accepted_unique,Lithocarpus polystachyus,wfo-0000230171,Fagaceae,Lithocarpus,species
Fagopyrum megacarpum,fagopyrum megacarpum,fagopyrum megacarpum,1,TRUE,TRUE,resolved_by_both,exact_accepted,exact_accepted_unique,Fagopyrum megacarpum,wfo-0000685475,Polygonaceae,Fagopyrum,species
Pueraria montana,pueraria montana,pueraria montana,1,TRUE,TRUE,resolved_by_both,exact_accepted,exact_accepted_unique,Pueraria montana,wfo-0000185101,Fabaceae,Pueraria,species
Pueraria,pueraria,pueraria,1,TRUE,TRUE,resolved_by_both,exact_accepted,exact_accepted_unique,Pueraria,wfo-4000032154,Fabaceae,Pueraria,genus
Butea frondosa,butea frondosa,butea frondosa,1,TRUE,TRUE,resolved_by_both,exact_synonym,exact_synonym_unique,Butea monosperma,wfo-0000184561,Fabaceae,Butea,species
Butea monosperma,butea monosperma,butea monosperma,1,TRUE,TRUE,resolved_by_both,exact_accepted,exact_accepted_unique,Butea monosperma,wfo-0000184561,Fabaceae,Butea,species
Andira inermis,andira inermis,andira inermis,1,TRUE,TRUE,resolved_by_both,exact_accepted,exact_accepted_unique,Andira inermis,wfo-0000171592,Fabaceae,Andira,species
Garcinia mannii,garcinia mannii,garcinia mannii,1,TRUE,TRUE,resolved_by_both,exact_accepted,exact_accepted_unique,Garcinia mannii,wfo-0000694455,Clusiaceae,Garcinia,species
Garcinia thwaitesii,garcinia thwaitesii,garcinia thwaitesii,1,TRUE,TRUE,resolved_by_both,exact_accepted,exact_accepted_unique,Garcinia thwaitesii,wfo-0000694691,Clusiaceae,Garcinia,species
Garcinia spicata,garcinia spicata,garcinia spicata,1,TRUE,TRUE,resolved_by_both,exact_accepted,exact_accepted_unique,Garcinia spicata,wfo-0000694663,Clusiaceae,Garcinia,species
Monotes engleri,monotes engleri,monotes engleri,1,TRUE,TRUE,resolved_by_both,exact_accepted,exact_accepted_unique,Monotes engleri,wfo-0001221376,Dipterocarpaceae,Monotes,species
Liquidambar formosana,liquidambar formosana,liquidambar formosana,1,TRUE,TRUE,resolved_by_both,exact_accepted,exact_accepted_unique,Liquidambar formosana,wfo-0000364066,Altingiaceae,Liquidambar,species
Neorautanenia amboensis,neorautanenia amboensis,neorautanenia amboensis,1,TRUE,TRUE,resolved_by_both,exact_synonym,exact_synonym_unique,Neorautanenia mitis,wfo-0000182738,Fabaceae,Neorautanenia,species
Pavetta owariensis,pavetta owariensis,pavetta owariensis,1,TRUE,TRUE,resolved_by_both,exact_accepted,exact_accepted_unique,Pavetta owariensis,wfo-0000265725,Rubiaceae,Pavetta,species
Coleogyne ramosissima,coleogyne ramosissima,coleogyne ramosissima,1,TRUE,TRUE,resolved_by_both,exact_accepted,exact_accepted_unique,Coleogyne ramosissima,wfo-0001003495,Rosaceae,Coleogyne,species
Trichilia catigua,trichilia catigua,trichilia catigua,1,TRUE,TRUE,resolved_by_both,exact_accepted,exact_accepted_unique,Trichilia catigua,wfo-0000455545,Meliaceae,Trichilia,species
Syzygium nervosum,syzygium nervosum,syzygium nervosum,1,TRUE,TRUE,resolved_by_both,exact_accepted,exact_accepted_unique,Syzygium nervosum,wfo-0000319069,Myrtaceae,Syzygium,species
Alpinia roxburghii,alpinia roxburghii,alpinia roxburghii,1,TRUE,TRUE,resolved_by_both,exact_accepted,exact_accepted_unique,Alpinia roxburghii,wfo-0000338744,Zingiberaceae,Alpinia,species
Lupinus polyphyllus,lupinus polyphyllus,lupinus polyphyllus,1,TRUE,TRUE,resolved_by_both,exact_accepted,exact_accepted_unique,Lupinus polyphyllus,wfo-0000213847,Fabaceae,Lupinus,species
Prunus prostrata,prunus prostrata,prunus prostrata,1,TRUE,TRUE,resolved_by_both,exact_accepted,exact_accepted_unique,Prunus prostrata,wfo-0000985802,Rosaceae,Prunus,species
Guibourtia coleosperma,guibourtia coleosperma,guibourtia coleosperma,1,TRUE,TRUE,resolved_by_both,exact_accepted,exact_accepted_unique,Guibourtia coleosperma,wfo-0000168307,Fabaceae,Guibourtia,species
Ageratina altissima,ageratina altissima,ageratina altissima,1,TRUE,TRUE,resolved_by_both,exact_accepted,exact_accepted_unique,Ageratina altissima,wfo-0000080123,Asteraceae,Ageratina,species
Chromolaena odorata,chromolaena odorata,chromolaena odorata,1,TRUE,TRUE,resolved_by_both,exact_accepted,exact_accepted_unique,Chromolaena odorata,wfo-0000067484,Asteraceae,Chromolaena,species
Antiaris toxicaria,antiaris toxicaria,antiaris toxicaria,1,TRUE,TRUE,resolved_by_both,exact_accepted,exact_accepted_unique,Antiaris toxicaria,wfo-0000538857,Moraceae,Antiaris,species
Millettia sanagana,millettia sanagana,millettia sanagana,1,TRUE,TRUE,resolved_by_both,exact_accepted,exact_accepted_unique,Millettia sanagana,wfo-0000200625,Fabaceae,Millettia,species
Millettia pulchra,millettia pulchra,millettia pulchra,1,TRUE,TRUE,resolved_by_both,exact_accepted,exact_accepted_unique,Millettia pulchra,wfo-0000186140,Fabaceae,Millettia,species
Helichrysum cymosum,helichrysum cymosum,helichrysum cymosum,2,FALSE,TRUE,recovered_by_hierarchical_rules,exact_accepted,exact_accepted_consensus_multiple_ids,Helichrysum cymosum,wfo-0000089954,Asteraceae,Helichrysum,species
Pyracantha coccinea,pyracantha coccinea,pyracantha coccinea,1,TRUE,TRUE,resolved_by_both,exact_accepted,exact_accepted_unique,Pyracantha coccinea,wfo-0001008214,Rosaceae,Pyracantha,species
Isodon oresbius,isodon oresbius,isodon oresbius,1,TRUE,TRUE,resolved_by_both,exact_accepted,exact_accepted_unique,Isodon oresbius,wfo-0000217929,Lamiaceae,Isodon,species
Prunus avium,prunus avium,prunus avium,2,FALSE,TRUE,recovered_by_hierarchical_rules,exact_accepted,exact_accepted_unique,Prunus avium,wfo-0001006607,Rosaceae,Prunus,species
Tetracera asiatica,tetracera asiatica,tetracera asiatica,1,TRUE,TRUE,resolved_by_both,exact_synonym,exact_synonym_unique,Tetracera sarmentosa subsp. sarmentosa,wfo-1200073623,Dilleniaceae,Tetracera,subspecies
Adenostoma sparsifolium,adenostoma sparsifolium,adenostoma sparsifolium,1,TRUE,TRUE,resolved_by_both,exact_accepted,exact_accepted_unique,Adenostoma sparsifolium,wfo-0001009090,Rosaceae,Adenostoma,species
Piper bowiei,piper bowiei,piper bowiei,1,TRUE,TRUE,resolved_by_both,exact_accepted,exact_accepted_unique,Piper bowiei,wfo-0001254033,Piperaceae,Piper,species
Dysphania procera,dysphania procera,dysphania procera,1,TRUE,TRUE,resolved_by_both,exact_accepted,exact_accepted_unique,Dysphania procera,wfo-0000743795,Amaranthaceae,Dysphania,species
Lonchocarpus subglaucescens,lonchocarpus subglaucescens,lonchocarpus subglaucescens,1,TRUE,TRUE,resolved_by_both,exact_accepted,exact_accepted_unique,Lonchocarpus subglaucescens,wfo-0000173736,Fabaceae,Lonchocarpus,species
Lupinus angustifolius,lupinus angustifolius,lupinus angustifolius,2,FALSE,TRUE,recovered_by_hierarchical_rules,exact_accepted,exact_accepted_unique,Lupinus angustifolius,wfo-0000213485,Fabaceae,Lupinus,species
Glycyrrhiza inflata,glycyrrhiza inflata,glycyrrhiza inflata,1,TRUE,TRUE,resolved_by_both,exact_accepted,exact_accepted_unique,Glycyrrhiza inflata,wfo-0000186032,Fabaceae,Glycyrrhiza,species
Ardisia sanguinolenta,ardisia sanguinolenta,ardisia sanguinolenta,1,TRUE,TRUE,resolved_by_both,exact_synonym,exact_synonym_unique,Ardisia complanata,wfo-0000544086,Primulaceae,Ardisia,species
Astragalus adsurgens,astragalus adsurgens,astragalus adsurgens,3,FALSE,FALSE,unresolved_by_both,exact_conflict,exact_synonym_conflict,NA,NA,NA,NA,NA
Astragalus laxmannii,astragalus laxmannii,astragalus laxmannii,2,FALSE,TRUE,recovered_by_hierarchical_rules,exact_accepted,exact_accepted_unique,Astragalus laxmannii,wfo-0000207976,Fabaceae,Astragalus,species
Pterocarpus soyauxii,pterocarpus soyauxii,pterocarpus soyauxii,1,TRUE,TRUE,resolved_by_both,exact_accepted,exact_accepted_unique,Pterocarpus soyauxii,wfo-0000172858,Fabaceae,Pterocarpus,species
Machaerium,machaerium,machaerium,1,TRUE,TRUE,resolved_by_both,exact_accepted,exact_accepted_unique,Machaerium,wfo-4000022623,Fabaceae,Machaerium,genus
Machaerium mucronulatum,machaerium mucronulatum,machaerium mucronulatum,1,TRUE,TRUE,resolved_by_both,exact_accepted,exact_accepted_unique,Machaerium mucronulatum,wfo-0000174403,Fabaceae,Machaerium,species
Dalbergia cearensis,dalbergia cearensis,dalbergia cearensis,1,TRUE,TRUE,resolved_by_both,exact_accepted,exact_accepted_unique,Dalbergia cearensis,wfo-0000168991,Fabaceae,Dalbergia,species
Hypnum cupressiforme,hypnum cupressiforme,hypnum cupressiforme,1,TRUE,TRUE,resolved_by_both,exact_accepted,exact_accepted_unique,Hypnum cupressiforme,wfo-0001148980,Hypnaceae,Hypnum,species
Desmodium incanum,desmodium incanum,desmodium incanum,1,TRUE,TRUE,resolved_by_both,exact_accepted,exact_accepted_unique,Desmodium incanum,wfo-0000184175,Fabaceae,Desmodium,species
Carthamus tinctorius,carthamus tinctorius,carthamus tinctorius,1,TRUE,TRUE,resolved_by_both,exact_accepted,exact_accepted_unique,Carthamus tinctorius,wfo-0000024004,Asteraceae,Carthamus,species
Exostema acuminatum,exostema acuminatum,exostema acuminatum,1,TRUE,TRUE,resolved_by_both,exact_accepted,exact_accepted_unique,Exostema acuminatum,wfo-0000966130,Rubiaceae,Exostema,species
Artemisia dracunculus,artemisia dracunculus,artemisia dracunculus,1,TRUE,TRUE,resolved_by_both,exact_accepted,exact_accepted_unique,Artemisia dracunculus,wfo-0000078900,Asteraceae,Artemisia,species
Viscum articulatum,viscum articulatum,viscum articulatum,1,TRUE,TRUE,resolved_by_both,exact_accepted,exact_accepted_unique,Viscum articulatum,wfo-0001259594,Santalaceae,Viscum,species
Enkianthus nudipes,enkianthus nudipes,enkianthus nudipes,1,TRUE,TRUE,resolved_by_both,exact_accepted,exact_accepted_unique,Enkianthus nudipes,wfo-0000668083,Ericaceae,Enkianthus,species
Viscum coloratum,viscum coloratum,viscum coloratum,1,TRUE,TRUE,resolved_by_both,exact_accepted,exact_accepted_unique,Viscum coloratum,wfo-0000425053,Santalaceae,Viscum,species
Echiochilon fruticosum,echiochilon fruticosum,echiochilon fruticosum,1,TRUE,TRUE,resolved_by_both,exact_accepted,exact_accepted_unique,Echiochilon fruticosum,wfo-0000662596,Boraginaceae,Echiochilon,species
Cinnamomum cassia,cinnamomum cassia,cinnamomum cassia,2,FALSE,FALSE,unresolved_by_both,exact_conflict,exact_synonym_conflict,NA,NA,NA,NA,NA
Crotalaria pallida,crotalaria pallida,crotalaria pallida,3,FALSE,TRUE,recovered_by_hierarchical_rules,exact_accepted,exact_accepted_unique,Crotalaria pallida,wfo-0000209124,Fabaceae,Crotalaria,species
Hyacinthus orientalis,hyacinthus orientalis,hyacinthus orientalis,1,TRUE,TRUE,resolved_by_both,exact_accepted,exact_accepted_unique,Hyacinthus orientalis,wfo-0000665369,Asparagaceae,Hyacinthus,species
Sophora chrysophylla,sophora chrysophylla,sophora chrysophylla,1,TRUE,TRUE,resolved_by_both,exact_accepted,exact_accepted_unique,Sophora chrysophylla,wfo-0000185582,Fabaceae,Sophora,species
Helicia cochinchinensis,helicia cochinchinensis,helicia cochinchinensis,1,TRUE,TRUE,resolved_by_both,exact_accepted,exact_accepted_unique,Helicia cochinchinensis,wfo-0001107165,Proteaceae,Helicia,species
Helichrysum arenarium,helichrysum arenarium,helichrysum arenarium,1,TRUE,TRUE,resolved_by_both,exact_accepted,exact_accepted_unique,Helichrysum arenarium,wfo-0000090226,Asteraceae,Helichrysum,species
Paulownia tomentosa,paulownia tomentosa,paulownia tomentosa,1,TRUE,TRUE,resolved_by_both,exact_accepted,exact_accepted_unique,Paulownia tomentosa,wfo-0000470767,Paulowniaceae,Paulownia,species
Styphnolobium japonicum,styphnolobium japonicum,styphnolobium japonicum,1,TRUE,TRUE,resolved_by_both,exact_accepted,exact_accepted_unique,Styphnolobium japonicum,wfo-0000186724,Fabaceae,Styphnolobium,species
Iris germanica,iris germanica,iris germanica,1,TRUE,TRUE,resolved_by_both,canonical,canonical_unique,Iris × germanica,wfo-0000783371,Iridaceae,Iris,species
Wisteria brachybotrys,wisteria brachybotrys,wisteria brachybotrys,1,TRUE,TRUE,resolved_by_both,exact_accepted,exact_accepted_unique,Wisteria brachybotrys,wfo-0000185861,Fabaceae,Wisteria,species
Iris japonica,iris japonica,iris japonica,1,TRUE,TRUE,resolved_by_both,exact_accepted,exact_accepted_unique,Iris japonica,wfo-0000783488,Iridaceae,Iris,species
Iris pseudopumila,iris pseudopumila,iris pseudopumila,1,TRUE,TRUE,resolved_by_both,exact_accepted,exact_accepted_unique,Iris pseudopumila,wfo-0000783760,Iridaceae,Iris,species
Araucaria angustifolia,araucaria angustifolia,araucaria angustifolia,1,TRUE,TRUE,resolved_by_both,exact_accepted,exact_accepted_unique,Araucaria angustifolia,wfo-0000260143,Araucariaceae,Araucaria,species
Iris tingitana,iris tingitana,iris tingitana,1,TRUE,TRUE,resolved_by_both,exact_accepted,exact_accepted_unique,Iris tingitana,wfo-0000783967,Iridaceae,Iris,species
Virola surinamensis,virola surinamensis,virola surinamensis,1,TRUE,TRUE,resolved_by_both,exact_accepted,exact_accepted_unique,Virola surinamensis,wfo-0000418479,Myristicaceae,Virola,species
Iris kashmiriana,iris kashmiriana,iris kashmiriana,1,TRUE,TRUE,resolved_by_both,exact_accepted,exact_accepted_unique,Iris kashmiriana,wfo-0000783501,Iridaceae,Iris,species
Sundacarpus amarus,sundacarpus amarus,sundacarpus amarus,1,TRUE,TRUE,resolved_by_both,exact_accepted,exact_accepted_unique,Sundacarpus amarus,wfo-0000503222,Podocarpaceae,Sundacarpus,species
Dalbergia sissoo,dalbergia sissoo,dalbergia sissoo,1,TRUE,TRUE,resolved_by_both,exact_accepted,exact_accepted_unique,Dalbergia sissoo,wfo-0000172499,Fabaceae,Dalbergia,species
Iris pseudacorus,iris pseudacorus,iris pseudacorus,1,TRUE,TRUE,resolved_by_both,exact_accepted,exact_accepted_unique,Iris pseudacorus,wfo-0000783754,Iridaceae,Iris,species
Hypericum geminiflorum,hypericum geminiflorum,hypericum geminiflorum,1,TRUE,TRUE,resolved_by_both,exact_accepted,exact_accepted_unique,Hypericum geminiflorum,wfo-0000727669,Hypericaceae,Hypericum,species
Caragana sinica,caragana sinica,caragana sinica,1,TRUE,TRUE,resolved_by_both,exact_accepted,exact_accepted_unique,Caragana sinica,wfo-0000186069,Fabaceae,Caragana,species
Xanthocercis zambesiaca,xanthocercis zambesiaca,xanthocercis zambesiaca,1,TRUE,TRUE,resolved_by_both,exact_accepted,exact_accepted_unique,Xanthocercis zambesiaca,wfo-0000212102,Fabaceae,Xanthocercis,species
Pterocarpus marsupium,pterocarpus marsupium,pterocarpus marsupium,1,TRUE,TRUE,resolved_by_both,exact_accepted,exact_accepted_unique,Pterocarpus marsupium,wfo-0000185089,Fabaceae,Pterocarpus,species
Rheum australe,rheum australe,rheum australe,1,TRUE,TRUE,resolved_by_both,exact_accepted,exact_accepted_unique,Rheum australe,wfo-0001101425,Polygonaceae,Rheum,species
Berchemia racemosa,berchemia racemosa,berchemia racemosa,1,TRUE,TRUE,resolved_by_both,exact_synonym,exact_synonym_unique,Berchemia floribunda,wfo-0000564139,Rhamnaceae,Berchemia,species
Euphorbia stepposa,euphorbia stepposa,euphorbia stepposa,1,TRUE,TRUE,resolved_by_both,exact_accepted,exact_accepted_unique,Euphorbia stepposa,wfo-0000964888,Euphorbiaceae,Euphorbia,species
Cedrelopsis grevei,cedrelopsis grevei,cedrelopsis grevei,1,TRUE,TRUE,resolved_by_both,exact_accepted,exact_accepted_unique,Cedrelopsis grevei,wfo-0000592509,Rutaceae,Cedrelopsis,species
Iris susiana,iris susiana,iris susiana,1,TRUE,TRUE,resolved_by_both,exact_accepted,exact_accepted_unique,Iris susiana,wfo-0000783925,Iridaceae,Iris,species
Pericopsis,pericopsis,pericopsis,1,TRUE,TRUE,resolved_by_both,exact_accepted,exact_accepted_unique,Pericopsis,wfo-4000028753,Fabaceae,Pericopsis,genus
Pericopsis elata,pericopsis elata,pericopsis elata,1,TRUE,TRUE,resolved_by_both,exact_accepted,exact_accepted_unique,Pericopsis elata,wfo-0000212083,Fabaceae,Pericopsis,species
Prunus mume,prunus mume,prunus mume,2,FALSE,TRUE,recovered_by_hierarchical_rules,exact_accepted,exact_accepted_unique,Prunus mume,wfo-0001017317,Rosaceae,Prunus,species
Faramea guianensis,faramea guianensis,faramea guianensis,1,TRUE,TRUE,resolved_by_both,exact_accepted,exact_accepted_unique,Faramea guianensis,wfo-0000966698,Rubiaceae,Faramea,species
Bauhinia guianensis,bauhinia guianensis,bauhinia guianensis,1,TRUE,TRUE,resolved_by_both,exact_synonym,exact_synonym_unique,Schnella guianensis,wfo-0001039685,Fabaceae,Schnella,species
Dracaena draco,dracaena draco,dracaena draco,1,TRUE,TRUE,resolved_by_both,exact_accepted,exact_accepted_unique,Dracaena draco,wfo-0000765739,Asparagaceae,Dracaena,species
Glycyrrhiza echinata,glycyrrhiza echinata,glycyrrhiza echinata,2,FALSE,TRUE,recovered_by_hierarchical_rules,exact_accepted,exact_accepted_unique,Glycyrrhiza echinata,wfo-0000213773,Fabaceae,Glycyrrhiza,species
Hymenoxys turneri,hymenoxys turneri,hymenoxys turneri,1,TRUE,TRUE,resolved_by_both,exact_synonym,exact_synonym_unique,Tetraneuris turneri,wfo-0000029175,Asteraceae,Tetraneuris,species
Tetraneuris turneri,tetraneuris turneri,tetraneuris turneri,1,TRUE,TRUE,resolved_by_both,exact_accepted,exact_accepted_unique,Tetraneuris turneri,wfo-0000029175,Asteraceae,Tetraneuris,species
Holocarpha obconica,holocarpha obconica,holocarpha obconica,1,TRUE,TRUE,resolved_by_both,exact_accepted,exact_accepted_unique,Holocarpha obconica,wfo-0000007927,Asteraceae,Holocarpha,species
Petiveria alliacea,petiveria alliacea,petiveria alliacea,1,TRUE,TRUE,resolved_by_both,exact_accepted,exact_accepted_unique,Petiveria alliacea,wfo-0000481950,Petiveriaceae,Petiveria,species
Monopteryx uaucu,monopteryx uaucu,monopteryx uaucu,0,FALSE,FALSE,unresolved_by_both,unresolved,no_match,NA,NA,NA,NA,NA
Morus mesozygia,morus mesozygia,morus mesozygia,1,TRUE,TRUE,resolved_by_both,exact_accepted,exact_accepted_unique,Morus mesozygia,wfo-0000447924,Moraceae,Morus,species
Morella esculenta,morella esculenta,morella esculenta,1,TRUE,TRUE,resolved_by_both,exact_synonym,exact_synonym_unique,Myrica esculenta,wfo-0001229003,Myricaceae,Myrica,species
Garcinia buchananii,garcinia buchananii,garcinia buchananii,1,TRUE,TRUE,resolved_by_both,exact_accepted,exact_accepted_unique,Garcinia buchananii,wfo-0000694189,Clusiaceae,Garcinia,species
Euchresta formosana,euchresta formosana,euchresta formosana,1,TRUE,TRUE,resolved_by_both,exact_accepted,exact_accepted_unique,Euchresta formosana,wfo-0000186114,Fabaceae,Euchresta,species
Flemingia prostrata,flemingia prostrata,flemingia prostrata,1,TRUE,TRUE,resolved_by_both,exact_accepted,exact_accepted_unique,Flemingia prostrata,wfo-0000194834,Fabaceae,Flemingia,species
Ceratostylis himalaica,ceratostylis himalaica,ceratostylis himalaica,1,TRUE,TRUE,resolved_by_both,exact_accepted,exact_accepted_unique,Ceratostylis himalaica,wfo-0000833205,Orchidaceae,Ceratostylis,species
Krameria ramosissima,krameria ramosissima,krameria ramosissima,1,TRUE,TRUE,resolved_by_both,exact_accepted,exact_accepted_unique,Krameria ramosissima,wfo-0001069535,Krameriaceae,Krameria,species
Bidens torta,bidens torta,bidens torta,1,TRUE,TRUE,resolved_by_both,exact_accepted,exact_accepted_unique,Bidens torta,wfo-0000009171,Asteraceae,Bidens,species
Phellodendron amurense,phellodendron amurense,phellodendron amurense,1,TRUE,TRUE,resolved_by_both,exact_accepted,exact_accepted_unique,Phellodendron amurense,wfo-0000470314,Rutaceae,Phellodendron,species
Phellodendron chinense,phellodendron chinense,phellodendron chinense,1,TRUE,TRUE,resolved_by_both,exact_accepted,exact_accepted_unique,Phellodendron chinense,wfo-0000470377,Rutaceae,Phellodendron,species
Hedysarum multijugum,hedysarum multijugum,hedysarum multijugum,1,TRUE,TRUE,resolved_by_both,exact_synonym,exact_synonym_unique,Corethrodendron multijugum,wfo-0001034249,Fabaceae,Corethrodendron,species
Lonchocarpus oaxacensis,lonchocarpus oaxacensis,lonchocarpus oaxacensis,1,TRUE,TRUE,resolved_by_both,exact_accepted,exact_accepted_unique,Lonchocarpus oaxacensis,wfo-0000165946,Fabaceae,Lonchocarpus,species
Lonchocarpus atropurpureus,lonchocarpus atropurpureus,lonchocarpus atropurpureus,1,TRUE,TRUE,resolved_by_both,exact_accepted,exact_accepted_unique,Lonchocarpus atropurpureus,wfo-0000173710,Fabaceae,Lonchocarpus,species
Terminalia buceras,terminalia buceras,terminalia buceras,1,TRUE,TRUE,resolved_by_both,exact_accepted,exact_accepted_unique,Terminalia buceras,wfo-0001296365,Combretaceae,Terminalia,species
Bucida buceras,bucida buceras,bucida buceras,1,TRUE,TRUE,resolved_by_both,exact_synonym,exact_synonym_unique,Terminalia buceras,wfo-0001296365,Combretaceae,Terminalia,species
Millettia erythrocalyx,millettia erythrocalyx,millettia erythrocalyx,1,TRUE,TRUE,resolved_by_both,exact_accepted,exact_accepted_unique,Millettia erythrocalyx,wfo-0000187008,Fabaceae,Millettia,species
Gynerium sagittatum,gynerium sagittatum,gynerium sagittatum,1,TRUE,TRUE,resolved_by_both,exact_accepted,exact_accepted_unique,Gynerium sagittatum,wfo-0000873721,Poaceae,Gynerium,species
Swartzia polyphylla,swartzia polyphylla,swartzia polyphylla,1,TRUE,TRUE,resolved_by_both,exact_accepted,exact_accepted_unique,Swartzia polyphylla,wfo-0000164157,Fabaceae,Swartzia,species
Euchresta japonica,euchresta japonica,euchresta japonica,1,TRUE,TRUE,resolved_by_both,exact_accepted,exact_accepted_unique,Euchresta japonica,wfo-0000192259,Fabaceae,Euchresta,species
Maackia tenuifolia,maackia tenuifolia,maackia tenuifolia,1,TRUE,TRUE,resolved_by_both,exact_accepted,exact_accepted_unique,Maackia tenuifolia,wfo-0000197209,Fabaceae,Maackia,species
Dalea aurea,dalea aurea,dalea aurea,1,TRUE,TRUE,resolved_by_both,exact_accepted,exact_accepted_unique,Dalea aurea,wfo-0000169036,Fabaceae,Dalea,species
Licania pyrifolia,licania pyrifolia,licania pyrifolia,1,TRUE,TRUE,resolved_by_both,exact_synonym,exact_synonym_unique,Moquilea pyrifolia,wfo-0000816402,Chrysobalanaceae,Moquilea,species
Moquilea licaniaeflora,moquilea licaniaeflora,moquilea licaniaeflora,0,FALSE,FALSE,unresolved_by_both,unresolved,no_match,NA,NA,NA,NA,NA
Gentiana macrophylla,gentiana macrophylla,gentiana macrophylla,2,FALSE,TRUE,recovered_by_hierarchical_rules,exact_accepted,exact_accepted_unique,Gentiana macrophylla,wfo-0000697942,Gentianaceae,Gentiana,species
Ulmus wallichiana,ulmus wallichiana,ulmus wallichiana,1,TRUE,TRUE,resolved_by_both,exact_accepted,exact_accepted_unique,Ulmus wallichiana,wfo-0001284765,Ulmaceae,Ulmus,species
Fagraea ceilanica,fagraea ceilanica,fagraea ceilanica,1,TRUE,TRUE,resolved_by_both,exact_accepted,exact_accepted_unique,Fagraea ceilanica,wfo-0000685540,Gentianaceae,Fagraea,species
Leptospermum polygalifolium,leptospermum polygalifolium,leptospermum polygalifolium,1,TRUE,TRUE,resolved_by_both,exact_accepted,exact_accepted_unique,Leptospermum polygalifolium,wfo-0000226708,Myrtaceae,Leptospermum,species
Friesodielsia enghiana ex,friesodielsia enghiana ex,friesodielsia enghiana,1,TRUE,TRUE,resolved_by_both,canonical,canonical_unique,Monanthotaxis enghiana,wfo-0001421793,Annonaceae,Monanthotaxis,species
Leptospermum recurvum,leptospermum recurvum,leptospermum recurvum,1,TRUE,TRUE,resolved_by_both,exact_accepted,exact_accepted_unique,Leptospermum recurvum,wfo-0000226734,Myrtaceae,Leptospermum,species
Morella rubra,morella rubra,morella rubra,1,TRUE,TRUE,resolved_by_both,exact_synonym,exact_synonym_unique,Myrica rubra,wfo-0001085136,Myricaceae,Myrica,species
Myrica rubra,myrica rubra,myrica rubra,1,TRUE,TRUE,resolved_by_both,exact_accepted,exact_accepted_unique,Myrica rubra,wfo-0001085136,Myricaceae,Myrica,species
Spatholobus suberectus,spatholobus suberectus,spatholobus suberectus,1,TRUE,TRUE,resolved_by_both,exact_accepted,exact_accepted_unique,Spatholobus suberectus,wfo-0000186508,Fabaceae,Spatholobus,species
Rohdea chinensis,rohdea chinensis,rohdea chinensis,1,TRUE,TRUE,resolved_by_both,exact_synonym,exact_synonym_unique,Rohdea fargesii,wfo-0001424542,Asparagaceae,Rohdea,species
Anemone coronaria,anemone coronaria,anemone coronaria,1,TRUE,TRUE,resolved_by_both,exact_accepted,exact_accepted_unique,Anemone coronaria,wfo-0000535196,Ranunculaceae,Anemone,species
Mirabilis jalapa,mirabilis jalapa,mirabilis jalapa,1,TRUE,TRUE,resolved_by_both,exact_accepted,exact_accepted_unique,Mirabilis jalapa,wfo-0000448428,Nyctaginaceae,Mirabilis,species
Scutellaria scandens,scutellaria scandens,scutellaria scandens,1,TRUE,TRUE,resolved_by_both,exact_accepted,exact_accepted_unique,Scutellaria scandens,wfo-0000308430,Lamiaceae,Scutellaria,species
Tephrosia spinosa,tephrosia spinosa,tephrosia spinosa,1,TRUE,TRUE,resolved_by_both,exact_accepted,exact_accepted_unique,Tephrosia spinosa,wfo-0000185868,Fabaceae,Tephrosia,species
Derris floribunda,derris floribunda,derris floribunda,3,FALSE,FALSE,unresolved_by_both,exact_conflict,exact_synonym_conflict,NA,NA,NA,NA,NA
Lonchocarpus guatemalensis,lonchocarpus guatemalensis,lonchocarpus guatemalensis,1,TRUE,TRUE,resolved_by_both,exact_accepted,exact_accepted_unique,Lonchocarpus guatemalensis,wfo-0000173718,Fabaceae,Lonchocarpus,species
Lonchocarpus sericeus ex,lonchocarpus sericeus ex,lonchocarpus sericeus,1,TRUE,TRUE,resolved_by_both,canonical,canonical_unique,Lonchocarpus sericeus,wfo-0000183559,Fabaceae,Lonchocarpus,species
Juniperus excelsa,juniperus excelsa,juniperus excelsa,5,FALSE,TRUE,recovered_by_hierarchical_rules,exact_accepted,exact_accepted_unique,Juniperus excelsa,wfo-0000355502,Cupressaceae,Juniperus,species
Iris kemaonensis,iris kemaonensis,iris kemaonensis,1,TRUE,TRUE,resolved_by_both,exact_accepted,exact_accepted_unique,Iris kemaonensis,wfo-0000783503,Iridaceae,Iris,species
Iris kumaonensis,iris kumaonensis,iris kumaonensis,0,FALSE,FALSE,unresolved_by_both,unresolved,no_match,NA,NA,NA,NA,NA
Cudrania tricuspidata,cudrania tricuspidata,cudrania tricuspidata,1,TRUE,TRUE,resolved_by_both,exact_synonym,exact_synonym_unique,Maclura tricuspidata,wfo-0001085025,Moraceae,Maclura,species
Maclura tricuspidata,maclura tricuspidata,maclura tricuspidata,1,TRUE,TRUE,resolved_by_both,exact_accepted,exact_accepted_unique,Maclura tricuspidata,wfo-0001085025,Moraceae,Maclura,species
Erythrina poeppigiana,erythrina poeppigiana,erythrina poeppigiana,1,TRUE,TRUE,resolved_by_both,exact_accepted,exact_accepted_unique,Erythrina poeppigiana,wfo-0000165906,Fabaceae,Erythrina,species
Macaranga tanarius,macaranga tanarius,macaranga tanarius,1,TRUE,TRUE,resolved_by_both,exact_accepted,exact_accepted_unique,Macaranga tanarius,wfo-0000232270,Euphorbiaceae,Macaranga,species
Schizocarphus nervosus,schizocarphus nervosus,schizocarphus nervosus,1,TRUE,TRUE,resolved_by_both,exact_accepted,exact_accepted_unique,Schizocarphus nervosus,wfo-0000734854,Asparagaceae,Schizocarphus,species
Scilla nervosa,scilla nervosa,scilla nervosa,1,TRUE,TRUE,resolved_by_both,exact_synonym,exact_synonym_unique,Schizocarphus nervosus,wfo-0000734854,Asparagaceae,Schizocarphus,species
Artocarpus integer,artocarpus integer,artocarpus integer,1,TRUE,TRUE,resolved_by_both,exact_accepted,exact_accepted_unique,Artocarpus integer,wfo-0000550504,Moraceae,Artocarpus,species
Artocarpus heterophyllus,artocarpus heterophyllus,artocarpus heterophyllus,1,TRUE,TRUE,resolved_by_both,exact_accepted,exact_accepted_unique,Artocarpus heterophyllus,wfo-0000550491,Moraceae,Artocarpus,species
Tephrosia quercetorum,tephrosia quercetorum,tephrosia quercetorum,1,TRUE,TRUE,resolved_by_both,exact_accepted,exact_accepted_unique,Tephrosia quercetorum,wfo-0000164690,Fabaceae,Tephrosia,species
Tephrosia hildebrandtii,tephrosia hildebrandtii,tephrosia hildebrandtii,1,TRUE,TRUE,resolved_by_both,exact_accepted,exact_accepted_unique,Tephrosia hildebrandtii,wfo-0000202563,Fabaceae,Tephrosia,species
Sophora alopecuroides,sophora alopecuroides,sophora alopecuroides,1,TRUE,TRUE,resolved_by_both,exact_accepted,exact_accepted_unique,Sophora alopecuroides,wfo-0000213933,Fabaceae,Sophora,species
Quercus robur,quercus robur,quercus robur,2,FALSE,TRUE,recovered_by_hierarchical_rules,exact_accepted,exact_accepted_unique,Quercus robur,wfo-0000292858,Fagaceae,Quercus,species
Pentagramma triangularis,pentagramma triangularis,pentagramma triangularis,1,TRUE,TRUE,resolved_by_both,exact_accepted,exact_accepted_unique,Pentagramma triangularis,wfo-0001114298,Pteridaceae,Pentagramma,species
Lawsonia inermis,lawsonia inermis,lawsonia inermis,1,TRUE,TRUE,resolved_by_both,exact_accepted,exact_accepted_unique,Lawsonia inermis,wfo-0000366658,Lythraceae,Lawsonia,species
Rubus,rubus,rubus,2,FALSE,TRUE,recovered_by_hierarchical_rules,exact_accepted,exact_accepted_unique,Rubus,wfo-4000033581,Rosaceae,Rubus,genus
Vaccinium corymbosum,vaccinium corymbosum,vaccinium corymbosum,1,TRUE,TRUE,resolved_by_both,exact_accepted,exact_accepted_unique,Vaccinium corymbosum,wfo-0000422953,Ericaceae,Vaccinium,species
Vitis aestivalis,vitis aestivalis,vitis aestivalis,1,TRUE,TRUE,resolved_by_both,exact_accepted,exact_accepted_unique,Vitis aestivalis,wfo-0000421544,Vitaceae,Vitis,species
Vitis vinifera,vitis vinifera,vitis vinifera,1,TRUE,TRUE,resolved_by_both,exact_accepted,exact_accepted_unique,Vitis vinifera,wfo-0000421791,Vitaceae,Vitis,species
Viburnum davidii,viburnum davidii,viburnum davidii,1,TRUE,TRUE,resolved_by_both,exact_accepted,exact_accepted_unique,Viburnum davidii,wfo-0001291054,Viburnaceae,Viburnum,species
Viburnum lantanoides,viburnum lantanoides,viburnum lantanoides,1,TRUE,TRUE,resolved_by_both,exact_accepted,exact_accepted_unique,Viburnum lantanoides,wfo-0001290678,Viburnaceae,Viburnum,species
Dissochaeta beccariana,dissochaeta beccariana,dissochaeta beccariana,1,TRUE,TRUE,resolved_by_both,exact_synonym,exact_synonym_unique,Dalenia magnibracteata,wfo-1000026669,Melastomataceae,Dalenia,species
Millettia usaramensis,millettia usaramensis,millettia usaramensis,1,TRUE,TRUE,resolved_by_both,exact_accepted,exact_accepted_unique,Millettia usaramensis,wfo-0000200818,Fabaceae,Millettia,species
Archidendron jiringa,archidendron jiringa,archidendron jiringa,1,TRUE,TRUE,resolved_by_both,exact_accepted,exact_accepted_unique,Archidendron jiringa,wfo-0000199807,Fabaceae,Archidendron,species
Glycyrrhiza aspera,glycyrrhiza aspera,glycyrrhiza aspera,1,TRUE,TRUE,resolved_by_both,exact_accepted,exact_accepted_unique,Glycyrrhiza aspera,wfo-0000213772,Fabaceae,Glycyrrhiza,species
Pleione yunnanensis,pleione yunnanensis,pleione yunnanensis,1,TRUE,TRUE,resolved_by_both,exact_accepted,exact_accepted_unique,Pleione yunnanensis,wfo-0000276501,Orchidaceae,Pleione,species
Dracaena cinnabari,dracaena cinnabari,dracaena cinnabari,1,TRUE,TRUE,resolved_by_both,exact_accepted,exact_accepted_unique,Dracaena cinnabari,wfo-0000765713,Asparagaceae,Dracaena,species
Eucomis montana,eucomis montana,eucomis montana,1,TRUE,TRUE,resolved_by_both,exact_accepted,exact_accepted_unique,Eucomis montana,wfo-0000767053,Asparagaceae,Eucomis,species
Lycium chinense,lycium chinense,lycium chinense,1,TRUE,TRUE,resolved_by_both,exact_accepted,exact_accepted_unique,Lycium chinense,wfo-0001022784,Solanaceae,Lycium,species
Eleutherococcus brachypus,eleutherococcus brachypus,eleutherococcus brachypus,1,TRUE,TRUE,resolved_by_both,exact_accepted,exact_accepted_unique,Eleutherococcus brachypus,wfo-0000948048,Araliaceae,Eleutherococcus,species
Sorocea bonplandii,sorocea bonplandii,sorocea bonplandii,1,TRUE,TRUE,resolved_by_both,exact_accepted,exact_accepted_unique,Sorocea bonplandii,wfo-0000505885,Moraceae,Sorocea,species
Baphia nitida,baphia nitida,baphia nitida,1,TRUE,TRUE,resolved_by_both,exact_accepted,exact_accepted_unique,Baphia nitida,wfo-0000212016,Fabaceae,Baphia,species
Lotus corniculatus,lotus corniculatus,lotus corniculatus,4,FALSE,TRUE,recovered_by_hierarchical_rules,exact_accepted,exact_accepted_unique,Lotus corniculatus,wfo-0000212180,Fabaceae,Lotus,species
Centrolobium tomentosum,centrolobium tomentosum,centrolobium tomentosum,1,TRUE,TRUE,resolved_by_both,exact_accepted,exact_accepted_unique,Centrolobium tomentosum,wfo-0000174030,Fabaceae,Centrolobium,species
Lonchocarpus negrensis,lonchocarpus negrensis,lonchocarpus negrensis,1,TRUE,TRUE,resolved_by_both,exact_synonym,exact_synonym_unique,Deguelia amazonica,wfo-0000173321,Fabaceae,Deguelia,species
Medicago sativa,medicago sativa,medicago sativa,1,TRUE,TRUE,resolved_by_both,exact_accepted,exact_accepted_unique,Medicago sativa,wfo-0000213468,Fabaceae,Medicago,species
Gliricidia sepium,gliricidia sepium,gliricidia sepium,1,TRUE,TRUE,resolved_by_both,exact_accepted,exact_accepted_unique,Gliricidia sepium,wfo-0000178022,Fabaceae,Gliricidia,species
Caragana tibetica,caragana tibetica,caragana tibetica,1,TRUE,TRUE,resolved_by_both,exact_accepted,exact_accepted_unique,Caragana tibetica,wfo-0000186075,Fabaceae,Caragana,species
Pleione bulbocodioides,pleione bulbocodioides,pleione bulbocodioides,1,TRUE,TRUE,resolved_by_both,exact_accepted,exact_accepted_unique,Pleione bulbocodioides,wfo-0000276360,Orchidaceae,Pleione,species
Raphanus sativus,raphanus sativus,raphanus sativus,2,FALSE,TRUE,recovered_by_hierarchical_rules,exact_accepted,exact_accepted_unique,Raphanus sativus,wfo-0000402430,Brassicaceae,Raphanus,species
Millettia hemsleyana,millettia hemsleyana,millettia hemsleyana,1,TRUE,TRUE,resolved_by_both,exact_synonym,exact_synonym_unique,Millettia xylocarpa,wfo-0000185891,Fabaceae,Millettia,species
Macaranga alnifolia,macaranga alnifolia,macaranga alnifolia,1,TRUE,TRUE,resolved_by_both,exact_accepted,exact_accepted_unique,Macaranga alnifolia,wfo-0000231795,Euphorbiaceae,Macaranga,species
Kandelia candel,kandelia candel,kandelia candel,1,TRUE,TRUE,resolved_by_both,exact_accepted,exact_accepted_unique,Kandelia candel,wfo-0001131563,Rhizophoraceae,Kandelia,species
Artocarpus lacucha,artocarpus lacucha,artocarpus lacucha,1,TRUE,TRUE,resolved_by_both,exact_accepted,exact_accepted_unique,Artocarpus lacucha,wfo-0000550516,Moraceae,Artocarpus,species
Dalea scandens,dalea scandens,dalea scandens,1,TRUE,TRUE,resolved_by_both,exact_accepted,exact_accepted_unique,Dalea scandens,wfo-0000169124,Fabaceae,Dalea,species
Morella serrata,morella serrata,morella serrata,1,TRUE,TRUE,resolved_by_both,exact_synonym,exact_synonym_unique,Myrica serrata,wfo-0000447295,Myricaceae,Myrica,species
Merrillia caloxylon,merrillia caloxylon,merrillia caloxylon,1,TRUE,TRUE,resolved_by_both,exact_synonym,exact_synonym_unique,Murraya caloxylon,wfo-0001039028,Rutaceae,Murraya,species
Persicaria spectabilis,persicaria spectabilis,persicaria spectabilis,0,FALSE,FALSE,unresolved_by_both,unresolved,no_match,NA,NA,NA,NA,NA
Persicaria senegalensis,persicaria senegalensis,persicaria senegalensis,1,TRUE,TRUE,resolved_by_both,exact_accepted,exact_accepted_unique,Persicaria senegalensis,wfo-0000488300,Polygonaceae,Persicaria,species
Pseudoprospero firmifolium,pseudoprospero firmifolium,pseudoprospero firmifolium,1,TRUE,TRUE,resolved_by_both,exact_accepted,exact_accepted_unique,Pseudoprospero firmifolium,wfo-0000723079,Asparagaceae,Pseudoprospero,species
Helichrysum forskahlii,helichrysum forskahlii,helichrysum forskahlii,0,FALSE,FALSE,unresolved_by_both,unresolved,no_match,NA,NA,NA,NA,NA
Bauhinia purpurea,bauhinia purpurea,bauhinia purpurea,2,FALSE,TRUE,recovered_by_hierarchical_rules,exact_accepted,exact_accepted_unique,Bauhinia purpurea,wfo-0000213155,Fabaceae,Bauhinia,species
Tephrosia calophylla,tephrosia calophylla,tephrosia calophylla,1,TRUE,TRUE,resolved_by_both,exact_accepted,exact_accepted_unique,Tephrosia calophylla,wfo-0000205385,Fabaceae,Tephrosia,species
Uvaria scheffleri,uvaria scheffleri,uvaria scheffleri,1,TRUE,TRUE,resolved_by_both,exact_accepted,exact_accepted_unique,Uvaria scheffleri,wfo-0001066238,Annonaceae,Uvaria,species
Acacia nilotica,acacia nilotica,acacia nilotica,1,TRUE,TRUE,resolved_by_both,exact_synonym,exact_synonym_unique,Vachellia nilotica,wfo-0001284776,Fabaceae,Vachellia,species
Vachellia nilotica,vachellia nilotica,vachellia nilotica,1,TRUE,TRUE,resolved_by_both,exact_accepted,exact_accepted_unique,Vachellia nilotica,wfo-0001284776,Fabaceae,Vachellia,species
Myrcia multiflora,myrcia multiflora,myrcia multiflora,1,TRUE,TRUE,resolved_by_both,exact_accepted,exact_accepted_unique,Myrcia multiflora,wfo-0000247667,Myrtaceae,Myrcia,species
Cyperus capitatus,cyperus capitatus,cyperus capitatus,4,FALSE,TRUE,recovered_by_hierarchical_rules,exact_accepted,exact_accepted_unique,Cyperus capitatus,wfo-0000369295,Cyperaceae,Cyperus,species
Zephyranthes flava,zephyranthes flava,zephyranthes flava,1,TRUE,TRUE,resolved_by_both,exact_synonym,exact_synonym_unique,Pyrolirion flavum,wfo-0000727083,Amaryllidaceae,Pyrolirion,species
Cassia javanica,cassia javanica,cassia javanica,3,FALSE,TRUE,recovered_by_hierarchical_rules,exact_accepted,exact_accepted_unique,Cassia javanica,wfo-0000164126,Fabaceae,Cassia,species
Dahlia tenuicaulis,dahlia tenuicaulis,dahlia tenuicaulis,1,TRUE,TRUE,resolved_by_both,exact_accepted,exact_accepted_unique,Dahlia tenuicaulis,wfo-0000018447,Asteraceae,Dahlia,species
Lycium bridgesii,lycium bridgesii,lycium bridgesii,1,TRUE,TRUE,resolved_by_both,exact_accepted,exact_accepted_unique,Lycium bridgesii,wfo-0001022702,Solanaceae,Lycium,species
Adenothamnus validus,adenothamnus validus,adenothamnus validus,1,TRUE,TRUE,resolved_by_both,exact_accepted,exact_accepted_unique,Adenothamnus validus,wfo-0000041337,Asteraceae,Adenothamnus,species
Baccharis scandens,baccharis scandens,baccharis scandens,2,FALSE,TRUE,recovered_by_hierarchical_rules,exact_accepted,exact_accepted_unique,Baccharis scandens,wfo-0000040761,Asteraceae,Baccharis,species
Sarcandra glabra,sarcandra glabra,sarcandra glabra,1,TRUE,TRUE,resolved_by_both,exact_accepted,exact_accepted_unique,Sarcandra glabra,wfo-0000438024,Chloranthaceae,Sarcandra,species
Perityle vaseyi,perityle vaseyi,perityle vaseyi,1,TRUE,TRUE,resolved_by_both,exact_accepted,exact_accepted_unique,Perityle vaseyi,wfo-0000073677,Asteraceae,Perityle,species
Pinus armandii,pinus armandii,pinus armandii,1,TRUE,TRUE,resolved_by_both,exact_accepted,exact_accepted_unique,Pinus armandii,wfo-0000482309,Pinaceae,Pinus,species
Salvia texana,salvia texana,salvia texana,1,TRUE,TRUE,resolved_by_both,exact_accepted,exact_accepted_unique,Salvia texana,wfo-0000302454,Lamiaceae,Salvia,species
Renealmia nicolaioides,renealmia nicolaioides,renealmia nicolaioides,1,TRUE,TRUE,resolved_by_both,exact_accepted,exact_accepted_unique,Renealmia nicolaioides,wfo-0000510879,Zingiberaceae,Renealmia,species
Carpesium longifolium,carpesium longifolium,carpesium longifolium,1,TRUE,TRUE,resolved_by_both,exact_accepted,exact_accepted_unique,Carpesium longifolium,wfo-0000043249,Asteraceae,Carpesium,species
Carpesium lipskyi,carpesium lipskyi,carpesium lipskyi,1,TRUE,TRUE,resolved_by_both,exact_accepted,exact_accepted_unique,Carpesium lipskyi,wfo-0000039860,Asteraceae,Carpesium,species
Miliusa sinensis,miliusa sinensis,miliusa sinensis,1,TRUE,TRUE,resolved_by_both,exact_synonym,exact_synonym_unique,Miliusa balansae,wfo-0001032905,Annonaceae,Miliusa,species
Pityrogramma calomela,pityrogramma calomela,pityrogramma calomela,0,FALSE,FALSE,unresolved_by_both,unresolved,no_match,NA,NA,NA,NA,NA
Pityrogramma calomelanos,pityrogramma calomelanos,pityrogramma calomelanos,1,TRUE,TRUE,resolved_by_both,exact_accepted,exact_accepted_unique,Pityrogramma calomelanos,wfo-0001107385,Pteridaceae,Pityrogramma,species
Chiococca alba,chiococca alba,chiococca alba,1,TRUE,TRUE,resolved_by_both,exact_accepted,exact_accepted_unique,Chiococca alba,wfo-0000844784,Rubiaceae,Chiococca,species
Matteuccia orientalis,matteuccia orientalis,matteuccia orientalis,1,TRUE,TRUE,resolved_by_both,exact_synonym,exact_synonym_unique,Pentarhizidium orientale,wfo-0001232479,Onocleaceae,Pentarhizidium,species
Pterodon emarginatus,pterodon emarginatus,pterodon emarginatus,1,TRUE,TRUE,resolved_by_both,exact_accepted,exact_accepted_unique,Pterodon emarginatus,wfo-0000186722,Fabaceae,Pterodon,species
Stemona collinsae,stemona collinsae,stemona collinsae,1,TRUE,TRUE,resolved_by_both,exact_accepted,exact_accepted_unique,Stemona collinsae,wfo-0000740184,Stemonaceae,Stemona,species
Stemona curtisii,stemona curtisii,stemona curtisii,1,TRUE,TRUE,resolved_by_both,exact_accepted,exact_accepted_unique,Stemona curtisii,wfo-0000770114,Stemonaceae,Stemona,species
Echinocereus coccineus,echinocereus coccineus,echinocereus coccineus,1,TRUE,TRUE,resolved_by_both,exact_accepted,exact_accepted_unique,Echinocereus coccineus,wfo-0000661214,Cactaceae,Echinocereus,species
Echinocereus triglochidiatus,echinocereus triglochidiatus,echinocereus triglochidiatus,1,TRUE,TRUE,resolved_by_both,exact_accepted,exact_accepted_unique,Echinocereus triglochidiatus,wfo-0000661560,Cactaceae,Echinocereus,species
Ateleia herbert-smithii,ateleia herbert-smithii,ateleia herbert-smithii,1,TRUE,TRUE,resolved_by_both,exact_accepted,exact_accepted_unique,Ateleia herbert-smithii,wfo-0000170196,Fabaceae,Ateleia,species
Madhuca longifolia,madhuca longifolia,madhuca longifolia,1,TRUE,TRUE,resolved_by_both,exact_accepted,exact_accepted_unique,Madhuca longifolia,wfo-0000232785,Sapotaceae,Madhuca,species
Glycine max,glycine max,glycine max,1,TRUE,TRUE,resolved_by_both,exact_accepted,exact_accepted_unique,Glycine max,wfo-0000181462,Fabaceae,Glycine,species
Byrsonima crassifolia,byrsonima crassifolia,byrsonima crassifolia,2,FALSE,TRUE,recovered_by_hierarchical_rules,exact_accepted,exact_accepted_unique,Byrsonima crassifolia,wfo-0000576794,Malpighiaceae,Byrsonima,species
Crinum bulbispermum,crinum bulbispermum,crinum bulbispermum,1,TRUE,TRUE,resolved_by_both,exact_accepted,exact_accepted_unique,Crinum bulbispermum,wfo-0000764436,Amaryllidaceae,Crinum,species
Maackia amurensis,maackia amurensis,maackia amurensis,1,TRUE,TRUE,resolved_by_both,exact_accepted,exact_accepted_unique,Maackia amurensis,wfo-0000186143,Fabaceae,Maackia,species
Oreopteris quelpaertensis,oreopteris quelpaertensis,oreopteris quelpaertensis,0,FALSE,FALSE,unresolved_by_both,unresolved,no_match,NA,NA,NA,NA,NA
Thelypteris quelpaertensis,thelypteris quelpaertensis,thelypteris quelpaertensis,0,FALSE,FALSE,unresolved_by_both,unresolved,no_match,NA,NA,NA,NA,NA
Nierembergia linariifolia,nierembergia linariifolia,nierembergia linariifolia,1,TRUE,TRUE,resolved_by_both,exact_accepted,exact_accepted_unique,Nierembergia linariifolia,wfo-0001024101,Solanaceae,Nierembergia,species
Nierembergia hippomanica,nierembergia hippomanica,nierembergia hippomanica,1,TRUE,TRUE,resolved_by_both,exact_synonym,exact_synonym_unique,Nierembergia linariifolia,wfo-0001024101,Solanaceae,Nierembergia,species
Tephrosia maxima,tephrosia maxima,tephrosia maxima,1,TRUE,TRUE,resolved_by_both,exact_accepted,exact_accepted_unique,Tephrosia maxima,wfo-0000203220,Fabaceae,Tephrosia,species
Millettia puguensis,millettia puguensis,millettia puguensis,1,TRUE,TRUE,resolved_by_both,exact_accepted,exact_accepted_unique,Millettia puguensis,wfo-0000200593,Fabaceae,Millettia,species
Helianthus annuus,helianthus annuus,helianthus annuus,1,TRUE,TRUE,resolved_by_both,exact_accepted,exact_accepted_unique,Helianthus annuus,wfo-0000088131,Asteraceae,Helianthus,species
Crotalaria assamica,crotalaria assamica,crotalaria assamica,1,TRUE,TRUE,resolved_by_both,exact_synonym,exact_synonym_unique,Crotalaria sericea var. sericea,wfo-1200113051,Fabaceae,Crotalaria,variety
Crinum amabile,crinum amabile,crinum amabile,0,FALSE,FALSE,unresolved_by_both,unresolved,no_match,NA,NA,NA,NA,NA
Crinum asiaticum,crinum asiaticum,crinum asiaticum,1,TRUE,TRUE,resolved_by_both,exact_accepted,exact_accepted_unique,Crinum asiaticum,wfo-0000764396,Amaryllidaceae,Crinum,species
Crinum augustum,crinum augustum,crinum augustum,1,TRUE,TRUE,resolved_by_both,exact_synonym,exact_synonym_unique,Crinum × amabile,wfo-0001046857,Amaryllidaceae,Crinum,species
Dianella revoluta,dianella revoluta,dianella revoluta,1,TRUE,TRUE,resolved_by_both,exact_accepted,exact_accepted_unique,Dianella revoluta,wfo-0000765248,Asphodelaceae,Dianella,species
Garcinia prainiana,garcinia prainiana,garcinia prainiana,1,TRUE,TRUE,resolved_by_both,exact_accepted,exact_accepted_unique,Garcinia prainiana,wfo-0000694586,Clusiaceae,Garcinia,species
Verbena litoralis,verbena litoralis,verbena litoralis,1,TRUE,TRUE,resolved_by_both,exact_accepted,exact_accepted_unique,Verbena litoralis,wfo-0000332038,Verbenaceae,Verbena,species
Clinopodium alpinum,clinopodium alpinum,clinopodium alpinum,1,TRUE,TRUE,resolved_by_both,exact_accepted,exact_accepted_unique,Clinopodium alpinum,wfo-0000890580,Lamiaceae,Clinopodium,species
Acinos alpinus,acinos alpinus,acinos alpinus,1,TRUE,TRUE,resolved_by_both,exact_synonym,exact_synonym_unique,Clinopodium alpinum,wfo-0000890580,Lamiaceae,Clinopodium,species
Helichrysum monticola,helichrysum monticola,helichrysum monticola,1,TRUE,TRUE,resolved_by_both,exact_accepted,exact_accepted_unique,Helichrysum monticola,wfo-0000035013,Asteraceae,Helichrysum,species
Tephrosia watsoniana,tephrosia watsoniana,tephrosia watsoniana,1,TRUE,TRUE,resolved_by_both,exact_accepted,exact_accepted_unique,Tephrosia watsoniana,wfo-0000186660,Fabaceae,Tephrosia,species
Krameria erecta,krameria erecta,krameria erecta,1,TRUE,TRUE,resolved_by_both,exact_accepted,exact_accepted_unique,Krameria erecta,wfo-0001069516,Krameriaceae,Krameria,species
Vachellia karroo,vachellia karroo,vachellia karroo,1,TRUE,TRUE,resolved_by_both,exact_accepted,exact_accepted_unique,Vachellia karroo,wfo-0000510579,Fabaceae,Vachellia,species
Acacia karroo,acacia karroo,acacia karroo,1,TRUE,TRUE,resolved_by_both,exact_synonym,exact_synonym_unique,Vachellia karroo,wfo-0000510579,Fabaceae,Vachellia,species
Soymida febrifuga,soymida febrifuga,soymida febrifuga,1,TRUE,TRUE,resolved_by_both,exact_accepted,exact_accepted_unique,Soymida febrifuga,wfo-0001083425,Meliaceae,Soymida,species
Broussonetia kazinoki,broussonetia kazinoki,broussonetia kazinoki,1,TRUE,TRUE,resolved_by_both,exact_accepted,exact_accepted_unique,Broussonetia kazinoki,wfo-0000572564,Moraceae,Broussonetia,species
Habranthus brachyandrus,habranthus brachyandrus,habranthus brachyandrus,1,TRUE,TRUE,resolved_by_both,exact_accepted,exact_accepted_unique,Habranthus brachyandrus,wfo-0000645851,Amaryllidaceae,Habranthus,species
Tephrosia pumila,tephrosia pumila,tephrosia pumila,1,TRUE,TRUE,resolved_by_both,exact_accepted,exact_accepted_unique,Tephrosia pumila,wfo-0000203766,Fabaceae,Tephrosia,species
Ficus nervosa,ficus nervosa,ficus nervosa,1,TRUE,TRUE,resolved_by_both,exact_accepted,exact_accepted_unique,Ficus nervosa,wfo-0000689442,Moraceae,Ficus,species
Phaseolus vulgaris,phaseolus vulgaris,phaseolus vulgaris,2,FALSE,TRUE,recovered_by_hierarchical_rules,exact_accepted,exact_accepted_unique,Phaseolus vulgaris,wfo-0000183282,Fabaceae,Phaseolus,species
Apios americana,apios americana,apios americana,1,TRUE,TRUE,resolved_by_both,exact_accepted,exact_accepted_unique,Apios americana,wfo-0000213520,Fabaceae,Apios,species
Desmodium styracifolium,desmodium styracifolium,desmodium styracifolium,1,TRUE,TRUE,resolved_by_both,exact_synonym,exact_synonym_unique,Grona styracifolia,wfo-0001423688,Fabaceae,Grona,species
Erythrina sacleuxii,erythrina sacleuxii,erythrina sacleuxii,1,TRUE,TRUE,resolved_by_both,exact_accepted,exact_accepted_unique,Erythrina sacleuxii,wfo-0000181098,Fabaceae,Erythrina,species
Phaseolus coccineus,phaseolus coccineus,phaseolus coccineus,1,TRUE,TRUE,resolved_by_both,exact_accepted,exact_accepted_unique,Phaseolus coccineus,wfo-0000183242,Fabaceae,Phaseolus,species
Flemingia paniculata,flemingia paniculata,flemingia paniculata,1,TRUE,TRUE,resolved_by_both,exact_accepted,exact_accepted_unique,Flemingia paniculata,wfo-0000198109,Fabaceae,Flemingia,species
Crotalaria lachnophora,crotalaria lachnophora,crotalaria lachnophora,1,TRUE,TRUE,resolved_by_both,exact_accepted,exact_accepted_unique,Crotalaria lachnophora,wfo-0000207514,Fabaceae,Crotalaria,species
Lupinus luteus,lupinus luteus,lupinus luteus,1,TRUE,TRUE,resolved_by_both,exact_accepted,exact_accepted_unique,Lupinus luteus,wfo-0000213494,Fabaceae,Lupinus,species
Vigna angularis,vigna angularis,vigna angularis,1,TRUE,TRUE,resolved_by_both,exact_accepted,exact_accepted_unique,Vigna angularis,wfo-0000187878,Fabaceae,Vigna,species
Lupinus arcticus,lupinus arcticus,lupinus arcticus,1,TRUE,TRUE,resolved_by_both,exact_accepted,exact_accepted_unique,Lupinus arcticus,wfo-0000168060,Fabaceae,Lupinus,species
Lupinus elegans,lupinus elegans,lupinus elegans,1,TRUE,TRUE,resolved_by_both,exact_accepted,exact_accepted_unique,Lupinus elegans,wfo-0000183547,Fabaceae,Lupinus,species
Lupinus nanus,lupinus nanus,lupinus nanus,1,TRUE,TRUE,resolved_by_both,exact_accepted,exact_accepted_unique,Lupinus nanus,wfo-0000174742,Fabaceae,Lupinus,species
Vigna radiata,vigna radiata,vigna radiata,1,TRUE,TRUE,resolved_by_both,exact_accepted,exact_accepted_unique,Vigna radiata,wfo-0000183493,Fabaceae,Vigna,species
Vigna mungo,vigna mungo,vigna mungo,1,TRUE,TRUE,resolved_by_both,exact_accepted,exact_accepted_unique,Vigna mungo,wfo-0000188854,Fabaceae,Vigna,species
Lupinus pubescens,lupinus pubescens,lupinus pubescens,1,TRUE,TRUE,resolved_by_both,exact_accepted,exact_accepted_unique,Lupinus pubescens,wfo-0000213501,Fabaceae,Lupinus,species
Laburnum anagyroides,laburnum anagyroides,laburnum anagyroides,0,FALSE,FALSE,unresolved_by_both,unresolved,no_match,NA,NA,NA,NA,NA
Pinus morrisonicola,pinus morrisonicola,pinus morrisonicola,1,TRUE,TRUE,resolved_by_both,exact_accepted,exact_accepted_unique,Pinus morrisonicola,wfo-0000481792,Pinaceae,Pinus,species
Leucothoe keiskei,leucothoe keiskei,leucothoe keiskei,1,TRUE,TRUE,resolved_by_both,exact_accepted,exact_accepted_unique,Leucothoe keiskei,wfo-0000364575,Ericaceae,Leucothoe,species
Pseudotsuga sinensis,pseudotsuga sinensis,pseudotsuga sinensis,1,TRUE,TRUE,resolved_by_both,exact_accepted,exact_accepted_unique,Pseudotsuga sinensis,wfo-0000478196,Pinaceae,Pseudotsuga,species
Phyllanthus emblica,phyllanthus emblica,phyllanthus emblica,1,TRUE,TRUE,resolved_by_both,exact_accepted,exact_accepted_unique,Phyllanthus emblica,wfo-0000270932,Phyllanthaceae,Phyllanthus,species
Dalbergia louvelii,dalbergia louvelii,dalbergia louvelii,1,TRUE,TRUE,resolved_by_both,exact_accepted,exact_accepted_unique,Dalbergia louvelii,wfo-0000196181,Fabaceae,Dalbergia,species
Lindera neesiana,lindera neesiana,lindera neesiana,1,TRUE,TRUE,resolved_by_both,exact_accepted,exact_accepted_unique,Lindera neesiana,wfo-0001070756,Lauraceae,Lindera,species
Derris elliptica,derris elliptica,derris elliptica,1,TRUE,TRUE,resolved_by_both,exact_accepted,exact_accepted_unique,Derris elliptica,wfo-0000186905,Fabaceae,Derris,species
Paraderris elliptica,paraderris elliptica,paraderris elliptica,1,TRUE,TRUE,resolved_by_both,exact_synonym,exact_synonym_unique,Derris elliptica,wfo-0000186905,Fabaceae,Derris,species
Lonchocarpus salvadorensis,lonchocarpus salvadorensis,lonchocarpus salvadorensis,1,TRUE,TRUE,resolved_by_both,exact_accepted,exact_accepted_unique,Lonchocarpus salvadorensis,wfo-0000165958,Fabaceae,Lonchocarpus,species
Tephrosia fulvinervis,tephrosia fulvinervis,tephrosia fulvinervis,1,TRUE,TRUE,resolved_by_both,exact_accepted,exact_accepted_unique,Tephrosia fulvinervis,wfo-0000202384,Fabaceae,Tephrosia,species
Derris trifoliata,derris trifoliata,derris trifoliata,1,TRUE,TRUE,resolved_by_both,exact_accepted,exact_accepted_unique,Derris trifoliata,wfo-0000198908,Fabaceae,Derris,species
Tephrosia candida,tephrosia candida,tephrosia candida,1,TRUE,TRUE,resolved_by_both,exact_accepted,exact_accepted_unique,Tephrosia candida,wfo-0000201856,Fabaceae,Tephrosia,species
Tephrosia sinapou,tephrosia sinapou,tephrosia sinapou,1,TRUE,TRUE,resolved_by_both,exact_accepted,exact_accepted_unique,Tephrosia sinapou,wfo-0000204324,Fabaceae,Tephrosia,species
Iris tenuifolia,iris tenuifolia,iris tenuifolia,1,TRUE,TRUE,resolved_by_both,exact_accepted,exact_accepted_unique,Iris tenuifolia,wfo-0000783952,Iridaceae,Iris,species
Beta vulgaris,beta vulgaris,beta vulgaris,1,TRUE,TRUE,resolved_by_both,exact_accepted,exact_accepted_unique,Beta vulgaris,wfo-0000564998,Amaranthaceae,Beta,species
Beta corolliflora,beta corolliflora,beta corolliflora,1,TRUE,TRUE,resolved_by_both,exact_accepted,exact_accepted_unique,Beta corolliflora,wfo-0000564939,Amaranthaceae,Beta,species
Beta lomatogona,beta lomatogona,beta lomatogona,1,TRUE,TRUE,resolved_by_both,exact_accepted,exact_accepted_unique,Beta lomatogona,wfo-0000564952,Amaranthaceae,Beta,species
Beta procumbens,beta procumbens,beta procumbens,1,TRUE,TRUE,resolved_by_both,exact_synonym,exact_synonym_unique,Patellifolia procumbens,wfo-0000395224,Amaranthaceae,Patellifolia,species
Beta trigyna,beta trigyna,beta trigyna,1,TRUE,TRUE,resolved_by_both,exact_accepted,exact_accepted_unique,Beta trigyna,wfo-0000564990,Amaranthaceae,Beta,species
Rhododendron luteum,rhododendron luteum,rhododendron luteum,1,TRUE,TRUE,resolved_by_both,exact_accepted,exact_accepted_unique,Rhododendron luteum,wfo-0000399990,Ericaceae,Rhododendron,species
Rosa canina,rosa canina,rosa canina,7,FALSE,TRUE,recovered_by_hierarchical_rules,exact_accepted,exact_accepted_unique,Rosa canina,wfo-0001005999,Rosaceae,Rosa,species
Dittrichia graveolens,dittrichia graveolens,dittrichia graveolens,1,TRUE,TRUE,resolved_by_both,exact_accepted,exact_accepted_unique,Dittrichia graveolens,wfo-0000003319,Asteraceae,Dittrichia,species
Dittrichia viscosa,dittrichia viscosa,dittrichia viscosa,1,TRUE,TRUE,resolved_by_both,exact_accepted,exact_accepted_unique,Dittrichia viscosa,wfo-0000059214,Asteraceae,Dittrichia,species
Dittrichia,dittrichia,dittrichia,1,TRUE,TRUE,resolved_by_both,exact_accepted,exact_accepted_unique,Dittrichia,wfo-4000012294,Asteraceae,Dittrichia,genus
Aframomum pruinosum,aframomum pruinosum,aframomum pruinosum,1,TRUE,TRUE,resolved_by_both,exact_synonym,exact_synonym_unique,Aframomum letestuanum,wfo-0000338079,Zingiberaceae,Aframomum,species
Baccharis dracunculifolia,baccharis dracunculifolia,baccharis dracunculifolia,1,TRUE,TRUE,resolved_by_both,exact_accepted,exact_accepted_unique,Baccharis dracunculifolia,wfo-0000127667,Asteraceae,Baccharis,species
Bupleurum chinense,bupleurum chinense,bupleurum chinense,1,TRUE,TRUE,resolved_by_both,exact_accepted,exact_accepted_unique,Bupleurum chinense,wfo-0000575152,Apiaceae,Bupleurum,species
Pueraria calycina,pueraria calycina,pueraria calycina,1,TRUE,TRUE,resolved_by_both,exact_accepted,exact_accepted_unique,Pueraria calycina,wfo-0000197989,Fabaceae,Pueraria,species
Pueraria candollei,pueraria candollei,pueraria candollei,1,TRUE,TRUE,resolved_by_both,exact_accepted,exact_accepted_unique,Pueraria candollei,wfo-0000193845,Fabaceae,Pueraria,species
Pueraria edulis,pueraria edulis,pueraria edulis,1,TRUE,TRUE,resolved_by_both,exact_accepted,exact_accepted_unique,Pueraria edulis,wfo-0000197991,Fabaceae,Pueraria,species
Pueraria peduncularis ex,pueraria peduncularis ex,pueraria peduncularis,1,TRUE,TRUE,resolved_by_both,canonical,canonical_unique,Toxicopueraria peduncularis,wfo-0001342972,Fabaceae,Toxicopueraria,species
Pueraria phaseoloides,pueraria phaseoloides,pueraria phaseoloides,1,TRUE,TRUE,resolved_by_both,exact_synonym,exact_synonym_unique,Neustanthus phaseoloides,wfo-0000183176,Fabaceae,Neustanthus,species
Sorbus cuspidata,sorbus cuspidata,sorbus cuspidata,1,TRUE,TRUE,resolved_by_both,exact_synonym,exact_synonym_unique,Griffitharia vestita,wfo-1000004221,Rosaceae,Griffitharia,species
Pueraria tuberosa,pueraria tuberosa,pueraria tuberosa,1,TRUE,TRUE,resolved_by_both,exact_accepted,exact_accepted_unique,Pueraria tuberosa,wfo-0000185100,Fabaceae,Pueraria,species
Ziziphus jujuba,ziziphus jujuba,ziziphus jujuba,1,TRUE,TRUE,resolved_by_both,exact_accepted,exact_accepted_unique,Ziziphus jujuba,wfo-0000430303,Rhamnaceae,Ziziphus,species
Cephalotaxus harringtonii,cephalotaxus harringtonii,cephalotaxus harringtonii,1,TRUE,TRUE,resolved_by_both,exact_accepted,exact_accepted_unique,Cephalotaxus harringtonii,wfo-0000594960,Cephalotaxaceae,Cephalotaxus,species
Clematis hexapetala,clematis hexapetala,clematis hexapetala,2,FALSE,TRUE,recovered_by_hierarchical_rules,exact_accepted,exact_accepted_unique,Clematis hexapetala,wfo-0000610047,Ranunculaceae,Clematis,species
Boronia coerulescens,boronia coerulescens,boronia coerulescens,1,TRUE,TRUE,resolved_by_both,exact_synonym,exact_synonym_unique,Cyanothamnus coerulescens,wfo-1000021909,Rutaceae,Cyanothamnus,species
Glycosmis chlorosperma,glycosmis chlorosperma,glycosmis chlorosperma,1,TRUE,TRUE,resolved_by_both,exact_accepted,exact_accepted_unique,Glycosmis chlorosperma,wfo-0000704476,Rutaceae,Glycosmis,species
Myrica gale,myrica gale,myrica gale,1,TRUE,TRUE,resolved_by_both,exact_accepted,exact_accepted_unique,Myrica gale,wfo-0000447393,Myricaceae,Myrica,species
Syzygium samarangense,syzygium samarangense,syzygium samarangense,1,TRUE,TRUE,resolved_by_both,exact_accepted,exact_accepted_unique,Syzygium samarangense,wfo-0000319382,Myrtaceae,Syzygium,species
Dalea versicolor,dalea versicolor,dalea versicolor,1,TRUE,TRUE,resolved_by_both,exact_accepted,exact_accepted_unique,Dalea versicolor,wfo-0000170205,Fabaceae,Dalea,species
Psorothamnus polydenius,psorothamnus polydenius,psorothamnus polydenius,1,TRUE,TRUE,resolved_by_both,exact_accepted,exact_accepted_unique,Psorothamnus polydenius,wfo-0000169528,Fabaceae,Psorothamnus,species
Morella cerifera,morella cerifera,morella cerifera,1,TRUE,TRUE,resolved_by_both,exact_synonym,exact_synonym_unique,Myrica cerifera,wfo-0000447382,Myricaceae,Myrica,species
Myrica cerifera,myrica cerifera,myrica cerifera,1,TRUE,TRUE,resolved_by_both,exact_accepted,exact_accepted_unique,Myrica cerifera,wfo-0000447382,Myricaceae,Myrica,species
Wikstroemia sikokiana,wikstroemia sikokiana,wikstroemia sikokiana,1,TRUE,TRUE,resolved_by_both,exact_accepted,exact_accepted_unique,Wikstroemia sikokiana,wfo-0001283388,Thymelaeaceae,Wikstroemia,species
Stellera chamaejasme,stellera chamaejasme,stellera chamaejasme,1,TRUE,TRUE,resolved_by_both,exact_accepted,exact_accepted_unique,Stellera chamaejasme,wfo-0001142517,Thymelaeaceae,Stellera,species
Heliotropium sarmentosum,heliotropium sarmentosum,heliotropium sarmentosum,1,TRUE,TRUE,resolved_by_both,exact_accepted,exact_accepted_unique,Heliotropium sarmentosum,wfo-0000718904,Heliotropiaceae,Heliotropium,species
Scutellaria indica,scutellaria indica,scutellaria indica,2,FALSE,TRUE,recovered_by_hierarchical_rules,exact_accepted,exact_accepted_unique,Scutellaria indica,wfo-0000307936,Lamiaceae,Scutellaria,species
Acacia neovernicosa,acacia neovernicosa,acacia neovernicosa,1,TRUE,TRUE,resolved_by_both,exact_synonym,exact_synonym_unique,Vachellia vernicosa,wfo-0001277463,Fabaceae,Vachellia,species
Vachellia vernicosa,vachellia vernicosa,vachellia vernicosa,1,TRUE,TRUE,resolved_by_both,exact_accepted,exact_accepted_unique,Vachellia vernicosa,wfo-0001277463,Fabaceae,Vachellia,species
Acalypha hispida,acalypha hispida,acalypha hispida,3,FALSE,TRUE,recovered_by_hierarchical_rules,exact_accepted,exact_accepted_unique,Acalypha hispida,wfo-0000950668,Euphorbiaceae,Acalypha,species
Eriobotrya japonica,eriobotrya japonica,eriobotrya japonica,1,TRUE,TRUE,resolved_by_both,exact_accepted,exact_accepted_unique,Eriobotrya japonica,wfo-0000986002,Rosaceae,Eriobotrya,species
Cryptocarya chartacea,cryptocarya chartacea,cryptocarya chartacea,1,TRUE,TRUE,resolved_by_both,exact_accepted,exact_accepted_unique,Cryptocarya chartacea,wfo-0000627834,Lauraceae,Cryptocarya,species
Artocarpus tonkinensis,artocarpus tonkinensis,artocarpus tonkinensis,1,TRUE,TRUE,resolved_by_both,exact_accepted,exact_accepted_unique,Artocarpus tonkinensis,wfo-0000550620,Moraceae,Artocarpus,species
Medicago truncatula,medicago truncatula,medicago truncatula,1,TRUE,TRUE,resolved_by_both,exact_accepted,exact_accepted_unique,Medicago truncatula,wfo-0000213477,Fabaceae,Medicago,species
Garcinia madruno,garcinia madruno,garcinia madruno,1,TRUE,TRUE,resolved_by_both,exact_accepted,exact_accepted_unique,Garcinia madruno,wfo-0000694442,Clusiaceae,Garcinia,species
Garcinia portoricensis,garcinia portoricensis,garcinia portoricensis,1,TRUE,TRUE,resolved_by_both,exact_accepted,exact_accepted_unique,Garcinia portoricensis,wfo-0000694585,Clusiaceae,Garcinia,species
Dorstenia barteri,dorstenia barteri,dorstenia barteri,1,TRUE,TRUE,resolved_by_both,exact_accepted,exact_accepted_unique,Dorstenia barteri,wfo-0000654289,Moraceae,Dorstenia,species
Rosa rugosa,rosa rugosa,rosa rugosa,2,FALSE,TRUE,recovered_by_hierarchical_rules,exact_accepted,exact_accepted_unique,Rosa rugosa,wfo-0001017421,Rosaceae,Rosa,species
Erythrina vogelii,erythrina vogelii,erythrina vogelii,1,TRUE,TRUE,resolved_by_both,exact_accepted,exact_accepted_unique,Erythrina vogelii,wfo-0000181225,Fabaceae,Erythrina,species
Tephrosia emeroides,tephrosia emeroides,tephrosia emeroides,1,TRUE,TRUE,resolved_by_both,exact_accepted,exact_accepted_unique,Tephrosia emeroides,wfo-0000202273,Fabaceae,Tephrosia,species
Iris spuria,iris spuria,iris spuria,1,TRUE,TRUE,resolved_by_both,exact_accepted,exact_accepted_unique,Iris spuria,wfo-0000783889,Iridaceae,Iris,species
Alpinia japonica,alpinia japonica,alpinia japonica,1,TRUE,TRUE,resolved_by_both,exact_accepted,exact_accepted_unique,Alpinia japonica,wfo-0000338545,Zingiberaceae,Alpinia,species
Caesalpinia decapetala,caesalpinia decapetala,caesalpinia decapetala,1,TRUE,TRUE,resolved_by_both,exact_synonym,exact_synonym_unique,Biancaea decapetala,wfo-0001056568,Fabaceae,Biancaea,species
Caesalpinia sappan,caesalpinia sappan,caesalpinia sappan,1,TRUE,TRUE,resolved_by_both,exact_synonym,exact_synonym_unique,Biancaea sappan,wfo-0000192766,Fabaceae,Biancaea,species
Portulaca oleracea,portulaca oleracea,portulaca oleracea,1,TRUE,TRUE,resolved_by_both,exact_accepted,exact_accepted_unique,Portulaca oleracea,wfo-0000484425,Portulacaceae,Portulaca,species
Mentha longifolia,mentha longifolia,mentha longifolia,2,FALSE,TRUE,recovered_by_hierarchical_rules,exact_accepted,exact_accepted_unique,Mentha longifolia,wfo-0001069664,Lamiaceae,Mentha,species
Mentha spicata,mentha spicata,mentha spicata,1,TRUE,TRUE,resolved_by_both,exact_accepted,exact_accepted_unique,Mentha spicata,wfo-0000241390,Lamiaceae,Mentha,species
Zanthoxylum avicennae,zanthoxylum avicennae,zanthoxylum avicennae,1,TRUE,TRUE,resolved_by_both,exact_accepted,exact_accepted_unique,Zanthoxylum avicennae,wfo-0001228466,Rutaceae,Zanthoxylum,species
Zanthoxylum leprieurii,zanthoxylum leprieurii,zanthoxylum leprieurii,1,TRUE,TRUE,resolved_by_both,exact_accepted,exact_accepted_unique,Zanthoxylum leprieurii,wfo-0000429563,Rutaceae,Zanthoxylum,species
Rosmarinus officinalis,rosmarinus officinalis,rosmarinus officinalis,1,TRUE,TRUE,resolved_by_both,exact_synonym,exact_synonym_unique,Salvia rosmarinus,wfo-0000302167,Lamiaceae,Salvia,species
Philotheca rhomboidea,philotheca rhomboidea,philotheca rhomboidea,1,TRUE,TRUE,resolved_by_both,exact_accepted,exact_accepted_unique,Philotheca rhomboidea,wfo-0001263476,Rutaceae,Philotheca,species
Zanthoxylum gilletii,zanthoxylum gilletii,zanthoxylum gilletii,1,TRUE,TRUE,resolved_by_both,exact_accepted,exact_accepted_unique,Zanthoxylum gilletii,wfo-0000429498,Rutaceae,Zanthoxylum,species
Calicotome villosa,calicotome villosa,calicotome villosa,1,TRUE,TRUE,resolved_by_both,exact_accepted,exact_accepted_unique,Calicotome villosa,wfo-0000213265,Fabaceae,Calicotome,species
Citrus taitensis,citrus taitensis,citrus taitensis,0,FALSE,FALSE,unresolved_by_both,unresolved,no_match,NA,NA,NA,NA,NA
Citrus limonia,citrus limonia,citrus limonia,1,TRUE,TRUE,resolved_by_both,exact_synonym,exact_synonym_unique,Citrus limon,wfo-0001133139,Rutaceae,Citrus,species
Citrus sinensis,citrus sinensis,citrus sinensis,1,TRUE,TRUE,resolved_by_both,exact_synonym,exact_synonym_unique,Citrus × aurantium nothof. aurantium,wfo-1200112333,Rutaceae,Citrus,form
Cyclopia falcata,cyclopia falcata,cyclopia falcata,1,TRUE,TRUE,resolved_by_both,exact_accepted,exact_accepted_unique,Cyclopia falcata,wfo-0000197696,Fabaceae,Cyclopia,species
Polygonatum odoratum,polygonatum odoratum,polygonatum odoratum,1,TRUE,TRUE,resolved_by_both,exact_accepted,exact_accepted_unique,Polygonatum odoratum,wfo-0000716063,Asparagaceae,Polygonatum,species
Verbascum phlomoides,verbascum phlomoides,verbascum phlomoides,2,FALSE,TRUE,recovered_by_hierarchical_rules,exact_accepted,exact_accepted_unique,Verbascum phlomoides,wfo-0000419193,Scrophulariaceae,Verbascum,species
Zanthoxylum zanthoxyloides,zanthoxylum zanthoxyloides,zanthoxylum zanthoxyloides,1,TRUE,TRUE,resolved_by_both,exact_accepted,exact_accepted_unique,Zanthoxylum zanthoxyloides,wfo-0000429422,Rutaceae,Zanthoxylum,species
Perovskia abrotanoides,perovskia abrotanoides,perovskia abrotanoides,1,TRUE,TRUE,resolved_by_both,exact_synonym,exact_synonym_unique,Salvia abrotanoides,wfo-0001428614,Lamiaceae,Salvia,species
Flindersia collina,flindersia collina,flindersia collina,1,TRUE,TRUE,resolved_by_both,exact_accepted,exact_accepted_unique,Flindersia collina,wfo-0000691379,Rutaceae,Flindersia,species
Flindersia xanthoxyla,flindersia xanthoxyla,flindersia xanthoxyla,1,TRUE,TRUE,resolved_by_both,exact_accepted,exact_accepted_unique,Flindersia xanthoxyla,wfo-0000691410,Rutaceae,Flindersia,species
Flindersia acuminata,flindersia acuminata,flindersia acuminata,1,TRUE,TRUE,resolved_by_both,exact_accepted,exact_accepted_unique,Flindersia acuminata,wfo-0000691368,Rutaceae,Flindersia,species
Flindersia laevicarpa,flindersia laevicarpa,flindersia laevicarpa,1,TRUE,TRUE,resolved_by_both,exact_accepted,exact_accepted_unique,Flindersia laevicarpa,wfo-0000691387,Rutaceae,Flindersia,species
Mentha piperita,mentha piperita,mentha piperita,0,FALSE,FALSE,unresolved_by_both,unresolved,no_match,NA,NA,NA,NA,NA
Nepeta tenuifolia,nepeta tenuifolia,nepeta tenuifolia,1,TRUE,TRUE,resolved_by_both,exact_accepted,exact_accepted_unique,Nepeta tenuifolia,wfo-0000251404,Lamiaceae,Nepeta,species
Zanthoxylum fauriei,zanthoxylum fauriei,zanthoxylum fauriei,1,TRUE,TRUE,resolved_by_both,exact_accepted,exact_accepted_unique,Zanthoxylum fauriei,wfo-0000429504,Rutaceae,Zanthoxylum,species
Thymus vulgaris,thymus vulgaris,thymus vulgaris,2,FALSE,TRUE,recovered_by_hierarchical_rules,exact_accepted,exact_accepted_unique,Thymus vulgaris,wfo-0000324951,Lamiaceae,Thymus,species
Perovskia atriplicifolia,perovskia atriplicifolia,perovskia atriplicifolia,1,TRUE,TRUE,resolved_by_both,exact_synonym,exact_synonym_unique,Salvia yangii,wfo-0001427364,Lamiaceae,Salvia,species
Zanthoxylum dipetalum,zanthoxylum dipetalum,zanthoxylum dipetalum,1,TRUE,TRUE,resolved_by_both,exact_accepted,exact_accepted_unique,Zanthoxylum dipetalum,wfo-0001132902,Rutaceae,Zanthoxylum,species
Zanthoxylum rigidum,zanthoxylum rigidum,zanthoxylum rigidum,1,TRUE,TRUE,resolved_by_both,exact_accepted,exact_accepted_unique,Zanthoxylum rigidum,wfo-0001133118,Rutaceae,Zanthoxylum,species
Coutarea hexandra,coutarea hexandra,coutarea hexandra,1,TRUE,TRUE,resolved_by_both,exact_accepted,exact_accepted_unique,Coutarea hexandra,wfo-0000926501,Rubiaceae,Coutarea,species
Baeckea frutescens,baeckea frutescens,baeckea frutescens,1,TRUE,TRUE,resolved_by_both,exact_accepted,exact_accepted_unique,Baeckea frutescens,wfo-0000310830,Myrtaceae,Baeckea,species
Adina cordifolia,adina cordifolia,adina cordifolia,1,TRUE,TRUE,resolved_by_both,exact_accepted,exact_accepted_unique,Adina cordifolia,wfo-0001132041,Rubiaceae,Adina,species
Calamus draco,calamus draco,calamus draco,1,TRUE,TRUE,resolved_by_both,exact_accepted,exact_accepted_unique,Calamus draco,wfo-0000755403,Arecaceae,Calamus,species
Daphne genkwa,daphne genkwa,daphne genkwa,1,TRUE,TRUE,resolved_by_both,exact_accepted,exact_accepted_unique,Daphne genkwa,wfo-0000637613,Thymelaeaceae,Daphne,species
Daphne feddei,daphne feddei,daphne feddei,1,TRUE,TRUE,resolved_by_both,exact_accepted,exact_accepted_unique,Daphne feddei,wfo-0000637596,Thymelaeaceae,Daphne,species
Toona sinensis,toona sinensis,toona sinensis,1,TRUE,TRUE,resolved_by_both,exact_accepted,exact_accepted_unique,Toona sinensis,wfo-0000455502,Meliaceae,Toona,species
Ceratiola ericoides,ceratiola ericoides,ceratiola ericoides,1,TRUE,TRUE,resolved_by_both,exact_accepted,exact_accepted_unique,Ceratiola ericoides,wfo-0000596330,Ericaceae,Ceratiola,species
Uvaria afzelii,uvaria afzelii,uvaria afzelii,1,TRUE,TRUE,resolved_by_both,exact_accepted,exact_accepted_unique,Uvaria afzelii,wfo-0001066514,Annonaceae,Uvaria,species
Desmos cochinchinensis,desmos cochinchinensis,desmos cochinchinensis,1,TRUE,TRUE,resolved_by_both,exact_accepted,exact_accepted_unique,Desmos cochinchinensis,wfo-0000642354,Annonaceae,Desmos,species
Parathelypteris japonica,parathelypteris japonica,parathelypteris japonica,1,TRUE,TRUE,resolved_by_both,exact_synonym,exact_synonym_unique,Coryphopteris japonica,wfo-0001335486,Thelypteridaceae,Coryphopteris,species
Desmos chinensis,desmos chinensis,desmos chinensis,1,TRUE,TRUE,resolved_by_both,exact_accepted,exact_accepted_unique,Desmos chinensis,wfo-0000642348,Annonaceae,Desmos,species
Anastatica hierochuntica,anastatica hierochuntica,anastatica hierochuntica,1,TRUE,TRUE,resolved_by_both,exact_accepted,exact_accepted_unique,Anastatica hierochuntica,wfo-0000533427,Brassicaceae,Anastatica,species
Sophora tetraptera,sophora tetraptera,sophora tetraptera,1,TRUE,TRUE,resolved_by_both,exact_accepted,exact_accepted_unique,Sophora tetraptera,wfo-0001055068,Fabaceae,Sophora,species
Albizia adianthifolia,albizia adianthifolia,albizia adianthifolia,1,TRUE,TRUE,resolved_by_both,exact_accepted,exact_accepted_unique,Albizia adianthifolia,wfo-0000179990,Fabaceae,Albizia,species
Pronephrium penangianum,pronephrium penangianum,pronephrium penangianum,1,TRUE,TRUE,resolved_by_both,exact_synonym,exact_synonym_unique,Menisciopsis penangiana,wfo-1000027860,Thelypteridaceae,Menisciopsis,species
Artocarpus gomezianus,artocarpus gomezianus,artocarpus gomezianus,1,TRUE,TRUE,resolved_by_both,exact_accepted,exact_accepted_unique,Artocarpus gomezianus,wfo-0000550486,Moraceae,Artocarpus,species
Begonia,begonia,begonia,1,TRUE,TRUE,resolved_by_both,exact_accepted,exact_accepted_unique,Begonia,wfo-4000004308,Begoniaceae,Begonia,genus
Baccharis salicifolia,baccharis salicifolia,baccharis salicifolia,2,FALSE,TRUE,recovered_by_hierarchical_rules,exact_accepted,exact_accepted_unique,Baccharis salicifolia,wfo-0000121758,Asteraceae,Baccharis,species
Chrysothamnus viscidiflorus,chrysothamnus viscidiflorus,chrysothamnus viscidiflorus,1,TRUE,TRUE,resolved_by_both,exact_accepted,exact_accepted_unique,Chrysothamnus viscidiflorus,wfo-0000062835,Asteraceae,Chrysothamnus,species
Gamochaeta malvinensis,gamochaeta malvinensis,gamochaeta malvinensis,1,TRUE,TRUE,resolved_by_both,exact_synonym,exact_synonym_unique,Gamochaeta affinis,wfo-0000122402,Asteraceae,Gamochaeta,species
Cinnamomum camphora,cinnamomum camphora,cinnamomum camphora,1,TRUE,TRUE,resolved_by_both,exact_accepted,exact_accepted_unique,Cinnamomum camphora,wfo-0000604955,Lauraceae,Cinnamomum,species
Potentilla anserina,potentilla anserina,potentilla anserina,3,FALSE,TRUE,recovered_by_hierarchical_rules,exact_synonym,exact_synonym_unique,Argentina anserina,wfo-0001009478,Rosaceae,Argentina,species
Uvaria dulcis,uvaria dulcis,uvaria dulcis,1,TRUE,TRUE,resolved_by_both,exact_accepted,exact_accepted_unique,Uvaria dulcis,wfo-0001066093,Annonaceae,Uvaria,species
Eysenhardtia polystachya,eysenhardtia polystachya,eysenhardtia polystachya,1,TRUE,TRUE,resolved_by_both,exact_accepted,exact_accepted_unique,Eysenhardtia polystachya,wfo-0000165921,Fabaceae,Eysenhardtia,species
Boerhavia diffusa,boerhavia diffusa,boerhavia diffusa,1,TRUE,TRUE,resolved_by_both,exact_accepted,exact_accepted_unique,Boerhavia diffusa,wfo-0000567916,Nyctaginaceae,Boerhavia,species
Citrus reticulata,citrus reticulata,citrus reticulata,1,TRUE,TRUE,resolved_by_both,exact_accepted,exact_accepted_unique,Citrus reticulata,wfo-0000608241,Rutaceae,Citrus,species
Citrus nobilis,citrus nobilis,citrus nobilis,3,FALSE,TRUE,recovered_by_hierarchical_rules,exact_synonym,exact_synonym_unique,Citrus × aurantium nothof. aurantium,wfo-1200112333,Rutaceae,Citrus,form
Citrus limon,citrus limon,citrus limon,1,TRUE,TRUE,resolved_by_both,exact_accepted,exact_accepted_unique,Citrus limon,wfo-0001133139,Rutaceae,Citrus,species
Lonchocarpus minimiflorus,lonchocarpus minimiflorus,lonchocarpus minimiflorus,1,TRUE,TRUE,resolved_by_both,exact_accepted,exact_accepted_unique,Lonchocarpus minimiflorus,wfo-0000165939,Fabaceae,Lonchocarpus,species
Limonia acidissima,limonia acidissima,limonia acidissima,1,TRUE,TRUE,resolved_by_both,exact_accepted,exact_accepted_unique,Limonia acidissima,wfo-1000080432,Rutaceae,Limonia,species
Macaranga conifera,macaranga conifera,macaranga conifera,1,TRUE,TRUE,resolved_by_both,exact_accepted,exact_accepted_unique,Macaranga conifera,wfo-0000231884,Euphorbiaceae,Macaranga,species
Monotes africanus,monotes africanus,monotes africanus,1,TRUE,TRUE,resolved_by_both,exact_accepted,exact_accepted_unique,Monotes africanus,wfo-0000377166,Dipterocarpaceae,Monotes,species
Derris laxiflora,derris laxiflora,derris laxiflora,2,FALSE,TRUE,recovered_by_hierarchical_rules,exact_accepted,exact_accepted_unique,Derris laxiflora,wfo-0000197433,Fabaceae,Derris,species
Citrus natsudaidai,citrus natsudaidai,citrus natsudaidai,1,TRUE,TRUE,resolved_by_both,exact_synonym,exact_synonym_unique,Citrus × aurantium nothof. aurantium,wfo-1200112333,Rutaceae,Citrus,form
Erythrina fusca,erythrina fusca,erythrina fusca,1,TRUE,TRUE,resolved_by_both,exact_accepted,exact_accepted_unique,Erythrina fusca,wfo-0000180759,Fabaceae,Erythrina,species
Tephrosia rosea,tephrosia rosea,tephrosia rosea,1,TRUE,TRUE,resolved_by_both,exact_accepted,exact_accepted_unique,Tephrosia rosea,wfo-0000185869,Fabaceae,Tephrosia,species
Papaver somniferum,papaver somniferum,papaver somniferum,1,TRUE,TRUE,resolved_by_both,exact_accepted,exact_accepted_unique,Papaver somniferum,wfo-0000480963,Papaveraceae,Papaver,species
Glycosmis pentaphylla,glycosmis pentaphylla,glycosmis pentaphylla,1,TRUE,TRUE,resolved_by_both,exact_accepted,exact_accepted_unique,Glycosmis pentaphylla,wfo-0000704558,Rutaceae,Glycosmis,species
Maclura tinctoria ex,maclura tinctoria ex,maclura tinctoria,1,TRUE,TRUE,resolved_by_both,canonical,canonical_unique,Maclura tinctoria,wfo-0000447821,Moraceae,Maclura,species
Maclura tinctoria,maclura tinctoria,maclura tinctoria,1,TRUE,TRUE,resolved_by_both,exact_accepted,exact_accepted_unique,Maclura tinctoria,wfo-0000447821,Moraceae,Maclura,species
Murraya exotica,murraya exotica,murraya exotica,2,FALSE,FALSE,unresolved_by_both,exact_conflict,exact_synonym_conflict,NA,NA,NA,NA,NA
Murraya paniculata,murraya paniculata,murraya paniculata,2,FALSE,TRUE,recovered_by_hierarchical_rules,exact_accepted,exact_accepted_consensus_multiple_ids,Murraya paniculata,wfo-0000453279,Rutaceae,Murraya,species
Pronephrium triphyllum,pronephrium triphyllum,pronephrium triphyllum,1,TRUE,TRUE,resolved_by_both,exact_synonym,exact_synonym_unique,Grypothrix triphylla,wfo-1000027251,Thelypteridaceae,Grypothrix,species
Prunus cerasus,prunus cerasus,prunus cerasus,1,TRUE,TRUE,resolved_by_both,exact_accepted,exact_accepted_unique,Prunus cerasus,wfo-0001016331,Rosaceae,Prunus,species
Senna petersiana,senna petersiana,senna petersiana,1,TRUE,TRUE,resolved_by_both,exact_accepted,exact_accepted_unique,Senna petersiana,wfo-0000184159,Fabaceae,Senna,species
Canavalia rosea,canavalia rosea,canavalia rosea,1,TRUE,TRUE,resolved_by_both,exact_accepted,exact_accepted_unique,Canavalia rosea,wfo-0000189858,Fabaceae,Canavalia,species
Sophora gypsophila,sophora gypsophila,sophora gypsophila,1,TRUE,TRUE,resolved_by_both,exact_synonym,exact_synonym_unique,Dermatophyllum gypsophilum,wfo-0001042782,Fabaceae,Dermatophyllum,species
Dermatophyllum gypsophilum,dermatophyllum gypsophilum,dermatophyllum gypsophilum,1,TRUE,TRUE,resolved_by_both,exact_accepted,exact_accepted_unique,Dermatophyllum gypsophilum,wfo-0001042782,Fabaceae,Dermatophyllum,species
Millettia conraui,millettia conraui,millettia conraui,1,TRUE,TRUE,resolved_by_both,exact_accepted,exact_accepted_unique,Millettia conraui,wfo-0000199801,Fabaceae,Millettia,species
Friesodielsia velutina,friesodielsia velutina,friesodielsia velutina,1,TRUE,TRUE,resolved_by_both,exact_synonym,exact_synonym_unique,Monanthotaxis velutina,wfo-0001421801,Annonaceae,Monanthotaxis,species
Pinus massoniana,pinus massoniana,pinus massoniana,2,FALSE,TRUE,recovered_by_hierarchical_rules,exact_accepted,exact_accepted_unique,Pinus massoniana,wfo-0000736339,Pinaceae,Pinus,species
Diplacus aurantiacus,diplacus aurantiacus,diplacus aurantiacus,1,TRUE,TRUE,resolved_by_both,exact_accepted,exact_accepted_unique,Diplacus aurantiacus,wfo-0000650077,Phrymaceae,Diplacus,species
Mimulus aurantiacus,mimulus aurantiacus,mimulus aurantiacus,1,TRUE,TRUE,resolved_by_both,exact_synonym,exact_synonym_unique,Diplacus aurantiacus,wfo-0000650077,Phrymaceae,Diplacus,species
Schizolaena hystrix,schizolaena hystrix,schizolaena hystrix,1,TRUE,TRUE,resolved_by_both,exact_accepted,exact_accepted_unique,Schizolaena hystrix,wfo-0000627787,Sarcolaenaceae,Schizolaena,species
Hernandia nymphaeifolia,hernandia nymphaeifolia,hernandia nymphaeifolia,1,TRUE,TRUE,resolved_by_both,exact_accepted,exact_accepted_unique,Hernandia nymphaeifolia,wfo-0000720609,Hernandiaceae,Hernandia,species
Desmodium oojeinense,desmodium oojeinense,desmodium oojeinense,1,TRUE,TRUE,resolved_by_both,exact_synonym,exact_synonym_unique,Ougeinia oojeinensis,wfo-0000186403,Fabaceae,Ougeinia,species
Glochidion zeylanicum,glochidion zeylanicum,glochidion zeylanicum,1,TRUE,TRUE,resolved_by_both,exact_accepted,exact_accepted_unique,Glochidion zeylanicum,wfo-0000973663,Phyllanthaceae,Glochidion,species
Sorghum bicolor,sorghum bicolor,sorghum bicolor,2,FALSE,TRUE,recovered_by_hierarchical_rules,exact_accepted,exact_accepted_unique,Sorghum bicolor,wfo-0000900184,Poaceae,Sorghum,species
Sophora secundiflora ex,sophora secundiflora ex,sophora secundiflora,1,TRUE,TRUE,resolved_by_both,canonical,canonical_unique,Dermatophyllum secundiflorum,wfo-0001042783,Fabaceae,Dermatophyllum,species
Dermatophyllum secundiflorum,dermatophyllum secundiflorum,dermatophyllum secundiflorum,1,TRUE,TRUE,resolved_by_both,exact_accepted,exact_accepted_unique,Dermatophyllum secundiflorum,wfo-0001042783,Fabaceae,Dermatophyllum,species
Calia secundiflora,calia secundiflora,calia secundiflora,1,TRUE,TRUE,resolved_by_both,exact_synonym,exact_synonym_unique,Dermatophyllum secundiflorum,wfo-0001042783,Fabaceae,Dermatophyllum,species
Sophora secundiflora,sophora secundiflora,sophora secundiflora,1,TRUE,TRUE,resolved_by_both,exact_synonym,exact_synonym_unique,Dermatophyllum secundiflorum,wfo-0001042783,Fabaceae,Dermatophyllum,species
Millettia pendula,millettia pendula,millettia pendula,1,TRUE,TRUE,resolved_by_both,exact_synonym,exact_synonym_unique,Imbralyx leucanthus var. leucanthus,wfo-1200002228,Fabaceae,Imbralyx,variety
Artemisia campestris,artemisia campestris,artemisia campestris,4,FALSE,TRUE,recovered_by_hierarchical_rules,exact_accepted,exact_accepted_unique,Artemisia campestris,wfo-0000068600,Asteraceae,Artemisia,species
Harpalyce brasiliana,harpalyce brasiliana,harpalyce brasiliana,1,TRUE,TRUE,resolved_by_both,exact_accepted,exact_accepted_unique,Harpalyce brasiliana,wfo-0000170586,Fabaceae,Harpalyce,species
Canarium album,canarium album,canarium album,2,FALSE,TRUE,recovered_by_hierarchical_rules,exact_accepted,exact_accepted_unique,Canarium album,wfo-0000583426,Burseraceae,Canarium,species
Blumea balsamifera,blumea balsamifera,blumea balsamifera,1,TRUE,TRUE,resolved_by_both,exact_accepted,exact_accepted_unique,Blumea balsamifera,wfo-0000002804,Asteraceae,Blumea,species
Blumea fistulosa,blumea fistulosa,blumea fistulosa,1,TRUE,TRUE,resolved_by_both,exact_accepted,exact_accepted_unique,Blumea fistulosa,wfo-0000069656,Asteraceae,Blumea,species
Blumea glomerata,blumea glomerata,blumea glomerata,1,TRUE,TRUE,resolved_by_both,exact_synonym,exact_synonym_unique,Blumea fistulosa,wfo-0000069656,Asteraceae,Blumea,species
Peltogyne paniculata,peltogyne paniculata,peltogyne paniculata,1,TRUE,TRUE,resolved_by_both,exact_accepted,exact_accepted_unique,Peltogyne paniculata,wfo-0000174172,Fabaceae,Peltogyne,species
Millettia dura,millettia dura,millettia dura,1,TRUE,TRUE,resolved_by_both,exact_accepted,exact_accepted_unique,Millettia dura,wfo-0000199876,Fabaceae,Millettia,species
Aristolochia ridicula,aristolochia ridicula,aristolochia ridicula,1,TRUE,TRUE,resolved_by_both,exact_accepted,exact_accepted_unique,Aristolochia ridicula,wfo-0000548266,Aristolochiaceae,Aristolochia,species
Beilschmiedia zenkeri,beilschmiedia zenkeri,beilschmiedia zenkeri,1,TRUE,TRUE,resolved_by_both,exact_accepted,exact_accepted_unique,Beilschmiedia zenkeri,wfo-0000562165,Lauraceae,Beilschmiedia,species
Pisum sativum,pisum sativum,pisum sativum,1,TRUE,TRUE,resolved_by_both,exact_synonym,exact_synonym_unique,Lathyrus oleraceus,wfo-0000214337,Fabaceae,Lathyrus,species
Bonannia graeca,bonannia graeca,bonannia graeca,1,TRUE,TRUE,resolved_by_both,exact_accepted,exact_accepted_unique,Bonannia graeca,wfo-0000568568,Apiaceae,Bonannia,species
Eragrostis tef,eragrostis tef,eragrostis tef,1,TRUE,TRUE,resolved_by_both,exact_accepted,exact_accepted_unique,Eragrostis tef,wfo-0000868504,Poaceae,Eragrostis,species
Gnetum gnemon,gnetum gnemon,gnetum gnemon,1,TRUE,TRUE,resolved_by_both,exact_accepted,exact_accepted_unique,Gnetum gnemon,wfo-0000795591,Gnetaceae,Gnetum,species
Baptisia australis,baptisia australis,baptisia australis,2,FALSE,TRUE,recovered_by_hierarchical_rules,exact_accepted,exact_accepted_unique,Baptisia australis,wfo-0000182246,Fabaceae,Baptisia,species
Piper longicaudatum,piper longicaudatum,piper longicaudatum,1,TRUE,TRUE,resolved_by_both,exact_accepted,exact_accepted_unique,Piper longicaudatum,wfo-0001093825,Piperaceae,Piper,species
Crataegus pinnatifi,crataegus pinnatifi,crataegus pinnatifi,0,FALSE,FALSE,unresolved_by_both,unresolved,no_match,NA,NA,NA,NA,NA
Crataegus pinnatifida,crataegus pinnatifida,crataegus pinnatifida,1,TRUE,TRUE,resolved_by_both,exact_accepted,exact_accepted_unique,Crataegus pinnatifida,wfo-0000988959,Rosaceae,Crataegus,species
Dracaena cochinchinensis,dracaena cochinchinensis,dracaena cochinchinensis,1,TRUE,TRUE,resolved_by_both,exact_accepted,exact_accepted_unique,Dracaena cochinchinensis,wfo-0000765715,Asparagaceae,Dracaena,species
Trifolium pratense,trifolium pratense,trifolium pratense,2,FALSE,TRUE,recovered_by_hierarchical_rules,exact_accepted,exact_accepted_unique,Trifolium pratense,wfo-0000213053,Fabaceae,Trifolium,species
Dalbergia assamica,dalbergia assamica,dalbergia assamica,1,TRUE,TRUE,resolved_by_both,exact_accepted,exact_accepted_unique,Dalbergia assamica,wfo-0000197964,Fabaceae,Dalbergia,species
Cordyla africana,cordyla africana,cordyla africana,1,TRUE,TRUE,resolved_by_both,exact_accepted,exact_accepted_unique,Cordyla africana,wfo-0000171442,Fabaceae,Cordyla,species
Catha edulis,catha edulis,catha edulis,1,TRUE,TRUE,resolved_by_both,exact_accepted,exact_accepted_unique,Catha edulis,wfo-0000590815,Celastraceae,Catha,species
Uncaria hirsuta,uncaria hirsuta,uncaria hirsuta,1,TRUE,TRUE,resolved_by_both,exact_accepted,exact_accepted_unique,Uncaria hirsuta,wfo-0000329251,Rubiaceae,Uncaria,species
Citrus grandis,citrus grandis,citrus grandis,1,TRUE,TRUE,resolved_by_both,exact_synonym,exact_synonym_unique,Citrus maxima,wfo-0000608138,Rutaceae,Citrus,species
Citrus maxima,citrus maxima,citrus maxima,1,TRUE,TRUE,resolved_by_both,exact_accepted,exact_accepted_unique,Citrus maxima,wfo-0000608138,Rutaceae,Citrus,species
Citrus aurantium,citrus aurantium,citrus aurantium,1,TRUE,TRUE,resolved_by_both,canonical,canonical_unique,Citrus × aurantium nothof. aurantium,wfo-1200112333,Rutaceae,Citrus,form
Citrus inodora,citrus inodora,citrus inodora,1,TRUE,TRUE,resolved_by_both,exact_accepted,exact_accepted_unique,Citrus inodora,wfo-0000608072,Rutaceae,Citrus,species
Citrus microcarpa,citrus microcarpa,citrus microcarpa,1,TRUE,TRUE,resolved_by_both,exact_synonym,exact_synonym_unique,Citrus japonica,wfo-0000608080,Rutaceae,Citrus,species
Citrus tamurana,citrus tamurana,citrus tamurana,0,FALSE,FALSE,unresolved_by_both,unresolved,no_match,NA,NA,NA,NA,NA
Citrus paradisi,citrus paradisi,citrus paradisi,1,TRUE,TRUE,resolved_by_both,exact_synonym,exact_synonym_unique,Citrus × aurantium nothof. aurantium,wfo-1200112333,Rutaceae,Citrus,form
Citrus hystrix,citrus hystrix,citrus hystrix,1,TRUE,TRUE,resolved_by_both,exact_accepted,exact_accepted_unique,Citrus hystrix,wfo-0000608056,Rutaceae,Citrus,species
Citrus latipes,citrus latipes,citrus latipes,2,FALSE,TRUE,recovered_by_hierarchical_rules,exact_accepted,exact_accepted_unique,Citrus latipes,wfo-0000608099,Rutaceae,Citrus,species
Carpobrotus edulis,carpobrotus edulis,carpobrotus edulis,1,TRUE,TRUE,resolved_by_both,exact_accepted,exact_accepted_unique,Carpobrotus edulis,wfo-0000588263,Aizoaceae,Carpobrotus,species
Mentha,mentha,mentha,1,TRUE,TRUE,resolved_by_both,exact_accepted,exact_accepted_unique,Mentha,wfo-4000023748,Lamiaceae,Mentha,genus
Isatis tinctoria,isatis tinctoria,isatis tinctoria,1,TRUE,TRUE,resolved_by_both,exact_accepted,exact_accepted_unique,Isatis tinctoria,wfo-0000732433,Brassicaceae,Isatis,species
Dorstenia kameruniana,dorstenia kameruniana,dorstenia kameruniana,1,TRUE,TRUE,resolved_by_both,exact_accepted,exact_accepted_unique,Dorstenia kameruniana,wfo-0000654469,Moraceae,Dorstenia,species
Rhynchosia hirta,rhynchosia hirta,rhynchosia hirta,1,TRUE,TRUE,resolved_by_both,exact_accepted,exact_accepted_unique,Rhynchosia hirta,wfo-0000186505,Fabaceae,Rhynchosia,species
Ipomoea nil,ipomoea nil,ipomoea nil,1,TRUE,TRUE,resolved_by_both,exact_accepted,exact_accepted_unique,Ipomoea nil,wfo-0000747940,Convolvulaceae,Ipomoea,species
Selaginella lepidophylla,selaginella lepidophylla,selaginella lepidophylla,1,TRUE,TRUE,resolved_by_both,exact_accepted,exact_accepted_unique,Selaginella lepidophylla,wfo-0001109651,Selaginellaceae,Selaginella,species
Salvia fruticosa,salvia fruticosa,salvia fruticosa,1,TRUE,TRUE,resolved_by_both,exact_accepted,exact_accepted_unique,Salvia fruticosa,wfo-0000301042,Lamiaceae,Salvia,species
Thonningia sanguinea,thonningia sanguinea,thonningia sanguinea,1,TRUE,TRUE,resolved_by_both,exact_accepted,exact_accepted_unique,Thonningia sanguinea,wfo-0000410707,Balanophoraceae,Thonningia,species
Melodorum fruticosum,melodorum fruticosum,melodorum fruticosum,1,TRUE,TRUE,resolved_by_both,exact_synonym,exact_synonym_unique,Uvaria siamensis,wfo-0000744968,Annonaceae,Uvaria,species
Uvaria doeringii,uvaria doeringii,uvaria doeringii,1,TRUE,TRUE,resolved_by_both,exact_accepted,exact_accepted_unique,Uvaria doeringii,wfo-0000415882,Annonaceae,Uvaria,species
Uvaria lucida,uvaria lucida,uvaria lucida,1,TRUE,TRUE,resolved_by_both,exact_accepted,exact_accepted_unique,Uvaria lucida,wfo-0001065910,Annonaceae,Uvaria,species
Uvaria chamae,uvaria chamae,uvaria chamae,1,TRUE,TRUE,resolved_by_both,exact_accepted,exact_accepted_unique,Uvaria chamae,wfo-0000415872,Annonaceae,Uvaria,species
Adenostemma viscosum,adenostemma viscosum,adenostemma viscosum,1,TRUE,TRUE,resolved_by_both,exact_accepted,exact_accepted_unique,Adenostemma viscosum,wfo-0000089902,Asteraceae,Adenostemma,species
Ageratum corymbosum,ageratum corymbosum,ageratum corymbosum,2,FALSE,TRUE,recovered_by_hierarchical_rules,exact_accepted,exact_accepted_unique,Ageratum corymbosum,wfo-0000056662,Asteraceae,Ageratum,species
Euchresta horsfieldii,euchresta horsfieldii,euchresta horsfieldii,1,TRUE,TRUE,resolved_by_both,exact_accepted,exact_accepted_unique,Euchresta horsfieldii,wfo-0000186315,Fabaceae,Euchresta,species
Lupinus pilosus,lupinus pilosus,lupinus pilosus,3,FALSE,TRUE,recovered_by_hierarchical_rules,exact_accepted,exact_accepted_unique,Lupinus pilosus,wfo-0000185679,Fabaceae,Lupinus,species
Dalbergia coromandeliana,dalbergia coromandeliana,dalbergia coromandeliana,1,TRUE,TRUE,resolved_by_both,exact_accepted,exact_accepted_unique,Dalbergia coromandeliana,wfo-0000204440,Fabaceae,Dalbergia,species
Medicago rugosa,medicago rugosa,medicago rugosa,2,FALSE,TRUE,recovered_by_hierarchical_rules,exact_accepted,exact_accepted_unique,Medicago rugosa,wfo-0000213467,Fabaceae,Medicago,species
Mallotus philippinensis,mallotus philippinensis,mallotus philippinensis,0,FALSE,FALSE,unresolved_by_both,unresolved,no_match,NA,NA,NA,NA,NA
Iryanthera coriacea,iryanthera coriacea,iryanthera coriacea,1,TRUE,TRUE,resolved_by_both,exact_accepted,exact_accepted_unique,Iryanthera coriacea,wfo-0001085227,Myristicaceae,Iryanthera,species
Cyperus pluribracteatus,cyperus pluribracteatus,cyperus pluribracteatus,1,TRUE,TRUE,resolved_by_both,exact_synonym,exact_synonym_unique,Cyperus trigonellus,wfo-0000384152,Cyperaceae,Cyperus,species
Combretum griffithii,combretum griffithii,combretum griffithii,1,TRUE,TRUE,resolved_by_both,exact_accepted,exact_accepted_unique,Combretum griffithii,wfo-0000616351,Combretaceae,Combretum,species
Uvaria angolensis,uvaria angolensis,uvaria angolensis,1,TRUE,TRUE,resolved_by_both,exact_accepted,exact_accepted_unique,Uvaria angolensis,wfo-0000415894,Annonaceae,Uvaria,species
Uvaria tanzaniae,uvaria tanzaniae,uvaria tanzaniae,1,TRUE,TRUE,resolved_by_both,exact_accepted,exact_accepted_unique,Uvaria tanzaniae,wfo-0001066167,Annonaceae,Uvaria,species
Uvaria puguensis,uvaria puguensis,uvaria puguensis,1,TRUE,TRUE,resolved_by_both,exact_accepted,exact_accepted_unique,Uvaria puguensis,wfo-0001244885,Annonaceae,Uvaria,species
Lonchocarpus costaricensis,lonchocarpus costaricensis,lonchocarpus costaricensis,1,TRUE,TRUE,resolved_by_both,exact_accepted,exact_accepted_unique,Lonchocarpus costaricensis,wfo-0000164467,Fabaceae,Lonchocarpus,species
Myroxylon peruiferum,myroxylon peruiferum,myroxylon peruiferum,1,TRUE,TRUE,resolved_by_both,exact_accepted,exact_accepted_unique,Myroxylon peruiferum,wfo-0000174448,Fabaceae,Myroxylon,species
Pachyrhizus tuberosus,pachyrhizus tuberosus,pachyrhizus tuberosus,1,TRUE,TRUE,resolved_by_both,exact_accepted,exact_accepted_unique,Pachyrhizus tuberosus,wfo-0000178282,Fabaceae,Pachyrhizus,species
Neorautanenia mitis,neorautanenia mitis,neorautanenia mitis,1,TRUE,TRUE,resolved_by_both,exact_accepted,exact_accepted_unique,Neorautanenia mitis,wfo-0000182738,Fabaceae,Neorautanenia,species
Pachyrhizus erosus,pachyrhizus erosus,pachyrhizus erosus,1,TRUE,TRUE,resolved_by_both,exact_accepted,exact_accepted_unique,Pachyrhizus erosus,wfo-0000183119,Fabaceae,Pachyrhizus,species
Dahlstedtia pinnata,dahlstedtia pinnata,dahlstedtia pinnata,1,TRUE,TRUE,resolved_by_both,exact_accepted,exact_accepted_unique,Dahlstedtia pinnata,wfo-0000168982,Fabaceae,Dahlstedtia,species
Derris ovalifolia,derris ovalifolia,derris ovalifolia,1,TRUE,TRUE,resolved_by_both,exact_accepted,exact_accepted_unique,Derris ovalifolia,wfo-0000205317,Fabaceae,Derris,species
Millettia ovalifolia,millettia ovalifolia,millettia ovalifolia,1,TRUE,TRUE,resolved_by_both,exact_synonym,exact_synonym_unique,Derris ovalifolia,wfo-0000205317,Fabaceae,Derris,species
Millettia peguensis,millettia peguensis,millettia peguensis,1,TRUE,TRUE,resolved_by_both,exact_accepted,exact_accepted_unique,Millettia peguensis,wfo-0000185904,Fabaceae,Millettia,species
Tephrosia falciformis,tephrosia falciformis,tephrosia falciformis,1,TRUE,TRUE,resolved_by_both,exact_accepted,exact_accepted_unique,Tephrosia falciformis,wfo-0001055830,Fabaceae,Tephrosia,species
Cissus verticillata,cissus verticillata,cissus verticillata,1,TRUE,TRUE,resolved_by_both,exact_accepted,exact_accepted_unique,Cissus verticillata,wfo-0000607033,Vitaceae,Cissus,species
Cissus sicyoides,cissus sicyoides,cissus sicyoides,2,FALSE,FALSE,unresolved_by_both,exact_conflict,exact_synonym_conflict,NA,NA,NA,NA,NA
Cinnamomum bejolghota,cinnamomum bejolghota,cinnamomum bejolghota,1,TRUE,TRUE,resolved_by_both,exact_accepted,exact_accepted_unique,Cinnamomum bejolghota,wfo-0000604917,Lauraceae,Cinnamomum,species
Stemona aphylla,stemona aphylla,stemona aphylla,1,TRUE,TRUE,resolved_by_both,exact_accepted,exact_accepted_unique,Stemona aphylla,wfo-0000740127,Stemonaceae,Stemona,species
Mimosa tenuiflora,mimosa tenuiflora,mimosa tenuiflora,2,FALSE,TRUE,recovered_by_hierarchical_rules,exact_accepted,exact_accepted_unique,Mimosa tenuiflora,wfo-0000174654,Fabaceae,Mimosa,species
Selliguea feei,selliguea feei,selliguea feei,1,TRUE,TRUE,resolved_by_both,exact_accepted,exact_accepted_unique,Selliguea feei,wfo-0001115939,Polypodiaceae,Selliguea,species
Citrus trifoliata,citrus trifoliata,citrus trifoliata,1,TRUE,TRUE,resolved_by_both,exact_accepted,exact_accepted_unique,Citrus trifoliata,wfo-0000608305,Rutaceae,Citrus,species
Poncirus trifoliata,poncirus trifoliata,poncirus trifoliata,1,TRUE,TRUE,resolved_by_both,exact_synonym,exact_synonym_unique,Citrus trifoliata,wfo-0000608305,Rutaceae,Citrus,species
Wyethia mollis,wyethia mollis,wyethia mollis,1,TRUE,TRUE,resolved_by_both,exact_accepted,exact_accepted_unique,Wyethia mollis,wfo-0000073168,Asteraceae,Wyethia,species
Trichogonia campestris,trichogonia campestris,trichogonia campestris,1,TRUE,TRUE,resolved_by_both,exact_accepted,exact_accepted_unique,Trichogonia campestris,wfo-0000062279,Asteraceae,Trichogonia,species
Trichogonia santosii,trichogonia santosii,trichogonia santosii,1,TRUE,TRUE,resolved_by_both,exact_synonym,exact_synonym_unique,Trichogonia campestris,wfo-0000062279,Asteraceae,Trichogonia,species
Trichogonia villosa,trichogonia villosa,trichogonia villosa,1,TRUE,TRUE,resolved_by_both,exact_accepted,exact_accepted_unique,Trichogonia villosa,wfo-0000096792,Asteraceae,Trichogonia,species
Calea cuneifolia,calea cuneifolia,calea cuneifolia,1,TRUE,TRUE,resolved_by_both,exact_accepted,exact_accepted_unique,Calea cuneifolia,wfo-0000122967,Asteraceae,Calea,species
Platypodanthera melissifolia,platypodanthera melissifolia,platypodanthera melissifolia,1,TRUE,TRUE,resolved_by_both,exact_accepted,exact_accepted_unique,Platypodanthera melissifolia,wfo-0000009205,Asteraceae,Platypodanthera,species
Dalbergia cochinchinensis,dalbergia cochinchinensis,dalbergia cochinchinensis,1,TRUE,TRUE,resolved_by_both,exact_accepted,exact_accepted_unique,Dalbergia cochinchinensis,wfo-0000199943,Fabaceae,Dalbergia,species
Helichrysum subglomeratum,helichrysum subglomeratum,helichrysum subglomeratum,1,TRUE,TRUE,resolved_by_both,exact_accepted,exact_accepted_unique,Helichrysum subglomeratum,wfo-0000000337,Asteraceae,Helichrysum,species
Metalasia cymbifolia,metalasia cymbifolia,metalasia cymbifolia,1,TRUE,TRUE,resolved_by_both,exact_accepted,exact_accepted_unique,Metalasia cymbifolia,wfo-0000030968,Asteraceae,Metalasia,species
Pinus sylvestris,pinus sylvestris,pinus sylvestris,2,FALSE,TRUE,recovered_by_hierarchical_rules,exact_accepted,exact_accepted_unique,Pinus sylvestris,wfo-0000481648,Pinaceae,Pinus,species
Excoecaria agallocha,excoecaria agallocha,excoecaria agallocha,1,TRUE,TRUE,resolved_by_both,exact_accepted,exact_accepted_unique,Excoecaria agallocha,wfo-0000965883,Euphorbiaceae,Excoecaria,species
Lens culinaris,lens culinaris,lens culinaris,1,TRUE,TRUE,resolved_by_both,exact_synonym,exact_synonym_unique,Vicia lens,wfo-0000212728,Fabaceae,Vicia,species
Eysenhardtia subcoriacea,eysenhardtia subcoriacea,eysenhardtia subcoriacea,1,TRUE,TRUE,resolved_by_both,exact_accepted,exact_accepted_unique,Eysenhardtia subcoriacea,wfo-0000165925,Fabaceae,Eysenhardtia,species
Mangifera indica,mangifera indica,mangifera indica,1,TRUE,TRUE,resolved_by_both,exact_accepted,exact_accepted_unique,Mangifera indica,wfo-0000371248,Anacardiaceae,Mangifera,species
Sophora mollis,sophora mollis,sophora mollis,2,FALSE,TRUE,recovered_by_hierarchical_rules,exact_accepted,exact_accepted_unique,Sophora mollis,wfo-0000185553,Fabaceae,Sophora,species
Cycas circinalis,cycas circinalis,cycas circinalis,1,TRUE,TRUE,resolved_by_both,exact_accepted,exact_accepted_unique,Cycas circinalis,wfo-0000631521,Cycadaceae,Cycas,species
Selaginella uncinata,selaginella uncinata,selaginella uncinata,1,TRUE,TRUE,resolved_by_both,exact_accepted,exact_accepted_unique,Selaginella uncinata,wfo-0001109671,Selaginellaceae,Selaginella,species
Acacia auriculiformis,acacia auriculiformis,acacia auriculiformis,1,TRUE,TRUE,resolved_by_both,exact_accepted,exact_accepted_unique,Acacia auriculiformis,wfo-0000173754,Fabaceae,Acacia,species
Acacia kempeana,acacia kempeana,acacia kempeana,1,TRUE,TRUE,resolved_by_both,exact_accepted,exact_accepted_unique,Acacia kempeana,wfo-0000202890,Fabaceae,Acacia,species
Acacia rhodoxylon,acacia rhodoxylon,acacia rhodoxylon,1,TRUE,TRUE,resolved_by_both,exact_accepted,exact_accepted_unique,Acacia rhodoxylon,wfo-0000185322,Fabaceae,Acacia,species
Stenostomum acutatum,stenostomum acutatum,stenostomum acutatum,1,TRUE,TRUE,resolved_by_both,exact_accepted,exact_accepted_unique,Stenostomum acutatum,wfo-0000316636,Rubiaceae,Stenostomum,species
Berchemia discolor,berchemia discolor,berchemia discolor,1,TRUE,TRUE,resolved_by_both,exact_accepted,exact_accepted_unique,Berchemia discolor,wfo-0000564133,Rhamnaceae,Berchemia,species
Pyrrosia linearifolia,pyrrosia linearifolia,pyrrosia linearifolia,1,TRUE,TRUE,resolved_by_both,exact_accepted,exact_accepted_unique,Pyrrosia linearifolia,wfo-0001107415,Polypodiaceae,Pyrrosia,species
Actinidia chinensis,actinidia chinensis,actinidia chinensis,1,TRUE,TRUE,resolved_by_both,exact_accepted,exact_accepted_unique,Actinidia chinensis,wfo-0000519189,Actinidiaceae,Actinidia,species
Dicranopteris pedata,dicranopteris pedata,dicranopteris pedata,1,TRUE,TRUE,resolved_by_both,exact_accepted,exact_accepted_unique,Dicranopteris pedata,wfo-0001114654,Gleicheniaceae,Dicranopteris,species
Doryopteris decipiens,doryopteris decipiens,doryopteris decipiens,1,TRUE,TRUE,resolved_by_both,exact_accepted,exact_accepted_unique,Doryopteris decipiens,wfo-0001127417,Pteridaceae,Doryopteris,species
Betula ermanii,betula ermanii,betula ermanii,1,TRUE,TRUE,resolved_by_both,exact_accepted,exact_accepted_unique,Betula ermanii,wfo-0000332440,Betulaceae,Betula,species
Dorstenia elliptica,dorstenia elliptica,dorstenia elliptica,1,TRUE,TRUE,resolved_by_both,exact_accepted,exact_accepted_unique,Dorstenia elliptica,wfo-0000654402,Moraceae,Dorstenia,species
Bidens frondosa,bidens frondosa,bidens frondosa,1,TRUE,TRUE,resolved_by_both,exact_accepted,exact_accepted_unique,Bidens frondosa,wfo-0000076245,Asteraceae,Bidens,species
Artocarpus petelotii,artocarpus petelotii,artocarpus petelotii,1,TRUE,TRUE,resolved_by_both,exact_accepted,exact_accepted_unique,Artocarpus petelotii,wfo-0000550568,Moraceae,Artocarpus,species
Derris latifolia,derris latifolia,derris latifolia,2,FALSE,FALSE,unresolved_by_both,exact_conflict,exact_synonym_conflict,NA,NA,NA,NA,NA
Lonchocarpus heptaphyllus,lonchocarpus heptaphyllus,lonchocarpus heptaphyllus,1,TRUE,TRUE,resolved_by_both,exact_accepted,exact_accepted_unique,Lonchocarpus heptaphyllus,wfo-0000210427,Fabaceae,Lonchocarpus,species
Rhododendron spinuliferum,rhododendron spinuliferum,rhododendron spinuliferum,1,TRUE,TRUE,resolved_by_both,exact_accepted,exact_accepted_unique,Rhododendron spinuliferum,wfo-0001048174,Ericaceae,Rhododendron,species
Rhododendron dauricum,rhododendron dauricum,rhododendron dauricum,1,TRUE,TRUE,resolved_by_both,exact_accepted,exact_accepted_unique,Rhododendron dauricum,wfo-0000400762,Ericaceae,Rhododendron,species
Bauhinia glauca,bauhinia glauca,bauhinia glauca,1,TRUE,TRUE,resolved_by_both,exact_synonym,exact_synonym_unique,Cheniella glauca,wfo-0001421742,Fabaceae,Cheniella,species
Pancratium maritimum,pancratium maritimum,pancratium maritimum,1,TRUE,TRUE,resolved_by_both,exact_accepted,exact_accepted_unique,Pancratium maritimum,wfo-0000729569,Amaryllidaceae,Pancratium,species
Hildegardia barteri,hildegardia barteri,hildegardia barteri,1,TRUE,TRUE,resolved_by_both,exact_accepted,exact_accepted_unique,Hildegardia barteri,wfo-0000723302,Malvaceae,Hildegardia,species
Rhododendron,rhododendron,rhododendron,1,TRUE,TRUE,resolved_by_both,exact_accepted,exact_accepted_unique,Rhododendron,wfo-4000033027,Ericaceae,Rhododendron,genus
Rhododendron farrerae,rhododendron farrerae,rhododendron farrerae,1,TRUE,TRUE,resolved_by_both,exact_accepted,exact_accepted_unique,Rhododendron farrerae,wfo-0000400820,Ericaceae,Rhododendron,species
Rhododendron ferrugineum,rhododendron ferrugineum,rhododendron ferrugineum,1,TRUE,TRUE,resolved_by_both,exact_accepted,exact_accepted_unique,Rhododendron ferrugineum,wfo-0000400806,Ericaceae,Rhododendron,species
Wikstroemia canescens,wikstroemia canescens,wikstroemia canescens,2,FALSE,TRUE,recovered_by_hierarchical_rules,exact_accepted,exact_accepted_unique,Wikstroemia canescens,wfo-0001142389,Thymelaeaceae,Wikstroemia,species
Eriosema kraussianum,eriosema kraussianum,eriosema kraussianum,1,TRUE,TRUE,resolved_by_both,exact_accepted,exact_accepted_unique,Eriosema kraussianum,wfo-0000195450,Fabaceae,Eriosema,species
Allium atroviolaceum,allium atroviolaceum,allium atroviolaceum,2,FALSE,TRUE,recovered_by_hierarchical_rules,exact_accepted,exact_accepted_unique,Allium atroviolaceum,wfo-0000755727,Amaryllidaceae,Allium,species
Artemisia indica,artemisia indica,artemisia indica,1,TRUE,TRUE,resolved_by_both,exact_accepted,exact_accepted_unique,Artemisia indica,wfo-0000747726,Asteraceae,Artemisia,species
Bletilla striata,bletilla striata,bletilla striata,1,TRUE,TRUE,resolved_by_both,exact_accepted,exact_accepted_unique,Bletilla striata,wfo-0000346630,Orchidaceae,Bletilla,species
Lonchocarpus araripensis,lonchocarpus araripensis,lonchocarpus araripensis,1,TRUE,TRUE,resolved_by_both,exact_synonym,exact_synonym_unique,Dahlstedtia araripensis,wfo-0001317444,Fabaceae,Dahlstedtia,species
Melilotus messanensis,melilotus messanensis,melilotus messanensis,1,TRUE,TRUE,resolved_by_both,exact_synonym,exact_synonym_unique,Melilotus siculus,wfo-0000185386,Fabaceae,Melilotus,species
Melilotus siculus,melilotus siculus,melilotus siculus,1,TRUE,TRUE,resolved_by_both,exact_accepted,exact_accepted_unique,Melilotus siculus,wfo-0000185386,Fabaceae,Melilotus,species
Fatoua villosa,fatoua villosa,fatoua villosa,1,TRUE,TRUE,resolved_by_both,exact_accepted,exact_accepted_unique,Fatoua villosa,wfo-0000685953,Moraceae,Fatoua,species
Uvaria leptocladon,uvaria leptocladon,uvaria leptocladon,1,TRUE,TRUE,resolved_by_both,exact_accepted,exact_accepted_unique,Uvaria leptocladon,wfo-0000416348,Annonaceae,Uvaria,species
Uvaria,uvaria,uvaria,1,TRUE,TRUE,resolved_by_both,exact_accepted,exact_accepted_unique,Uvaria,wfo-4000039910,Annonaceae,Uvaria,genus
Uvaria acuminata,uvaria acuminata,uvaria acuminata,1,TRUE,TRUE,resolved_by_both,exact_accepted,exact_accepted_unique,Uvaria acuminata,wfo-0001065775,Annonaceae,Uvaria,species
Uvaria kirkii,uvaria kirkii,uvaria kirkii,1,TRUE,TRUE,resolved_by_both,exact_accepted,exact_accepted_unique,Uvaria kirkii,wfo-0001066196,Annonaceae,Uvaria,species
Dipteryx odorata,dipteryx odorata,dipteryx odorata,1,TRUE,TRUE,resolved_by_both,exact_accepted,exact_accepted_unique,Dipteryx odorata,wfo-0000170550,Fabaceae,Dipteryx,species
Pteris multifida,pteris multifida,pteris multifida,2,FALSE,TRUE,recovered_by_hierarchical_rules,exact_accepted,exact_accepted_unique,Pteris multifida,wfo-0001109294,Pteridaceae,Pteris,species
Erythrina latissima,erythrina latissima,erythrina latissima,1,TRUE,TRUE,resolved_by_both,exact_accepted,exact_accepted_unique,Erythrina latissima,wfo-0000180886,Fabaceae,Erythrina,species
Calopogonium mucunoides,calopogonium mucunoides,calopogonium mucunoides,1,TRUE,TRUE,resolved_by_both,exact_accepted,exact_accepted_unique,Calopogonium mucunoides,wfo-0000179119,Fabaceae,Calopogonium,species
Mallotus philippensis,mallotus philippensis,mallotus philippensis,1,TRUE,TRUE,resolved_by_both,exact_accepted,exact_accepted_unique,Mallotus philippensis,wfo-0000234691,Euphorbiaceae,Mallotus,species
Monachosorum henryi,monachosorum henryi,monachosorum henryi,1,TRUE,TRUE,resolved_by_both,exact_accepted,exact_accepted_unique,Monachosorum henryi,wfo-0001124700,Dennstaedtiaceae,Monachosorum,species
Lablab purpureus,lablab purpureus,lablab purpureus,1,TRUE,TRUE,resolved_by_both,exact_accepted,exact_accepted_unique,Lablab purpureus,wfo-0000181603,Fabaceae,Lablab,species
Mimulus,mimulus,mimulus,2,FALSE,TRUE,recovered_by_hierarchical_rules,exact_accepted,exact_accepted_unique,Mimulus,wfo-4000024336,Phrymaceae,Mimulus,genus
Macaranga pleiostemon,macaranga pleiostemon,macaranga pleiostemon,1,TRUE,TRUE,resolved_by_both,exact_accepted,exact_accepted_unique,Macaranga pleiostemon,wfo-0000232164,Euphorbiaceae,Macaranga,species
Macaranga pleiostemona,macaranga pleiostemona,macaranga pleiostemona,0,FALSE,FALSE,unresolved_by_both,unresolved,no_match,NA,NA,NA,NA,NA
Diplacus clevelandii,diplacus clevelandii,diplacus clevelandii,1,TRUE,TRUE,resolved_by_both,exact_accepted,exact_accepted_unique,Diplacus clevelandii,wfo-0000650084,Phrymaceae,Diplacus,species
Corsinia coriandrina,corsinia coriandrina,corsinia coriandrina,1,TRUE,TRUE,resolved_by_both,exact_accepted,exact_accepted_unique,Corsinia coriandrina,wfo-0001196280,Corsiniaceae,Corsinia,species
Ceanothus americanus,ceanothus americanus,ceanothus americanus,1,TRUE,TRUE,resolved_by_both,exact_accepted,exact_accepted_unique,Ceanothus americanus,wfo-0000591761,Rhamnaceae,Ceanothus,species
Hovenia trichocarpa,hovenia trichocarpa,hovenia trichocarpa,1,TRUE,TRUE,resolved_by_both,exact_accepted,exact_accepted_unique,Hovenia trichocarpa,wfo-0001131358,Rhamnaceae,Hovenia,species
Alphitonia whitei,alphitonia whitei,alphitonia whitei,1,TRUE,TRUE,resolved_by_both,exact_accepted,exact_accepted_unique,Alphitonia whitei,wfo-0000527330,Rhamnaceae,Alphitonia,species
Rhus,rhus,rhus,1,TRUE,TRUE,resolved_by_both,exact_accepted,exact_accepted_unique,Rhus,wfo-4000033095,Anacardiaceae,Rhus,genus
Amorpha canescens,amorpha canescens,amorpha canescens,1,TRUE,TRUE,resolved_by_both,exact_accepted,exact_accepted_unique,Amorpha canescens,wfo-0000178822,Fabaceae,Amorpha,species
Pisonia umbellifera,pisonia umbellifera,pisonia umbellifera,1,TRUE,TRUE,resolved_by_both,exact_accepted,exact_accepted_unique,Pisonia umbellifera,wfo-0001086710,Nyctaginaceae,Pisonia,species
Neoraputia alba ex,neoraputia alba ex,neoraputia alba,2,FALSE,TRUE,recovered_by_hierarchical_rules,canonical,canonical_consensus_multiple_ids,Neoraputia alba,wfo-0001276752,Rutaceae,Neoraputia,species
Acacia scleroxyla,acacia scleroxyla,acacia scleroxyla,0,FALSE,FALSE,unresolved_by_both,unresolved,no_match,NA,NA,NA,NA,NA
Mimosa tenuifolia,mimosa tenuifolia,mimosa tenuifolia,3,FALSE,FALSE,unresolved_by_both,exact_conflict,exact_synonym_conflict,NA,NA,NA,NA,NA
Cassipourea gummiflua,cassipourea gummiflua,cassipourea gummiflua,1,TRUE,TRUE,resolved_by_both,exact_accepted,exact_accepted_unique,Cassipourea gummiflua,wfo-0000589636,Rhizophoraceae,Cassipourea,species
Vachellia farnesiana,vachellia farnesiana,vachellia farnesiana,1,TRUE,TRUE,resolved_by_both,exact_accepted,exact_accepted_unique,Vachellia farnesiana,wfo-0000182273,Fabaceae,Vachellia,species
Rumex acetosa,rumex acetosa,rumex acetosa,1,TRUE,TRUE,resolved_by_both,exact_accepted,exact_accepted_unique,Rumex acetosa,wfo-0000403595,Polygonaceae,Rumex,species
Pilotrichella flexilis,pilotrichella flexilis,pilotrichella flexilis,1,TRUE,TRUE,resolved_by_both,exact_accepted,exact_accepted_unique,Pilotrichella flexilis,wfo-0001151880,Lembophyllaceae,Pilotrichella,species
Platanus occidentalis,platanus occidentalis,platanus occidentalis,1,TRUE,TRUE,resolved_by_both,exact_accepted,exact_accepted_unique,Platanus occidentalis,wfo-0000487082,Platanaceae,Platanus,species
Erythrina bidwillii,erythrina bidwillii,erythrina bidwillii,0,FALSE,FALSE,unresolved_by_both,unresolved,no_match,NA,NA,NA,NA,NA
Persicaria lapathifolia,persicaria lapathifolia,persicaria lapathifolia,1,TRUE,TRUE,resolved_by_both,exact_accepted,exact_accepted_unique,Persicaria lapathifolia,wfo-0000488400,Polygonaceae,Persicaria,species
Polygonum lapathifolium,polygonum lapathifolium,polygonum lapathifolium,1,TRUE,TRUE,resolved_by_both,exact_synonym,exact_synonym_unique,Persicaria lapathifolia,wfo-0000488400,Polygonaceae,Persicaria,species
Calycopteris floribunda,calycopteris floribunda,calycopteris floribunda,1,TRUE,TRUE,resolved_by_both,exact_synonym,exact_synonym_unique,Getonia floribunda,wfo-0000702472,Combretaceae,Getonia,species
Triadica sebifera,triadica sebifera,triadica sebifera,1,TRUE,TRUE,resolved_by_both,exact_accepted,exact_accepted_unique,Triadica sebifera,wfo-0000327067,Euphorbiaceae,Triadica,species
Lindera erythrocarpa,lindera erythrocarpa,lindera erythrocarpa,1,TRUE,TRUE,resolved_by_both,exact_accepted,exact_accepted_unique,Lindera erythrocarpa,wfo-0001070580,Lauraceae,Lindera,species
Semecarpus anacardium,semecarpus anacardium,semecarpus anacardium,1,TRUE,TRUE,resolved_by_both,exact_accepted,exact_accepted_unique,Semecarpus anacardium,wfo-0000434831,Anacardiaceae,Semecarpus,species
Cicer arietinum,cicer arietinum,cicer arietinum,1,TRUE,TRUE,resolved_by_both,exact_accepted,exact_accepted_unique,Cicer arietinum,wfo-0000196617,Fabaceae,Cicer,species
Cicer anatolicum,cicer anatolicum,cicer anatolicum,1,TRUE,TRUE,resolved_by_both,exact_accepted,exact_accepted_unique,Cicer anatolicum,wfo-0000185213,Fabaceae,Cicer,species
Cicer canariense,cicer canariense,cicer canariense,1,TRUE,TRUE,resolved_by_both,exact_accepted,exact_accepted_unique,Cicer canariense,wfo-0000196635,Fabaceae,Cicer,species
Cicer chorassanicum,cicer chorassanicum,cicer chorassanicum,1,TRUE,TRUE,resolved_by_both,exact_accepted,exact_accepted_unique,Cicer chorassanicum,wfo-0001059057,Fabaceae,Cicer,species
Cicer cuneatum,cicer cuneatum,cicer cuneatum,1,TRUE,TRUE,resolved_by_both,exact_accepted,exact_accepted_unique,Cicer cuneatum,wfo-0000196646,Fabaceae,Cicer,species
Cicer echinospermum,cicer echinospermum,cicer echinospermum,1,TRUE,TRUE,resolved_by_both,exact_accepted,exact_accepted_unique,Cicer echinospermum,wfo-0000185216,Fabaceae,Cicer,species
Cicer macracanthum,cicer macracanthum,cicer macracanthum,1,TRUE,TRUE,resolved_by_both,exact_accepted,exact_accepted_unique,Cicer macracanthum,wfo-0000185217,Fabaceae,Cicer,species
Cicer microphyllum,cicer microphyllum,cicer microphyllum,1,TRUE,TRUE,resolved_by_both,exact_accepted,exact_accepted_unique,Cicer microphyllum,wfo-0000189150,Fabaceae,Cicer,species
Cicer nuristanicum,cicer nuristanicum,cicer nuristanicum,1,TRUE,TRUE,resolved_by_both,exact_accepted,exact_accepted_unique,Cicer nuristanicum,wfo-0000204289,Fabaceae,Cicer,species
Cicer oxyodon,cicer oxyodon,cicer oxyodon,0,FALSE,FALSE,unresolved_by_both,unresolved,no_match,NA,NA,NA,NA,NA
Cicer reticulatum,cicer reticulatum,cicer reticulatum,1,TRUE,TRUE,resolved_by_both,exact_synonym,exact_synonym_unique,Cicer arietinum subsp. reticulatum,wfo-1200024028,Fabaceae,Cicer,subspecies
Cicer yamashitae,cicer yamashitae,cicer yamashitae,1,TRUE,TRUE,resolved_by_both,exact_accepted,exact_accepted_unique,Cicer yamashitae,wfo-0000185220,Fabaceae,Cicer,species
Flemingia strobilifera,flemingia strobilifera,flemingia strobilifera,1,TRUE,TRUE,resolved_by_both,exact_accepted,exact_accepted_unique,Flemingia strobilifera,wfo-0001057147,Fabaceae,Flemingia,species
Bidens campylotheca,bidens campylotheca,bidens campylotheca,1,TRUE,TRUE,resolved_by_both,exact_accepted,exact_accepted_unique,Bidens campylotheca,wfo-0000080111,Asteraceae,Bidens,species
Monanthotaxis cauliflora,monanthotaxis cauliflora,monanthotaxis cauliflora,1,TRUE,TRUE,resolved_by_both,exact_accepted,exact_accepted_unique,Monanthotaxis cauliflora,wfo-0000372978,Annonaceae,Monanthotaxis,species
Tephrosia vogelii,tephrosia vogelii,tephrosia vogelii,1,TRUE,TRUE,resolved_by_both,exact_accepted,exact_accepted_unique,Tephrosia vogelii,wfo-0000204544,Fabaceae,Tephrosia,species
Tephrosia virginiana,tephrosia virginiana,tephrosia virginiana,1,TRUE,TRUE,resolved_by_both,exact_accepted,exact_accepted_unique,Tephrosia virginiana,wfo-0000182218,Fabaceae,Tephrosia,species
Garcinia multiflora,garcinia multiflora,garcinia multiflora,1,TRUE,TRUE,resolved_by_both,exact_accepted,exact_accepted_unique,Garcinia multiflora,wfo-0000694499,Clusiaceae,Garcinia,species
Garcinia gardneriana,garcinia gardneriana,garcinia gardneriana,1,TRUE,TRUE,resolved_by_both,exact_accepted,exact_accepted_unique,Garcinia gardneriana,wfo-0000694322,Clusiaceae,Garcinia,species
Rhodiola semenovii,rhodiola semenovii,rhodiola semenovii,1,TRUE,TRUE,resolved_by_both,exact_accepted,exact_accepted_unique,Rhodiola semenovii,wfo-0001299870,Crassulaceae,Rhodiola,species
Pyrola asarifolia,pyrola asarifolia,pyrola asarifolia,1,TRUE,TRUE,resolved_by_both,exact_accepted,exact_accepted_unique,Pyrola asarifolia,wfo-0001128939,Ericaceae,Pyrola,species
Pyrola incarnata,pyrola incarnata,pyrola incarnata,1,TRUE,TRUE,resolved_by_both,exact_synonym,exact_synonym_unique,Pyrola asarifolia,wfo-0001128939,Ericaceae,Pyrola,species
Pyrola,pyrola,pyrola,1,TRUE,TRUE,resolved_by_both,exact_accepted,exact_accepted_unique,Pyrola,wfo-4000032303,Ericaceae,Pyrola,genus
Sanguisorba officinalis,sanguisorba officinalis,sanguisorba officinalis,1,TRUE,TRUE,resolved_by_both,exact_accepted,exact_accepted_unique,Sanguisorba officinalis,wfo-0000983287,Rosaceae,Sanguisorba,species
Hoppea dichotoma,hoppea dichotoma,hoppea dichotoma,1,TRUE,TRUE,resolved_by_both,exact_accepted,exact_accepted_unique,Hoppea dichotoma,wfo-0000724692,Gentianaceae,Hoppea,species
Dalbergia candenatensis,dalbergia candenatensis,dalbergia candenatensis,1,TRUE,TRUE,resolved_by_both,exact_accepted,exact_accepted_unique,Dalbergia candenatensis,wfo-0000194807,Fabaceae,Dalbergia,species
Polytrichum commune,polytrichum commune,polytrichum commune,1,TRUE,TRUE,resolved_by_both,exact_accepted,exact_accepted_unique,Polytrichum commune,wfo-0001160523,Polytrichaceae,Polytrichum,species
Gnidia involucrata,gnidia involucrata,gnidia involucrata,1,TRUE,TRUE,resolved_by_both,exact_accepted,exact_accepted_unique,Gnidia involucrata,wfo-0000704854,Thymelaeaceae,Gnidia,species
Phytolacca americana,phytolacca americana,phytolacca americana,1,TRUE,TRUE,resolved_by_both,exact_accepted,exact_accepted_unique,Phytolacca americana,wfo-0000482062,Phytolaccaceae,Phytolacca,species
Cryptocarya kurzii,cryptocarya kurzii,cryptocarya kurzii,1,TRUE,TRUE,resolved_by_both,exact_accepted,exact_accepted_unique,Cryptocarya kurzii,wfo-0000627985,Lauraceae,Cryptocarya,species
Corymbia maculata,corymbia maculata,corymbia maculata,1,TRUE,TRUE,resolved_by_both,exact_accepted,exact_accepted_unique,Corymbia maculata,wfo-0000925549,Myrtaceae,Corymbia,species
Eucalyptus maculata,eucalyptus maculata,eucalyptus maculata,1,TRUE,TRUE,resolved_by_both,exact_synonym,exact_synonym_unique,Corymbia maculata,wfo-0000925549,Myrtaceae,Corymbia,species
Dendrolobium lanceolatum,dendrolobium lanceolatum,dendrolobium lanceolatum,1,TRUE,TRUE,resolved_by_both,exact_accepted,exact_accepted_unique,Dendrolobium lanceolatum,wfo-0000197603,Fabaceae,Dendrolobium,species
Helichrysum oreophilum,helichrysum oreophilum,helichrysum oreophilum,2,FALSE,TRUE,recovered_by_hierarchical_rules,exact_accepted,exact_accepted_unique,Helichrysum oreophilum,wfo-0000022658,Asteraceae,Helichrysum,species
Millettia duchesnei,millettia duchesnei,millettia duchesnei,1,TRUE,TRUE,resolved_by_both,exact_accepted,exact_accepted_unique,Millettia duchesnei,wfo-0000199865,Fabaceae,Millettia,species
Tephrosia strigosa,tephrosia strigosa,tephrosia strigosa,1,TRUE,TRUE,resolved_by_both,exact_accepted,exact_accepted_unique,Tephrosia strigosa,wfo-0000185867,Fabaceae,Tephrosia,species
Garcinia conrauana,garcinia conrauana,garcinia conrauana,1,TRUE,TRUE,resolved_by_both,exact_synonym,exact_synonym_unique,Garcinia kola,wfo-0000694394,Clusiaceae,Garcinia,species
Garcinia dulcis,garcinia dulcis,garcinia dulcis,1,TRUE,TRUE,resolved_by_both,exact_accepted,exact_accepted_unique,Garcinia dulcis,wfo-0000694287,Clusiaceae,Garcinia,species
Garcinia morella,garcinia morella,garcinia morella,1,TRUE,TRUE,resolved_by_both,exact_synonym,exact_synonym_unique,Garcinia cambogioides var. cambogioides,wfo-1200094414,Clusiaceae,Garcinia,variety
Garcinia cymosa,garcinia cymosa,garcinia cymosa,1,TRUE,TRUE,resolved_by_both,exact_accepted,exact_accepted_unique,Garcinia cymosa,wfo-0000694258,Clusiaceae,Garcinia,species
Garcinia lateriflora,garcinia lateriflora,garcinia lateriflora,2,FALSE,TRUE,recovered_by_hierarchical_rules,exact_accepted,exact_accepted_unique,Garcinia lateriflora,wfo-0000694411,Clusiaceae,Garcinia,species
Garcinia densivenia,garcinia densivenia,garcinia densivenia,1,TRUE,TRUE,resolved_by_both,exact_accepted,exact_accepted_unique,Garcinia densivenia,wfo-0000694275,Clusiaceae,Garcinia,species
Garcinia volkensii,garcinia volkensii,garcinia volkensii,2,FALSE,TRUE,recovered_by_hierarchical_rules,exact_accepted,exact_accepted_unique,Garcinia volkensii,wfo-0000694732,Clusiaceae,Garcinia,species
Garcinia livingstonei,garcinia livingstonei,garcinia livingstonei,1,TRUE,TRUE,resolved_by_both,exact_accepted,exact_accepted_unique,Garcinia livingstonei,wfo-0000694422,Clusiaceae,Garcinia,species
Garcinia xanthochymus,garcinia xanthochymus,garcinia xanthochymus,1,TRUE,TRUE,resolved_by_both,exact_accepted,exact_accepted_unique,Garcinia xanthochymus,wfo-0000694747,Clusiaceae,Garcinia,species
Garcinia xanthochymus ex,garcinia xanthochymus ex,garcinia xanthochymus,1,TRUE,TRUE,resolved_by_both,canonical,canonical_unique,Garcinia xanthochymus,wfo-0000694747,Clusiaceae,Garcinia,species
Garcinia acuminata,garcinia acuminata,garcinia acuminata,2,FALSE,TRUE,recovered_by_hierarchical_rules,exact_accepted,exact_accepted_unique,Garcinia acuminata,wfo-0000694108,Clusiaceae,Garcinia,species
Garcinia intermedia,garcinia intermedia,garcinia intermedia,1,TRUE,TRUE,resolved_by_both,exact_accepted,exact_accepted_unique,Garcinia intermedia,wfo-0000694376,Clusiaceae,Garcinia,species
Garcinia subelliptica,garcinia subelliptica,garcinia subelliptica,1,TRUE,TRUE,resolved_by_both,exact_accepted,exact_accepted_unique,Garcinia subelliptica,wfo-0000694671,Clusiaceae,Garcinia,species
Garcinia atroviridis,garcinia atroviridis,garcinia atroviridis,1,TRUE,TRUE,resolved_by_both,exact_accepted,exact_accepted_unique,Garcinia atroviridis,wfo-0000694142,Clusiaceae,Garcinia,species
Uvaria littoralis,uvaria littoralis,uvaria littoralis,1,TRUE,TRUE,resolved_by_both,exact_accepted,exact_accepted_unique,Uvaria littoralis,wfo-0000416343,Annonaceae,Uvaria,species
Uvaria macrophylla,uvaria macrophylla,uvaria macrophylla,1,TRUE,TRUE,resolved_by_both,exact_synonym,exact_synonym_unique,Uvaria littoralis,wfo-0000416343,Annonaceae,Uvaria,species
Alpinia katsumadai,alpinia katsumadai,alpinia katsumadai,1,TRUE,TRUE,resolved_by_both,exact_synonym,exact_synonym_unique,Alpinia hainanensis,wfo-0000338515,Zingiberaceae,Alpinia,species
Goniothalamus gardneri,goniothalamus gardneri,goniothalamus gardneri,1,TRUE,TRUE,resolved_by_both,exact_accepted,exact_accepted_unique,Goniothalamus gardneri,wfo-0000706484,Annonaceae,Goniothalamus,species
Coptis japonica,coptis japonica,coptis japonica,1,TRUE,TRUE,resolved_by_both,exact_accepted,exact_accepted_unique,Coptis japonica,wfo-0000619855,Ranunculaceae,Coptis,species
Xanthorrhoea glauca,xanthorrhoea glauca,xanthorrhoea glauca,1,TRUE,TRUE,resolved_by_both,exact_accepted,exact_accepted_unique,Xanthorrhoea glauca,wfo-0000751949,Asphodelaceae,Xanthorrhoea,species
Heliotropium indicum,heliotropium indicum,heliotropium indicum,1,TRUE,TRUE,resolved_by_both,exact_accepted,exact_accepted_unique,Heliotropium indicum,wfo-0000718658,Heliotropiaceae,Heliotropium,species
Alpinia pinnanensis,alpinia pinnanensis,alpinia pinnanensis,1,TRUE,TRUE,resolved_by_both,exact_accepted,exact_accepted_unique,Alpinia pinnanensis,wfo-0000338688,Zingiberaceae,Alpinia,species
Morus notabilis,morus notabilis,morus notabilis,1,TRUE,TRUE,resolved_by_both,exact_accepted,exact_accepted_unique,Morus notabilis,wfo-0001240250,Moraceae,Morus,species
Glycyrrhiza eurycarpa,glycyrrhiza eurycarpa,glycyrrhiza eurycarpa,1,TRUE,TRUE,resolved_by_both,exact_synonym,exact_synonym_unique,Glycyrrhiza inflata,wfo-0000186032,Fabaceae,Glycyrrhiza,species
Pogostemon cablin,pogostemon cablin,pogostemon cablin,1,TRUE,TRUE,resolved_by_both,exact_accepted,exact_accepted_unique,Pogostemon cablin,wfo-0000279652,Lamiaceae,Pogostemon,species
Euphorbia helioscopia,euphorbia helioscopia,euphorbia helioscopia,2,FALSE,TRUE,recovered_by_hierarchical_rules,exact_accepted,exact_accepted_unique,Euphorbia helioscopia,wfo-0000962471,Euphorbiaceae,Euphorbia,species
Muscari neglectum,muscari neglectum,muscari neglectum,1,TRUE,TRUE,resolved_by_both,exact_accepted,exact_accepted_unique,Muscari neglectum,wfo-0000694909,Asparagaceae,Muscari,species
Scilla luciliae,scilla luciliae,scilla luciliae,1,TRUE,TRUE,resolved_by_both,exact_accepted,exact_accepted_unique,Scilla luciliae,wfo-0000741001,Asparagaceae,Scilla,species
Chionodoxa luciliae,chionodoxa luciliae,chionodoxa luciliae,1,TRUE,TRUE,resolved_by_both,exact_synonym,exact_synonym_unique,Scilla luciliae,wfo-0000741001,Asparagaceae,Scilla,species
Leopoldia comosa,leopoldia comosa,leopoldia comosa,1,TRUE,TRUE,resolved_by_both,exact_accepted,exact_accepted_unique,Leopoldia comosa,wfo-0000686250,Asparagaceae,Leopoldia,species
Muscari comosum,muscari comosum,muscari comosum,1,TRUE,TRUE,resolved_by_both,exact_synonym,exact_synonym_unique,Leopoldia comosa,wfo-0000686250,Asparagaceae,Leopoldia,species
Merwilla plumbea,merwilla plumbea,merwilla plumbea,1,TRUE,TRUE,resolved_by_both,exact_accepted,exact_accepted_unique,Merwilla plumbea,wfo-0000689696,Asparagaceae,Merwilla,species
Hijmania angusticornis,hijmania angusticornis,hijmania angusticornis,1,TRUE,TRUE,resolved_by_both,exact_accepted,exact_accepted_unique,Hijmania angusticornis,wfo-0001344824,Moraceae,Hijmania,species
Cicer judaicum,cicer judaicum,cicer judaicum,1,TRUE,TRUE,resolved_by_both,exact_accepted,exact_accepted_unique,Cicer judaicum,wfo-0000185225,Fabaceae,Cicer,species
Tanacetum sibiricum,tanacetum sibiricum,tanacetum sibiricum,1,TRUE,TRUE,resolved_by_both,exact_synonym,exact_synonym_unique,Filifolium sibiricum,wfo-0000099453,Asteraceae,Filifolium,species
Eupatorium semiserratum,eupatorium semiserratum,eupatorium semiserratum,1,TRUE,TRUE,resolved_by_both,exact_accepted,exact_accepted_unique,Eupatorium semiserratum,wfo-0000033206,Asteraceae,Eupatorium,species
Bracteantha viscosa,bracteantha viscosa,bracteantha viscosa,1,TRUE,TRUE,resolved_by_both,exact_synonym,exact_synonym_unique,Xerochrysum viscosum,wfo-0000138174,Asteraceae,Xerochrysum,species
Xerochrysum viscosum,xerochrysum viscosum,xerochrysum viscosum,1,TRUE,TRUE,resolved_by_both,exact_accepted,exact_accepted_unique,Xerochrysum viscosum,wfo-0000138174,Asteraceae,Xerochrysum,species
Scalesia baurii,scalesia baurii,scalesia baurii,1,TRUE,TRUE,resolved_by_both,exact_accepted,exact_accepted_unique,Scalesia baurii,wfo-0000089800,Asteraceae,Scalesia,species
Scutellaria barbata,scutellaria barbata,scutellaria barbata,1,TRUE,TRUE,resolved_by_both,exact_accepted,exact_accepted_unique,Scutellaria barbata,wfo-0000307648,Lamiaceae,Scutellaria,species
Mussaenda hirsutissima ex,mussaenda hirsutissima ex,mussaenda hirsutissima,1,TRUE,TRUE,resolved_by_both,canonical,canonical_unique,Mussaenda hirsutissima,wfo-0000246592,Rubiaceae,Mussaenda,species
Zinnia angustifolia,zinnia angustifolia,zinnia angustifolia,1,TRUE,TRUE,resolved_by_both,exact_accepted,exact_accepted_unique,Zinnia angustifolia,wfo-0000070874,Asteraceae,Zinnia,species
Zinnia elegans,zinnia elegans,zinnia elegans,2,FALSE,TRUE,recovered_by_hierarchical_rules,exact_accepted,exact_accepted_consensus_multiple_ids,Zinnia elegans,wfo-0000058494,Asteraceae,Zinnia,species
Zinnia violacea,zinnia violacea,zinnia violacea,1,TRUE,TRUE,resolved_by_both,exact_accepted,exact_accepted_unique,Zinnia violacea,wfo-0000131085,Asteraceae,Zinnia,species
Iryanthera grandis,iryanthera grandis,iryanthera grandis,1,TRUE,TRUE,resolved_by_both,exact_accepted,exact_accepted_unique,Iryanthera grandis,wfo-0001085222,Myristicaceae,Iryanthera,species
Parameria laevigata,parameria laevigata,parameria laevigata,1,TRUE,TRUE,resolved_by_both,exact_synonym,exact_synonym_unique,Urceola laevigata,wfo-0001425303,Apocynaceae,Urceola,species
Silybum marianum,silybum marianum,silybum marianum,1,TRUE,TRUE,resolved_by_both,exact_accepted,exact_accepted_unique,Silybum marianum,wfo-0000014591,Asteraceae,Silybum,species
Taxillus kaempferi,taxillus kaempferi,taxillus kaempferi,1,TRUE,TRUE,resolved_by_both,exact_accepted,exact_accepted_unique,Taxillus kaempferi,wfo-0001075797,Loranthaceae,Taxillus,species
Halothamnus somalensis,halothamnus somalensis,halothamnus somalensis,0,FALSE,FALSE,unresolved_by_both,unresolved,no_match,NA,NA,NA,NA,NA
Daphne holosericea,daphne holosericea,daphne holosericea,1,TRUE,TRUE,resolved_by_both,exact_accepted,exact_accepted_unique,Daphne holosericea,wfo-0000637646,Thymelaeaceae,Daphne,species
Artocarpus,artocarpus,artocarpus,1,TRUE,TRUE,resolved_by_both,exact_accepted,exact_accepted_unique,Artocarpus,wfo-4000003191,Moraceae,Artocarpus,genus
Baphia pubescens,baphia pubescens,baphia pubescens,1,TRUE,TRUE,resolved_by_both,exact_accepted,exact_accepted_unique,Baphia pubescens,wfo-0000212030,Fabaceae,Baphia,species
Bergenia stracheyi,bergenia stracheyi,bergenia stracheyi,1,TRUE,TRUE,resolved_by_both,exact_accepted,exact_accepted_unique,Bergenia stracheyi,wfo-0000564257,Saxifragaceae,Bergenia,species
Potentilla chrysantha,potentilla chrysantha,potentilla chrysantha,5,FALSE,TRUE,recovered_by_hierarchical_rules,exact_accepted,exact_accepted_unique,Potentilla chrysantha,wfo-0001004825,Rosaceae,Potentilla,species
Potentilla erecta,potentilla erecta,potentilla erecta,2,FALSE,TRUE,recovered_by_hierarchical_rules,exact_accepted,exact_accepted_unique,Potentilla erecta,wfo-0000984938,Rosaceae,Potentilla,species
Rheum palmatum,rheum palmatum,rheum palmatum,1,TRUE,TRUE,resolved_by_both,exact_accepted,exact_accepted_unique,Rheum palmatum,wfo-0000404474,Polygonaceae,Rheum,species
Mallotus japonicus,mallotus japonicus,mallotus japonicus,1,TRUE,TRUE,resolved_by_both,exact_accepted,exact_accepted_unique,Mallotus japonicus,wfo-0000234575,Euphorbiaceae,Mallotus,species
Lotus,lotus,lotus,1,TRUE,TRUE,resolved_by_both,exact_accepted,exact_accepted_unique,Lotus,wfo-4000022302,Fabaceae,Lotus,genus
Eucalyptus ovata,eucalyptus ovata,eucalyptus ovata,1,TRUE,TRUE,resolved_by_both,exact_accepted,exact_accepted_unique,Eucalyptus ovata,wfo-0000955524,Myrtaceae,Eucalyptus,species
Myriophyllum aquaticum,myriophyllum aquaticum,myriophyllum aquaticum,1,TRUE,TRUE,resolved_by_both,exact_accepted,exact_accepted_unique,Myriophyllum aquaticum,wfo-0000373510,Haloragaceae,Myriophyllum,species
Platanus orientalis,platanus orientalis,platanus orientalis,1,TRUE,TRUE,resolved_by_both,exact_accepted,exact_accepted_unique,Platanus orientalis,wfo-0000487086,Platanaceae,Platanus,species
Entada pervillei,entada pervillei,entada pervillei,1,TRUE,TRUE,resolved_by_both,exact_accepted,exact_accepted_unique,Entada pervillei,wfo-0000195894,Fabaceae,Entada,species
Arbutus unedo,arbutus unedo,arbutus unedo,1,TRUE,TRUE,resolved_by_both,exact_accepted,exact_accepted_unique,Arbutus unedo,wfo-0000543204,Ericaceae,Arbutus,species
Paeonia obovata,paeonia obovata,paeonia obovata,1,TRUE,TRUE,resolved_by_both,exact_accepted,exact_accepted_unique,Paeonia obovata,wfo-0000480650,Paeoniaceae,Paeonia,species
Vanda,vanda,vanda,1,TRUE,TRUE,resolved_by_both,exact_accepted,exact_accepted_unique,Vanda,wfo-4000039987,Orchidaceae,Vanda,genus
Balanophora fungosa,balanophora fungosa,balanophora fungosa,1,TRUE,TRUE,resolved_by_both,exact_accepted,exact_accepted_unique,Balanophora fungosa,wfo-0000558654,Balanophoraceae,Balanophora,species
Machaerium aristulatum,machaerium aristulatum,machaerium aristulatum,1,TRUE,TRUE,resolved_by_both,exact_accepted,exact_accepted_unique,Machaerium aristulatum,wfo-0000169275,Fabaceae,Machaerium,species
Millingtonia hortensis,millingtonia hortensis,millingtonia hortensis,1,TRUE,TRUE,resolved_by_both,exact_accepted,exact_accepted_unique,Millingtonia hortensis,wfo-0000778968,Bignoniaceae,Millingtonia,species
Cotoneaster simonsii,cotoneaster simonsii,cotoneaster simonsii,1,TRUE,TRUE,resolved_by_both,exact_accepted,exact_accepted_unique,Cotoneaster simonsii,wfo-0001012041,Rosaceae,Cotoneaster,species
Cotoneaster symondsii,cotoneaster symondsii,cotoneaster symondsii,1,TRUE,TRUE,resolved_by_both,exact_synonym,exact_synonym_unique,Cotoneaster integrifolius,wfo-0000999681,Rosaceae,Cotoneaster,species
Patrinia villosa,patrinia villosa,patrinia villosa,2,FALSE,TRUE,recovered_by_hierarchical_rules,exact_accepted,exact_accepted_consensus_multiple_ids,Patrinia villosa,wfo-0001042177,Caprifoliaceae,Patrinia,species
Piper umbellatum,piper umbellatum,piper umbellatum,1,TRUE,TRUE,resolved_by_both,exact_accepted,exact_accepted_unique,Piper umbellatum,wfo-0000487600,Piperaceae,Piper,species
Vaccinium vitis-idaea,vaccinium vitis-idaea,vaccinium vitis-idaea,1,TRUE,TRUE,resolved_by_both,exact_accepted,exact_accepted_unique,Vaccinium vitis-idaea,wfo-0000421966,Ericaceae,Vaccinium,species
Garcinia kola,garcinia kola,garcinia kola,1,TRUE,TRUE,resolved_by_both,exact_accepted,exact_accepted_unique,Garcinia kola,wfo-0000694394,Clusiaceae,Garcinia,species
Aulacomnium,aulacomnium,aulacomnium,1,TRUE,TRUE,resolved_by_both,exact_accepted,exact_accepted_unique,Aulacomnium,wfo-4000003661,Aulacomniaceae,Aulacomnium,genus
Aulacomnium androgynum,aulacomnium androgynum,aulacomnium androgynum,1,TRUE,TRUE,resolved_by_both,exact_accepted,exact_accepted_unique,Aulacomnium androgynum,wfo-0001192470,Aulacomniaceae,Aulacomnium,species
Aulacomnium palustre,aulacomnium palustre,aulacomnium palustre,1,TRUE,TRUE,resolved_by_both,exact_accepted,exact_accepted_unique,Aulacomnium palustre,wfo-0001192478,Aulacomniaceae,Aulacomnium,species
Lonchocarpus yucatanensis,lonchocarpus yucatanensis,lonchocarpus yucatanensis,1,TRUE,TRUE,resolved_by_both,exact_accepted,exact_accepted_unique,Lonchocarpus yucatanensis,wfo-0000165972,Fabaceae,Lonchocarpus,species
Trifolium alexandrinum,trifolium alexandrinum,trifolium alexandrinum,2,FALSE,TRUE,recovered_by_hierarchical_rules,exact_accepted,exact_accepted_unique,Trifolium alexandrinum,wfo-0000212963,Fabaceae,Trifolium,species
Genista ephedroides,genista ephedroides,genista ephedroides,1,TRUE,TRUE,resolved_by_both,exact_accepted,exact_accepted_unique,Genista ephedroides,wfo-0000213735,Fabaceae,Genista,species
Prunus armeniaca,prunus armeniaca,prunus armeniaca,3,FALSE,TRUE,recovered_by_hierarchical_rules,exact_accepted,exact_accepted_unique,Prunus armeniaca,wfo-0000991689,Rosaceae,Prunus,species
Ficus septica,ficus septica,ficus septica,1,TRUE,TRUE,resolved_by_both,exact_accepted,exact_accepted_unique,Ficus septica,wfo-0000690291,Moraceae,Ficus,species
Senecio pseudotites,senecio pseudotites,senecio pseudotites,1,TRUE,TRUE,resolved_by_both,exact_accepted,exact_accepted_unique,Senecio pseudotites,wfo-0000031737,Asteraceae,Senecio,species
Tripterospermum lanceolatum ex,tripterospermum lanceolatum ex,tripterospermum lanceolatum,1,TRUE,TRUE,resolved_by_both,canonical,canonical_unique,Tripterospermum lanceolatum,wfo-0001063743,Gentianaceae,Tripterospermum,species
Persicaria nepalensis,persicaria nepalensis,persicaria nepalensis,1,TRUE,TRUE,resolved_by_both,exact_accepted,exact_accepted_unique,Persicaria nepalensis,wfo-0000488438,Polygonaceae,Persicaria,species
Tephrosia leiocarpa,tephrosia leiocarpa,tephrosia leiocarpa,1,TRUE,TRUE,resolved_by_both,exact_accepted,exact_accepted_unique,Tephrosia leiocarpa,wfo-0000164669,Fabaceae,Tephrosia,species
Begonia nantoensis,begonia nantoensis,begonia nantoensis,1,TRUE,TRUE,resolved_by_both,exact_accepted,exact_accepted_unique,Begonia nantoensis,wfo-0000824893,Begoniaceae,Begonia,species
Sophora microphylla,sophora microphylla,sophora microphylla,2,FALSE,TRUE,recovered_by_hierarchical_rules,exact_accepted,exact_accepted_unique,Sophora microphylla,wfo-0000174272,Fabaceae,Sophora,species
Hovea parvicalyx,hovea parvicalyx,hovea parvicalyx,1,TRUE,TRUE,resolved_by_both,exact_accepted,exact_accepted_unique,Hovea parvicalyx,wfo-0000194949,Fabaceae,Hovea,species
Miconia myriantha,miconia myriantha,miconia myriantha,1,TRUE,TRUE,resolved_by_both,exact_accepted,exact_accepted_unique,Miconia myriantha,wfo-0001080855,Melastomataceae,Miconia,species
Deguelia hatschbachii,deguelia hatschbachii,deguelia hatschbachii,1,TRUE,TRUE,resolved_by_both,exact_accepted,exact_accepted_unique,Deguelia hatschbachii,wfo-0001253332,Fabaceae,Deguelia,species
Stryphnodendron adstringens,stryphnodendron adstringens,stryphnodendron adstringens,1,TRUE,TRUE,resolved_by_both,exact_accepted,exact_accepted_unique,Stryphnodendron adstringens,wfo-0000164061,Fabaceae,Stryphnodendron,species
Uvariastrum dependens,uvariastrum dependens,uvariastrum dependens,1,TRUE,TRUE,resolved_by_both,exact_synonym,exact_synonym_unique,Uvaria dependens,wfo-0001066243,Annonaceae,Uvaria,species
Dianthus caryophyllus,dianthus caryophyllus,dianthus caryophyllus,1,TRUE,TRUE,resolved_by_both,exact_accepted,exact_accepted_unique,Dianthus caryophyllus,wfo-0000643278,Caryophyllaceae,Dianthus,species
Goniorrhachis marginata,goniorrhachis marginata,goniorrhachis marginata,1,TRUE,TRUE,resolved_by_both,exact_accepted,exact_accepted_unique,Goniorrhachis marginata,wfo-0000163993,Fabaceae,Goniorrhachis,species
Acacia rubida,acacia rubida,acacia rubida,1,TRUE,TRUE,resolved_by_both,exact_accepted,exact_accepted_unique,Acacia rubida,wfo-0000185323,Fabaceae,Acacia,species
Acacia saxatilis,acacia saxatilis,acacia saxatilis,1,TRUE,TRUE,resolved_by_both,exact_accepted,exact_accepted_unique,Acacia saxatilis,wfo-0000185329,Fabaceae,Acacia,species
Celastrus orbiculatus,celastrus orbiculatus,celastrus orbiculatus,1,TRUE,TRUE,resolved_by_both,exact_accepted,exact_accepted_unique,Celastrus orbiculatus,wfo-0000592852,Celastraceae,Celastrus,species
Agave americana,agave americana,agave americana,1,TRUE,TRUE,resolved_by_both,exact_accepted,exact_accepted_unique,Agave americana,wfo-0000754119,Asparagaceae,Agave,species
Allium cepa,allium cepa,allium cepa,1,TRUE,TRUE,resolved_by_both,exact_accepted,exact_accepted_unique,Allium cepa,wfo-0000755919,Amaryllidaceae,Allium,species
Dalbergia ecastaphyllum,dalbergia ecastaphyllum,dalbergia ecastaphyllum,1,TRUE,TRUE,resolved_by_both,exact_accepted,exact_accepted_unique,Dalbergia ecastaphyllum,wfo-0000172030,Fabaceae,Dalbergia,species
Indigofera aspalathoides,indigofera aspalathoides,indigofera aspalathoides,1,TRUE,TRUE,resolved_by_both,exact_accepted,exact_accepted_unique,Indigofera aspalathoides,wfo-0000205129,Fabaceae,Indigofera,species
Astragalus cicer,astragalus cicer,astragalus cicer,1,TRUE,TRUE,resolved_by_both,exact_accepted,exact_accepted_unique,Astragalus cicer,wfo-0000213547,Fabaceae,Astragalus,species
Centrolobium paraense,centrolobium paraense,centrolobium paraense,1,TRUE,TRUE,resolved_by_both,exact_accepted,exact_accepted_unique,Centrolobium paraense,wfo-0000171654,Fabaceae,Centrolobium,species
Centrolobium sclerophyllum,centrolobium sclerophyllum,centrolobium sclerophyllum,1,TRUE,TRUE,resolved_by_both,exact_accepted,exact_accepted_unique,Centrolobium sclerophyllum,wfo-0000186728,Fabaceae,Centrolobium,species
Mucuna birdwoodiana,mucuna birdwoodiana,mucuna birdwoodiana,1,TRUE,TRUE,resolved_by_both,exact_accepted,exact_accepted_unique,Mucuna birdwoodiana,wfo-0000185575,Fabaceae,Mucuna,species
Senegalia galpinii,senegalia galpinii,senegalia galpinii,1,TRUE,TRUE,resolved_by_both,exact_accepted,exact_accepted_unique,Senegalia galpinii,wfo-0000745786,Fabaceae,Senegalia,species
Acacia galpinii,acacia galpinii,acacia galpinii,1,TRUE,TRUE,resolved_by_both,exact_synonym,exact_synonym_unique,Senegalia galpinii,wfo-0000745786,Fabaceae,Senegalia,species
Krameria lanceolata,krameria lanceolata,krameria lanceolata,2,FALSE,TRUE,recovered_by_hierarchical_rules,exact_accepted,exact_accepted_unique,Krameria lanceolata,wfo-0001069551,Krameriaceae,Krameria,species
Krameria lappacea,krameria lappacea,krameria lappacea,1,TRUE,TRUE,resolved_by_both,exact_accepted,exact_accepted_unique,Krameria lappacea,wfo-0001069555,Krameriaceae,Krameria,species
Limonium sinense,limonium sinense,limonium sinense,1,TRUE,TRUE,resolved_by_both,exact_accepted,exact_accepted_unique,Limonium sinense,wfo-0001095301,Plumbaginaceae,Limonium,species
Sophora fraseri,sophora fraseri,sophora fraseri,1,TRUE,TRUE,resolved_by_both,exact_accepted,exact_accepted_unique,Sophora fraseri,wfo-0000187973,Fabaceae,Sophora,species
Quintinia acutifolia,quintinia acutifolia,quintinia acutifolia,1,TRUE,TRUE,resolved_by_both,exact_synonym,exact_synonym_unique,Quintinia serrata,wfo-0000733598,Paracryphiaceae,Quintinia,species
Bolusanthus speciosus,bolusanthus speciosus,bolusanthus speciosus,1,TRUE,TRUE,resolved_by_both,exact_accepted,exact_accepted_unique,Bolusanthus speciosus,wfo-0000212048,Fabaceae,Bolusanthus,species
Vitex tripinnata,vitex tripinnata,vitex tripinnata,1,TRUE,TRUE,resolved_by_both,exact_accepted,exact_accepted_unique,Vitex tripinnata,wfo-0000333515,Lamiaceae,Vitex,species
Lonchocarpus orotinus,lonchocarpus orotinus,lonchocarpus orotinus,1,TRUE,TRUE,resolved_by_both,exact_synonym,exact_synonym_unique,Lonchocarpus parviflorus,wfo-0000173727,Fabaceae,Lonchocarpus,species
Arabidopsis thaliana,arabidopsis thaliana,arabidopsis thaliana,1,TRUE,TRUE,resolved_by_both,exact_accepted,exact_accepted_unique,Arabidopsis thaliana,wfo-0000541830,Brassicaceae,Arabidopsis,species
Dalea purpurea,dalea purpurea,dalea purpurea,1,TRUE,TRUE,resolved_by_both,exact_accepted,exact_accepted_unique,Dalea purpurea,wfo-0000169115,Fabaceae,Dalea,species
Piper sanctum,piper sanctum,piper sanctum,1,TRUE,TRUE,resolved_by_both,exact_synonym,exact_synonym_unique,Piper auritum,wfo-0000479549,Piperaceae,Piper,species
Dracaena cambodiana,dracaena cambodiana,dracaena cambodiana,1,TRUE,TRUE,resolved_by_both,exact_accepted,exact_accepted_unique,Dracaena cambodiana,wfo-0000765700,Asparagaceae,Dracaena,species
Wyethia glabra,wyethia glabra,wyethia glabra,0,FALSE,FALSE,unresolved_by_both,unresolved,no_match,NA,NA,NA,NA,NA
Caragana conferta,caragana conferta,caragana conferta,1,TRUE,TRUE,resolved_by_both,exact_accepted,exact_accepted_unique,Caragana conferta,wfo-0000186887,Fabaceae,Caragana,species
Paramignya griffithii,paramignya griffithii,paramignya griffithii,1,TRUE,TRUE,resolved_by_both,exact_synonym,exact_synonym_unique,Paramignya scandens var. scandens,wfo-1200112385,Rutaceae,Paramignya,variety
Paramignya scandens,paramignya scandens,paramignya scandens,1,TRUE,TRUE,resolved_by_both,exact_accepted,exact_accepted_unique,Paramignya scandens,wfo-0000470443,Rutaceae,Paramignya,species
Glycine canescens,glycine canescens,glycine canescens,1,TRUE,TRUE,resolved_by_both,exact_accepted,exact_accepted_unique,Glycine canescens,wfo-0000187275,Fabaceae,Glycine,species
Glycine clandestina,glycine clandestina,glycine clandestina,1,TRUE,TRUE,resolved_by_both,exact_accepted,exact_accepted_unique,Glycine clandestina,wfo-0001053577,Fabaceae,Glycine,species
Glycine falcata,glycine falcata,glycine falcata,1,TRUE,TRUE,resolved_by_both,exact_accepted,exact_accepted_unique,Glycine falcata,wfo-0000187286,Fabaceae,Glycine,species
Glycine latifolia,glycine latifolia,glycine latifolia,1,TRUE,TRUE,resolved_by_both,exact_accepted,exact_accepted_unique,Glycine latifolia,wfo-0000187287,Fabaceae,Glycine,species
Glycine latrobeana,glycine latrobeana,glycine latrobeana,1,TRUE,TRUE,resolved_by_both,exact_accepted,exact_accepted_unique,Glycine latrobeana,wfo-0000187290,Fabaceae,Glycine,species
Glycine tabacina,glycine tabacina,glycine tabacina,1,TRUE,TRUE,resolved_by_both,exact_accepted,exact_accepted_unique,Glycine tabacina,wfo-0000181473,Fabaceae,Glycine,species
Glycine tomentella,glycine tomentella,glycine tomentella,1,TRUE,TRUE,resolved_by_both,exact_accepted,exact_accepted_unique,Glycine tomentella,wfo-0000194832,Fabaceae,Glycine,species
Prunus leveilleana,prunus leveilleana,prunus leveilleana,1,TRUE,TRUE,resolved_by_both,exact_accepted,exact_accepted_unique,Prunus leveilleana,wfo-0001017529,Rosaceae,Prunus,species
Rosa chinensis,rosa chinensis,rosa chinensis,1,TRUE,TRUE,resolved_by_both,exact_accepted,exact_accepted_unique,Rosa chinensis,wfo-0001014372,Rosaceae,Rosa,species
Cryptocarya concinna,cryptocarya concinna,cryptocarya concinna,1,TRUE,TRUE,resolved_by_both,exact_accepted,exact_accepted_unique,Cryptocarya concinna,wfo-0000627846,Lauraceae,Cryptocarya,species
Eriocaulon buergerianum,eriocaulon buergerianum,eriocaulon buergerianum,1,TRUE,TRUE,resolved_by_both,exact_accepted,exact_accepted_unique,Eriocaulon buergerianum,wfo-0000409554,Eriocaulaceae,Eriocaulon,species
Spiraea formosa,spiraea formosa,spiraea formosa,0,FALSE,FALSE,unresolved_by_both,unresolved,no_match,NA,NA,NA,NA,NA
Spiraea formosana,spiraea formosana,spiraea formosana,1,TRUE,TRUE,resolved_by_both,exact_synonym,exact_synonym_unique,Spiraea japonica var. formosana,wfo-0001016316,Rosaceae,Spiraea,variety
Poecilanthe parviflora,poecilanthe parviflora,poecilanthe parviflora,1,TRUE,TRUE,resolved_by_both,exact_accepted,exact_accepted_unique,Poecilanthe parviflora,wfo-0000174234,Fabaceae,Poecilanthe,species
Eriophorum scheuchzeri,eriophorum scheuchzeri,eriophorum scheuchzeri,1,TRUE,TRUE,resolved_by_both,exact_accepted,exact_accepted_unique,Eriophorum scheuchzeri,wfo-0000415114,Cyperaceae,Eriophorum,species
Salix sieboldiana,salix sieboldiana,salix sieboldiana,1,TRUE,TRUE,resolved_by_both,exact_accepted,exact_accepted_unique,Salix sieboldiana,wfo-0000930242,Salicaceae,Salix,species
Corydalis bulbosa,corydalis bulbosa,corydalis bulbosa,1,TRUE,TRUE,resolved_by_both,exact_synonym,exact_synonym_unique,Corydalis solida,wfo-0000622894,Papaveraceae,Corydalis,species
Corydalis solida,corydalis solida,corydalis solida,1,TRUE,TRUE,resolved_by_both,exact_accepted,exact_accepted_unique,Corydalis solida,wfo-0000622894,Papaveraceae,Corydalis,species
Parartocarpus venenosa,parartocarpus venenosa,parartocarpus venenosa,0,FALSE,FALSE,unresolved_by_both,unresolved,no_match,NA,NA,NA,NA,NA
Trigonella foenum-graecum,trigonella foenum-graecum,trigonella foenum-graecum,2,FALSE,TRUE,recovered_by_hierarchical_rules,exact_accepted,exact_accepted_unique,Trigonella foenum-graecum,wfo-0000212944,Fabaceae,Trigonella,species
Dalbergia lanceolaria,dalbergia lanceolaria,dalbergia lanceolaria,3,FALSE,TRUE,recovered_by_hierarchical_rules,exact_accepted,exact_accepted_unique,Dalbergia lanceolaria,wfo-0000172222,Fabaceae,Dalbergia,species
Rosa davurica,rosa davurica,rosa davurica,2,FALSE,TRUE,recovered_by_hierarchical_rules,exact_accepted,exact_accepted_unique,Rosa davurica,wfo-0001007078,Rosaceae,Rosa,species
Derris reticulata,derris reticulata,derris reticulata,1,TRUE,TRUE,resolved_by_both,exact_accepted,exact_accepted_unique,Derris reticulata,wfo-0000200311,Fabaceae,Derris,species
Trichoscypha acuminata,trichoscypha acuminata,trichoscypha acuminata,1,TRUE,TRUE,resolved_by_both,exact_accepted,exact_accepted_unique,Trichoscypha acuminata,wfo-0000409281,Anacardiaceae,Trichoscypha,species
Abies nephrolepis,abies nephrolepis,abies nephrolepis,1,TRUE,TRUE,resolved_by_both,exact_accepted,exact_accepted_unique,Abies nephrolepis,wfo-0000511289,Pinaceae,Abies,species
Salix interior,salix interior,salix interior,1,TRUE,TRUE,resolved_by_both,exact_accepted,exact_accepted_unique,Salix interior,wfo-0000928909,Salicaceae,Salix,species
Salix rubra,salix rubra,salix rubra,1,TRUE,TRUE,resolved_by_both,exact_synonym,exact_synonym_unique,Salix interior,wfo-0000928909,Salicaceae,Salix,species
Salix purpurea,salix purpurea,salix purpurea,1,TRUE,TRUE,resolved_by_both,exact_accepted,exact_accepted_unique,Salix purpurea,wfo-0000930408,Salicaceae,Salix,species
Glebionis coronaria,glebionis coronaria,glebionis coronaria,1,TRUE,TRUE,resolved_by_both,exact_accepted,exact_accepted_unique,Glebionis coronaria,wfo-0000072121,Asteraceae,Glebionis,species
Glebionis coronarium,glebionis coronarium,glebionis coronarium,0,FALSE,FALSE,unresolved_by_both,unresolved,no_match,NA,NA,NA,NA,NA
Nymphaea caerulea,nymphaea caerulea,nymphaea caerulea,1,TRUE,TRUE,resolved_by_both,exact_synonym,exact_synonym_unique,Nymphaea nouchali var. caerulea,wfo-0000382052,Nymphaeaceae,Nymphaea,variety
Helichrysum armenium,helichrysum armenium,helichrysum armenium,1,TRUE,TRUE,resolved_by_both,exact_accepted,exact_accepted_unique,Helichrysum armenium,wfo-0000008912,Asteraceae,Helichrysum,species
Sarcophyte piriei,sarcophyte piriei,sarcophyte piriei,1,TRUE,TRUE,resolved_by_both,exact_accepted,exact_accepted_unique,Sarcophyte piriei,wfo-0001140478,Balanophoraceae,Sarcophyte,species
Sarcophyte,sarcophyte,sarcophyte,1,TRUE,TRUE,resolved_by_both,exact_accepted,exact_accepted_unique,Sarcophyte,wfo-4000034069,Balanophoraceae,Sarcophyte,genus
Helichrysum stoechas,helichrysum stoechas,helichrysum stoechas,2,FALSE,TRUE,recovered_by_hierarchical_rules,exact_accepted,exact_accepted_consensus_multiple_ids,Helichrysum stoechas,wfo-0000000535,Asteraceae,Helichrysum,species
Lychnophora pohlii,lychnophora pohlii,lychnophora pohlii,1,TRUE,TRUE,resolved_by_both,exact_accepted,exact_accepted_unique,Lychnophora pohlii,wfo-0000027003,Asteraceae,Lychnophora,species
Greyia flanaganii,greyia flanaganii,greyia flanaganii,1,TRUE,TRUE,resolved_by_both,exact_accepted,exact_accepted_unique,Greyia flanaganii,wfo-0000710418,Francoaceae,Greyia,species
Ozothamnus stirlingii,ozothamnus stirlingii,ozothamnus stirlingii,1,TRUE,TRUE,resolved_by_both,exact_accepted,exact_accepted_unique,Ozothamnus stirlingii,wfo-0000091572,Asteraceae,Ozothamnus,species
Xanthorrhoea resinosa,xanthorrhoea resinosa,xanthorrhoea resinosa,1,TRUE,TRUE,resolved_by_both,exact_accepted,exact_accepted_unique,Xanthorrhoea resinosa,wfo-0000753886,Asphodelaceae,Xanthorrhoea,species
Viscum album,viscum album,viscum album,1,TRUE,TRUE,resolved_by_both,exact_accepted,exact_accepted_unique,Viscum album,wfo-0000424722,Santalaceae,Viscum,species
Arachniodes carvifolia,arachniodes carvifolia,arachniodes carvifolia,1,TRUE,TRUE,resolved_by_both,exact_accepted,exact_accepted_unique,Arachniodes carvifolia,wfo-0001109163,Dryopteridaceae,Arachniodes,species
Arachniodes cornucervi,arachniodes cornucervi,arachniodes cornucervi,1,TRUE,TRUE,resolved_by_both,exact_accepted,exact_accepted_unique,Arachniodes cornucervi,wfo-0001035850,Dryopteridaceae,Arachniodes,species
Wyethia helenioides,wyethia helenioides,wyethia helenioides,1,TRUE,TRUE,resolved_by_both,exact_accepted,exact_accepted_unique,Wyethia helenioides,wfo-0000073335,Asteraceae,Wyethia,species
Agnorhiza invenusta,agnorhiza invenusta,agnorhiza invenusta,1,TRUE,TRUE,resolved_by_both,exact_accepted,exact_accepted_unique,Agnorhiza invenusta,wfo-0000077266,Asteraceae,Agnorhiza,species
Macaranga denticulata,macaranga denticulata,macaranga denticulata,1,TRUE,TRUE,resolved_by_both,exact_accepted,exact_accepted_unique,Macaranga denticulata,wfo-0000231917,Euphorbiaceae,Macaranga,species
Asarum canadense,asarum canadense,asarum canadense,1,TRUE,TRUE,resolved_by_both,exact_accepted,exact_accepted_unique,Asarum canadense,wfo-0000550779,Aristolochiaceae,Asarum,species
Fagus sylvatica,fagus sylvatica,fagus sylvatica,1,TRUE,TRUE,resolved_by_both,exact_accepted,exact_accepted_unique,Fagus sylvatica,wfo-0000966507,Fagaceae,Fagus,species
Pyrola elliptica,pyrola elliptica,pyrola elliptica,1,TRUE,TRUE,resolved_by_both,exact_accepted,exact_accepted_unique,Pyrola elliptica,wfo-0000396294,Ericaceae,Pyrola,species
Crataegus sinaica,crataegus sinaica,crataegus sinaica,1,TRUE,TRUE,resolved_by_both,exact_accepted,exact_accepted_unique,Crataegus sinaica,wfo-0000989856,Rosaceae,Crataegus,species
Thujopsis dolabrata,thujopsis dolabrata,thujopsis dolabrata,1,TRUE,TRUE,resolved_by_both,exact_accepted,exact_accepted_unique,Thujopsis dolabrata,wfo-0000409024,Cupressaceae,Thujopsis,species
Acacia crombiei,acacia crombiei,acacia crombiei,1,TRUE,TRUE,resolved_by_both,exact_accepted,exact_accepted_unique,Acacia crombiei,wfo-0000186425,Fabaceae,Acacia,species
Dorstenia dinklagei,dorstenia dinklagei,dorstenia dinklagei,1,TRUE,TRUE,resolved_by_both,exact_accepted,exact_accepted_unique,Dorstenia dinklagei,wfo-0000654384,Moraceae,Dorstenia,species
Pongamiopsis pervilleana,pongamiopsis pervilleana,pongamiopsis pervilleana,1,TRUE,TRUE,resolved_by_both,exact_accepted,exact_accepted_unique,Pongamiopsis pervilleana,wfo-0000196269,Fabaceae,Pongamiopsis,species
Prosopis glandulosa,prosopis glandulosa,prosopis glandulosa,1,TRUE,TRUE,resolved_by_both,exact_synonym,exact_synonym_unique,Neltuma glandulosa,wfo-0000170593,Fabaceae,Neltuma,species
Phyllocladus trichomanoides,phyllocladus trichomanoides,phyllocladus trichomanoides,1,TRUE,TRUE,resolved_by_both,exact_accepted,exact_accepted_unique,Phyllocladus trichomanoides,wfo-0000481971,Podocarpaceae,Phyllocladus,species
Schisandra lancifolia,schisandra lancifolia,schisandra lancifolia,1,TRUE,TRUE,resolved_by_both,exact_accepted,exact_accepted_unique,Schisandra lancifolia,wfo-0000495103,Schisandraceae,Schisandra,species
Pterocaulon virgatum,pterocaulon virgatum,pterocaulon virgatum,1,TRUE,TRUE,resolved_by_both,exact_accepted,exact_accepted_unique,Pterocaulon virgatum,wfo-0000135734,Asteraceae,Pterocaulon,species
Moquiniastrum paniculatum,moquiniastrum paniculatum,moquiniastrum paniculatum,1,TRUE,TRUE,resolved_by_both,exact_accepted,exact_accepted_unique,Moquiniastrum paniculatum,wfo-0001318544,Asteraceae,Moquiniastrum,species
Byrsonima coccolobifolia,byrsonima coccolobifolia,byrsonima coccolobifolia,1,TRUE,TRUE,resolved_by_both,exact_accepted,exact_accepted_unique,Byrsonima coccolobifolia,wfo-0000576768,Malpighiaceae,Byrsonima,species
Rhizophora stylosa,rhizophora stylosa,rhizophora stylosa,1,TRUE,TRUE,resolved_by_both,exact_accepted,exact_accepted_unique,Rhizophora stylosa,wfo-0001131597,Rhizophoraceae,Rhizophora,species
Cyperus scariosus,cyperus scariosus,cyperus scariosus,1,TRUE,TRUE,resolved_by_both,exact_accepted,exact_accepted_unique,Cyperus scariosus,wfo-0000382088,Cyperaceae,Cyperus,species
Persicaria perfoliata,persicaria perfoliata,persicaria perfoliata,1,TRUE,TRUE,resolved_by_both,exact_synonym,exact_synonym_unique,Polygonum perfoliatum,wfo-0000489147,Polygonaceae,Polygonum,species
Eriosema chinense,eriosema chinense,eriosema chinense,1,TRUE,TRUE,resolved_by_both,exact_accepted,exact_accepted_unique,Eriosema chinense,wfo-0000188411,Fabaceae,Eriosema,species
Vepris nobilis,vepris nobilis,vepris nobilis,1,TRUE,TRUE,resolved_by_both,exact_accepted,exact_accepted_unique,Vepris nobilis,wfo-0000420153,Rutaceae,Vepris,species
Helichrysum athrixiifolium,helichrysum athrixiifolium,helichrysum athrixiifolium,1,TRUE,TRUE,resolved_by_both,exact_accepted,exact_accepted_unique,Helichrysum athrixiifolium,wfo-0000086735,Asteraceae,Helichrysum,species
Uraria picta,uraria picta,uraria picta,2,FALSE,TRUE,recovered_by_hierarchical_rules,exact_accepted,exact_accepted_unique,Uraria picta,wfo-0000178000,Fabaceae,Uraria,species
Boronia ramosa,boronia ramosa,boronia ramosa,1,TRUE,TRUE,resolved_by_both,exact_synonym,exact_synonym_unique,Cyanothamnus ramosus,wfo-0000631013,Rutaceae,Cyanothamnus,species
Dalbergia latifolia,dalbergia latifolia,dalbergia latifolia,1,TRUE,TRUE,resolved_by_both,exact_accepted,exact_accepted_unique,Dalbergia latifolia,wfo-0000172240,Fabaceae,Dalbergia,species
Pterocarpus santalinus,pterocarpus santalinus,pterocarpus santalinus,3,FALSE,TRUE,recovered_by_hierarchical_rules,exact_accepted,exact_accepted_unique,Pterocarpus santalinus,wfo-0000185973,Fabaceae,Pterocarpus,species
Boronia inconspicua,boronia inconspicua,boronia inconspicua,1,TRUE,TRUE,resolved_by_both,exact_synonym,exact_synonym_unique,Cyanothamnus inconspicuus,wfo-1000021912,Rutaceae,Cyanothamnus,species
Pityrogramma tartarea,pityrogramma tartarea,pityrogramma tartarea,1,TRUE,TRUE,resolved_by_both,exact_synonym,exact_synonym_unique,Pityrogramma ebenea,wfo-0001109228,Pteridaceae,Pityrogramma,species
Pityrogramma ebenea,pityrogramma ebenea,pityrogramma ebenea,1,TRUE,TRUE,resolved_by_both,exact_accepted,exact_accepted_unique,Pityrogramma ebenea,wfo-0001109228,Pteridaceae,Pityrogramma,species
Morus insignis,morus insignis,morus insignis,1,TRUE,TRUE,resolved_by_both,exact_accepted,exact_accepted_unique,Morus insignis,wfo-0000447882,Moraceae,Morus,species
Schoenocaulon officinale,schoenocaulon officinale,schoenocaulon officinale,1,TRUE,TRUE,resolved_by_both,exact_accepted,exact_accepted_unique,Schoenocaulon officinale,wfo-0000735101,Melanthiaceae,Schoenocaulon,species
Tephrosia elongata,tephrosia elongata,tephrosia elongata,2,FALSE,TRUE,recovered_by_hierarchical_rules,exact_accepted,exact_accepted_unique,Tephrosia elongata,wfo-0000202252,Fabaceae,Tephrosia,species
Tephrosia viridiflora,tephrosia viridiflora,tephrosia viridiflora,1,TRUE,TRUE,resolved_by_both,exact_accepted,exact_accepted_unique,Tephrosia viridiflora,wfo-0000414202,Fabaceae,Tephrosia,species
Tephrosia uniflora,tephrosia uniflora,tephrosia uniflora,1,TRUE,TRUE,resolved_by_both,exact_accepted,exact_accepted_unique,Tephrosia uniflora,wfo-0000204446,Fabaceae,Tephrosia,species
Viola hondoensis,viola hondoensis,viola hondoensis,1,TRUE,TRUE,resolved_by_both,exact_accepted,exact_accepted_unique,Viola hondoensis,wfo-0001144906,Violaceae,Viola,species
Bridelia retusa,bridelia retusa,bridelia retusa,1,TRUE,TRUE,resolved_by_both,exact_accepted,exact_accepted_unique,Bridelia retusa,wfo-0000424897,Phyllanthaceae,Bridelia,species
Fadogia ancylantha,fadogia ancylantha,fadogia ancylantha,1,TRUE,TRUE,resolved_by_both,exact_accepted,exact_accepted_unique,Fadogia ancylantha,wfo-0000966252,Rubiaceae,Fadogia,species
Encelia,encelia,encelia,1,TRUE,TRUE,resolved_by_both,exact_accepted,exact_accepted_unique,Encelia,wfo-4000013357,Asteraceae,Encelia,genus
Ferula communis,ferula communis,ferula communis,1,TRUE,TRUE,resolved_by_both,exact_accepted,exact_accepted_unique,Ferula communis,wfo-0000686505,Apiaceae,Ferula,species
Camellia reticulata,camellia reticulata,camellia reticulata,1,TRUE,TRUE,resolved_by_both,exact_accepted,exact_accepted_unique,Camellia reticulata,wfo-0000582626,Theaceae,Camellia,species
Pseudotsuga menziesii,pseudotsuga menziesii,pseudotsuga menziesii,1,TRUE,TRUE,resolved_by_both,exact_accepted,exact_accepted_unique,Pseudotsuga menziesii,wfo-0000478194,Pinaceae,Pseudotsuga,species
Areca catechu,areca catechu,areca catechu,1,TRUE,TRUE,resolved_by_both,exact_accepted,exact_accepted_unique,Areca catechu,wfo-0000262000,Arecaceae,Areca,species
Cinnamomum burmannii,cinnamomum burmannii,cinnamomum burmannii,0,FALSE,FALSE,unresolved_by_both,unresolved,no_match,NA,NA,NA,NA,NA
Pulsatilla cernua,pulsatilla cernua,pulsatilla cernua,1,TRUE,TRUE,resolved_by_both,exact_accepted,exact_accepted_unique,Pulsatilla cernua,wfo-0001129290,Ranunculaceae,Pulsatilla,species
Holarrhena pubescens,holarrhena pubescens,holarrhena pubescens,1,TRUE,TRUE,resolved_by_both,exact_accepted,exact_accepted_unique,Holarrhena pubescens,wfo-0000982782,Apocynaceae,Holarrhena,species
Holarrhena pubescens ex,holarrhena pubescens ex,holarrhena pubescens,1,TRUE,TRUE,resolved_by_both,canonical,canonical_unique,Holarrhena pubescens,wfo-0000982782,Apocynaceae,Holarrhena,species
Apium graveolens,apium graveolens,apium graveolens,1,TRUE,TRUE,resolved_by_both,exact_accepted,exact_accepted_unique,Apium graveolens,wfo-0000540626,Apiaceae,Apium,species
Scutellaria discolor,scutellaria discolor,scutellaria discolor,1,TRUE,TRUE,resolved_by_both,exact_accepted,exact_accepted_unique,Scutellaria discolor,wfo-0001070043,Lamiaceae,Scutellaria,species
Guioa crenulata,guioa crenulata,guioa crenulata,1,TRUE,TRUE,resolved_by_both,exact_accepted,exact_accepted_unique,Guioa crenulata,wfo-0000711813,Sapindaceae,Guioa,species
Ixora coccinea,ixora coccinea,ixora coccinea,3,FALSE,TRUE,recovered_by_hierarchical_rules,exact_accepted,exact_accepted_unique,Ixora coccinea,wfo-0000218311,Rubiaceae,Ixora,species
Cinnamomum philippinense,cinnamomum philippinense,cinnamomum philippinense,1,TRUE,TRUE,resolved_by_both,exact_accepted,exact_accepted_unique,Cinnamomum philippinense,wfo-0000605336,Lauraceae,Cinnamomum,species
Cinnamomum verum,cinnamomum verum,cinnamomum verum,1,TRUE,TRUE,resolved_by_both,exact_accepted,exact_accepted_unique,Cinnamomum verum,wfo-0000605512,Lauraceae,Cinnamomum,species
Cinnamomum zeylanicum,cinnamomum zeylanicum,cinnamomum zeylanicum,1,TRUE,TRUE,resolved_by_both,exact_synonym,exact_synonym_unique,Cinnamomum verum,wfo-0000605512,Lauraceae,Cinnamomum,species
Lindera aggregata,lindera aggregata,lindera aggregata,1,TRUE,TRUE,resolved_by_both,exact_accepted,exact_accepted_unique,Lindera aggregata,wfo-0000365428,Lauraceae,Lindera,species
Parapiptadenia rigida,parapiptadenia rigida,parapiptadenia rigida,1,TRUE,TRUE,resolved_by_both,exact_accepted,exact_accepted_unique,Parapiptadenia rigida,wfo-0000168342,Fabaceae,Parapiptadenia,species
Artocarpus nobilis,artocarpus nobilis,artocarpus nobilis,1,TRUE,TRUE,resolved_by_both,exact_accepted,exact_accepted_unique,Artocarpus nobilis,wfo-0000550554,Moraceae,Artocarpus,species
Fissistigma latifolium,fissistigma latifolium,fissistigma latifolium,1,TRUE,TRUE,resolved_by_both,exact_accepted,exact_accepted_unique,Fissistigma latifolium,wfo-0000691163,Annonaceae,Fissistigma,species
Sorbus commixta,sorbus commixta,sorbus commixta,1,TRUE,TRUE,resolved_by_both,exact_accepted,exact_accepted_unique,Sorbus commixta,wfo-0000985995,Rosaceae,Sorbus,species
Ormocarpum kirkii,ormocarpum kirkii,ormocarpum kirkii,1,TRUE,TRUE,resolved_by_both,exact_accepted,exact_accepted_unique,Ormocarpum kirkii,wfo-0000175963,Fabaceae,Ormocarpum,species
Erigeron canadensis,erigeron canadensis,erigeron canadensis,3,FALSE,TRUE,recovered_by_hierarchical_rules,exact_accepted,exact_accepted_unique,Erigeron canadensis,wfo-0000015917,Asteraceae,Erigeron,species
Conyza canadensis,conyza canadensis,conyza canadensis,1,TRUE,TRUE,resolved_by_both,exact_synonym,exact_synonym_unique,Erigeron canadensis,wfo-0000015917,Asteraceae,Erigeron,species
Flemingia chappar,flemingia chappar,flemingia chappar,1,TRUE,TRUE,resolved_by_both,exact_accepted,exact_accepted_unique,Flemingia chappar,wfo-0000194835,Fabaceae,Flemingia,species
Galega officinalis,galega officinalis,galega officinalis,1,TRUE,TRUE,resolved_by_both,exact_accepted,exact_accepted_unique,Galega officinalis,wfo-0000212597,Fabaceae,Galega,species
Lespedeza davidii,lespedeza davidii,lespedeza davidii,1,TRUE,TRUE,resolved_by_both,exact_accepted,exact_accepted_unique,Lespedeza davidii,wfo-0000186113,Fabaceae,Lespedeza,species
Resnova humifusa,resnova humifusa,resnova humifusa,1,TRUE,TRUE,resolved_by_both,exact_accepted,exact_accepted_unique,Resnova humifusa,wfo-0000732462,Asparagaceae,Resnova,species
Dalea elegans,dalea elegans,dalea elegans,2,FALSE,TRUE,recovered_by_hierarchical_rules,exact_accepted,exact_accepted_unique,Dalea elegans,wfo-0000169055,Fabaceae,Dalea,species
Helichrysum thapsus,helichrysum thapsus,helichrysum thapsus,1,TRUE,TRUE,resolved_by_both,exact_accepted,exact_accepted_unique,Helichrysum thapsus,wfo-0000026704,Asteraceae,Helichrysum,species
Ficus formosana,ficus formosana,ficus formosana,1,TRUE,TRUE,resolved_by_both,exact_accepted,exact_accepted_unique,Ficus formosana,wfo-0000688363,Moraceae,Ficus,species
Ficus subcuneata,ficus subcuneata,ficus subcuneata,1,TRUE,TRUE,resolved_by_both,exact_accepted,exact_accepted_unique,Ficus subcuneata,wfo-0000690452,Moraceae,Ficus,species
Ficus glumosa,ficus glumosa,ficus glumosa,1,TRUE,TRUE,resolved_by_both,exact_accepted,exact_accepted_unique,Ficus glumosa,wfo-0000688513,Moraceae,Ficus,species
Manilkara zapota,manilkara zapota,manilkara zapota,1,TRUE,TRUE,resolved_by_both,exact_accepted,exact_accepted_unique,Manilkara zapota,wfo-0000235995,Sapotaceae,Manilkara,species
Artemisia judaica,artemisia judaica,artemisia judaica,2,FALSE,TRUE,recovered_by_hierarchical_rules,exact_accepted,exact_accepted_unique,Artemisia judaica,wfo-0000084245,Asteraceae,Artemisia,species
Micromeria cristata,micromeria cristata,micromeria cristata,1,TRUE,TRUE,resolved_by_both,exact_accepted,exact_accepted_unique,Micromeria cristata,wfo-0000243200,Lamiaceae,Micromeria,species
Baccharis leptocephala,baccharis leptocephala,baccharis leptocephala,3,FALSE,TRUE,recovered_by_hierarchical_rules,exact_accepted,exact_accepted_unique,Baccharis leptocephala,wfo-0000019644,Asteraceae,Baccharis,species
Artemisia xanthochroa,artemisia xanthochroa,artemisia xanthochroa,1,TRUE,TRUE,resolved_by_both,exact_accepted,exact_accepted_unique,Artemisia xanthochroa,wfo-0000059482,Asteraceae,Artemisia,species
Prunus domestica,prunus domestica,prunus domestica,1,TRUE,TRUE,resolved_by_both,exact_accepted,exact_accepted_unique,Prunus domestica,wfo-0000984349,Rosaceae,Prunus,species
Vitex quinata,vitex quinata,vitex quinata,1,TRUE,TRUE,resolved_by_both,exact_accepted,exact_accepted_unique,Vitex quinata,wfo-0000333392,Lamiaceae,Vitex,species
Piper marginatum,piper marginatum,piper marginatum,2,FALSE,TRUE,recovered_by_hierarchical_rules,exact_accepted,exact_accepted_unique,Piper marginatum,wfo-0000486009,Piperaceae,Piper,species
Mikania grazielae,mikania grazielae,mikania grazielae,1,TRUE,TRUE,resolved_by_both,exact_accepted,exact_accepted_unique,Mikania grazielae,wfo-0000087758,Asteraceae,Mikania,species
Piper crassinervium,piper crassinervium,piper crassinervium,1,TRUE,TRUE,resolved_by_both,exact_accepted,exact_accepted_unique,Piper crassinervium,wfo-0000478616,Piperaceae,Piper,species
Potentilla longifolia,potentilla longifolia,potentilla longifolia,2,FALSE,TRUE,recovered_by_hierarchical_rules,exact_accepted,exact_accepted_unique,Potentilla longifolia,wfo-0001016002,Rosaceae,Potentilla,species
Potentilla viscosa,potentilla viscosa,potentilla viscosa,3,FALSE,FALSE,unresolved_by_both,exact_conflict,exact_synonym_conflict,NA,NA,NA,NA,NA
Chrysophyllum perpulchrum,chrysophyllum perpulchrum,chrysophyllum perpulchrum,1,TRUE,TRUE,resolved_by_both,exact_synonym,exact_synonym_unique,Gambeya perpulchra,wfo-0000970711,Sapotaceae,Gambeya,species
Iryanthera paraensis,iryanthera paraensis,iryanthera paraensis,1,TRUE,TRUE,resolved_by_both,exact_accepted,exact_accepted_unique,Iryanthera paraensis,wfo-0000732342,Myristicaceae,Iryanthera,species
Tephrosia crassifolia,tephrosia crassifolia,tephrosia crassifolia,1,TRUE,TRUE,resolved_by_both,exact_accepted,exact_accepted_unique,Tephrosia crassifolia,wfo-0000183541,Fabaceae,Tephrosia,species
Pericopsis laxiflora,pericopsis laxiflora,pericopsis laxiflora,1,TRUE,TRUE,resolved_by_both,exact_accepted,exact_accepted_unique,Pericopsis laxiflora,wfo-0000212085,Fabaceae,Pericopsis,species
Lonchocarpus,lonchocarpus,lonchocarpus,1,TRUE,TRUE,resolved_by_both,exact_accepted,exact_accepted_unique,Lonchocarpus,wfo-4000022154,Fabaceae,Lonchocarpus,genus
Cicer mogoltavicum,cicer mogoltavicum,cicer mogoltavicum,1,TRUE,TRUE,resolved_by_both,exact_accepted,exact_accepted_unique,Cicer mogoltavicum,wfo-0000207363,Fabaceae,Cicer,species
Sophora mollis ex,sophora mollis ex,sophora mollis,2,FALSE,FALSE,unresolved_by_both,canonical_conflict,canonical_conflict,NA,NA,NA,NA,NA
Millettia leucantha,millettia leucantha,millettia leucantha,2,FALSE,FALSE,unresolved_by_both,exact_conflict,exact_synonym_conflict,NA,NA,NA,NA,NA
Virgilia oroboides,virgilia oroboides,virgilia oroboides,1,TRUE,TRUE,resolved_by_both,exact_accepted,exact_accepted_unique,Virgilia oroboides,wfo-0001056817,Fabaceae,Virgilia,species
Cicer bijugum,cicer bijugum,cicer bijugum,1,TRUE,TRUE,resolved_by_both,exact_accepted,exact_accepted_unique,Cicer bijugum,wfo-0000185214,Fabaceae,Cicer,species
Cicer pinnatifidum,cicer pinnatifidum,cicer pinnatifidum,1,TRUE,TRUE,resolved_by_both,exact_accepted,exact_accepted_unique,Cicer pinnatifidum,wfo-0000185221,Fabaceae,Cicer,species
Sophora,sophora,sophora,1,TRUE,TRUE,resolved_by_both,exact_accepted,exact_accepted_unique,Sophora,wfo-4000035778,Fabaceae,Sophora,genus
Ononis viscosa,ononis viscosa,ononis viscosa,5,FALSE,TRUE,recovered_by_hierarchical_rules,exact_accepted,exact_accepted_unique,Ononis viscosa,wfo-0000212926,Fabaceae,Ononis,species
Ulex parviflorus,ulex parviflorus,ulex parviflorus,2,FALSE,TRUE,recovered_by_hierarchical_rules,exact_accepted,exact_accepted_unique,Ulex parviflorus,wfo-0000213411,Fabaceae,Ulex,species
Astragalus thracicus,astragalus thracicus,astragalus thracicus,1,TRUE,TRUE,resolved_by_both,exact_accepted,exact_accepted_unique,Astragalus thracicus,wfo-0000213626,Fabaceae,Astragalus,species
Acosmium bijugum,acosmium bijugum,acosmium bijugum,1,TRUE,TRUE,resolved_by_both,exact_synonym,exact_synonym_unique,Leptolobium bijugum,wfo-0000166612,Fabaceae,Leptolobium,species
Psorothamnus arborescens,psorothamnus arborescens,psorothamnus arborescens,1,TRUE,TRUE,resolved_by_both,exact_synonym,exact_synonym_unique,Psorodendron arborescens,wfo-0000181018,Fabaceae,Psorodendron,species
Tephrosia elata,tephrosia elata,tephrosia elata,1,TRUE,TRUE,resolved_by_both,exact_accepted,exact_accepted_unique,Tephrosia elata,wfo-0000202201,Fabaceae,Tephrosia,species
Cladrastis platycarpa,cladrastis platycarpa,cladrastis platycarpa,1,TRUE,TRUE,resolved_by_both,exact_synonym,exact_synonym_unique,Platyosprion platycarpum,wfo-0000192412,Fabaceae,Platyosprion,species
Thermopsis fabacea,thermopsis fabacea,thermopsis fabacea,2,FALSE,FALSE,unresolved_by_both,exact_conflict,exact_synonym_conflict,NA,NA,NA,NA,NA
Thermopsis lupinoides,thermopsis lupinoides,thermopsis lupinoides,1,TRUE,TRUE,resolved_by_both,exact_synonym,exact_synonym_unique,Thermopsis lanceolata,wfo-0000213939,Fabaceae,Thermopsis,species
Tephrosia carrollii,tephrosia carrollii,tephrosia carrollii,1,TRUE,TRUE,resolved_by_both,exact_accepted,exact_accepted_unique,Tephrosia carrollii,wfo-0001273986,Fabaceae,Tephrosia,species
Swartzia apetala,swartzia apetala,swartzia apetala,1,TRUE,TRUE,resolved_by_both,exact_accepted,exact_accepted_unique,Swartzia apetala,wfo-0000164091,Fabaceae,Swartzia,species
Callerya speciosa,callerya speciosa,callerya speciosa,1,TRUE,TRUE,resolved_by_both,exact_synonym,exact_synonym_unique,Nanhaia speciosa,wfo-0001444004,Fabaceae,Nanhaia,species
Millettia speciosa,millettia speciosa,millettia speciosa,2,FALSE,FALSE,unresolved_by_both,exact_conflict,exact_synonym_conflict,NA,NA,NA,NA,NA
Derris oblonga,derris oblonga,derris oblonga,2,FALSE,FALSE,unresolved_by_both,exact_conflict,exact_synonym_conflict,NA,NA,NA,NA,NA
Piper cubeba,piper cubeba,piper cubeba,1,TRUE,TRUE,resolved_by_both,exact_accepted,exact_accepted_unique,Piper cubeba,wfo-0000478712,Piperaceae,Piper,species
Pinus sibirica,pinus sibirica,pinus sibirica,2,FALSE,TRUE,recovered_by_hierarchical_rules,exact_accepted,exact_accepted_unique,Pinus sibirica,wfo-0000481525,Pinaceae,Pinus,species
Populus deltoide,populus deltoide,populus deltoide,0,FALSE,FALSE,unresolved_by_both,unresolved,no_match,NA,NA,NA,NA,NA
Populus deltoides,populus deltoides,populus deltoides,1,TRUE,TRUE,resolved_by_both,exact_accepted,exact_accepted_unique,Populus deltoides,wfo-0000928101,Salicaceae,Populus,species
Populus laurifolia,populus laurifolia,populus laurifolia,1,TRUE,TRUE,resolved_by_both,exact_accepted,exact_accepted_unique,Populus laurifolia,wfo-0001133649,Salicaceae,Populus,species
Uvaria rufa,uvaria rufa,uvaria rufa,2,FALSE,TRUE,recovered_by_hierarchical_rules,exact_accepted,exact_accepted_unique,Uvaria rufa,wfo-0001066290,Annonaceae,Uvaria,species
Haplopappus remyanus,haplopappus remyanus,haplopappus remyanus,1,TRUE,TRUE,resolved_by_both,exact_accepted,exact_accepted_unique,Haplopappus remyanus,wfo-0000005727,Asteraceae,Haplopappus,species
Pinalia pandurata,pinalia pandurata,pinalia pandurata,1,TRUE,TRUE,resolved_by_both,exact_accepted,exact_accepted_unique,Pinalia pandurata,wfo-0000922211,Orchidaceae,Pinalia,species
Cajanus cajan,cajanus cajan,cajanus cajan,2,FALSE,TRUE,recovered_by_hierarchical_rules,exact_accepted,exact_accepted_consensus_multiple_ids,Cajanus cajan,wfo-0000179103,Fabaceae,Cajanus,species
Persicaria ferruginea,persicaria ferruginea,persicaria ferruginea,1,TRUE,TRUE,resolved_by_both,exact_accepted,exact_accepted_unique,Persicaria ferruginea,wfo-0000488041,Polygonaceae,Persicaria,species
Eria parviflora,eria parviflora,eria parviflora,1,TRUE,TRUE,resolved_by_both,exact_synonym,exact_synonym_unique,Bryobium erioides,wfo-0000341978,Orchidaceae,Bryobium,species
Kaempferia parviflora,kaempferia parviflora,kaempferia parviflora,1,TRUE,TRUE,resolved_by_both,exact_accepted,exact_accepted_unique,Kaempferia parviflora,wfo-0000451985,Zingiberaceae,Kaempferia,species
Piper hispidum,piper hispidum,piper hispidum,3,FALSE,TRUE,recovered_by_hierarchical_rules,exact_accepted,exact_accepted_unique,Piper hispidum,wfo-0000478980,Piperaceae,Piper,species
Leptospermum scoparium,leptospermum scoparium,leptospermum scoparium,1,TRUE,TRUE,resolved_by_both,exact_accepted,exact_accepted_unique,Leptospermum scoparium,wfo-0000226751,Myrtaceae,Leptospermum,species
Piper methysticum,piper methysticum,piper methysticum,2,FALSE,TRUE,recovered_by_hierarchical_rules,exact_accepted,exact_accepted_unique,Piper methysticum,wfo-0000486456,Piperaceae,Piper,species
Laennecia filaginoides,laennecia filaginoides,laennecia filaginoides,1,TRUE,TRUE,resolved_by_both,exact_accepted,exact_accepted_unique,Laennecia filaginoides,wfo-0000026913,Asteraceae,Laennecia,species
Taxandria spathulata,taxandria spathulata,taxandria spathulata,1,TRUE,TRUE,resolved_by_both,exact_accepted,exact_accepted_unique,Taxandria spathulata,wfo-0000837111,Myrtaceae,Taxandria,species
Piper porphyrophyllum,piper porphyrophyllum,piper porphyrophyllum,1,TRUE,TRUE,resolved_by_both,exact_accepted,exact_accepted_unique,Piper porphyrophyllum,wfo-0000485437,Piperaceae,Piper,species
Alnus firma,alnus firma,alnus firma,1,TRUE,TRUE,resolved_by_both,exact_accepted,exact_accepted_unique,Alnus firma,wfo-0000944965,Betulaceae,Alnus,species
Pinus clausa,pinus clausa,pinus clausa,1,TRUE,TRUE,resolved_by_both,exact_accepted,exact_accepted_unique,Pinus clausa,wfo-0000481362,Pinaceae,Pinus,species
Pinus lambertiana,pinus lambertiana,pinus lambertiana,1,TRUE,TRUE,resolved_by_both,exact_accepted,exact_accepted_unique,Pinus lambertiana,wfo-0000481091,Pinaceae,Pinus,species
Phyllanthus niruri,phyllanthus niruri,phyllanthus niruri,1,TRUE,TRUE,resolved_by_both,exact_accepted,exact_accepted_unique,Phyllanthus niruri,wfo-0000271623,Phyllanthaceae,Phyllanthus,species
Genista morisii,genista morisii,genista morisii,1,TRUE,TRUE,resolved_by_both,exact_accepted,exact_accepted_unique,Genista morisii,wfo-0000213752,Fabaceae,Genista,species
Lupinus hartwegii,lupinus hartwegii,lupinus hartwegii,1,TRUE,TRUE,resolved_by_both,exact_synonym,exact_synonym_unique,Lupinus ehrenbergii var. ehrenbergii,wfo-0001425997,Fabaceae,Lupinus,variety
Lupinus mexicanus,lupinus mexicanus,lupinus mexicanus,3,FALSE,TRUE,recovered_by_hierarchical_rules,exact_accepted,exact_accepted_unique,Lupinus mexicanus,wfo-0000183548,Fabaceae,Lupinus,species
Cytisus hirsutus,cytisus hirsutus,cytisus hirsutus,2,FALSE,FALSE,unresolved_by_both,exact_conflict,exact_synonym_conflict,NA,NA,NA,NA,NA
Chamaecytisus hirsutus,chamaecytisus hirsutus,chamaecytisus hirsutus,1,TRUE,TRUE,resolved_by_both,exact_accepted,exact_accepted_unique,Chamaecytisus hirsutus,wfo-0000213656,Fabaceae,Chamaecytisus,species
Millettia laurentii,millettia laurentii,millettia laurentii,1,TRUE,TRUE,resolved_by_both,exact_accepted,exact_accepted_unique,Millettia laurentii,wfo-0000200277,Fabaceae,Millettia,species
Alnus sieboldiana,alnus sieboldiana,alnus sieboldiana,1,TRUE,TRUE,resolved_by_both,exact_accepted,exact_accepted_unique,Alnus sieboldiana,wfo-0000947807,Betulaceae,Alnus,species
Clitoria ternatea,clitoria ternatea,clitoria ternatea,1,TRUE,TRUE,resolved_by_both,exact_accepted,exact_accepted_unique,Clitoria ternatea,wfo-0000179216,Fabaceae,Clitoria,species
Garcinia nigrolineata,garcinia nigrolineata,garcinia nigrolineata,1,TRUE,TRUE,resolved_by_both,exact_accepted,exact_accepted_unique,Garcinia nigrolineata,wfo-0000694513,Clusiaceae,Garcinia,species
Cistus incanus,cistus incanus,cistus incanus,0,FALSE,FALSE,unresolved_by_both,unresolved,no_match,NA,NA,NA,NA,NA
Deguelia rariflora,deguelia rariflora,deguelia rariflora,1,TRUE,TRUE,resolved_by_both,exact_accepted,exact_accepted_unique,Deguelia rariflora,wfo-0000186707,Fabaceae,Deguelia,species
Huperzia lucidula,huperzia lucidula,huperzia lucidula,2,FALSE,TRUE,recovered_by_hierarchical_rules,exact_accepted,exact_accepted_consensus_multiple_ids,Huperzia lucidula,wfo-0001115040,Lycopodiaceae,Huperzia,species
Inga umbellifera,inga umbellifera,inga umbellifera,1,TRUE,TRUE,resolved_by_both,exact_accepted,exact_accepted_unique,Inga umbellifera,wfo-0001053728,Fabaceae,Inga,species
Dalbergia volubilis,dalbergia volubilis,dalbergia volubilis,2,FALSE,TRUE,recovered_by_hierarchical_rules,exact_accepted,exact_accepted_unique,Dalbergia volubilis,wfo-0000200013,Fabaceae,Dalbergia,species
Thevetia peruviana,thevetia peruviana,thevetia peruviana,1,TRUE,TRUE,resolved_by_both,exact_synonym,exact_synonym_unique,Cascabela thevetia,wfo-0000810099,Apocynaceae,Cascabela,species
Ormosia monosperma,ormosia monosperma,ormosia monosperma,1,TRUE,TRUE,resolved_by_both,exact_accepted,exact_accepted_unique,Ormosia monosperma,wfo-0000168281,Fabaceae,Ormosia,species
Cassia abbreviata,cassia abbreviata,cassia abbreviata,1,TRUE,TRUE,resolved_by_both,exact_accepted,exact_accepted_unique,Cassia abbreviata,wfo-0000214576,Fabaceae,Cassia,species
Colophospermum mopane,colophospermum mopane,colophospermum mopane,1,TRUE,TRUE,resolved_by_both,exact_accepted,exact_accepted_unique,Colophospermum mopane,wfo-0001057638,Fabaceae,Colophospermum,species
Acacia carneorum,acacia carneorum,acacia carneorum,1,TRUE,TRUE,resolved_by_both,exact_accepted,exact_accepted_unique,Acacia carneorum,wfo-0000201400,Fabaceae,Acacia,species
Eysenhardtia texana,eysenhardtia texana,eysenhardtia texana,1,TRUE,TRUE,resolved_by_both,exact_accepted,exact_accepted_unique,Eysenhardtia texana,wfo-0000174145,Fabaceae,Eysenhardtia,species
Tephrosia aequilata,tephrosia aequilata,tephrosia aequilata,1,TRUE,TRUE,resolved_by_both,exact_accepted,exact_accepted_unique,Tephrosia aequilata,wfo-0000201452,Fabaceae,Tephrosia,species
Cycas revoluta,cycas revoluta,cycas revoluta,1,TRUE,TRUE,resolved_by_both,exact_accepted,exact_accepted_unique,Cycas revoluta,wfo-0000631639,Cycadaceae,Cycas,species
Metasequoia glyptostroboides,metasequoia glyptostroboides,metasequoia glyptostroboides,1,TRUE,TRUE,resolved_by_both,exact_accepted,exact_accepted_unique,Metasequoia glyptostroboides,wfo-0000452120,Cupressaceae,Metasequoia,species
Ononis natrix,ononis natrix,ononis natrix,4,FALSE,TRUE,recovered_by_hierarchical_rules,exact_accepted,exact_accepted_unique,Ononis natrix,wfo-0000212878,Fabaceae,Ononis,species
Eysenhardtia platycarpa,eysenhardtia platycarpa,eysenhardtia platycarpa,1,TRUE,TRUE,resolved_by_both,exact_accepted,exact_accepted_unique,Eysenhardtia platycarpa,wfo-0000165920,Fabaceae,Eysenhardtia,species
Onychium japonicum,onychium japonicum,onychium japonicum,2,FALSE,TRUE,recovered_by_hierarchical_rules,exact_accepted,exact_accepted_unique,Onychium japonicum,wfo-0001107373,Pteridaceae,Onychium,species
Cryptocarya infectoria,cryptocarya infectoria,cryptocarya infectoria,1,TRUE,TRUE,resolved_by_both,exact_synonym,exact_synonym_unique,Cryptocarya griffithiana,wfo-0000627947,Lauraceae,Cryptocarya,species
Cryptocarya rugulosa,cryptocarya rugulosa,cryptocarya rugulosa,1,TRUE,TRUE,resolved_by_both,exact_accepted,exact_accepted_unique,Cryptocarya rugulosa,wfo-0000628187,Lauraceae,Cryptocarya,species
Retama sphaerocarpa,retama sphaerocarpa,retama sphaerocarpa,1,TRUE,TRUE,resolved_by_both,exact_accepted,exact_accepted_unique,Retama sphaerocarpa,wfo-0000213402,Fabaceae,Retama,species
Camellia japonica,camellia japonica,camellia japonica,1,TRUE,TRUE,resolved_by_both,exact_accepted,exact_accepted_unique,Camellia japonica,wfo-0000582404,Theaceae,Camellia,species
Flourensia heterolepis,flourensia heterolepis,flourensia heterolepis,1,TRUE,TRUE,resolved_by_both,exact_accepted,exact_accepted_unique,Flourensia heterolepis,wfo-0000064307,Asteraceae,Flourensia,species
Flourensia oolepis,flourensia oolepis,flourensia oolepis,1,TRUE,TRUE,resolved_by_both,exact_accepted,exact_accepted_unique,Flourensia oolepis,wfo-0000027768,Asteraceae,Flourensia,species
Aizoon africanum,aizoon africanum,aizoon africanum,1,TRUE,TRUE,resolved_by_both,exact_accepted,exact_accepted_unique,Aizoon africanum,wfo-0001434991,Aizoaceae,Aizoon,species
Erythrina indica,erythrina indica,erythrina indica,1,TRUE,TRUE,resolved_by_both,exact_synonym,exact_synonym_unique,Erythrina variegata,wfo-0000181193,Fabaceae,Erythrina,species
Erythrina costaricensis,erythrina costaricensis,erythrina costaricensis,1,TRUE,TRUE,resolved_by_both,exact_accepted,exact_accepted_unique,Erythrina costaricensis,wfo-0000165885,Fabaceae,Erythrina,species
Erythroxylum novogranatense,erythroxylum novogranatense,erythroxylum novogranatense,1,TRUE,TRUE,resolved_by_both,exact_accepted,exact_accepted_unique,Erythroxylum novogranatense,wfo-0000680010,Erythroxylaceae,Erythroxylum,species
Prunus,prunus,prunus,1,TRUE,TRUE,resolved_by_both,exact_accepted,exact_accepted_unique,Prunus,wfo-4000031284,Rosaceae,Prunus,genus
Dalbergia spruceana,dalbergia spruceana,dalbergia spruceana,1,TRUE,TRUE,resolved_by_both,exact_accepted,exact_accepted_unique,Dalbergia spruceana,wfo-0000182181,Fabaceae,Dalbergia,species
Scutellaria amabilis,scutellaria amabilis,scutellaria amabilis,1,TRUE,TRUE,resolved_by_both,exact_accepted,exact_accepted_unique,Scutellaria amabilis,wfo-0000307584,Lamiaceae,Scutellaria,species
Entada phaseoloides,entada phaseoloides,entada phaseoloides,1,TRUE,TRUE,resolved_by_both,exact_accepted,exact_accepted_unique,Entada phaseoloides,wfo-0000192476,Fabaceae,Entada,species
Salvia officinalis,salvia officinalis,salvia officinalis,3,FALSE,TRUE,recovered_by_hierarchical_rules,exact_accepted,exact_accepted_unique,Salvia officinalis,wfo-0000301765,Lamiaceae,Salvia,species
Salvia rosmarinus,salvia rosmarinus,salvia rosmarinus,1,TRUE,TRUE,resolved_by_both,exact_accepted,exact_accepted_unique,Salvia rosmarinus,wfo-0000302167,Lamiaceae,Salvia,species
Carapa guianensis,carapa guianensis,carapa guianensis,1,TRUE,TRUE,resolved_by_both,exact_accepted,exact_accepted_unique,Carapa guianensis,wfo-0000586378,Meliaceae,Carapa,species
Berchemia formosana,berchemia formosana,berchemia formosana,1,TRUE,TRUE,resolved_by_both,exact_accepted,exact_accepted_unique,Berchemia formosana,wfo-0000564142,Rhamnaceae,Berchemia,species
Mandevilla hirsuta,mandevilla hirsuta,mandevilla hirsuta,1,TRUE,TRUE,resolved_by_both,exact_accepted,exact_accepted_unique,Mandevilla hirsuta,wfo-0000234939,Apocynaceae,Mandevilla,species
Solanum lycopersicum,solanum lycopersicum,solanum lycopersicum,1,TRUE,TRUE,resolved_by_both,exact_accepted,exact_accepted_unique,Solanum lycopersicum,wfo-0001029216,Solanaceae,Solanum,species
Equisetum arvense,equisetum arvense,equisetum arvense,2,FALSE,TRUE,recovered_by_hierarchical_rules,exact_accepted,exact_accepted_unique,Equisetum arvense,wfo-0001108914,Equisetaceae,Equisetum,species
Rhynchosia beddomei,rhynchosia beddomei,rhynchosia beddomei,1,TRUE,TRUE,resolved_by_both,exact_accepted,exact_accepted_unique,Rhynchosia beddomei,wfo-0000185042,Fabaceae,Rhynchosia,species
Populus davidiana,populus davidiana,populus davidiana,1,TRUE,TRUE,resolved_by_both,exact_synonym,exact_synonym_unique,Populus tremula var. davidiana,wfo-0000930744,Salicaceae,Populus,variety
Smilax excelsa,smilax excelsa,smilax excelsa,2,FALSE,TRUE,recovered_by_hierarchical_rules,exact_accepted,exact_accepted_unique,Smilax excelsa,wfo-0000742607,Smilacaceae,Smilax,species
Intsia bijuga,intsia bijuga,intsia bijuga,1,TRUE,TRUE,resolved_by_both,exact_accepted,exact_accepted_unique,Intsia bijuga,wfo-0000168901,Fabaceae,Intsia,species
Cochlospermum gillivraei,cochlospermum gillivraei,cochlospermum gillivraei,1,TRUE,TRUE,resolved_by_both,exact_accepted,exact_accepted_unique,Cochlospermum gillivraei,wfo-0000902346,Bixaceae,Cochlospermum,species
Steiractinia sodiroi,steiractinia sodiroi,steiractinia sodiroi,1,TRUE,TRUE,resolved_by_both,exact_accepted,exact_accepted_unique,Steiractinia sodiroi,wfo-0000059216,Asteraceae,Steiractinia,species
Monopteryx inpae,monopteryx inpae,monopteryx inpae,1,TRUE,TRUE,resolved_by_both,exact_accepted,exact_accepted_unique,Monopteryx inpae,wfo-0000168729,Fabaceae,Monopteryx,species
Baccharis linearifolia,baccharis linearifolia,baccharis linearifolia,1,TRUE,TRUE,resolved_by_both,exact_accepted,exact_accepted_unique,Baccharis linearifolia,wfo-0000085278,Asteraceae,Baccharis,species
Baccharis retusa,baccharis retusa,baccharis retusa,1,TRUE,TRUE,resolved_by_both,exact_accepted,exact_accepted_unique,Baccharis retusa,wfo-0000083802,Asteraceae,Baccharis,species
Baccharis salzmannii,baccharis salzmannii,baccharis salzmannii,1,TRUE,TRUE,resolved_by_both,exact_synonym,exact_synonym_unique,Baccharis retusa,wfo-0000083802,Asteraceae,Baccharis,species
Baccharis varians,baccharis varians,baccharis varians,1,TRUE,TRUE,resolved_by_both,exact_synonym,exact_synonym_unique,Baccharis linearifolia,wfo-0000085278,Asteraceae,Baccharis,species
Phlomis aurea,phlomis aurea,phlomis aurea,1,TRUE,TRUE,resolved_by_both,exact_accepted,exact_accepted_unique,Phlomis aurea,wfo-0000269191,Lamiaceae,Phlomis,species
Stachys aegyptiaca,stachys aegyptiaca,stachys aegyptiaca,1,TRUE,TRUE,resolved_by_both,exact_accepted,exact_accepted_unique,Stachys aegyptiaca,wfo-0000313637,Lamiaceae,Stachys,species
Lupinus subcarnosus,lupinus subcarnosus,lupinus subcarnosus,1,TRUE,TRUE,resolved_by_both,exact_accepted,exact_accepted_unique,Lupinus subcarnosus,wfo-0000174768,Fabaceae,Lupinus,species
Lupinus texensis,lupinus texensis,lupinus texensis,1,TRUE,TRUE,resolved_by_both,exact_accepted,exact_accepted_unique,Lupinus texensis,wfo-0000174773,Fabaceae,Lupinus,species
Alpinia zerumbet,alpinia zerumbet,alpinia zerumbet,1,TRUE,TRUE,resolved_by_both,exact_accepted,exact_accepted_unique,Alpinia zerumbet,wfo-0000338850,Zingiberaceae,Alpinia,species
Dracocephalum tanguticum,dracocephalum tanguticum,dracocephalum tanguticum,1,TRUE,TRUE,resolved_by_both,exact_accepted,exact_accepted_unique,Dracocephalum tanguticum,wfo-0000945484,Lamiaceae,Dracocephalum,species
Thymus numidicus,thymus numidicus,thymus numidicus,1,TRUE,TRUE,resolved_by_both,exact_accepted,exact_accepted_unique,Thymus numidicus,wfo-0000324459,Lamiaceae,Thymus,species
Ormosia henryi,ormosia henryi,ormosia henryi,1,TRUE,TRUE,resolved_by_both,exact_accepted,exact_accepted_unique,Ormosia henryi,wfo-0000197170,Fabaceae,Ormosia,species
Solanum,solanum,solanum,1,TRUE,TRUE,resolved_by_both,exact_accepted,exact_accepted_unique,Solanum,wfo-4000035688,Solanaceae,Solanum,genus
Lippia graveolens,lippia graveolens,lippia graveolens,1,TRUE,TRUE,resolved_by_both,exact_synonym,exact_synonym_unique,Lippia origanoides,wfo-0000229041,Verbenaceae,Lippia,species
Fragaria,fragaria,fragaria,1,TRUE,TRUE,resolved_by_both,exact_accepted,exact_accepted_unique,Fragaria,wfo-4000014995,Rosaceae,Fragaria,genus
Brassica,brassica,brassica,1,TRUE,TRUE,resolved_by_both,exact_accepted,exact_accepted_unique,Brassica,wfo-4000005345,Brassicaceae,Brassica,genus
Brassica oleracea,brassica oleracea,brassica oleracea,1,TRUE,TRUE,resolved_by_both,exact_accepted,exact_accepted_unique,Brassica oleracea,wfo-0000571350,Brassicaceae,Brassica,species
Capsicum annuum,capsicum annuum,capsicum annuum,1,TRUE,TRUE,resolved_by_both,exact_accepted,exact_accepted_unique,Capsicum annuum,wfo-0001019982,Solanaceae,Capsicum,species
Citrus aurantiifolia,citrus aurantiifolia,citrus aurantiifolia,1,TRUE,TRUE,resolved_by_both,exact_accepted,exact_accepted_unique,Citrus aurantiifolia,wfo-0001242548,Rutaceae,Citrus,species
Lactuca sativa,lactuca sativa,lactuca sativa,1,TRUE,TRUE,resolved_by_both,exact_accepted,exact_accepted_unique,Lactuca sativa,wfo-0000128816,Asteraceae,Lactuca,species
Ribes nigrum,ribes nigrum,ribes nigrum,2,FALSE,TRUE,recovered_by_hierarchical_rules,exact_accepted,exact_accepted_unique,Ribes nigrum,wfo-0000405161,Grossulariaceae,Ribes,species
Ribes rubrum,ribes rubrum,ribes rubrum,1,TRUE,TRUE,resolved_by_both,exact_accepted,exact_accepted_unique,Ribes rubrum,wfo-0000405218,Grossulariaceae,Ribes,species
Rubus idaeus,rubus idaeus,rubus idaeus,2,FALSE,TRUE,recovered_by_hierarchical_rules,exact_accepted,exact_accepted_unique,Rubus idaeus,wfo-0001000827,Rosaceae,Rubus,species
Petroselinum crispum,petroselinum crispum,petroselinum crispum,1,TRUE,TRUE,resolved_by_both,exact_accepted,exact_accepted_unique,Petroselinum crispum,wfo-0000745326,Apiaceae,Petroselinum,species
Allium,allium,allium,1,TRUE,TRUE,resolved_by_both,exact_accepted,exact_accepted_unique,Allium,wfo-4000001260,Amaryllidaceae,Allium,genus
Citrus aurantifolia,citrus aurantifolia,citrus aurantifolia,0,FALSE,FALSE,unresolved_by_both,unresolved,no_match,NA,NA,NA,NA,NA
Citrus,citrus,citrus,1,TRUE,TRUE,resolved_by_both,exact_accepted,exact_accepted_unique,Citrus,wfo-4000008411,Rutaceae,Citrus,genus
Smallanthus fruticosus,smallanthus fruticosus,smallanthus fruticosus,1,TRUE,TRUE,resolved_by_both,exact_accepted,exact_accepted_unique,Smallanthus fruticosus,wfo-0000044196,Asteraceae,Smallanthus,species
Dendrobium densiflorum,dendrobium densiflorum,dendrobium densiflorum,1,TRUE,TRUE,resolved_by_both,exact_accepted,exact_accepted_unique,Dendrobium densiflorum,wfo-0000938987,Orchidaceae,Dendrobium,species
Chrysothamnus humilis,chrysothamnus humilis,chrysothamnus humilis,1,TRUE,TRUE,resolved_by_both,exact_accepted,exact_accepted_unique,Chrysothamnus humilis,wfo-0000022738,Asteraceae,Chrysothamnus,species
Cotoneaster orbicularis,cotoneaster orbicularis,cotoneaster orbicularis,1,TRUE,TRUE,resolved_by_both,exact_accepted,exact_accepted_unique,Cotoneaster orbicularis,wfo-0001002632,Rosaceae,Cotoneaster,species
Anethum graveolens,anethum graveolens,anethum graveolens,2,FALSE,TRUE,recovered_by_hierarchical_rules,exact_accepted,exact_accepted_unique,Anethum graveolens,wfo-0000536042,Apiaceae,Anethum,species
Coriandrum sativum,coriandrum sativum,coriandrum sativum,1,TRUE,TRUE,resolved_by_both,exact_accepted,exact_accepted_unique,Coriandrum sativum,wfo-0000621274,Apiaceae,Coriandrum,species
Hyssopus officinalis,hyssopus officinalis,hyssopus officinalis,5,FALSE,TRUE,recovered_by_hierarchical_rules,exact_accepted,exact_accepted_unique,Hyssopus officinalis,wfo-0000217205,Lamiaceae,Hyssopus,species
Matricaria chamomilla,matricaria chamomilla,matricaria chamomilla,1,TRUE,TRUE,resolved_by_both,exact_accepted,exact_accepted_unique,Matricaria chamomilla,wfo-0000003146,Asteraceae,Matricaria,species
Melissa officinalis,melissa officinalis,melissa officinalis,1,TRUE,TRUE,resolved_by_both,exact_accepted,exact_accepted_unique,Melissa officinalis,wfo-0000240053,Lamiaceae,Melissa,species
Ocimum basilicum,ocimum basilicum,ocimum basilicum,1,TRUE,TRUE,resolved_by_both,exact_accepted,exact_accepted_unique,Ocimum basilicum,wfo-0000253230,Lamiaceae,Ocimum,species
Pimpinella anisum,pimpinella anisum,pimpinella anisum,2,FALSE,TRUE,recovered_by_hierarchical_rules,exact_accepted,exact_accepted_unique,Pimpinella anisum,wfo-0000390925,Apiaceae,Pimpinella,species
Tilia tomentosa,tilia tomentosa,tilia tomentosa,1,TRUE,TRUE,resolved_by_both,exact_accepted,exact_accepted_unique,Tilia tomentosa,wfo-0000457026,Malvaceae,Tilia,species
Thymus,thymus,thymus,1,TRUE,TRUE,resolved_by_both,exact_accepted,exact_accepted_unique,Thymus,wfo-4000038335,Lamiaceae,Thymus,genus
Callerya reticulata,callerya reticulata,callerya reticulata,1,TRUE,TRUE,resolved_by_both,exact_synonym,exact_synonym_unique,Wisteriopsis reticulata,wfo-0001444210,Fabaceae,Wisteriopsis,species
Origanum dictamnus,origanum dictamnus,origanum dictamnus,1,TRUE,TRUE,resolved_by_both,exact_accepted,exact_accepted_unique,Origanum dictamnus,wfo-0000260590,Lamiaceae,Origanum,species
Acer pictum,acer pictum,acer pictum,1,TRUE,TRUE,resolved_by_both,exact_accepted,exact_accepted_unique,Acer pictum,wfo-0000514846,Sapindaceae,Acer,species
Pittocaulon velatum,pittocaulon velatum,pittocaulon velatum,1,TRUE,TRUE,resolved_by_both,exact_accepted,exact_accepted_unique,Pittocaulon velatum,wfo-0000036531,Asteraceae,Pittocaulon,species
Chrysanthemum morifolium,chrysanthemum morifolium,chrysanthemum morifolium,1,TRUE,TRUE,resolved_by_both,exact_accepted,exact_accepted_unique,Chrysanthemum morifolium,wfo-0000031162,Asteraceae,Chrysanthemum,species
Cota palaestina,cota palaestina,cota palaestina,1,TRUE,TRUE,resolved_by_both,exact_accepted,exact_accepted_unique,Cota palaestina,wfo-0000133617,Asteraceae,Cota,species
Xanthoceras sorbifolia,xanthoceras sorbifolia,xanthoceras sorbifolia,0,FALSE,FALSE,unresolved_by_both,unresolved,no_match,NA,NA,NA,NA,NA
Xanthoceras sorbifolium,xanthoceras sorbifolium,xanthoceras sorbifolium,1,TRUE,TRUE,resolved_by_both,exact_accepted,exact_accepted_unique,Xanthoceras sorbifolium,wfo-0001135169,Sapindaceae,Xanthoceras,species
Dalbergia stevensonii,dalbergia stevensonii,dalbergia stevensonii,1,TRUE,TRUE,resolved_by_both,exact_accepted,exact_accepted_unique,Dalbergia stevensonii,wfo-0000169029,Fabaceae,Dalbergia,species
Aeonium lindleyi,aeonium lindleyi,aeonium lindleyi,1,TRUE,TRUE,resolved_by_both,exact_accepted,exact_accepted_unique,Aeonium lindleyi,wfo-0000521676,Crassulaceae,Aeonium,species
Elaeodendron croceum,elaeodendron croceum,elaeodendron croceum,1,TRUE,TRUE,resolved_by_both,exact_accepted,exact_accepted_unique,Elaeodendron croceum,wfo-0000664930,Celastraceae,Elaeodendron,species
Betula maximowicziana,betula maximowicziana,betula maximowicziana,1,TRUE,TRUE,resolved_by_both,exact_accepted,exact_accepted_unique,Betula maximowicziana,wfo-0000334427,Betulaceae,Betula,species
Podocarpus fasciculus,podocarpus fasciculus,podocarpus fasciculus,1,TRUE,TRUE,resolved_by_both,exact_accepted,exact_accepted_unique,Podocarpus fasciculus,wfo-0000485218,Podocarpaceae,Podocarpus,species
Heliotropium taltalense,heliotropium taltalense,heliotropium taltalense,1,TRUE,TRUE,resolved_by_both,exact_accepted,exact_accepted_unique,Heliotropium taltalense,wfo-0000718974,Heliotropiaceae,Heliotropium,species
Heliotropium sclerocarpum,heliotropium sclerocarpum,heliotropium sclerocarpum,0,FALSE,FALSE,unresolved_by_both,unresolved,no_match,NA,NA,NA,NA,NA
Pittocaulon praecox,pittocaulon praecox,pittocaulon praecox,1,TRUE,TRUE,resolved_by_both,exact_synonym,exact_synonym_unique,Senecio praecox,wfo-0000017618,Asteraceae,Senecio,species
Premna fulva,premna fulva,premna fulva,1,TRUE,TRUE,resolved_by_both,exact_accepted,exact_accepted_unique,Premna fulva,wfo-0000282626,Lamiaceae,Premna,species
Aster koraiensis,aster koraiensis,aster koraiensis,1,TRUE,TRUE,resolved_by_both,exact_synonym,exact_synonym_unique,Miyamayomena koraiensis,wfo-0000087700,Asteraceae,Miyamayomena,species
Acacia,acacia,acacia,1,TRUE,TRUE,resolved_by_both,exact_accepted,exact_accepted_unique,Acacia,wfo-4000000074,Fabaceae,Acacia,genus
Quercus ilex,quercus ilex,quercus ilex,2,FALSE,TRUE,recovered_by_hierarchical_rules,exact_accepted,exact_accepted_unique,Quercus ilex,wfo-0000291202,Fagaceae,Quercus,species
Prunus grayana,prunus grayana,prunus grayana,1,TRUE,TRUE,resolved_by_both,exact_accepted,exact_accepted_unique,Prunus grayana,wfo-0000986014,Rosaceae,Prunus,species
Peltogyne confertiflora,peltogyne confertiflora,peltogyne confertiflora,1,TRUE,TRUE,resolved_by_both,exact_accepted,exact_accepted_unique,Peltogyne confertiflora,wfo-0000183518,Fabaceae,Peltogyne,species
Lupinus mutabilis,lupinus mutabilis,lupinus mutabilis,1,TRUE,TRUE,resolved_by_both,exact_accepted,exact_accepted_unique,Lupinus mutabilis,wfo-0000213497,Fabaceae,Lupinus,species
Lonchocarpus latifolius,lonchocarpus latifolius,lonchocarpus latifolius,1,TRUE,TRUE,resolved_by_both,exact_synonym,exact_synonym_unique,Lonchocarpus heptaphyllus,wfo-0000210427,Fabaceae,Lonchocarpus,species
Iryanthera polyneura,iryanthera polyneura,iryanthera polyneura,1,TRUE,TRUE,resolved_by_both,exact_accepted,exact_accepted_unique,Iryanthera polyneura,wfo-0001085223,Myristicaceae,Iryanthera,species
Erythrina sandwicensis,erythrina sandwicensis,erythrina sandwicensis,1,TRUE,TRUE,resolved_by_both,exact_accepted,exact_accepted_unique,Erythrina sandwicensis,wfo-0000186915,Fabaceae,Erythrina,species
Anacheilium kaustkyi,anacheilium kaustkyi,anacheilium kaustkyi,0,FALSE,FALSE,unresolved_by_both,unresolved,no_match,NA,NA,NA,NA,NA
Prosthechea alagoensis,prosthechea alagoensis,prosthechea alagoensis,1,TRUE,TRUE,resolved_by_both,exact_accepted,exact_accepted_unique,Prosthechea alagoensis,wfo-0000283511,Orchidaceae,Prosthechea,species
Prosthechea allemanii,prosthechea allemanii,prosthechea allemanii,1,TRUE,TRUE,resolved_by_both,exact_accepted,exact_accepted_unique,Prosthechea allemanii,wfo-0000283512,Orchidaceae,Prosthechea,species
Prosthechea allemanoides,prosthechea allemanoides,prosthechea allemanoides,1,TRUE,TRUE,resolved_by_both,exact_accepted,exact_accepted_unique,Prosthechea allemanoides,wfo-0000283513,Orchidaceae,Prosthechea,species
Prosthechea bulbosa,prosthechea bulbosa,prosthechea bulbosa,1,TRUE,TRUE,resolved_by_both,exact_accepted,exact_accepted_unique,Prosthechea bulbosa,wfo-0000283526,Orchidaceae,Prosthechea,species
Prosthechea caetensis,prosthechea caetensis,prosthechea caetensis,1,TRUE,TRUE,resolved_by_both,exact_accepted,exact_accepted_unique,Prosthechea caetensis,wfo-0000283527,Orchidaceae,Prosthechea,species
Prosthechea calamaria,prosthechea calamaria,prosthechea calamaria,1,TRUE,TRUE,resolved_by_both,exact_accepted,exact_accepted_unique,Prosthechea calamaria,wfo-0000283528,Orchidaceae,Prosthechea,species
Prosthechea campos-portoi,prosthechea campos-portoi,prosthechea campos-portoi,1,TRUE,TRUE,resolved_by_both,exact_accepted,exact_accepted_unique,Prosthechea campos-portoi,wfo-0000283529,Orchidaceae,Prosthechea,species
Prosthechea cochleata,prosthechea cochleata,prosthechea cochleata,1,TRUE,TRUE,resolved_by_both,exact_accepted,exact_accepted_unique,Prosthechea cochleata,wfo-0000283538,Orchidaceae,Prosthechea,species
Prosthechea faresiana,prosthechea faresiana,prosthechea faresiana,1,TRUE,TRUE,resolved_by_both,exact_accepted,exact_accepted_unique,Prosthechea faresiana,wfo-0000283545,Orchidaceae,Prosthechea,species
Prosthechea fausta,prosthechea fausta,prosthechea fausta,1,TRUE,TRUE,resolved_by_both,exact_accepted,exact_accepted_unique,Prosthechea fausta,wfo-0000283546,Orchidaceae,Prosthechea,species
Prosthechea fragrans,prosthechea fragrans,prosthechea fragrans,1,TRUE,TRUE,resolved_by_both,exact_accepted,exact_accepted_unique,Prosthechea fragrans,wfo-0000283549,Orchidaceae,Prosthechea,species
Prosthechea glumacea,prosthechea glumacea,prosthechea glumacea,1,TRUE,TRUE,resolved_by_both,exact_accepted,exact_accepted_unique,Prosthechea glumacea,wfo-0000283556,Orchidaceae,Prosthechea,species
Prosthechea grammatoglossa,prosthechea grammatoglossa,prosthechea grammatoglossa,1,TRUE,TRUE,resolved_by_both,exact_accepted,exact_accepted_unique,Prosthechea grammatoglossa,wfo-0000283557,Orchidaceae,Prosthechea,species
Prosthechea hartwegii,prosthechea hartwegii,prosthechea hartwegii,1,TRUE,TRUE,resolved_by_both,exact_accepted,exact_accepted_unique,Prosthechea hartwegii,wfo-0000283562,Orchidaceae,Prosthechea,species
Prosthechea livida,prosthechea livida,prosthechea livida,1,TRUE,TRUE,resolved_by_both,exact_accepted,exact_accepted_unique,Prosthechea livida,wfo-0000283575,Orchidaceae,Prosthechea,species
Prosthechea moojenii,prosthechea moojenii,prosthechea moojenii,1,TRUE,TRUE,resolved_by_both,exact_accepted,exact_accepted_unique,Prosthechea moojenii,wfo-0000283581,Orchidaceae,Prosthechea,species
Prosthechea papilio,prosthechea papilio,prosthechea papilio,1,TRUE,TRUE,resolved_by_both,exact_accepted,exact_accepted_unique,Prosthechea papilio,wfo-0000283590,Orchidaceae,Prosthechea,species
Prosthechea pygmaea,prosthechea pygmaea,prosthechea pygmaea,1,TRUE,TRUE,resolved_by_both,exact_accepted,exact_accepted_unique,Prosthechea pygmaea,wfo-0000283600,Orchidaceae,Prosthechea,species
Prosthechea radiata,prosthechea radiata,prosthechea radiata,1,TRUE,TRUE,resolved_by_both,exact_accepted,exact_accepted_unique,Prosthechea radiata,wfo-0000283602,Orchidaceae,Prosthechea,species
Prosthechea sessiliflora,prosthechea sessiliflora,prosthechea sessiliflora,1,TRUE,TRUE,resolved_by_both,exact_accepted,exact_accepted_unique,Prosthechea sessiliflora,wfo-0000283611,Orchidaceae,Prosthechea,species
Prosthechea suzanensis,prosthechea suzanensis,prosthechea suzanensis,1,TRUE,TRUE,resolved_by_both,exact_accepted,exact_accepted_unique,Prosthechea suzanensis,wfo-0000283615,Orchidaceae,Prosthechea,species
Prosthechea vespa,prosthechea vespa,prosthechea vespa,1,TRUE,TRUE,resolved_by_both,exact_accepted,exact_accepted_unique,Prosthechea vespa,wfo-0000283624,Orchidaceae,Prosthechea,species
Prosthechea widgrenii,prosthechea widgrenii,prosthechea widgrenii,1,TRUE,TRUE,resolved_by_both,exact_accepted,exact_accepted_unique,Prosthechea widgrenii,wfo-0000283629,Orchidaceae,Prosthechea,species
Brucea javanica,brucea javanica,brucea javanica,1,TRUE,TRUE,resolved_by_both,exact_accepted,exact_accepted_unique,Brucea javanica,wfo-0000572705,Simaroubaceae,Brucea,species
Peperomia blanda,peperomia blanda,peperomia blanda,1,TRUE,TRUE,resolved_by_both,exact_accepted,exact_accepted_unique,Peperomia blanda,wfo-0000478029,Piperaceae,Peperomia,species
Peperomia leptostachya,peperomia leptostachya,peperomia leptostachya,2,FALSE,TRUE,recovered_by_hierarchical_rules,exact_accepted,exact_accepted_unique,Peperomia leptostachya,wfo-0000477565,Piperaceae,Peperomia,species
Myristica malabarica,myristica malabarica,myristica malabarica,1,TRUE,TRUE,resolved_by_both,exact_accepted,exact_accepted_unique,Myristica malabarica,wfo-0000447776,Myristicaceae,Myristica,species
Tripterygium wilfordii,tripterygium wilfordii,tripterygium wilfordii,1,TRUE,TRUE,resolved_by_both,exact_accepted,exact_accepted_unique,Tripterygium wilfordii,wfo-0001257492,Celastraceae,Tripterygium,species
Geranium niveum,geranium niveum,geranium niveum,1,TRUE,TRUE,resolved_by_both,exact_accepted,exact_accepted_unique,Geranium niveum,wfo-0000700937,Geraniaceae,Geranium,species
Bidens bipinnata,bidens bipinnata,bidens bipinnata,2,FALSE,TRUE,recovered_by_hierarchical_rules,exact_accepted,exact_accepted_unique,Bidens bipinnata,wfo-0000028784,Asteraceae,Bidens,species
Daucus carota,daucus carota,daucus carota,1,TRUE,TRUE,resolved_by_both,exact_accepted,exact_accepted_unique,Daucus carota,wfo-0000638442,Apiaceae,Daucus,species
Sauromatum venosum,sauromatum venosum,sauromatum venosum,1,TRUE,TRUE,resolved_by_both,exact_accepted,exact_accepted_unique,Sauromatum venosum,wfo-0000304979,Araceae,Sauromatum,species
Dalbergia sissoides,dalbergia sissoides,dalbergia sissoides,2,FALSE,TRUE,recovered_by_hierarchical_rules,exact_accepted,exact_accepted_consensus_multiple_ids,Dalbergia sissoides,wfo-0000194811,Fabaceae,Dalbergia,species
Rosa cymosa,rosa cymosa,rosa cymosa,1,TRUE,TRUE,resolved_by_both,exact_synonym,exact_synonym_unique,Rosa indica,wfo-0001014404,Rosaceae,Rosa,species
Quercus salicina,quercus salicina,quercus salicina,1,TRUE,TRUE,resolved_by_both,exact_accepted,exact_accepted_unique,Quercus salicina,wfo-0000293064,Fagaceae,Quercus,species
Quercus phillyraeoides,quercus phillyraeoides,quercus phillyraeoides,0,FALSE,FALSE,unresolved_by_both,unresolved,no_match,NA,NA,NA,NA,NA
Melastoma malabathricum,melastoma malabathricum,melastoma malabathricum,1,TRUE,TRUE,resolved_by_both,exact_accepted,exact_accepted_unique,Melastoma malabathricum,wfo-0001080544,Melastomataceae,Melastoma,species
Helichrysum maracandicum,helichrysum maracandicum,helichrysum maracandicum,2,FALSE,TRUE,recovered_by_hierarchical_rules,exact_accepted,exact_accepted_consensus_multiple_ids,Helichrysum maracandicum,wfo-0000018877,Asteraceae,Helichrysum,species
Bursera leptophloeos,bursera leptophloeos,bursera leptophloeos,1,TRUE,TRUE,resolved_by_both,exact_synonym,exact_synonym_unique,Commiphora leptophloeos,wfo-0000617344,Burseraceae,Commiphora,species
Ampelopsis grossedentata,ampelopsis grossedentata,ampelopsis grossedentata,1,TRUE,TRUE,resolved_by_both,exact_synonym,exact_synonym_unique,Nekemias grossedentata,wfo-0001340501,Vitaceae,Nekemias,species
Andrographis paniculata,andrographis paniculata,andrographis paniculata,1,TRUE,TRUE,resolved_by_both,exact_accepted,exact_accepted_unique,Andrographis paniculata,wfo-0000534069,Acanthaceae,Andrographis,species
Cassipourea malosana,cassipourea malosana,cassipourea malosana,1,TRUE,TRUE,resolved_by_both,exact_accepted,exact_accepted_unique,Cassipourea malosana,wfo-0000589662,Rhizophoraceae,Cassipourea,species
Chenopodium ambrosioides,chenopodium ambrosioides,chenopodium ambrosioides,1,TRUE,TRUE,resolved_by_both,exact_synonym,exact_synonym_unique,Dysphania ambrosioides,wfo-0000658867,Amaranthaceae,Dysphania,species
Dysphania ambrosioides,dysphania ambrosioides,dysphania ambrosioides,1,TRUE,TRUE,resolved_by_both,exact_accepted,exact_accepted_unique,Dysphania ambrosioides,wfo-0000658867,Amaranthaceae,Dysphania,species
Nymphaea ampla,nymphaea ampla,nymphaea ampla,1,TRUE,TRUE,resolved_by_both,exact_accepted,exact_accepted_unique,Nymphaea ampla,wfo-0000381455,Nymphaeaceae,Nymphaea,species
Chrozophora tinctoria,chrozophora tinctoria,chrozophora tinctoria,1,TRUE,TRUE,resolved_by_both,exact_accepted,exact_accepted_unique,Chrozophora tinctoria,wfo-0000852775,Euphorbiaceae,Chrozophora,species
Lindera lucida,lindera lucida,lindera lucida,1,TRUE,TRUE,resolved_by_both,exact_accepted,exact_accepted_unique,Lindera lucida,wfo-0000365480,Lauraceae,Lindera,species
Rhododendron mucronatum,rhododendron mucronatum,rhododendron mucronatum,1,TRUE,TRUE,resolved_by_both,exact_accepted,exact_accepted_unique,Rhododendron mucronatum,wfo-0001229801,Ericaceae,Rhododendron,species
Flourensia retinophylla,flourensia retinophylla,flourensia retinophylla,2,FALSE,TRUE,recovered_by_hierarchical_rules,exact_accepted,exact_accepted_consensus_multiple_ids,Flourensia retinophylla,wfo-0000096733,Asteraceae,Flourensia,species
Thermopsis dolichocarpa,thermopsis dolichocarpa,thermopsis dolichocarpa,1,TRUE,TRUE,resolved_by_both,exact_accepted,exact_accepted_unique,Thermopsis dolichocarpa,wfo-0000186286,Fabaceae,Thermopsis,species
Ipomoea purpurea,ipomoea purpurea,ipomoea purpurea,1,TRUE,TRUE,resolved_by_both,exact_accepted,exact_accepted_unique,Ipomoea purpurea,wfo-0001296676,Convolvulaceae,Ipomoea,species
Genista corsica,genista corsica,genista corsica,1,TRUE,TRUE,resolved_by_both,exact_accepted,exact_accepted_unique,Genista corsica,wfo-0000213730,Fabaceae,Genista,species
Plectranthus ecklonii,plectranthus ecklonii,plectranthus ecklonii,1,TRUE,TRUE,resolved_by_both,exact_accepted,exact_accepted_unique,Plectranthus ecklonii,wfo-0000275391,Lamiaceae,Plectranthus,species
Eriodictyon californicum,eriodictyon californicum,eriodictyon californicum,1,TRUE,TRUE,resolved_by_both,exact_accepted,exact_accepted_unique,Eriodictyon californicum,wfo-0001066643,Namaceae,Eriodictyon,species
Breynia vitis-idaea,breynia vitis-idaea,breynia vitis-idaea,1,TRUE,TRUE,resolved_by_both,exact_accepted,exact_accepted_unique,Breynia vitis-idaea,wfo-0000415036,Phyllanthaceae,Breynia,species
Amburana cearensis,amburana cearensis,amburana cearensis,1,TRUE,TRUE,resolved_by_both,exact_accepted,exact_accepted_unique,Amburana cearensis,wfo-0000182165,Fabaceae,Amburana,species
Andrographis ceylanica,andrographis ceylanica,andrographis ceylanica,2,FALSE,FALSE,unresolved_by_both,exact_conflict,exact_synonym_conflict,NA,NA,NA,NA,NA
Aster souliei,aster souliei,aster souliei,1,TRUE,TRUE,resolved_by_both,exact_accepted,exact_accepted_unique,Aster souliei,wfo-0000003517,Asteraceae,Aster,species
Iryanthera juruensis,iryanthera juruensis,iryanthera juruensis,1,TRUE,TRUE,resolved_by_both,exact_accepted,exact_accepted_unique,Iryanthera juruensis,wfo-0000732330,Myristicaceae,Iryanthera,species
Millettia pachyloba,millettia pachyloba,millettia pachyloba,1,TRUE,TRUE,resolved_by_both,exact_accepted,exact_accepted_unique,Millettia pachyloba,wfo-0000197342,Fabaceae,Millettia,species
Asplenium ceterach,asplenium ceterach,asplenium ceterach,1,TRUE,TRUE,resolved_by_both,exact_accepted,exact_accepted_unique,Asplenium ceterach,wfo-0001115841,Aspleniaceae,Asplenium,species
Gnetum montanum,gnetum montanum,gnetum montanum,1,TRUE,TRUE,resolved_by_both,exact_accepted,exact_accepted_unique,Gnetum montanum,wfo-0000795644,Gnetaceae,Gnetum,species
Gnetum klossii,gnetum klossii,gnetum klossii,1,TRUE,TRUE,resolved_by_both,exact_accepted,exact_accepted_unique,Gnetum klossii,wfo-0000795610,Gnetaceae,Gnetum,species
Stylogyne ardisioides,stylogyne ardisioides,stylogyne ardisioides,1,TRUE,TRUE,resolved_by_both,exact_accepted,exact_accepted_unique,Stylogyne ardisioides,wfo-0000506101,Primulaceae,Stylogyne,species
Plumbago indica,plumbago indica,plumbago indica,1,TRUE,TRUE,resolved_by_both,exact_accepted,exact_accepted_unique,Plumbago indica,wfo-0001095164,Plumbaginaceae,Plumbago,species
Castanopsis hystrix,castanopsis hystrix,castanopsis hystrix,2,FALSE,TRUE,recovered_by_hierarchical_rules,exact_accepted,exact_accepted_unique,Castanopsis hystrix,wfo-0001240111,Fagaceae,Castanopsis,species
Castanopsis purpurella,castanopsis purpurella,castanopsis purpurella,1,TRUE,TRUE,resolved_by_both,exact_accepted,exact_accepted_unique,Castanopsis purpurella,wfo-0000814888,Fagaceae,Castanopsis,species
Cinchona pubescens,cinchona pubescens,cinchona pubescens,2,FALSE,TRUE,recovered_by_hierarchical_rules,exact_accepted,exact_accepted_unique,Cinchona pubescens,wfo-0000862489,Rubiaceae,Cinchona,species
Cinchona succirubra,cinchona succirubra,cinchona succirubra,1,TRUE,TRUE,resolved_by_both,exact_synonym,exact_synonym_unique,Cinchona pubescens,wfo-0000862489,Rubiaceae,Cinchona,species
Castanopsis sclerophylla,castanopsis sclerophylla,castanopsis sclerophylla,2,FALSE,TRUE,recovered_by_hierarchical_rules,exact_accepted,exact_accepted_unique,Castanopsis sclerophylla,wfo-0000815088,Fagaceae,Castanopsis,species
Peltogyne catingae,peltogyne catingae,peltogyne catingae,1,TRUE,TRUE,resolved_by_both,exact_accepted,exact_accepted_unique,Peltogyne catingae,wfo-0000168357,Fabaceae,Peltogyne,species
Dryopteris crassirhizoma,dryopteris crassirhizoma,dryopteris crassirhizoma,1,TRUE,TRUE,resolved_by_both,exact_accepted,exact_accepted_unique,Dryopteris crassirhizoma,wfo-0000748044,Dryopteridaceae,Dryopteris,species
Aniba riparia,aniba riparia,aniba riparia,1,TRUE,TRUE,resolved_by_both,exact_accepted,exact_accepted_unique,Aniba riparia,wfo-0000536888,Lauraceae,Aniba,species
Persicaria decipiens,persicaria decipiens,persicaria decipiens,1,TRUE,TRUE,resolved_by_both,exact_accepted,exact_accepted_unique,Persicaria decipiens,wfo-0000488020,Polygonaceae,Persicaria,species
Persicaria salicifolia,persicaria salicifolia,persicaria salicifolia,2,FALSE,FALSE,unresolved_by_both,exact_conflict,exact_synonym_conflict,NA,NA,NA,NA,NA
Polygonum salicifolium,polygonum salicifolium,polygonum salicifolium,2,FALSE,FALSE,unresolved_by_both,exact_conflict,exact_synonym_conflict,NA,NA,NA,NA,NA
Coreopsis grandiflora,coreopsis grandiflora,coreopsis grandiflora,1,TRUE,TRUE,resolved_by_both,exact_accepted,exact_accepted_unique,Coreopsis grandiflora,wfo-0000069965,Asteraceae,Coreopsis,species
Begonia glabra,begonia glabra,begonia glabra,1,TRUE,TRUE,resolved_by_both,exact_accepted,exact_accepted_unique,Begonia glabra,wfo-0000824136,Begoniaceae,Begonia,species
Aspalathus linearis,aspalathus linearis,aspalathus linearis,1,TRUE,TRUE,resolved_by_both,exact_accepted,exact_accepted_unique,Aspalathus linearis,wfo-0000211610,Fabaceae,Aspalathus,species
Chesniella mongolica,chesniella mongolica,chesniella mongolica,1,TRUE,TRUE,resolved_by_both,exact_synonym,exact_synonym_unique,Chesneya mongolica,wfo-0000198252,Fabaceae,Chesneya,species
Ammopiptanthus mongolicus,ammopiptanthus mongolicus,ammopiptanthus mongolicus,1,TRUE,TRUE,resolved_by_both,exact_accepted,exact_accepted_unique,Ammopiptanthus mongolicus,wfo-0000186210,Fabaceae,Ammopiptanthus,species
Caragana alaica,caragana alaica,caragana alaica,1,TRUE,TRUE,resolved_by_both,exact_accepted,exact_accepted_unique,Caragana alaica,wfo-0000208437,Fabaceae,Caragana,species
Bowdichia virgilioides,bowdichia virgilioides,bowdichia virgilioides,1,TRUE,TRUE,resolved_by_both,exact_accepted,exact_accepted_unique,Bowdichia virgilioides,wfo-0000164496,Fabaceae,Bowdichia,species
Daphniphyllum himalayense,daphniphyllum himalayense,daphniphyllum himalayense,1,TRUE,TRUE,resolved_by_both,exact_accepted,exact_accepted_unique,Daphniphyllum himalayense,wfo-0000937739,Daphniphyllaceae,Daphniphyllum,species
Vigna aconitifolia,vigna aconitifolia,vigna aconitifolia,1,TRUE,TRUE,resolved_by_both,exact_accepted,exact_accepted_unique,Vigna aconitifolia,wfo-0000187831,Fabaceae,Vigna,species
Vigna subterranea,vigna subterranea,vigna subterranea,1,TRUE,TRUE,resolved_by_both,exact_accepted,exact_accepted_unique,Vigna subterranea,wfo-0000189255,Fabaceae,Vigna,species
Vigna umbellata,vigna umbellata,vigna umbellata,1,TRUE,TRUE,resolved_by_both,exact_accepted,exact_accepted_unique,Vigna umbellata,wfo-0000189344,Fabaceae,Vigna,species
Vigna unguiculata,vigna unguiculata,vigna unguiculata,1,TRUE,TRUE,resolved_by_both,exact_accepted,exact_accepted_unique,Vigna unguiculata,wfo-0000189386,Fabaceae,Vigna,species
Psophocarpus tetragonolobus,psophocarpus tetragonolobus,psophocarpus tetragonolobus,2,FALSE,TRUE,recovered_by_hierarchical_rules,exact_accepted,exact_accepted_unique,Psophocarpus tetragonolobus,wfo-0000183795,Fabaceae,Psophocarpus,species
Erythrina velutina,erythrina velutina,erythrina velutina,1,TRUE,TRUE,resolved_by_both,exact_accepted,exact_accepted_unique,Erythrina velutina,wfo-0000181214,Fabaceae,Erythrina,species
Erythrina burana,erythrina burana,erythrina burana,1,TRUE,TRUE,resolved_by_both,exact_accepted,exact_accepted_unique,Erythrina burana,wfo-0000180575,Fabaceae,Erythrina,species
Dalbergia horrida,dalbergia horrida,dalbergia horrida,1,TRUE,TRUE,resolved_by_both,exact_accepted,exact_accepted_unique,Dalbergia horrida,wfo-0000199960,Fabaceae,Dalbergia,species
Helichrysum platypterum,helichrysum platypterum,helichrysum platypterum,1,TRUE,TRUE,resolved_by_both,exact_accepted,exact_accepted_unique,Helichrysum platypterum,wfo-0000019491,Asteraceae,Helichrysum,species
Cyclopia intermedia,cyclopia intermedia,cyclopia intermedia,1,TRUE,TRUE,resolved_by_both,exact_accepted,exact_accepted_unique,Cyclopia intermedia,wfo-0000197746,Fabaceae,Cyclopia,species
Derris,derris,derris,1,TRUE,TRUE,resolved_by_both,exact_accepted,exact_accepted_unique,Derris,wfo-4000011178,Fabaceae,Derris,genus
Cyperus conglomeratus,cyperus conglomeratus,cyperus conglomeratus,1,TRUE,TRUE,resolved_by_both,exact_accepted,exact_accepted_unique,Cyperus conglomeratus,wfo-0000369935,Cyperaceae,Cyperus,species
Artemisia palustris,artemisia palustris,artemisia palustris,1,TRUE,TRUE,resolved_by_both,exact_accepted,exact_accepted_unique,Artemisia palustris,wfo-0000060164,Asteraceae,Artemisia,species
Alpinia pulcherrima,alpinia pulcherrima,alpinia pulcherrima,1,TRUE,TRUE,resolved_by_both,exact_accepted,exact_accepted_unique,Alpinia pulcherrima,wfo-0000338709,Zingiberaceae,Alpinia,species
Caesalpinia pulcherrima,caesalpinia pulcherrima,caesalpinia pulcherrima,1,TRUE,TRUE,resolved_by_both,exact_accepted,exact_accepted_unique,Caesalpinia pulcherrima,wfo-0000214363,Fabaceae,Caesalpinia,species
Coreopsis nodosa,coreopsis nodosa,coreopsis nodosa,1,TRUE,TRUE,resolved_by_both,exact_accepted,exact_accepted_unique,Coreopsis nodosa,wfo-0000034302,Asteraceae,Coreopsis,species
Pterocarpus macrocarpus,pterocarpus macrocarpus,pterocarpus macrocarpus,1,TRUE,TRUE,resolved_by_both,exact_accepted,exact_accepted_unique,Pterocarpus macrocarpus,wfo-0000194875,Fabaceae,Pterocarpus,species
Trigonostemon reidioides,trigonostemon reidioides,trigonostemon reidioides,1,TRUE,TRUE,resolved_by_both,exact_accepted,exact_accepted_unique,Trigonostemon reidioides,wfo-0000328357,Euphorbiaceae,Trigonostemon,species
Artemisia halodendron,artemisia halodendron,artemisia halodendron,1,TRUE,TRUE,resolved_by_both,exact_accepted,exact_accepted_unique,Artemisia halodendron,wfo-0000084249,Asteraceae,Artemisia,species
Tessaria dodoneifolia,tessaria dodoneifolia,tessaria dodoneifolia,1,TRUE,TRUE,resolved_by_both,exact_accepted,exact_accepted_unique,Tessaria dodoneifolia,wfo-0000051679,Asteraceae,Tessaria,species
Artemisia monosperma,artemisia monosperma,artemisia monosperma,1,TRUE,TRUE,resolved_by_both,exact_accepted,exact_accepted_unique,Artemisia monosperma,wfo-0000025868,Asteraceae,Artemisia,species
Baccharis,baccharis,baccharis,1,TRUE,TRUE,resolved_by_both,exact_accepted,exact_accepted_unique,Baccharis,wfo-4000003847,Asteraceae,Baccharis,genus
Gochnatia glutinosa,gochnatia glutinosa,gochnatia glutinosa,1,TRUE,TRUE,resolved_by_both,exact_accepted,exact_accepted_unique,Gochnatia glutinosa,wfo-0000067831,Asteraceae,Gochnatia,species
Ophryosporus charua,ophryosporus charua,ophryosporus charua,1,TRUE,TRUE,resolved_by_both,exact_accepted,exact_accepted_unique,Ophryosporus charua,wfo-0000127376,Asteraceae,Ophryosporus,species
Perymenium hintonii,perymenium hintonii,perymenium hintonii,1,TRUE,TRUE,resolved_by_both,exact_accepted,exact_accepted_unique,Perymenium hintonii,wfo-0000013649,Asteraceae,Perymenium,species
Encelia asperifolia,encelia asperifolia,encelia asperifolia,1,TRUE,TRUE,resolved_by_both,exact_accepted,exact_accepted_unique,Encelia asperifolia,wfo-0000058930,Asteraceae,Encelia,species
Encelia canescens,encelia canescens,encelia canescens,1,TRUE,TRUE,resolved_by_both,exact_accepted,exact_accepted_unique,Encelia canescens,wfo-0000131052,Asteraceae,Encelia,species
Encelia frutescens,encelia frutescens,encelia frutescens,1,TRUE,TRUE,resolved_by_both,exact_accepted,exact_accepted_unique,Encelia frutescens,wfo-0000109223,Asteraceae,Encelia,species
Encelia laciniata,encelia laciniata,encelia laciniata,1,TRUE,TRUE,resolved_by_both,exact_accepted,exact_accepted_unique,Encelia laciniata,wfo-0000122986,Asteraceae,Encelia,species
Encelia stenophylla,encelia stenophylla,encelia stenophylla,1,TRUE,TRUE,resolved_by_both,exact_accepted,exact_accepted_unique,Encelia stenophylla,wfo-0000024104,Asteraceae,Encelia,species
Traversia baccharoides,traversia baccharoides,traversia baccharoides,1,TRUE,TRUE,resolved_by_both,exact_accepted,exact_accepted_unique,Traversia baccharoides,wfo-0000121795,Asteraceae,Traversia,species
Pulicaria undulata,pulicaria undulata,pulicaria undulata,1,TRUE,TRUE,resolved_by_both,exact_accepted,exact_accepted_unique,Pulicaria undulata,wfo-0000132536,Asteraceae,Pulicaria,species
Cedrelopsis,cedrelopsis,cedrelopsis,1,TRUE,TRUE,resolved_by_both,exact_accepted,exact_accepted_unique,Cedrelopsis,wfo-4000007113,Rutaceae,Cedrelopsis,genus
Anogeissus acuminata,anogeissus acuminata,anogeissus acuminata,1,TRUE,TRUE,resolved_by_both,exact_synonym,exact_synonym_unique,Terminalia phillyreifolia,wfo-0001421875,Combretaceae,Terminalia,species
Globularia alypum,globularia alypum,globularia alypum,1,TRUE,TRUE,resolved_by_both,exact_accepted,exact_accepted_unique,Globularia alypum,wfo-0000703791,Plantaginaceae,Globularia,species
Joannesia princeps,joannesia princeps,joannesia princeps,1,TRUE,TRUE,resolved_by_both,exact_accepted,exact_accepted_unique,Joannesia princeps,wfo-0000220129,Euphorbiaceae,Joannesia,species
Agapanthus africanus,agapanthus africanus,agapanthus africanus,1,TRUE,TRUE,resolved_by_both,exact_accepted,exact_accepted_unique,Agapanthus africanus,wfo-0000754060,Amaryllidaceae,Agapanthus,species
Ulex airensis,ulex airensis,ulex airensis,1,TRUE,TRUE,resolved_by_both,exact_synonym,exact_synonym_unique,Ulex parviflorus subsp. airensis,wfo-0001359577,Fabaceae,Ulex,subspecies
Ulex europaeus,ulex europaeus,ulex europaeus,4,FALSE,TRUE,recovered_by_hierarchical_rules,exact_accepted,exact_accepted_unique,Ulex europaeus,wfo-0000213410,Fabaceae,Ulex,species
Endosamara racemosa,endosamara racemosa,endosamara racemosa,1,TRUE,TRUE,resolved_by_both,exact_accepted,exact_accepted_unique,Endosamara racemosa,wfo-0000193220,Fabaceae,Endosamara,species
Anthyllis hermanniae,anthyllis hermanniae,anthyllis hermanniae,1,TRUE,TRUE,resolved_by_both,exact_accepted,exact_accepted_unique,Anthyllis hermanniae,wfo-0000213515,Fabaceae,Anthyllis,species
Scutellaria ramosissima,scutellaria ramosissima,scutellaria ramosissima,1,TRUE,TRUE,resolved_by_both,exact_accepted,exact_accepted_unique,Scutellaria ramosissima,wfo-0000308367,Lamiaceae,Scutellaria,species
Glycyrrhiza lepidota,glycyrrhiza lepidota,glycyrrhiza lepidota,1,TRUE,TRUE,resolved_by_both,exact_accepted,exact_accepted_unique,Glycyrrhiza lepidota,wfo-0000170582,Fabaceae,Glycyrrhiza,species
Pleiotaxis rugosa,pleiotaxis rugosa,pleiotaxis rugosa,1,TRUE,TRUE,resolved_by_both,exact_accepted,exact_accepted_unique,Pleiotaxis rugosa,wfo-0000024080,Asteraceae,Pleiotaxis,species
Helichrysum tenuiculum,helichrysum tenuiculum,helichrysum tenuiculum,2,FALSE,TRUE,recovered_by_hierarchical_rules,exact_accepted,exact_accepted_unique,Helichrysum tenuiculum,wfo-0000119802,Asteraceae,Helichrysum,species
Anaphalis lactea,anaphalis lactea,anaphalis lactea,1,TRUE,TRUE,resolved_by_both,exact_accepted,exact_accepted_unique,Anaphalis lactea,wfo-0000013395,Asteraceae,Anaphalis,species
Lychnophora ericoides,lychnophora ericoides,lychnophora ericoides,1,TRUE,TRUE,resolved_by_both,exact_accepted,exact_accepted_unique,Lychnophora ericoides,wfo-0000069018,Asteraceae,Lychnophora,species
Populus,populus,populus,1,TRUE,TRUE,resolved_by_both,exact_accepted,exact_accepted_unique,Populus,wfo-4000030925,Salicaceae,Populus,genus
Lychnophora pinaster,lychnophora pinaster,lychnophora pinaster,1,TRUE,TRUE,resolved_by_both,exact_synonym,exact_synonym_unique,Lychnophora ericoides,wfo-0000069018,Asteraceae,Lychnophora,species
Pinus parviflora,pinus parviflora,pinus parviflora,1,TRUE,TRUE,resolved_by_both,exact_accepted,exact_accepted_unique,Pinus parviflora,wfo-0000481883,Pinaceae,Pinus,species
Ambrosia monogyra,ambrosia monogyra,ambrosia monogyra,1,TRUE,TRUE,resolved_by_both,exact_accepted,exact_accepted_unique,Ambrosia monogyra,wfo-0000082686,Asteraceae,Ambrosia,species
Bulbophyllum odoratissimum ex,bulbophyllum odoratissimum ex,bulbophyllum odoratissimum,1,TRUE,TRUE,resolved_by_both,canonical,canonical_unique,Bulbophyllum odoratissimum,wfo-0000568969,Orchidaceae,Bulbophyllum,species
Siparuna,siparuna,siparuna,1,TRUE,TRUE,resolved_by_both,exact_accepted,exact_accepted_unique,Siparuna,wfo-4000035491,Siparunaceae,Siparuna,genus
Alpinia officinarum,alpinia officinarum,alpinia officinarum,1,TRUE,TRUE,resolved_by_both,exact_accepted,exact_accepted_unique,Alpinia officinarum,wfo-0000338655,Zingiberaceae,Alpinia,species
Flourensia riparia,flourensia riparia,flourensia riparia,1,TRUE,TRUE,resolved_by_both,exact_accepted,exact_accepted_unique,Flourensia riparia,wfo-0000134380,Asteraceae,Flourensia,species
Lychnophora diamantinana,lychnophora diamantinana,lychnophora diamantinana,1,TRUE,TRUE,resolved_by_both,exact_accepted,exact_accepted_unique,Lychnophora diamantinana,wfo-0000064682,Asteraceae,Lychnophora,species
Lychnophora staavioides,lychnophora staavioides,lychnophora staavioides,1,TRUE,TRUE,resolved_by_both,exact_accepted,exact_accepted_unique,Lychnophora staavioides,wfo-0000018167,Asteraceae,Lychnophora,species
Persicaria nodosa,persicaria nodosa,persicaria nodosa,0,FALSE,FALSE,unresolved_by_both,unresolved,no_match,NA,NA,NA,NA,NA
Populus nigra,populus nigra,populus nigra,1,TRUE,TRUE,resolved_by_both,exact_accepted,exact_accepted_unique,Populus nigra,wfo-0000928297,Salicaceae,Populus,species
Baccharis bigelovii,baccharis bigelovii,baccharis bigelovii,1,TRUE,TRUE,resolved_by_both,exact_accepted,exact_accepted_unique,Baccharis bigelovii,wfo-0000114275,Asteraceae,Baccharis,species
Populus simonii,populus simonii,populus simonii,1,TRUE,TRUE,resolved_by_both,exact_accepted,exact_accepted_unique,Populus simonii,wfo-0000928187,Salicaceae,Populus,species
Populus yunnanensis,populus yunnanensis,populus yunnanensis,1,TRUE,TRUE,resolved_by_both,exact_accepted,exact_accepted_unique,Populus yunnanensis,wfo-0001133818,Salicaceae,Populus,species
Populus cathayana,populus cathayana,populus cathayana,1,TRUE,TRUE,resolved_by_both,exact_accepted,exact_accepted_unique,Populus cathayana,wfo-0001133622,Salicaceae,Populus,species
Populus szechuanica,populus szechuanica,populus szechuanica,0,FALSE,FALSE,unresolved_by_both,unresolved,no_match,NA,NA,NA,NA,NA
Populus suaveolens,populus suaveolens,populus suaveolens,1,TRUE,TRUE,resolved_by_both,exact_accepted,exact_accepted_unique,Populus suaveolens,wfo-0000928194,Salicaceae,Populus,species
Populus maximowiczii,populus maximowiczii,populus maximowiczii,1,TRUE,TRUE,resolved_by_both,exact_synonym,exact_synonym_unique,Populus suaveolens,wfo-0000928194,Salicaceae,Populus,species
Populus tristis,populus tristis,populus tristis,0,FALSE,FALSE,unresolved_by_both,unresolved,no_match,NA,NA,NA,NA,NA
Pinus contorta,pinus contorta,pinus contorta,1,TRUE,TRUE,resolved_by_both,exact_accepted,exact_accepted_unique,Pinus contorta,wfo-0000481330,Pinaceae,Pinus,species
Pinus ponderosa,pinus ponderosa,pinus ponderosa,1,TRUE,TRUE,resolved_by_both,exact_accepted,exact_accepted_unique,Pinus ponderosa,wfo-0000481903,Pinaceae,Pinus,species
Pinus radiata,pinus radiata,pinus radiata,1,TRUE,TRUE,resolved_by_both,exact_accepted,exact_accepted_unique,Pinus radiata,wfo-0000481837,Pinaceae,Pinus,species
Pinus excelsa,pinus excelsa,pinus excelsa,2,FALSE,FALSE,unresolved_by_both,exact_conflict,exact_synonym_conflict,NA,NA,NA,NA,NA
Pinus virginiana,pinus virginiana,pinus virginiana,1,TRUE,TRUE,resolved_by_both,exact_accepted,exact_accepted_unique,Pinus virginiana,wfo-0000481611,Pinaceae,Pinus,species
Plantago asiatica,plantago asiatica,plantago asiatica,1,TRUE,TRUE,resolved_by_both,exact_accepted,exact_accepted_unique,Plantago asiatica,wfo-0000487709,Plantaginaceae,Plantago,species
Plantago major,plantago major,plantago major,3,FALSE,TRUE,recovered_by_hierarchical_rules,exact_accepted,exact_accepted_unique,Plantago major,wfo-0000486544,Plantaginaceae,Plantago,species
Pinalia floribunda,pinalia floribunda,pinalia floribunda,1,TRUE,TRUE,resolved_by_both,exact_accepted,exact_accepted_unique,Pinalia floribunda,wfo-0000273499,Orchidaceae,Pinalia,species
Wisteria floribunda,wisteria floribunda,wisteria floribunda,1,TRUE,TRUE,resolved_by_both,exact_accepted,exact_accepted_unique,Wisteria floribunda,wfo-0000214069,Fabaceae,Wisteria,species
Hamamelis virginiana,hamamelis virginiana,hamamelis virginiana,1,TRUE,TRUE,resolved_by_both,exact_accepted,exact_accepted_unique,Hamamelis virginiana,wfo-0001065240,Hamamelidaceae,Hamamelis,species
Lotus pedunculatus,lotus pedunculatus,lotus pedunculatus,1,TRUE,TRUE,resolved_by_both,exact_accepted,exact_accepted_unique,Lotus pedunculatus,wfo-0000212230,Fabaceae,Lotus,species
Lotus uliginosus,lotus uliginosus,lotus uliginosus,2,FALSE,FALSE,unresolved_by_both,exact_conflict,exact_synonym_conflict,NA,NA,NA,NA,NA
Ficus mucuso,ficus mucuso,ficus mucuso,1,TRUE,TRUE,resolved_by_both,exact_accepted,exact_accepted_unique,Ficus mucuso,wfo-0000689380,Moraceae,Ficus,species
Searsia dregeana,searsia dregeana,searsia dregeana,1,TRUE,TRUE,resolved_by_both,exact_accepted,exact_accepted_unique,Searsia dregeana,wfo-0000510233,Anacardiaceae,Searsia,species
Searsia lancea,searsia lancea,searsia lancea,1,TRUE,TRUE,resolved_by_both,exact_accepted,exact_accepted_unique,Searsia lancea,wfo-0000434904,Anacardiaceae,Searsia,species
Rhus lancea,rhus lancea,rhus lancea,1,TRUE,TRUE,resolved_by_both,exact_synonym,exact_synonym_unique,Searsia lancea,wfo-0000434904,Anacardiaceae,Searsia,species
Lithocarpus pachyphyllus,lithocarpus pachyphyllus,lithocarpus pachyphyllus,1,TRUE,TRUE,resolved_by_both,exact_accepted,exact_accepted_unique,Lithocarpus pachyphyllus,wfo-0000230140,Fagaceae,Lithocarpus,species
Eichhornia crassipes,eichhornia crassipes,eichhornia crassipes,1,TRUE,TRUE,resolved_by_both,exact_synonym,exact_synonym_unique,Pontederia crassipes,wfo-0000501039,Pontederiaceae,Pontederia,species
Helichrysum cephaloideum,helichrysum cephaloideum,helichrysum cephaloideum,1,TRUE,TRUE,resolved_by_both,exact_accepted,exact_accepted_unique,Helichrysum cephaloideum,wfo-0000117459,Asteraceae,Helichrysum,species
Glycosmis montana,glycosmis montana,glycosmis montana,1,TRUE,TRUE,resolved_by_both,exact_synonym,exact_synonym_unique,Glycosmis lanceolata,wfo-0000704518,Rutaceae,Glycosmis,species
Acacia confusa,acacia confusa,acacia confusa,1,TRUE,TRUE,resolved_by_both,exact_accepted,exact_accepted_unique,Acacia confusa,wfo-0000186120,Fabaceae,Acacia,species
Desmodium gangeticum,desmodium gangeticum,desmodium gangeticum,1,TRUE,TRUE,resolved_by_both,exact_synonym,exact_synonym_unique,Pleurolobus gangeticus,wfo-0000170608,Fabaceae,Pleurolobus,species
Ilex centrochinensis,ilex centrochinensis,ilex centrochinensis,1,TRUE,TRUE,resolved_by_both,exact_accepted,exact_accepted_unique,Ilex centrochinensis,wfo-0001219486,Aquifoliaceae,Ilex,species
Daphne mezereum,daphne mezereum,daphne mezereum,1,TRUE,TRUE,resolved_by_both,exact_accepted,exact_accepted_unique,Daphne mezereum,wfo-0000637755,Thymelaeaceae,Daphne,species
Peltogyne floribunda,peltogyne floribunda,peltogyne floribunda,1,TRUE,TRUE,resolved_by_both,exact_accepted,exact_accepted_unique,Peltogyne floribunda,wfo-0000168359,Fabaceae,Peltogyne,species
Peltogyne porphyrocardia,peltogyne porphyrocardia,peltogyne porphyrocardia,1,TRUE,TRUE,resolved_by_both,exact_synonym,exact_synonym_unique,Peltogyne floribunda,wfo-0000168359,Fabaceae,Peltogyne,species
Peltogyne recifensis,peltogyne recifensis,peltogyne recifensis,1,TRUE,TRUE,resolved_by_both,exact_accepted,exact_accepted_unique,Peltogyne recifensis,wfo-0000168367,Fabaceae,Peltogyne,species
Peltogyne venosa,peltogyne venosa,peltogyne venosa,1,TRUE,TRUE,resolved_by_both,exact_accepted,exact_accepted_unique,Peltogyne venosa,wfo-0000186735,Fabaceae,Peltogyne,species
Quercus glauca,quercus glauca,quercus glauca,4,FALSE,TRUE,recovered_by_hierarchical_rules,exact_accepted,exact_accepted_unique,Quercus glauca,wfo-0000290946,Fagaceae,Quercus,species
Carallia brachiata,carallia brachiata,carallia brachiata,1,TRUE,TRUE,resolved_by_both,exact_accepted,exact_accepted_unique,Carallia brachiata,wfo-0000586012,Rhizophoraceae,Carallia,species
Osyris alba,osyris alba,osyris alba,1,TRUE,TRUE,resolved_by_both,exact_accepted,exact_accepted_unique,Osyris alba,wfo-0000388250,Santalaceae,Osyris,species
Koompassia malaccensis,koompassia malaccensis,koompassia malaccensis,1,TRUE,TRUE,resolved_by_both,exact_accepted,exact_accepted_unique,Koompassia malaccensis,wfo-0000193202,Fabaceae,Koompassia,species
Plumeria rubra,plumeria rubra,plumeria rubra,1,TRUE,TRUE,resolved_by_both,exact_accepted,exact_accepted_unique,Plumeria rubra,wfo-0000279184,Apocynaceae,Plumeria,species
Miconia traillii,miconia traillii,miconia traillii,1,TRUE,TRUE,resolved_by_both,exact_accepted,exact_accepted_unique,Miconia traillii,wfo-0001079886,Melastomataceae,Miconia,species
Pithecellobium dulce,pithecellobium dulce,pithecellobium dulce,1,TRUE,TRUE,resolved_by_both,exact_accepted,exact_accepted_unique,Pithecellobium dulce,wfo-0000178252,Fabaceae,Pithecellobium,species
Poacynum venetum,poacynum venetum,poacynum venetum,1,TRUE,TRUE,resolved_by_both,exact_synonym,exact_synonym_unique,Apocynum venetum,wfo-0000245931,Apocynaceae,Apocynum,species
Genista compacta,genista compacta,genista compacta,1,TRUE,TRUE,resolved_by_both,exact_accepted,exact_accepted_unique,Genista compacta,wfo-0000186464,Fabaceae,Genista,species
Alhagi sparsifolia,alhagi sparsifolia,alhagi sparsifolia,1,TRUE,TRUE,resolved_by_both,exact_accepted,exact_accepted_unique,Alhagi sparsifolia,wfo-0000198672,Fabaceae,Alhagi,species
Gymnosporia senegalensis,gymnosporia senegalensis,gymnosporia senegalensis,1,TRUE,TRUE,resolved_by_both,exact_accepted,exact_accepted_unique,Gymnosporia senegalensis,wfo-0000713049,Celastraceae,Gymnosporia,species
Maytenus senegalensis,maytenus senegalensis,maytenus senegalensis,1,TRUE,TRUE,resolved_by_both,exact_synonym,exact_synonym_unique,Gymnosporia senegalensis,wfo-0000713049,Celastraceae,Gymnosporia,species
Bidens tripartita,bidens tripartita,bidens tripartita,2,FALSE,TRUE,recovered_by_hierarchical_rules,exact_accepted,exact_accepted_unique,Bidens tripartita,wfo-0000068428,Asteraceae,Bidens,species
Toxicodendron sylvestre,toxicodendron sylvestre,toxicodendron sylvestre,0,FALSE,FALSE,unresolved_by_both,unresolved,no_match,NA,NA,NA,NA,NA
Guazuma ulmifolia,guazuma ulmifolia,guazuma ulmifolia,1,TRUE,TRUE,resolved_by_both,exact_accepted,exact_accepted_unique,Guazuma ulmifolia,wfo-0000711645,Malvaceae,Guazuma,species
Theobroma cacao,theobroma cacao,theobroma cacao,1,TRUE,TRUE,resolved_by_both,exact_accepted,exact_accepted_unique,Theobroma cacao,wfo-0000458440,Malvaceae,Theobroma,species
Crataegus monogyna,crataegus monogyna,crataegus monogyna,4,FALSE,TRUE,recovered_by_hierarchical_rules,exact_accepted,exact_accepted_unique,Crataegus monogyna,wfo-0001009785,Rosaceae,Crataegus,species
Crataegus oxyacantha,crataegus oxyacantha,crataegus oxyacantha,6,FALSE,FALSE,unresolved_by_both,exact_conflict,exact_synonym_conflict,NA,NA,NA,NA,NA
Crataegus rhipidophylla,crataegus rhipidophylla,crataegus rhipidophylla,1,TRUE,TRUE,resolved_by_both,exact_accepted,exact_accepted_unique,Crataegus rhipidophylla,wfo-0000989083,Rosaceae,Crataegus,species
Typha capensis,typha capensis,typha capensis,1,TRUE,TRUE,resolved_by_both,exact_accepted,exact_accepted_unique,Typha capensis,wfo-0000594832,Typhaceae,Typha,species
Calophyllum apetalum,calophyllum apetalum,calophyllum apetalum,2,FALSE,TRUE,recovered_by_hierarchical_rules,exact_accepted,exact_accepted_unique,Calophyllum apetalum,wfo-0000581027,Calophyllaceae,Calophyllum,species
Cassia,cassia,cassia,1,TRUE,TRUE,resolved_by_both,exact_accepted,exact_accepted_unique,Cassia,wfo-4000006902,Fabaceae,Cassia,genus
Cassia sieberi,cassia sieberi,cassia sieberi,1,TRUE,TRUE,resolved_by_both,exact_synonym,exact_synonym_unique,Senna sulfurea,wfo-0000183557,Fabaceae,Senna,species
Cassia sieberiana,cassia sieberiana,cassia sieberiana,1,TRUE,TRUE,resolved_by_both,exact_accepted,exact_accepted_unique,Cassia sieberiana,wfo-0000164753,Fabaceae,Cassia,species
Prunus persica,prunus persica,prunus persica,1,TRUE,TRUE,resolved_by_both,exact_accepted,exact_accepted_unique,Prunus persica,wfo-0001005418,Rosaceae,Prunus,species
Bergenia pacumbis,bergenia pacumbis,bergenia pacumbis,1,TRUE,TRUE,resolved_by_both,exact_accepted,exact_accepted_unique,Bergenia pacumbis,wfo-0000564245,Saxifragaceae,Bergenia,species
Betula papyrifera,betula papyrifera,betula papyrifera,1,TRUE,TRUE,resolved_by_both,exact_accepted,exact_accepted_unique,Betula papyrifera,wfo-0000335192,Betulaceae,Betula,species
Dipteryx lacunifera,dipteryx lacunifera,dipteryx lacunifera,1,TRUE,TRUE,resolved_by_both,exact_accepted,exact_accepted_unique,Dipteryx lacunifera,wfo-0000163868,Fabaceae,Dipteryx,species
Acacia mollifolia,acacia mollifolia,acacia mollifolia,1,TRUE,TRUE,resolved_by_both,exact_accepted,exact_accepted_unique,Acacia mollifolia,wfo-0000185317,Fabaceae,Acacia,species
Acacia baileyana,acacia baileyana,acacia baileyana,1,TRUE,TRUE,resolved_by_both,exact_accepted,exact_accepted_unique,Acacia baileyana,wfo-0000189913,Fabaceae,Acacia,species
Chamaecrista nomame,chamaecrista nomame,chamaecrista nomame,1,TRUE,TRUE,resolved_by_both,exact_accepted,exact_accepted_unique,Chamaecrista nomame,wfo-0000186843,Fabaceae,Chamaecrista,species
Chamaecrista dimidiata,chamaecrista dimidiata,chamaecrista dimidiata,1,TRUE,TRUE,resolved_by_both,exact_synonym,exact_synonym_unique,Chamaecrista nomame var. nomame,wfo-0001445129,Fabaceae,Chamaecrista,variety
Acacia binervata,acacia binervata,acacia binervata,2,FALSE,TRUE,recovered_by_hierarchical_rules,exact_accepted,exact_accepted_unique,Acacia binervata,wfo-0000185290,Fabaceae,Acacia,species
Acacia buxifolia,acacia buxifolia,acacia buxifolia,1,TRUE,TRUE,resolved_by_both,exact_accepted,exact_accepted_unique,Acacia buxifolia,wfo-0000185292,Fabaceae,Acacia,species
Acacia calamifolia,acacia calamifolia,acacia calamifolia,2,FALSE,TRUE,recovered_by_hierarchical_rules,exact_accepted,exact_accepted_unique,Acacia calamifolia,wfo-0000185297,Fabaceae,Acacia,species
Acacia cardiophylla,acacia cardiophylla,acacia cardiophylla,1,TRUE,TRUE,resolved_by_both,exact_accepted,exact_accepted_unique,Acacia cardiophylla,wfo-0000185298,Fabaceae,Acacia,species
Acacia chrysotricha,acacia chrysotricha,acacia chrysotricha,1,TRUE,TRUE,resolved_by_both,exact_accepted,exact_accepted_unique,Acacia chrysotricha,wfo-0000185299,Fabaceae,Acacia,species
Acacia clunies-rossiae,acacia clunies-rossiae,acacia clunies-rossiae,1,TRUE,TRUE,resolved_by_both,exact_accepted,exact_accepted_unique,Acacia clunies-rossiae,wfo-0000186344,Fabaceae,Acacia,species
Acacia constablei,acacia constablei,acacia constablei,1,TRUE,TRUE,resolved_by_both,exact_accepted,exact_accepted_unique,Acacia constablei,wfo-0000185300,Fabaceae,Acacia,species
Acacia dealbata,acacia dealbata,acacia dealbata,2,FALSE,TRUE,recovered_by_hierarchical_rules,exact_accepted,exact_accepted_unique,Acacia dealbata,wfo-0000192338,Fabaceae,Acacia,species
Acacia deanei,acacia deanei,acacia deanei,1,TRUE,TRUE,resolved_by_both,exact_accepted,exact_accepted_unique,Acacia deanei,wfo-0000201013,Fabaceae,Acacia,species
Acacia decora,acacia decora,acacia decora,1,TRUE,TRUE,resolved_by_both,exact_accepted,exact_accepted_unique,Acacia decora,wfo-0000185302,Fabaceae,Acacia,species
Acacia falciformis,acacia falciformis,acacia falciformis,1,TRUE,TRUE,resolved_by_both,exact_accepted,exact_accepted_unique,Acacia falciformis,wfo-0000185304,Fabaceae,Acacia,species
Acacia filicifolia,acacia filicifolia,acacia filicifolia,1,TRUE,TRUE,resolved_by_both,exact_accepted,exact_accepted_unique,Acacia filicifolia,wfo-0000185848,Fabaceae,Acacia,species
Acacia irrorata,acacia irrorata,acacia irrorata,1,TRUE,TRUE,resolved_by_both,exact_accepted,exact_accepted_unique,Acacia irrorata,wfo-0000186117,Fabaceae,Acacia,species
Acacia kettlewelliae,acacia kettlewelliae,acacia kettlewelliae,1,TRUE,TRUE,resolved_by_both,exact_accepted,exact_accepted_unique,Acacia kettlewelliae,wfo-0000185286,Fabaceae,Acacia,species
Acacia lanigera,acacia lanigera,acacia lanigera,1,TRUE,TRUE,resolved_by_both,exact_accepted,exact_accepted_unique,Acacia lanigera,wfo-0000185310,Fabaceae,Acacia,species
Acacia leucoclada,acacia leucoclada,acacia leucoclada,1,TRUE,TRUE,resolved_by_both,exact_accepted,exact_accepted_unique,Acacia leucoclada,wfo-0000201007,Fabaceae,Acacia,species
Acacia mearnsii,acacia mearnsii,acacia mearnsii,1,TRUE,TRUE,resolved_by_both,exact_accepted,exact_accepted_unique,Acacia mearnsii,wfo-0000203882,Fabaceae,Acacia,species
Acacia neriifolia,acacia neriifolia,acacia neriifolia,1,TRUE,TRUE,resolved_by_both,exact_accepted,exact_accepted_unique,Acacia neriifolia,wfo-0000182943,Fabaceae,Acacia,species
Acacia oshanesii,acacia oshanesii,acacia oshanesii,1,TRUE,TRUE,resolved_by_both,exact_accepted,exact_accepted_unique,Acacia oshanesii,wfo-0000186342,Fabaceae,Acacia,species
Acacia parramattensis,acacia parramattensis,acacia parramattensis,1,TRUE,TRUE,resolved_by_both,exact_accepted,exact_accepted_unique,Acacia parramattensis,wfo-0000185351,Fabaceae,Acacia,species
Acacia pycnantha,acacia pycnantha,acacia pycnantha,1,TRUE,TRUE,resolved_by_both,exact_accepted,exact_accepted_unique,Acacia pycnantha,wfo-0000210558,Fabaceae,Acacia,species
Acacia silvestris,acacia silvestris,acacia silvestris,1,TRUE,TRUE,resolved_by_both,exact_accepted,exact_accepted_unique,Acacia silvestris,wfo-0000185337,Fabaceae,Acacia,species
Acacia terminalis,acacia terminalis,acacia terminalis,1,TRUE,TRUE,resolved_by_both,exact_accepted,exact_accepted_unique,Acacia terminalis,wfo-0000186862,Fabaceae,Acacia,species
Acacia trachyphloia,acacia trachyphloia,acacia trachyphloia,1,TRUE,TRUE,resolved_by_both,exact_accepted,exact_accepted_unique,Acacia trachyphloia,wfo-0000185336,Fabaceae,Acacia,species
Acacia vestita,acacia vestita,acacia vestita,1,TRUE,TRUE,resolved_by_both,exact_accepted,exact_accepted_unique,Acacia vestita,wfo-0000211369,Fabaceae,Acacia,species
Machaerium villosum,machaerium villosum,machaerium villosum,1,TRUE,TRUE,resolved_by_both,exact_accepted,exact_accepted_unique,Machaerium villosum,wfo-0000186715,Fabaceae,Machaerium,species
Acacia peuce,acacia peuce,acacia peuce,1,TRUE,TRUE,resolved_by_both,exact_accepted,exact_accepted_unique,Acacia peuce,wfo-0000185338,Fabaceae,Acacia,species
Hydnophytum formicarum,hydnophytum formicarum,hydnophytum formicarum,1,TRUE,TRUE,resolved_by_both,exact_accepted,exact_accepted_unique,Hydnophytum formicarum,wfo-0000215798,Rubiaceae,Hydnophytum,species
Panax quinquefolius,panax quinquefolius,panax quinquefolius,1,TRUE,TRUE,resolved_by_both,exact_accepted,exact_accepted_unique,Panax quinquefolius,wfo-0000263699,Araliaceae,Panax,species
Dalbergia hupeana,dalbergia hupeana,dalbergia hupeana,1,TRUE,TRUE,resolved_by_both,exact_accepted,exact_accepted_unique,Dalbergia hupeana,wfo-0000194809,Fabaceae,Dalbergia,species
Begonia fagifolia,begonia fagifolia,begonia fagifolia,1,TRUE,TRUE,resolved_by_both,exact_accepted,exact_accepted_unique,Begonia fagifolia,wfo-0000823967,Begoniaceae,Begonia,species
Terminalia catappa,terminalia catappa,terminalia catappa,1,TRUE,TRUE,resolved_by_both,exact_accepted,exact_accepted_unique,Terminalia catappa,wfo-0000406800,Combretaceae,Terminalia,species
Monteverdia aquifolium,monteverdia aquifolium,monteverdia aquifolium,1,TRUE,TRUE,resolved_by_both,exact_synonym,exact_synonym_unique,Maytenus aquifolium,wfo-0000369450,Celastraceae,Maytenus,species
Hibiscus cannabinus,hibiscus cannabinus,hibiscus cannabinus,1,TRUE,TRUE,resolved_by_both,exact_accepted,exact_accepted_unique,Hibiscus cannabinus,wfo-0000722400,Malvaceae,Hibiscus,species
Juniperus sabina,juniperus sabina,juniperus sabina,4,FALSE,TRUE,recovered_by_hierarchical_rules,exact_accepted,exact_accepted_unique,Juniperus sabina,wfo-0000354994,Cupressaceae,Juniperus,species
Juglans sigillata,juglans sigillata,juglans sigillata,1,TRUE,TRUE,resolved_by_both,exact_accepted,exact_accepted_unique,Juglans sigillata,wfo-0001067481,Juglandaceae,Juglans,species
Geranium thunbergii,geranium thunbergii,geranium thunbergii,1,TRUE,TRUE,resolved_by_both,exact_accepted,exact_accepted_unique,Geranium thunbergii,wfo-1200096065,Geraniaceae,Geranium,species
Bischofia javanica,bischofia javanica,bischofia javanica,1,TRUE,TRUE,resolved_by_both,exact_accepted,exact_accepted_unique,Bischofia javanica,wfo-0000342237,Phyllanthaceae,Bischofia,species
Litchi chinensis,litchi chinensis,litchi chinensis,1,TRUE,TRUE,resolved_by_both,exact_accepted,exact_accepted_unique,Litchi chinensis,wfo-0000446283,Sapindaceae,Litchi,species
Banisteriopsis caapi,banisteriopsis caapi,banisteriopsis caapi,1,TRUE,TRUE,resolved_by_both,exact_accepted,exact_accepted_unique,Banisteriopsis caapi,wfo-0000559408,Malpighiaceae,Banisteriopsis,species
Fallopia multiflora,fallopia multiflora,fallopia multiflora,1,TRUE,TRUE,resolved_by_both,exact_synonym,exact_synonym_unique,Reynoutria multiflora,wfo-0000404395,Polygonaceae,Reynoutria,species
Polygonum multiflorum,polygonum multiflorum,polygonum multiflorum,1,TRUE,TRUE,resolved_by_both,exact_synonym,exact_synonym_unique,Reynoutria multiflora,wfo-0000404395,Polygonaceae,Reynoutria,species
Dioscorea bulbifera,dioscorea bulbifera,dioscorea bulbifera,1,TRUE,TRUE,resolved_by_both,exact_accepted,exact_accepted_unique,Dioscorea bulbifera,wfo-0000389411,Dioscoreaceae,Dioscorea,species
Maytenus guianensis,maytenus guianensis,maytenus guianensis,0,FALSE,FALSE,unresolved_by_both,unresolved,no_match,NA,NA,NA,NA,NA
Quercus dentata,quercus dentata,quercus dentata,3,FALSE,TRUE,recovered_by_hierarchical_rules,exact_accepted,exact_accepted_unique,Quercus dentata,wfo-0000290462,Fagaceae,Quercus,species
Vismia baccifera,vismia baccifera,vismia baccifera,1,TRUE,TRUE,resolved_by_both,exact_accepted,exact_accepted_unique,Vismia baccifera,wfo-0000422382,Hypericaceae,Vismia,species
Nelia pillansii,nelia pillansii,nelia pillansii,1,TRUE,TRUE,resolved_by_both,exact_accepted,exact_accepted_unique,Nelia pillansii,wfo-0001293672,Aizoaceae,Nelia,species
Hypericum perforatum,hypericum perforatum,hypericum perforatum,1,TRUE,TRUE,resolved_by_both,exact_accepted,exact_accepted_unique,Hypericum perforatum,wfo-0000728093,Hypericaceae,Hypericum,species
Cola acuminata,cola acuminata,cola acuminata,1,TRUE,TRUE,resolved_by_both,exact_accepted,exact_accepted_unique,Cola acuminata,wfo-0000614368,Malvaceae,Cola,species
Cola nitida,cola nitida,cola nitida,1,TRUE,TRUE,resolved_by_both,exact_accepted,exact_accepted_unique,Cola nitida,wfo-0000614491,Malvaceae,Cola,species
Garcinia mangostana,garcinia mangostana,garcinia mangostana,1,TRUE,TRUE,resolved_by_both,exact_accepted,exact_accepted_unique,Garcinia mangostana,wfo-0000694452,Clusiaceae,Garcinia,species
Melastoma candidum,melastoma candidum,melastoma candidum,1,TRUE,TRUE,resolved_by_both,exact_synonym,exact_synonym_unique,Melastoma malabathricum subsp. malabathricum,wfo-0001266359,Melastomataceae,Melastoma,subspecies
Melastoma septemnervium,melastoma septemnervium,melastoma septemnervium,1,TRUE,TRUE,resolved_by_both,exact_synonym,exact_synonym_unique,Melastoma malabathricum subsp. malabathricum,wfo-0001266359,Melastomataceae,Melastoma,subspecies
Rosa henryi,rosa henryi,rosa henryi,1,TRUE,TRUE,resolved_by_both,exact_synonym,exact_synonym_unique,Rosa sambucina,wfo-0000997766,Rosaceae,Rosa,species
Zanthoxylum piperitum,zanthoxylum piperitum,zanthoxylum piperitum,3,FALSE,TRUE,recovered_by_hierarchical_rules,exact_accepted,exact_accepted_unique,Zanthoxylum piperitum,wfo-0001428991,Rutaceae,Zanthoxylum,species
Saraca asoca,saraca asoca,saraca asoca,2,FALSE,TRUE,recovered_by_hierarchical_rules,exact_accepted,exact_accepted_consensus_multiple_ids,Saraca asoca,wfo-0000193380,Fabaceae,Saraca,species
Chimarrhis turbinata,chimarrhis turbinata,chimarrhis turbinata,1,TRUE,TRUE,resolved_by_both,exact_accepted,exact_accepted_unique,Chimarrhis turbinata,wfo-0000844722,Rubiaceae,Chimarrhis,species
Paullinia cupana,paullinia cupana,paullinia cupana,1,TRUE,TRUE,resolved_by_both,exact_accepted,exact_accepted_unique,Paullinia cupana,wfo-0000471124,Sapindaceae,Paullinia,species
Psidium guajava,psidium guajava,psidium guajava,1,TRUE,TRUE,resolved_by_both,exact_accepted,exact_accepted_unique,Psidium guajava,wfo-0000284421,Myrtaceae,Psidium,species
Malus sieboldii,malus sieboldii,malus sieboldii,1,TRUE,TRUE,resolved_by_both,exact_synonym,exact_synonym_unique,Malus toringo,wfo-0001004789,Rosaceae,Malus,species
Malus toringo,malus toringo,malus toringo,1,TRUE,TRUE,resolved_by_both,exact_accepted,exact_accepted_unique,Malus toringo,wfo-0001004789,Rosaceae,Malus,species
Krameria paucifolia,krameria paucifolia,krameria paucifolia,1,TRUE,TRUE,resolved_by_both,exact_accepted,exact_accepted_unique,Krameria paucifolia,wfo-0001069532,Krameriaceae,Krameria,species
Aglaia spectabilis,aglaia spectabilis,aglaia spectabilis,1,TRUE,TRUE,resolved_by_both,exact_accepted,exact_accepted_unique,Aglaia spectabilis,wfo-0000524369,Meliaceae,Aglaia,species
Ulmus laevis,ulmus laevis,ulmus laevis,1,TRUE,TRUE,resolved_by_both,exact_accepted,exact_accepted_unique,Ulmus laevis,wfo-0000416715,Ulmaceae,Ulmus,species
Betula pendula,betula pendula,betula pendula,1,TRUE,TRUE,resolved_by_both,exact_accepted,exact_accepted_unique,Betula pendula,wfo-0000335449,Betulaceae,Betula,species
Betula pubescens,betula pubescens,betula pubescens,2,FALSE,TRUE,recovered_by_hierarchical_rules,exact_accepted,exact_accepted_unique,Betula pubescens,wfo-0000335985,Betulaceae,Betula,species
Betula platyphylla,betula platyphylla,betula platyphylla,1,TRUE,TRUE,resolved_by_both,exact_synonym,exact_synonym_unique,Betula pendula subsp. mandshurica,wfo-0001362562,Betulaceae,Betula,subspecies
Ulmus davidiana,ulmus davidiana,ulmus davidiana,1,TRUE,TRUE,resolved_by_both,exact_accepted,exact_accepted_unique,Ulmus davidiana,wfo-0001143139,Ulmaceae,Ulmus,species
Betula dahurica,betula dahurica,betula dahurica,1,TRUE,TRUE,resolved_by_both,exact_accepted,exact_accepted_unique,Betula dahurica,wfo-0000332124,Betulaceae,Betula,species
Betula davurica,betula davurica,betula davurica,1,TRUE,TRUE,resolved_by_both,exact_accepted,exact_accepted_unique,Betula davurica,wfo-1000052197,Betulaceae,Betula,species
Betula fruticosa,betula fruticosa,betula fruticosa,1,TRUE,TRUE,resolved_by_both,exact_accepted,exact_accepted_unique,Betula fruticosa,wfo-0000804735,Betulaceae,Betula,species
Syzygium polycephaloides,syzygium polycephaloides,syzygium polycephaloides,1,TRUE,TRUE,resolved_by_both,exact_accepted,exact_accepted_unique,Syzygium polycephaloides,wfo-0000319228,Myrtaceae,Syzygium,species
Mucuna membranacea,mucuna membranacea,mucuna membranacea,1,TRUE,TRUE,resolved_by_both,exact_accepted,exact_accepted_unique,Mucuna membranacea,wfo-0000192373,Fabaceae,Mucuna,species
Hedysarum sikkimense,hedysarum sikkimense,hedysarum sikkimense,1,TRUE,TRUE,resolved_by_both,exact_accepted,exact_accepted_unique,Hedysarum sikkimense,wfo-0000198854,Fabaceae,Hedysarum,species
Deguelia rufescens,deguelia rufescens,deguelia rufescens,1,TRUE,TRUE,resolved_by_both,exact_accepted,exact_accepted_unique,Deguelia rufescens,wfo-0001423602,Fabaceae,Deguelia,species
Ageratum tomentosum,ageratum tomentosum,ageratum tomentosum,1,TRUE,TRUE,resolved_by_both,exact_accepted,exact_accepted_unique,Ageratum tomentosum,wfo-0000054711,Asteraceae,Ageratum,species
Colutea arborescens,colutea arborescens,colutea arborescens,2,FALSE,TRUE,recovered_by_hierarchical_rules,exact_accepted,exact_accepted_unique,Colutea arborescens,wfo-0000213683,Fabaceae,Colutea,species
Anaxagorea luzonensis,anaxagorea luzonensis,anaxagorea luzonensis,1,TRUE,TRUE,resolved_by_both,exact_accepted,exact_accepted_unique,Anaxagorea luzonensis,wfo-0000533464,Annonaceae,Anaxagorea,species
Phoebe formosana,phoebe formosana,phoebe formosana,1,TRUE,TRUE,resolved_by_both,exact_accepted,exact_accepted_unique,Phoebe formosana,wfo-0001070680,Lauraceae,Phoebe,species
Larix gmelinii,larix gmelinii,larix gmelinii,1,TRUE,TRUE,resolved_by_both,exact_accepted,exact_accepted_unique,Larix gmelinii,wfo-0000509693,Pinaceae,Larix,species
Larix sibirica,larix sibirica,larix sibirica,1,TRUE,TRUE,resolved_by_both,exact_accepted,exact_accepted_unique,Larix sibirica,wfo-0000443388,Pinaceae,Larix,species
Rhododendron decorum,rhododendron decorum,rhododendron decorum,1,TRUE,TRUE,resolved_by_both,exact_accepted,exact_accepted_unique,Rhododendron decorum,wfo-0001229320,Ericaceae,Rhododendron,species
Cedrus deodara,cedrus deodara,cedrus deodara,1,TRUE,TRUE,resolved_by_both,exact_accepted,exact_accepted_unique,Cedrus deodara,wfo-0000592532,Pinaceae,Cedrus,species
Ichthyothere terminalis,ichthyothere terminalis,ichthyothere terminalis,1,TRUE,TRUE,resolved_by_both,exact_accepted,exact_accepted_unique,Ichthyothere terminalis,wfo-0000053347,Asteraceae,Ichthyothere,species
Rhamnus erythroxyloides,rhamnus erythroxyloides,rhamnus erythroxyloides,0,FALSE,FALSE,unresolved_by_both,unresolved,no_match,NA,NA,NA,NA,NA
Rhamnus pallasii,rhamnus pallasii,rhamnus pallasii,1,TRUE,TRUE,resolved_by_both,exact_accepted,exact_accepted_unique,Rhamnus pallasii,wfo-0001131291,Rhamnaceae,Rhamnus,species
Trachelospermum jasminoides,trachelospermum jasminoides,trachelospermum jasminoides,1,TRUE,TRUE,resolved_by_both,exact_accepted,exact_accepted_unique,Trachelospermum jasminoides,wfo-0000326475,Apocynaceae,Trachelospermum,species
Petunia,petunia,petunia,1,TRUE,TRUE,resolved_by_both,exact_accepted,exact_accepted_unique,Petunia,wfo-4000028997,Solanaceae,Petunia,genus
Petunia atkinsiana,petunia atkinsiana,petunia atkinsiana,1,TRUE,TRUE,resolved_by_both,exact_accepted,exact_accepted_unique,Petunia atkinsiana,wfo-0001024407,Solanaceae,Petunia,species
Petunia hybr,petunia hybr,petunia hybr,0,FALSE,FALSE,unresolved_by_both,unresolved,no_match,NA,NA,NA,NA,NA
Petunia hybrida,petunia hybrida,petunia hybrida,1,TRUE,TRUE,resolved_by_both,exact_synonym,exact_synonym_unique,Petunia atkinsiana,wfo-0001024407,Solanaceae,Petunia,species
Conchidium japonicum,conchidium japonicum,conchidium japonicum,1,TRUE,TRUE,resolved_by_both,exact_synonym,exact_synonym_unique,Pinalia japonica,wfo-0001333668,Orchidaceae,Pinalia,species
Cryptomeria japonica,cryptomeria japonica,cryptomeria japonica,1,TRUE,TRUE,resolved_by_both,exact_accepted,exact_accepted_unique,Cryptomeria japonica,wfo-0000628423,Cupressaceae,Cryptomeria,species
Prunus cerasoides,prunus cerasoides,prunus cerasoides,2,FALSE,TRUE,recovered_by_hierarchical_rules,exact_accepted,exact_accepted_unique,Prunus cerasoides,wfo-0001017427,Rosaceae,Prunus,species
Picea jezoensis,picea jezoensis,picea jezoensis,1,TRUE,TRUE,resolved_by_both,exact_accepted,exact_accepted_unique,Picea jezoensis,wfo-0000482440,Pinaceae,Picea,species
Nelumbo nucifera,nelumbo nucifera,nelumbo nucifera,1,TRUE,TRUE,resolved_by_both,exact_accepted,exact_accepted_unique,Nelumbo nucifera,wfo-0000382378,Nelumbonaceae,Nelumbo,species
Opuntia ficus-indica,opuntia ficus-indica,opuntia ficus-indica,1,TRUE,TRUE,resolved_by_both,exact_accepted,exact_accepted_unique,Opuntia ficus-indica,wfo-0000385761,Cactaceae,Opuntia,species
Kadsura heteroclita,kadsura heteroclita,kadsura heteroclita,1,TRUE,TRUE,resolved_by_both,exact_accepted,exact_accepted_unique,Kadsura heteroclita,wfo-0000357309,Schisandraceae,Kadsura,species
Annona ambotay,annona ambotay,annona ambotay,1,TRUE,TRUE,resolved_by_both,exact_accepted,exact_accepted_unique,Annona ambotay,wfo-0000537666,Annonaceae,Annona,species
Pelargonium reniforme,pelargonium reniforme,pelargonium reniforme,1,TRUE,TRUE,resolved_by_both,exact_accepted,exact_accepted_unique,Pelargonium reniforme,wfo-0001064361,Geraniaceae,Pelargonium,species
Artabotrys hexapetalus,artabotrys hexapetalus,artabotrys hexapetalus,1,TRUE,TRUE,resolved_by_both,exact_accepted,exact_accepted_unique,Artabotrys hexapetalus,wfo-0000549776,Annonaceae,Artabotrys,species
Polygala caudata,polygala caudata,polygala caudata,1,TRUE,TRUE,resolved_by_both,exact_accepted,exact_accepted_unique,Polygala caudata,wfo-0001100821,Polygalaceae,Polygala,species
Crataegus flava,crataegus flava,crataegus flava,4,FALSE,TRUE,recovered_by_hierarchical_rules,exact_accepted,exact_accepted_consensus_multiple_ids,Crataegus flava,wfo-0001010277,Rosaceae,Crataegus,species
Anthemis tomentosa,anthemis tomentosa,anthemis tomentosa,3,FALSE,TRUE,recovered_by_hierarchical_rules,exact_accepted,exact_accepted_consensus_multiple_ids,Anthemis tomentosa,wfo-0000067203,Asteraceae,Anthemis,species
Cota altissima,cota altissima,cota altissima,1,TRUE,TRUE,resolved_by_both,exact_accepted,exact_accepted_unique,Cota altissima,wfo-0000086301,Asteraceae,Cota,species
Anthemis altissima,anthemis altissima,anthemis altissima,3,FALSE,FALSE,unresolved_by_both,exact_conflict,exact_synonym_conflict,NA,NA,NA,NA,NA
Chrysophyllum africanum,chrysophyllum africanum,chrysophyllum africanum,1,TRUE,TRUE,resolved_by_both,exact_synonym,exact_synonym_unique,Gambeya africana,wfo-0000970690,Sapotaceae,Gambeya,species
Cercidiphyllum japonicum,cercidiphyllum japonicum,cercidiphyllum japonicum,1,TRUE,TRUE,resolved_by_both,exact_accepted,exact_accepted_unique,Cercidiphyllum japonicum,wfo-0000834990,Cercidiphyllaceae,Cercidiphyllum,species
Cercidiphyllum japonicum bis,cercidiphyllum japonicum bis,cercidiphyllum japonicum,1,TRUE,TRUE,resolved_by_both,canonical,canonical_unique,Cercidiphyllum japonicum,wfo-0000834990,Cercidiphyllaceae,Cercidiphyllum,species
Hylocereus undatus,hylocereus undatus,hylocereus undatus,1,TRUE,TRUE,resolved_by_both,exact_synonym,exact_synonym_unique,Selenicereus undatus,wfo-0001434109,Cactaceae,Selenicereus,species
Larix laricina,larix laricina,larix laricina,1,TRUE,TRUE,resolved_by_both,exact_accepted,exact_accepted_unique,Larix laricina,wfo-0000443246,Pinaceae,Larix,species
Juglans mandshurica,juglans mandshurica,juglans mandshurica,1,TRUE,TRUE,resolved_by_both,exact_accepted,exact_accepted_unique,Juglans mandshurica,wfo-0001067447,Juglandaceae,Juglans,species
Persicaria hydropiper,persicaria hydropiper,persicaria hydropiper,1,TRUE,TRUE,resolved_by_both,exact_accepted,exact_accepted_unique,Persicaria hydropiper,wfo-0000488426,Polygonaceae,Persicaria,species
Polygonum hydropiper,polygonum hydropiper,polygonum hydropiper,1,TRUE,TRUE,resolved_by_both,exact_synonym,exact_synonym_unique,Persicaria hydropiper,wfo-0000488426,Polygonaceae,Persicaria,species
Platycodon grandiflorus,platycodon grandiflorus,platycodon grandiflorus,1,TRUE,TRUE,resolved_by_both,exact_accepted,exact_accepted_unique,Platycodon grandiflorus,wfo-0000816758,Campanulaceae,Platycodon,species
Platycodon grandiflorum,platycodon grandiflorum,platycodon grandiflorum,0,FALSE,FALSE,unresolved_by_both,unresolved,no_match,NA,NA,NA,NA,NA
Albizia julibrissin,albizia julibrissin,albizia julibrissin,2,FALSE,TRUE,recovered_by_hierarchical_rules,exact_accepted,exact_accepted_unique,Albizia julibrissin,wfo-0000173835,Fabaceae,Albizia,species
Ficus cordata,ficus cordata,ficus cordata,3,FALSE,TRUE,recovered_by_hierarchical_rules,exact_accepted,exact_accepted_unique,Ficus cordata,wfo-0000687917,Moraceae,Ficus,species
Hypericum japonicum,hypericum japonicum,hypericum japonicum,1,TRUE,TRUE,resolved_by_both,exact_accepted,exact_accepted_unique,Hypericum japonicum,wfo-0000727778,Hypericaceae,Hypericum,species
Larix decidua,larix decidua,larix decidua,1,TRUE,TRUE,resolved_by_both,exact_accepted,exact_accepted_unique,Larix decidua,wfo-0000443338,Pinaceae,Larix,species
Austrocedrus chilensis,austrocedrus chilensis,austrocedrus chilensis,1,TRUE,TRUE,resolved_by_both,exact_accepted,exact_accepted_unique,Austrocedrus chilensis,wfo-0000557316,Cupressaceae,Austrocedrus,species
Acer mandshuricum,acer mandshuricum,acer mandshuricum,1,TRUE,TRUE,resolved_by_both,exact_accepted,exact_accepted_unique,Acer mandshuricum,wfo-0000514524,Sapindaceae,Acer,species
Persicaria orientalis,persicaria orientalis,persicaria orientalis,1,TRUE,TRUE,resolved_by_both,exact_accepted,exact_accepted_unique,Persicaria orientalis,wfo-0000488434,Polygonaceae,Persicaria,species
Polygonum orientale,polygonum orientale,polygonum orientale,1,TRUE,TRUE,resolved_by_both,exact_synonym,exact_synonym_unique,Persicaria orientalis,wfo-0000488434,Polygonaceae,Persicaria,species
Mnium hornum,mnium hornum,mnium hornum,1,TRUE,TRUE,resolved_by_both,exact_accepted,exact_accepted_unique,Mnium hornum,wfo-0001187550,Mniaceae,Mnium,species
Albuca bracteata,albuca bracteata,albuca bracteata,1,TRUE,TRUE,resolved_by_both,exact_accepted,exact_accepted_unique,Albuca bracteata,wfo-0000911272,Asparagaceae,Albuca,species
Ornithogalum caudatum,ornithogalum caudatum,ornithogalum caudatum,1,TRUE,TRUE,resolved_by_both,exact_synonym,exact_synonym_unique,Albuca bracteata,wfo-0000911272,Asparagaceae,Albuca,species
Pulicaria crispa,pulicaria crispa,pulicaria crispa,2,FALSE,TRUE,recovered_by_hierarchical_rules,exact_accepted,exact_accepted_unique,Pulicaria crispa,wfo-0000069642,Asteraceae,Pulicaria,species
Helichrysum rugulosum,helichrysum rugulosum,helichrysum rugulosum,1,TRUE,TRUE,resolved_by_both,exact_accepted,exact_accepted_unique,Helichrysum rugulosum,wfo-0000062669,Asteraceae,Helichrysum,species
Tephrosia praecana,tephrosia praecana,tephrosia praecana,1,TRUE,TRUE,resolved_by_both,exact_accepted,exact_accepted_unique,Tephrosia praecana,wfo-0000203746,Fabaceae,Tephrosia,species
Tephrosia procumbens,tephrosia procumbens,tephrosia procumbens,2,FALSE,FALSE,unresolved_by_both,exact_conflict,exact_synonym_conflict,NA,NA,NA,NA,NA
Limnophila indica,limnophila indica,limnophila indica,1,TRUE,TRUE,resolved_by_both,exact_accepted,exact_accepted_unique,Limnophila indica,wfo-0000445814,Plantaginaceae,Limnophila,species
Orthosiphon grandiflorus,orthosiphon grandiflorus,orthosiphon grandiflorus,1,TRUE,TRUE,resolved_by_both,exact_synonym,exact_synonym_unique,Orthosiphon aristatus var. aristatus,wfo-0000619648,Lamiaceae,Orthosiphon,variety
Aquilegia ecalcarata,aquilegia ecalcarata,aquilegia ecalcarata,3,FALSE,TRUE,recovered_by_hierarchical_rules,exact_accepted,exact_accepted_unique,Aquilegia ecalcarata,wfo-0000541286,Ranunculaceae,Aquilegia,species
Eriodictyon angustifolium,eriodictyon angustifolium,eriodictyon angustifolium,1,TRUE,TRUE,resolved_by_both,exact_accepted,exact_accepted_unique,Eriodictyon angustifolium,wfo-0000674362,Namaceae,Eriodictyon,species
Bahiopsis laciniata,bahiopsis laciniata,bahiopsis laciniata,1,TRUE,TRUE,resolved_by_both,exact_accepted,exact_accepted_unique,Bahiopsis laciniata,wfo-0000026157,Asteraceae,Bahiopsis,species
Gnetum macrostachyum,gnetum macrostachyum,gnetum macrostachyum,1,TRUE,TRUE,resolved_by_both,exact_accepted,exact_accepted_unique,Gnetum macrostachyum,wfo-0000795633,Gnetaceae,Gnetum,species
Lathyrus sativus,lathyrus sativus,lathyrus sativus,1,TRUE,TRUE,resolved_by_both,exact_accepted,exact_accepted_unique,Lathyrus sativus,wfo-0000212703,Fabaceae,Lathyrus,species
Sorghum,sorghum,sorghum,1,TRUE,TRUE,resolved_by_both,exact_accepted,exact_accepted_unique,Sorghum,wfo-4000035801,Poaceae,Sorghum,genus
Rhaphiolepis indica,rhaphiolepis indica,rhaphiolepis indica,1,TRUE,TRUE,resolved_by_both,exact_accepted,exact_accepted_unique,Rhaphiolepis indica,wfo-0001016273,Rosaceae,Rhaphiolepis,species
Melilotus albus,melilotus albus,melilotus albus,1,TRUE,TRUE,resolved_by_both,exact_accepted,exact_accepted_unique,Melilotus albus,wfo-0000212815,Fabaceae,Melilotus,species
Vitis amurensis,vitis amurensis,vitis amurensis,1,TRUE,TRUE,resolved_by_both,exact_accepted,exact_accepted_unique,Vitis amurensis,wfo-0000421529,Vitaceae,Vitis,species
Dunbaria longiracemosa,dunbaria longiracemosa,dunbaria longiracemosa,0,FALSE,FALSE,unresolved_by_both,unresolved,no_match,NA,NA,NA,NA,NA
Salix udensis,salix udensis,salix udensis,1,TRUE,TRUE,resolved_by_both,exact_accepted,exact_accepted_unique,Salix udensis,wfo-0000929566,Salicaceae,Salix,species
Trifolium montanum,trifolium montanum,trifolium montanum,3,FALSE,TRUE,recovered_by_hierarchical_rules,exact_accepted,exact_accepted_unique,Trifolium montanum,wfo-0000213031,Fabaceae,Trifolium,species
Sophora franchetiana,sophora franchetiana,sophora franchetiana,1,TRUE,TRUE,resolved_by_both,exact_accepted,exact_accepted_unique,Sophora franchetiana,wfo-0000185588,Fabaceae,Sophora,species
Monteverdia laevis,monteverdia laevis,monteverdia laevis,1,TRUE,TRUE,resolved_by_both,exact_synonym,exact_synonym_unique,Maytenus laevis,wfo-0000375144,Celastraceae,Maytenus,species
Abies spectabilis,abies spectabilis,abies spectabilis,1,TRUE,TRUE,resolved_by_both,exact_accepted,exact_accepted_unique,Abies spectabilis,wfo-0000511410,Pinaceae,Abies,species
Ricinus communis,ricinus communis,ricinus communis,1,TRUE,TRUE,resolved_by_both,exact_accepted,exact_accepted_unique,Ricinus communis,wfo-0000297077,Euphorbiaceae,Ricinus,species
Lupinus hirsutus,lupinus hirsutus,lupinus hirsutus,2,FALSE,TRUE,recovered_by_hierarchical_rules,exact_synonym,exact_synonym_unique,Lupinus pilosus,wfo-0000185679,Fabaceae,Lupinus,species
Leptothyrsa sprucei,leptothyrsa sprucei,leptothyrsa sprucei,1,TRUE,TRUE,resolved_by_both,exact_accepted,exact_accepted_unique,Leptothyrsa sprucei,wfo-0001132701,Rutaceae,Leptothyrsa,species
Clematis armandii,clematis armandii,clematis armandii,0,FALSE,FALSE,unresolved_by_both,unresolved,no_match,NA,NA,NA,NA,NA
Musa acuminata,musa acuminata,musa acuminata,1,TRUE,TRUE,resolved_by_both,exact_accepted,exact_accepted_unique,Musa acuminata,wfo-0000473834,Musaceae,Musa,species
Musa balbisiana,musa balbisiana,musa balbisiana,1,TRUE,TRUE,resolved_by_both,exact_accepted,exact_accepted_unique,Musa balbisiana,wfo-0000473990,Musaceae,Musa,species
Asparagus racemosus,asparagus racemosus,asparagus racemosus,1,TRUE,TRUE,resolved_by_both,exact_accepted,exact_accepted_unique,Asparagus racemosus,wfo-0000634415,Asparagaceae,Asparagus,species
Lophira lanceolata,lophira lanceolata,lophira lanceolata,1,TRUE,TRUE,resolved_by_both,exact_accepted,exact_accepted_unique,Lophira lanceolata,wfo-0000443230,Ochnaceae,Lophira,species
Selaginella willdenowii,selaginella willdenowii,selaginella willdenowii,1,TRUE,TRUE,resolved_by_both,exact_accepted,exact_accepted_unique,Selaginella willdenowii,wfo-0001109675,Selaginellaceae,Selaginella,species
Abies sachalinensis,abies sachalinensis,abies sachalinensis,1,TRUE,TRUE,resolved_by_both,exact_accepted,exact_accepted_unique,Abies sachalinensis,wfo-0000511384,Pinaceae,Abies,species
Pisonia aculeata,pisonia aculeata,pisonia aculeata,1,TRUE,TRUE,resolved_by_both,exact_accepted,exact_accepted_unique,Pisonia aculeata,wfo-0000476234,Nyctaginaceae,Pisonia,species
Argemone mexicana,argemone mexicana,argemone mexicana,1,TRUE,TRUE,resolved_by_both,exact_accepted,exact_accepted_unique,Argemone mexicana,wfo-0000547034,Papaveraceae,Argemone,species
Bidens andicola,bidens andicola,bidens andicola,1,TRUE,TRUE,resolved_by_both,exact_accepted,exact_accepted_unique,Bidens andicola,wfo-0000015136,Asteraceae,Bidens,species
Alstonia scholaris,alstonia scholaris,alstonia scholaris,1,TRUE,TRUE,resolved_by_both,exact_accepted,exact_accepted_unique,Alstonia scholaris,wfo-0001257712,Apocynaceae,Alstonia,species
Millettia nitida,millettia nitida,millettia nitida,1,TRUE,TRUE,resolved_by_both,exact_synonym,exact_synonym_unique,Callerya nitida,wfo-0000193070,Fabaceae,Callerya,species
Astragalus caprinus,astragalus caprinus,astragalus caprinus,3,FALSE,TRUE,recovered_by_hierarchical_rules,exact_accepted,exact_accepted_unique,Astragalus caprinus,wfo-0000212469,Fabaceae,Astragalus,species
Glehnia littoralis,glehnia littoralis,glehnia littoralis,1,TRUE,TRUE,resolved_by_both,exact_accepted,exact_accepted_unique,Glehnia littoralis,wfo-0000703677,Apiaceae,Glehnia,species
Sapium haematospermum,sapium haematospermum,sapium haematospermum,1,TRUE,TRUE,resolved_by_both,exact_accepted,exact_accepted_unique,Sapium haematospermum,wfo-0000302812,Euphorbiaceae,Sapium,species
Mimosa diplotricha,mimosa diplotricha,mimosa diplotricha,1,TRUE,TRUE,resolved_by_both,exact_accepted,exact_accepted_unique,Mimosa diplotricha,wfo-0001053831,Fabaceae,Mimosa,species
Helichrysum umbraculigerum,helichrysum umbraculigerum,helichrysum umbraculigerum,1,TRUE,TRUE,resolved_by_both,exact_accepted,exact_accepted_unique,Helichrysum umbraculigerum,wfo-0000018095,Asteraceae,Helichrysum,species
Stenochlaena palustris,stenochlaena palustris,stenochlaena palustris,1,TRUE,TRUE,resolved_by_both,exact_accepted,exact_accepted_unique,Stenochlaena palustris,wfo-0001115653,Blechnaceae,Stenochlaena,species
Eucalyptus globulus,eucalyptus globulus,eucalyptus globulus,1,TRUE,TRUE,resolved_by_both,exact_accepted,exact_accepted_unique,Eucalyptus globulus,wfo-0000954998,Myrtaceae,Eucalyptus,species
Ocotea porosa,ocotea porosa,ocotea porosa,1,TRUE,TRUE,resolved_by_both,exact_accepted,exact_accepted_unique,Ocotea porosa,wfo-0000383291,Lauraceae,Ocotea,species
Antirrhinum majus,antirrhinum majus,antirrhinum majus,1,TRUE,TRUE,resolved_by_both,exact_accepted,exact_accepted_unique,Antirrhinum majus,wfo-0000539365,Plantaginaceae,Antirrhinum,species
Qualea labouriauana,qualea labouriauana,qualea labouriauana,1,TRUE,TRUE,resolved_by_both,exact_accepted,exact_accepted_unique,Qualea labouriauana,wfo-0000733118,Vochysiaceae,Qualea,species
Solanum crinitum,solanum crinitum,solanum crinitum,1,TRUE,TRUE,resolved_by_both,exact_accepted,exact_accepted_unique,Solanum crinitum,wfo-0001027300,Solanaceae,Solanum,species
Ceanothus papillosus,ceanothus papillosus,ceanothus papillosus,1,TRUE,TRUE,resolved_by_both,exact_accepted,exact_accepted_unique,Ceanothus papillosus,wfo-0000592016,Rhamnaceae,Ceanothus,species
Baccharis conferta,baccharis conferta,baccharis conferta,1,TRUE,TRUE,resolved_by_both,exact_accepted,exact_accepted_unique,Baccharis conferta,wfo-0000004046,Asteraceae,Baccharis,species
Greigia sphacelata,greigia sphacelata,greigia sphacelata,1,TRUE,TRUE,resolved_by_both,exact_accepted,exact_accepted_unique,Greigia sphacelata,wfo-0000431236,Bromeliaceae,Greigia,species
Swartzia laevicarpa,swartzia laevicarpa,swartzia laevicarpa,1,TRUE,TRUE,resolved_by_both,exact_accepted,exact_accepted_unique,Swartzia laevicarpa,wfo-0000182091,Fabaceae,Swartzia,species
Diplotropis ferruginea,diplotropis ferruginea,diplotropis ferruginea,1,TRUE,TRUE,resolved_by_both,exact_accepted,exact_accepted_unique,Diplotropis ferruginea,wfo-0000163859,Fabaceae,Diplotropis,species
Ononis spinosa,ononis spinosa,ononis spinosa,3,FALSE,TRUE,recovered_by_hierarchical_rules,exact_accepted,exact_accepted_unique,Ononis spinosa,wfo-0000183372,Fabaceae,Ononis,species
Gueldenstaedtia verna,gueldenstaedtia verna,gueldenstaedtia verna,1,TRUE,TRUE,resolved_by_both,exact_accepted,exact_accepted_unique,Gueldenstaedtia verna,wfo-0000198763,Fabaceae,Gueldenstaedtia,species
Platymiscium praecox,platymiscium praecox,platymiscium praecox,1,TRUE,TRUE,resolved_by_both,exact_synonym,exact_synonym_unique,Platymiscium floribundum var. floribundum,wfo-0001061344,Fabaceae,Platymiscium,variety
Cedrela mexicana,cedrela mexicana,cedrela mexicana,1,TRUE,TRUE,resolved_by_both,exact_synonym,exact_synonym_unique,Cedrela odorata,wfo-0000592446,Meliaceae,Cedrela,species
Cedrela odorata,cedrela odorata,cedrela odorata,1,TRUE,TRUE,resolved_by_both,exact_accepted,exact_accepted_unique,Cedrela odorata,wfo-0000592446,Meliaceae,Cedrela,species
Pterocarpus angolensis,pterocarpus angolensis,pterocarpus angolensis,1,TRUE,TRUE,resolved_by_both,exact_accepted,exact_accepted_unique,Pterocarpus angolensis,wfo-0000172643,Fabaceae,Pterocarpus,species
Cedrela fissilis,cedrela fissilis,cedrela fissilis,1,TRUE,TRUE,resolved_by_both,exact_accepted,exact_accepted_unique,Cedrela fissilis,wfo-0000592409,Meliaceae,Cedrela,species
Iris potaninii,iris potaninii,iris potaninii,1,TRUE,TRUE,resolved_by_both,exact_accepted,exact_accepted_unique,Iris potaninii,wfo-0000783741,Iridaceae,Iris,species
Catharanthus roseus,catharanthus roseus,catharanthus roseus,1,TRUE,TRUE,resolved_by_both,exact_accepted,exact_accepted_unique,Catharanthus roseus,wfo-0000819442,Apocynaceae,Catharanthus,species
Lespedeza virgata,lespedeza virgata,lespedeza virgata,3,FALSE,TRUE,recovered_by_hierarchical_rules,exact_accepted,exact_accepted_unique,Lespedeza virgata,wfo-0000192231,Fabaceae,Lespedeza,species
Pseudolarix amabilis,pseudolarix amabilis,pseudolarix amabilis,1,TRUE,TRUE,resolved_by_both,exact_accepted,exact_accepted_unique,Pseudolarix amabilis,wfo-0000479701,Pinaceae,Pseudolarix,species
Larix kaempferi,larix kaempferi,larix kaempferi,1,TRUE,TRUE,resolved_by_both,exact_accepted,exact_accepted_unique,Larix kaempferi,wfo-0000443374,Pinaceae,Larix,species
Gnetum africanum,gnetum africanum,gnetum africanum,1,TRUE,TRUE,resolved_by_both,exact_accepted,exact_accepted_unique,Gnetum africanum,wfo-0000795564,Gnetaceae,Gnetum,species
Hedysarum theinum,hedysarum theinum,hedysarum theinum,1,TRUE,TRUE,resolved_by_both,exact_accepted,exact_accepted_unique,Hedysarum theinum,wfo-0000209188,Fabaceae,Hedysarum,species
Melaleuca leucadendra,melaleuca leucadendra,melaleuca leucadendra,1,TRUE,TRUE,resolved_by_both,exact_accepted,exact_accepted_unique,Melaleuca leucadendra,wfo-0000239679,Myrtaceae,Melaleuca,species
Helichrysum gymnocomum,helichrysum gymnocomum,helichrysum gymnocomum,1,TRUE,TRUE,resolved_by_both,exact_accepted,exact_accepted_unique,Helichrysum gymnocomum,wfo-0000060989,Asteraceae,Helichrysum,species
Brassica alba,brassica alba,brassica alba,2,FALSE,FALSE,unresolved_by_both,exact_conflict,exact_synonym_conflict,NA,NA,NA,NA,NA
Sinapis alba,sinapis alba,sinapis alba,1,TRUE,TRUE,resolved_by_both,exact_accepted,exact_accepted_unique,Sinapis alba,wfo-0000432649,Brassicaceae,Sinapis,species
Smirnowia turkestana,smirnowia turkestana,smirnowia turkestana,1,TRUE,TRUE,resolved_by_both,exact_accepted,exact_accepted_unique,Smirnowia turkestana,wfo-0000185558,Fabaceae,Smirnowia,species
Daphne odora,daphne odora,daphne odora,1,TRUE,TRUE,resolved_by_both,exact_accepted,exact_accepted_unique,Daphne odora,wfo-0000637782,Thymelaeaceae,Daphne,species
Astragalus pycnocephalus,astragalus pycnocephalus,astragalus pycnocephalus,1,TRUE,TRUE,resolved_by_both,exact_accepted,exact_accepted_unique,Astragalus pycnocephalus,wfo-0000190422,Fabaceae,Astragalus,species
Macaranga,macaranga,macaranga,1,TRUE,TRUE,resolved_by_both,exact_accepted,exact_accepted_unique,Macaranga,wfo-4000022602,Euphorbiaceae,Macaranga,genus
Schoenus nigricans,schoenus nigricans,schoenus nigricans,1,TRUE,TRUE,resolved_by_both,exact_accepted,exact_accepted_unique,Schoenus nigricans,wfo-0000531591,Cyperaceae,Schoenus,species
Lotus creticus,lotus creticus,lotus creticus,2,FALSE,TRUE,recovered_by_hierarchical_rules,exact_accepted,exact_accepted_unique,Lotus creticus,wfo-0000212182,Fabaceae,Lotus,species
Krameria grayi,krameria grayi,krameria grayi,1,TRUE,TRUE,resolved_by_both,exact_synonym,exact_synonym_unique,Krameria bicolor,wfo-0001069509,Krameriaceae,Krameria,species
Krameria bicolor,krameria bicolor,krameria bicolor,1,TRUE,TRUE,resolved_by_both,exact_accepted,exact_accepted_unique,Krameria bicolor,wfo-0001069509,Krameriaceae,Krameria,species
Azadirachta indica,azadirachta indica,azadirachta indica,1,TRUE,TRUE,resolved_by_both,exact_accepted,exact_accepted_unique,Azadirachta indica,wfo-0000557668,Meliaceae,Azadirachta,species
Ochna obtusata,ochna obtusata,ochna obtusata,1,TRUE,TRUE,resolved_by_both,exact_accepted,exact_accepted_unique,Ochna obtusata,wfo-0000389154,Ochnaceae,Ochna,species
Ochna gamblei,ochna gamblei,ochna gamblei,1,TRUE,TRUE,resolved_by_both,exact_accepted,exact_accepted_unique,Ochna gamblei,wfo-0000389999,Ochnaceae,Ochna,species
Justicia adhatoda,justicia adhatoda,justicia adhatoda,2,FALSE,TRUE,recovered_by_hierarchical_rules,exact_accepted,exact_accepted_unique,Justicia adhatoda,wfo-0000354128,Acanthaceae,Justicia,species
Scalesia,scalesia,scalesia,1,TRUE,TRUE,resolved_by_both,exact_accepted,exact_accepted_unique,Scalesia,wfo-4000034225,Asteraceae,Scalesia,genus
Campylospermum flavum,campylospermum flavum,campylospermum flavum,1,TRUE,TRUE,resolved_by_both,exact_accepted,exact_accepted_unique,Campylospermum flavum,wfo-0000583248,Ochnaceae,Campylospermum,species
Helichrysum kraussii,helichrysum kraussii,helichrysum kraussii,1,TRUE,TRUE,resolved_by_both,exact_accepted,exact_accepted_unique,Helichrysum kraussii,wfo-0000129831,Asteraceae,Helichrysum,species
Piper sarmentosum,piper sarmentosum,piper sarmentosum,2,FALSE,TRUE,recovered_by_hierarchical_rules,exact_accepted,exact_accepted_unique,Piper sarmentosum,wfo-0001094336,Piperaceae,Piper,species
Piper dilatatum,piper dilatatum,piper dilatatum,1,TRUE,TRUE,resolved_by_both,exact_accepted,exact_accepted_unique,Piper dilatatum,wfo-0000478691,Piperaceae,Piper,species
Yucca schidigera,yucca schidigera,yucca schidigera,1,TRUE,TRUE,resolved_by_both,exact_accepted,exact_accepted_unique,Yucca schidigera,wfo-0000771250,Asparagaceae,Yucca,species
Alpinia nutans,alpinia nutans,alpinia nutans,2,FALSE,TRUE,recovered_by_hierarchical_rules,exact_accepted,exact_accepted_unique,Alpinia nutans,wfo-0000338646,Zingiberaceae,Alpinia,species
Lathyrus nissolia,lathyrus nissolia,lathyrus nissolia,1,TRUE,TRUE,resolved_by_both,exact_accepted,exact_accepted_unique,Lathyrus nissolia,wfo-0000212696,Fabaceae,Lathyrus,species
Flourensia fiebrigii,flourensia fiebrigii,flourensia fiebrigii,1,TRUE,TRUE,resolved_by_both,exact_accepted,exact_accepted_unique,Flourensia fiebrigii,wfo-0000002132,Asteraceae,Flourensia,species
Vaccinium padifolium,vaccinium padifolium,vaccinium padifolium,2,FALSE,TRUE,recovered_by_hierarchical_rules,exact_accepted,exact_accepted_unique,Vaccinium padifolium,wfo-0000421931,Ericaceae,Vaccinium,species
Vaccinium arboreum,vaccinium arboreum,vaccinium arboreum,1,TRUE,TRUE,resolved_by_both,exact_accepted,exact_accepted_unique,Vaccinium arboreum,wfo-0001047661,Ericaceae,Vaccinium,species
Erica cinerea,erica cinerea,erica cinerea,1,TRUE,TRUE,resolved_by_both,exact_accepted,exact_accepted_unique,Erica cinerea,wfo-0000671681,Ericaceae,Erica,species
Melicope durifolia,melicope durifolia,melicope durifolia,1,TRUE,TRUE,resolved_by_both,exact_accepted,exact_accepted_unique,Melicope durifolia,wfo-0001272966,Rutaceae,Melicope,species
Psorothamnus spinosus,psorothamnus spinosus,psorothamnus spinosus,1,TRUE,TRUE,resolved_by_both,exact_synonym,exact_synonym_unique,Psorodendron spinosum,wfo-0000180956,Fabaceae,Psorodendron,species
Eucalyptus loxophleba,eucalyptus loxophleba,eucalyptus loxophleba,1,TRUE,TRUE,resolved_by_both,exact_accepted,exact_accepted_unique,Eucalyptus loxophleba,wfo-0000955280,Myrtaceae,Eucalyptus,species
Calluna vulgaris,calluna vulgaris,calluna vulgaris,1,TRUE,TRUE,resolved_by_both,exact_accepted,exact_accepted_unique,Calluna vulgaris,wfo-0000580837,Ericaceae,Calluna,species
Glycine,glycine,glycine,2,FALSE,TRUE,recovered_by_hierarchical_rules,exact_accepted,exact_accepted_unique,Glycine,wfo-4000049061,Fabaceae,Glycine,genus
Trifolium subterraneum,trifolium subterraneum,trifolium subterraneum,1,TRUE,TRUE,resolved_by_both,exact_accepted,exact_accepted_unique,Trifolium subterraneum,wfo-0000213094,Fabaceae,Trifolium,species
Eschenbachia blinii,eschenbachia blinii,eschenbachia blinii,1,TRUE,TRUE,resolved_by_both,exact_accepted,exact_accepted_unique,Eschenbachia blinii,wfo-0000750792,Asteraceae,Eschenbachia,species
Cullen plicatum,cullen plicatum,cullen plicatum,1,TRUE,TRUE,resolved_by_both,exact_accepted,exact_accepted_unique,Cullen plicatum,wfo-0000186161,Fabaceae,Cullen,species
Lonchocarpus obtusus,lonchocarpus obtusus,lonchocarpus obtusus,1,TRUE,TRUE,resolved_by_both,exact_synonym,exact_synonym_unique,Muellera obtusa,wfo-0001318198,Fabaceae,Muellera,species
Cyclosorus interruptus,cyclosorus interruptus,cyclosorus interruptus,1,TRUE,TRUE,resolved_by_both,exact_accepted,exact_accepted_unique,Cyclosorus interruptus,wfo-0001110853,Thelypteridaceae,Cyclosorus,species
Thelypteris interrupta,thelypteris interrupta,thelypteris interrupta,1,TRUE,TRUE,resolved_by_both,exact_synonym,exact_synonym_unique,Cyclosorus interruptus,wfo-0001110853,Thelypteridaceae,Cyclosorus,species
Iris florentina,iris florentina,iris florentina,0,FALSE,FALSE,unresolved_by_both,unresolved,no_match,NA,NA,NA,NA,NA
Dalbergia decipularis,dalbergia decipularis,dalbergia decipularis,1,TRUE,TRUE,resolved_by_both,exact_accepted,exact_accepted_unique,Dalbergia decipularis,wfo-0000173750,Fabaceae,Dalbergia,species
Allium chinense,allium chinense,allium chinense,2,FALSE,TRUE,recovered_by_hierarchical_rules,exact_accepted,exact_accepted_unique,Allium chinense,wfo-0000755945,Amaryllidaceae,Allium,species
Piper pseudofuligineum,piper pseudofuligineum,piper pseudofuligineum,1,TRUE,TRUE,resolved_by_both,exact_accepted,exact_accepted_unique,Piper pseudofuligineum,wfo-0000485558,Piperaceae,Piper,species
Piper gaudichaudianum,piper gaudichaudianum,piper gaudichaudianum,1,TRUE,TRUE,resolved_by_both,exact_accepted,exact_accepted_unique,Piper gaudichaudianum,wfo-0001092115,Piperaceae,Piper,species
Dioscorea alata,dioscorea alata,dioscorea alata,1,TRUE,TRUE,resolved_by_both,exact_accepted,exact_accepted_unique,Dioscorea alata,wfo-0000388864,Dioscoreaceae,Dioscorea,species
Helichrysum nudifolium,helichrysum nudifolium,helichrysum nudifolium,1,TRUE,TRUE,resolved_by_both,exact_accepted,exact_accepted_unique,Helichrysum nudifolium,wfo-0000011583,Asteraceae,Helichrysum,species
Helichrysum polycladum,helichrysum polycladum,helichrysum polycladum,1,TRUE,TRUE,resolved_by_both,exact_accepted,exact_accepted_unique,Helichrysum polycladum,wfo-0000077914,Asteraceae,Helichrysum,species
Helichrysum tomentosulum,helichrysum tomentosulum,helichrysum tomentosulum,1,TRUE,TRUE,resolved_by_both,exact_accepted,exact_accepted_unique,Helichrysum tomentosulum,wfo-0000001339,Asteraceae,Helichrysum,species
Dalbergia retusa,dalbergia retusa,dalbergia retusa,2,FALSE,TRUE,recovered_by_hierarchical_rules,exact_accepted,exact_accepted_unique,Dalbergia retusa,wfo-0000169025,Fabaceae,Dalbergia,species
Iris tectorum,iris tectorum,iris tectorum,1,TRUE,TRUE,resolved_by_both,exact_accepted,exact_accepted_unique,Iris tectorum,wfo-0000783940,Iridaceae,Iris,species
Dalbergia,dalbergia,dalbergia,1,TRUE,TRUE,resolved_by_both,exact_accepted,exact_accepted_unique,Dalbergia,wfo-4000010678,Fabaceae,Dalbergia,genus
Dalbergia riparia,dalbergia riparia,dalbergia riparia,1,TRUE,TRUE,resolved_by_both,exact_accepted,exact_accepted_unique,Dalbergia riparia,wfo-0000170464,Fabaceae,Dalbergia,species
Iris milesii,iris milesii,iris milesii,1,TRUE,TRUE,resolved_by_both,exact_accepted,exact_accepted_unique,Iris milesii,wfo-0000783626,Iridaceae,Iris,species
Platycladus,platycladus,platycladus,1,TRUE,TRUE,resolved_by_both,exact_accepted,exact_accepted_unique,Platycladus,wfo-4000030092,Cupressaceae,Platycladus,genus
Iris leptophylla,iris leptophylla,iris leptophylla,1,TRUE,TRUE,resolved_by_both,exact_accepted,exact_accepted_unique,Iris leptophylla,wfo-0000783540,Iridaceae,Iris,species
Psammosilene tunicoides,psammosilene tunicoides,psammosilene tunicoides,1,TRUE,TRUE,resolved_by_both,exact_accepted,exact_accepted_unique,Psammosilene tunicoides,wfo-0000395656,Caryophyllaceae,Psammosilene,species
Grindelia hirsutula,grindelia hirsutula,grindelia hirsutula,1,TRUE,TRUE,resolved_by_both,exact_accepted,exact_accepted_unique,Grindelia hirsutula,wfo-0000035575,Asteraceae,Grindelia,species
Grindelia pulchella,grindelia pulchella,grindelia pulchella,2,FALSE,TRUE,recovered_by_hierarchical_rules,exact_accepted,exact_accepted_unique,Grindelia pulchella,wfo-0000018709,Asteraceae,Grindelia,species
Picea neoveitchii,picea neoveitchii,picea neoveitchii,1,TRUE,TRUE,resolved_by_both,exact_accepted,exact_accepted_unique,Picea neoveitchii,wfo-0000482462,Pinaceae,Picea,species
Eupatorium capillifolium,eupatorium capillifolium,eupatorium capillifolium,1,TRUE,TRUE,resolved_by_both,exact_accepted,exact_accepted_unique,Eupatorium capillifolium,wfo-0000116399,Asteraceae,Eupatorium,species
Crocanthemum glomeratum,crocanthemum glomeratum,crocanthemum glomeratum,1,TRUE,TRUE,resolved_by_both,exact_accepted,exact_accepted_unique,Crocanthemum glomeratum,wfo-0000626256,Cistaceae,Crocanthemum,species
Helianthemum glomeratum,helianthemum glomeratum,helianthemum glomeratum,1,TRUE,TRUE,resolved_by_both,exact_synonym,exact_synonym_unique,Crocanthemum glomeratum,wfo-0000626256,Cistaceae,Crocanthemum,species
Phyllanthus reticulatus,phyllanthus reticulatus,phyllanthus reticulatus,1,TRUE,TRUE,resolved_by_both,exact_accepted,exact_accepted_unique,Phyllanthus reticulatus,wfo-0000271947,Phyllanthaceae,Phyllanthus,species
Pteroxygonum giraldii,pteroxygonum giraldii,pteroxygonum giraldii,1,TRUE,TRUE,resolved_by_both,exact_accepted,exact_accepted_unique,Pteroxygonum giraldii,wfo-0001230802,Polygonaceae,Pteroxygonum,species
Dasiphora fruticosa,dasiphora fruticosa,dasiphora fruticosa,1,TRUE,TRUE,resolved_by_both,exact_accepted,exact_accepted_unique,Dasiphora fruticosa,wfo-0001017396,Rosaceae,Dasiphora,species
Potentilla fruticosa,potentilla fruticosa,potentilla fruticosa,1,TRUE,TRUE,resolved_by_both,exact_synonym,exact_synonym_unique,Dasiphora fruticosa,wfo-0001017396,Rosaceae,Dasiphora,species
Koenigia coriaria,koenigia coriaria,koenigia coriaria,0,FALSE,FALSE,unresolved_by_both,unresolved,no_match,NA,NA,NA,NA,NA
Alhagi maurorum,alhagi maurorum,alhagi maurorum,1,TRUE,TRUE,resolved_by_both,exact_accepted,exact_accepted_unique,Alhagi maurorum,wfo-0000212422,Fabaceae,Alhagi,species
Potentilla tormentilla,potentilla tormentilla,potentilla tormentilla,1,TRUE,TRUE,resolved_by_both,exact_synonym,exact_synonym_unique,Potentilla erecta,wfo-0000984938,Rosaceae,Potentilla,species
Rhus glabra,rhus glabra,rhus glabra,1,TRUE,TRUE,resolved_by_both,exact_accepted,exact_accepted_unique,Rhus glabra,wfo-0001049359,Anacardiaceae,Rhus,species
Rhus typhina,rhus typhina,rhus typhina,1,TRUE,TRUE,resolved_by_both,exact_accepted,exact_accepted_unique,Rhus typhina,wfo-0000403060,Anacardiaceae,Rhus,species
Gossypium hirsutum,gossypium hirsutum,gossypium hirsutum,2,FALSE,TRUE,recovered_by_hierarchical_rules,exact_accepted,exact_accepted_unique,Gossypium hirsutum,wfo-0000707931,Malvaceae,Gossypium,species
Myrtus communis,myrtus communis,myrtus communis,3,FALSE,TRUE,recovered_by_hierarchical_rules,exact_accepted,exact_accepted_unique,Myrtus communis,wfo-0000248712,Myrtaceae,Myrtus,species
Vachellia pennatula,vachellia pennatula,vachellia pennatula,1,TRUE,TRUE,resolved_by_both,exact_accepted,exact_accepted_unique,Vachellia pennatula,wfo-0001277447,Fabaceae,Vachellia,species
Acacia pennatula,acacia pennatula,acacia pennatula,1,TRUE,TRUE,resolved_by_both,exact_synonym,exact_synonym_unique,Vachellia pennatula,wfo-0001277447,Fabaceae,Vachellia,species
Limonium gmelinii,limonium gmelinii,limonium gmelinii,1,TRUE,TRUE,resolved_by_both,exact_synonym,exact_synonym_unique,Limonium gmelini,wfo-0000444657,Plumbaginaceae,Limonium,species
Caragana spinosa,caragana spinosa,caragana spinosa,1,TRUE,TRUE,resolved_by_both,exact_accepted,exact_accepted_unique,Caragana spinosa,wfo-0001061289,Fabaceae,Caragana,species
Averrhoa carambola,averrhoa carambola,averrhoa carambola,1,TRUE,TRUE,resolved_by_both,exact_accepted,exact_accepted_unique,Averrhoa carambola,wfo-0000557405,Oxalidaceae,Averrhoa,species
Leptarrhena pyrolifolia,leptarrhena pyrolifolia,leptarrhena pyrolifolia,1,TRUE,TRUE,resolved_by_both,exact_accepted,exact_accepted_unique,Leptarrhena pyrolifolia,wfo-0001135538,Saxifragaceae,Leptarrhena,species
Ziziphus spina-christi,ziziphus spina-christi,ziziphus spina-christi,2,FALSE,TRUE,recovered_by_hierarchical_rules,exact_accepted,exact_accepted_unique,Ziziphus spina-christi,wfo-0001131308,Rhamnaceae,Ziziphus,species
Croton draconoides,croton draconoides,croton draconoides,1,TRUE,TRUE,resolved_by_both,exact_accepted,exact_accepted_unique,Croton draconoides,wfo-0000927869,Euphorbiaceae,Croton,species
Distylium racemosum,distylium racemosum,distylium racemosum,1,TRUE,TRUE,resolved_by_both,exact_accepted,exact_accepted_unique,Distylium racemosum,wfo-0000652434,Hamamelidaceae,Distylium,species
Ziziphus mauritiana,ziziphus mauritiana,ziziphus mauritiana,1,TRUE,TRUE,resolved_by_both,exact_accepted,exact_accepted_unique,Ziziphus mauritiana,wfo-0000430322,Rhamnaceae,Ziziphus,species
Esenbeckia grandiflora,esenbeckia grandiflora,esenbeckia grandiflora,1,TRUE,TRUE,resolved_by_both,exact_accepted,exact_accepted_unique,Esenbeckia grandiflora,wfo-0000680797,Rutaceae,Esenbeckia,species
Hippophae rhamnoides,hippophae rhamnoides,hippophae rhamnoides,1,TRUE,TRUE,resolved_by_both,exact_accepted,exact_accepted_unique,Hippophae rhamnoides,wfo-0000723743,Elaeagnaceae,Hippophae,species
Trifolium repens,trifolium repens,trifolium repens,2,FALSE,TRUE,recovered_by_hierarchical_rules,exact_accepted,exact_accepted_unique,Trifolium repens,wfo-0000213062,Fabaceae,Trifolium,species
Ephedra sinica,ephedra sinica,ephedra sinica,1,TRUE,TRUE,resolved_by_both,exact_accepted,exact_accepted_unique,Ephedra sinica,wfo-0000794481,Ephedraceae,Ephedra,species
Acacia adunca,acacia adunca,acacia adunca,2,FALSE,TRUE,recovered_by_hierarchical_rules,exact_accepted,exact_accepted_unique,Acacia adunca,wfo-0001053987,Fabaceae,Acacia,species
Acacia anceps,acacia anceps,acacia anceps,2,FALSE,TRUE,recovered_by_hierarchical_rules,exact_accepted,exact_accepted_unique,Acacia anceps,wfo-0000201116,Fabaceae,Acacia,species
Acacia aneura,acacia aneura,acacia aneura,1,TRUE,TRUE,resolved_by_both,exact_accepted,exact_accepted_unique,Acacia aneura,wfo-0001053991,Fabaceae,Acacia,species
Acacia aulacocarpa,acacia aulacocarpa,acacia aulacocarpa,1,TRUE,TRUE,resolved_by_both,exact_accepted,exact_accepted_unique,Acacia aulacocarpa,wfo-0000202547,Fabaceae,Acacia,species
Acacia burrowii,acacia burrowii,acacia burrowii,1,TRUE,TRUE,resolved_by_both,exact_accepted,exact_accepted_unique,Acacia burrowii,wfo-0000202789,Fabaceae,Acacia,species
Acacia cheelii,acacia cheelii,acacia cheelii,1,TRUE,TRUE,resolved_by_both,exact_accepted,exact_accepted_unique,Acacia cheelii,wfo-0001055536,Fabaceae,Acacia,species
Acacia concurrens,acacia concurrens,acacia concurrens,1,TRUE,TRUE,resolved_by_both,exact_accepted,exact_accepted_unique,Acacia concurrens,wfo-0000185341,Fabaceae,Acacia,species
Acacia doratoxylon,acacia doratoxylon,acacia doratoxylon,2,FALSE,TRUE,recovered_by_hierarchical_rules,exact_accepted,exact_accepted_unique,Acacia doratoxylon,wfo-0000192748,Fabaceae,Acacia,species
Acacia floribunda,acacia floribunda,acacia floribunda,1,TRUE,TRUE,resolved_by_both,exact_accepted,exact_accepted_unique,Acacia floribunda,wfo-0000192754,Fabaceae,Acacia,species
Acacia implexa,acacia implexa,acacia implexa,1,TRUE,TRUE,resolved_by_both,exact_accepted,exact_accepted_unique,Acacia implexa,wfo-0000192743,Fabaceae,Acacia,species
Acacia mabellae,acacia mabellae,acacia mabellae,1,TRUE,TRUE,resolved_by_both,exact_accepted,exact_accepted_unique,Acacia mabellae,wfo-0000185316,Fabaceae,Acacia,species
Acacia obtusifolia,acacia obtusifolia,acacia obtusifolia,1,TRUE,TRUE,resolved_by_both,exact_accepted,exact_accepted_unique,Acacia obtusifolia,wfo-0000185319,Fabaceae,Acacia,species
Acacia oswaldii,acacia oswaldii,acacia oswaldii,1,TRUE,TRUE,resolved_by_both,exact_accepted,exact_accepted_unique,Acacia oswaldii,wfo-0000185318,Fabaceae,Acacia,species
Acacia pubifolia,acacia pubifolia,acacia pubifolia,1,TRUE,TRUE,resolved_by_both,exact_accepted,exact_accepted_unique,Acacia pubifolia,wfo-0000202808,Fabaceae,Acacia,species
Acacia pycnostachya,acacia pycnostachya,acacia pycnostachya,1,TRUE,TRUE,resolved_by_both,exact_accepted,exact_accepted_unique,Acacia pycnostachya,wfo-0000202826,Fabaceae,Acacia,species
Acacia rigens,acacia rigens,acacia rigens,1,TRUE,TRUE,resolved_by_both,exact_accepted,exact_accepted_unique,Acacia rigens,wfo-0000185324,Fabaceae,Acacia,species
Acacia trinervata,acacia trinervata,acacia trinervata,1,TRUE,TRUE,resolved_by_both,exact_accepted,exact_accepted_unique,Acacia trinervata,wfo-0000202195,Fabaceae,Acacia,species
Acacia trineura,acacia trineura,acacia trineura,1,TRUE,TRUE,resolved_by_both,exact_accepted,exact_accepted_unique,Acacia trineura,wfo-0000202192,Fabaceae,Acacia,species
Acacia verniciflua,acacia verniciflua,acacia verniciflua,1,TRUE,TRUE,resolved_by_both,exact_accepted,exact_accepted_unique,Acacia verniciflua,wfo-0000185333,Fabaceae,Acacia,species
Mimosa glaucescens,mimosa glaucescens,mimosa glaucescens,2,FALSE,FALSE,unresolved_by_both,exact_conflict,exact_synonym_conflict,NA,NA,NA,NA,NA
Tectaria subtriphylla,tectaria subtriphylla,tectaria subtriphylla,1,TRUE,TRUE,resolved_by_both,exact_accepted,exact_accepted_unique,Tectaria subtriphylla,wfo-0001117092,Tectariaceae,Tectaria,species
Parkia biglobosa,parkia biglobosa,parkia biglobosa,2,FALSE,TRUE,recovered_by_hierarchical_rules,exact_accepted,exact_accepted_unique,Parkia biglobosa,wfo-0000179230,Fabaceae,Parkia,species
Parkia biglobosa ex,parkia biglobosa ex,parkia biglobosa,2,FALSE,FALSE,unresolved_by_both,canonical_conflict,canonical_conflict,NA,NA,NA,NA,NA
Coffea,coffea,coffea,1,TRUE,TRUE,resolved_by_both,exact_accepted,exact_accepted_unique,Coffea,wfo-4000008851,Rubiaceae,Coffea,genus
Onobrychis cyri,onobrychis cyri,onobrychis cyri,1,TRUE,TRUE,resolved_by_both,exact_accepted,exact_accepted_unique,Onobrychis cyri,wfo-0000213873,Fabaceae,Onobrychis,species
Onobrychis viciifolia,onobrychis viciifolia,onobrychis viciifolia,2,FALSE,TRUE,recovered_by_hierarchical_rules,exact_accepted,exact_accepted_unique,Onobrychis viciifolia,wfo-0000205013,Fabaceae,Onobrychis,species
Musa,musa,musa,1,TRUE,TRUE,resolved_by_both,exact_accepted,exact_accepted_unique,Musa,wfo-4000025011,Musaceae,Musa,genus
Ananas comosus,ananas comosus,ananas comosus,1,TRUE,TRUE,resolved_by_both,exact_accepted,exact_accepted_unique,Ananas comosus,wfo-0000339432,Bromeliaceae,Ananas,species
Annona reticulata,annona reticulata,annona reticulata,2,FALSE,TRUE,recovered_by_hierarchical_rules,exact_accepted,exact_accepted_unique,Annona reticulata,wfo-0000537905,Annonaceae,Annona,species
Crataegus germanica,crataegus germanica,crataegus germanica,1,TRUE,TRUE,resolved_by_both,exact_accepted,exact_accepted_unique,Crataegus germanica,wfo-0000990421,Rosaceae,Crataegus,species
Cucurbita pepo,cucurbita pepo,cucurbita pepo,1,TRUE,TRUE,resolved_by_both,exact_accepted,exact_accepted_unique,Cucurbita pepo,wfo-0000629123,Cucurbitaceae,Cucurbita,species
Ficus carica,ficus carica,ficus carica,1,TRUE,TRUE,resolved_by_both,exact_accepted,exact_accepted_unique,Ficus carica,wfo-0000687690,Moraceae,Ficus,species
Mespilus germanica,mespilus germanica,mespilus germanica,1,TRUE,TRUE,resolved_by_both,exact_synonym,exact_synonym_unique,Crataegus germanica,wfo-0000990421,Rosaceae,Crataegus,species
Persea americana,persea americana,persea americana,1,TRUE,TRUE,resolved_by_both,exact_accepted,exact_accepted_unique,Persea americana,wfo-0000465160,Lauraceae,Persea,species
Pyrus communis,pyrus communis,pyrus communis,4,FALSE,TRUE,recovered_by_hierarchical_rules,exact_accepted,exact_accepted_unique,Pyrus communis,wfo-0001015799,Rosaceae,Pyrus,species
Solanum melongena,solanum melongena,solanum melongena,2,FALSE,TRUE,recovered_by_hierarchical_rules,exact_accepted,exact_accepted_unique,Solanum melongena,wfo-0001029464,Solanaceae,Solanum,species
Triticum aestivum,triticum aestivum,triticum aestivum,2,FALSE,TRUE,recovered_by_hierarchical_rules,exact_accepted,exact_accepted_unique,Triticum aestivum,wfo-0000905667,Poaceae,Triticum,species
Castanea,castanea,castanea,1,TRUE,TRUE,resolved_by_both,exact_accepted,exact_accepted_unique,Castanea,wfo-4000006925,Fagaceae,Castanea,genus
Cydonia,cydonia,cydonia,1,TRUE,TRUE,resolved_by_both,exact_accepted,exact_accepted_unique,Cydonia,wfo-4000010308,Rosaceae,Cydonia,genus
Chrysophyllum cainito,chrysophyllum cainito,chrysophyllum cainito,1,TRUE,TRUE,resolved_by_both,exact_accepted,exact_accepted_unique,Chrysophyllum cainito,wfo-0000854556,Sapotaceae,Chrysophyllum,species
Vitellaria paradoxa,vitellaria paradoxa,vitellaria paradoxa,1,TRUE,TRUE,resolved_by_both,exact_accepted,exact_accepted_unique,Vitellaria paradoxa,wfo-0000332885,Sapotaceae,Vitellaria,species
Senegalia polyacantha,senegalia polyacantha,senegalia polyacantha,1,TRUE,TRUE,resolved_by_both,exact_accepted,exact_accepted_unique,Senegalia polyacantha,wfo-0000744649,Fabaceae,Senegalia,species
Acacia catechu,acacia catechu,acacia catechu,3,FALSE,FALSE,unresolved_by_both,exact_conflict,exact_synonym_conflict,NA,NA,NA,NA,NA
Macadamia,macadamia,macadamia,1,TRUE,TRUE,resolved_by_both,exact_accepted,exact_accepted_unique,Macadamia,wfo-4000022597,Proteaceae,Macadamia,genus
Corylus,corylus,corylus,1,TRUE,TRUE,resolved_by_both,exact_accepted,exact_accepted_unique,Corylus,wfo-4000009390,Betulaceae,Corylus,genus
Pinus,pinus,pinus,1,TRUE,TRUE,resolved_by_both,exact_accepted,exact_accepted_unique,Pinus,wfo-4000029794,Pinaceae,Pinus,genus
Anacardium occidentale,anacardium occidentale,anacardium occidentale,1,TRUE,TRUE,resolved_by_both,exact_accepted,exact_accepted_unique,Anacardium occidentale,wfo-0000533072,Anacardiaceae,Anacardium,species
Arachis hypogaea,arachis hypogaea,arachis hypogaea,1,TRUE,TRUE,resolved_by_both,exact_accepted,exact_accepted_unique,Arachis hypogaea,wfo-0000174378,Fabaceae,Arachis,species
Bertholletia excelsa,bertholletia excelsa,bertholletia excelsa,1,TRUE,TRUE,resolved_by_both,exact_accepted,exact_accepted_unique,Bertholletia excelsa,wfo-0000775013,Lecythidaceae,Bertholletia,species
Carya illinoiensis,carya illinoiensis,carya illinoiensis,0,FALSE,FALSE,unresolved_by_both,unresolved,no_match,NA,NA,NA,NA,NA
Juglans regia,juglans regia,juglans regia,1,TRUE,TRUE,resolved_by_both,exact_accepted,exact_accepted_unique,Juglans regia,wfo-0000355051,Juglandaceae,Juglans,species
Pistacia vera,pistacia vera,pistacia vera,1,TRUE,TRUE,resolved_by_both,exact_accepted,exact_accepted_unique,Pistacia vera,wfo-0000393766,Anacardiaceae,Pistacia,species
Prunus dulcis,prunus dulcis,prunus dulcis,2,FALSE,FALSE,unresolved_by_both,exact_conflict,exact_synonym_conflict,NA,NA,NA,NA,NA
Carya illinoinensis,carya illinoinensis,carya illinoinensis,1,TRUE,TRUE,resolved_by_both,exact_accepted,exact_accepted_unique,Carya illinoinensis,wfo-0000588763,Juglandaceae,Carya,species
Sempervivum tectorum,sempervivum tectorum,sempervivum tectorum,1,TRUE,TRUE,resolved_by_both,exact_accepted,exact_accepted_unique,Sempervivum tectorum,wfo-0000441750,Crassulaceae,Sempervivum,species
Combretum quadrangulare,combretum quadrangulare,combretum quadrangulare,1,TRUE,TRUE,resolved_by_both,exact_accepted,exact_accepted_unique,Combretum quadrangulare,wfo-0000616706,Combretaceae,Combretum,species
Salacia chinensis,salacia chinensis,salacia chinensis,1,TRUE,TRUE,resolved_by_both,exact_accepted,exact_accepted_unique,Salacia chinensis,wfo-0001065503,Celastraceae,Salacia,species
Acacia decurrens,acacia decurrens,acacia decurrens,1,TRUE,TRUE,resolved_by_both,exact_accepted,exact_accepted_unique,Acacia decurrens,wfo-0000192434,Fabaceae,Acacia,species
Acacia elata,acacia elata,acacia elata,2,FALSE,TRUE,recovered_by_hierarchical_rules,exact_accepted,exact_accepted_unique,Acacia elata,wfo-0000193822,Fabaceae,Acacia,species
Acacia fimbriata,acacia fimbriata,acacia fimbriata,1,TRUE,TRUE,resolved_by_both,exact_accepted,exact_accepted_unique,Acacia fimbriata,wfo-0000195813,Fabaceae,Acacia,species
Acacia holosericea,acacia holosericea,acacia holosericea,1,TRUE,TRUE,resolved_by_both,exact_accepted,exact_accepted_unique,Acacia holosericea,wfo-0000186999,Fabaceae,Acacia,species
Acacia horrida,acacia horrida,acacia horrida,2,FALSE,FALSE,unresolved_by_both,exact_conflict,exact_synonym_conflict,NA,NA,NA,NA,NA
Acacia longifolia,acacia longifolia,acacia longifolia,2,FALSE,TRUE,recovered_by_hierarchical_rules,exact_accepted,exact_accepted_unique,Acacia longifolia,wfo-0000210768,Fabaceae,Acacia,species
Acacia mellifera,acacia mellifera,acacia mellifera,1,TRUE,TRUE,resolved_by_both,exact_synonym,exact_synonym_unique,Senegalia mellifera,wfo-0000745787,Fabaceae,Senegalia,species
Acacia retinodes,acacia retinodes,acacia retinodes,1,TRUE,TRUE,resolved_by_both,exact_accepted,exact_accepted_unique,Acacia retinodes,wfo-0000181109,Fabaceae,Acacia,species
Acacia saligna,acacia saligna,acacia saligna,1,TRUE,TRUE,resolved_by_both,exact_accepted,exact_accepted_unique,Acacia saligna,wfo-0001054072,Fabaceae,Acacia,species
Acacia sieberiana,acacia sieberiana,acacia sieberiana,3,FALSE,FALSE,unresolved_by_both,exact_conflict,exact_synonym_conflict,NA,NA,NA,NA,NA
Acacia tortilis,acacia tortilis,acacia tortilis,1,TRUE,TRUE,resolved_by_both,exact_synonym,exact_synonym_unique,Vachellia tortilis,wfo-0001285358,Fabaceae,Vachellia,species
Vachellia seyal,vachellia seyal,vachellia seyal,1,TRUE,TRUE,resolved_by_both,exact_accepted,exact_accepted_unique,Vachellia seyal,wfo-0001284777,Fabaceae,Vachellia,species
Vachellia tortilis,vachellia tortilis,vachellia tortilis,1,TRUE,TRUE,resolved_by_both,exact_accepted,exact_accepted_unique,Vachellia tortilis,wfo-0001285358,Fabaceae,Vachellia,species
Acacia polyacantha,acacia polyacantha,acacia polyacantha,1,TRUE,TRUE,resolved_by_both,exact_synonym,exact_synonym_unique,Senegalia polyacantha,wfo-0000744649,Fabaceae,Senegalia,species
Eschweilera coriacea,eschweilera coriacea,eschweilera coriacea,1,TRUE,TRUE,resolved_by_both,exact_accepted,exact_accepted_unique,Eschweilera coriacea,wfo-0000775226,Lecythidaceae,Eschweilera,species
Uncaria guianensis,uncaria guianensis,uncaria guianensis,1,TRUE,TRUE,resolved_by_both,exact_accepted,exact_accepted_unique,Uncaria guianensis,wfo-0000329248,Rubiaceae,Uncaria,species
Uncaria tomentosa,uncaria tomentosa,uncaria tomentosa,1,TRUE,TRUE,resolved_by_both,exact_accepted,exact_accepted_unique,Uncaria tomentosa,wfo-0000329329,Rubiaceae,Uncaria,species
Salacia reticulata,salacia reticulata,salacia reticulata,1,TRUE,TRUE,resolved_by_both,exact_accepted,exact_accepted_unique,Salacia reticulata,wfo-0000435705,Celastraceae,Salacia,species
Rhodiola rosea,rhodiola rosea,rhodiola rosea,1,TRUE,TRUE,resolved_by_both,exact_accepted,exact_accepted_unique,Rhodiola rosea,wfo-0000399342,Crassulaceae,Rhodiola,species
Syzygium aqueum,syzygium aqueum,syzygium aqueum,1,TRUE,TRUE,resolved_by_both,exact_accepted,exact_accepted_unique,Syzygium aqueum,wfo-0000318257,Myrtaceae,Syzygium,species
Platycarya strobilacea,platycarya strobilacea,platycarya strobilacea,1,TRUE,TRUE,resolved_by_both,exact_accepted,exact_accepted_unique,Platycarya strobilacea,wfo-0001067482,Juglandaceae,Platycarya,species
Elaeagnus glabra,elaeagnus glabra,elaeagnus glabra,2,FALSE,TRUE,recovered_by_hierarchical_rules,exact_accepted,exact_accepted_unique,Elaeagnus glabra,wfo-0000663763,Elaeagnaceae,Elaeagnus,species
Macaranga triloba,macaranga triloba,macaranga triloba,1,TRUE,TRUE,resolved_by_both,exact_accepted,exact_accepted_unique,Macaranga triloba,wfo-0000232292,Euphorbiaceae,Macaranga,species
Dalea,dalea,dalea,3,FALSE,TRUE,recovered_by_hierarchical_rules,exact_accepted,exact_accepted_unique,Dalea,wfo-4000010680,Fabaceae,Dalea,genus
Sarothamnus patens,sarothamnus patens,sarothamnus patens,2,FALSE,TRUE,recovered_by_hierarchical_rules,exact_synonym,exact_synonym_unique,Cytisus striatus subsp. striatus,wfo-0001445562,Fabaceae,Cytisus,subspecies
Cytisus scoparius,cytisus scoparius,cytisus scoparius,1,TRUE,TRUE,resolved_by_both,exact_accepted,exact_accepted_unique,Cytisus scoparius,wfo-0000213711,Fabaceae,Cytisus,species
Cytisus,cytisus,cytisus,2,FALSE,TRUE,recovered_by_hierarchical_rules,exact_accepted,exact_accepted_unique,Cytisus,wfo-4000010595,Fabaceae,Cytisus,genus
Pholidota chinensis,pholidota chinensis,pholidota chinensis,1,TRUE,TRUE,resolved_by_both,exact_synonym,exact_synonym_unique,Coelogyne chinensis,wfo-0000907176,Orchidaceae,Coelogyne,species
Quercus acutissima,quercus acutissima,quercus acutissima,1,TRUE,TRUE,resolved_by_both,exact_accepted,exact_accepted_unique,Quercus acutissima,wfo-0000289386,Fagaceae,Quercus,species
Hibiscus mutabilis,hibiscus mutabilis,hibiscus mutabilis,1,TRUE,TRUE,resolved_by_both,exact_accepted,exact_accepted_unique,Hibiscus mutabilis,wfo-0000722828,Malvaceae,Hibiscus,species
Scutia buxifolia,scutia buxifolia,scutia buxifolia,1,TRUE,TRUE,resolved_by_both,exact_accepted,exact_accepted_unique,Scutia buxifolia,wfo-0001130909,Rhamnaceae,Scutia,species
Virola elongata,virola elongata,virola elongata,1,TRUE,TRUE,resolved_by_both,exact_accepted,exact_accepted_unique,Virola elongata,wfo-0000418544,Myristicaceae,Virola,species
Castela erecta,castela erecta,castela erecta,1,TRUE,TRUE,resolved_by_both,exact_accepted,exact_accepted_unique,Castela erecta,wfo-0000589932,Simaroubaceae,Castela,species
Castela texana,castela texana,castela texana,1,TRUE,TRUE,resolved_by_both,exact_synonym,exact_synonym_unique,Castela tortuosa,wfo-0000589958,Simaroubaceae,Castela,species
Castela,castela,castela,1,TRUE,TRUE,resolved_by_both,exact_accepted,exact_accepted_unique,Castela,wfo-4000006935,Simaroubaceae,Castela,genus
Castela tortuosa,castela tortuosa,castela tortuosa,1,TRUE,TRUE,resolved_by_both,exact_accepted,exact_accepted_unique,Castela tortuosa,wfo-0000589958,Simaroubaceae,Castela,species
Adenocarpus artemisiifolius,adenocarpus artemisiifolius,adenocarpus artemisiifolius,1,TRUE,TRUE,resolved_by_both,exact_accepted,exact_accepted_unique,Adenocarpus artemisiifolius,wfo-0000213113,Fabaceae,Adenocarpus,species
Adenocarpus decorticans,adenocarpus decorticans,adenocarpus decorticans,1,TRUE,TRUE,resolved_by_both,exact_accepted,exact_accepted_unique,Adenocarpus decorticans,wfo-0000213118,Fabaceae,Adenocarpus,species
Tephrosia tinctoria,tephrosia tinctoria,tephrosia tinctoria,2,FALSE,TRUE,recovered_by_hierarchical_rules,exact_accepted,exact_accepted_unique,Tephrosia tinctoria,wfo-0000185864,Fabaceae,Tephrosia,species
Desmodium sandwicense,desmodium sandwicense,desmodium sandwicense,1,TRUE,TRUE,resolved_by_both,exact_synonym,exact_synonym_unique,Desmodium uncinatum,wfo-0000177526,Fabaceae,Desmodium,species
Desmodium uncinatum,desmodium uncinatum,desmodium uncinatum,1,TRUE,TRUE,resolved_by_both,exact_accepted,exact_accepted_unique,Desmodium uncinatum,wfo-0000177526,Fabaceae,Desmodium,species
Lycoris radiata,lycoris radiata,lycoris radiata,2,FALSE,TRUE,recovered_by_hierarchical_rules,exact_accepted,exact_accepted_unique,Lycoris radiata,wfo-0000683573,Amaryllidaceae,Lycoris,species
Tephrosia madrensis,tephrosia madrensis,tephrosia madrensis,1,TRUE,TRUE,resolved_by_both,exact_accepted,exact_accepted_unique,Tephrosia madrensis,wfo-0000164672,Fabaceae,Tephrosia,species
Cyclotrichium niveum,cyclotrichium niveum,cyclotrichium niveum,1,TRUE,TRUE,resolved_by_both,exact_accepted,exact_accepted_unique,Cyclotrichium niveum,wfo-0000934157,Lamiaceae,Cyclotrichium,species
Epilobium parviflorum,epilobium parviflorum,epilobium parviflorum,2,FALSE,TRUE,recovered_by_hierarchical_rules,exact_accepted,exact_accepted_unique,Epilobium parviflorum,wfo-0000669577,Onagraceae,Epilobium,species
Plinia pinnata,plinia pinnata,plinia pinnata,1,TRUE,TRUE,resolved_by_both,exact_accepted,exact_accepted_unique,Plinia pinnata,wfo-0000278931,Myrtaceae,Plinia,species
Piper coruscans,piper coruscans,piper coruscans,1,TRUE,TRUE,resolved_by_both,exact_accepted,exact_accepted_unique,Piper coruscans,wfo-0000478587,Piperaceae,Piper,species
Prunus davidiana,prunus davidiana,prunus davidiana,1,TRUE,TRUE,resolved_by_both,exact_accepted,exact_accepted_unique,Prunus davidiana,wfo-0000986063,Rosaceae,Prunus,species
Vaccinium macrocarpon,vaccinium macrocarpon,vaccinium macrocarpon,1,TRUE,TRUE,resolved_by_both,exact_accepted,exact_accepted_unique,Vaccinium macrocarpon,wfo-0000422267,Ericaceae,Vaccinium,species
Erythroxylum rufum,erythroxylum rufum,erythroxylum rufum,1,TRUE,TRUE,resolved_by_both,exact_accepted,exact_accepted_unique,Erythroxylum rufum,wfo-0000680092,Erythroxylaceae,Erythroxylum,species
Anisomeles indica,anisomeles indica,anisomeles indica,1,TRUE,TRUE,resolved_by_both,exact_accepted,exact_accepted_unique,Anisomeles indica,wfo-0000982244,Lamiaceae,Anisomeles,species
Salix caprea,salix caprea,salix caprea,1,TRUE,TRUE,resolved_by_both,exact_accepted,exact_accepted_unique,Salix caprea,wfo-0000929313,Salicaceae,Salix,species
Cuscuta reflexa,cuscuta reflexa,cuscuta reflexa,1,TRUE,TRUE,resolved_by_both,exact_accepted,exact_accepted_unique,Cuscuta reflexa,wfo-0001296658,Convolvulaceae,Cuscuta,species
Momordica foetida,momordica foetida,momordica foetida,1,TRUE,TRUE,resolved_by_both,exact_accepted,exact_accepted_unique,Momordica foetida,wfo-0000377030,Cucurbitaceae,Momordica,species
Hydrangea macrophylla,hydrangea macrophylla,hydrangea macrophylla,1,TRUE,TRUE,resolved_by_both,exact_accepted,exact_accepted_unique,Hydrangea macrophylla,wfo-0000726228,Hydrangeaceae,Hydrangea,species
Rhynchosia volubilis,rhynchosia volubilis,rhynchosia volubilis,2,FALSE,TRUE,recovered_by_hierarchical_rules,exact_accepted,exact_accepted_unique,Rhynchosia volubilis,wfo-0000192389,Fabaceae,Rhynchosia,species
Cratoxylum cochinchinense,cratoxylum cochinchinense,cratoxylum cochinchinense,1,TRUE,TRUE,resolved_by_both,exact_accepted,exact_accepted_unique,Cratoxylum cochinchinense,wfo-0000625754,Hypericaceae,Cratoxylum,species
Anemopaegma arvense ex,anemopaegma arvense ex,anemopaegma arvense,1,TRUE,TRUE,resolved_by_both,canonical,canonical_unique,Anemopaegma arvense,wfo-0000780963,Bignoniaceae,Anemopaegma,species
Erycibe expansa,erycibe expansa,erycibe expansa,1,TRUE,TRUE,resolved_by_both,exact_accepted,exact_accepted_unique,Erycibe expansa,wfo-0001298936,Convolvulaceae,Erycibe,species
Xerochrysum bracteatum,xerochrysum bracteatum,xerochrysum bracteatum,1,TRUE,TRUE,resolved_by_both,exact_accepted,exact_accepted_unique,Xerochrysum bracteatum,wfo-0000023054,Asteraceae,Xerochrysum,species
Crotalaria madurensis,crotalaria madurensis,crotalaria madurensis,1,TRUE,TRUE,resolved_by_both,exact_accepted,exact_accepted_unique,Crotalaria madurensis,wfo-0000185076,Fabaceae,Crotalaria,species
Bauhinia variegata,bauhinia variegata,bauhinia variegata,1,TRUE,TRUE,resolved_by_both,exact_accepted,exact_accepted_unique,Bauhinia variegata,wfo-0000213330,Fabaceae,Bauhinia,species
Selaginella delicatula,selaginella delicatula,selaginella delicatula,1,TRUE,TRUE,resolved_by_both,exact_accepted,exact_accepted_unique,Selaginella delicatula,wfo-0001107423,Selaginellaceae,Selaginella,species
Fridericia platyphylla,fridericia platyphylla,fridericia platyphylla,1,TRUE,TRUE,resolved_by_both,exact_accepted,exact_accepted_unique,Fridericia platyphylla,wfo-0000778656,Bignoniaceae,Fridericia,species
Genista tricuspidata,genista tricuspidata,genista tricuspidata,1,TRUE,TRUE,resolved_by_both,exact_accepted,exact_accepted_unique,Genista tricuspidata,wfo-0000213376,Fabaceae,Genista,species
Oxytropis racemosa,oxytropis racemosa,oxytropis racemosa,1,TRUE,TRUE,resolved_by_both,exact_accepted,exact_accepted_unique,Oxytropis racemosa,wfo-0000199072,Fabaceae,Oxytropis,species
Cosmos sulphureus,cosmos sulphureus,cosmos sulphureus,1,TRUE,TRUE,resolved_by_both,exact_accepted,exact_accepted_unique,Cosmos sulphureus,wfo-0000030713,Asteraceae,Cosmos,species
Heliomeris multiflora,heliomeris multiflora,heliomeris multiflora,1,TRUE,TRUE,resolved_by_both,exact_accepted,exact_accepted_unique,Heliomeris multiflora,wfo-0000010726,Asteraceae,Heliomeris,species
Lasthenia californica,lasthenia californica,lasthenia californica,1,TRUE,TRUE,resolved_by_both,exact_accepted,exact_accepted_unique,Lasthenia californica,wfo-0000092923,Asteraceae,Lasthenia,species
Lasthenia,lasthenia,lasthenia,1,TRUE,TRUE,resolved_by_both,exact_accepted,exact_accepted_unique,Lasthenia,wfo-4000020701,Asteraceae,Lasthenia,genus
Fagopyrum esculentum,fagopyrum esculentum,fagopyrum esculentum,1,TRUE,TRUE,resolved_by_both,exact_accepted,exact_accepted_unique,Fagopyrum esculentum,wfo-0000685460,Polygonaceae,Fagopyrum,species
Aglaia laxiflora,aglaia laxiflora,aglaia laxiflora,1,TRUE,TRUE,resolved_by_both,exact_accepted,exact_accepted_unique,Aglaia laxiflora,wfo-0000524166,Meliaceae,Aglaia,species
Uvaria welwitschii,uvaria welwitschii,uvaria welwitschii,1,TRUE,TRUE,resolved_by_both,exact_accepted,exact_accepted_unique,Uvaria welwitschii,wfo-0000416184,Annonaceae,Uvaria,species
Euphorbia condylocarpa,euphorbia condylocarpa,euphorbia condylocarpa,1,TRUE,TRUE,resolved_by_both,exact_accepted,exact_accepted_unique,Euphorbia condylocarpa,wfo-0000961452,Euphorbiaceae,Euphorbia,species
Dorycnium rectum,dorycnium rectum,dorycnium rectum,1,TRUE,TRUE,resolved_by_both,exact_synonym,exact_synonym_unique,Lotus rectus,wfo-0000212142,Fabaceae,Lotus,species
Hypericum monogynum,hypericum monogynum,hypericum monogynum,1,TRUE,TRUE,resolved_by_both,exact_accepted,exact_accepted_unique,Hypericum monogynum,wfo-0000727973,Hypericaceae,Hypericum,species
Pericopsis mooniana,pericopsis mooniana,pericopsis mooniana,1,TRUE,TRUE,resolved_by_both,exact_accepted,exact_accepted_unique,Pericopsis mooniana,wfo-0000185594,Fabaceae,Pericopsis,species
Urceola laevigata,urceola laevigata,urceola laevigata,1,TRUE,TRUE,resolved_by_both,exact_accepted,exact_accepted_unique,Urceola laevigata,wfo-0001425303,Apocynaceae,Urceola,species
Bambusa emeiensis,bambusa emeiensis,bambusa emeiensis,1,TRUE,TRUE,resolved_by_both,exact_accepted,exact_accepted_unique,Bambusa emeiensis,wfo-0000853147,Poaceae,Bambusa,species
Selaginella tamariscina,selaginella tamariscina,selaginella tamariscina,1,TRUE,TRUE,resolved_by_both,exact_accepted,exact_accepted_unique,Selaginella tamariscina,wfo-0000748162,Selaginellaceae,Selaginella,species
Gynura aurantiaca,gynura aurantiaca,gynura aurantiaca,2,FALSE,TRUE,recovered_by_hierarchical_rules,exact_accepted,exact_accepted_unique,Gynura aurantiaca,wfo-0000033307,Asteraceae,Gynura,species
Erythrina herbacea,erythrina herbacea,erythrina herbacea,1,TRUE,TRUE,resolved_by_both,exact_accepted,exact_accepted_unique,Erythrina herbacea,wfo-0000165896,Fabaceae,Erythrina,species
Tinospora malabarica,tinospora malabarica,tinospora malabarica,1,TRUE,TRUE,resolved_by_both,exact_synonym,exact_synonym_unique,Tinospora sinensis,wfo-0001083980,Menispermaceae,Tinospora,species
Maackia floribunda,maackia floribunda,maackia floribunda,1,TRUE,TRUE,resolved_by_both,exact_accepted,exact_accepted_unique,Maackia floribunda,wfo-0000192419,Fabaceae,Maackia,species
Hypericum aucheri,hypericum aucheri,hypericum aucheri,1,TRUE,TRUE,resolved_by_both,exact_accepted,exact_accepted_unique,Hypericum aucheri,wfo-0000727382,Hypericaceae,Hypericum,species
Psoralea,psoralea,psoralea,1,TRUE,TRUE,resolved_by_both,exact_accepted,exact_accepted_unique,Psoralea,wfo-4000031821,Fabaceae,Psoralea,genus
Sophora yunnanensis,sophora yunnanensis,sophora yunnanensis,1,TRUE,TRUE,resolved_by_both,exact_accepted,exact_accepted_unique,Sophora yunnanensis,wfo-0000197230,Fabaceae,Sophora,species
Pentagramma,pentagramma,pentagramma,1,TRUE,TRUE,resolved_by_both,exact_accepted,exact_accepted_unique,Pentagramma,wfo-4000028587,Pteridaceae,Pentagramma,genus
Comptonia peregrina,comptonia peregrina,comptonia peregrina,1,TRUE,TRUE,resolved_by_both,exact_accepted,exact_accepted_unique,Comptonia peregrina,wfo-0000617626,Myricaceae,Comptonia,species
Cornus mas,cornus mas,cornus mas,1,TRUE,TRUE,resolved_by_both,exact_accepted,exact_accepted_unique,Cornus mas,wfo-0000924760,Cornaceae,Cornus,species
Crocus chrysanthus,crocus chrysanthus,crocus chrysanthus,1,TRUE,TRUE,resolved_by_both,exact_accepted,exact_accepted_unique,Crocus chrysanthus,wfo-0000788600,Iridaceae,Crocus,species
Entandrophragma cylindricum,entandrophragma cylindricum,entandrophragma cylindricum,1,TRUE,TRUE,resolved_by_both,exact_accepted,exact_accepted_unique,Entandrophragma cylindricum,wfo-0000668215,Meliaceae,Entandrophragma,species
Wyethia,wyethia,wyethia,1,TRUE,TRUE,resolved_by_both,exact_accepted,exact_accepted_unique,Wyethia,wfo-4000040855,Asteraceae,Wyethia,genus
Brainea insignis,brainea insignis,brainea insignis,1,TRUE,TRUE,resolved_by_both,exact_accepted,exact_accepted_unique,Brainea insignis,wfo-0001122823,Blechnaceae,Brainea,species
Marshallia mohrii,marshallia mohrii,marshallia mohrii,1,TRUE,TRUE,resolved_by_both,exact_accepted,exact_accepted_unique,Marshallia mohrii,wfo-0000058797,Asteraceae,Marshallia,species
Scabrethia scabra,scabrethia scabra,scabrethia scabra,0,FALSE,FALSE,unresolved_by_both,unresolved,no_match,NA,NA,NA,NA,NA
Empetrum nigrum,empetrum nigrum,empetrum nigrum,1,TRUE,TRUE,resolved_by_both,exact_accepted,exact_accepted_unique,Empetrum nigrum,wfo-0000667231,Ericaceae,Empetrum,species
Taraxacum platycarpum,taraxacum platycarpum,taraxacum platycarpum,1,TRUE,TRUE,resolved_by_both,exact_accepted,exact_accepted_unique,Taraxacum platycarpum,wfo-0000083298,Asteraceae,Taraxacum,species
Ageratina ligustrina,ageratina ligustrina,ageratina ligustrina,1,TRUE,TRUE,resolved_by_both,exact_accepted,exact_accepted_unique,Ageratina ligustrina,wfo-0000067311,Asteraceae,Ageratina,species
Eupatorium ligustrinum,eupatorium ligustrinum,eupatorium ligustrinum,1,TRUE,TRUE,resolved_by_both,exact_synonym,exact_synonym_unique,Ageratina ligustrina,wfo-0000067311,Asteraceae,Ageratina,species
Sansevieria cylindrica,sansevieria cylindrica,sansevieria cylindrica,1,TRUE,TRUE,resolved_by_both,exact_synonym,exact_synonym_unique,Dracaena angolensis,wfo-0001424811,Asparagaceae,Dracaena,species
Phyllanthus tenellus,phyllanthus tenellus,phyllanthus tenellus,2,FALSE,TRUE,recovered_by_hierarchical_rules,exact_accepted,exact_accepted_unique,Phyllanthus tenellus,wfo-0000272206,Phyllanthaceae,Phyllanthus,species
Crotalaria ramosissima,crotalaria ramosissima,crotalaria ramosissima,3,FALSE,TRUE,recovered_by_hierarchical_rules,exact_accepted,exact_accepted_unique,Crotalaria ramosissima,wfo-0000174080,Fabaceae,Crotalaria,species
Polygala myrtifolia,polygala myrtifolia,polygala myrtifolia,1,TRUE,TRUE,resolved_by_both,exact_accepted,exact_accepted_unique,Polygala myrtifolia,wfo-0000488587,Polygalaceae,Polygala,species
Lonchocarpus fluvialis,lonchocarpus fluvialis,lonchocarpus fluvialis,1,TRUE,TRUE,resolved_by_both,exact_synonym,exact_synonym_unique,Muellera fluvialis,wfo-0001052481,Fabaceae,Muellera,species
Lysidice brevicalyx,lysidice brevicalyx,lysidice brevicalyx,1,TRUE,TRUE,resolved_by_both,exact_accepted,exact_accepted_unique,Lysidice brevicalyx,wfo-0001061579,Fabaceae,Lysidice,species
Tephrosia,tephrosia,tephrosia,1,TRUE,TRUE,resolved_by_both,exact_accepted,exact_accepted_unique,Tephrosia,wfo-4000037774,Fabaceae,Tephrosia,genus
Ephedra frustillata,ephedra frustillata,ephedra frustillata,1,TRUE,TRUE,resolved_by_both,exact_accepted,exact_accepted_unique,Ephedra frustillata,wfo-0000794369,Ephedraceae,Ephedra,species
Lespedeza thunbergii,lespedeza thunbergii,lespedeza thunbergii,1,TRUE,TRUE,resolved_by_both,exact_accepted,exact_accepted_unique,Lespedeza thunbergii,wfo-0000185059,Fabaceae,Lespedeza,species
Lespedeza formosa,lespedeza formosa,lespedeza formosa,1,TRUE,TRUE,resolved_by_both,exact_synonym,exact_synonym_unique,Lespedeza thunbergii subsp. formosa,wfo-0001359458,Fabaceae,Lespedeza,subspecies
Crotalaria orixensis,crotalaria orixensis,crotalaria orixensis,1,TRUE,TRUE,resolved_by_both,exact_accepted,exact_accepted_unique,Crotalaria orixensis,wfo-0000210581,Fabaceae,Crotalaria,species
Helichrysum melanacme,helichrysum melanacme,helichrysum melanacme,1,TRUE,TRUE,resolved_by_both,exact_accepted,exact_accepted_unique,Helichrysum melanacme,wfo-0000035694,Asteraceae,Helichrysum,species
Acacia latifolia,acacia latifolia,acacia latifolia,2,FALSE,TRUE,recovered_by_hierarchical_rules,exact_accepted,exact_accepted_unique,Acacia latifolia,wfo-0000185313,Fabaceae,Acacia,species
Lophira alata,lophira alata,lophira alata,1,TRUE,TRUE,resolved_by_both,exact_accepted,exact_accepted_unique,Lophira alata,wfo-0000443232,Ochnaceae,Lophira,species
Shuteria involucrata,shuteria involucrata,shuteria involucrata,1,TRUE,TRUE,resolved_by_both,exact_accepted,exact_accepted_unique,Shuteria involucrata,wfo-0000186208,Fabaceae,Shuteria,species
Stachyurus himalaicus,stachyurus himalaicus,stachyurus himalaicus,1,TRUE,TRUE,resolved_by_both,exact_accepted,exact_accepted_unique,Stachyurus himalaicus,wfo-0000747135,Stachyuraceae,Stachyurus,species
Petrosedum pruinatum,petrosedum pruinatum,petrosedum pruinatum,1,TRUE,TRUE,resolved_by_both,exact_accepted,exact_accepted_unique,Petrosedum pruinatum,wfo-0000396514,Crassulaceae,Petrosedum,species
Sedum rupestre,sedum rupestre,sedum rupestre,2,FALSE,FALSE,unresolved_by_both,exact_conflict,exact_synonym_conflict,NA,NA,NA,NA,NA
Sedum reflexum,sedum reflexum,sedum reflexum,1,TRUE,TRUE,resolved_by_both,exact_synonym,exact_synonym_unique,Petrosedum rupestre,wfo-0000396537,Crassulaceae,Petrosedum,species
Wedelia prostrata,wedelia prostrata,wedelia prostrata,1,TRUE,TRUE,resolved_by_both,exact_accepted,exact_accepted_unique,Wedelia prostrata,wfo-0000128357,Asteraceae,Wedelia,species
Hovenia dulcis,hovenia dulcis,hovenia dulcis,1,TRUE,TRUE,resolved_by_both,exact_accepted,exact_accepted_unique,Hovenia dulcis,wfo-0000725083,Rhamnaceae,Hovenia,species
Brassica carinata,brassica carinata,brassica carinata,1,TRUE,TRUE,resolved_by_both,exact_accepted,exact_accepted_unique,Brassica carinata,wfo-0000570995,Brassicaceae,Brassica,species
Shuteria pampaniniana,shuteria pampaniniana,shuteria pampaniniana,1,TRUE,TRUE,resolved_by_both,exact_synonym,exact_synonym_unique,Shuteria vestita,wfo-0000183837,Fabaceae,Shuteria,species
Pimenta dioica,pimenta dioica,pimenta dioica,1,TRUE,TRUE,resolved_by_both,exact_accepted,exact_accepted_unique,Pimenta dioica,wfo-0000273391,Myrtaceae,Pimenta,species
Ampelopsis cantoniensis,ampelopsis cantoniensis,ampelopsis cantoniensis,2,FALSE,TRUE,recovered_by_hierarchical_rules,exact_accepted,exact_accepted_unique,Ampelopsis cantoniensis,wfo-0000531641,Vitaceae,Ampelopsis,species
Burkea africana,burkea africana,burkea africana,1,TRUE,TRUE,resolved_by_both,exact_accepted,exact_accepted_unique,Burkea africana,wfo-0000214110,Fabaceae,Burkea,species
Berberis duclouxiana,berberis duclouxiana,berberis duclouxiana,1,TRUE,TRUE,resolved_by_both,exact_synonym,exact_synonym_unique,Berberis napaulensis var. napaulensis,wfo-1200094001,Berberidaceae,Berberis,variety
Cyphostemma digitatum,cyphostemma digitatum,cyphostemma digitatum,1,TRUE,TRUE,resolved_by_both,exact_accepted,exact_accepted_unique,Cyphostemma digitatum,wfo-0000634523,Vitaceae,Cyphostemma,species
Ampelopsis,ampelopsis,ampelopsis,1,TRUE,TRUE,resolved_by_both,exact_accepted,exact_accepted_unique,Ampelopsis,wfo-4000001672,Vitaceae,Ampelopsis,genus
Phyllolobium chinense,phyllolobium chinense,phyllolobium chinense,1,TRUE,TRUE,resolved_by_both,exact_accepted,exact_accepted_unique,Phyllolobium chinense,wfo-0000198325,Fabaceae,Phyllolobium,species
Dorstenia poinsettifolia,dorstenia poinsettifolia,dorstenia poinsettifolia,0,FALSE,FALSE,unresolved_by_both,unresolved,no_match,NA,NA,NA,NA,NA
Citrus australasica,citrus australasica,citrus australasica,1,TRUE,TRUE,resolved_by_both,exact_accepted,exact_accepted_unique,Citrus australasica,wfo-0000607946,Rutaceae,Citrus,species
Citrus excelsa,citrus excelsa,citrus excelsa,1,TRUE,TRUE,resolved_by_both,exact_synonym,exact_synonym_unique,Citrus aurantiifolia,wfo-0001242548,Rutaceae,Citrus,species
Citrus ujukitsu,citrus ujukitsu,citrus ujukitsu,1,TRUE,TRUE,resolved_by_both,exact_synonym,exact_synonym_unique,Citrus × aurantium nothof. aurantium,wfo-1200112333,Rutaceae,Citrus,form
Citrus jambhiri,citrus jambhiri,citrus jambhiri,0,FALSE,FALSE,unresolved_by_both,unresolved,no_match,NA,NA,NA,NA,NA
Microcitrus australasica,microcitrus australasica,microcitrus australasica,1,TRUE,TRUE,resolved_by_both,exact_synonym,exact_synonym_unique,Citrus australasica,wfo-0000607946,Rutaceae,Citrus,species
Citrus macrophylla,citrus macrophylla,citrus macrophylla,1,TRUE,TRUE,resolved_by_both,exact_synonym,exact_synonym_unique,Citrus aurantiifolia,wfo-0001242548,Rutaceae,Citrus,species
Pterocarpus erinaceus,pterocarpus erinaceus,pterocarpus erinaceus,2,FALSE,TRUE,recovered_by_hierarchical_rules,exact_accepted,exact_accepted_unique,Pterocarpus erinaceus,wfo-0000172693,Fabaceae,Pterocarpus,species
Pterocarpus indicus,pterocarpus indicus,pterocarpus indicus,2,FALSE,TRUE,recovered_by_hierarchical_rules,exact_accepted,exact_accepted_unique,Pterocarpus indicus,wfo-0000172738,Fabaceae,Pterocarpus,species
Melaleuca squarrosa,melaleuca squarrosa,melaleuca squarrosa,1,TRUE,TRUE,resolved_by_both,exact_accepted,exact_accepted_unique,Melaleuca squarrosa,wfo-0000239847,Myrtaceae,Melaleuca,species
Oryza sativa,oryza sativa,oryza sativa,1,TRUE,TRUE,resolved_by_both,exact_accepted,exact_accepted_unique,Oryza sativa,wfo-0000882438,Poaceae,Oryza,species
Piper montealegreanum,piper montealegreanum,piper montealegreanum,1,TRUE,TRUE,resolved_by_both,exact_accepted,exact_accepted_unique,Piper montealegreanum,wfo-0000486411,Piperaceae,Piper,species
Scutellaria galericulata,scutellaria galericulata,scutellaria galericulata,1,TRUE,TRUE,resolved_by_both,exact_accepted,exact_accepted_unique,Scutellaria galericulata,wfo-0000307828,Lamiaceae,Scutellaria,species
Xanthorrhoea australis,xanthorrhoea australis,xanthorrhoea australis,1,TRUE,TRUE,resolved_by_both,exact_accepted,exact_accepted_unique,Xanthorrhoea australis,wfo-0000753903,Asphodelaceae,Xanthorrhoea,species
Garcinia nervosa,garcinia nervosa,garcinia nervosa,1,TRUE,TRUE,resolved_by_both,exact_accepted,exact_accepted_unique,Garcinia nervosa,wfo-0000694510,Clusiaceae,Garcinia,species
Myroxylon balsamum,myroxylon balsamum,myroxylon balsamum,1,TRUE,TRUE,resolved_by_both,exact_accepted,exact_accepted_unique,Myroxylon balsamum,wfo-0000212074,Fabaceae,Myroxylon,species
Mesua ferrea,mesua ferrea,mesua ferrea,1,TRUE,TRUE,resolved_by_both,exact_accepted,exact_accepted_unique,Mesua ferrea,wfo-0001296121,Calophyllaceae,Mesua,species
Spartium junceum,spartium junceum,spartium junceum,1,TRUE,TRUE,resolved_by_both,exact_accepted,exact_accepted_unique,Spartium junceum,wfo-0000213405,Fabaceae,Spartium,species
Trigastrotheca pentaphylla,trigastrotheca pentaphylla,trigastrotheca pentaphylla,0,FALSE,FALSE,unresolved_by_both,unresolved,no_match,NA,NA,NA,NA,NA
Mollugo pentaphylla,mollugo pentaphylla,mollugo pentaphylla,1,TRUE,TRUE,resolved_by_both,exact_accepted,exact_accepted_unique,Mollugo pentaphylla,wfo-0001294503,Molluginaceae,Mollugo,species
Eucalyptus cypellocarpa,eucalyptus cypellocarpa,eucalyptus cypellocarpa,1,TRUE,TRUE,resolved_by_both,exact_accepted,exact_accepted_unique,Eucalyptus cypellocarpa,wfo-0000954770,Myrtaceae,Eucalyptus,species
Crotalaria sessiliflora,crotalaria sessiliflora,crotalaria sessiliflora,1,TRUE,TRUE,resolved_by_both,exact_accepted,exact_accepted_unique,Crotalaria sessiliflora,wfo-0000185954,Fabaceae,Crotalaria,species
Crataegus phaenopyrum,crataegus phaenopyrum,crataegus phaenopyrum,1,TRUE,TRUE,resolved_by_both,exact_accepted,exact_accepted_unique,Crataegus phaenopyrum,wfo-0001010531,Rosaceae,Crataegus,species
Anemarrhena asphodeloides,anemarrhena asphodeloides,anemarrhena asphodeloides,1,TRUE,TRUE,resolved_by_both,exact_accepted,exact_accepted_unique,Anemarrhena asphodeloides,wfo-0000760083,Asparagaceae,Anemarrhena,species
Sphaerophysa salsula,sphaerophysa salsula,sphaerophysa salsula,1,TRUE,TRUE,resolved_by_both,exact_accepted,exact_accepted_unique,Sphaerophysa salsula,wfo-0000185557,Fabaceae,Sphaerophysa,species
Phedimus stoloniferus,phedimus stoloniferus,phedimus stoloniferus,1,TRUE,TRUE,resolved_by_both,exact_accepted,exact_accepted_unique,Phedimus stoloniferus,wfo-0000396540,Crassulaceae,Phedimus,species
Sedum stoloniferum,sedum stoloniferum,sedum stoloniferum,1,TRUE,TRUE,resolved_by_both,exact_synonym,exact_synonym_unique,Phedimus stolonifer,wfo-0001277002,Crassulaceae,Phedimus,species
Rhodiola chrysanthemifolia,rhodiola chrysanthemifolia,rhodiola chrysanthemifolia,1,TRUE,TRUE,resolved_by_both,exact_accepted,exact_accepted_unique,Rhodiola chrysanthemifolia,wfo-0001300650,Crassulaceae,Rhodiola,species
Petunia inflata,petunia inflata,petunia inflata,1,TRUE,TRUE,resolved_by_both,exact_accepted,exact_accepted_unique,Petunia inflata,wfo-0001024436,Solanaceae,Petunia,species
Angophora costata,angophora costata,angophora costata,1,TRUE,TRUE,resolved_by_both,exact_accepted,exact_accepted_unique,Angophora costata,wfo-0000973356,Myrtaceae,Angophora,species
Eria angustifolia,eria angustifolia,eria angustifolia,2,FALSE,FALSE,unresolved_by_both,exact_conflict,exact_synonym_conflict,NA,NA,NA,NA,NA
Kaempferia angustifolia,kaempferia angustifolia,kaempferia angustifolia,1,TRUE,TRUE,resolved_by_both,exact_accepted,exact_accepted_unique,Kaempferia angustifolia,wfo-0000451523,Zingiberaceae,Kaempferia,species
Trifolium aureum,trifolium aureum,trifolium aureum,3,FALSE,TRUE,recovered_by_hierarchical_rules,exact_accepted,exact_accepted_unique,Trifolium aureum,wfo-0000213947,Fabaceae,Trifolium,species
Thermopsis alterniflora,thermopsis alterniflora,thermopsis alterniflora,1,TRUE,TRUE,resolved_by_both,exact_accepted,exact_accepted_unique,Thermopsis alterniflora,wfo-0000186300,Fabaceae,Thermopsis,species
Cicer songaricum,cicer songaricum,cicer songaricum,2,FALSE,TRUE,recovered_by_hierarchical_rules,exact_accepted,exact_accepted_unique,Cicer songaricum,wfo-0000186146,Fabaceae,Cicer,species
Xanthium strumarium,xanthium strumarium,xanthium strumarium,2,FALSE,TRUE,recovered_by_hierarchical_rules,exact_accepted,exact_accepted_consensus_multiple_ids,Xanthium strumarium,wfo-0000008369,Asteraceae,Xanthium,species
Trifolium resupinatum,trifolium resupinatum,trifolium resupinatum,3,FALSE,TRUE,recovered_by_hierarchical_rules,exact_accepted,exact_accepted_unique,Trifolium resupinatum,wfo-0000213063,Fabaceae,Trifolium,species
Podocytisus caramanicus,podocytisus caramanicus,podocytisus caramanicus,1,TRUE,TRUE,resolved_by_both,exact_accepted,exact_accepted_unique,Podocytisus caramanicus,wfo-0000213929,Fabaceae,Podocytisus,species
Hedysarum polybotrys,hedysarum polybotrys,hedysarum polybotrys,1,TRUE,TRUE,resolved_by_both,exact_accepted,exact_accepted_unique,Hedysarum polybotrys,wfo-0000186005,Fabaceae,Hedysarum,species
Litsea pedunculata,litsea pedunculata,litsea pedunculata,1,TRUE,TRUE,resolved_by_both,exact_accepted,exact_accepted_unique,Litsea pedunculata,wfo-0001071896,Lauraceae,Litsea,species
Litsea rubescens,litsea rubescens,litsea rubescens,1,TRUE,TRUE,resolved_by_both,exact_accepted,exact_accepted_unique,Litsea rubescens,wfo-0001070705,Lauraceae,Litsea,species
Combretum albopunctatum,combretum albopunctatum,combretum albopunctatum,1,TRUE,TRUE,resolved_by_both,exact_accepted,exact_accepted_unique,Combretum albopunctatum,wfo-0000616058,Combretaceae,Combretum,species
Xanthorrhoea arborea,xanthorrhoea arborea,xanthorrhoea arborea,1,TRUE,TRUE,resolved_by_both,exact_accepted,exact_accepted_unique,Xanthorrhoea arborea,wfo-0000753904,Asphodelaceae,Xanthorrhoea,species
Mikania micrantha,mikania micrantha,mikania micrantha,2,FALSE,TRUE,recovered_by_hierarchical_rules,exact_accepted,exact_accepted_unique,Mikania micrantha,wfo-0000062531,Asteraceae,Mikania,species
Eucalyptus sieberi,eucalyptus sieberi,eucalyptus sieberi,1,TRUE,TRUE,resolved_by_both,exact_accepted,exact_accepted_unique,Eucalyptus sieberi,wfo-0000955901,Myrtaceae,Eucalyptus,species
Fridericia triplinervia,fridericia triplinervia,fridericia triplinervia,1,TRUE,TRUE,resolved_by_both,exact_accepted,exact_accepted_unique,Fridericia triplinervia,wfo-0000782570,Bignoniaceae,Fridericia,species
Alpinia mutica,alpinia mutica,alpinia mutica,1,TRUE,TRUE,resolved_by_both,exact_accepted,exact_accepted_unique,Alpinia mutica,wfo-0000338632,Zingiberaceae,Alpinia,species
Smilax bracteata,smilax bracteata,smilax bracteata,1,TRUE,TRUE,resolved_by_both,exact_accepted,exact_accepted_unique,Smilax bracteata,wfo-0000740766,Smilacaceae,Smilax,species
Viscum angulatum,viscum angulatum,viscum angulatum,1,TRUE,TRUE,resolved_by_both,exact_accepted,exact_accepted_unique,Viscum angulatum,wfo-0000424971,Santalaceae,Viscum,species
Uvaria grandiflora,uvaria grandiflora,uvaria grandiflora,2,FALSE,TRUE,recovered_by_hierarchical_rules,exact_accepted,exact_accepted_unique,Uvaria grandiflora,wfo-0000416394,Annonaceae,Uvaria,species
Stachyurus praecox,stachyurus praecox,stachyurus praecox,1,TRUE,TRUE,resolved_by_both,exact_accepted,exact_accepted_unique,Stachyurus praecox,wfo-0001256971,Stachyuraceae,Stachyurus,species
Krameria ixina,krameria ixina,krameria ixina,0,FALSE,FALSE,unresolved_by_both,unresolved,no_match,NA,NA,NA,NA,NA
Cordyloblaste pendula,cordyloblaste pendula,cordyloblaste pendula,1,TRUE,TRUE,resolved_by_both,exact_synonym,exact_synonym_unique,Symplocos pendula,wfo-0001141680,Symplocaceae,Symplocos,species
Ficus sagittata,ficus sagittata,ficus sagittata,1,TRUE,TRUE,resolved_by_both,exact_accepted,exact_accepted_unique,Ficus sagittata,wfo-0000690167,Moraceae,Ficus,species
Cephalocereus senilis,cephalocereus senilis,cephalocereus senilis,1,TRUE,TRUE,resolved_by_both,exact_accepted,exact_accepted_unique,Cephalocereus senilis,wfo-0000594770,Cactaceae,Cephalocereus,species
Cereus senilis,cereus senilis,cereus senilis,1,TRUE,TRUE,resolved_by_both,exact_synonym,exact_synonym_unique,Cephalocereus senilis,wfo-0000594770,Cactaceae,Cephalocereus,species
Swartzia leiocalycina,swartzia leiocalycina,swartzia leiocalycina,1,TRUE,TRUE,resolved_by_both,exact_accepted,exact_accepted_unique,Swartzia leiocalycina,wfo-0000164129,Fabaceae,Swartzia,species
Thymus cilicicus,thymus cilicicus,thymus cilicicus,1,TRUE,TRUE,resolved_by_both,exact_accepted,exact_accepted_unique,Thymus cilicicus,wfo-0000323876,Lamiaceae,Thymus,species
Morus wittiorum,morus wittiorum,morus wittiorum,1,TRUE,TRUE,resolved_by_both,exact_accepted,exact_accepted_unique,Morus wittiorum,wfo-0001240094,Moraceae,Morus,species
Limonium aureum,limonium aureum,limonium aureum,1,TRUE,TRUE,resolved_by_both,exact_accepted,exact_accepted_unique,Limonium aureum,wfo-0001303480,Plumbaginaceae,Limonium,species
Astragalus mongholicus,astragalus mongholicus,astragalus mongholicus,1,TRUE,TRUE,resolved_by_both,exact_accepted,exact_accepted_unique,Astragalus mongholicus,wfo-0000185128,Fabaceae,Astragalus,species
Acacia cyperophylla,acacia cyperophylla,acacia cyperophylla,1,TRUE,TRUE,resolved_by_both,exact_accepted,exact_accepted_unique,Acacia cyperophylla,wfo-0000202875,Fabaceae,Acacia,species
Cattleya coccinea,cattleya coccinea,cattleya coccinea,1,TRUE,TRUE,resolved_by_both,exact_accepted,exact_accepted_unique,Cattleya coccinea,wfo-0000820898,Orchidaceae,Cattleya,species
Astragalus orbiculatus,astragalus orbiculatus,astragalus orbiculatus,1,TRUE,TRUE,resolved_by_both,exact_accepted,exact_accepted_unique,Astragalus orbiculatus,wfo-0000185971,Fabaceae,Astragalus,species
Millettia thonningii,millettia thonningii,millettia thonningii,1,TRUE,TRUE,resolved_by_both,exact_accepted,exact_accepted_unique,Millettia thonningii,wfo-0000200787,Fabaceae,Millettia,species
Detarium microcarpum,detarium microcarpum,detarium microcarpum,1,TRUE,TRUE,resolved_by_both,exact_accepted,exact_accepted_unique,Detarium microcarpum,wfo-0000166421,Fabaceae,Detarium,species
Sclerocarya birrea,sclerocarya birrea,sclerocarya birrea,1,TRUE,TRUE,resolved_by_both,exact_accepted,exact_accepted_unique,Sclerocarya birrea,wfo-0000434908,Anacardiaceae,Sclerocarya,species
Thermopsis macrophylla,thermopsis macrophylla,thermopsis macrophylla,1,TRUE,TRUE,resolved_by_both,exact_accepted,exact_accepted_unique,Thermopsis macrophylla,wfo-0000194925,Fabaceae,Thermopsis,species
Thermopsis rhombifolia,thermopsis rhombifolia,thermopsis rhombifolia,1,TRUE,TRUE,resolved_by_both,exact_accepted,exact_accepted_unique,Thermopsis rhombifolia,wfo-0000194931,Fabaceae,Thermopsis,species
Syzygium jambos,syzygium jambos,syzygium jambos,1,TRUE,TRUE,resolved_by_both,exact_accepted,exact_accepted_unique,Syzygium jambos,wfo-0000318809,Myrtaceae,Syzygium,species
Viburnum cotinifolium,viburnum cotinifolium,viburnum cotinifolium,1,TRUE,TRUE,resolved_by_both,exact_accepted,exact_accepted_unique,Viburnum cotinifolium,wfo-0001290604,Viburnaceae,Viburnum,species
Commiphora wightii,commiphora wightii,commiphora wightii,1,TRUE,TRUE,resolved_by_both,exact_accepted,exact_accepted_unique,Commiphora wightii,wfo-0000617524,Burseraceae,Commiphora,species
Clinopodium laxiflorum,clinopodium laxiflorum,clinopodium laxiflorum,1,TRUE,TRUE,resolved_by_both,exact_accepted,exact_accepted_unique,Clinopodium laxiflorum,wfo-0000892149,Lamiaceae,Clinopodium,species
Juniperus chinensis,juniperus chinensis,juniperus chinensis,2,FALSE,TRUE,recovered_by_hierarchical_rules,exact_accepted,exact_accepted_unique,Juniperus chinensis,wfo-0000355589,Cupressaceae,Juniperus,species
Goyazianthus tetrastichus,goyazianthus tetrastichus,goyazianthus tetrastichus,1,TRUE,TRUE,resolved_by_both,exact_accepted,exact_accepted_unique,Goyazianthus tetrastichus,wfo-0000081714,Asteraceae,Goyazianthus,species
Phlomis floccosa,phlomis floccosa,phlomis floccosa,1,TRUE,TRUE,resolved_by_both,exact_accepted,exact_accepted_unique,Phlomis floccosa,wfo-0000269294,Lamiaceae,Phlomis,species
Plazia daphnoides,plazia daphnoides,plazia daphnoides,1,TRUE,TRUE,resolved_by_both,exact_accepted,exact_accepted_unique,Plazia daphnoides,wfo-0000044983,Asteraceae,Plazia,species
Combretum imberbe,combretum imberbe,combretum imberbe,1,TRUE,TRUE,resolved_by_both,exact_accepted,exact_accepted_unique,Combretum imberbe,wfo-0000616388,Combretaceae,Combretum,species
Sinningia cardinalis,sinningia cardinalis,sinningia cardinalis,1,TRUE,TRUE,resolved_by_both,exact_accepted,exact_accepted_unique,Sinningia cardinalis,wfo-0000497334,Gesneriaceae,Sinningia,species
Chromolaena connivens,chromolaena connivens,chromolaena connivens,1,TRUE,TRUE,resolved_by_both,exact_accepted,exact_accepted_unique,Chromolaena connivens,wfo-0000037204,Asteraceae,Chromolaena,species
Antiphiona fragrans,antiphiona fragrans,antiphiona fragrans,1,TRUE,TRUE,resolved_by_both,exact_accepted,exact_accepted_unique,Antiphiona fragrans,wfo-0000115439,Asteraceae,Antiphiona,species
Antiphiona pinnatisecta,antiphiona pinnatisecta,antiphiona pinnatisecta,1,TRUE,TRUE,resolved_by_both,exact_accepted,exact_accepted_unique,Antiphiona pinnatisecta,wfo-0000125572,Asteraceae,Antiphiona,species
Seriphidium barrelieri,seriphidium barrelieri,seriphidium barrelieri,1,TRUE,TRUE,resolved_by_both,exact_synonym,exact_synonym_unique,Artemisia barrelieri,wfo-0000065475,Asteraceae,Artemisia,species
Allagopappus viscosissimus,allagopappus viscosissimus,allagopappus viscosissimus,1,TRUE,TRUE,resolved_by_both,exact_accepted,exact_accepted_unique,Allagopappus viscosissimus,wfo-0000000947,Asteraceae,Allagopappus,species
Centaurea cyanus,centaurea cyanus,centaurea cyanus,1,TRUE,TRUE,resolved_by_both,exact_accepted,exact_accepted_unique,Centaurea cyanus,wfo-0000008997,Asteraceae,Centaurea,species
Chrysocephalum ambiguum,chrysocephalum ambiguum,chrysocephalum ambiguum,1,TRUE,TRUE,resolved_by_both,exact_synonym,exact_synonym_unique,Leiocarpa semicalva,wfo-0000043559,Asteraceae,Leiocarpa,species
Leiocarpa semicalva,leiocarpa semicalva,leiocarpa semicalva,1,TRUE,TRUE,resolved_by_both,exact_accepted,exact_accepted_unique,Leiocarpa semicalva,wfo-0000043559,Asteraceae,Leiocarpa,species
Thymus herba-barona,thymus herba-barona,thymus herba-barona,1,TRUE,TRUE,resolved_by_both,exact_accepted,exact_accepted_unique,Thymus herba-barona,wfo-0000324108,Lamiaceae,Thymus,species
Inula salsoloides,inula salsoloides,inula salsoloides,1,TRUE,TRUE,resolved_by_both,exact_accepted,exact_accepted_unique,Inula salsoloides,wfo-0000137181,Asteraceae,Inula,species
Borkhausenia intermedia,borkhausenia intermedia,borkhausenia intermedia,1,TRUE,TRUE,resolved_by_both,exact_synonym,exact_synonym_unique,Scandosorbus intermedia,wfo-1000007507,Rosaceae,Scandosorbus,species
Coriaria japonica,coriaria japonica,coriaria japonica,1,TRUE,TRUE,resolved_by_both,exact_accepted,exact_accepted_unique,Coriaria japonica,wfo-0000924517,Coriariaceae,Coriaria,species
Centromadia fitchii,centromadia fitchii,centromadia fitchii,1,TRUE,TRUE,resolved_by_both,exact_accepted,exact_accepted_unique,Centromadia fitchii,wfo-0000042487,Asteraceae,Centromadia,species
Centromadia pungens,centromadia pungens,centromadia pungens,1,TRUE,TRUE,resolved_by_both,exact_accepted,exact_accepted_unique,Centromadia pungens,wfo-0000127373,Asteraceae,Centromadia,species
Deinandra arida,deinandra arida,deinandra arida,1,TRUE,TRUE,resolved_by_both,exact_accepted,exact_accepted_unique,Deinandra arida,wfo-0000114451,Asteraceae,Deinandra,species
Deinandra corymbosa,deinandra corymbosa,deinandra corymbosa,1,TRUE,TRUE,resolved_by_both,exact_accepted,exact_accepted_unique,Deinandra corymbosa,wfo-0000036297,Asteraceae,Deinandra,species
Deinandra halliana,deinandra halliana,deinandra halliana,1,TRUE,TRUE,resolved_by_both,exact_accepted,exact_accepted_unique,Deinandra halliana,wfo-0000089128,Asteraceae,Deinandra,species
Deinandra increscens,deinandra increscens,deinandra increscens,1,TRUE,TRUE,resolved_by_both,exact_accepted,exact_accepted_unique,Deinandra increscens,wfo-0000059006,Asteraceae,Deinandra,species
Deinandra kelloggii,deinandra kelloggii,deinandra kelloggii,1,TRUE,TRUE,resolved_by_both,exact_accepted,exact_accepted_unique,Deinandra kelloggii,wfo-0000114541,Asteraceae,Deinandra,species
Deinandra lobbii,deinandra lobbii,deinandra lobbii,1,TRUE,TRUE,resolved_by_both,exact_accepted,exact_accepted_unique,Deinandra lobbii,wfo-0000030097,Asteraceae,Deinandra,species
Deinandra minthornii,deinandra minthornii,deinandra minthornii,1,TRUE,TRUE,resolved_by_both,exact_accepted,exact_accepted_unique,Deinandra minthornii,wfo-0000030419,Asteraceae,Deinandra,species
Deinandra pallida,deinandra pallida,deinandra pallida,1,TRUE,TRUE,resolved_by_both,exact_accepted,exact_accepted_unique,Deinandra pallida,wfo-0000014573,Asteraceae,Deinandra,species
Deinandra paniculata,deinandra paniculata,deinandra paniculata,1,TRUE,TRUE,resolved_by_both,exact_accepted,exact_accepted_unique,Deinandra paniculata,wfo-0000044476,Asteraceae,Deinandra,species
Deinandra pentactis,deinandra pentactis,deinandra pentactis,1,TRUE,TRUE,resolved_by_both,exact_accepted,exact_accepted_unique,Deinandra pentactis,wfo-0000021878,Asteraceae,Deinandra,species
Deinandra streetsii,deinandra streetsii,deinandra streetsii,1,TRUE,TRUE,resolved_by_both,exact_accepted,exact_accepted_unique,Deinandra streetsii,wfo-0000002524,Asteraceae,Deinandra,species
Centromadia,centromadia,centromadia,1,TRUE,TRUE,resolved_by_both,exact_accepted,exact_accepted_unique,Centromadia,wfo-4000007205,Asteraceae,Centromadia,genus
Populus tomentosa,populus tomentosa,populus tomentosa,1,TRUE,TRUE,resolved_by_both,exact_accepted,exact_accepted_unique,Populus tomentosa,wfo-0001133621,Salicaceae,Populus,species
Populus tremula,populus tremula,populus tremula,1,TRUE,TRUE,resolved_by_both,exact_accepted,exact_accepted_unique,Populus tremula,wfo-0000928205,Salicaceae,Populus,species
Populus tremuloides,populus tremuloides,populus tremuloides,1,TRUE,TRUE,resolved_by_both,exact_accepted,exact_accepted_unique,Populus tremuloides,wfo-0000928260,Salicaceae,Populus,species
Clinopodium serpyllifolium,clinopodium serpyllifolium,clinopodium serpyllifolium,1,TRUE,TRUE,resolved_by_both,exact_accepted,exact_accepted_unique,Clinopodium serpyllifolium,wfo-0000893113,Lamiaceae,Clinopodium,species
Micromeria graeca,micromeria graeca,micromeria graeca,1,TRUE,TRUE,resolved_by_both,exact_accepted,exact_accepted_unique,Micromeria graeca,wfo-0000243277,Lamiaceae,Micromeria,species
Micromeria graeca ex,micromeria graeca ex,micromeria graeca,1,TRUE,TRUE,resolved_by_both,canonical,canonical_unique,Micromeria graeca,wfo-0000243277,Lamiaceae,Micromeria,species
Satureja montana,satureja montana,satureja montana,1,TRUE,TRUE,resolved_by_both,exact_accepted,exact_accepted_unique,Satureja montana,wfo-0000304338,Lamiaceae,Satureja,species
Spatholobus harmandii,spatholobus harmandii,spatholobus harmandii,1,TRUE,TRUE,resolved_by_both,exact_accepted,exact_accepted_unique,Spatholobus harmandii,wfo-0000197952,Fabaceae,Spatholobus,species
Nymphaea micrantha,nymphaea micrantha,nymphaea micrantha,1,TRUE,TRUE,resolved_by_both,exact_accepted,exact_accepted_unique,Nymphaea micrantha,wfo-0000382046,Nymphaeaceae,Nymphaea,species
Cistus laurifolius,cistus laurifolius,cistus laurifolius,1,TRUE,TRUE,resolved_by_both,exact_accepted,exact_accepted_unique,Cistus laurifolius,wfo-0000607419,Cistaceae,Cistus,species
Acritopappus confertus,acritopappus confertus,acritopappus confertus,1,TRUE,TRUE,resolved_by_both,exact_accepted,exact_accepted_unique,Acritopappus confertus,wfo-0000096440,Asteraceae,Acritopappus,species
Bracteantha acuminata,bracteantha acuminata,bracteantha acuminata,1,TRUE,TRUE,resolved_by_both,exact_synonym,exact_synonym_unique,Xerochrysum subundulatum,wfo-0000130376,Asteraceae,Xerochrysum,species
Gutierrezia microcephala,gutierrezia microcephala,gutierrezia microcephala,1,TRUE,TRUE,resolved_by_both,exact_accepted,exact_accepted_unique,Gutierrezia microcephala,wfo-0000019536,Asteraceae,Gutierrezia,species
Centaurea calcitrapa,centaurea calcitrapa,centaurea calcitrapa,1,TRUE,TRUE,resolved_by_both,exact_accepted,exact_accepted_unique,Centaurea calcitrapa,wfo-0000137211,Asteraceae,Centaurea,species
Centaurea pallescens,centaurea pallescens,centaurea pallescens,2,FALSE,TRUE,recovered_by_hierarchical_rules,exact_accepted,exact_accepted_unique,Centaurea pallescens,wfo-0000131395,Asteraceae,Centaurea,species
Urospermum dalechampii,urospermum dalechampii,urospermum dalechampii,2,FALSE,TRUE,recovered_by_hierarchical_rules,exact_accepted,exact_accepted_consensus_multiple_ids,Urospermum dalechampii,wfo-0000096788,Asteraceae,Urospermum,species
Prunus cornuta,prunus cornuta,prunus cornuta,1,TRUE,TRUE,resolved_by_both,exact_accepted,exact_accepted_unique,Prunus cornuta,wfo-0000986027,Rosaceae,Prunus,species
Inulanthera dregeana,inulanthera dregeana,inulanthera dregeana,1,TRUE,TRUE,resolved_by_both,exact_accepted,exact_accepted_unique,Inulanthera dregeana,wfo-0000081802,Asteraceae,Inulanthera,species
Teucrium chamaedrys,teucrium chamaedrys,teucrium chamaedrys,2,FALSE,TRUE,recovered_by_hierarchical_rules,exact_accepted,exact_accepted_unique,Teucrium chamaedrys,wfo-0000321975,Lamiaceae,Teucrium,species
Sarcophyte sanguinea,sarcophyte sanguinea,sarcophyte sanguinea,1,TRUE,TRUE,resolved_by_both,exact_accepted,exact_accepted_unique,Sarcophyte sanguinea,wfo-0001140462,Balanophoraceae,Sarcophyte,species
Carduus tenuiflorus,carduus tenuiflorus,carduus tenuiflorus,1,TRUE,TRUE,resolved_by_both,exact_accepted,exact_accepted_unique,Carduus tenuiflorus,wfo-0000003240,Asteraceae,Carduus,species
Taxus wallichiana,taxus wallichiana,taxus wallichiana,1,TRUE,TRUE,resolved_by_both,exact_accepted,exact_accepted_unique,Taxus wallichiana,wfo-0000409081,Taxaceae,Taxus,species
Baccharis brachylaenoides,baccharis brachylaenoides,baccharis brachylaenoides,1,TRUE,TRUE,resolved_by_both,exact_synonym,exact_synonym_unique,Baccharis oblongifolia,wfo-0000066239,Asteraceae,Baccharis,species
Xanthorrhoea fulva,xanthorrhoea fulva,xanthorrhoea fulva,1,TRUE,TRUE,resolved_by_both,exact_accepted,exact_accepted_unique,Xanthorrhoea fulva,wfo-0000751969,Asphodelaceae,Xanthorrhoea,species
Diplostephium cinereum,diplostephium cinereum,diplostephium cinereum,1,TRUE,TRUE,resolved_by_both,exact_accepted,exact_accepted_unique,Diplostephium cinereum,wfo-0000136503,Asteraceae,Diplostephium,species
Heliotropium chenopodiaceum,heliotropium chenopodiaceum,heliotropium chenopodiaceum,1,TRUE,TRUE,resolved_by_both,exact_accepted,exact_accepted_unique,Heliotropium chenopodiaceum,wfo-0000718461,Heliotropiaceae,Heliotropium,species
Ficus pumila,ficus pumila,ficus pumila,2,FALSE,TRUE,recovered_by_hierarchical_rules,exact_accepted,exact_accepted_unique,Ficus pumila,wfo-0000689922,Moraceae,Ficus,species
Lamyropsis cynaroides,lamyropsis cynaroides,lamyropsis cynaroides,1,TRUE,TRUE,resolved_by_both,exact_accepted,exact_accepted_unique,Lamyropsis cynaroides,wfo-0000096555,Asteraceae,Lamyropsis,species
Craspedolobium schochii,craspedolobium schochii,craspedolobium schochii,1,TRUE,TRUE,resolved_by_both,exact_synonym,exact_synonym_unique,Craspedolobium unijugum,wfo-0001035482,Fabaceae,Craspedolobium,species
Prunus yedoensis,prunus yedoensis,prunus yedoensis,1,TRUE,TRUE,resolved_by_both,canonical,canonical_unique,Prunus × yedoensis,wfo-0000983576,Rosaceae,Prunus,species
Prunus maximowiczii,prunus maximowiczii,prunus maximowiczii,1,TRUE,TRUE,resolved_by_both,exact_accepted,exact_accepted_unique,Prunus maximowiczii,wfo-0001002042,Rosaceae,Prunus,species
Prunus nipponica,prunus nipponica,prunus nipponica,1,TRUE,TRUE,resolved_by_both,exact_accepted,exact_accepted_unique,Prunus nipponica,wfo-0000983575,Rosaceae,Prunus,species
Prunus spachiana,prunus spachiana,prunus spachiana,1,TRUE,TRUE,resolved_by_both,exact_synonym,exact_synonym_unique,Prunus itosakura,wfo-0000996487,Rosaceae,Prunus,species
Prunus campanulata,prunus campanulata,prunus campanulata,1,TRUE,TRUE,resolved_by_both,exact_accepted,exact_accepted_unique,Prunus campanulata,wfo-0000985845,Rosaceae,Prunus,species
Aglaia rubiginosa,aglaia rubiginosa,aglaia rubiginosa,1,TRUE,TRUE,resolved_by_both,exact_accepted,exact_accepted_unique,Aglaia rubiginosa,wfo-0000524326,Meliaceae,Aglaia,species
Salvia xalapensis,salvia xalapensis,salvia xalapensis,1,TRUE,TRUE,resolved_by_both,exact_accepted,exact_accepted_unique,Salvia xalapensis,wfo-0000302642,Lamiaceae,Salvia,species
Couepia paraensis,couepia paraensis,couepia paraensis,1,TRUE,TRUE,resolved_by_both,exact_accepted,exact_accepted_unique,Couepia paraensis,wfo-0000830700,Chrysobalanaceae,Couepia,species
Teucrium gnaphalodes,teucrium gnaphalodes,teucrium gnaphalodes,1,TRUE,TRUE,resolved_by_both,exact_accepted,exact_accepted_unique,Teucrium gnaphalodes,wfo-0000322156,Lamiaceae,Teucrium,species
Retama raetam,retama raetam,retama raetam,2,FALSE,TRUE,recovered_by_hierarchical_rules,exact_accepted,exact_accepted_consensus_multiple_ids,Retama raetam,wfo-0000213399,Fabaceae,Retama,species
Satureja cuneifolia,satureja cuneifolia,satureja cuneifolia,1,TRUE,TRUE,resolved_by_both,exact_accepted,exact_accepted_unique,Satureja cuneifolia,wfo-0000304084,Lamiaceae,Satureja,species
Artemisia argyi,artemisia argyi,artemisia argyi,1,TRUE,TRUE,resolved_by_both,exact_accepted,exact_accepted_unique,Artemisia argyi,wfo-0000052471,Asteraceae,Artemisia,species
Thymus piperella,thymus piperella,thymus piperella,3,FALSE,TRUE,recovered_by_hierarchical_rules,exact_accepted,exact_accepted_unique,Thymus piperella,wfo-0000324542,Lamiaceae,Thymus,species
Crocus sativus,crocus sativus,crocus sativus,1,TRUE,TRUE,resolved_by_both,exact_accepted,exact_accepted_unique,Crocus sativus,wfo-0000788844,Iridaceae,Crocus,species
Commiphora socotrana,commiphora socotrana,commiphora socotrana,1,TRUE,TRUE,resolved_by_both,exact_accepted,exact_accepted_unique,Commiphora socotrana,wfo-0000617476,Burseraceae,Commiphora,species
Afzelia bipindensis,afzelia bipindensis,afzelia bipindensis,1,TRUE,TRUE,resolved_by_both,exact_accepted,exact_accepted_unique,Afzelia bipindensis,wfo-0000211767,Fabaceae,Afzelia,species
Chromolaena tyleri,chromolaena tyleri,chromolaena tyleri,1,TRUE,TRUE,resolved_by_both,exact_accepted,exact_accepted_unique,Chromolaena tyleri,wfo-0000092425,Asteraceae,Chromolaena,species
Heliotropium sinuatum,heliotropium sinuatum,heliotropium sinuatum,1,TRUE,TRUE,resolved_by_both,exact_accepted,exact_accepted_unique,Heliotropium sinuatum,wfo-0000718932,Heliotropiaceae,Heliotropium,species
Senna obtusifolia,senna obtusifolia,senna obtusifolia,1,TRUE,TRUE,resolved_by_both,exact_accepted,exact_accepted_unique,Senna obtusifolia,wfo-0000164399,Fabaceae,Senna,species
Senna tora,senna tora,senna tora,1,TRUE,TRUE,resolved_by_both,exact_accepted,exact_accepted_unique,Senna tora,wfo-0000165011,Fabaceae,Senna,species
Premna resinosa,premna resinosa,premna resinosa,1,TRUE,TRUE,resolved_by_both,exact_accepted,exact_accepted_unique,Premna resinosa,wfo-0000282817,Lamiaceae,Premna,species
Matthiola incana,matthiola incana,matthiola incana,1,TRUE,TRUE,resolved_by_both,exact_accepted,exact_accepted_unique,Matthiola incana,wfo-0000368988,Brassicaceae,Matthiola,species
Baccharis heterophylla,baccharis heterophylla,baccharis heterophylla,2,FALSE,TRUE,recovered_by_hierarchical_rules,exact_accepted,exact_accepted_unique,Baccharis heterophylla,wfo-0000138028,Asteraceae,Baccharis,species
Salvia mexicana,salvia mexicana,salvia mexicana,3,FALSE,TRUE,recovered_by_hierarchical_rules,exact_accepted,exact_accepted_unique,Salvia mexicana,wfo-0000301583,Lamiaceae,Salvia,species
Dorstenia prorepens,dorstenia prorepens,dorstenia prorepens,1,TRUE,TRUE,resolved_by_both,exact_accepted,exact_accepted_unique,Dorstenia prorepens,wfo-0000654602,Moraceae,Dorstenia,species
Dorstenia zenkeri,dorstenia zenkeri,dorstenia zenkeri,1,TRUE,TRUE,resolved_by_both,exact_accepted,exact_accepted_unique,Dorstenia zenkeri,wfo-0000654725,Moraceae,Dorstenia,species
Balanophora papuana,balanophora papuana,balanophora papuana,1,TRUE,TRUE,resolved_by_both,exact_accepted,exact_accepted_unique,Balanophora papuana,wfo-0000558715,Balanophoraceae,Balanophora,species
Flindersia australis,flindersia australis,flindersia australis,1,TRUE,TRUE,resolved_by_both,exact_accepted,exact_accepted_unique,Flindersia australis,wfo-0000691370,Rutaceae,Flindersia,species
Malpighia emarginata,malpighia emarginata,malpighia emarginata,1,TRUE,TRUE,resolved_by_both,exact_accepted,exact_accepted_unique,Malpighia emarginata,wfo-0000449743,Malpighiaceae,Malpighia,species
Byrsonima microphylla,byrsonima microphylla,byrsonima microphylla,1,TRUE,TRUE,resolved_by_both,exact_accepted,exact_accepted_unique,Byrsonima microphylla,wfo-0000576944,Malpighiaceae,Byrsonima,species
Hedysarum scoparium,hedysarum scoparium,hedysarum scoparium,1,TRUE,TRUE,resolved_by_both,exact_synonym,exact_synonym_unique,Corethrodendron scoparium,wfo-0001272343,Fabaceae,Corethrodendron,species
Exostema mexicanum,exostema mexicanum,exostema mexicanum,1,TRUE,TRUE,resolved_by_both,exact_synonym,exact_synonym_unique,Solenandra mexicana,wfo-0000336427,Rubiaceae,Solenandra,species
Kunzea baxteri,kunzea baxteri,kunzea baxteri,1,TRUE,TRUE,resolved_by_both,exact_accepted,exact_accepted_unique,Kunzea baxteri,wfo-0000221559,Myrtaceae,Kunzea,species
Sarcolobus globosus,sarcolobus globosus,sarcolobus globosus,1,TRUE,TRUE,resolved_by_both,exact_accepted,exact_accepted_unique,Sarcolobus globosus,wfo-0000431188,Apocynaceae,Sarcolobus,species
Centipeda minima,centipeda minima,centipeda minima,1,TRUE,TRUE,resolved_by_both,exact_accepted,exact_accepted_unique,Centipeda minima,wfo-0000113861,Asteraceae,Centipeda,species
Brickellia vernicosa,brickellia vernicosa,brickellia vernicosa,1,TRUE,TRUE,resolved_by_both,exact_accepted,exact_accepted_unique,Brickellia vernicosa,wfo-0000073926,Asteraceae,Brickellia,species
Maytenus,maytenus,maytenus,1,TRUE,TRUE,resolved_by_both,exact_accepted,exact_accepted_unique,Maytenus,wfo-4000023399,Celastraceae,Maytenus,genus
Glycosmis pseudoracemosa,glycosmis pseudoracemosa,glycosmis pseudoracemosa,1,TRUE,TRUE,resolved_by_both,exact_accepted,exact_accepted_unique,Glycosmis pseudoracemosa,wfo-0000704569,Rutaceae,Glycosmis,species
Vochysia thyrsoidea,vochysia thyrsoidea,vochysia thyrsoidea,1,TRUE,TRUE,resolved_by_both,exact_accepted,exact_accepted_unique,Vochysia thyrsoidea,wfo-0001257487,Vochysiaceae,Vochysia,species
Tephrosia nana,tephrosia nana,tephrosia nana,1,TRUE,TRUE,resolved_by_both,exact_accepted,exact_accepted_unique,Tephrosia nana,wfo-0000203348,Fabaceae,Tephrosia,species
Umtiza listerana,umtiza listerana,umtiza listerana,0,FALSE,FALSE,unresolved_by_both,unresolved,no_match,NA,NA,NA,NA,NA
Leucaena leucocephala,leucaena leucocephala,leucaena leucocephala,1,TRUE,TRUE,resolved_by_both,exact_accepted,exact_accepted_unique,Leucaena leucocephala,wfo-0000164084,Fabaceae,Leucaena,species
Acer barbinerve,acer barbinerve,acer barbinerve,1,TRUE,TRUE,resolved_by_both,exact_accepted,exact_accepted_unique,Acer barbinerve,wfo-0000513991,Sapindaceae,Acer,species
Ampelopsis japonica,ampelopsis japonica,ampelopsis japonica,1,TRUE,TRUE,resolved_by_both,exact_accepted,exact_accepted_unique,Ampelopsis japonica,wfo-0000531708,Vitaceae,Ampelopsis,species
Liquidambar styraciflua,liquidambar styraciflua,liquidambar styraciflua,1,TRUE,TRUE,resolved_by_both,exact_accepted,exact_accepted_unique,Liquidambar styraciflua,wfo-0000364015,Altingiaceae,Liquidambar,species
Sedum crassularia,sedum crassularia,sedum crassularia,1,TRUE,TRUE,resolved_by_both,exact_accepted,exact_accepted_unique,Sedum crassularia,wfo-0001300351,Crassulaceae,Sedum,species
Sedum sediforme,sedum sediforme,sedum sediforme,1,TRUE,TRUE,resolved_by_both,exact_synonym,exact_synonym_unique,Petrosedum sediforme,wfo-0000396518,Crassulaceae,Petrosedum,species
Fagopyrum acutatum,fagopyrum acutatum,fagopyrum acutatum,1,TRUE,TRUE,resolved_by_both,exact_accepted,exact_accepted_unique,Fagopyrum acutatum,wfo-0000685440,Polygonaceae,Fagopyrum,species
Cratoxylum formosum ex,cratoxylum formosum ex,cratoxylum formosum,1,TRUE,TRUE,resolved_by_both,canonical,canonical_unique,Cratoxylum formosum,wfo-0000625758,Hypericaceae,Cratoxylum,species
Acacia homalophylla,acacia homalophylla,acacia homalophylla,1,TRUE,TRUE,resolved_by_both,exact_synonym,exact_synonym_unique,Acacia omalophylla,wfo-0000202365,Fabaceae,Acacia,species
Acacia omalophylla,acacia omalophylla,acacia omalophylla,1,TRUE,TRUE,resolved_by_both,exact_accepted,exact_accepted_unique,Acacia omalophylla,wfo-0000202365,Fabaceae,Acacia,species
Rheum officinale,rheum officinale,rheum officinale,1,TRUE,TRUE,resolved_by_both,exact_accepted,exact_accepted_unique,Rheum officinale,wfo-0000404454,Polygonaceae,Rheum,species
Rheum maximowiczii,rheum maximowiczii,rheum maximowiczii,0,FALSE,FALSE,unresolved_by_both,unresolved,no_match,NA,NA,NA,NA,NA
Camellia crassicolumna,camellia crassicolumna,camellia crassicolumna,1,TRUE,TRUE,resolved_by_both,exact_synonym,exact_synonym_unique,Camellia kwangsiensis var. kwangnanica,wfo-0000582444,Theaceae,Camellia,variety
Antenoron filiforme,antenoron filiforme,antenoron filiforme,0,FALSE,FALSE,unresolved_by_both,unresolved,no_match,NA,NA,NA,NA,NA
Caesalpinia benthamiana,caesalpinia benthamiana,caesalpinia benthamiana,1,TRUE,TRUE,resolved_by_both,exact_synonym,exact_synonym_unique,Mezoneuron benthamianum,wfo-0000195047,Fabaceae,Mezoneuron,species
Euphorbia hirta,euphorbia hirta,euphorbia hirta,1,TRUE,TRUE,resolved_by_both,exact_accepted,exact_accepted_unique,Euphorbia hirta,wfo-0000962575,Euphorbiaceae,Euphorbia,species
Scurrula atropurpurea,scurrula atropurpurea,scurrula atropurpurea,1,TRUE,TRUE,resolved_by_both,exact_accepted,exact_accepted_unique,Scurrula atropurpurea,wfo-0001271609,Loranthaceae,Scurrula,species
Oryza aristata,oryza aristata,oryza aristata,1,TRUE,TRUE,resolved_by_both,exact_synonym,exact_synonym_unique,Oryza sativa,wfo-0000882438,Poaceae,Oryza,species
Saxifraga stolonifera,saxifraga stolonifera,saxifraga stolonifera,1,TRUE,TRUE,resolved_by_both,exact_accepted,exact_accepted_unique,Saxifraga stolonifera,wfo-0000494724,Saxifragaceae,Saxifraga,species
Astragalus trimestris,astragalus trimestris,astragalus trimestris,1,TRUE,TRUE,resolved_by_both,exact_accepted,exact_accepted_unique,Astragalus trimestris,wfo-0000185773,Fabaceae,Astragalus,species
Hymenoxys integrifolia,hymenoxys integrifolia,hymenoxys integrifolia,2,FALSE,TRUE,recovered_by_hierarchical_rules,exact_accepted,exact_accepted_consensus_multiple_ids,Hymenoxys integrifolia,wfo-0000114654,Asteraceae,Hymenoxys,species
Badilloa steetzii,badilloa steetzii,badilloa steetzii,1,TRUE,TRUE,resolved_by_both,exact_accepted,exact_accepted_unique,Badilloa steetzii,wfo-0000093438,Asteraceae,Badilloa,species
Chromolaena subhastata,chromolaena subhastata,chromolaena subhastata,0,FALSE,FALSE,unresolved_by_both,unresolved,no_match,NA,NA,NA,NA,NA
Helichrysum,helichrysum,helichrysum,1,TRUE,TRUE,resolved_by_both,exact_accepted,exact_accepted_unique,Helichrysum,wfo-4000017214,Asteraceae,Helichrysum,genus
Wikstroemia indica,wikstroemia indica,wikstroemia indica,1,TRUE,TRUE,resolved_by_both,exact_accepted,exact_accepted_unique,Wikstroemia indica,wfo-0001142540,Thymelaeaceae,Wikstroemia,species
Prosopis cineraria,prosopis cineraria,prosopis cineraria,1,TRUE,TRUE,resolved_by_both,exact_accepted,exact_accepted_unique,Prosopis cineraria,wfo-0000185047,Fabaceae,Prosopis,species
Artemisia annua,artemisia annua,artemisia annua,2,FALSE,TRUE,recovered_by_hierarchical_rules,exact_accepted,exact_accepted_unique,Artemisia annua,wfo-0000083255,Asteraceae,Artemisia,species
Drimiopsis maculata,drimiopsis maculata,drimiopsis maculata,1,TRUE,TRUE,resolved_by_both,exact_accepted,exact_accepted_unique,Drimiopsis maculata,wfo-0000766226,Asparagaceae,Drimiopsis,species
Muscari armeniacum,muscari armeniacum,muscari armeniacum,1,TRUE,TRUE,resolved_by_both,exact_accepted,exact_accepted_unique,Muscari armeniacum,wfo-0000694251,Asparagaceae,Muscari,species
Scutellaria strigillosa,scutellaria strigillosa,scutellaria strigillosa,1,TRUE,TRUE,resolved_by_both,exact_accepted,exact_accepted_unique,Scutellaria strigillosa,wfo-0000308496,Lamiaceae,Scutellaria,species
Avena sativa,avena sativa,avena sativa,1,TRUE,TRUE,resolved_by_both,exact_accepted,exact_accepted_unique,Avena sativa,wfo-0000852231,Poaceae,Avena,species
Ambrosia bidentata,ambrosia bidentata,ambrosia bidentata,1,TRUE,TRUE,resolved_by_both,exact_accepted,exact_accepted_unique,Ambrosia bidentata,wfo-0000091698,Asteraceae,Ambrosia,species
Tabebuia aurea,tabebuia aurea,tabebuia aurea,1,TRUE,TRUE,resolved_by_both,exact_accepted,exact_accepted_unique,Tabebuia aurea,wfo-0000780159,Bignoniaceae,Tabebuia,species
Tabebuia aurea ex,tabebuia aurea ex,tabebuia aurea,1,TRUE,TRUE,resolved_by_both,canonical,canonical_unique,Tabebuia aurea,wfo-0000780159,Bignoniaceae,Tabebuia,species
Smilax perfoliata,smilax perfoliata,smilax perfoliata,2,FALSE,TRUE,recovered_by_hierarchical_rules,exact_accepted,exact_accepted_unique,Smilax perfoliata,wfo-0000741873,Smilacaceae,Smilax,species
Tamarix nilotica,tamarix nilotica,tamarix nilotica,1,TRUE,TRUE,resolved_by_both,exact_synonym,exact_synonym_unique,Tamarix senegalensis,wfo-0000459439,Tamaricaceae,Tamarix,species
Artemisia xerophytica,artemisia xerophytica,artemisia xerophytica,1,TRUE,TRUE,resolved_by_both,exact_accepted,exact_accepted_unique,Artemisia xerophytica,wfo-0000059890,Asteraceae,Artemisia,species
Eupatorium pilosum,eupatorium pilosum,eupatorium pilosum,1,TRUE,TRUE,resolved_by_both,exact_accepted,exact_accepted_unique,Eupatorium pilosum,wfo-0000089682,Asteraceae,Eupatorium,species
Dicranoloma robustum,dicranoloma robustum,dicranoloma robustum,1,TRUE,TRUE,resolved_by_both,exact_accepted,exact_accepted_unique,Dicranoloma robustum,wfo-0001158970,Dicranaceae,Dicranoloma,species
Cudrania fruticosa,cudrania fruticosa,cudrania fruticosa,1,TRUE,TRUE,resolved_by_both,exact_synonym,exact_synonym_unique,Maclura cochinchinensis,wfo-0000448071,Moraceae,Maclura,species
Ononis arvensis,ononis arvensis,ononis arvensis,1,TRUE,TRUE,resolved_by_both,exact_accepted,exact_accepted_unique,Ononis arvensis,wfo-0000183367,Fabaceae,Ononis,species
Trifolium polyphyllum,trifolium polyphyllum,trifolium polyphyllum,2,FALSE,TRUE,recovered_by_hierarchical_rules,exact_accepted,exact_accepted_unique,Trifolium polyphyllum,wfo-0001055208,Fabaceae,Trifolium,species
Cicer flexuosum,cicer flexuosum,cicer flexuosum,1,TRUE,TRUE,resolved_by_both,exact_accepted,exact_accepted_unique,Cicer flexuosum,wfo-0000186162,Fabaceae,Cicer,species
Cicer pungens,cicer pungens,cicer pungens,1,TRUE,TRUE,resolved_by_both,exact_accepted,exact_accepted_unique,Cicer pungens,wfo-0000185218,Fabaceae,Cicer,species
Cicer tragacanthoides,cicer tragacanthoides,cicer tragacanthoides,1,TRUE,TRUE,resolved_by_both,exact_accepted,exact_accepted_unique,Cicer tragacanthoides,wfo-0000189154,Fabaceae,Cicer,species
Pluchea lanceolata,pluchea lanceolata,pluchea lanceolata,1,TRUE,TRUE,resolved_by_both,exact_accepted,exact_accepted_unique,Pluchea lanceolata,wfo-0000078455,Asteraceae,Pluchea,species
Ononis speciosa,ononis speciosa,ononis speciosa,1,TRUE,TRUE,resolved_by_both,exact_accepted,exact_accepted_unique,Ononis speciosa,wfo-0000212915,Fabaceae,Ononis,species
Astragalus aksuensis,astragalus aksuensis,astragalus aksuensis,1,TRUE,TRUE,resolved_by_both,exact_accepted,exact_accepted_unique,Astragalus aksuensis,wfo-0000189780,Fabaceae,Astragalus,species
Astragalus hoantchy,astragalus hoantchy,astragalus hoantchy,1,TRUE,TRUE,resolved_by_both,exact_accepted,exact_accepted_unique,Astragalus hoantchy,wfo-0000198270,Fabaceae,Astragalus,species
Astragalus lehmannianus,astragalus lehmannianus,astragalus lehmannianus,1,TRUE,TRUE,resolved_by_both,exact_accepted,exact_accepted_unique,Astragalus lehmannianus,wfo-0000198527,Fabaceae,Astragalus,species
Astragalus lepsensis,astragalus lepsensis,astragalus lepsensis,1,TRUE,TRUE,resolved_by_both,exact_accepted,exact_accepted_unique,Astragalus lepsensis,wfo-0000198351,Fabaceae,Astragalus,species
Astragalus sieversianus,astragalus sieversianus,astragalus sieversianus,2,FALSE,TRUE,recovered_by_hierarchical_rules,exact_accepted,exact_accepted_unique,Astragalus sieversianus,wfo-0000185144,Fabaceae,Astragalus,species
Trifolium incarnatum,trifolium incarnatum,trifolium incarnatum,2,FALSE,TRUE,recovered_by_hierarchical_rules,exact_accepted,exact_accepted_unique,Trifolium incarnatum,wfo-0000213010,Fabaceae,Trifolium,species
Woodsia scopulina,woodsia scopulina,woodsia scopulina,1,TRUE,TRUE,resolved_by_both,exact_accepted,exact_accepted_unique,Woodsia scopulina,wfo-0001109466,Woodsiaceae,Woodsia,species
Alpinia pricei,alpinia pricei,alpinia pricei,1,TRUE,TRUE,resolved_by_both,exact_accepted,exact_accepted_unique,Alpinia pricei,wfo-0000338700,Zingiberaceae,Alpinia,species
Passiflora serratodigitata,passiflora serratodigitata,passiflora serratodigitata,1,TRUE,TRUE,resolved_by_both,exact_accepted,exact_accepted_unique,Passiflora serratodigitata,wfo-0001090767,Passifloraceae,Passiflora,species
Vaccinium myrtillus,vaccinium myrtillus,vaccinium myrtillus,1,TRUE,TRUE,resolved_by_both,exact_accepted,exact_accepted_unique,Vaccinium myrtillus,wfo-0000422209,Ericaceae,Vaccinium,species
Pistacia lentiscus,pistacia lentiscus,pistacia lentiscus,1,TRUE,TRUE,resolved_by_both,exact_accepted,exact_accepted_unique,Pistacia lentiscus,wfo-0000394118,Anacardiaceae,Pistacia,species
Berberis heteropoda,berberis heteropoda,berberis heteropoda,1,TRUE,TRUE,resolved_by_both,exact_accepted,exact_accepted_unique,Berberis heteropoda,wfo-0000563267,Berberidaceae,Berberis,species
Berberis integerrima,berberis integerrima,berberis integerrima,3,FALSE,TRUE,recovered_by_hierarchical_rules,exact_accepted,exact_accepted_unique,Berberis integerrima,wfo-0000563334,Berberidaceae,Berberis,species
Geranium sylvaticum,geranium sylvaticum,geranium sylvaticum,1,TRUE,TRUE,resolved_by_both,exact_accepted,exact_accepted_unique,Geranium sylvaticum,wfo-0000701427,Geraniaceae,Geranium,species
Clarkia speciosa,clarkia speciosa,clarkia speciosa,1,TRUE,TRUE,resolved_by_both,exact_accepted,exact_accepted_unique,Clarkia speciosa,wfo-0000608586,Onagraceae,Clarkia,species
Vaccinium oxycoccos,vaccinium oxycoccos,vaccinium oxycoccos,1,TRUE,TRUE,resolved_by_both,exact_accepted,exact_accepted_unique,Vaccinium oxycoccos,wfo-0000421932,Ericaceae,Vaccinium,species
Penstemon serrulatus,penstemon serrulatus,penstemon serrulatus,1,TRUE,TRUE,resolved_by_both,exact_accepted,exact_accepted_unique,Penstemon serrulatus,wfo-0001136600,Plantaginaceae,Penstemon,species
Malvaviscus arboreus,malvaviscus arboreus,malvaviscus arboreus,1,TRUE,TRUE,resolved_by_both,exact_accepted,exact_accepted_unique,Malvaviscus arboreus,wfo-0000449492,Malvaceae,Malvaviscus,species
Dacrycarpus dacrydioides,dacrycarpus dacrydioides,dacrycarpus dacrydioides,1,TRUE,TRUE,resolved_by_both,exact_accepted,exact_accepted_unique,Dacrycarpus dacrydioides,wfo-0000636634,Podocarpaceae,Dacrycarpus,species
Bidens aurea,bidens aurea,bidens aurea,1,TRUE,TRUE,resolved_by_both,exact_accepted,exact_accepted_unique,Bidens aurea,wfo-0000035114,Asteraceae,Bidens,species
Coreopsis tinctoria,coreopsis tinctoria,coreopsis tinctoria,1,TRUE,TRUE,resolved_by_both,exact_accepted,exact_accepted_unique,Coreopsis tinctoria,wfo-0000069050,Asteraceae,Coreopsis,species
Helichrysum heterolasium,helichrysum heterolasium,helichrysum heterolasium,1,TRUE,TRUE,resolved_by_both,exact_accepted,exact_accepted_unique,Helichrysum heterolasium,wfo-0000106508,Asteraceae,Helichrysum,species
Olea europaea,olea europaea,olea europaea,2,FALSE,TRUE,recovered_by_hierarchical_rules,exact_accepted,exact_accepted_unique,Olea europaea,wfo-0000817273,Oleaceae,Olea,species
Gnidia glauca,gnidia glauca,gnidia glauca,1,TRUE,TRUE,resolved_by_both,exact_synonym,exact_synonym_unique,Lasiosiphon glaucus,wfo-0000445422,Thymelaeaceae,Lasiosiphon,species
Ficus microcarpa,ficus microcarpa,ficus microcarpa,3,FALSE,TRUE,recovered_by_hierarchical_rules,exact_accepted,exact_accepted_unique,Ficus microcarpa,wfo-0000689298,Moraceae,Ficus,species
Andrographis rothii,andrographis rothii,andrographis rothii,1,TRUE,TRUE,resolved_by_both,exact_accepted,exact_accepted_unique,Andrographis rothii,wfo-0000534074,Acanthaceae,Andrographis,species
Uvaria cuneifolia,uvaria cuneifolia,uvaria cuneifolia,1,TRUE,TRUE,resolved_by_both,exact_accepted,exact_accepted_unique,Uvaria cuneifolia,wfo-0000744957,Annonaceae,Uvaria,species
Fissistigma bracteolatum,fissistigma bracteolatum,fissistigma bracteolatum,1,TRUE,TRUE,resolved_by_both,exact_synonym,exact_synonym_unique,Fissistigma oblongum,wfo-0000691178,Annonaceae,Fissistigma,species
Heliotropium glutinosum,heliotropium glutinosum,heliotropium glutinosum,1,TRUE,TRUE,resolved_by_both,exact_accepted,exact_accepted_unique,Heliotropium glutinosum,wfo-0001215159,Heliotropiaceae,Heliotropium,species
Henriettea fascicularis,henriettea fascicularis,henriettea fascicularis,1,TRUE,TRUE,resolved_by_both,exact_accepted,exact_accepted_unique,Henriettea fascicularis,wfo-0001081064,Melastomataceae,Henriettea,species
Ornithopus sativus,ornithopus sativus,ornithopus sativus,1,TRUE,TRUE,resolved_by_both,exact_accepted,exact_accepted_unique,Ornithopus sativus,wfo-0000205829,Fabaceae,Ornithopus,species
Platymiscium floribundum,platymiscium floribundum,platymiscium floribundum,1,TRUE,TRUE,resolved_by_both,exact_accepted,exact_accepted_unique,Platymiscium floribundum,wfo-0000174222,Fabaceae,Platymiscium,species
Borago officinalis,borago officinalis,borago officinalis,1,TRUE,TRUE,resolved_by_both,exact_accepted,exact_accepted_unique,Borago officinalis,wfo-0000568964,Boraginaceae,Borago,species
Dalbergia oliveri,dalbergia oliveri,dalbergia oliveri,1,TRUE,TRUE,resolved_by_both,exact_accepted,exact_accepted_unique,Dalbergia oliveri,wfo-0000199984,Fabaceae,Dalbergia,species
Pinus krempfii,pinus krempfii,pinus krempfii,1,TRUE,TRUE,resolved_by_both,exact_accepted,exact_accepted_unique,Pinus krempfii,wfo-0000481085,Pinaceae,Pinus,species
Pinus monticola,pinus monticola,pinus monticola,1,TRUE,TRUE,resolved_by_both,exact_accepted,exact_accepted_unique,Pinus monticola,wfo-0000481790,Pinaceae,Pinus,species
Pinus peuce,pinus peuce,pinus peuce,1,TRUE,TRUE,resolved_by_both,exact_accepted,exact_accepted_unique,Pinus peuce,wfo-0000481889,Pinaceae,Pinus,species
Pinus strobus,pinus strobus,pinus strobus,2,FALSE,TRUE,recovered_by_hierarchical_rules,exact_accepted,exact_accepted_unique,Pinus strobus,wfo-0000481530,Pinaceae,Pinus,species
Pinus bungeana,pinus bungeana,pinus bungeana,1,TRUE,TRUE,resolved_by_both,exact_accepted,exact_accepted_unique,Pinus bungeana,wfo-0000482252,Pinaceae,Pinus,species
Erythrina berteroana,erythrina berteroana,erythrina berteroana,1,TRUE,TRUE,resolved_by_both,exact_accepted,exact_accepted_unique,Erythrina berteroana,wfo-0000180543,Fabaceae,Erythrina,species
Hymenocallis littoralis,hymenocallis littoralis,hymenocallis littoralis,1,TRUE,TRUE,resolved_by_both,exact_accepted,exact_accepted_unique,Hymenocallis littoralis,wfo-0000667199,Amaryllidaceae,Hymenocallis,species
Phyllanthus atropurpureus,phyllanthus atropurpureus,phyllanthus atropurpureus,1,TRUE,TRUE,resolved_by_both,exact_synonym,exact_synonym_unique,Breynia disticha,wfo-0000412108,Phyllanthaceae,Breynia,species
Juniperus communis,juniperus communis,juniperus communis,2,FALSE,TRUE,recovered_by_hierarchical_rules,exact_accepted,exact_accepted_unique,Juniperus communis,wfo-0000355532,Cupressaceae,Juniperus,species
Juniperus,juniperus,juniperus,1,TRUE,TRUE,resolved_by_both,exact_accepted,exact_accepted_unique,Juniperus,wfo-4000019723,Cupressaceae,Juniperus,genus
Davallia divaricata,davallia divaricata,davallia divaricata,2,FALSE,TRUE,recovered_by_hierarchical_rules,exact_accepted,exact_accepted_unique,Davallia divaricata,wfo-0001124802,Davalliaceae,Davallia,species
Gaillardia suavis,gaillardia suavis,gaillardia suavis,1,TRUE,TRUE,resolved_by_both,exact_accepted,exact_accepted_unique,Gaillardia suavis,wfo-0000042381,Asteraceae,Gaillardia,species
Fissistigma oldhamii,fissistigma oldhamii,fissistigma oldhamii,1,TRUE,TRUE,resolved_by_both,exact_accepted,exact_accepted_unique,Fissistigma oldhamii,wfo-0000691180,Annonaceae,Fissistigma,species
Lathyrus linifolius,lathyrus linifolius,lathyrus linifolius,1,TRUE,TRUE,resolved_by_both,exact_accepted,exact_accepted_unique,Lathyrus linifolius,wfo-0000212690,Fabaceae,Lathyrus,species
Prunus serrulata,prunus serrulata,prunus serrulata,1,TRUE,TRUE,resolved_by_both,exact_accepted,exact_accepted_unique,Prunus serrulata,wfo-0000992061,Rosaceae,Prunus,species
Bryum capillare,bryum capillare,bryum capillare,1,TRUE,TRUE,resolved_by_both,exact_synonym,exact_synonym_unique,Rosulabryum capillare,wfo-0001201518,Bryaceae,Rosulabryum,species
Rosulabryum capillare,rosulabryum capillare,rosulabryum capillare,1,TRUE,TRUE,resolved_by_both,exact_accepted,exact_accepted_unique,Rosulabryum capillare,wfo-0001201518,Bryaceae,Rosulabryum,species
Davallia bullata,davallia bullata,davallia bullata,1,TRUE,TRUE,resolved_by_both,exact_accepted,exact_accepted_unique,Davallia bullata,wfo-0001124797,Davalliaceae,Davallia,species
Tephrosia lupinifolia,tephrosia lupinifolia,tephrosia lupinifolia,1,TRUE,TRUE,resolved_by_both,exact_accepted,exact_accepted_unique,Tephrosia lupinifolia,wfo-0000203073,Fabaceae,Tephrosia,species
Centrolobium,centrolobium,centrolobium,1,TRUE,TRUE,resolved_by_both,exact_accepted,exact_accepted_unique,Centrolobium,wfo-4000007204,Fabaceae,Centrolobium,genus
Saracha punctata,saracha punctata,saracha punctata,1,TRUE,TRUE,resolved_by_both,exact_accepted,exact_accepted_unique,Saracha punctata,wfo-0001025330,Solanaceae,Saracha,species
Echinops niveus,echinops niveus,echinops niveus,1,TRUE,TRUE,resolved_by_both,exact_accepted,exact_accepted_unique,Echinops niveus,wfo-0000066135,Asteraceae,Echinops,species
Iris crocea,iris crocea,iris crocea,1,TRUE,TRUE,resolved_by_both,exact_accepted,exact_accepted_unique,Iris crocea,wfo-0000783242,Iridaceae,Iris,species
Dalbergia stipulacea,dalbergia stipulacea,dalbergia stipulacea,1,TRUE,TRUE,resolved_by_both,exact_accepted,exact_accepted_unique,Dalbergia stipulacea,wfo-0000185857,Fabaceae,Dalbergia,species
Acacia papyrocarpa,acacia papyrocarpa,acacia papyrocarpa,1,TRUE,TRUE,resolved_by_both,exact_accepted,exact_accepted_unique,Acacia papyrocarpa,wfo-0000202357,Fabaceae,Acacia,species
Flemingia congesta,flemingia congesta,flemingia congesta,1,TRUE,TRUE,resolved_by_both,exact_synonym,exact_synonym_unique,Flemingia macrophylla,wfo-0000194840,Fabaceae,Flemingia,species
Fortunella japonica,fortunella japonica,fortunella japonica,1,TRUE,TRUE,resolved_by_both,exact_synonym,exact_synonym_unique,Citrus japonica,wfo-0000608080,Rutaceae,Citrus,species
Campylopus clavatus,campylopus clavatus,campylopus clavatus,1,TRUE,TRUE,resolved_by_both,exact_accepted,exact_accepted_unique,Campylopus clavatus,wfo-0001178579,Leucobryaceae,Campylopus,species
Helminthostachys zeylanica,helminthostachys zeylanica,helminthostachys zeylanica,1,TRUE,TRUE,resolved_by_both,exact_accepted,exact_accepted_unique,Helminthostachys zeylanica,wfo-0001107319,Ophioglossaceae,Helminthostachys,species
Epimedium grandiflorum,epimedium grandiflorum,epimedium grandiflorum,1,TRUE,TRUE,resolved_by_both,exact_accepted,exact_accepted_unique,Epimedium grandiflorum,wfo-0000669993,Berberidaceae,Epimedium,species
Solanum lyratum,solanum lyratum,solanum lyratum,1,TRUE,TRUE,resolved_by_both,exact_accepted,exact_accepted_unique,Solanum lyratum,wfo-0001029226,Solanaceae,Solanum,species
Neolitsea parvigemma,neolitsea parvigemma,neolitsea parvigemma,1,TRUE,TRUE,resolved_by_both,exact_accepted,exact_accepted_unique,Neolitsea parvigemma,wfo-0001071959,Lauraceae,Neolitsea,species
Dimorphandra mollis,dimorphandra mollis,dimorphandra mollis,1,TRUE,TRUE,resolved_by_both,exact_accepted,exact_accepted_unique,Dimorphandra mollis,wfo-0000170526,Fabaceae,Dimorphandra,species
Rhododendron simsii,rhododendron simsii,rhododendron simsii,1,TRUE,TRUE,resolved_by_both,exact_accepted,exact_accepted_unique,Rhododendron simsii,wfo-0000405453,Ericaceae,Rhododendron,species
Harungana madagascariensis,harungana madagascariensis,harungana madagascariensis,1,TRUE,TRUE,resolved_by_both,exact_accepted,exact_accepted_unique,Harungana madagascariensis,wfo-0000716096,Hypericaceae,Harungana,species
Stelechocarpus cauliflorus,stelechocarpus cauliflorus,stelechocarpus cauliflorus,2,FALSE,TRUE,recovered_by_hierarchical_rules,exact_accepted,exact_accepted_consensus_multiple_ids,Stelechocarpus cauliflorus,wfo-0000435196,Annonaceae,Stelechocarpus,species
Erythroxylum gonocladum,erythroxylum gonocladum,erythroxylum gonocladum,0,FALSE,FALSE,unresolved_by_both,unresolved,no_match,NA,NA,NA,NA,NA
Mallotus metcalfianus,mallotus metcalfianus,mallotus metcalfianus,1,TRUE,TRUE,resolved_by_both,exact_accepted,exact_accepted_unique,Mallotus metcalfianus,wfo-0000234620,Euphorbiaceae,Mallotus,species
Vismia micrantha,vismia micrantha,vismia micrantha,2,FALSE,TRUE,recovered_by_hierarchical_rules,exact_accepted,exact_accepted_unique,Vismia micrantha,wfo-0001251910,Hypericaceae,Vismia,species
Drimys winteri,drimys winteri,drimys winteri,1,TRUE,TRUE,resolved_by_both,exact_accepted,exact_accepted_unique,Drimys winteri,wfo-0000656761,Winteraceae,Drimys,species
Hymenaea parvifolia,hymenaea parvifolia,hymenaea parvifolia,1,TRUE,TRUE,resolved_by_both,exact_accepted,exact_accepted_unique,Hymenaea parvifolia,wfo-0000165123,Fabaceae,Hymenaea,species
Astilbe thunbergii,astilbe thunbergii,astilbe thunbergii,1,TRUE,TRUE,resolved_by_both,exact_accepted,exact_accepted_unique,Astilbe thunbergii,wfo-0000552894,Saxifragaceae,Astilbe,species
Astilbe rubra,astilbe rubra,astilbe rubra,1,TRUE,TRUE,resolved_by_both,exact_accepted,exact_accepted_unique,Astilbe rubra,wfo-0000552882,Saxifragaceae,Astilbe,species
Smilax lanceaefolia,smilax lanceaefolia,smilax lanceaefolia,0,FALSE,FALSE,unresolved_by_both,unresolved,no_match,NA,NA,NA,NA,NA
Lyonia ovalifolia,lyonia ovalifolia,lyonia ovalifolia,1,TRUE,TRUE,resolved_by_both,exact_accepted,exact_accepted_unique,Lyonia ovalifolia,wfo-0001047539,Ericaceae,Lyonia,species
Bicuiba oleifera,bicuiba oleifera,bicuiba oleifera,1,TRUE,TRUE,resolved_by_both,exact_accepted,exact_accepted_unique,Bicuiba oleifera,wfo-0000565132,Myristicaceae,Bicuiba,species
Hymenaea martiana,hymenaea martiana,hymenaea martiana,1,TRUE,TRUE,resolved_by_both,exact_accepted,exact_accepted_unique,Hymenaea martiana,wfo-0000173638,Fabaceae,Hymenaea,species
Calliandra haematocephala,calliandra haematocephala,calliandra haematocephala,1,TRUE,TRUE,resolved_by_both,exact_accepted,exact_accepted_unique,Calliandra haematocephala,wfo-0000173553,Fabaceae,Calliandra,species
Coutarea latiflora,coutarea latiflora,coutarea latiflora,1,TRUE,TRUE,resolved_by_both,exact_synonym,exact_synonym_unique,Hintonia latiflora,wfo-0000982487,Rubiaceae,Hintonia,species
Hintonia latiflora,hintonia latiflora,hintonia latiflora,1,TRUE,TRUE,resolved_by_both,exact_accepted,exact_accepted_unique,Hintonia latiflora,wfo-0000982487,Rubiaceae,Hintonia,species
Exostema caribaeum,exostema caribaeum,exostema caribaeum,1,TRUE,TRUE,resolved_by_both,exact_accepted,exact_accepted_unique,Exostema caribaeum,wfo-0000966139,Rubiaceae,Exostema,species
Drimys granadensis,drimys granadensis,drimys granadensis,1,TRUE,TRUE,resolved_by_both,exact_accepted,exact_accepted_unique,Drimys granadensis,wfo-0000656687,Winteraceae,Drimys,species
Hypericum patulum,hypericum patulum,hypericum patulum,1,TRUE,TRUE,resolved_by_both,exact_accepted,exact_accepted_unique,Hypericum patulum,wfo-0000728083,Hypericaceae,Hypericum,species
Crataegus laevigata,crataegus laevigata,crataegus laevigata,1,TRUE,TRUE,resolved_by_both,exact_accepted,exact_accepted_unique,Crataegus laevigata,wfo-0001009174,Rosaceae,Crataegus,species
Picrasma quassioides,picrasma quassioides,picrasma quassioides,1,TRUE,TRUE,resolved_by_both,exact_accepted,exact_accepted_unique,Picrasma quassioides,wfo-0000474766,Simaroubaceae,Picrasma,species
Epimedium pubescens,epimedium pubescens,epimedium pubescens,1,TRUE,TRUE,resolved_by_both,exact_accepted,exact_accepted_unique,Epimedium pubescens,wfo-0000670064,Berberidaceae,Epimedium,species
Epimedium davidii,epimedium davidii,epimedium davidii,1,TRUE,TRUE,resolved_by_both,exact_accepted,exact_accepted_unique,Epimedium davidii,wfo-0000669973,Berberidaceae,Epimedium,species
Euodia rutaecarpa,euodia rutaecarpa,euodia rutaecarpa,0,FALSE,FALSE,unresolved_by_both,unresolved,no_match,NA,NA,NA,NA,NA
Boerhavia repens,boerhavia repens,boerhavia repens,1,TRUE,TRUE,resolved_by_both,exact_accepted,exact_accepted_unique,Boerhavia repens,wfo-0000568062,Nyctaginaceae,Boerhavia,species
Scutellaria comosa,scutellaria comosa,scutellaria comosa,1,TRUE,TRUE,resolved_by_both,exact_accepted,exact_accepted_unique,Scutellaria comosa,wfo-0000307730,Lamiaceae,Scutellaria,species
Scutellaria immaculata,scutellaria immaculata,scutellaria immaculata,1,TRUE,TRUE,resolved_by_both,exact_accepted,exact_accepted_unique,Scutellaria immaculata,wfo-0000307923,Lamiaceae,Scutellaria,species
Scutellaria cordifrons,scutellaria cordifrons,scutellaria cordifrons,1,TRUE,TRUE,resolved_by_both,exact_accepted,exact_accepted_unique,Scutellaria cordifrons,wfo-0000307740,Lamiaceae,Scutellaria,species
Scutellaria phyllostachya,scutellaria phyllostachya,scutellaria phyllostachya,1,TRUE,TRUE,resolved_by_both,exact_accepted,exact_accepted_unique,Scutellaria phyllostachya,wfo-0000308280,Lamiaceae,Scutellaria,species
Dendroviguiera quinqueradiata,dendroviguiera quinqueradiata,dendroviguiera quinqueradiata,1,TRUE,TRUE,resolved_by_both,exact_synonym,exact_synonym_unique,Viguiera quinqueradiata,wfo-0000072831,Asteraceae,Viguiera,species
Cinnamomum kotoense,cinnamomum kotoense,cinnamomum kotoense,1,TRUE,TRUE,resolved_by_both,exact_accepted,exact_accepted_unique,Cinnamomum kotoense,wfo-0000605164,Lauraceae,Cinnamomum,species
Rhodiola fastigiata,rhodiola fastigiata,rhodiola fastigiata,1,TRUE,TRUE,resolved_by_both,exact_accepted,exact_accepted_unique,Rhodiola fastigiata,wfo-0001299894,Crassulaceae,Rhodiola,species
Justicia paniculata,justicia paniculata,justicia paniculata,3,FALSE,FALSE,unresolved_by_both,exact_conflict,exact_synonym_conflict,NA,NA,NA,NA,NA
Ammodendron bifolium,ammodendron bifolium,ammodendron bifolium,1,TRUE,TRUE,resolved_by_both,exact_accepted,exact_accepted_unique,Ammodendron bifolium,wfo-0000185596,Fabaceae,Ammodendron,species
Maytenus boaria,maytenus boaria,maytenus boaria,1,TRUE,TRUE,resolved_by_both,exact_accepted,exact_accepted_unique,Maytenus boaria,wfo-0000375129,Celastraceae,Maytenus,species
Bahiopsis deltoidea,bahiopsis deltoidea,bahiopsis deltoidea,1,TRUE,TRUE,resolved_by_both,exact_synonym,exact_synonym_unique,Viguiera deltoidea,wfo-0000034298,Asteraceae,Viguiera,species
Bahiopsis lanata,bahiopsis lanata,bahiopsis lanata,1,TRUE,TRUE,resolved_by_both,exact_synonym,exact_synonym_unique,Viguiera lanata,wfo-0000000625,Asteraceae,Viguiera,species
Bahiopsis reticulata,bahiopsis reticulata,bahiopsis reticulata,1,TRUE,TRUE,resolved_by_both,exact_accepted,exact_accepted_unique,Bahiopsis reticulata,wfo-0000006089,Asteraceae,Bahiopsis,species
Bahiopsis subincisa,bahiopsis subincisa,bahiopsis subincisa,1,TRUE,TRUE,resolved_by_both,exact_accepted,exact_accepted_unique,Bahiopsis subincisa,wfo-0000088091,Asteraceae,Bahiopsis,species
Bahiopsis tomentosa,bahiopsis tomentosa,bahiopsis tomentosa,1,TRUE,TRUE,resolved_by_both,exact_accepted,exact_accepted_unique,Bahiopsis tomentosa,wfo-0000083476,Asteraceae,Bahiopsis,species
Viguiera dentata,viguiera dentata,viguiera dentata,1,TRUE,TRUE,resolved_by_both,exact_accepted,exact_accepted_unique,Viguiera dentata,wfo-0000012918,Asteraceae,Viguiera,species
Viguiera microphylla,viguiera microphylla,viguiera microphylla,1,TRUE,TRUE,resolved_by_both,exact_accepted,exact_accepted_unique,Viguiera microphylla,wfo-0001130768,Asteraceae,Viguiera,species
Viguiera deltoidea,viguiera deltoidea,viguiera deltoidea,1,TRUE,TRUE,resolved_by_both,exact_accepted,exact_accepted_unique,Viguiera deltoidea,wfo-0000034298,Asteraceae,Viguiera,species
Helianthus angustifolius,helianthus angustifolius,helianthus angustifolius,1,TRUE,TRUE,resolved_by_both,exact_accepted,exact_accepted_unique,Helianthus angustifolius,wfo-0000066553,Asteraceae,Helianthus,species
Helianthus carnosus,helianthus carnosus,helianthus carnosus,1,TRUE,TRUE,resolved_by_both,exact_accepted,exact_accepted_unique,Helianthus carnosus,wfo-0000037051,Asteraceae,Helianthus,species
Helianthus floridanus,helianthus floridanus,helianthus floridanus,1,TRUE,TRUE,resolved_by_both,exact_accepted,exact_accepted_unique,Helianthus floridanus,wfo-0000035057,Asteraceae,Helianthus,species
Helianthus heterophyllus,helianthus heterophyllus,helianthus heterophyllus,1,TRUE,TRUE,resolved_by_both,exact_accepted,exact_accepted_unique,Helianthus heterophyllus,wfo-0000105698,Asteraceae,Helianthus,species
Helianthus longifolius,helianthus longifolius,helianthus longifolius,1,TRUE,TRUE,resolved_by_both,exact_accepted,exact_accepted_unique,Helianthus longifolius,wfo-0000116623,Asteraceae,Helianthus,species
Helianthus radula,helianthus radula,helianthus radula,1,TRUE,TRUE,resolved_by_both,exact_accepted,exact_accepted_unique,Helianthus radula,wfo-0000045849,Asteraceae,Helianthus,species
Helianthus simulans,helianthus simulans,helianthus simulans,1,TRUE,TRUE,resolved_by_both,exact_accepted,exact_accepted_unique,Helianthus simulans,wfo-0000003305,Asteraceae,Helianthus,species
Calanticaria bicolor,calanticaria bicolor,calanticaria bicolor,1,TRUE,TRUE,resolved_by_both,exact_accepted,exact_accepted_unique,Calanticaria bicolor,wfo-0000019742,Asteraceae,Calanticaria,species
Calanticaria brevifolia,calanticaria brevifolia,calanticaria brevifolia,1,TRUE,TRUE,resolved_by_both,exact_accepted,exact_accepted_unique,Calanticaria brevifolia,wfo-0000069779,Asteraceae,Calanticaria,species
Calanticaria greggii,calanticaria greggii,calanticaria greggii,1,TRUE,TRUE,resolved_by_both,exact_accepted,exact_accepted_unique,Calanticaria greggii,wfo-0000028519,Asteraceae,Calanticaria,species
Viguiera greggii,viguiera greggii,viguiera greggii,1,TRUE,TRUE,resolved_by_both,exact_synonym,exact_synonym_unique,Calanticaria greggii,wfo-0000028519,Asteraceae,Calanticaria,species
Cinnamomum triplinerve,cinnamomum triplinerve,cinnamomum triplinerve,1,TRUE,TRUE,resolved_by_both,exact_synonym,exact_synonym_unique,Aiouea montana,wfo-0001421696,Lauraceae,Aiouea,species
Ocotea porphyria,ocotea porphyria,ocotea porphyria,1,TRUE,TRUE,resolved_by_both,exact_accepted,exact_accepted_unique,Ocotea porphyria,wfo-0001231380,Lauraceae,Ocotea,species
Pseudocydonia sinensis,pseudocydonia sinensis,pseudocydonia sinensis,1,TRUE,TRUE,resolved_by_both,exact_accepted,exact_accepted_unique,Pseudocydonia sinensis,wfo-0001014223,Rosaceae,Pseudocydonia,species
Chaenomeles sinensis,chaenomeles sinensis,chaenomeles sinensis,1,TRUE,TRUE,resolved_by_both,exact_synonym,exact_synonym_unique,Pseudocydonia sinensis,wfo-0001014223,Rosaceae,Pseudocydonia,species
Ouratea multiflora,ouratea multiflora,ouratea multiflora,1,TRUE,TRUE,resolved_by_both,exact_accepted,exact_accepted_unique,Ouratea multiflora,wfo-0001087211,Ochnaceae,Ouratea,species
Artemisia vulgaris,artemisia vulgaris,artemisia vulgaris,2,FALSE,TRUE,recovered_by_hierarchical_rules,exact_accepted,exact_accepted_unique,Artemisia vulgaris,wfo-0000115588,Asteraceae,Artemisia,species
Aglaia forbesii,aglaia forbesii,aglaia forbesii,1,TRUE,TRUE,resolved_by_both,exact_accepted,exact_accepted_unique,Aglaia forbesii,wfo-0000524077,Meliaceae,Aglaia,species
Actaea racemosa,actaea racemosa,actaea racemosa,2,FALSE,TRUE,recovered_by_hierarchical_rules,exact_accepted,exact_accepted_unique,Actaea racemosa,wfo-0000519114,Ranunculaceae,Actaea,species
Astragalus clusii,astragalus clusii,astragalus clusii,3,FALSE,FALSE,unresolved_by_both,exact_conflict,exact_synonym_conflict,NA,NA,NA,NA,NA
Trifolium alpestre,trifolium alpestre,trifolium alpestre,2,FALSE,TRUE,recovered_by_hierarchical_rules,exact_accepted,exact_accepted_unique,Trifolium alpestre,wfo-0000213941,Fabaceae,Trifolium,species
Trifolium medium,trifolium medium,trifolium medium,1,TRUE,TRUE,resolved_by_both,exact_accepted,exact_accepted_unique,Trifolium medium,wfo-0000213979,Fabaceae,Trifolium,species
Cicer,cicer,cicer,1,TRUE,TRUE,resolved_by_both,exact_accepted,exact_accepted_unique,Cicer,wfo-4000008302,Fabaceae,Cicer,genus
Cicer baldshuanicum,cicer baldshuanicum,cicer baldshuanicum,1,TRUE,TRUE,resolved_by_both,exact_accepted,exact_accepted_unique,Cicer baldshuanicum,wfo-0000207351,Fabaceae,Cicer,species
Thermopsis,thermopsis,thermopsis,1,TRUE,TRUE,resolved_by_both,exact_accepted,exact_accepted_unique,Thermopsis,wfo-4000038177,Fabaceae,Thermopsis,genus
Caragana microphylla,caragana microphylla,caragana microphylla,1,TRUE,TRUE,resolved_by_both,exact_accepted,exact_accepted_unique,Caragana microphylla,wfo-0000194800,Fabaceae,Caragana,species
Genista sessilifolia,genista sessilifolia,genista sessilifolia,2,FALSE,TRUE,recovered_by_hierarchical_rules,exact_accepted,exact_accepted_unique,Genista sessilifolia,wfo-0000213765,Fabaceae,Genista,species
Tipuana tipu,tipuana tipu,tipuana tipu,1,TRUE,TRUE,resolved_by_both,exact_accepted,exact_accepted_unique,Tipuana tipu,wfo-0000172971,Fabaceae,Tipuana,species
Cicer montbretii,cicer montbretii,cicer montbretii,1,TRUE,TRUE,resolved_by_both,exact_accepted,exact_accepted_unique,Cicer montbretii,wfo-0000213682,Fabaceae,Cicer,species
Cicer rechingeri,cicer rechingeri,cicer rechingeri,1,TRUE,TRUE,resolved_by_both,exact_accepted,exact_accepted_unique,Cicer rechingeri,wfo-0000185219,Fabaceae,Cicer,species
Medicago arabica,medicago arabica,medicago arabica,1,TRUE,TRUE,resolved_by_both,exact_accepted,exact_accepted_unique,Medicago arabica,wfo-0000213417,Fabaceae,Medicago,species
Medicago radiata,medicago radiata,medicago radiata,1,TRUE,TRUE,resolved_by_both,exact_accepted,exact_accepted_unique,Medicago radiata,wfo-0000186242,Fabaceae,Medicago,species
Trigonella spicata,trigonella spicata,trigonella spicata,1,TRUE,TRUE,resolved_by_both,exact_accepted,exact_accepted_unique,Trigonella spicata,wfo-0000185449,Fabaceae,Trigonella,species
Fordia cauliflora,fordia cauliflora,fordia cauliflora,1,TRUE,TRUE,resolved_by_both,exact_accepted,exact_accepted_unique,Fordia cauliflora,wfo-0000185921,Fabaceae,Fordia,species
Trifolium arvense,trifolium arvense,trifolium arvense,2,FALSE,TRUE,recovered_by_hierarchical_rules,exact_accepted,exact_accepted_unique,Trifolium arvense,wfo-0000212967,Fabaceae,Trifolium,species
Trifolium pannonicum,trifolium pannonicum,trifolium pannonicum,1,TRUE,TRUE,resolved_by_both,exact_accepted,exact_accepted_unique,Trifolium pannonicum,wfo-0000213992,Fabaceae,Trifolium,species
Trifolium rubens,trifolium rubens,trifolium rubens,2,FALSE,TRUE,recovered_by_hierarchical_rules,exact_accepted,exact_accepted_unique,Trifolium rubens,wfo-0000214000,Fabaceae,Trifolium,species
Baptisia alba,baptisia alba,baptisia alba,1,TRUE,TRUE,resolved_by_both,exact_accepted,exact_accepted_unique,Baptisia alba,wfo-0001349863,Fabaceae,Baptisia,species
Baptisia arachnifera,baptisia arachnifera,baptisia arachnifera,1,TRUE,TRUE,resolved_by_both,exact_accepted,exact_accepted_unique,Baptisia arachnifera,wfo-0000163885,Fabaceae,Baptisia,species
Baptisia bracteata,baptisia bracteata,baptisia bracteata,1,TRUE,TRUE,resolved_by_both,exact_accepted,exact_accepted_unique,Baptisia bracteata,wfo-0000182250,Fabaceae,Baptisia,species
Baptisia calycosa,baptisia calycosa,baptisia calycosa,1,TRUE,TRUE,resolved_by_both,exact_accepted,exact_accepted_unique,Baptisia calycosa,wfo-1200001712,Fabaceae,Baptisia,species
Baptisia cinerea,baptisia cinerea,baptisia cinerea,1,TRUE,TRUE,resolved_by_both,exact_accepted,exact_accepted_unique,Baptisia cinerea,wfo-0000163889,Fabaceae,Baptisia,species
Baptisia lanceolata,baptisia lanceolata,baptisia lanceolata,1,TRUE,TRUE,resolved_by_both,exact_accepted,exact_accepted_unique,Baptisia lanceolata,wfo-0000174810,Fabaceae,Baptisia,species
Baptisia lecontei,baptisia lecontei,baptisia lecontei,1,TRUE,TRUE,resolved_by_both,exact_accepted,exact_accepted_unique,Baptisia lecontei,wfo-0000174809,Fabaceae,Baptisia,species
Baptisia megacarpa,baptisia megacarpa,baptisia megacarpa,1,TRUE,TRUE,resolved_by_both,exact_accepted,exact_accepted_unique,Baptisia megacarpa,wfo-0000178781,Fabaceae,Baptisia,species
Baptisia nuttalliana,baptisia nuttalliana,baptisia nuttalliana,1,TRUE,TRUE,resolved_by_both,exact_accepted,exact_accepted_unique,Baptisia nuttalliana,wfo-0000163891,Fabaceae,Baptisia,species
Baptisia perfoliata,baptisia perfoliata,baptisia perfoliata,1,TRUE,TRUE,resolved_by_both,exact_accepted,exact_accepted_unique,Baptisia perfoliata,wfo-0000178782,Fabaceae,Baptisia,species
Baptisia simplicifolia,baptisia simplicifolia,baptisia simplicifolia,1,TRUE,TRUE,resolved_by_both,exact_accepted,exact_accepted_unique,Baptisia simplicifolia,wfo-0000178783,Fabaceae,Baptisia,species
Baptisia sphaerocarpa,baptisia sphaerocarpa,baptisia sphaerocarpa,1,TRUE,TRUE,resolved_by_both,exact_accepted,exact_accepted_unique,Baptisia sphaerocarpa,wfo-0000178539,Fabaceae,Baptisia,species
Baptisia tinctoria,baptisia tinctoria,baptisia tinctoria,2,FALSE,TRUE,recovered_by_hierarchical_rules,exact_accepted,exact_accepted_consensus_multiple_ids,Baptisia tinctoria,wfo-0000179156,Fabaceae,Baptisia,species
Thermopsis mollis,thermopsis mollis,thermopsis mollis,1,TRUE,TRUE,resolved_by_both,exact_accepted,exact_accepted_unique,Thermopsis mollis,wfo-0001055161,Fabaceae,Thermopsis,species
Thermopsis villosa,thermopsis villosa,thermopsis villosa,1,TRUE,TRUE,resolved_by_both,exact_accepted,exact_accepted_unique,Thermopsis villosa,wfo-0000194933,Fabaceae,Thermopsis,species
Dalbergia inundata,dalbergia inundata,dalbergia inundata,1,TRUE,TRUE,resolved_by_both,exact_accepted,exact_accepted_unique,Dalbergia inundata,wfo-0000169014,Fabaceae,Dalbergia,species
Echinospartum horridum,echinospartum horridum,echinospartum horridum,1,TRUE,TRUE,resolved_by_both,exact_accepted,exact_accepted_unique,Echinospartum horridum,wfo-0000186911,Fabaceae,Echinospartum,species
Machaerium kuhlmannii,machaerium kuhlmannii,machaerium kuhlmannii,1,TRUE,TRUE,resolved_by_both,exact_synonym,exact_synonym_unique,Machaerium nyctitans var. nyctitans,wfo-0000179680,Fabaceae,Machaerium,variety
Machaerium nyctitans,machaerium nyctitans,machaerium nyctitans,1,TRUE,TRUE,resolved_by_both,exact_accepted,exact_accepted_unique,Machaerium nyctitans,wfo-0000174405,Fabaceae,Machaerium,species
Machaerium vestitum,machaerium vestitum,machaerium vestitum,1,TRUE,TRUE,resolved_by_both,exact_synonym,exact_synonym_unique,Machaerium brasiliense,wfo-0000179078,Fabaceae,Machaerium,species
Dalbergia frutescens,dalbergia frutescens,dalbergia frutescens,1,TRUE,TRUE,resolved_by_both,exact_accepted,exact_accepted_unique,Dalbergia frutescens,wfo-0000169003,Fabaceae,Dalbergia,species
Centrolobium robustum,centrolobium robustum,centrolobium robustum,1,TRUE,TRUE,resolved_by_both,exact_accepted,exact_accepted_unique,Centrolobium robustum,wfo-0000174029,Fabaceae,Centrolobium,species
Taverniera abyssinica,taverniera abyssinica,taverniera abyssinica,1,TRUE,TRUE,resolved_by_both,exact_accepted,exact_accepted_unique,Taverniera abyssinica,wfo-0000205023,Fabaceae,Taverniera,species
Dalbergia baronii,dalbergia baronii,dalbergia baronii,1,TRUE,TRUE,resolved_by_both,exact_accepted,exact_accepted_unique,Dalbergia baronii,wfo-0000197986,Fabaceae,Dalbergia,species
Cladrastis kentukea,cladrastis kentukea,cladrastis kentukea,1,TRUE,TRUE,resolved_by_both,exact_accepted,exact_accepted_unique,Cladrastis kentukea,wfo-0000164323,Fabaceae,Cladrastis,species
Medicago laciniata,medicago laciniata,medicago laciniata,1,TRUE,TRUE,resolved_by_both,exact_accepted,exact_accepted_unique,Medicago laciniata,wfo-0000213448,Fabaceae,Medicago,species
Medicago polyceratia,medicago polyceratia,medicago polyceratia,1,TRUE,TRUE,resolved_by_both,exact_accepted,exact_accepted_unique,Medicago polyceratia,wfo-0000185446,Fabaceae,Medicago,species
Trigonella arabica,trigonella arabica,trigonella arabica,1,TRUE,TRUE,resolved_by_both,exact_accepted,exact_accepted_unique,Trigonella arabica,wfo-0000212936,Fabaceae,Trigonella,species
Trigonella cylindracea,trigonella cylindracea,trigonella cylindracea,1,TRUE,TRUE,resolved_by_both,exact_accepted,exact_accepted_unique,Trigonella cylindracea,wfo-0000188818,Fabaceae,Trigonella,species
Trigonella glabra,trigonella glabra,trigonella glabra,1,TRUE,TRUE,resolved_by_both,exact_accepted,exact_accepted_unique,Trigonella glabra,wfo-0000185439,Fabaceae,Trigonella,species
Trigonella laciniata,trigonella laciniata,trigonella laciniata,1,TRUE,TRUE,resolved_by_both,exact_accepted,exact_accepted_unique,Trigonella laciniata,wfo-0000212946,Fabaceae,Trigonella,species
Trigonella maritima,trigonella maritima,trigonella maritima,1,TRUE,TRUE,resolved_by_both,exact_accepted,exact_accepted_unique,Trigonella maritima,wfo-0000212947,Fabaceae,Trigonella,species
Trigonella stellata,trigonella stellata,trigonella stellata,1,TRUE,TRUE,resolved_by_both,exact_accepted,exact_accepted_unique,Trigonella stellata,wfo-0000212955,Fabaceae,Trigonella,species
Trifolium fragiferum,trifolium fragiferum,trifolium fragiferum,1,TRUE,TRUE,resolved_by_both,exact_accepted,exact_accepted_unique,Trifolium fragiferum,wfo-0000213002,Fabaceae,Trifolium,species
Dalbergia cultrata,dalbergia cultrata,dalbergia cultrata,1,TRUE,TRUE,resolved_by_both,exact_accepted,exact_accepted_unique,Dalbergia cultrata,wfo-0000199944,Fabaceae,Dalbergia,species
Knema glomerata,knema glomerata,knema glomerata,1,TRUE,TRUE,resolved_by_both,exact_accepted,exact_accepted_unique,Knema glomerata,wfo-0001262709,Myristicaceae,Knema,species
Pycnanthus angolensis,pycnanthus angolensis,pycnanthus angolensis,1,TRUE,TRUE,resolved_by_both,exact_accepted,exact_accepted_unique,Pycnanthus angolensis,wfo-0000476435,Myristicaceae,Pycnanthus,species
Castanospermum australe,castanospermum australe,castanospermum australe,1,TRUE,TRUE,resolved_by_both,exact_accepted,exact_accepted_unique,Castanospermum australe,wfo-0001034136,Fabaceae,Castanospermum,species
Centrosema virginianum,centrosema virginianum,centrosema virginianum,1,TRUE,TRUE,resolved_by_both,exact_accepted,exact_accepted_unique,Centrosema virginianum,wfo-0000179164,Fabaceae,Centrosema,species
Cyclopia sessiliflora,cyclopia sessiliflora,cyclopia sessiliflora,2,FALSE,TRUE,recovered_by_hierarchical_rules,exact_accepted,exact_accepted_unique,Cyclopia sessiliflora,wfo-0000197833,Fabaceae,Cyclopia,species
Polygala virgata,polygala virgata,polygala virgata,1,TRUE,TRUE,resolved_by_both,exact_accepted,exact_accepted_unique,Polygala virgata,wfo-0001100419,Polygalaceae,Polygala,species
Waltheria communis,waltheria communis,waltheria communis,1,TRUE,TRUE,resolved_by_both,exact_accepted,exact_accepted_unique,Waltheria communis,wfo-0000427342,Malvaceae,Waltheria,species
Zanthoxylum fagara,zanthoxylum fagara,zanthoxylum fagara,1,TRUE,TRUE,resolved_by_both,exact_accepted,exact_accepted_unique,Zanthoxylum fagara,wfo-0000429502,Rutaceae,Zanthoxylum,species
Guibourtia tessmannii,guibourtia tessmannii,guibourtia tessmannii,1,TRUE,TRUE,resolved_by_both,exact_accepted,exact_accepted_unique,Guibourtia tessmannii,wfo-0000168514,Fabaceae,Guibourtia,species
Kalmia angustifolia,kalmia angustifolia,kalmia angustifolia,1,TRUE,TRUE,resolved_by_both,exact_accepted,exact_accepted_unique,Kalmia angustifolia,wfo-0000356149,Ericaceae,Kalmia,species
Kalmia polifolia,kalmia polifolia,kalmia polifolia,1,TRUE,TRUE,resolved_by_both,exact_accepted,exact_accepted_unique,Kalmia polifolia,wfo-0000356138,Ericaceae,Kalmia,species
Pieris floribunda,pieris floribunda,pieris floribunda,1,TRUE,TRUE,resolved_by_both,exact_accepted,exact_accepted_unique,Pieris floribunda,wfo-0001047057,Ericaceae,Pieris,species
Saussurea mongolica,saussurea mongolica,saussurea mongolica,1,TRUE,TRUE,resolved_by_both,exact_accepted,exact_accepted_unique,Saussurea mongolica,wfo-0000006324,Asteraceae,Saussurea,species
Eschscholzia californica,eschscholzia californica,eschscholzia californica,1,TRUE,TRUE,resolved_by_both,exact_accepted,exact_accepted_unique,Eschscholzia californica,wfo-0000680430,Papaveraceae,Eschscholzia,species
Cycas beddomei,cycas beddomei,cycas beddomei,1,TRUE,TRUE,resolved_by_both,exact_accepted,exact_accepted_unique,Cycas beddomei,wfo-0000631499,Cycadaceae,Cycas,species
Platanus hispanica,platanus hispanica,platanus hispanica,0,FALSE,FALSE,unresolved_by_both,unresolved,no_match,NA,NA,NA,NA,NA
Platanus hybrida,platanus hybrida,platanus hybrida,0,FALSE,FALSE,unresolved_by_both,unresolved,no_match,NA,NA,NA,NA,NA
Platanus acerifolia,platanus acerifolia,platanus acerifolia,1,TRUE,TRUE,resolved_by_both,exact_accepted,exact_accepted_unique,Platanus acerifolia,wfo-0001095140,Platanaceae,Platanus,species
Aronia melanocarpa,aronia melanocarpa,aronia melanocarpa,1,TRUE,TRUE,resolved_by_both,exact_accepted,exact_accepted_unique,Aronia melanocarpa,wfo-0001018304,Rosaceae,Aronia,species
Ribes uva-crispa,ribes uva-crispa,ribes uva-crispa,1,TRUE,TRUE,resolved_by_both,exact_accepted,exact_accepted_unique,Ribes uva-crispa,wfo-0000405193,Grossulariaceae,Ribes,species
Sambucus nigra,sambucus nigra,sambucus nigra,1,TRUE,TRUE,resolved_by_both,exact_accepted,exact_accepted_unique,Sambucus nigra,wfo-0000439308,Viburnaceae,Sambucus,species
Trichosanthes cucumerina,trichosanthes cucumerina,trichosanthes cucumerina,1,TRUE,TRUE,resolved_by_both,exact_accepted,exact_accepted_unique,Trichosanthes cucumerina,wfo-0000408012,Cucurbitaceae,Trichosanthes,species
Trichosanthes anguina,trichosanthes anguina,trichosanthes anguina,1,TRUE,TRUE,resolved_by_both,exact_synonym,exact_synonym_unique,Trichosanthes cucumerina,wfo-0000408012,Cucurbitaceae,Trichosanthes,species
Glycosmis craibii,glycosmis craibii,glycosmis craibii,1,TRUE,TRUE,resolved_by_both,exact_accepted,exact_accepted_unique,Glycosmis craibii,wfo-0000704486,Rutaceae,Glycosmis,species
Werneria nubigena,werneria nubigena,werneria nubigena,1,TRUE,TRUE,resolved_by_both,exact_accepted,exact_accepted_unique,Werneria nubigena,wfo-0000003642,Asteraceae,Werneria,species
Artemisia capillaris,artemisia capillaris,artemisia capillaris,2,FALSE,TRUE,recovered_by_hierarchical_rules,exact_accepted,exact_accepted_unique,Artemisia capillaris,wfo-0000115024,Asteraceae,Artemisia,species
Tephrosia bidwillii,tephrosia bidwillii,tephrosia bidwillii,1,TRUE,TRUE,resolved_by_both,exact_accepted,exact_accepted_unique,Tephrosia bidwillii,wfo-0000185885,Fabaceae,Tephrosia,species
Metrodorea stipularis,metrodorea stipularis,metrodorea stipularis,1,TRUE,TRUE,resolved_by_both,exact_accepted,exact_accepted_unique,Metrodorea stipularis,wfo-0001247519,Rutaceae,Metrodorea,species
Elaeodendron transvaalense,elaeodendron transvaalense,elaeodendron transvaalense,1,TRUE,TRUE,resolved_by_both,exact_accepted,exact_accepted_unique,Elaeodendron transvaalense,wfo-0000665029,Celastraceae,Elaeodendron,species
Citrus funadoko,citrus funadoko,citrus funadoko,1,TRUE,TRUE,resolved_by_both,exact_synonym,exact_synonym_unique,Citrus × aurantium nothof. aurantium,wfo-1200112333,Rutaceae,Citrus,form
Tadehagi triquetrum,tadehagi triquetrum,tadehagi triquetrum,1,TRUE,TRUE,resolved_by_both,exact_accepted,exact_accepted_unique,Tadehagi triquetrum,wfo-0000200220,Fabaceae,Tadehagi,species
Phyllodium pulchellum,phyllodium pulchellum,phyllodium pulchellum,1,TRUE,TRUE,resolved_by_both,exact_accepted,exact_accepted_unique,Phyllodium pulchellum,wfo-0000186274,Fabaceae,Phyllodium,species
Pachyrhizus,pachyrhizus,pachyrhizus,1,TRUE,TRUE,resolved_by_both,exact_accepted,exact_accepted_unique,Pachyrhizus,wfo-4000027698,Fabaceae,Pachyrhizus,genus
Micromeles ferruginea,micromeles ferruginea,micromeles ferruginea,1,TRUE,TRUE,resolved_by_both,exact_synonym,exact_synonym_unique,Thomsonaria ferruginea,wfo-1000007916,Rosaceae,Thomsonaria,species
Uvaria ferruginea,uvaria ferruginea,uvaria ferruginea,2,FALSE,TRUE,recovered_by_hierarchical_rules,exact_accepted,exact_accepted_unique,Uvaria ferruginea,wfo-1000041775,Annonaceae,Uvaria,species
Aframomum cereum,aframomum cereum,aframomum cereum,0,FALSE,FALSE,unresolved_by_both,unresolved,no_match,NA,NA,NA,NA,NA
Amomum sceptrum,amomum sceptrum,amomum sceptrum,1,TRUE,TRUE,resolved_by_both,exact_synonym,exact_synonym_unique,Aframomum sceptrum,wfo-0000338106,Zingiberaceae,Aframomum,species
Siparuna thecaphora,siparuna thecaphora,siparuna thecaphora,1,TRUE,TRUE,resolved_by_both,exact_accepted,exact_accepted_unique,Siparuna thecaphora,wfo-0000506004,Siparunaceae,Siparuna,species
Adenocarpus complicatus,adenocarpus complicatus,adenocarpus complicatus,2,FALSE,TRUE,recovered_by_hierarchical_rules,exact_accepted,exact_accepted_consensus_multiple_ids,Adenocarpus complicatus,wfo-0000204387,Fabaceae,Adenocarpus,species
Pterospartum tridentatum,pterospartum tridentatum,pterospartum tridentatum,1,TRUE,TRUE,resolved_by_both,exact_synonym,exact_synonym_unique,Genista tridentata,wfo-0000213379,Fabaceae,Genista,species
Genista lydia,genista lydia,genista lydia,1,TRUE,TRUE,resolved_by_both,exact_accepted,exact_accepted_unique,Genista lydia,wfo-0000213748,Fabaceae,Genista,species
Selaginella sinensis,selaginella sinensis,selaginella sinensis,1,TRUE,TRUE,resolved_by_both,exact_accepted,exact_accepted_unique,Selaginella sinensis,wfo-0001127258,Selaginellaceae,Selaginella,species
Achlys triphylla,achlys triphylla,achlys triphylla,1,TRUE,TRUE,resolved_by_both,exact_accepted,exact_accepted_unique,Achlys triphylla,wfo-0000516103,Berberidaceae,Achlys,species
Hylodesmum podocarpum,hylodesmum podocarpum,hylodesmum podocarpum,1,TRUE,TRUE,resolved_by_both,exact_accepted,exact_accepted_unique,Hylodesmum podocarpum,wfo-0000205445,Fabaceae,Hylodesmum,species
Pinus hartwegii,pinus hartwegii,pinus hartwegii,1,TRUE,TRUE,resolved_by_both,exact_accepted,exact_accepted_unique,Pinus hartwegii,wfo-0000481375,Pinaceae,Pinus,species
Neorautanenia,neorautanenia,neorautanenia,1,TRUE,TRUE,resolved_by_both,exact_accepted,exact_accepted_unique,Neorautanenia,wfo-4000025822,Fabaceae,Neorautanenia,genus
Chamaecytisus supinus,chamaecytisus supinus,chamaecytisus supinus,1,TRUE,TRUE,resolved_by_both,exact_accepted,exact_accepted_unique,Chamaecytisus supinus,wfo-0000213676,Fabaceae,Chamaecytisus,species
Cytisus austriacus,cytisus austriacus,cytisus austriacus,1,TRUE,TRUE,resolved_by_both,exact_synonym,exact_synonym_unique,Chamaecytisus austriacus,wfo-0000213643,Fabaceae,Chamaecytisus,species
Cytisus eriocarpus,cytisus eriocarpus,cytisus eriocarpus,2,FALSE,FALSE,unresolved_by_both,exact_conflict,exact_synonym_conflict,NA,NA,NA,NA,NA
Alsophila spinulosa,alsophila spinulosa,alsophila spinulosa,1,TRUE,TRUE,resolved_by_both,exact_accepted,exact_accepted_unique,Alsophila spinulosa,wfo-0001126562,Cyatheaceae,Alsophila,species
Cyclolobium claussenii,cyclolobium claussenii,cyclolobium claussenii,1,TRUE,TRUE,resolved_by_both,exact_synonym,exact_synonym_unique,Cyclolobium brasiliense,wfo-0000174090,Fabaceae,Cyclolobium,species
Scutellaria,scutellaria,scutellaria,1,TRUE,TRUE,resolved_by_both,exact_accepted,exact_accepted_unique,Scutellaria,wfo-4000034856,Lamiaceae,Scutellaria,genus
Pericallis cruenta,pericallis cruenta,pericallis cruenta,1,TRUE,TRUE,resolved_by_both,exact_accepted,exact_accepted_unique,Pericallis cruenta,wfo-0000139031,Asteraceae,Pericallis,species
Senecio cruentus,senecio cruentus,senecio cruentus,1,TRUE,TRUE,resolved_by_both,exact_synonym,exact_synonym_unique,Pericallis cruenta,wfo-0000139031,Asteraceae,Pericallis,species
Pericallis hybrida,pericallis hybrida,pericallis hybrida,1,TRUE,TRUE,resolved_by_both,exact_accepted,exact_accepted_unique,Pericallis hybrida,wfo-0000074849,Asteraceae,Pericallis,species
Geranium pratense,geranium pratense,geranium pratense,1,TRUE,TRUE,resolved_by_both,exact_accepted,exact_accepted_unique,Geranium pratense,wfo-0000701108,Geraniaceae,Geranium,species
Rumex patientia,rumex patientia,rumex patientia,1,TRUE,TRUE,resolved_by_both,exact_accepted,exact_accepted_unique,Rumex patientia,wfo-0000403926,Polygonaceae,Rumex,species
Tephrosia tepicana,tephrosia tepicana,tephrosia tepicana,1,TRUE,TRUE,resolved_by_both,exact_accepted,exact_accepted_unique,Tephrosia tepicana,wfo-0000164702,Fabaceae,Tephrosia,species
Aniba rosaeodora,aniba rosaeodora,aniba rosaeodora,1,TRUE,TRUE,resolved_by_both,exact_accepted,exact_accepted_unique,Aniba rosaeodora,wfo-0000536890,Lauraceae,Aniba,species
Cladrastis sikokiana,cladrastis sikokiana,cladrastis sikokiana,0,FALSE,FALSE,unresolved_by_both,unresolved,no_match,NA,NA,NA,NA,NA
Psorospermum androsaemifolium,psorospermum androsaemifolium,psorospermum androsaemifolium,1,TRUE,TRUE,resolved_by_both,exact_accepted,exact_accepted_unique,Psorospermum androsaemifolium,wfo-0001295853,Hypericaceae,Psorospermum,species
Acacia sparsiflora,acacia sparsiflora,acacia sparsiflora,1,TRUE,TRUE,resolved_by_both,exact_accepted,exact_accepted_unique,Acacia sparsiflora,wfo-0000186124,Fabaceae,Acacia,species
Garcinia benthamiana,garcinia benthamiana,garcinia benthamiana,1,TRUE,TRUE,resolved_by_both,exact_accepted,exact_accepted_unique,Garcinia benthamiana,wfo-0000743916,Clusiaceae,Garcinia,species
Garcinia brasiliensis,garcinia brasiliensis,garcinia brasiliensis,1,TRUE,TRUE,resolved_by_both,exact_accepted,exact_accepted_unique,Garcinia brasiliensis,wfo-0000694180,Clusiaceae,Garcinia,species
Garcinia macrophylla,garcinia macrophylla,garcinia macrophylla,2,FALSE,TRUE,recovered_by_hierarchical_rules,exact_accepted,exact_accepted_unique,Garcinia macrophylla,wfo-0000694438,Clusiaceae,Garcinia,species
Clusia columnaris,clusia columnaris,clusia columnaris,1,TRUE,TRUE,resolved_by_both,exact_accepted,exact_accepted_unique,Clusia columnaris,wfo-0000612149,Clusiaceae,Clusia,species
Physena madagascariensis,physena madagascariensis,physena madagascariensis,1,TRUE,TRUE,resolved_by_both,exact_accepted,exact_accepted_unique,Physena madagascariensis,wfo-0001315897,Physenaceae,Physena,species
Populus canadensis,populus canadensis,populus canadensis,1,TRUE,TRUE,resolved_by_both,exact_synonym,exact_synonym_unique,Populus deltoides subsp. monilifera,wfo-0000928240,Salicaceae,Populus,subspecies
Populus hybr,populus hybr,populus hybr,0,FALSE,FALSE,unresolved_by_both,unresolved,no_match,NA,NA,NA,NA,NA
Tephrosia polyphylla,tephrosia polyphylla,tephrosia polyphylla,1,TRUE,TRUE,resolved_by_both,exact_accepted,exact_accepted_unique,Tephrosia polyphylla,wfo-0000203724,Fabaceae,Tephrosia,species
Lagochilus leiacanthus,lagochilus leiacanthus,lagochilus leiacanthus,1,TRUE,TRUE,resolved_by_both,exact_accepted,exact_accepted_unique,Lagochilus leiacanthus,wfo-0000222341,Lamiaceae,Lagochilus,species
Allium fistulosum,allium fistulosum,allium fistulosum,1,TRUE,TRUE,resolved_by_both,exact_accepted,exact_accepted_unique,Allium fistulosum,wfo-0000756246,Amaryllidaceae,Allium,species
Rhaponticum carthamoides,rhaponticum carthamoides,rhaponticum carthamoides,1,TRUE,TRUE,resolved_by_both,exact_synonym,exact_synonym_unique,Leuzea carthamoides,wfo-0000135169,Asteraceae,Leuzea,species
Allium schoenoprasum,allium schoenoprasum,allium schoenoprasum,1,TRUE,TRUE,resolved_by_both,exact_accepted,exact_accepted_unique,Allium schoenoprasum,wfo-0000757278,Amaryllidaceae,Allium,species
Lepidium sativum,lepidium sativum,lepidium sativum,1,TRUE,TRUE,resolved_by_both,exact_accepted,exact_accepted_unique,Lepidium sativum,wfo-0000358699,Brassicaceae,Lepidium,species
Levisticum officinale,levisticum officinale,levisticum officinale,1,TRUE,TRUE,resolved_by_both,exact_accepted,exact_accepted_unique,Levisticum officinale,wfo-0000360816,Apiaceae,Levisticum,species
Nasturtium officinale,nasturtium officinale,nasturtium officinale,1,TRUE,TRUE,resolved_by_both,exact_accepted,exact_accepted_unique,Nasturtium officinale,wfo-0000380323,Brassicaceae,Nasturtium,species
Origanum vulgare,origanum vulgare,origanum vulgare,2,FALSE,TRUE,recovered_by_hierarchical_rules,exact_accepted,exact_accepted_unique,Origanum vulgare,wfo-0000260765,Lamiaceae,Origanum,species
Cynara cornigera,cynara cornigera,cynara cornigera,1,TRUE,TRUE,resolved_by_both,exact_accepted,exact_accepted_unique,Cynara cornigera,wfo-0000070364,Asteraceae,Cynara,species
Crataegus microphylla,crataegus microphylla,crataegus microphylla,2,FALSE,TRUE,recovered_by_hierarchical_rules,exact_accepted,exact_accepted_unique,Crataegus microphylla,wfo-0000988750,Rosaceae,Crataegus,species
Agnorhiza reticulata,agnorhiza reticulata,agnorhiza reticulata,1,TRUE,TRUE,resolved_by_both,exact_accepted,exact_accepted_unique,Agnorhiza reticulata,wfo-0000068889,Asteraceae,Agnorhiza,species
Coreopsis gigantea,coreopsis gigantea,coreopsis gigantea,1,TRUE,TRUE,resolved_by_both,exact_accepted,exact_accepted_unique,Coreopsis gigantea,wfo-0000004771,Asteraceae,Coreopsis,species
Coreopsis maritima,coreopsis maritima,coreopsis maritima,1,TRUE,TRUE,resolved_by_both,exact_accepted,exact_accepted_unique,Coreopsis maritima,wfo-0000060852,Asteraceae,Coreopsis,species
Flacourtia indica,flacourtia indica,flacourtia indica,1,TRUE,TRUE,resolved_by_both,exact_accepted,exact_accepted_unique,Flacourtia indica,wfo-0000925655,Salicaceae,Flacourtia,species
Rhynchosia precatoria,rhynchosia precatoria,rhynchosia precatoria,1,TRUE,TRUE,resolved_by_both,exact_accepted,exact_accepted_unique,Rhynchosia precatoria,wfo-0000182088,Fabaceae,Rhynchosia,species
Luma chequen,luma chequen,luma chequen,1,TRUE,TRUE,resolved_by_both,exact_accepted,exact_accepted_unique,Luma chequen,wfo-0000231083,Myrtaceae,Luma,species
Acanthophora spicifera,acanthophora spicifera,acanthophora spicifera,0,FALSE,FALSE,unresolved_by_both,unresolved,no_match,NA,NA,NA,NA,NA
Rosa transmorrisonensis,rosa transmorrisonensis,rosa transmorrisonensis,1,TRUE,TRUE,resolved_by_both,exact_accepted,exact_accepted_unique,Rosa transmorrisonensis,wfo-0000984831,Rosaceae,Rosa,species
Amomum tsao-ko,amomum tsao-ko,amomum tsao-ko,0,FALSE,FALSE,unresolved_by_both,unresolved,no_match,NA,NA,NA,NA,NA
Herniaria fontanesii,herniaria fontanesii,herniaria fontanesii,1,TRUE,TRUE,resolved_by_both,exact_accepted,exact_accepted_unique,Herniaria fontanesii,wfo-0000720671,Caryophyllaceae,Herniaria,species
Bauhinia racemosa,bauhinia racemosa,bauhinia racemosa,2,FALSE,TRUE,recovered_by_hierarchical_rules,exact_accepted,exact_accepted_unique,Bauhinia racemosa,wfo-0000213166,Fabaceae,Bauhinia,species
Crateva religiosa,crateva religiosa,crateva religiosa,2,FALSE,TRUE,recovered_by_hierarchical_rules,exact_accepted,exact_accepted_unique,Crateva religiosa,wfo-0000625724,Capparaceae,Crateva,species
Chamaebatia foliolosa,chamaebatia foliolosa,chamaebatia foliolosa,2,FALSE,TRUE,recovered_by_hierarchical_rules,exact_accepted,exact_accepted_unique,Chamaebatia foliolosa,wfo-0001003392,Rosaceae,Chamaebatia,species
Terminalia argentea,terminalia argentea,terminalia argentea,1,TRUE,TRUE,resolved_by_both,exact_accepted,exact_accepted_unique,Terminalia argentea,wfo-0001296420,Combretaceae,Terminalia,species
Pseudocedrela kotschyi,pseudocedrela kotschyi,pseudocedrela kotschyi,1,TRUE,TRUE,resolved_by_both,exact_accepted,exact_accepted_unique,Pseudocedrela kotschyi,wfo-0000473666,Meliaceae,Pseudocedrela,species
Podocarpus macrophyllus,podocarpus macrophyllus,podocarpus macrophyllus,1,TRUE,TRUE,resolved_by_both,exact_accepted,exact_accepted_unique,Podocarpus macrophyllus,wfo-0000485230,Podocarpaceae,Podocarpus,species
Hyphear kaoi,hyphear kaoi,hyphear kaoi,1,TRUE,TRUE,resolved_by_both,exact_synonym,exact_synonym_unique,Loranthus kaoi,wfo-0001224442,Loranthaceae,Loranthus,species
Uvaria mocoli,uvaria mocoli,uvaria mocoli,1,TRUE,TRUE,resolved_by_both,exact_accepted,exact_accepted_unique,Uvaria mocoli,wfo-0000416421,Annonaceae,Uvaria,species
Alpinia rafflesiana,alpinia rafflesiana,alpinia rafflesiana,1,TRUE,TRUE,resolved_by_both,exact_accepted,exact_accepted_unique,Alpinia rafflesiana,wfo-0000338724,Zingiberaceae,Alpinia,species
Piper rusbyi,piper rusbyi,piper rusbyi,1,TRUE,TRUE,resolved_by_both,exact_accepted,exact_accepted_unique,Piper rusbyi,wfo-0001093863,Piperaceae,Piper,species
Millettia extensa,millettia extensa,millettia extensa,2,FALSE,TRUE,recovered_by_hierarchical_rules,exact_accepted,exact_accepted_consensus_multiple_ids,Millettia extensa,wfo-0000185910,Fabaceae,Millettia,species
Limonium bicolor,limonium bicolor,limonium bicolor,1,TRUE,TRUE,resolved_by_both,exact_accepted,exact_accepted_unique,Limonium bicolor,wfo-0001095308,Plumbaginaceae,Limonium,species
Rhodosphaera rhodanthema,rhodosphaera rhodanthema,rhodosphaera rhodanthema,1,TRUE,TRUE,resolved_by_both,exact_accepted,exact_accepted_unique,Rhodosphaera rhodanthema,wfo-0001038494,Anacardiaceae,Rhodosphaera,species
Rhus undulata,rhus undulata,rhus undulata,2,FALSE,FALSE,unresolved_by_both,exact_conflict,exact_synonym_conflict,NA,NA,NA,NA,NA
Schinus areira,schinus areira,schinus areira,1,TRUE,TRUE,resolved_by_both,exact_accepted,exact_accepted_unique,Schinus areira,wfo-0001051003,Anacardiaceae,Schinus,species
Toxicodendron succedaneum,toxicodendron succedaneum,toxicodendron succedaneum,1,TRUE,TRUE,resolved_by_both,exact_accepted,exact_accepted_unique,Toxicodendron succedaneum,wfo-0001052331,Anacardiaceae,Toxicodendron,species
Glycosmis parviflora,glycosmis parviflora,glycosmis parviflora,1,TRUE,TRUE,resolved_by_both,exact_accepted,exact_accepted_unique,Glycosmis parviflora,wfo-0000704556,Rutaceae,Glycosmis,species
Dorstenia turbinata,dorstenia turbinata,dorstenia turbinata,1,TRUE,TRUE,resolved_by_both,exact_synonym,exact_synonym_unique,Hijmania turbinata,wfo-0001344826,Moraceae,Hijmania,species
Iva frutescens,iva frutescens,iva frutescens,1,TRUE,TRUE,resolved_by_both,exact_accepted,exact_accepted_unique,Iva frutescens,wfo-0000044620,Asteraceae,Iva,species
Flemingia grahamiana,flemingia grahamiana,flemingia grahamiana,1,TRUE,TRUE,resolved_by_both,exact_accepted,exact_accepted_unique,Flemingia grahamiana,wfo-0000181342,Fabaceae,Flemingia,species
Mitrella kentii,mitrella kentii,mitrella kentii,1,TRUE,TRUE,resolved_by_both,exact_synonym,exact_synonym_unique,Pyramidanthe kentii,wfo-1000028671,Annonaceae,Pyramidanthe,species
Millettia oblata,millettia oblata,millettia oblata,1,TRUE,TRUE,resolved_by_both,exact_accepted,exact_accepted_unique,Millettia oblata,wfo-0000200477,Fabaceae,Millettia,species
Terminalia alata,terminalia alata,terminalia alata,2,FALSE,FALSE,unresolved_by_both,exact_conflict,exact_synonym_conflict,NA,NA,NA,NA,NA
Terminalia elliptica,terminalia elliptica,terminalia elliptica,1,TRUE,TRUE,resolved_by_both,exact_accepted,exact_accepted_unique,Terminalia elliptica,wfo-0000408759,Combretaceae,Terminalia,species
Tephrosia egregia,tephrosia egregia,tephrosia egregia,1,TRUE,TRUE,resolved_by_both,exact_accepted,exact_accepted_unique,Tephrosia egregia,wfo-0000164660,Fabaceae,Tephrosia,species
Boronia bipinnata,boronia bipinnata,boronia bipinnata,1,TRUE,TRUE,resolved_by_both,exact_synonym,exact_synonym_unique,Cyanothamnus bipinnatus,wfo-1000021907,Rutaceae,Cyanothamnus,species
Helichrysum mimetes,helichrysum mimetes,helichrysum mimetes,1,TRUE,TRUE,resolved_by_both,exact_accepted,exact_accepted_unique,Helichrysum mimetes,wfo-0000096776,Asteraceae,Helichrysum,species
Fragaria ananassa,fragaria ananassa,fragaria ananassa,1,TRUE,TRUE,resolved_by_both,exact_synonym,exact_synonym_unique,Fragaria × ananassa,wfo-0001005541,Rosaceae,Fragaria,species
Calceolaria hypericina,calceolaria hypericina,calceolaria hypericina,1,TRUE,TRUE,resolved_by_both,exact_accepted,exact_accepted_unique,Calceolaria hypericina,wfo-0000579600,Calceolariaceae,Calceolaria,species
Mimusops elengi,mimusops elengi,mimusops elengi,2,FALSE,TRUE,recovered_by_hierarchical_rules,exact_accepted,exact_accepted_unique,Mimusops elengi,wfo-0000244577,Sapotaceae,Mimusops,species
Prunus fruticosa,prunus fruticosa,prunus fruticosa,1,TRUE,TRUE,resolved_by_both,exact_accepted,exact_accepted_unique,Prunus fruticosa,wfo-0001013852,Rosaceae,Prunus,species
Sicana odorifera,sicana odorifera,sicana odorifera,1,TRUE,TRUE,resolved_by_both,exact_accepted,exact_accepted_unique,Sicana odorifera,wfo-0000441531,Cucurbitaceae,Sicana,species
Agapetes incurvata,agapetes incurvata,agapetes incurvata,1,TRUE,TRUE,resolved_by_both,exact_accepted,exact_accepted_unique,Agapetes incurvata,wfo-0000523046,Ericaceae,Agapetes,species
Rhododendron abietifolium,rhododendron abietifolium,rhododendron abietifolium,1,TRUE,TRUE,resolved_by_both,exact_accepted,exact_accepted_unique,Rhododendron abietifolium,wfo-0000400488,Ericaceae,Rhododendron,species
Rhododendron acuminatum,rhododendron acuminatum,rhododendron acuminatum,1,TRUE,TRUE,resolved_by_both,exact_accepted,exact_accepted_unique,Rhododendron acuminatum,wfo-0000400490,Ericaceae,Rhododendron,species
Rhododendron adenopodum,rhododendron adenopodum,rhododendron adenopodum,1,TRUE,TRUE,resolved_by_both,exact_accepted,exact_accepted_unique,Rhododendron adenopodum,wfo-0001048903,Ericaceae,Rhododendron,species
Rhododendron aurigeranum,rhododendron aurigeranum,rhododendron aurigeranum,1,TRUE,TRUE,resolved_by_both,exact_accepted,exact_accepted_unique,Rhododendron aurigeranum,wfo-0000400379,Ericaceae,Rhododendron,species
Rhododendron bagobonum,rhododendron bagobonum,rhododendron bagobonum,1,TRUE,TRUE,resolved_by_both,exact_accepted,exact_accepted_unique,Rhododendron bagobonum,wfo-0000400373,Ericaceae,Rhododendron,species
Rhododendron beyerinckianum,rhododendron beyerinckianum,rhododendron beyerinckianum,1,TRUE,TRUE,resolved_by_both,exact_accepted,exact_accepted_unique,Rhododendron beyerinckianum,wfo-0000400398,Ericaceae,Rhododendron,species
Rhododendron brookeanum,rhododendron brookeanum,rhododendron brookeanum,1,TRUE,TRUE,resolved_by_both,exact_synonym,exact_synonym_unique,Rhododendron javanicum subsp. brookeanum,wfo-0001365423,Ericaceae,Rhododendron,subspecies
Rhododendron buxifolium,rhododendron buxifolium,rhododendron buxifolium,1,TRUE,TRUE,resolved_by_both,exact_accepted,exact_accepted_unique,Rhododendron buxifolium,wfo-0000400464,Ericaceae,Rhododendron,species
Rhododendron christianae,rhododendron christianae,rhododendron christianae,1,TRUE,TRUE,resolved_by_both,exact_accepted,exact_accepted_unique,Rhododendron christianae,wfo-0000403055,Ericaceae,Rhododendron,species
Rhododendron crassifolium,rhododendron crassifolium,rhododendron crassifolium,1,TRUE,TRUE,resolved_by_both,exact_accepted,exact_accepted_unique,Rhododendron crassifolium,wfo-0000403124,Ericaceae,Rhododendron,species
Rhododendron culminicolum,rhododendron culminicolum,rhododendron culminicolum,0,FALSE,FALSE,unresolved_by_both,unresolved,no_match,NA,NA,NA,NA,NA
Rhododendron dianthosmum,rhododendron dianthosmum,rhododendron dianthosmum,1,TRUE,TRUE,resolved_by_both,exact_accepted,exact_accepted_unique,Rhododendron dianthosmum,wfo-0000400742,Ericaceae,Rhododendron,species
Rhododendron durionifolium,rhododendron durionifolium,rhododendron durionifolium,1,TRUE,TRUE,resolved_by_both,exact_accepted,exact_accepted_unique,Rhododendron durionifolium,wfo-0000400749,Ericaceae,Rhododendron,species
Rhododendron edanoi,rhododendron edanoi,rhododendron edanoi,1,TRUE,TRUE,resolved_by_both,exact_accepted,exact_accepted_unique,Rhododendron edanoi,wfo-0000400746,Ericaceae,Rhododendron,species
Rhododendron gracilentum,rhododendron gracilentum,rhododendron gracilentum,1,TRUE,TRUE,resolved_by_both,exact_accepted,exact_accepted_unique,Rhododendron gracilentum,wfo-0000400656,Ericaceae,Rhododendron,species
Rhododendron hooglandii,rhododendron hooglandii,rhododendron hooglandii,1,TRUE,TRUE,resolved_by_both,exact_accepted,exact_accepted_unique,Rhododendron hooglandii,wfo-0000400710,Ericaceae,Rhododendron,species
Rhododendron inconspicuum,rhododendron inconspicuum,rhododendron inconspicuum,1,TRUE,TRUE,resolved_by_both,exact_accepted,exact_accepted_unique,Rhododendron inconspicuum,wfo-0000400686,Ericaceae,Rhododendron,species
Rhododendron intranervatum,rhododendron intranervatum,rhododendron intranervatum,1,TRUE,TRUE,resolved_by_both,exact_accepted,exact_accepted_unique,Rhododendron intranervatum,wfo-0000400674,Ericaceae,Rhododendron,species
Rhododendron jasminiflorum,rhododendron jasminiflorum,rhododendron jasminiflorum,1,TRUE,TRUE,resolved_by_both,exact_accepted,exact_accepted_unique,Rhododendron jasminiflorum,wfo-0000400691,Ericaceae,Rhododendron,species
Rhododendron javanicum,rhododendron javanicum,rhododendron javanicum,1,TRUE,TRUE,resolved_by_both,exact_accepted,exact_accepted_unique,Rhododendron javanicum,wfo-0000400693,Ericaceae,Rhododendron,species
Rhododendron kawakamii,rhododendron kawakamii,rhododendron kawakamii,1,TRUE,TRUE,resolved_by_both,exact_accepted,exact_accepted_unique,Rhododendron kawakamii,wfo-0001048928,Ericaceae,Rhododendron,species
Rhododendron konori,rhododendron konori,rhododendron konori,1,TRUE,TRUE,resolved_by_both,exact_accepted,exact_accepted_unique,Rhododendron konori,wfo-0000400056,Ericaceae,Rhododendron,species
Rhododendron laetum,rhododendron laetum,rhododendron laetum,1,TRUE,TRUE,resolved_by_both,exact_accepted,exact_accepted_unique,Rhododendron laetum,wfo-0000400104,Ericaceae,Rhododendron,species
Rhododendron lanceolatum,rhododendron lanceolatum,rhododendron lanceolatum,1,TRUE,TRUE,resolved_by_both,exact_accepted,exact_accepted_unique,Rhododendron lanceolatum,wfo-0000400096,Ericaceae,Rhododendron,species
Rhododendron leptanthum,rhododendron leptanthum,rhododendron leptanthum,2,FALSE,TRUE,recovered_by_hierarchical_rules,exact_accepted,exact_accepted_unique,Rhododendron leptanthum,wfo-1000040577,Ericaceae,Rhododendron,species
Rhododendron leucogigas,rhododendron leucogigas,rhododendron leucogigas,1,TRUE,TRUE,resolved_by_both,exact_accepted,exact_accepted_unique,Rhododendron leucogigas,wfo-0000399954,Ericaceae,Rhododendron,species
Rhododendron macgregoriae,rhododendron macgregoriae,rhododendron macgregoriae,1,TRUE,TRUE,resolved_by_both,exact_accepted,exact_accepted_unique,Rhododendron macgregoriae,wfo-0000399989,Ericaceae,Rhododendron,species
Rhododendron meijeri,rhododendron meijeri,rhododendron meijeri,1,TRUE,TRUE,resolved_by_both,exact_accepted,exact_accepted_unique,Rhododendron meijeri,wfo-0000400177,Ericaceae,Rhododendron,species
Rhododendron micromalayanum,rhododendron micromalayanum,rhododendron micromalayanum,1,TRUE,TRUE,resolved_by_both,exact_accepted,exact_accepted_unique,Rhododendron micromalayanum,wfo-0000400282,Ericaceae,Rhododendron,species
Rhododendron nervulosum,rhododendron nervulosum,rhododendron nervulosum,1,TRUE,TRUE,resolved_by_both,exact_synonym,exact_synonym_unique,Rhododendron nervosulum,wfo-0000400362,Ericaceae,Rhododendron,species
Rhododendron nieuwenhuisii,rhododendron nieuwenhuisii,rhododendron nieuwenhuisii,1,TRUE,TRUE,resolved_by_both,exact_accepted,exact_accepted_unique,Rhododendron nieuwenhuisii,wfo-0000400349,Ericaceae,Rhododendron,species
Rhododendron orbiculatum,rhododendron orbiculatum,rhododendron orbiculatum,1,TRUE,TRUE,resolved_by_both,exact_accepted,exact_accepted_unique,Rhododendron orbiculatum,wfo-0000400314,Ericaceae,Rhododendron,species
Rhododendron planecostatum,rhododendron planecostatum,rhododendron planecostatum,0,FALSE,FALSE,unresolved_by_both,unresolved,no_match,NA,NA,NA,NA,NA
Rhododendron polyanthemum,rhododendron polyanthemum,rhododendron polyanthemum,1,TRUE,TRUE,resolved_by_both,exact_accepted,exact_accepted_unique,Rhododendron polyanthemum,wfo-0000400159,Ericaceae,Rhododendron,species
Rhododendron praetervisum,rhododendron praetervisum,rhododendron praetervisum,1,TRUE,TRUE,resolved_by_both,exact_accepted,exact_accepted_unique,Rhododendron praetervisum,wfo-0000400183,Ericaceae,Rhododendron,species
Rhododendron rarum,rhododendron rarum,rhododendron rarum,1,TRUE,TRUE,resolved_by_both,exact_accepted,exact_accepted_unique,Rhododendron rarum,wfo-0000405496,Ericaceae,Rhododendron,species
Rhododendron retusum,rhododendron retusum,rhododendron retusum,1,TRUE,TRUE,resolved_by_both,exact_accepted,exact_accepted_unique,Rhododendron retusum,wfo-0001242988,Ericaceae,Rhododendron,species
Rhododendron robinsonii,rhododendron robinsonii,rhododendron robinsonii,1,TRUE,TRUE,resolved_by_both,exact_accepted,exact_accepted_unique,Rhododendron robinsonii,wfo-0000405504,Ericaceae,Rhododendron,species
Rhododendron searleanum,rhododendron searleanum,rhododendron searleanum,1,TRUE,TRUE,resolved_by_both,exact_accepted,exact_accepted_unique,Rhododendron searleanum,wfo-0000405383,Ericaceae,Rhododendron,species
Rhododendron stapfianum,rhododendron stapfianum,rhododendron stapfianum,1,TRUE,TRUE,resolved_by_both,exact_accepted,exact_accepted_unique,Rhododendron stapfianum,wfo-0000405429,Ericaceae,Rhododendron,species
Rhododendron stenophyllum,rhododendron stenophyllum,rhododendron stenophyllum,2,FALSE,TRUE,recovered_by_hierarchical_rules,exact_accepted,exact_accepted_unique,Rhododendron stenophyllum,wfo-0000405420,Ericaceae,Rhododendron,species
Rhododendron suaveolens,rhododendron suaveolens,rhododendron suaveolens,1,TRUE,TRUE,resolved_by_both,exact_accepted,exact_accepted_unique,Rhododendron suaveolens,wfo-0000405421,Ericaceae,Rhododendron,species
Rhododendron superbum,rhododendron superbum,rhododendron superbum,1,TRUE,TRUE,resolved_by_both,exact_accepted,exact_accepted_unique,Rhododendron superbum,wfo-0000405437,Ericaceae,Rhododendron,species
Rhododendron vandeursenii,rhododendron vandeursenii,rhododendron vandeursenii,1,TRUE,TRUE,resolved_by_both,exact_synonym,exact_synonym_unique,Rhododendron vitis-idaea,wfo-0000405687,Ericaceae,Rhododendron,species
Rhododendron vitis-idaea,rhododendron vitis-idaea,rhododendron vitis-idaea,1,TRUE,TRUE,resolved_by_both,exact_accepted,exact_accepted_unique,Rhododendron vitis-idaea,wfo-0000405687,Ericaceae,Rhododendron,species
Rhododendron womersleyi,rhododendron womersleyi,rhododendron womersleyi,1,TRUE,TRUE,resolved_by_both,exact_accepted,exact_accepted_unique,Rhododendron womersleyi,wfo-0000405700,Ericaceae,Rhododendron,species
Rhododendron wrightianum,rhododendron wrightianum,rhododendron wrightianum,1,TRUE,TRUE,resolved_by_both,exact_accepted,exact_accepted_unique,Rhododendron wrightianum,wfo-0000405570,Ericaceae,Rhododendron,species
Rhododendron yelliottii,rhododendron yelliottii,rhododendron yelliottii,1,TRUE,TRUE,resolved_by_both,exact_accepted,exact_accepted_unique,Rhododendron yelliottii,wfo-0000405539,Ericaceae,Rhododendron,species
Rhododendron zoelleri,rhododendron zoelleri,rhododendron zoelleri,1,TRUE,TRUE,resolved_by_both,exact_accepted,exact_accepted_unique,Rhododendron zoelleri,wfo-0000405531,Ericaceae,Rhododendron,species
Cleistopholis glauca,cleistopholis glauca,cleistopholis glauca,1,TRUE,TRUE,resolved_by_both,exact_accepted,exact_accepted_unique,Cleistopholis glauca,wfo-0000609404,Annonaceae,Cleistopholis,species
Crotalaria nitens,crotalaria nitens,crotalaria nitens,1,TRUE,TRUE,resolved_by_both,exact_accepted,exact_accepted_unique,Crotalaria nitens,wfo-0000174075,Fabaceae,Crotalaria,species
Centaurea chilensis,centaurea chilensis,centaurea chilensis,2,FALSE,TRUE,recovered_by_hierarchical_rules,exact_accepted,exact_accepted_unique,Centaurea chilensis,wfo-0000001471,Asteraceae,Centaurea,species
Rhamnus lycioides,rhamnus lycioides,rhamnus lycioides,1,TRUE,TRUE,resolved_by_both,exact_accepted,exact_accepted_unique,Rhamnus lycioides,wfo-0000460322,Rhamnaceae,Rhamnus,species
Myrsine coriacea,myrsine coriacea,myrsine coriacea,2,FALSE,TRUE,recovered_by_hierarchical_rules,exact_accepted,exact_accepted_unique,Myrsine coriacea,wfo-0000449079,Primulaceae,Myrsine,species
Ginkgo biloba,ginkgo biloba,ginkgo biloba,1,TRUE,TRUE,resolved_by_both,exact_accepted,exact_accepted_unique,Ginkgo biloba,wfo-0000795526,Ginkgoaceae,Ginkgo,species
Mallotus nudiflorus,mallotus nudiflorus,mallotus nudiflorus,1,TRUE,TRUE,resolved_by_both,exact_accepted,exact_accepted_unique,Mallotus nudiflorus,wfo-0000809063,Euphorbiaceae,Mallotus,species
Viburnum cylindricum,viburnum cylindricum,viburnum cylindricum,1,TRUE,TRUE,resolved_by_both,exact_accepted,exact_accepted_unique,Viburnum cylindricum,wfo-0001290708,Viburnaceae,Viburnum,species
Rodgersia sambucifolia,rodgersia sambucifolia,rodgersia sambucifolia,1,TRUE,TRUE,resolved_by_both,exact_accepted,exact_accepted_unique,Rodgersia sambucifolia,wfo-0001005090,Saxifragaceae,Rodgersia,species
Castanea sativa,castanea sativa,castanea sativa,1,TRUE,TRUE,resolved_by_both,exact_accepted,exact_accepted_unique,Castanea sativa,wfo-0000812271,Fagaceae,Castanea,species
Triadenum japonicum,triadenum japonicum,triadenum japonicum,1,TRUE,TRUE,resolved_by_both,exact_synonym,exact_synonym_unique,Hypericum fauriei,wfo-0001296235,Hypericaceae,Hypericum,species
Geranium sanguineum,geranium sanguineum,geranium sanguineum,1,TRUE,TRUE,resolved_by_both,exact_accepted,exact_accepted_unique,Geranium sanguineum,wfo-0000701279,Geraniaceae,Geranium,species
Theobroma,theobroma,theobroma,1,TRUE,TRUE,resolved_by_both,exact_accepted,exact_accepted_unique,Theobroma,wfo-4000038157,Malvaceae,Theobroma,genus
Dorycnium hirsutum,dorycnium hirsutum,dorycnium hirsutum,1,TRUE,TRUE,resolved_by_both,exact_synonym,exact_synonym_unique,Lotus hirsutus,wfo-0000212135,Fabaceae,Lotus,species
Tripterospermum chinense,tripterospermum chinense,tripterospermum chinense,1,TRUE,TRUE,resolved_by_both,exact_accepted,exact_accepted_unique,Tripterospermum chinense,wfo-0001063738,Gentianaceae,Tripterospermum,species
Allanblackia gabonensis,allanblackia gabonensis,allanblackia gabonensis,1,TRUE,TRUE,resolved_by_both,exact_accepted,exact_accepted_unique,Allanblackia gabonensis,wfo-0000525983,Clusiaceae,Allanblackia,species
Sorbus tianschanica,sorbus tianschanica,sorbus tianschanica,1,TRUE,TRUE,resolved_by_both,exact_accepted,exact_accepted_unique,Sorbus tianschanica,wfo-0000996731,Rosaceae,Sorbus,species
Litsea szemaois,litsea szemaois,litsea szemaois,1,TRUE,TRUE,resolved_by_both,exact_accepted,exact_accepted_unique,Litsea szemaois,wfo-0001278607,Lauraceae,Litsea,species
Salix denticulata,salix denticulata,salix denticulata,1,TRUE,TRUE,resolved_by_both,exact_accepted,exact_accepted_unique,Salix denticulata,wfo-0001133943,Salicaceae,Salix,species
Psidium cattleyanum,psidium cattleyanum,psidium cattleyanum,1,TRUE,TRUE,resolved_by_both,exact_accepted,exact_accepted_unique,Psidium cattleyanum,wfo-0001319200,Myrtaceae,Psidium,species
Licania pittieri,licania pittieri,licania pittieri,1,TRUE,TRUE,resolved_by_both,exact_accepted,exact_accepted_unique,Licania pittieri,wfo-0000814345,Chrysobalanaceae,Licania,species
Prinsepia utilis,prinsepia utilis,prinsepia utilis,2,FALSE,TRUE,recovered_by_hierarchical_rules,exact_accepted,exact_accepted_consensus_multiple_ids,Prinsepia utilis,wfo-0000985975,Rosaceae,Prinsepia,species
Sanguisorba alpina,sanguisorba alpina,sanguisorba alpina,1,TRUE,TRUE,resolved_by_both,exact_accepted,exact_accepted_unique,Sanguisorba alpina,wfo-0001015999,Rosaceae,Sanguisorba,species
Caloncoba glauca,caloncoba glauca,caloncoba glauca,1,TRUE,TRUE,resolved_by_both,exact_accepted,exact_accepted_unique,Caloncoba glauca,wfo-0000923629,Achariaceae,Caloncoba,species
Bergia capensis,bergia capensis,bergia capensis,1,TRUE,TRUE,resolved_by_both,exact_accepted,exact_accepted_unique,Bergia capensis,wfo-0000564313,Elatinaceae,Bergia,species
Ekebergia capensis,ekebergia capensis,ekebergia capensis,1,TRUE,TRUE,resolved_by_both,exact_accepted,exact_accepted_unique,Ekebergia capensis,wfo-0000663623,Meliaceae,Ekebergia,species
Erica arborea,erica arborea,erica arborea,4,FALSE,TRUE,recovered_by_hierarchical_rules,exact_accepted,exact_accepted_unique,Erica arborea,wfo-0000671391,Ericaceae,Erica,species
Taxodium distichum,taxodium distichum,taxodium distichum,1,TRUE,TRUE,resolved_by_both,exact_accepted,exact_accepted_unique,Taxodium distichum,wfo-0000408602,Cupressaceae,Taxodium,species
Terminalia brachystemma,terminalia brachystemma,terminalia brachystemma,1,TRUE,TRUE,resolved_by_both,exact_accepted,exact_accepted_unique,Terminalia brachystemma,wfo-0000406946,Combretaceae,Terminalia,species
Cupressus sempervirens,cupressus sempervirens,cupressus sempervirens,1,TRUE,TRUE,resolved_by_both,exact_accepted,exact_accepted_unique,Cupressus sempervirens,wfo-0000630789,Cupressaceae,Cupressus,species
Sohnreyia excelsa,sohnreyia excelsa,sohnreyia excelsa,1,TRUE,TRUE,resolved_by_both,exact_accepted,exact_accepted_unique,Sohnreyia excelsa,wfo-0001132728,Rutaceae,Sohnreyia,species
Garcinia speciosa,garcinia speciosa,garcinia speciosa,1,TRUE,TRUE,resolved_by_both,exact_synonym,exact_synonym_unique,Garcinia celebica,wfo-0000694214,Clusiaceae,Garcinia,species
Melochia chamaedrys,melochia chamaedrys,melochia chamaedrys,1,TRUE,TRUE,resolved_by_both,exact_accepted,exact_accepted_unique,Melochia chamaedrys,wfo-0001140630,Malvaceae,Melochia,species
Erythroxylum passerinum,erythroxylum passerinum,erythroxylum passerinum,1,TRUE,TRUE,resolved_by_both,exact_accepted,exact_accepted_unique,Erythroxylum passerinum,wfo-0000680040,Erythroxylaceae,Erythroxylum,species
Rumex japonicus,rumex japonicus,rumex japonicus,1,TRUE,TRUE,resolved_by_both,exact_accepted,exact_accepted_unique,Rumex japonicus,wfo-0001101700,Polygonaceae,Rumex,species
Garcinia cornea,garcinia cornea,garcinia cornea,2,FALSE,FALSE,unresolved_by_both,exact_conflict,exact_synonym_conflict,NA,NA,NA,NA,NA
Phoenix loureiroi,phoenix loureiroi,phoenix loureiroi,1,TRUE,TRUE,resolved_by_both,exact_accepted,exact_accepted_unique,Phoenix loureiroi,wfo-0000269784,Arecaceae,Phoenix,species
Dioscorea antaly,dioscorea antaly,dioscorea antaly,1,TRUE,TRUE,resolved_by_both,exact_accepted,exact_accepted_unique,Dioscorea antaly,wfo-0000389050,Dioscoreaceae,Dioscorea,species
Dioclea guianensis,dioclea guianensis,dioclea guianensis,1,TRUE,TRUE,resolved_by_both,exact_accepted,exact_accepted_unique,Dioclea guianensis,wfo-0000170537,Fabaceae,Dioclea,species
Xylopia vielana,xylopia vielana,xylopia vielana,1,TRUE,TRUE,resolved_by_both,exact_accepted,exact_accepted_unique,Xylopia vielana,wfo-0000428653,Annonaceae,Xylopia,species
Phyllocladus alpinus,phyllocladus alpinus,phyllocladus alpinus,1,TRUE,TRUE,resolved_by_both,exact_synonym,exact_synonym_unique,Phyllocladus trichomanoides var. alpinus,wfo-0000735853,Podocarpaceae,Phyllocladus,variety
Scolopia spinosa,scolopia spinosa,scolopia spinosa,1,TRUE,TRUE,resolved_by_both,exact_accepted,exact_accepted_unique,Scolopia spinosa,wfo-0000913967,Salicaceae,Scolopia,species
Kummerowia stipulacea,kummerowia stipulacea,kummerowia stipulacea,1,TRUE,TRUE,resolved_by_both,exact_accepted,exact_accepted_unique,Kummerowia stipulacea,wfo-0000192126,Fabaceae,Kummerowia,species
Lespedeza juncea,lespedeza juncea,lespedeza juncea,2,FALSE,TRUE,recovered_by_hierarchical_rules,exact_accepted,exact_accepted_unique,Lespedeza juncea,wfo-0000186750,Fabaceae,Lespedeza,species
Calophyllum inophyllum,calophyllum inophyllum,calophyllum inophyllum,1,TRUE,TRUE,resolved_by_both,exact_accepted,exact_accepted_unique,Calophyllum inophyllum,wfo-0000581184,Calophyllaceae,Calophyllum,species
Agasthiyamalaia pauciflora,agasthiyamalaia pauciflora,agasthiyamalaia pauciflora,1,TRUE,TRUE,resolved_by_both,exact_synonym,exact_synonym_unique,Poeciloneuron pauciflorum,wfo-0000476094,Calophyllaceae,Poeciloneuron,species
Euclea divinorum,euclea divinorum,euclea divinorum,1,TRUE,TRUE,resolved_by_both,exact_accepted,exact_accepted_unique,Euclea divinorum,wfo-0000681081,Ebenaceae,Euclea,species
Albizia lebbeck,albizia lebbeck,albizia lebbeck,1,TRUE,TRUE,resolved_by_both,exact_accepted,exact_accepted_unique,Albizia lebbeck,wfo-0000184271,Fabaceae,Albizia,species
Chamaecyparis formosensis,chamaecyparis formosensis,chamaecyparis formosensis,1,TRUE,TRUE,resolved_by_both,exact_accepted,exact_accepted_unique,Chamaecyparis formosensis,wfo-0000599448,Cupressaceae,Chamaecyparis,species
Dorstenia contrajerva,dorstenia contrajerva,dorstenia contrajerva,1,TRUE,TRUE,resolved_by_both,exact_accepted,exact_accepted_unique,Dorstenia contrajerva,wfo-0000654354,Moraceae,Dorstenia,species
Schisandra propinqua,schisandra propinqua,schisandra propinqua,1,TRUE,TRUE,resolved_by_both,exact_accepted,exact_accepted_unique,Schisandra propinqua,wfo-0000495084,Schisandraceae,Schisandra,species
Elephantorrhiza goetzei,elephantorrhiza goetzei,elephantorrhiza goetzei,1,TRUE,TRUE,resolved_by_both,exact_synonym,exact_synonym_unique,Entada goetzei,wfo-1000040053,Fabaceae,Entada,species
Hypericum triquetrifolium,hypericum triquetrifolium,hypericum triquetrifolium,1,TRUE,TRUE,resolved_by_both,exact_accepted,exact_accepted_unique,Hypericum triquetrifolium,wfo-0000728420,Hypericaceae,Hypericum,species
Macrosolen globosus,macrosolen globosus,macrosolen globosus,1,TRUE,TRUE,resolved_by_both,exact_accepted,exact_accepted_unique,Macrosolen globosus,wfo-0000378016,Loranthaceae,Macrosolen,species
Tamarindus indica,tamarindus indica,tamarindus indica,1,TRUE,TRUE,resolved_by_both,exact_accepted,exact_accepted_unique,Tamarindus indica,wfo-0000170926,Fabaceae,Tamarindus,species
Oenothera biennis,oenothera biennis,oenothera biennis,1,TRUE,TRUE,resolved_by_both,exact_accepted,exact_accepted_unique,Oenothera biennis,wfo-0000389564,Onagraceae,Oenothera,species
Prunus amygdalus,prunus amygdalus,prunus amygdalus,1,TRUE,TRUE,resolved_by_both,exact_accepted,exact_accepted_unique,Prunus amygdalus,wfo-0001015846,Rosaceae,Prunus,species
Rubus adenotrichus,rubus adenotrichus,rubus adenotrichus,0,FALSE,FALSE,unresolved_by_both,unresolved,no_match,NA,NA,NA,NA,NA
Rubus glaucus,rubus glaucus,rubus glaucus,1,TRUE,TRUE,resolved_by_both,exact_accepted,exact_accepted_unique,Rubus glaucus,wfo-0001013149,Rosaceae,Rubus,species
Dimocarpus longan,dimocarpus longan,dimocarpus longan,1,TRUE,TRUE,resolved_by_both,exact_accepted,exact_accepted_unique,Dimocarpus longan,wfo-0000647787,Sapindaceae,Dimocarpus,species
Quercus coccifera,quercus coccifera,quercus coccifera,1,TRUE,TRUE,resolved_by_both,exact_accepted,exact_accepted_unique,Quercus coccifera,wfo-0000290191,Fagaceae,Quercus,species
Carpinus cordata,carpinus cordata,carpinus cordata,1,TRUE,TRUE,resolved_by_both,exact_accepted,exact_accepted_unique,Carpinus cordata,wfo-0000804828,Betulaceae,Carpinus,species
Acer nikoense,acer nikoense,acer nikoense,1,TRUE,TRUE,resolved_by_both,exact_synonym,exact_synonym_unique,Parthenocissus tricuspidata,wfo-0000474320,Vitaceae,Parthenocissus,species
Croton insularis,croton insularis,croton insularis,1,TRUE,TRUE,resolved_by_both,exact_accepted,exact_accepted_unique,Croton insularis,wfo-0000931310,Euphorbiaceae,Croton,species
Theobroma grandiflorum,theobroma grandiflorum,theobroma grandiflorum,1,TRUE,TRUE,resolved_by_both,exact_accepted,exact_accepted_unique,Theobroma grandiflorum,wfo-0000458603,Malvaceae,Theobroma,species
Xylocarpus granatum,xylocarpus granatum,xylocarpus granatum,1,TRUE,TRUE,resolved_by_both,exact_accepted,exact_accepted_unique,Xylocarpus granatum,wfo-0000428249,Meliaceae,Xylocarpus,species
Embelia ribes,embelia ribes,embelia ribes,1,TRUE,TRUE,resolved_by_both,exact_accepted,exact_accepted_unique,Embelia ribes,wfo-0000666970,Primulaceae,Embelia,species
Microtropis fokienensis,microtropis fokienensis,microtropis fokienensis,1,TRUE,TRUE,resolved_by_both,exact_accepted,exact_accepted_unique,Microtropis fokienensis,wfo-0001292770,Celastraceae,Microtropis,species
Cinnamomum subavenium,cinnamomum subavenium,cinnamomum subavenium,1,TRUE,TRUE,resolved_by_both,exact_accepted,exact_accepted_unique,Cinnamomum subavenium,wfo-0000605450,Lauraceae,Cinnamomum,species
Sorbus decora,sorbus decora,sorbus decora,1,TRUE,TRUE,resolved_by_both,exact_accepted,exact_accepted_unique,Sorbus decora,wfo-0001015088,Rosaceae,Sorbus,species
Polygonum glaucum,polygonum glaucum,polygonum glaucum,1,TRUE,TRUE,resolved_by_both,exact_accepted,exact_accepted_unique,Polygonum glaucum,wfo-0000489937,Polygonaceae,Polygonum,species
Polygonum maritimum,polygonum maritimum,polygonum maritimum,1,TRUE,TRUE,resolved_by_both,exact_accepted,exact_accepted_unique,Polygonum maritimum,wfo-0000489807,Polygonaceae,Polygonum,species
Cinnamomum tenuifolium,cinnamomum tenuifolium,cinnamomum tenuifolium,1,TRUE,TRUE,resolved_by_both,exact_synonym,exact_synonym_unique,Cinnamomum chekiangense,wfo-0000604993,Lauraceae,Cinnamomum,species
Pentadesma butyracea,pentadesma butyracea,pentadesma butyracea,1,TRUE,TRUE,resolved_by_both,exact_accepted,exact_accepted_unique,Pentadesma butyracea,wfo-0000395230,Clusiaceae,Pentadesma,species
Pistacia weinmannifolia,pistacia weinmannifolia,pistacia weinmannifolia,0,FALSE,FALSE,unresolved_by_both,unresolved,no_match,NA,NA,NA,NA,NA
Parthenocissus tricuspidata,parthenocissus tricuspidata,parthenocissus tricuspidata,1,TRUE,TRUE,resolved_by_both,exact_accepted,exact_accepted_unique,Parthenocissus tricuspidata,wfo-0000474320,Vitaceae,Parthenocissus,species
Mammea americana,mammea americana,mammea americana,1,TRUE,TRUE,resolved_by_both,exact_accepted,exact_accepted_unique,Mammea americana,wfo-0000375040,Calophyllaceae,Mammea,species
Viscum rotundifolium,viscum rotundifolium,viscum rotundifolium,1,TRUE,TRUE,resolved_by_both,exact_accepted,exact_accepted_unique,Viscum rotundifolium,wfo-0000424911,Santalaceae,Viscum,species
Celastrus flagellaris,celastrus flagellaris,celastrus flagellaris,1,TRUE,TRUE,resolved_by_both,exact_accepted,exact_accepted_unique,Celastrus flagellaris,wfo-0000592721,Celastraceae,Celastrus,species
Prosopis juliflora,prosopis juliflora,prosopis juliflora,1,TRUE,TRUE,resolved_by_both,exact_synonym,exact_synonym_unique,Neltuma juliflora,wfo-0000184288,Fabaceae,Neltuma,species
Luehea candicans,luehea candicans,luehea candicans,1,TRUE,TRUE,resolved_by_both,exact_accepted,exact_accepted_unique,Luehea candicans,wfo-0000445189,Malvaceae,Luehea,species
Acaena magellanica,acaena magellanica,acaena magellanica,1,TRUE,TRUE,resolved_by_both,exact_accepted,exact_accepted_unique,Acaena magellanica,wfo-0000985090,Rosaceae,Acaena,species
Eugenia brasiliensis,eugenia brasiliensis,eugenia brasiliensis,1,TRUE,TRUE,resolved_by_both,exact_accepted,exact_accepted_unique,Eugenia brasiliensis,wfo-0000956594,Myrtaceae,Eugenia,species
Waltheria indica,waltheria indica,waltheria indica,1,TRUE,TRUE,resolved_by_both,exact_accepted,exact_accepted_unique,Waltheria indica,wfo-0000427365,Malvaceae,Waltheria,species
Uncaria rhynchophylla,uncaria rhynchophylla,uncaria rhynchophylla,1,TRUE,TRUE,resolved_by_both,exact_accepted,exact_accepted_unique,Uncaria rhynchophylla,wfo-0000329305,Rubiaceae,Uncaria,species
Uncaria rhynchophylla ex,uncaria rhynchophylla ex,uncaria rhynchophylla,1,TRUE,TRUE,resolved_by_both,canonical,canonical_unique,Uncaria rhynchophylla,wfo-0000329305,Rubiaceae,Uncaria,species
Aesculus californica,aesculus californica,aesculus californica,1,TRUE,TRUE,resolved_by_both,exact_accepted,exact_accepted_unique,Aesculus californica,wfo-0000522247,Sapindaceae,Aesculus,species
Eucalyptus alba,eucalyptus alba,eucalyptus alba,1,TRUE,TRUE,resolved_by_both,exact_accepted,exact_accepted_unique,Eucalyptus alba,wfo-0000954367,Myrtaceae,Eucalyptus,species
Woodwardia orientalis,woodwardia orientalis,woodwardia orientalis,1,TRUE,TRUE,resolved_by_both,exact_accepted,exact_accepted_unique,Woodwardia orientalis,wfo-0001107450,Blechnaceae,Woodwardia,species
Chaenomeles japonica ex,chaenomeles japonica ex,chaenomeles japonica,1,TRUE,TRUE,resolved_by_both,canonical,canonical_unique,Chaenomeles japonica,wfo-0001003367,Rosaceae,Chaenomeles,species
Chaenomeles japonica,chaenomeles japonica,chaenomeles japonica,1,TRUE,TRUE,resolved_by_both,exact_accepted,exact_accepted_unique,Chaenomeles japonica,wfo-0001003367,Rosaceae,Chaenomeles,species
Reynoutria japonica,reynoutria japonica,reynoutria japonica,1,TRUE,TRUE,resolved_by_both,exact_accepted,exact_accepted_unique,Reynoutria japonica,wfo-0000406106,Polygonaceae,Reynoutria,species
Fallopia japonica,fallopia japonica,fallopia japonica,1,TRUE,TRUE,resolved_by_both,exact_synonym,exact_synonym_unique,Reynoutria japonica,wfo-0000406106,Polygonaceae,Reynoutria,species
Cupania americana,cupania americana,cupania americana,2,FALSE,TRUE,recovered_by_hierarchical_rules,exact_accepted,exact_accepted_unique,Cupania americana,wfo-0000629388,Sapindaceae,Cupania,species
Cupania latifolia,cupania latifolia,cupania latifolia,1,TRUE,TRUE,resolved_by_both,exact_accepted,exact_accepted_unique,Cupania latifolia,wfo-0000629512,Sapindaceae,Cupania,species
Tainia bicornis,tainia bicornis,tainia bicornis,1,TRUE,TRUE,resolved_by_both,exact_accepted,exact_accepted_unique,Tainia bicornis,wfo-0000320471,Orchidaceae,Tainia,species
Cyperus longus,cyperus longus,cyperus longus,3,FALSE,TRUE,recovered_by_hierarchical_rules,exact_accepted,exact_accepted_unique,Cyperus longus,wfo-0000377196,Cyperaceae,Cyperus,species
Nageia nagi,nageia nagi,nageia nagi,1,TRUE,TRUE,resolved_by_both,exact_accepted,exact_accepted_unique,Nageia nagi,wfo-0000380933,Podocarpaceae,Nageia,species
Isodon japonicus,isodon japonicus,isodon japonicus,1,TRUE,TRUE,resolved_by_both,exact_accepted,exact_accepted_unique,Isodon japonicus,wfo-0000217877,Lamiaceae,Isodon,species
Rosa laevigata,rosa laevigata,rosa laevigata,2,FALSE,TRUE,recovered_by_hierarchical_rules,exact_accepted,exact_accepted_unique,Rosa laevigata,wfo-0001014407,Rosaceae,Rosa,species
Litsea glutinosa,litsea glutinosa,litsea glutinosa,1,TRUE,TRUE,resolved_by_both,exact_accepted,exact_accepted_unique,Litsea glutinosa,wfo-0000365695,Lauraceae,Litsea,species
Monteverdia ilicifolia,monteverdia ilicifolia,monteverdia ilicifolia,1,TRUE,TRUE,resolved_by_both,exact_synonym,exact_synonym_unique,Maytenus ilicifolia,wfo-0000375199,Celastraceae,Maytenus,species
Viburnum opulus,viburnum opulus,viburnum opulus,1,TRUE,TRUE,resolved_by_both,exact_accepted,exact_accepted_unique,Viburnum opulus,wfo-0000422807,Viburnaceae,Viburnum,species
Microcos paniculata,microcos paniculata,microcos paniculata,1,TRUE,TRUE,resolved_by_both,exact_accepted,exact_accepted_unique,Microcos paniculata,wfo-0000451652,Malvaceae,Microcos,species
Anacardium humile,anacardium humile,anacardium humile,2,FALSE,TRUE,recovered_by_hierarchical_rules,exact_accepted,exact_accepted_unique,Anacardium humile,wfo-0000533060,Anacardiaceae,Anacardium,species
Vauquelinia,vauquelinia,vauquelinia,1,TRUE,TRUE,resolved_by_both,exact_accepted,exact_accepted_unique,Vauquelinia,wfo-4000040072,Rosaceae,Vauquelinia,genus
Dalea boliviana,dalea boliviana,dalea boliviana,1,TRUE,TRUE,resolved_by_both,exact_accepted,exact_accepted_unique,Dalea boliviana,wfo-0000182157,Fabaceae,Dalea,species
Zanthoxylum caribaeum,zanthoxylum caribaeum,zanthoxylum caribaeum,2,FALSE,TRUE,recovered_by_hierarchical_rules,exact_accepted,exact_accepted_unique,Zanthoxylum caribaeum,wfo-0000429511,Rutaceae,Zanthoxylum,species
Esenbeckia berlandieri,esenbeckia berlandieri,esenbeckia berlandieri,1,TRUE,TRUE,resolved_by_both,exact_accepted,exact_accepted_unique,Esenbeckia berlandieri,wfo-0000680772,Rutaceae,Esenbeckia,species
Tetradium daniellii,tetradium daniellii,tetradium daniellii,1,TRUE,TRUE,resolved_by_both,exact_accepted,exact_accepted_unique,Tetradium daniellii,wfo-0000455306,Rutaceae,Tetradium,species
Viola arvensis,viola arvensis,viola arvensis,1,TRUE,TRUE,resolved_by_both,exact_accepted,exact_accepted_unique,Viola arvensis,wfo-0000426676,Violaceae,Viola,species
Drummondita calida,drummondita calida,drummondita calida,1,TRUE,TRUE,resolved_by_both,exact_accepted,exact_accepted_unique,Drummondita calida,wfo-0000657022,Rutaceae,Drummondita,species
Citrus glauca,citrus glauca,citrus glauca,1,TRUE,TRUE,resolved_by_both,exact_accepted,exact_accepted_unique,Citrus glauca,wfo-0000608023,Rutaceae,Citrus,species
Citrus longispina,citrus longispina,citrus longispina,1,TRUE,TRUE,resolved_by_both,exact_synonym,exact_synonym_unique,Citrus aurantiifolia,wfo-0001242548,Rutaceae,Citrus,species
Citrus shunkokan,citrus shunkokan,citrus shunkokan,0,FALSE,FALSE,unresolved_by_both,unresolved,no_match,NA,NA,NA,NA,NA
Citrus sulcata,citrus sulcata,citrus sulcata,1,TRUE,TRUE,resolved_by_both,exact_synonym,exact_synonym_unique,Citrus × aurantium,wfo-0000607909,Rutaceae,Citrus,species
Eremocitrus glauca,eremocitrus glauca,eremocitrus glauca,1,TRUE,TRUE,resolved_by_both,exact_synonym,exact_synonym_unique,Citrus glauca,wfo-0000608023,Rutaceae,Citrus,species
Pilocarpus trachylophus,pilocarpus trachylophus,pilocarpus trachylophus,1,TRUE,TRUE,resolved_by_both,exact_accepted,exact_accepted_unique,Pilocarpus trachylophus,wfo-0001132714,Rutaceae,Pilocarpus,species
Zanthoxylum rhoifolium,zanthoxylum rhoifolium,zanthoxylum rhoifolium,1,TRUE,TRUE,resolved_by_both,exact_accepted,exact_accepted_unique,Zanthoxylum rhoifolium,wfo-0000429355,Rutaceae,Zanthoxylum,species
Zanthoxylum nitidum,zanthoxylum nitidum,zanthoxylum nitidum,4,FALSE,TRUE,recovered_by_hierarchical_rules,exact_accepted,exact_accepted_unique,Zanthoxylum nitidum,wfo-0000429249,Rutaceae,Zanthoxylum,species
Citrus cavaleriei,citrus cavaleriei,citrus cavaleriei,1,TRUE,TRUE,resolved_by_both,exact_accepted,exact_accepted_unique,Citrus cavaleriei,wfo-0000607966,Rutaceae,Citrus,species
Citrus wilsonii,citrus wilsonii,citrus wilsonii,0,FALSE,FALSE,unresolved_by_both,unresolved,no_match,NA,NA,NA,NA,NA
Aegle marmelos,aegle marmelos,aegle marmelos,1,TRUE,TRUE,resolved_by_both,exact_accepted,exact_accepted_unique,Aegle marmelos,wfo-0000521533,Rutaceae,Aegle,species
Toddalia asiatica,toddalia asiatica,toddalia asiatica,1,TRUE,TRUE,resolved_by_both,exact_synonym,exact_synonym_unique,Zanthoxylum asiaticum,wfo-1000008156,Rutaceae,Zanthoxylum,species
Valeriana officinalis,valeriana officinalis,valeriana officinalis,1,TRUE,TRUE,resolved_by_both,exact_accepted,exact_accepted_unique,Valeriana officinalis,wfo-0000426953,Caprifoliaceae,Valeriana,species
Agathosma betulina,agathosma betulina,agathosma betulina,1,TRUE,TRUE,resolved_by_both,exact_accepted,exact_accepted_unique,Agathosma betulina,wfo-0000523353,Rutaceae,Agathosma,species
Philotheca gardneri,philotheca gardneri,philotheca gardneri,1,TRUE,TRUE,resolved_by_both,exact_accepted,exact_accepted_unique,Philotheca gardneri,wfo-0001263468,Rutaceae,Philotheca,species
Eriostemon cynobiformis,eriostemon cynobiformis,eriostemon cynobiformis,1,TRUE,TRUE,resolved_by_both,exact_accepted,exact_accepted_unique,Eriostemon cynobiformis,wfo-0000675886,Rutaceae,Eriostemon,species
Zanthoxylum sprucei,zanthoxylum sprucei,zanthoxylum sprucei,1,TRUE,TRUE,resolved_by_both,exact_accepted,exact_accepted_unique,Zanthoxylum sprucei,wfo-0001132923,Rutaceae,Zanthoxylum,species
Philotheca tomentella,philotheca tomentella,philotheca tomentella,1,TRUE,TRUE,resolved_by_both,exact_accepted,exact_accepted_unique,Philotheca tomentella,wfo-0001263484,Rutaceae,Philotheca,species
Zanthoxylum scandens,zanthoxylum scandens,zanthoxylum scandens,1,TRUE,TRUE,resolved_by_both,exact_accepted,exact_accepted_unique,Zanthoxylum scandens,wfo-0001132690,Rutaceae,Zanthoxylum,species
Cyanthillium cinereum,cyanthillium cinereum,cyanthillium cinereum,1,TRUE,TRUE,resolved_by_both,exact_accepted,exact_accepted_unique,Cyanthillium cinereum,wfo-0000051035,Asteraceae,Cyanthillium,species
Vernonanthura divaricata,vernonanthura divaricata,vernonanthura divaricata,1,TRUE,TRUE,resolved_by_both,exact_accepted,exact_accepted_unique,Vernonanthura divaricata,wfo-0000015796,Asteraceae,Vernonanthura,species
Laggera crispata,laggera crispata,laggera crispata,1,TRUE,TRUE,resolved_by_both,exact_accepted,exact_accepted_unique,Laggera crispata,wfo-0000093042,Asteraceae,Laggera,species
Betula aurata,betula aurata,betula aurata,1,TRUE,TRUE,resolved_by_both,exact_accepted,exact_accepted_unique,Betula aurata,wfo-0000331222,Betulaceae,Betula,species
Centaurea pseudoscabiosa,centaurea pseudoscabiosa,centaurea pseudoscabiosa,1,TRUE,TRUE,resolved_by_both,exact_accepted,exact_accepted_unique,Centaurea pseudoscabiosa,wfo-0000041189,Asteraceae,Centaurea,species
Vachellia gerrardii,vachellia gerrardii,vachellia gerrardii,1,TRUE,TRUE,resolved_by_both,exact_accepted,exact_accepted_unique,Vachellia gerrardii,wfo-0001284775,Fabaceae,Vachellia,species
Milicia excelsa,milicia excelsa,milicia excelsa,1,TRUE,TRUE,resolved_by_both,exact_accepted,exact_accepted_unique,Milicia excelsa,wfo-0000447908,Moraceae,Milicia,species
Artocarpus hypargyreus,artocarpus hypargyreus,artocarpus hypargyreus,1,TRUE,TRUE,resolved_by_both,exact_accepted,exact_accepted_unique,Artocarpus hypargyreus,wfo-0000550497,Moraceae,Artocarpus,species
Eucommia ulmoides,eucommia ulmoides,eucommia ulmoides,1,TRUE,TRUE,resolved_by_both,exact_accepted,exact_accepted_unique,Eucommia ulmoides,wfo-0000681176,Eucommiaceae,Eucommia,species
Dioscorea oppositifolia,dioscorea oppositifolia,dioscorea oppositifolia,1,TRUE,TRUE,resolved_by_both,exact_accepted,exact_accepted_unique,Dioscorea oppositifolia,wfo-0000393046,Dioscoreaceae,Dioscorea,species
Dalea filiciformis,dalea filiciformis,dalea filiciformis,1,TRUE,TRUE,resolved_by_both,exact_synonym,exact_synonym_unique,Marina filiciformis,wfo-1000064738,Fabaceae,Marina,species
Artemisia ludoviciana,artemisia ludoviciana,artemisia ludoviciana,2,FALSE,TRUE,recovered_by_hierarchical_rules,exact_accepted,exact_accepted_unique,Artemisia ludoviciana,wfo-0000003410,Asteraceae,Artemisia,species
Sinofranchetia chinensis,sinofranchetia chinensis,sinofranchetia chinensis,1,TRUE,TRUE,resolved_by_both,exact_accepted,exact_accepted_unique,Sinofranchetia chinensis,wfo-0001230804,Lardizabalaceae,Sinofranchetia,species
Senna lindheimeriana,senna lindheimeriana,senna lindheimeriana,1,TRUE,TRUE,resolved_by_both,exact_accepted,exact_accepted_unique,Senna lindheimeriana,wfo-0000175248,Fabaceae,Senna,species
Dendroviguiera splendens,dendroviguiera splendens,dendroviguiera splendens,0,FALSE,FALSE,unresolved_by_both,unresolved,no_match,NA,NA,NA,NA,NA
Clausena excavata,clausena excavata,clausena excavata,1,TRUE,TRUE,resolved_by_both,exact_accepted,exact_accepted_unique,Clausena excavata,wfo-0000608651,Rutaceae,Clausena,species
Dalbergia sericea,dalbergia sericea,dalbergia sericea,3,FALSE,TRUE,recovered_by_hierarchical_rules,exact_accepted,exact_accepted_unique,Dalbergia sericea,wfo-0000185086,Fabaceae,Dalbergia,species
Morinda citrifolia,morinda citrifolia,morinda citrifolia,1,TRUE,TRUE,resolved_by_both,exact_accepted,exact_accepted_unique,Morinda citrifolia,wfo-0000245941,Rubiaceae,Morinda,species
Platymiscium yucatanum,platymiscium yucatanum,platymiscium yucatanum,1,TRUE,TRUE,resolved_by_both,exact_accepted,exact_accepted_unique,Platymiscium yucatanum,wfo-0000169448,Fabaceae,Platymiscium,species
Bosistoa medicinalis,bosistoa medicinalis,bosistoa medicinalis,1,TRUE,TRUE,resolved_by_both,exact_accepted,exact_accepted_unique,Bosistoa medicinalis,wfo-0000569600,Rutaceae,Bosistoa,species
Matteuccia struthiopteris,matteuccia struthiopteris,matteuccia struthiopteris,1,TRUE,TRUE,resolved_by_both,exact_accepted,exact_accepted_unique,Matteuccia struthiopteris,wfo-0001109164,Onocleaceae,Matteuccia,species
Abies pindrow,abies pindrow,abies pindrow,1,TRUE,TRUE,resolved_by_both,exact_accepted,exact_accepted_unique,Abies pindrow,wfo-0000511353,Pinaceae,Abies,species
Centaurea urvillei,centaurea urvillei,centaurea urvillei,1,TRUE,TRUE,resolved_by_both,exact_accepted,exact_accepted_unique,Centaurea urvillei,wfo-0000078581,Asteraceae,Centaurea,species
Senegalia nigrescens,senegalia nigrescens,senegalia nigrescens,1,TRUE,TRUE,resolved_by_both,exact_accepted,exact_accepted_unique,Senegalia nigrescens,wfo-0001284771,Fabaceae,Senegalia,species
Acacia nigrescens,acacia nigrescens,acacia nigrescens,1,TRUE,TRUE,resolved_by_both,exact_synonym,exact_synonym_unique,Senegalia nigrescens,wfo-0001284771,Fabaceae,Senegalia,species
Acacia erioloba,acacia erioloba,acacia erioloba,2,FALSE,FALSE,unresolved_by_both,exact_conflict,exact_synonym_conflict,NA,NA,NA,NA,NA
Vachellia erioloba,vachellia erioloba,vachellia erioloba,1,TRUE,TRUE,resolved_by_both,exact_accepted,exact_accepted_unique,Vachellia erioloba,wfo-0001284774,Fabaceae,Vachellia,species
Acacia acuminata,acacia acuminata,acacia acuminata,1,TRUE,TRUE,resolved_by_both,exact_accepted,exact_accepted_unique,Acacia acuminata,wfo-0000185281,Fabaceae,Acacia,species
Acacia excelsa,acacia excelsa,acacia excelsa,1,TRUE,TRUE,resolved_by_both,exact_accepted,exact_accepted_unique,Acacia excelsa,wfo-0000185283,Fabaceae,Acacia,species
Acacia harpophylla,acacia harpophylla,acacia harpophylla,1,TRUE,TRUE,resolved_by_both,exact_accepted,exact_accepted_unique,Acacia harpophylla,wfo-0000186352,Fabaceae,Acacia,species
Euphorbia tithymaloides,euphorbia tithymaloides,euphorbia tithymaloides,1,TRUE,TRUE,resolved_by_both,exact_accepted,exact_accepted_unique,Euphorbia tithymaloides,wfo-0000965119,Euphorbiaceae,Euphorbia,species
Spirotropis longifolia,spirotropis longifolia,spirotropis longifolia,1,TRUE,TRUE,resolved_by_both,exact_accepted,exact_accepted_unique,Spirotropis longifolia,wfo-0000184740,Fabaceae,Spirotropis,species
Ficus nymphaeifolia,ficus nymphaeifolia,ficus nymphaeifolia,1,TRUE,TRUE,resolved_by_both,exact_accepted,exact_accepted_unique,Ficus nymphaeifolia,wfo-0000689484,Moraceae,Ficus,species
Ulex minor,ulex minor,ulex minor,1,TRUE,TRUE,resolved_by_both,exact_accepted,exact_accepted_unique,Ulex minor,wfo-0000214037,Fabaceae,Ulex,species
Ficus lyrata,ficus lyrata,ficus lyrata,1,TRUE,TRUE,resolved_by_both,exact_accepted,exact_accepted_unique,Ficus lyrata,wfo-0001084874,Moraceae,Ficus,species
Polytrichastrum pallidisetum,polytrichastrum pallidisetum,polytrichastrum pallidisetum,1,TRUE,TRUE,resolved_by_both,exact_synonym,exact_synonym_unique,Polytrichum pallidisetum,wfo-0001170208,Polytrichaceae,Polytrichum,species
Polytrichum pallidisetum,polytrichum pallidisetum,polytrichum pallidisetum,1,TRUE,TRUE,resolved_by_both,exact_accepted,exact_accepted_unique,Polytrichum pallidisetum,wfo-0001170208,Polytrichaceae,Polytrichum,species
Glycosmis macrophylla,glycosmis macrophylla,glycosmis macrophylla,1,TRUE,TRUE,resolved_by_both,exact_accepted,exact_accepted_unique,Glycosmis macrophylla,wfo-0000704527,Rutaceae,Glycosmis,species
Glycosmis sapindoides,glycosmis sapindoides,glycosmis sapindoides,1,TRUE,TRUE,resolved_by_both,exact_synonym,exact_synonym_unique,Glycosmis macrophylla var. macrophylla,wfo-1200097147,Rutaceae,Glycosmis,variety
Inula macrophylla,inula macrophylla,inula macrophylla,2,FALSE,FALSE,unresolved_by_both,exact_conflict,exact_synonym_conflict,NA,NA,NA,NA,NA
Derris utilis,derris utilis,derris utilis,1,TRUE,TRUE,resolved_by_both,exact_synonym,exact_synonym_unique,Deguelia utilis,wfo-0001286043,Fabaceae,Deguelia,species
Lonchocarpus utilis,lonchocarpus utilis,lonchocarpus utilis,1,TRUE,TRUE,resolved_by_both,exact_synonym,exact_synonym_unique,Deguelia utilis,wfo-0001286043,Fabaceae,Deguelia,species
Antheroporum pierrei,antheroporum pierrei,antheroporum pierrei,1,TRUE,TRUE,resolved_by_both,exact_accepted,exact_accepted_unique,Antheroporum pierrei,wfo-0000185939,Fabaceae,Antheroporum,species
Tsuga diversifolia,tsuga diversifolia,tsuga diversifolia,1,TRUE,TRUE,resolved_by_both,exact_accepted,exact_accepted_unique,Tsuga diversifolia,wfo-0000456388,Pinaceae,Tsuga,species
Mosla soochouensis,mosla soochouensis,mosla soochouensis,1,TRUE,TRUE,resolved_by_both,exact_accepted,exact_accepted_unique,Mosla soochouensis,wfo-0000246376,Lamiaceae,Mosla,species
Fortunella,fortunella,fortunella,1,TRUE,TRUE,resolved_by_both,exact_synonym,exact_synonym_unique,Citrus,wfo-4000008411,Rutaceae,Citrus,genus
Pyrrosia serpens,pyrrosia serpens,pyrrosia serpens,1,TRUE,TRUE,resolved_by_both,exact_accepted,exact_accepted_unique,Pyrrosia serpens,wfo-0000150260,Polypodiaceae,Pyrrosia,species
Ailanthus integrifolia,ailanthus integrifolia,ailanthus integrifolia,0,FALSE,FALSE,unresolved_by_both,unresolved,no_match,NA,NA,NA,NA,NA
Morus multicaulis,morus multicaulis,morus multicaulis,1,TRUE,TRUE,resolved_by_both,exact_synonym,exact_synonym_unique,Morus alba,wfo-0000447905,Moraceae,Morus,species
Crataegus,crataegus,crataegus,1,TRUE,TRUE,resolved_by_both,exact_accepted,exact_accepted_unique,Crataegus,wfo-4000009592,Rosaceae,Crataegus,genus
Taxus mairei ex,taxus mairei ex,taxus mairei,1,TRUE,TRUE,resolved_by_both,canonical,canonical_unique,Taxus mairei,wfo-0000459404,Taxaceae,Taxus,species
Ribes sanguineum,ribes sanguineum,ribes sanguineum,1,TRUE,TRUE,resolved_by_both,exact_accepted,exact_accepted_unique,Ribes sanguineum,wfo-0000405232,Grossulariaceae,Ribes,species
Betula,betula,betula,1,TRUE,TRUE,resolved_by_both,exact_accepted,exact_accepted_unique,Betula,wfo-4000004547,Betulaceae,Betula,genus
Clusia sandiensis,clusia sandiensis,clusia sandiensis,1,TRUE,TRUE,resolved_by_both,exact_accepted,exact_accepted_unique,Clusia sandiensis,wfo-0000612447,Clusiaceae,Clusia,species
Cecropia glaziovii,cecropia glaziovii,cecropia glaziovii,1,TRUE,TRUE,resolved_by_both,exact_accepted,exact_accepted_unique,Cecropia glaziovii,wfo-0000592227,Urticaceae,Cecropia,species
Fragaria vesca,fragaria vesca,fragaria vesca,5,FALSE,TRUE,recovered_by_hierarchical_rules,exact_accepted,exact_accepted_unique,Fragaria vesca,wfo-0000993770,Rosaceae,Fragaria,species
Hypericum erectum,hypericum erectum,hypericum erectum,3,FALSE,TRUE,recovered_by_hierarchical_rules,exact_accepted,exact_accepted_unique,Hypericum erectum,wfo-0000727608,Hypericaceae,Hypericum,species
Cecropia hololeuca,cecropia hololeuca,cecropia hololeuca,1,TRUE,TRUE,resolved_by_both,exact_accepted,exact_accepted_unique,Cecropia hololeuca,wfo-0000592236,Urticaceae,Cecropia,species
Musanga cecropioides,musanga cecropioides,musanga cecropioides,1,TRUE,TRUE,resolved_by_both,exact_accepted,exact_accepted_unique,Musanga cecropioides,wfo-0000374733,Urticaceae,Musanga,species
Uncaria sinensis,uncaria sinensis,uncaria sinensis,1,TRUE,TRUE,resolved_by_both,exact_accepted,exact_accepted_unique,Uncaria sinensis,wfo-0000329322,Rubiaceae,Uncaria,species
Helichrysum retortum,helichrysum retortum,helichrysum retortum,1,TRUE,TRUE,resolved_by_both,exact_accepted,exact_accepted_unique,Helichrysum retortum,wfo-0000000521,Asteraceae,Helichrysum,species
Serpocaulon triseriale,serpocaulon triseriale,serpocaulon triseriale,1,TRUE,TRUE,resolved_by_both,exact_accepted,exact_accepted_unique,Serpocaulon triseriale,wfo-0001279631,Polypodiaceae,Serpocaulon,species
Scoparia dulcis,scoparia dulcis,scoparia dulcis,1,TRUE,TRUE,resolved_by_both,exact_accepted,exact_accepted_unique,Scoparia dulcis,wfo-0000495138,Plantaginaceae,Scoparia,species
Desmos dunalii,desmos dunalii,desmos dunalii,1,TRUE,TRUE,resolved_by_both,exact_accepted,exact_accepted_unique,Desmos dunalii,wfo-0000642366,Annonaceae,Desmos,species
Scutellaria rehderiana,scutellaria rehderiana,scutellaria rehderiana,1,TRUE,TRUE,resolved_by_both,exact_accepted,exact_accepted_unique,Scutellaria rehderiana,wfo-0000308372,Lamiaceae,Scutellaria,species
Symplocos uniflora,symplocos uniflora,symplocos uniflora,2,FALSE,TRUE,recovered_by_hierarchical_rules,exact_accepted,exact_accepted_unique,Symplocos uniflora,wfo-0001141557,Symplocaceae,Symplocos,species
Caesalpinia mimosoides,caesalpinia mimosoides,caesalpinia mimosoides,2,FALSE,FALSE,unresolved_by_both,exact_conflict,exact_synonym_conflict,NA,NA,NA,NA,NA
Caesalpinia millettii,caesalpinia millettii,caesalpinia millettii,1,TRUE,TRUE,resolved_by_both,exact_synonym,exact_synonym_unique,Biancaea millettii,wfo-0001346735,Fabaceae,Biancaea,species
Derris robusta,derris robusta,derris robusta,1,TRUE,TRUE,resolved_by_both,exact_synonym,exact_synonym_unique,Brachypterum robustum,wfo-0000205323,Fabaceae,Brachypterum,species
Aglaia edulis,aglaia edulis,aglaia edulis,3,FALSE,TRUE,recovered_by_hierarchical_rules,exact_accepted,exact_accepted_unique,Aglaia edulis,wfo-0000524041,Meliaceae,Aglaia,species
Cassia trachypus,cassia trachypus,cassia trachypus,1,TRUE,TRUE,resolved_by_both,exact_synonym,exact_synonym_unique,Senna trachypus,wfo-0000182235,Fabaceae,Senna,species
Panda oleosa,panda oleosa,panda oleosa,1,TRUE,TRUE,resolved_by_both,exact_accepted,exact_accepted_unique,Panda oleosa,wfo-0000263757,Pandaceae,Panda,species
Crossopetalum gaumeri,crossopetalum gaumeri,crossopetalum gaumeri,1,TRUE,TRUE,resolved_by_both,exact_accepted,exact_accepted_unique,Crossopetalum gaumeri,wfo-0000626441,Celastraceae,Crossopetalum,species
Eucomis bicolor,eucomis bicolor,eucomis bicolor,1,TRUE,TRUE,resolved_by_both,exact_accepted,exact_accepted_unique,Eucomis bicolor,wfo-0000767045,Asparagaceae,Eucomis,species
Clausena lansium,clausena lansium,clausena lansium,1,TRUE,TRUE,resolved_by_both,exact_accepted,exact_accepted_unique,Clausena lansium,wfo-0000608677,Rutaceae,Clausena,species
Garcinia brevirostris,garcinia brevirostris,garcinia brevirostris,1,TRUE,TRUE,resolved_by_both,exact_accepted,exact_accepted_unique,Garcinia brevirostris,wfo-0000694185,Clusiaceae,Garcinia,species
Goniothalamus leiocarpus,goniothalamus leiocarpus,goniothalamus leiocarpus,1,TRUE,TRUE,resolved_by_both,exact_accepted,exact_accepted_unique,Goniothalamus leiocarpus,wfo-0000706511,Annonaceae,Goniothalamus,species
Drimia indica,drimia indica,drimia indica,1,TRUE,TRUE,resolved_by_both,exact_accepted,exact_accepted_unique,Drimia indica,wfo-0000766126,Asparagaceae,Drimia,species
Daphne pedunculata,daphne pedunculata,daphne pedunculata,1,TRUE,TRUE,resolved_by_both,exact_accepted,exact_accepted_unique,Daphne pedunculata,wfo-0000637831,Thymelaeaceae,Daphne,species
Picradeniopsis bigelovii,picradeniopsis bigelovii,picradeniopsis bigelovii,1,TRUE,TRUE,resolved_by_both,exact_accepted,exact_accepted_unique,Picradeniopsis bigelovii,wfo-0001347189,Asteraceae,Picradeniopsis,species
Coreopsis bigelovii,coreopsis bigelovii,coreopsis bigelovii,1,TRUE,TRUE,resolved_by_both,exact_accepted,exact_accepted_unique,Coreopsis bigelovii,wfo-0000037800,Asteraceae,Coreopsis,species
Coreopsis,coreopsis,coreopsis,1,TRUE,TRUE,resolved_by_both,exact_accepted,exact_accepted_unique,Coreopsis,wfo-4000009296,Asteraceae,Coreopsis,genus
Tetradium glabrifolium,tetradium glabrifolium,tetradium glabrifolium,1,TRUE,TRUE,resolved_by_both,exact_accepted,exact_accepted_unique,Tetradium glabrifolium,wfo-0001239188,Rutaceae,Tetradium,species
Astragalus austriacus,astragalus austriacus,astragalus austriacus,3,FALSE,TRUE,recovered_by_hierarchical_rules,exact_accepted,exact_accepted_unique,Astragalus austriacus,wfo-0000213538,Fabaceae,Astragalus,species
Trifolium diffusum,trifolium diffusum,trifolium diffusum,2,FALSE,TRUE,recovered_by_hierarchical_rules,exact_accepted,exact_accepted_unique,Trifolium diffusum,wfo-0000213963,Fabaceae,Trifolium,species
Crotalaria thebaica,crotalaria thebaica,crotalaria thebaica,1,TRUE,TRUE,resolved_by_both,exact_accepted,exact_accepted_unique,Crotalaria thebaica,wfo-0000210585,Fabaceae,Crotalaria,species
Desmos dumosus,desmos dumosus,desmos dumosus,1,TRUE,TRUE,resolved_by_both,exact_accepted,exact_accepted_unique,Desmos dumosus,wfo-0000642365,Annonaceae,Desmos,species
Enceliopsis nudicaulis,enceliopsis nudicaulis,enceliopsis nudicaulis,1,TRUE,TRUE,resolved_by_both,exact_accepted,exact_accepted_unique,Enceliopsis nudicaulis,wfo-0000128841,Asteraceae,Enceliopsis,species
Andrographis neesiana,andrographis neesiana,andrographis neesiana,2,FALSE,TRUE,recovered_by_hierarchical_rules,exact_accepted,exact_accepted_unique,Andrographis neesiana,wfo-0000534063,Acanthaceae,Andrographis,species
Epimedium sagittatum,epimedium sagittatum,epimedium sagittatum,1,TRUE,TRUE,resolved_by_both,exact_accepted,exact_accepted_unique,Epimedium sagittatum,wfo-0000670078,Berberidaceae,Epimedium,species
Hymenaea oblongifolia,hymenaea oblongifolia,hymenaea oblongifolia,1,TRUE,TRUE,resolved_by_both,exact_accepted,exact_accepted_unique,Hymenaea oblongifolia,wfo-0000165122,Fabaceae,Hymenaea,species
Sorocea muriculata,sorocea muriculata,sorocea muriculata,1,TRUE,TRUE,resolved_by_both,exact_accepted,exact_accepted_unique,Sorocea muriculata,wfo-0000505954,Moraceae,Sorocea,species
Erythroxylum barbatum,erythroxylum barbatum,erythroxylum barbatum,1,TRUE,TRUE,resolved_by_both,exact_accepted,exact_accepted_unique,Erythroxylum barbatum,wfo-0000679703,Erythroxylaceae,Erythroxylum,species
Iryanthera megistophylla,iryanthera megistophylla,iryanthera megistophylla,1,TRUE,TRUE,resolved_by_both,exact_accepted,exact_accepted_unique,Iryanthera megistophylla,wfo-0000732338,Myristicaceae,Iryanthera,species
Plagiomnium undulatum,plagiomnium undulatum,plagiomnium undulatum,1,TRUE,TRUE,resolved_by_both,exact_accepted,exact_accepted_unique,Plagiomnium undulatum,wfo-0001186539,Mniaceae,Plagiomnium,species
Andira surinamensis,andira surinamensis,andira surinamensis,1,TRUE,TRUE,resolved_by_both,exact_accepted,exact_accepted_unique,Andira surinamensis,wfo-0000169589,Fabaceae,Andira,species
Astragalus microcephalus,astragalus microcephalus,astragalus microcephalus,1,TRUE,TRUE,resolved_by_both,exact_accepted,exact_accepted_unique,Astragalus microcephalus,wfo-0000207511,Fabaceae,Astragalus,species
Larrea tridentata,larrea tridentata,larrea tridentata,1,TRUE,TRUE,resolved_by_both,exact_accepted,exact_accepted_unique,Larrea tridentata,wfo-0001146325,Zygophyllaceae,Larrea,species
Sophora lehmanni,sophora lehmanni,sophora lehmanni,0,FALSE,FALSE,unresolved_by_both,unresolved,no_match,NA,NA,NA,NA,NA
Baccharis rhomboidalis,baccharis rhomboidalis,baccharis rhomboidalis,1,TRUE,TRUE,resolved_by_both,exact_accepted,exact_accepted_unique,Baccharis rhomboidalis,wfo-0000085941,Asteraceae,Baccharis,species
Lonchocarpus unifoliolatus,lonchocarpus unifoliolatus,lonchocarpus unifoliolatus,1,TRUE,TRUE,resolved_by_both,exact_synonym,exact_synonym_unique,Muellera unifoliolata,wfo-0001329356,Fabaceae,Muellera,species
Tephrosia interrupta,tephrosia interrupta,tephrosia interrupta,1,TRUE,TRUE,resolved_by_both,exact_accepted,exact_accepted_unique,Tephrosia interrupta,wfo-0000202707,Fabaceae,Tephrosia,species
Tephrosia linearis,tephrosia linearis,tephrosia linearis,1,TRUE,TRUE,resolved_by_both,exact_accepted,exact_accepted_unique,Tephrosia linearis,wfo-0000202981,Fabaceae,Tephrosia,species
Chadsia grevei,chadsia grevei,chadsia grevei,1,TRUE,TRUE,resolved_by_both,exact_accepted,exact_accepted_unique,Chadsia grevei,wfo-0000185938,Fabaceae,Chadsia,species
Sophora pachycarpa,sophora pachycarpa,sophora pachycarpa,1,TRUE,TRUE,resolved_by_both,exact_accepted,exact_accepted_unique,Sophora pachycarpa,wfo-0000186530,Fabaceae,Sophora,species
Thermopsis montana,thermopsis montana,thermopsis montana,2,FALSE,TRUE,recovered_by_hierarchical_rules,exact_accepted,exact_accepted_consensus_multiple_ids,Thermopsis montana,wfo-0000194928,Fabaceae,Thermopsis,species
Lupinus sericeus,lupinus sericeus,lupinus sericeus,2,FALSE,TRUE,recovered_by_hierarchical_rules,exact_accepted,exact_accepted_unique,Lupinus sericeus,wfo-0000174760,Fabaceae,Lupinus,species
Securidaca inappendiculata,securidaca inappendiculata,securidaca inappendiculata,1,TRUE,TRUE,resolved_by_both,exact_accepted,exact_accepted_unique,Securidaca inappendiculata,wfo-0001244534,Polygalaceae,Securidaca,species
Astragalus verrucosus,astragalus verrucosus,astragalus verrucosus,1,TRUE,TRUE,resolved_by_both,exact_accepted,exact_accepted_unique,Astragalus verrucosus,wfo-0000213633,Fabaceae,Astragalus,species
Hypericum scabrum,hypericum scabrum,hypericum scabrum,1,TRUE,TRUE,resolved_by_both,exact_accepted,exact_accepted_unique,Hypericum scabrum,wfo-0000728279,Hypericaceae,Hypericum,species
Saussurea japonica,saussurea japonica,saussurea japonica,2,FALSE,TRUE,recovered_by_hierarchical_rules,exact_accepted,exact_accepted_unique,Saussurea japonica,wfo-0000033887,Asteraceae,Saussurea,species
Trifolium campestre,trifolium campestre,trifolium campestre,2,FALSE,TRUE,recovered_by_hierarchical_rules,exact_accepted,exact_accepted_unique,Trifolium campestre,wfo-0000212979,Fabaceae,Trifolium,species
Trifolium globosum,trifolium globosum,trifolium globosum,2,FALSE,TRUE,recovered_by_hierarchical_rules,exact_accepted,exact_accepted_unique,Trifolium globosum,wfo-0000213967,Fabaceae,Trifolium,species
Genista tinctoria,genista tinctoria,genista tinctoria,1,TRUE,TRUE,resolved_by_both,exact_accepted,exact_accepted_unique,Genista tinctoria,wfo-0000213769,Fabaceae,Genista,species
Genista burdurensis,genista burdurensis,genista burdurensis,1,TRUE,TRUE,resolved_by_both,exact_accepted,exact_accepted_unique,Genista burdurensis,wfo-0000185508,Fabaceae,Genista,species
Crotalaria retusa,crotalaria retusa,crotalaria retusa,1,TRUE,TRUE,resolved_by_both,exact_accepted,exact_accepted_unique,Crotalaria retusa,wfo-0000210930,Fabaceae,Crotalaria,species
Desmodium velutinum,desmodium velutinum,desmodium velutinum,1,TRUE,TRUE,resolved_by_both,exact_synonym,exact_synonym_unique,Polhillides velutina,wfo-0001444087,Fabaceae,Polhillides,species
Crotalaria,crotalaria,crotalaria,1,TRUE,TRUE,resolved_by_both,exact_accepted,exact_accepted_unique,Crotalaria,wfo-4000009787,Fabaceae,Crotalaria,genus
Genista cadasonensis,genista cadasonensis,genista cadasonensis,1,TRUE,TRUE,resolved_by_both,exact_accepted,exact_accepted_unique,Genista cadasonensis,wfo-0000185509,Fabaceae,Genista,species
Zea mays,zea mays,zea mays,1,TRUE,TRUE,resolved_by_both,exact_accepted,exact_accepted_unique,Zea mays,wfo-0000907754,Poaceae,Zea,species
Lupinus arboreus,lupinus arboreus,lupinus arboreus,1,TRUE,TRUE,resolved_by_both,exact_accepted,exact_accepted_unique,Lupinus arboreus,wfo-0000213844,Fabaceae,Lupinus,species
Patrinia rupestris,patrinia rupestris,patrinia rupestris,2,FALSE,TRUE,recovered_by_hierarchical_rules,exact_accepted,exact_accepted_consensus_multiple_ids,Patrinia rupestris,wfo-0001143746,Caprifoliaceae,Patrinia,species
Baccharis reticularia,baccharis reticularia,baccharis reticularia,1,TRUE,TRUE,resolved_by_both,exact_accepted,exact_accepted_unique,Baccharis reticularia,wfo-0000114362,Asteraceae,Baccharis,species
Linzia glabra,linzia glabra,linzia glabra,1,TRUE,TRUE,resolved_by_both,exact_accepted,exact_accepted_unique,Linzia glabra,wfo-0000086483,Asteraceae,Linzia,species
Vernonia syringifolia,vernonia syringifolia,vernonia syringifolia,1,TRUE,TRUE,resolved_by_both,exact_accepted,exact_accepted_unique,Vernonia syringifolia,wfo-0000040021,Asteraceae,Vernonia,species
Pulicaria gnaphalodes,pulicaria gnaphalodes,pulicaria gnaphalodes,1,TRUE,TRUE,resolved_by_both,exact_accepted,exact_accepted_unique,Pulicaria gnaphalodes,wfo-0000092918,Asteraceae,Pulicaria,species
Pogostemon stellatus,pogostemon stellatus,pogostemon stellatus,1,TRUE,TRUE,resolved_by_both,exact_accepted,exact_accepted_unique,Pogostemon stellatus,wfo-0000279750,Lamiaceae,Pogostemon,species
Flourensia campestris,flourensia campestris,flourensia campestris,1,TRUE,TRUE,resolved_by_both,exact_accepted,exact_accepted_unique,Flourensia campestris,wfo-0000124081,Asteraceae,Flourensia,species
Vellozia glabra,vellozia glabra,vellozia glabra,1,TRUE,TRUE,resolved_by_both,exact_accepted,exact_accepted_unique,Vellozia glabra,wfo-0000751830,Velloziaceae,Vellozia,species
Peucephyllum schottii,peucephyllum schottii,peucephyllum schottii,1,TRUE,TRUE,resolved_by_both,exact_accepted,exact_accepted_unique,Peucephyllum schottii,wfo-0000043931,Asteraceae,Peucephyllum,species
Phlomis nissolii,phlomis nissolii,phlomis nissolii,1,TRUE,TRUE,resolved_by_both,exact_accepted,exact_accepted_unique,Phlomis nissolii,wfo-0000269413,Lamiaceae,Phlomis,species
Buddleja parviflora,buddleja parviflora,buddleja parviflora,1,TRUE,TRUE,resolved_by_both,exact_accepted,exact_accepted_unique,Buddleja parviflora,wfo-0000574189,Scrophulariaceae,Buddleja,species
Anthemis auriculata,anthemis auriculata,anthemis auriculata,1,TRUE,TRUE,resolved_by_both,exact_accepted,exact_accepted_unique,Anthemis auriculata,wfo-0000000365,Asteraceae,Anthemis,species
Croton steenkampianus,croton steenkampianus,croton steenkampianus,1,TRUE,TRUE,resolved_by_both,exact_accepted,exact_accepted_unique,Croton steenkampianus,wfo-0000932431,Euphorbiaceae,Croton,species
Selaginella labordei,selaginella labordei,selaginella labordei,1,TRUE,TRUE,resolved_by_both,exact_accepted,exact_accepted_unique,Selaginella labordei,wfo-0001119980,Selaginellaceae,Selaginella,species
Baccharis sagittalis,baccharis sagittalis,baccharis sagittalis,1,TRUE,TRUE,resolved_by_both,exact_accepted,exact_accepted_unique,Baccharis sagittalis,wfo-0000021197,Asteraceae,Baccharis,species
Chrysanthemum indicum,chrysanthemum indicum,chrysanthemum indicum,1,TRUE,TRUE,resolved_by_both,exact_accepted,exact_accepted_unique,Chrysanthemum indicum,wfo-0000041005,Asteraceae,Chrysanthemum,species
Dendranthema indicum,dendranthema indicum,dendranthema indicum,1,TRUE,TRUE,resolved_by_both,exact_synonym,exact_synonym_unique,Chrysanthemum indicum,wfo-0000041005,Asteraceae,Chrysanthemum,species
Chrysanthemum naktongense,chrysanthemum naktongense,chrysanthemum naktongense,1,TRUE,TRUE,resolved_by_both,exact_accepted,exact_accepted_unique,Chrysanthemum naktongense,wfo-0000069207,Asteraceae,Chrysanthemum,species
Chrysanthemum zawadskii,chrysanthemum zawadskii,chrysanthemum zawadskii,0,FALSE,FALSE,unresolved_by_both,unresolved,no_match,NA,NA,NA,NA,NA
Centaurea spruneri,centaurea spruneri,centaurea spruneri,2,FALSE,TRUE,recovered_by_hierarchical_rules,exact_accepted,exact_accepted_unique,Centaurea spruneri,wfo-0000026624,Asteraceae,Centaurea,species
Solanum hindsianum,solanum hindsianum,solanum hindsianum,1,TRUE,TRUE,resolved_by_both,exact_accepted,exact_accepted_unique,Solanum hindsianum,wfo-0001028404,Solanaceae,Solanum,species
Dianella nigra,dianella nigra,dianella nigra,1,TRUE,TRUE,resolved_by_both,exact_accepted,exact_accepted_unique,Dianella nigra,wfo-0000765232,Asphodelaceae,Dianella,species
Dianella tasmanica,dianella tasmanica,dianella tasmanica,1,TRUE,TRUE,resolved_by_both,exact_accepted,exact_accepted_unique,Dianella tasmanica,wfo-0000765262,Asphodelaceae,Dianella,species
Licania densiflora,licania densiflora,licania densiflora,1,TRUE,TRUE,resolved_by_both,exact_accepted,exact_accepted_unique,Licania densiflora,wfo-0000816265,Chrysobalanaceae,Licania,species
Kali collina,kali collina,kali collina,0,FALSE,FALSE,unresolved_by_both,unresolved,no_match,NA,NA,NA,NA,NA
Salsola collina,salsola collina,salsola collina,1,TRUE,TRUE,resolved_by_both,exact_accepted,exact_accepted_unique,Salsola collina,wfo-0000436079,Amaranthaceae,Salsola,species
Iris songarica,iris songarica,iris songarica,1,TRUE,TRUE,resolved_by_both,exact_accepted,exact_accepted_unique,Iris songarica,wfo-0000783871,Iridaceae,Iris,species
Blutaparon portulacoides,blutaparon portulacoides,blutaparon portulacoides,1,TRUE,TRUE,resolved_by_both,exact_accepted,exact_accepted_unique,Blutaparon portulacoides,wfo-0000567004,Amaranthaceae,Blutaparon,species
Iris missouriensis,iris missouriensis,iris missouriensis,1,TRUE,TRUE,resolved_by_both,exact_accepted,exact_accepted_unique,Iris missouriensis,wfo-0000783633,Iridaceae,Iris,species
Dolichandra unguis-cati,dolichandra unguis-cati,dolichandra unguis-cati,1,TRUE,TRUE,resolved_by_both,exact_accepted,exact_accepted_unique,Dolichandra unguis-cati,wfo-0000782438,Bignoniaceae,Dolichandra,species
Macfadyena unguis-cati,macfadyena unguis-cati,macfadyena unguis-cati,1,TRUE,TRUE,resolved_by_both,exact_synonym,exact_synonym_unique,Dolichandra unguis-cati,wfo-0000782438,Bignoniaceae,Dolichandra,species
Tacca chantrieri,tacca chantrieri,tacca chantrieri,1,TRUE,TRUE,resolved_by_both,exact_accepted,exact_accepted_unique,Tacca chantrieri,wfo-0000567593,Dioscoreaceae,Tacca,species
Pityrogramma chrysophylla,pityrogramma chrysophylla,pityrogramma chrysophylla,1,TRUE,TRUE,resolved_by_both,exact_accepted,exact_accepted_unique,Pityrogramma chrysophylla,wfo-0001109227,Pteridaceae,Pityrogramma,species
Chengiopanax sciadophylloides,chengiopanax sciadophylloides,chengiopanax sciadophylloides,1,TRUE,TRUE,resolved_by_both,exact_accepted,exact_accepted_unique,Chengiopanax sciadophylloides,wfo-0000843020,Araliaceae,Chengiopanax,species
Millettia rubiginosa,millettia rubiginosa,millettia rubiginosa,1,TRUE,TRUE,resolved_by_both,exact_accepted,exact_accepted_unique,Millettia rubiginosa,wfo-0000185898,Fabaceae,Millettia,species
Lonchocarpus campestris,lonchocarpus campestris,lonchocarpus campestris,1,TRUE,TRUE,resolved_by_both,exact_synonym,exact_synonym_unique,Muellera campestris,wfo-0001332654,Fabaceae,Muellera,species
Cowania mexicana,cowania mexicana,cowania mexicana,1,TRUE,TRUE,resolved_by_both,exact_synonym,exact_synonym_unique,Purshia mexicana,wfo-0000991554,Rosaceae,Purshia,species
Purshia mexicana,purshia mexicana,purshia mexicana,2,FALSE,TRUE,recovered_by_hierarchical_rules,exact_accepted,exact_accepted_consensus_multiple_ids,Purshia mexicana,wfo-0000991554,Rosaceae,Purshia,species
Arnica longifolia,arnica longifolia,arnica longifolia,1,TRUE,TRUE,resolved_by_both,exact_accepted,exact_accepted_unique,Arnica longifolia,wfo-0000004402,Asteraceae,Arnica,species
Buphthalmum salicifolium,buphthalmum salicifolium,buphthalmum salicifolium,1,TRUE,TRUE,resolved_by_both,exact_accepted,exact_accepted_unique,Buphthalmum salicifolium,wfo-0000082220,Asteraceae,Buphthalmum,species
Elsholtzia bodinieri,elsholtzia bodinieri,elsholtzia bodinieri,1,TRUE,TRUE,resolved_by_both,exact_accepted,exact_accepted_unique,Elsholtzia bodinieri,wfo-0000948358,Lamiaceae,Elsholtzia,species
Andrographis stenophylla,andrographis stenophylla,andrographis stenophylla,1,TRUE,TRUE,resolved_by_both,exact_accepted,exact_accepted_unique,Andrographis stenophylla,wfo-0000534079,Acanthaceae,Andrographis,species
Iris nigricans,iris nigricans,iris nigricans,1,TRUE,TRUE,resolved_by_both,exact_accepted,exact_accepted_unique,Iris nigricans,wfo-0000783669,Iridaceae,Iris,species
Daphne giraldii,daphne giraldii,daphne giraldii,1,TRUE,TRUE,resolved_by_both,exact_accepted,exact_accepted_unique,Daphne giraldii,wfo-0000637616,Thymelaeaceae,Daphne,species
Acacia maidenii,acacia maidenii,acacia maidenii,1,TRUE,TRUE,resolved_by_both,exact_accepted,exact_accepted_unique,Acacia maidenii,wfo-0000203359,Fabaceae,Acacia,species
Acacia orites,acacia orites,acacia orites,1,TRUE,TRUE,resolved_by_both,exact_accepted,exact_accepted_unique,Acacia orites,wfo-0000203086,Fabaceae,Acacia,species
Acacia pendula,acacia pendula,acacia pendula,1,TRUE,TRUE,resolved_by_both,exact_accepted,exact_accepted_unique,Acacia pendula,wfo-0000208640,Fabaceae,Acacia,species
Anadenanthera colubrina,anadenanthera colubrina,anadenanthera colubrina,1,TRUE,TRUE,resolved_by_both,exact_accepted,exact_accepted_unique,Anadenanthera colubrina,wfo-0000169564,Fabaceae,Anadenanthera,species
Morella pensylvanica,morella pensylvanica,morella pensylvanica,1,TRUE,TRUE,resolved_by_both,exact_synonym,exact_synonym_unique,Myrica pensylvanica,wfo-0001085143,Myricaceae,Myrica,species
Thelypteris palustris,thelypteris palustris,thelypteris palustris,1,TRUE,TRUE,resolved_by_both,exact_accepted,exact_accepted_unique,Thelypteris palustris,wfo-0001107441,Thelypteridaceae,Thelypteris,species
Salvia miltiorrhiza,salvia miltiorrhiza,salvia miltiorrhiza,1,TRUE,TRUE,resolved_by_both,exact_accepted,exact_accepted_unique,Salvia miltiorrhiza,wfo-0000301608,Lamiaceae,Salvia,species
Hoffmannseggia intricata,hoffmannseggia intricata,hoffmannseggia intricata,1,TRUE,TRUE,resolved_by_both,exact_accepted,exact_accepted_unique,Hoffmannseggia intricata,wfo-0000164024,Fabaceae,Hoffmannseggia,species
Microdesmis keayana,microdesmis keayana,microdesmis keayana,1,TRUE,TRUE,resolved_by_both,exact_accepted,exact_accepted_unique,Microdesmis keayana,wfo-0000243099,Pandaceae,Microdesmis,species
Klasea centauroides,klasea centauroides,klasea centauroides,2,FALSE,TRUE,recovered_by_hierarchical_rules,exact_accepted,exact_accepted_unique,Klasea centauroides,wfo-0000008469,Asteraceae,Klasea,species
Andira parviflora,andira parviflora,andira parviflora,1,TRUE,TRUE,resolved_by_both,exact_accepted,exact_accepted_unique,Andira parviflora,wfo-0000169585,Fabaceae,Andira,species
Trifolium apertum,trifolium apertum,trifolium apertum,1,TRUE,TRUE,resolved_by_both,exact_accepted,exact_accepted_unique,Trifolium apertum,wfo-0000213945,Fabaceae,Trifolium,species
Trifolium canescens,trifolium canescens,trifolium canescens,2,FALSE,TRUE,recovered_by_hierarchical_rules,exact_accepted,exact_accepted_unique,Trifolium canescens,wfo-0000213956,Fabaceae,Trifolium,species
Trifolium caucasicum,trifolium caucasicum,trifolium caucasicum,1,TRUE,TRUE,resolved_by_both,exact_synonym,exact_synonym_unique,Trifolium ochroleucon subsp. ochroleucon,wfo-0001425809,Fabaceae,Trifolium,subspecies
Trifolium trichocephalum,trifolium trichocephalum,trifolium trichocephalum,1,TRUE,TRUE,resolved_by_both,exact_accepted,exact_accepted_unique,Trifolium trichocephalum,wfo-0000186249,Fabaceae,Trifolium,species
Trifolium echinatum,trifolium echinatum,trifolium echinatum,1,TRUE,TRUE,resolved_by_both,exact_accepted,exact_accepted_unique,Trifolium echinatum,wfo-0000212996,Fabaceae,Trifolium,species
Virola caducifolia,virola caducifolia,virola caducifolia,1,TRUE,TRUE,resolved_by_both,exact_accepted,exact_accepted_unique,Virola caducifolia,wfo-0001085216,Myristicaceae,Virola,species
Knema furfuracea,knema furfuracea,knema furfuracea,1,TRUE,TRUE,resolved_by_both,exact_accepted,exact_accepted_unique,Knema furfuracea,wfo-0001085240,Myristicaceae,Knema,species
Myristica ceylanica,myristica ceylanica,myristica ceylanica,1,TRUE,TRUE,resolved_by_both,exact_accepted,exact_accepted_unique,Myristica ceylanica,wfo-0000447345,Myristicaceae,Myristica,species
Calophyllum polyanthum,calophyllum polyanthum,calophyllum polyanthum,2,FALSE,TRUE,recovered_by_hierarchical_rules,exact_accepted,exact_accepted_consensus_multiple_ids,Calophyllum polyanthum,wfo-0000581286,Calophyllaceae,Calophyllum,species
Soroseris hookeriana,soroseris hookeriana,soroseris hookeriana,1,TRUE,TRUE,resolved_by_both,exact_accepted,exact_accepted_unique,Soroseris hookeriana,wfo-0000030331,Asteraceae,Soroseris,species
Aster,aster,aster,1,TRUE,TRUE,resolved_by_both,exact_accepted,exact_accepted_unique,Aster,wfo-4000003381,Asteraceae,Aster,genus
Aster heliopsis,aster heliopsis,aster heliopsis,1,TRUE,TRUE,resolved_by_both,exact_accepted,exact_accepted_unique,Aster heliopsis,wfo-0000133314,Asteraceae,Aster,species
Toxicodendron vernicifluum,toxicodendron vernicifluum,toxicodendron vernicifluum,1,TRUE,TRUE,resolved_by_both,exact_accepted,exact_accepted_unique,Toxicodendron vernicifluum,wfo-0001051090,Anacardiaceae,Toxicodendron,species
Krameria tomentosa,krameria tomentosa,krameria tomentosa,1,TRUE,TRUE,resolved_by_both,exact_accepted,exact_accepted_unique,Krameria tomentosa,wfo-0001069540,Krameriaceae,Krameria,species
Krameria sonorae,krameria sonorae,krameria sonorae,1,TRUE,TRUE,resolved_by_both,exact_synonym,exact_synonym_unique,Krameria bicolor,wfo-0001069509,Krameriaceae,Krameria,species
Krameria cytisoides,krameria cytisoides,krameria cytisoides,1,TRUE,TRUE,resolved_by_both,exact_accepted,exact_accepted_unique,Krameria cytisoides,wfo-0001069512,Krameriaceae,Krameria,species
Perilla frutescens,perilla frutescens,perilla frutescens,1,TRUE,TRUE,resolved_by_both,exact_accepted,exact_accepted_unique,Perilla frutescens,wfo-0000267281,Lamiaceae,Perilla,species
Callicarpa nudiflora,callicarpa nudiflora,callicarpa nudiflora,1,TRUE,TRUE,resolved_by_both,exact_accepted,exact_accepted_unique,Callicarpa nudiflora,wfo-0000770265,Lamiaceae,Callicarpa,species
Ephedra,ephedra,ephedra,1,TRUE,TRUE,resolved_by_both,exact_accepted,exact_accepted_unique,Ephedra,wfo-4000013540,Ephedraceae,Ephedra,genus
Sedum litoreum,sedum litoreum,sedum litoreum,1,TRUE,TRUE,resolved_by_both,exact_accepted,exact_accepted_unique,Sedum litoreum,wfo-0000437270,Crassulaceae,Sedum,species
Lupinus,lupinus,lupinus,1,TRUE,TRUE,resolved_by_both,exact_accepted,exact_accepted_unique,Lupinus,wfo-4000022442,Fabaceae,Lupinus,genus
Lupinus ananeanus,lupinus ananeanus,lupinus ananeanus,1,TRUE,TRUE,resolved_by_both,exact_accepted,exact_accepted_unique,Lupinus ananeanus,wfo-0000168047,Fabaceae,Lupinus,species
Lupinus micranthus,lupinus micranthus,lupinus micranthus,2,FALSE,FALSE,unresolved_by_both,exact_conflict,exact_synonym_conflict,NA,NA,NA,NA,NA
Lupinus polycarpus,lupinus polycarpus,lupinus polycarpus,1,TRUE,TRUE,resolved_by_both,exact_synonym,exact_synonym_unique,Lupinus bicolor,wfo-0000168077,Fabaceae,Lupinus,species
Lupinus rivularis,lupinus rivularis,lupinus rivularis,3,FALSE,TRUE,recovered_by_hierarchical_rules,exact_accepted,exact_accepted_unique,Lupinus rivularis,wfo-0000174755,Fabaceae,Lupinus,species
Garcinia indica,garcinia indica,garcinia indica,1,TRUE,TRUE,resolved_by_both,exact_accepted,exact_accepted_unique,Garcinia indica,wfo-0000694375,Clusiaceae,Garcinia,species
Allanblackia stuhlmannii,allanblackia stuhlmannii,allanblackia stuhlmannii,1,TRUE,TRUE,resolved_by_both,exact_accepted,exact_accepted_unique,Allanblackia stuhlmannii,wfo-0000525993,Clusiaceae,Allanblackia,species
Endodesmia calophylloides,endodesmia calophylloides,endodesmia calophylloides,1,TRUE,TRUE,resolved_by_both,exact_accepted,exact_accepted_unique,Endodesmia calophylloides,wfo-0000667843,Calophyllaceae,Endodesmia,species
Notholaena neglecta,notholaena neglecta,notholaena neglecta,1,TRUE,TRUE,resolved_by_both,exact_accepted,exact_accepted_unique,Notholaena neglecta,wfo-0001109196,Pteridaceae,Notholaena,species
Fumaria schrammii,fumaria schrammii,fumaria schrammii,2,FALSE,TRUE,recovered_by_hierarchical_rules,exact_accepted,exact_accepted_unique,Fumaria schrammii,wfo-0001090376,Papaveraceae,Fumaria,species
Geoffroea decorticans,geoffroea decorticans,geoffroea decorticans,1,TRUE,TRUE,resolved_by_both,exact_accepted,exact_accepted_unique,Geoffroea decorticans,wfo-0000163989,Fabaceae,Geoffroea,species
Thermopsis lanceolata,thermopsis lanceolata,thermopsis lanceolata,1,TRUE,TRUE,resolved_by_both,exact_accepted,exact_accepted_unique,Thermopsis lanceolata,wfo-0000213939,Fabaceae,Thermopsis,species
Vellozia coronata,vellozia coronata,vellozia coronata,1,TRUE,TRUE,resolved_by_both,exact_accepted,exact_accepted_unique,Vellozia coronata,wfo-0000751649,Velloziaceae,Vellozia,species
Vellozia nanuzae,vellozia nanuzae,vellozia nanuzae,1,TRUE,TRUE,resolved_by_both,exact_accepted,exact_accepted_unique,Vellozia nanuzae,wfo-0000751537,Velloziaceae,Vellozia,species
Celosia cristata,celosia cristata,celosia cristata,1,TRUE,TRUE,resolved_by_both,exact_synonym,exact_synonym_unique,Celosia argentea,wfo-0000593019,Amaranthaceae,Celosia,species
Peltophorum pterocarpum,peltophorum pterocarpum,peltophorum pterocarpum,1,TRUE,TRUE,resolved_by_both,exact_accepted,exact_accepted_unique,Peltophorum pterocarpum,wfo-0000178769,Fabaceae,Peltophorum,species
Peltophorum pterocarpum ex,peltophorum pterocarpum ex,peltophorum pterocarpum,1,TRUE,TRUE,resolved_by_both,canonical,canonical_unique,Peltophorum pterocarpum,wfo-0000178769,Fabaceae,Peltophorum,species
Taxus cuspidata,taxus cuspidata,taxus cuspidata,1,TRUE,TRUE,resolved_by_both,exact_accepted,exact_accepted_unique,Taxus cuspidata,wfo-0000408609,Taxaceae,Taxus,species
Diphysa americana,diphysa americana,diphysa americana,1,TRUE,TRUE,resolved_by_both,exact_accepted,exact_accepted_unique,Diphysa americana,wfo-0000210419,Fabaceae,Diphysa,species
Silybum eburneum,silybum eburneum,silybum eburneum,1,TRUE,TRUE,resolved_by_both,exact_accepted,exact_accepted_unique,Silybum eburneum,wfo-0000108847,Asteraceae,Silybum,species
Dillenia pentagyna,dillenia pentagyna,dillenia pentagyna,1,TRUE,TRUE,resolved_by_both,exact_accepted,exact_accepted_unique,Dillenia pentagyna,wfo-0000647615,Dilleniaceae,Dillenia,species
Helichrysum dregeanum,helichrysum dregeanum,helichrysum dregeanum,1,TRUE,TRUE,resolved_by_both,exact_accepted,exact_accepted_unique,Helichrysum dregeanum,wfo-0000105578,Asteraceae,Helichrysum,species
Helichrysum felinum,helichrysum felinum,helichrysum felinum,1,TRUE,TRUE,resolved_by_both,exact_accepted,exact_accepted_unique,Helichrysum felinum,wfo-0000123397,Asteraceae,Helichrysum,species
Helichrysum revolutum,helichrysum revolutum,helichrysum revolutum,1,TRUE,TRUE,resolved_by_both,exact_accepted,exact_accepted_unique,Helichrysum revolutum,wfo-0000028119,Asteraceae,Helichrysum,species
Iris cengialti,iris cengialti,iris cengialti,1,TRUE,TRUE,resolved_by_both,exact_synonym,exact_synonym_unique,Iris pallida subsp. cengialti,wfo-0000790595,Iridaceae,Iris,subspecies
Iris pallida,iris pallida,iris pallida,3,FALSE,TRUE,recovered_by_hierarchical_rules,exact_accepted,exact_accepted_unique,Iris pallida,wfo-0000783695,Iridaceae,Iris,species
Iris hookeriana,iris hookeriana,iris hookeriana,1,TRUE,TRUE,resolved_by_both,exact_accepted,exact_accepted_unique,Iris hookeriana,wfo-0000783453,Iridaceae,Iris,species
Brya ebenus,brya ebenus,brya ebenus,1,TRUE,TRUE,resolved_by_both,exact_accepted,exact_accepted_unique,Brya ebenus,wfo-0000173962,Fabaceae,Brya,species
Clitoria macrophylla,clitoria macrophylla,clitoria macrophylla,1,TRUE,TRUE,resolved_by_both,exact_accepted,exact_accepted_unique,Clitoria macrophylla,wfo-0000192669,Fabaceae,Clitoria,species
Flindersia brassii,flindersia brassii,flindersia brassii,1,TRUE,TRUE,resolved_by_both,exact_accepted,exact_accepted_unique,Flindersia brassii,wfo-0000691375,Rutaceae,Flindersia,species
Swietenia mahagoni,swietenia mahagoni,swietenia mahagoni,1,TRUE,TRUE,resolved_by_both,exact_accepted,exact_accepted_unique,Swietenia mahagoni,wfo-0000505130,Meliaceae,Swietenia,species
Croton urucurana,croton urucurana,croton urucurana,1,TRUE,TRUE,resolved_by_both,exact_accepted,exact_accepted_unique,Croton urucurana,wfo-0000932652,Euphorbiaceae,Croton,species
Erythroxylum cambodianum,erythroxylum cambodianum,erythroxylum cambodianum,1,TRUE,TRUE,resolved_by_both,exact_accepted,exact_accepted_unique,Erythroxylum cambodianum,wfo-0000679732,Erythroxylaceae,Erythroxylum,species
Sciadopitys verticillata,sciadopitys verticillata,sciadopitys verticillata,1,TRUE,TRUE,resolved_by_both,exact_accepted,exact_accepted_unique,Sciadopitys verticillata,wfo-0000496714,Sciadopityaceae,Sciadopitys,species
Sequoia sempervirens,sequoia sempervirens,sequoia sempervirens,1,TRUE,TRUE,resolved_by_both,exact_accepted,exact_accepted_unique,Sequoia sempervirens,wfo-0000437871,Cupressaceae,Sequoia,species
Sequoiadendron giganteum,sequoiadendron giganteum,sequoiadendron giganteum,1,TRUE,TRUE,resolved_by_both,exact_accepted,exact_accepted_unique,Sequoiadendron giganteum,wfo-0000496705,Cupressaceae,Sequoiadendron,species
Rosa taiwanensis,rosa taiwanensis,rosa taiwanensis,1,TRUE,TRUE,resolved_by_both,exact_accepted,exact_accepted_unique,Rosa taiwanensis,wfo-0000997764,Rosaceae,Rosa,species
Rhaponticum uniflorum,rhaponticum uniflorum,rhaponticum uniflorum,1,TRUE,TRUE,resolved_by_both,exact_synonym,exact_synonym_unique,Leuzea uniflora,wfo-0000123686,Asteraceae,Leuzea,species
Eucalyptus nitens,eucalyptus nitens,eucalyptus nitens,1,TRUE,TRUE,resolved_by_both,exact_accepted,exact_accepted_unique,Eucalyptus nitens,wfo-0000955429,Myrtaceae,Eucalyptus,species
Pelargonium sidoides,pelargonium sidoides,pelargonium sidoides,1,TRUE,TRUE,resolved_by_both,exact_accepted,exact_accepted_unique,Pelargonium sidoides,wfo-0001221559,Geraniaceae,Pelargonium,species
Aiouea hammeliana,aiouea hammeliana,aiouea hammeliana,1,TRUE,TRUE,resolved_by_both,exact_accepted,exact_accepted_unique,Aiouea hammeliana,wfo-0001426627,Lauraceae,Aiouea,species
Aiouea tonduzii,aiouea tonduzii,aiouea tonduzii,1,TRUE,TRUE,resolved_by_both,exact_accepted,exact_accepted_unique,Aiouea tonduzii,wfo-0001421687,Lauraceae,Aiouea,species
Spiraea hypericifolia,spiraea hypericifolia,spiraea hypericifolia,3,FALSE,TRUE,recovered_by_hierarchical_rules,exact_accepted,exact_accepted_unique,Spiraea hypericifolia,wfo-0000985818,Rosaceae,Spiraea,species
Alhagi kirghisorum,alhagi kirghisorum,alhagi kirghisorum,1,TRUE,TRUE,resolved_by_both,exact_synonym,exact_synonym_unique,Alhagi pseudalhagi subsp. kirghisorum,wfo-0001444307,Fabaceae,Alhagi,subspecies
Salix gilgiana,salix gilgiana,salix gilgiana,1,TRUE,TRUE,resolved_by_both,exact_accepted,exact_accepted_unique,Salix gilgiana,wfo-0000928434,Salicaceae,Salix,species
Astragalus floccosifolius,astragalus floccosifolius,astragalus floccosifolius,1,TRUE,TRUE,resolved_by_both,exact_accepted,exact_accepted_unique,Astragalus floccosifolius,wfo-0000185137,Fabaceae,Astragalus,species
Astragalus kabadianus,astragalus kabadianus,astragalus kabadianus,1,TRUE,TRUE,resolved_by_both,exact_accepted,exact_accepted_unique,Astragalus kabadianus,wfo-0000185967,Fabaceae,Astragalus,species
Koenigia divaricata,koenigia divaricata,koenigia divaricata,0,FALSE,FALSE,unresolved_by_both,unresolved,no_match,NA,NA,NA,NA,NA
Koenigia weyrichii,koenigia weyrichii,koenigia weyrichii,0,FALSE,FALSE,unresolved_by_both,unresolved,no_match,NA,NA,NA,NA,NA
Polygonum divaricatum,polygonum divaricatum,polygonum divaricatum,1,TRUE,TRUE,resolved_by_both,exact_accepted,exact_accepted_unique,Polygonum divaricatum,wfo-0001100839,Polygonaceae,Polygonum,species
Abutilon theophrasti,abutilon theophrasti,abutilon theophrasti,1,TRUE,TRUE,resolved_by_both,exact_accepted,exact_accepted_unique,Abutilon theophrasti,wfo-0000512325,Malvaceae,Abutilon,species
Hypericum hirsutum,hypericum hirsutum,hypericum hirsutum,2,FALSE,TRUE,recovered_by_hierarchical_rules,exact_accepted,exact_accepted_unique,Hypericum hirsutum,wfo-0000727741,Hypericaceae,Hypericum,species
Phoenix dactylifera,phoenix dactylifera,phoenix dactylifera,1,TRUE,TRUE,resolved_by_both,exact_accepted,exact_accepted_unique,Phoenix dactylifera,wfo-0000269752,Arecaceae,Phoenix,species
Agrimonia pilosa,agrimonia pilosa,agrimonia pilosa,1,TRUE,TRUE,resolved_by_both,exact_accepted,exact_accepted_unique,Agrimonia pilosa,wfo-0001017393,Rosaceae,Agrimonia,species
Vaccinium reticulatum,vaccinium reticulatum,vaccinium reticulatum,1,TRUE,TRUE,resolved_by_both,exact_accepted,exact_accepted_unique,Vaccinium reticulatum,wfo-0000422034,Ericaceae,Vaccinium,species
Hordeum vulgare,hordeum vulgare,hordeum vulgare,1,TRUE,TRUE,resolved_by_both,exact_accepted,exact_accepted_unique,Hordeum vulgare,wfo-0000875054,Poaceae,Hordeum,species
Populus lasiocarpa,populus lasiocarpa,populus lasiocarpa,1,TRUE,TRUE,resolved_by_both,exact_accepted,exact_accepted_unique,Populus lasiocarpa,wfo-0001133786,Salicaceae,Populus,species
Salix,salix,salix,1,TRUE,TRUE,resolved_by_both,exact_accepted,exact_accepted_unique,Salix,wfo-4000033844,Salicaceae,Salix,genus
Machilus thunbergii,machilus thunbergii,machilus thunbergii,1,TRUE,TRUE,resolved_by_both,exact_accepted,exact_accepted_unique,Machilus thunbergii,wfo-0000373778,Lauraceae,Machilus,species
Cistus creticus,cistus creticus,cistus creticus,1,TRUE,TRUE,resolved_by_both,exact_accepted,exact_accepted_unique,Cistus creticus,wfo-0000607281,Cistaceae,Cistus,species
Taxillus liquidambaricola,taxillus liquidambaricola,taxillus liquidambaricola,1,TRUE,TRUE,resolved_by_both,exact_accepted,exact_accepted_unique,Taxillus liquidambaricola,wfo-0001075809,Loranthaceae,Taxillus,species
Margyricarpus pinnatus,margyricarpus pinnatus,margyricarpus pinnatus,1,TRUE,TRUE,resolved_by_both,exact_accepted,exact_accepted_unique,Margyricarpus pinnatus,wfo-0000991503,Rosaceae,Margyricarpus,species
Margyricarpus setosus,margyricarpus setosus,margyricarpus setosus,1,TRUE,TRUE,resolved_by_both,exact_synonym,exact_synonym_unique,Margyricarpus pinnatus,wfo-0000991503,Rosaceae,Margyricarpus,species
Polylepis incana,polylepis incana,polylepis incana,1,TRUE,TRUE,resolved_by_both,exact_accepted,exact_accepted_unique,Polylepis incana,wfo-0000989076,Rosaceae,Polylepis,species
Cedrela sinensis,cedrela sinensis,cedrela sinensis,1,TRUE,TRUE,resolved_by_both,exact_synonym,exact_synonym_unique,Toona sinensis,wfo-0000455502,Meliaceae,Toona,species
Vaccinium angustifolium,vaccinium angustifolium,vaccinium angustifolium,2,FALSE,TRUE,recovered_by_hierarchical_rules,exact_accepted,exact_accepted_unique,Vaccinium angustifolium,wfo-0000422967,Ericaceae,Vaccinium,species
Bergenia purpurascens,bergenia purpurascens,bergenia purpurascens,1,TRUE,TRUE,resolved_by_both,exact_accepted,exact_accepted_unique,Bergenia purpurascens,wfo-0000564246,Saxifragaceae,Bergenia,species
Quercus marilandica,quercus marilandica,quercus marilandica,1,TRUE,TRUE,resolved_by_both,exact_accepted,exact_accepted_unique,Quercus marilandica,wfo-0000291931,Fagaceae,Quercus,species
Cornus kousa,cornus kousa,cornus kousa,1,TRUE,TRUE,resolved_by_both,exact_accepted,exact_accepted_unique,Cornus kousa,wfo-0000924739,Cornaceae,Cornus,species
Celastrus angulatus,celastrus angulatus,celastrus angulatus,0,FALSE,FALSE,unresolved_by_both,unresolved,no_match,NA,NA,NA,NA,NA
Ajuga reptans,ajuga reptans,ajuga reptans,1,TRUE,TRUE,resolved_by_both,exact_accepted,exact_accepted_unique,Ajuga reptans,wfo-0000935107,Lamiaceae,Ajuga,species
Laurus nobilis,laurus nobilis,laurus nobilis,1,TRUE,TRUE,resolved_by_both,exact_accepted,exact_accepted_unique,Laurus nobilis,wfo-0000364153,Lauraceae,Laurus,species
Heisteria nitida,heisteria nitida,heisteria nitida,1,TRUE,TRUE,resolved_by_both,exact_accepted,exact_accepted_unique,Heisteria nitida,wfo-0000717140,Olacaceae,Heisteria,species
Tetracentron sinense,tetracentron sinense,tetracentron sinense,1,TRUE,TRUE,resolved_by_both,exact_accepted,exact_accepted_unique,Tetracentron sinense,wfo-0001219876,Trochodendraceae,Tetracentron,species
Euclea crispa,euclea crispa,euclea crispa,1,TRUE,TRUE,resolved_by_both,exact_accepted,exact_accepted_unique,Euclea crispa,wfo-0000681074,Ebenaceae,Euclea,species
Phyllanthus klotzschianus,phyllanthus klotzschianus,phyllanthus klotzschianus,1,TRUE,TRUE,resolved_by_both,exact_accepted,exact_accepted_unique,Phyllanthus klotzschianus,wfo-0000271281,Phyllanthaceae,Phyllanthus,species
Khaya grandifoliola,khaya grandifoliola,khaya grandifoliola,1,TRUE,TRUE,resolved_by_both,exact_accepted,exact_accepted_unique,Khaya grandifoliola,wfo-0000357001,Meliaceae,Khaya,species
Berneuxia thibetica,berneuxia thibetica,berneuxia thibetica,1,TRUE,TRUE,resolved_by_both,exact_accepted,exact_accepted_unique,Berneuxia thibetica,wfo-0000564405,Diapensiaceae,Berneuxia,species
Heterotheca,heterotheca,heterotheca,1,TRUE,TRUE,resolved_by_both,exact_accepted,exact_accepted_unique,Heterotheca,wfo-4000017788,Asteraceae,Heterotheca,genus
Arbutus andrachne,arbutus andrachne,arbutus andrachne,1,TRUE,TRUE,resolved_by_both,exact_accepted,exact_accepted_unique,Arbutus andrachne,wfo-0000543098,Ericaceae,Arbutus,species
Rubus chamaemorus,rubus chamaemorus,rubus chamaemorus,1,TRUE,TRUE,resolved_by_both,exact_accepted,exact_accepted_unique,Rubus chamaemorus,wfo-0001014280,Rosaceae,Rubus,species
Cinnamomum,cinnamomum,cinnamomum,1,TRUE,TRUE,resolved_by_both,exact_accepted,exact_accepted_unique,Cinnamomum,wfo-4000008342,Lauraceae,Cinnamomum,genus
Zingiber,zingiber,zingiber,1,TRUE,TRUE,resolved_by_both,exact_accepted,exact_accepted_unique,Zingiber,wfo-4000041232,Zingiberaceae,Zingiber,genus
Carum carvi,carum carvi,carum carvi,1,TRUE,TRUE,resolved_by_both,exact_accepted,exact_accepted_unique,Carum carvi,wfo-0000588460,Apiaceae,Carum,species
Cuminum cyminum,cuminum cyminum,cuminum cyminum,1,TRUE,TRUE,resolved_by_both,exact_accepted,exact_accepted_unique,Cuminum cyminum,wfo-0000629277,Apiaceae,Cuminum,species
Illicium verum,illicium verum,illicium verum,1,TRUE,TRUE,resolved_by_both,exact_accepted,exact_accepted_unique,Illicium verum,wfo-0000730107,Schisandraceae,Illicium,species
Myristica fragrans,myristica fragrans,myristica fragrans,1,TRUE,TRUE,resolved_by_both,exact_accepted,exact_accepted_unique,Myristica fragrans,wfo-0000447317,Myristicaceae,Myristica,species
Piper nigrum,piper nigrum,piper nigrum,1,TRUE,TRUE,resolved_by_both,exact_accepted,exact_accepted_unique,Piper nigrum,wfo-0000486494,Piperaceae,Piper,species
Syzygium aromaticum,syzygium aromaticum,syzygium aromaticum,1,TRUE,TRUE,resolved_by_both,exact_accepted,exact_accepted_unique,Syzygium aromaticum,wfo-0000318267,Myrtaceae,Syzygium,species
Pinus taeda,pinus taeda,pinus taeda,2,FALSE,TRUE,recovered_by_hierarchical_rules,exact_accepted,exact_accepted_unique,Pinus taeda,wfo-0000481652,Pinaceae,Pinus,species
Visnea mocanera,visnea mocanera,visnea mocanera,1,TRUE,TRUE,resolved_by_both,exact_accepted,exact_accepted_unique,Visnea mocanera,wfo-0000425406,Pentaphylacaceae,Visnea,species
Gymnosporia pyria,gymnosporia pyria,gymnosporia pyria,1,TRUE,TRUE,resolved_by_both,exact_accepted,exact_accepted_unique,Gymnosporia pyria,wfo-0000713031,Celastraceae,Gymnosporia,species
Callistemon speciosus,callistemon speciosus,callistemon speciosus,1,TRUE,TRUE,resolved_by_both,exact_synonym,exact_synonym_unique,Melaleuca glauca,wfo-0001428941,Myrtaceae,Melaleuca,species
Rubus irenaeus,rubus irenaeus,rubus irenaeus,1,TRUE,TRUE,resolved_by_both,exact_accepted,exact_accepted_unique,Rubus irenaeus,wfo-0000994551,Rosaceae,Rubus,species
Euptelea polyandra,euptelea polyandra,euptelea polyandra,1,TRUE,TRUE,resolved_by_both,exact_accepted,exact_accepted_unique,Euptelea polyandra,wfo-0000682839,Eupteleaceae,Euptelea,species
Prunus spinosa,prunus spinosa,prunus spinosa,3,FALSE,TRUE,recovered_by_hierarchical_rules,exact_accepted,exact_accepted_unique,Prunus spinosa,wfo-0001007437,Rosaceae,Prunus,species
Casearia clarkei,casearia clarkei,casearia clarkei,1,TRUE,TRUE,resolved_by_both,exact_accepted,exact_accepted_unique,Casearia clarkei,wfo-0000923895,Salicaceae,Casearia,species
Eucalyptus tereticornis,eucalyptus tereticornis,eucalyptus tereticornis,1,TRUE,TRUE,resolved_by_both,exact_accepted,exact_accepted_unique,Eucalyptus tereticornis,wfo-0000956012,Myrtaceae,Eucalyptus,species
Schotia brachypetala,schotia brachypetala,schotia brachypetala,1,TRUE,TRUE,resolved_by_both,exact_accepted,exact_accepted_unique,Schotia brachypetala,wfo-0000170688,Fabaceae,Schotia,species
Actinidia arguta,actinidia arguta,actinidia arguta,1,TRUE,TRUE,resolved_by_both,exact_accepted,exact_accepted_unique,Actinidia arguta,wfo-0000519157,Actinidiaceae,Actinidia,species
Syzygium corynocarpum,syzygium corynocarpum,syzygium corynocarpum,1,TRUE,TRUE,resolved_by_both,exact_accepted,exact_accepted_unique,Syzygium corynocarpum,wfo-0000318507,Myrtaceae,Syzygium,species
Syzygium malaccense,syzygium malaccense,syzygium malaccense,1,TRUE,TRUE,resolved_by_both,exact_accepted,exact_accepted_unique,Syzygium malaccense,wfo-0000318961,Myrtaceae,Syzygium,species
Cassia grandis,cassia grandis,cassia grandis,1,TRUE,TRUE,resolved_by_both,exact_accepted,exact_accepted_unique,Cassia grandis,wfo-0000163908,Fabaceae,Cassia,species
Alchemilla speciosa,alchemilla speciosa,alchemilla speciosa,2,FALSE,TRUE,recovered_by_hierarchical_rules,exact_accepted,exact_accepted_unique,Alchemilla speciosa,wfo-0001014989,Rosaceae,Alchemilla,species
Salix myrsinifolia,salix myrsinifolia,salix myrsinifolia,1,TRUE,TRUE,resolved_by_both,exact_accepted,exact_accepted_unique,Salix myrsinifolia,wfo-0000929897,Salicaceae,Salix,species
Okoubaka aubrevillei,okoubaka aubrevillei,okoubaka aubrevillei,1,TRUE,TRUE,resolved_by_both,exact_accepted,exact_accepted_unique,Okoubaka aubrevillei,wfo-0000388170,Santalaceae,Okoubaka,species
Acacia ixiophylla,acacia ixiophylla,acacia ixiophylla,1,TRUE,TRUE,resolved_by_both,exact_accepted,exact_accepted_unique,Acacia ixiophylla,wfo-0000185309,Fabaceae,Acacia,species
Saxifraga cuneifolia,saxifraga cuneifolia,saxifraga cuneifolia,2,FALSE,TRUE,recovered_by_hierarchical_rules,exact_accepted,exact_accepted_unique,Saxifraga cuneifolia,wfo-0000494450,Saxifragaceae,Saxifraga,species
Chrysosplenium flagelliferum,chrysosplenium flagelliferum,chrysosplenium flagelliferum,1,TRUE,TRUE,resolved_by_both,exact_accepted,exact_accepted_unique,Chrysosplenium flagelliferum,wfo-0000603963,Saxifragaceae,Chrysosplenium,species
Ligaria cuneifolia,ligaria cuneifolia,ligaria cuneifolia,1,TRUE,TRUE,resolved_by_both,exact_accepted,exact_accepted_unique,Ligaria cuneifolia,wfo-0001074748,Loranthaceae,Ligaria,species
Cecropia pachystachya,cecropia pachystachya,cecropia pachystachya,1,TRUE,TRUE,resolved_by_both,exact_accepted,exact_accepted_unique,Cecropia pachystachya,wfo-0000592291,Urticaceae,Cecropia,species
Koelreuteria paniculata,koelreuteria paniculata,koelreuteria paniculata,1,TRUE,TRUE,resolved_by_both,exact_accepted,exact_accepted_unique,Koelreuteria paniculata,wfo-0000357203,Sapindaceae,Koelreuteria,species
Schisandra plena,schisandra plena,schisandra plena,1,TRUE,TRUE,resolved_by_both,exact_accepted,exact_accepted_unique,Schisandra plena,wfo-0000495102,Schisandraceae,Schisandra,species
Vitis,vitis,vitis,1,TRUE,TRUE,resolved_by_both,exact_accepted,exact_accepted_unique,Vitis,wfo-4000040377,Vitaceae,Vitis,genus
Schotia latifolia,schotia latifolia,schotia latifolia,1,TRUE,TRUE,resolved_by_both,exact_accepted,exact_accepted_unique,Schotia latifolia,wfo-0000170742,Fabaceae,Schotia,species
Lotus tenuis,lotus tenuis,lotus tenuis,1,TRUE,TRUE,resolved_by_both,exact_accepted,exact_accepted_unique,Lotus tenuis,wfo-0001053826,Fabaceae,Lotus,species
Hypericum maculatum,hypericum maculatum,hypericum maculatum,3,FALSE,TRUE,recovered_by_hierarchical_rules,exact_accepted,exact_accepted_unique,Hypericum maculatum,wfo-0000727911,Hypericaceae,Hypericum,species
Rhodiola crenulata,rhodiola crenulata,rhodiola crenulata,1,TRUE,TRUE,resolved_by_both,exact_accepted,exact_accepted_unique,Rhodiola crenulata,wfo-0000399351,Crassulaceae,Rhodiola,species
Rheum,rheum,rheum,1,TRUE,TRUE,resolved_by_both,exact_accepted,exact_accepted_unique,Rheum,wfo-4000032935,Polygonaceae,Rheum,genus
Rosa roxburghii,rosa roxburghii,rosa roxburghii,2,FALSE,TRUE,recovered_by_hierarchical_rules,exact_accepted,exact_accepted_unique,Rosa roxburghii,wfo-0000983365,Rosaceae,Rosa,species
Prunus padus,prunus padus,prunus padus,4,FALSE,TRUE,recovered_by_hierarchical_rules,exact_accepted,exact_accepted_unique,Prunus padus,wfo-0001008273,Rosaceae,Prunus,species
Prunus ssiori,prunus ssiori,prunus ssiori,1,TRUE,TRUE,resolved_by_both,exact_accepted,exact_accepted_unique,Prunus ssiori,wfo-0000988088,Rosaceae,Prunus,species
Acer griseum,acer griseum,acer griseum,1,TRUE,TRUE,resolved_by_both,exact_accepted,exact_accepted_unique,Acer griseum,wfo-0000514296,Sapindaceae,Acer,species
Betula schmidtii,betula schmidtii,betula schmidtii,1,TRUE,TRUE,resolved_by_both,exact_accepted,exact_accepted_unique,Betula schmidtii,wfo-0000336873,Betulaceae,Betula,species
Uncaria gambir,uncaria gambir,uncaria gambir,1,TRUE,TRUE,resolved_by_both,exact_accepted,exact_accepted_unique,Uncaria gambir,wfo-0000329239,Rubiaceae,Uncaria,species
Muehlenbeckia platyclados,muehlenbeckia platyclados,muehlenbeckia platyclados,1,TRUE,TRUE,resolved_by_both,exact_accepted,exact_accepted_unique,Muehlenbeckia platyclados,wfo-0000452312,Polygonaceae,Muehlenbeckia,species
Homalocladium platycladum,homalocladium platycladum,homalocladium platycladum,0,FALSE,FALSE,unresolved_by_both,unresolved,no_match,NA,NA,NA,NA,NA
Muehlenbeckia platyclada,muehlenbeckia platyclada,muehlenbeckia platyclada,0,FALSE,FALSE,unresolved_by_both,unresolved,no_match,NA,NA,NA,NA,NA
Typha latifolia,typha latifolia,typha latifolia,1,TRUE,TRUE,resolved_by_both,exact_accepted,exact_accepted_unique,Typha latifolia,wfo-0000595260,Typhaceae,Typha,species
Populus violascens,populus violascens,populus violascens,1,TRUE,TRUE,resolved_by_both,exact_accepted,exact_accepted_unique,Populus violascens,wfo-0001133788,Salicaceae,Populus,species
Erodium cicutarium,erodium cicutarium,erodium cicutarium,4,FALSE,TRUE,recovered_by_hierarchical_rules,exact_accepted,exact_accepted_unique,Erodium cicutarium,wfo-0000676799,Geraniaceae,Erodium,species
Acaena pinnatifida,acaena pinnatifida,acaena pinnatifida,3,FALSE,TRUE,recovered_by_hierarchical_rules,exact_accepted,exact_accepted_unique,Acaena pinnatifida,wfo-0001005319,Rosaceae,Acaena,species
Maytenus chubutensis,maytenus chubutensis,maytenus chubutensis,1,TRUE,TRUE,resolved_by_both,exact_accepted,exact_accepted_unique,Maytenus chubutensis,wfo-0000375067,Celastraceae,Maytenus,species
Anchomanes difformis,anchomanes difformis,anchomanes difformis,1,TRUE,TRUE,resolved_by_both,exact_accepted,exact_accepted_unique,Anchomanes difformis,wfo-0000970027,Araceae,Anchomanes,species
Viburnum rhytidophyllum,viburnum rhytidophyllum,viburnum rhytidophyllum,1,TRUE,TRUE,resolved_by_both,exact_accepted,exact_accepted_unique,Viburnum rhytidophyllum,wfo-0001291022,Viburnaceae,Viburnum,species
Hypericum montbretii,hypericum montbretii,hypericum montbretii,1,TRUE,TRUE,resolved_by_both,exact_accepted,exact_accepted_unique,Hypericum montbretii,wfo-0000727975,Hypericaceae,Hypericum,species
Ocotea,ocotea,ocotea,1,TRUE,TRUE,resolved_by_both,exact_accepted,exact_accepted_unique,Ocotea,wfo-4000026514,Lauraceae,Ocotea,genus
Ocotea holdridgeiana,ocotea holdridgeiana,ocotea holdridgeiana,0,FALSE,FALSE,unresolved_by_both,unresolved,no_match,NA,NA,NA,NA,NA
Daphne aurantiaca,daphne aurantiaca,daphne aurantiaca,1,TRUE,TRUE,resolved_by_both,exact_accepted,exact_accepted_unique,Daphne aurantiaca,wfo-0000637474,Thymelaeaceae,Daphne,species
Commiphora africana,commiphora africana,commiphora africana,1,TRUE,TRUE,resolved_by_both,exact_accepted,exact_accepted_unique,Commiphora africana,wfo-0001328094,Burseraceae,Commiphora,species
Scutellaria amoena,scutellaria amoena,scutellaria amoena,1,TRUE,TRUE,resolved_by_both,exact_accepted,exact_accepted_unique,Scutellaria amoena,wfo-0000307591,Lamiaceae,Scutellaria,species
Scutellaria lateriflora,scutellaria lateriflora,scutellaria lateriflora,1,TRUE,TRUE,resolved_by_both,exact_accepted,exact_accepted_unique,Scutellaria lateriflora,wfo-0000308029,Lamiaceae,Scutellaria,species
Crotalaria trifoliastrum,crotalaria trifoliastrum,crotalaria trifoliastrum,1,TRUE,TRUE,resolved_by_both,exact_accepted,exact_accepted_unique,Crotalaria trifoliastrum,wfo-0000186515,Fabaceae,Crotalaria,species
Alcea rosea,alcea rosea,alcea rosea,1,TRUE,TRUE,resolved_by_both,exact_accepted,exact_accepted_unique,Alcea rosea,wfo-0000525183,Malvaceae,Alcea,species
Althaea rosea,althaea rosea,althaea rosea,1,TRUE,TRUE,resolved_by_both,exact_synonym,exact_synonym_unique,Alcea rosea,wfo-0000525183,Malvaceae,Alcea,species
Heliotropium huascoense,heliotropium huascoense,heliotropium huascoense,1,TRUE,TRUE,resolved_by_both,exact_synonym,exact_synonym_unique,Heliotropium stenophyllum,wfo-0001215523,Heliotropiaceae,Heliotropium,species
Peltophorum africanum,peltophorum africanum,peltophorum africanum,1,TRUE,TRUE,resolved_by_both,exact_accepted,exact_accepted_unique,Peltophorum africanum,wfo-0000194865,Fabaceae,Peltophorum,species
Aldina heterophylla,aldina heterophylla,aldina heterophylla,1,TRUE,TRUE,resolved_by_both,exact_accepted,exact_accepted_unique,Aldina heterophylla,wfo-0000173799,Fabaceae,Aldina,species
Gutierrezia sphaerocephala,gutierrezia sphaerocephala,gutierrezia sphaerocephala,1,TRUE,TRUE,resolved_by_both,exact_accepted,exact_accepted_unique,Gutierrezia sphaerocephala,wfo-0000005924,Asteraceae,Gutierrezia,species
Centaurea sicula,centaurea sicula,centaurea sicula,1,TRUE,TRUE,resolved_by_both,exact_accepted,exact_accepted_unique,Centaurea sicula,wfo-0000119562,Asteraceae,Centaurea,species
Trifolium dalmaticum,trifolium dalmaticum,trifolium dalmaticum,1,TRUE,TRUE,resolved_by_both,exact_accepted,exact_accepted_unique,Trifolium dalmaticum,wfo-0000213962,Fabaceae,Trifolium,species
Peperomia obtusifolia,peperomia obtusifolia,peperomia obtusifolia,2,FALSE,TRUE,recovered_by_hierarchical_rules,exact_accepted,exact_accepted_unique,Peperomia obtusifolia,wfo-0000477916,Piperaceae,Peperomia,species
Cyperus teneriffae,cyperus teneriffae,cyperus teneriffae,1,TRUE,TRUE,resolved_by_both,exact_synonym,exact_synonym_unique,Cyperus rubicundus,wfo-0000381675,Cyperaceae,Cyperus,species
Abronia villosa,abronia villosa,abronia villosa,1,TRUE,TRUE,resolved_by_both,exact_accepted,exact_accepted_unique,Abronia villosa,wfo-0000511604,Nyctaginaceae,Abronia,species
Mallotus apelta,mallotus apelta,mallotus apelta,1,TRUE,TRUE,resolved_by_both,exact_accepted,exact_accepted_unique,Mallotus apelta,wfo-0000234436,Euphorbiaceae,Mallotus,species
Piper murrayanum,piper murrayanum,piper murrayanum,1,TRUE,TRUE,resolved_by_both,exact_accepted,exact_accepted_unique,Piper murrayanum,wfo-0000486527,Piperaceae,Piper,species
Argyrochosma dealbata,argyrochosma dealbata,argyrochosma dealbata,1,TRUE,TRUE,resolved_by_both,exact_accepted,exact_accepted_unique,Argyrochosma dealbata,wfo-0001114268,Pteridaceae,Argyrochosma,species
Gentiana pedicellata,gentiana pedicellata,gentiana pedicellata,2,FALSE,TRUE,recovered_by_hierarchical_rules,exact_accepted,exact_accepted_consensus_multiple_ids,Gentiana pedicellata,wfo-0000698214,Gentianaceae,Gentiana,species
Eriocaulon cinereum,eriocaulon cinereum,eriocaulon cinereum,1,TRUE,TRUE,resolved_by_both,exact_accepted,exact_accepted_unique,Eriocaulon cinereum,wfo-0000409845,Eriocaulaceae,Eriocaulon,species
Drimia delagoensis,drimia delagoensis,drimia delagoensis,1,TRUE,TRUE,resolved_by_both,exact_accepted,exact_accepted_unique,Drimia delagoensis,wfo-0000766098,Asparagaceae,Drimia,species
Buddleja madagascariensis,buddleja madagascariensis,buddleja madagascariensis,1,TRUE,TRUE,resolved_by_both,exact_accepted,exact_accepted_unique,Buddleja madagascariensis,wfo-0000574137,Scrophulariaceae,Buddleja,species
Psorothamnus fremontii,psorothamnus fremontii,psorothamnus fremontii,1,TRUE,TRUE,resolved_by_both,exact_synonym,exact_synonym_unique,Psorodendron fremontii,wfo-0000181050,Fabaceae,Psorodendron,species
Corymbia citriodora,corymbia citriodora,corymbia citriodora,1,TRUE,TRUE,resolved_by_both,exact_accepted,exact_accepted_unique,Corymbia citriodora,wfo-0000925431,Myrtaceae,Corymbia,species
Helichrysum italicum,helichrysum italicum,helichrysum italicum,1,TRUE,TRUE,resolved_by_both,exact_accepted,exact_accepted_unique,Helichrysum italicum,wfo-0000077691,Asteraceae,Helichrysum,species
Artocarpus fretissi,artocarpus fretissi,artocarpus fretissi,1,TRUE,TRUE,resolved_by_both,exact_synonym,exact_synonym_unique,Artocarpus lacucha,wfo-0000550516,Moraceae,Artocarpus,species
Eucalyptus camaldulensis,eucalyptus camaldulensis,eucalyptus camaldulensis,1,TRUE,TRUE,resolved_by_both,exact_accepted,exact_accepted_unique,Eucalyptus camaldulensis,wfo-0000954597,Myrtaceae,Eucalyptus,species
Populus alba,populus alba,populus alba,1,TRUE,TRUE,resolved_by_both,exact_accepted,exact_accepted_unique,Populus alba,wfo-0000928384,Salicaceae,Populus,species
Camellia oleifera,camellia oleifera,camellia oleifera,1,TRUE,TRUE,resolved_by_both,exact_accepted,exact_accepted_unique,Camellia oleifera,wfo-0000582552,Theaceae,Camellia,species
Coreopsis calliopsidea,coreopsis calliopsidea,coreopsis calliopsidea,1,TRUE,TRUE,resolved_by_both,exact_accepted,exact_accepted_unique,Coreopsis calliopsidea,wfo-0000134287,Asteraceae,Coreopsis,species
Microseris paludosa,microseris paludosa,microseris paludosa,1,TRUE,TRUE,resolved_by_both,exact_accepted,exact_accepted_unique,Microseris paludosa,wfo-0000065695,Asteraceae,Microseris,species
Coreopsis stillmanii,coreopsis stillmanii,coreopsis stillmanii,1,TRUE,TRUE,resolved_by_both,exact_accepted,exact_accepted_unique,Coreopsis stillmanii,wfo-0000032623,Asteraceae,Coreopsis,species
Rhodiola heterodonta,rhodiola heterodonta,rhodiola heterodonta,1,TRUE,TRUE,resolved_by_both,exact_accepted,exact_accepted_unique,Rhodiola heterodonta,wfo-0001299897,Crassulaceae,Rhodiola,species
Eugenia selloi,eugenia selloi,eugenia selloi,1,TRUE,TRUE,resolved_by_both,exact_accepted,exact_accepted_unique,Eugenia selloi,wfo-0000959028,Myrtaceae,Eugenia,species
Coccoloba mollis,coccoloba mollis,coccoloba mollis,1,TRUE,TRUE,resolved_by_both,exact_accepted,exact_accepted_unique,Coccoloba mollis,wfo-0000613229,Polygonaceae,Coccoloba,species
Chrysophyllum marginatum,chrysophyllum marginatum,chrysophyllum marginatum,1,TRUE,TRUE,resolved_by_both,exact_accepted,exact_accepted_unique,Chrysophyllum marginatum,wfo-0000856242,Sapotaceae,Chrysophyllum,species
Rhodiola kirilowii,rhodiola kirilowii,rhodiola kirilowii,1,TRUE,TRUE,resolved_by_both,exact_accepted,exact_accepted_unique,Rhodiola kirilowii,wfo-0001300617,Crassulaceae,Rhodiola,species
Merwilla dracomontana,merwilla dracomontana,merwilla dracomontana,1,TRUE,TRUE,resolved_by_both,exact_accepted,exact_accepted_unique,Merwilla dracomontana,wfo-0000690158,Asparagaceae,Merwilla,species
Selaginella,selaginella,selaginella,1,TRUE,TRUE,resolved_by_both,exact_accepted,exact_accepted_unique,Selaginella,wfo-4000034966,Selaginellaceae,Selaginella,genus
Selaginella nothohybrida,selaginella nothohybrida,selaginella nothohybrida,1,TRUE,TRUE,resolved_by_both,exact_accepted,exact_accepted_unique,Selaginella nothohybrida,wfo-0001120101,Selaginellaceae,Selaginella,species
Ligularia odontomanes,ligularia odontomanes,ligularia odontomanes,1,TRUE,TRUE,resolved_by_both,exact_accepted,exact_accepted_unique,Ligularia odontomanes,wfo-0000000028,Asteraceae,Ligularia,species
Dolichos,dolichos,dolichos,1,TRUE,TRUE,resolved_by_both,exact_accepted,exact_accepted_unique,Dolichos,wfo-4000012369,Fabaceae,Dolichos,genus
Adansonia digitata,adansonia digitata,adansonia digitata,1,TRUE,TRUE,resolved_by_both,exact_accepted,exact_accepted_unique,Adansonia digitata,wfo-0000519672,Malvaceae,Adansonia,species
Searsia retinorrhoea,searsia retinorrhoea,searsia retinorrhoea,1,TRUE,TRUE,resolved_by_both,exact_accepted,exact_accepted_unique,Searsia retinorrhoea,wfo-0000510292,Anacardiaceae,Searsia,species
Crotalaria medicaginea,crotalaria medicaginea,crotalaria medicaginea,2,FALSE,TRUE,recovered_by_hierarchical_rules,exact_accepted,exact_accepted_unique,Crotalaria medicaginea,wfo-0000185077,Fabaceae,Crotalaria,species
Carex appressa,carex appressa,carex appressa,1,TRUE,TRUE,resolved_by_both,exact_accepted,exact_accepted_unique,Carex appressa,wfo-0000344481,Cyperaceae,Carex,species
Passiflora sexflora,passiflora sexflora,passiflora sexflora,1,TRUE,TRUE,resolved_by_both,exact_accepted,exact_accepted_unique,Passiflora sexflora,wfo-0000480111,Passifloraceae,Passiflora,species
Wikstroemia glabra,wikstroemia glabra,wikstroemia glabra,1,TRUE,TRUE,resolved_by_both,exact_accepted,exact_accepted_unique,Wikstroemia glabra,wfo-0001254584,Thymelaeaceae,Wikstroemia,species
Crotalaria prostrata,crotalaria prostrata,crotalaria prostrata,1,TRUE,TRUE,resolved_by_both,exact_accepted,exact_accepted_unique,Crotalaria prostrata,wfo-0000198706,Fabaceae,Crotalaria,species
Mascarenhasia arborescens,mascarenhasia arborescens,mascarenhasia arborescens,1,TRUE,TRUE,resolved_by_both,exact_accepted,exact_accepted_unique,Mascarenhasia arborescens,wfo-0000236781,Apocynaceae,Mascarenhasia,species
Iryanthera elliptica,iryanthera elliptica,iryanthera elliptica,1,TRUE,TRUE,resolved_by_both,exact_accepted,exact_accepted_unique,Iryanthera elliptica,wfo-0000732327,Myristicaceae,Iryanthera,species
Knema austrosiamensis,knema austrosiamensis,knema austrosiamensis,1,TRUE,TRUE,resolved_by_both,exact_accepted,exact_accepted_unique,Knema austrosiamensis,wfo-0000356938,Myristicaceae,Knema,species
Minthostachys spicata,minthostachys spicata,minthostachys spicata,1,TRUE,TRUE,resolved_by_both,exact_accepted,exact_accepted_unique,Minthostachys spicata,wfo-0000244772,Lamiaceae,Minthostachys,species
Andrographis affinis,andrographis affinis,andrographis affinis,1,TRUE,TRUE,resolved_by_both,exact_accepted,exact_accepted_unique,Andrographis affinis,wfo-0000534034,Acanthaceae,Andrographis,species
Hedera colchica,hedera colchica,hedera colchica,1,TRUE,TRUE,resolved_by_both,exact_accepted,exact_accepted_unique,Hedera colchica,wfo-0000979673,Araliaceae,Hedera,species
Artemisia anomala,artemisia anomala,artemisia anomala,1,TRUE,TRUE,resolved_by_both,exact_accepted,exact_accepted_unique,Artemisia anomala,wfo-0000136001,Asteraceae,Artemisia,species
Croton hieronymi,croton hieronymi,croton hieronymi,1,TRUE,TRUE,resolved_by_both,exact_accepted,exact_accepted_unique,Croton hieronymi,wfo-0000931237,Euphorbiaceae,Croton,species
Leucas aspera,leucas aspera,leucas aspera,1,TRUE,TRUE,resolved_by_both,exact_accepted,exact_accepted_unique,Leucas aspera,wfo-0000226906,Lamiaceae,Leucas,species
Lonchocarpus laxiflorus,lonchocarpus laxiflorus,lonchocarpus laxiflorus,1,TRUE,TRUE,resolved_by_both,exact_synonym,exact_synonym_unique,Philenoptera laxiflora,wfo-0000199463,Fabaceae,Philenoptera,species
Laburnum alpinum,laburnum alpinum,laburnum alpinum,1,TRUE,TRUE,resolved_by_both,exact_accepted,exact_accepted_unique,Laburnum alpinum,wfo-0000213799,Fabaceae,Laburnum,species
Macaranga indica,macaranga indica,macaranga indica,1,TRUE,TRUE,resolved_by_both,exact_accepted,exact_accepted_unique,Macaranga indica,wfo-0000232018,Euphorbiaceae,Macaranga,species
Tephrosia major,tephrosia major,tephrosia major,1,TRUE,TRUE,resolved_by_both,exact_accepted,exact_accepted_unique,Tephrosia major,wfo-0000164673,Fabaceae,Tephrosia,species
Genista cinerea,genista cinerea,genista cinerea,1,TRUE,TRUE,resolved_by_both,exact_accepted,exact_accepted_unique,Genista cinerea,wfo-0000186918,Fabaceae,Genista,species
Crotalaria barbata,crotalaria barbata,crotalaria barbata,1,TRUE,TRUE,resolved_by_both,exact_accepted,exact_accepted_unique,Crotalaria barbata,wfo-0000185071,Fabaceae,Crotalaria,species
Alluaudiopsis marnieriana,alluaudiopsis marnieriana,alluaudiopsis marnieriana,1,TRUE,TRUE,resolved_by_both,exact_accepted,exact_accepted_unique,Alluaudiopsis marnieriana,wfo-0000943984,Didiereaceae,Alluaudiopsis,species
Centaurea montana,centaurea montana,centaurea montana,2,FALSE,TRUE,recovered_by_hierarchical_rules,exact_accepted,exact_accepted_unique,Centaurea montana,wfo-0000132430,Asteraceae,Centaurea,species
Uvaria hamiltonii,uvaria hamiltonii,uvaria hamiltonii,1,TRUE,TRUE,resolved_by_both,exact_accepted,exact_accepted_unique,Uvaria hamiltonii,wfo-0001066584,Annonaceae,Uvaria,species
Polygala arvensis,polygala arvensis,polygala arvensis,1,TRUE,TRUE,resolved_by_both,exact_accepted,exact_accepted_unique,Polygala arvensis,wfo-0001219818,Polygalaceae,Polygala,species
Arnica chamissonis,arnica chamissonis,arnica chamissonis,1,TRUE,TRUE,resolved_by_both,exact_accepted,exact_accepted_unique,Arnica chamissonis,wfo-0000120344,Asteraceae,Arnica,species
Chromolaena subscandens,chromolaena subscandens,chromolaena subscandens,1,TRUE,TRUE,resolved_by_both,exact_accepted,exact_accepted_unique,Chromolaena subscandens,wfo-0000116364,Asteraceae,Chromolaena,species
Deguelia spruceana,deguelia spruceana,deguelia spruceana,1,TRUE,TRUE,resolved_by_both,exact_accepted,exact_accepted_unique,Deguelia spruceana,wfo-0000186771,Fabaceae,Deguelia,species
Platycladus orientalis,platycladus orientalis,platycladus orientalis,1,TRUE,TRUE,resolved_by_both,exact_accepted,exact_accepted_unique,Platycladus orientalis,wfo-0000396774,Cupressaceae,Platycladus,species
Prunus triloba,prunus triloba,prunus triloba,1,TRUE,TRUE,resolved_by_both,exact_accepted,exact_accepted_unique,Prunus triloba,wfo-0001013932,Rosaceae,Prunus,species
Calligonum leucocladum,calligonum leucocladum,calligonum leucocladum,1,TRUE,TRUE,resolved_by_both,exact_accepted,exact_accepted_unique,Calligonum leucocladum,wfo-0000580446,Polygonaceae,Calligonum,species
Ambrosia artemisioides,ambrosia artemisioides,ambrosia artemisioides,2,FALSE,TRUE,recovered_by_hierarchical_rules,exact_accepted,exact_accepted_unique,Ambrosia artemisioides,wfo-0000073943,Asteraceae,Ambrosia,species
Agnorhiza elata,agnorhiza elata,agnorhiza elata,1,TRUE,TRUE,resolved_by_both,exact_accepted,exact_accepted_unique,Agnorhiza elata,wfo-0000116271,Asteraceae,Agnorhiza,species
Wyethia elata,wyethia elata,wyethia elata,1,TRUE,TRUE,resolved_by_both,exact_synonym,exact_synonym_unique,Agnorhiza elata,wfo-0000116271,Asteraceae,Agnorhiza,species
Euterpe oleracea,euterpe oleracea,euterpe oleracea,2,FALSE,TRUE,recovered_by_hierarchical_rules,exact_accepted,exact_accepted_unique,Euterpe oleracea,wfo-0000965687,Arecaceae,Euterpe,species
Ventilago leiocarpa,ventilago leiocarpa,ventilago leiocarpa,1,TRUE,TRUE,resolved_by_both,exact_accepted,exact_accepted_unique,Ventilago leiocarpa,wfo-0000418340,Rhamnaceae,Ventilago,species
Cissus rheifolia,cissus rheifolia,cissus rheifolia,1,TRUE,TRUE,resolved_by_both,exact_accepted,exact_accepted_unique,Cissus rheifolia,wfo-0000606761,Vitaceae,Cissus,species
Carpesium macrocephalum,carpesium macrocephalum,carpesium macrocephalum,1,TRUE,TRUE,resolved_by_both,exact_accepted,exact_accepted_unique,Carpesium macrocephalum,wfo-0000074447,Asteraceae,Carpesium,species
Origanum compactum,origanum compactum,origanum compactum,1,TRUE,TRUE,resolved_by_both,exact_accepted,exact_accepted_unique,Origanum compactum,wfo-0000260576,Lamiaceae,Origanum,species
Thymus moroderi,thymus moroderi,thymus moroderi,1,TRUE,TRUE,resolved_by_both,exact_accepted,exact_accepted_unique,Thymus moroderi,wfo-0000324418,Lamiaceae,Thymus,species
Chamaecyparis pisifera,chamaecyparis pisifera,chamaecyparis pisifera,1,TRUE,TRUE,resolved_by_both,exact_accepted,exact_accepted_unique,Chamaecyparis pisifera,wfo-0000599479,Cupressaceae,Chamaecyparis,species
Fuchsia coccinea,fuchsia coccinea,fuchsia coccinea,1,TRUE,TRUE,resolved_by_both,exact_accepted,exact_accepted_unique,Fuchsia coccinea,wfo-0000692686,Onagraceae,Fuchsia,species
Fuchsia cyrtandroides,fuchsia cyrtandroides,fuchsia cyrtandroides,1,TRUE,TRUE,resolved_by_both,exact_accepted,exact_accepted_unique,Fuchsia cyrtandroides,wfo-0000692707,Onagraceae,Fuchsia,species
Fuchsia decidua,fuchsia decidua,fuchsia decidua,1,TRUE,TRUE,resolved_by_both,exact_accepted,exact_accepted_unique,Fuchsia decidua,wfo-0000692708,Onagraceae,Fuchsia,species
Fuchsia dependens,fuchsia dependens,fuchsia dependens,1,TRUE,TRUE,resolved_by_both,exact_accepted,exact_accepted_unique,Fuchsia dependens,wfo-0000692712,Onagraceae,Fuchsia,species
Fuchsia eucliandra,fuchsia eucliandra,fuchsia eucliandra,0,FALSE,FALSE,unresolved_by_both,unresolved,no_match,NA,NA,NA,NA,NA
Fuchsia ferreyrae,fuchsia ferreyrae,fuchsia ferreyrae,1,TRUE,TRUE,resolved_by_both,exact_accepted,exact_accepted_unique,Fuchsia ferreyrae,wfo-0000692722,Onagraceae,Fuchsia,species
Fuchsia fulgens,fuchsia fulgens,fuchsia fulgens,1,TRUE,TRUE,resolved_by_both,exact_accepted,exact_accepted_unique,Fuchsia fulgens,wfo-0000692728,Onagraceae,Fuchsia,species
Fuchsia gehrigeri,fuchsia gehrigeri,fuchsia gehrigeri,1,TRUE,TRUE,resolved_by_both,exact_accepted,exact_accepted_unique,Fuchsia gehrigeri,wfo-0000692732,Onagraceae,Fuchsia,species
Fuchsia jimenezii,fuchsia jimenezii,fuchsia jimenezii,1,TRUE,TRUE,resolved_by_both,exact_accepted,exact_accepted_unique,Fuchsia jimenezii,wfo-0000692761,Onagraceae,Fuchsia,species
Fuchsia lehmannii,fuchsia lehmannii,fuchsia lehmannii,1,TRUE,TRUE,resolved_by_both,exact_accepted,exact_accepted_unique,Fuchsia lehmannii,wfo-0000692766,Onagraceae,Fuchsia,species
Fuchsia loxensis,fuchsia loxensis,fuchsia loxensis,1,TRUE,TRUE,resolved_by_both,exact_accepted,exact_accepted_unique,Fuchsia loxensis,wfo-0000692773,Onagraceae,Fuchsia,species
Fuchsia microphylla,fuchsia microphylla,fuchsia microphylla,1,TRUE,TRUE,resolved_by_both,exact_accepted,exact_accepted_unique,Fuchsia microphylla,wfo-0000692810,Onagraceae,Fuchsia,species
Fuchsia nigricans,fuchsia nigricans,fuchsia nigricans,1,TRUE,TRUE,resolved_by_both,exact_accepted,exact_accepted_unique,Fuchsia nigricans,wfo-0000692827,Onagraceae,Fuchsia,species
Fuchsia paniculata,fuchsia paniculata,fuchsia paniculata,1,TRUE,TRUE,resolved_by_both,exact_accepted,exact_accepted_unique,Fuchsia paniculata,wfo-0000692840,Onagraceae,Fuchsia,species
Fuchsia polyantha,fuchsia polyantha,fuchsia polyantha,1,TRUE,TRUE,resolved_by_both,exact_accepted,exact_accepted_unique,Fuchsia polyantha,wfo-0000692855,Onagraceae,Fuchsia,species
Fuchsia pringsheimii,fuchsia pringsheimii,fuchsia pringsheimii,1,TRUE,TRUE,resolved_by_both,exact_accepted,exact_accepted_unique,Fuchsia pringsheimii,wfo-0000692858,Onagraceae,Fuchsia,species
Fuchsia procumbens,fuchsia procumbens,fuchsia procumbens,1,TRUE,TRUE,resolved_by_both,exact_accepted,exact_accepted_unique,Fuchsia procumbens,wfo-0000692859,Onagraceae,Fuchsia,species
Fuchsia regia,fuchsia regia,fuchsia regia,1,TRUE,TRUE,resolved_by_both,exact_accepted,exact_accepted_unique,Fuchsia regia,wfo-0000692875,Onagraceae,Fuchsia,species
Fuchsia rivularis,fuchsia rivularis,fuchsia rivularis,1,TRUE,TRUE,resolved_by_both,exact_accepted,exact_accepted_unique,Fuchsia rivularis,wfo-0000692883,Onagraceae,Fuchsia,species
Fuchsia scabriuscula,fuchsia scabriuscula,fuchsia scabriuscula,1,TRUE,TRUE,resolved_by_both,exact_accepted,exact_accepted_unique,Fuchsia scabriuscula,wfo-0000692891,Onagraceae,Fuchsia,species
Fuchsia splendens,fuchsia splendens,fuchsia splendens,1,TRUE,TRUE,resolved_by_both,exact_accepted,exact_accepted_unique,Fuchsia splendens,wfo-0000692907,Onagraceae,Fuchsia,species
Fuchsia sylvatica,fuchsia sylvatica,fuchsia sylvatica,1,TRUE,TRUE,resolved_by_both,exact_accepted,exact_accepted_unique,Fuchsia sylvatica,wfo-0000692915,Onagraceae,Fuchsia,species
Fuchsia triphylla,fuchsia triphylla,fuchsia triphylla,1,TRUE,TRUE,resolved_by_both,exact_accepted,exact_accepted_unique,Fuchsia triphylla,wfo-0000692928,Onagraceae,Fuchsia,species
Oenothera fruticosa,oenothera fruticosa,oenothera fruticosa,1,TRUE,TRUE,resolved_by_both,exact_accepted,exact_accepted_unique,Oenothera fruticosa,wfo-0001087414,Onagraceae,Oenothera,species
Oenothera spachiana,oenothera spachiana,oenothera spachiana,1,TRUE,TRUE,resolved_by_both,exact_accepted,exact_accepted_unique,Oenothera spachiana,wfo-0001087553,Onagraceae,Oenothera,species
Oenothera speciosa,oenothera speciosa,oenothera speciosa,1,TRUE,TRUE,resolved_by_both,exact_accepted,exact_accepted_unique,Oenothera speciosa,wfo-0000389747,Onagraceae,Oenothera,species
Rosa,rosa,rosa,1,TRUE,TRUE,resolved_by_both,exact_accepted,exact_accepted_unique,Rosa,wfo-4000033476,Rosaceae,Rosa,genus
Alchornea cordifolia,alchornea cordifolia,alchornea cordifolia,1,TRUE,TRUE,resolved_by_both,exact_accepted,exact_accepted_unique,Alchornea cordifolia,wfo-0000938571,Euphorbiaceae,Alchornea,species
Norantea guianensis,norantea guianensis,norantea guianensis,1,TRUE,TRUE,resolved_by_both,exact_accepted,exact_accepted_unique,Norantea guianensis,wfo-0000382227,Marcgraviaceae,Norantea,species
Lathyrus pratensis,lathyrus pratensis,lathyrus pratensis,1,TRUE,TRUE,resolved_by_both,exact_accepted,exact_accepted_unique,Lathyrus pratensis,wfo-0000212701,Fabaceae,Lathyrus,species
Fuchsia boliviana,fuchsia boliviana,fuchsia boliviana,2,FALSE,TRUE,recovered_by_hierarchical_rules,exact_accepted,exact_accepted_unique,Fuchsia boliviana,wfo-0000692665,Onagraceae,Fuchsia,species
Fuchsia excorticata,fuchsia excorticata,fuchsia excorticata,1,TRUE,TRUE,resolved_by_both,exact_accepted,exact_accepted_unique,Fuchsia excorticata,wfo-0000692719,Onagraceae,Fuchsia,species
Erythroxylum campestre,erythroxylum campestre,erythroxylum campestre,1,TRUE,TRUE,resolved_by_both,exact_accepted,exact_accepted_unique,Erythroxylum campestre,wfo-0000679734,Erythroxylaceae,Erythroxylum,species
Erythroxylum cuspidifolium,erythroxylum cuspidifolium,erythroxylum cuspidifolium,1,TRUE,TRUE,resolved_by_both,exact_accepted,exact_accepted_unique,Erythroxylum cuspidifolium,wfo-0000679793,Erythroxylaceae,Erythroxylum,species
Erythroxylum pruinosum,erythroxylum pruinosum,erythroxylum pruinosum,1,TRUE,TRUE,resolved_by_both,exact_accepted,exact_accepted_unique,Erythroxylum pruinosum,wfo-0000680067,Erythroxylaceae,Erythroxylum,species
Erythroxylum suberosum,erythroxylum suberosum,erythroxylum suberosum,1,TRUE,TRUE,resolved_by_both,exact_accepted,exact_accepted_unique,Erythroxylum suberosum,wfo-0000680133,Erythroxylaceae,Erythroxylum,species
Zanthoxylum bungeanum,zanthoxylum bungeanum,zanthoxylum bungeanum,1,TRUE,TRUE,resolved_by_both,exact_accepted,exact_accepted_unique,Zanthoxylum bungeanum,wfo-0000429522,Rutaceae,Zanthoxylum,species
Sarracenia alata,sarracenia alata,sarracenia alata,1,TRUE,TRUE,resolved_by_both,exact_accepted,exact_accepted_unique,Sarracenia alata,wfo-0001135349,Sarraceniaceae,Sarracenia,species
Sarracenia flava,sarracenia flava,sarracenia flava,1,TRUE,TRUE,resolved_by_both,exact_accepted,exact_accepted_unique,Sarracenia flava,wfo-0000493567,Sarraceniaceae,Sarracenia,species
Sarracenia leucophylla,sarracenia leucophylla,sarracenia leucophylla,1,TRUE,TRUE,resolved_by_both,exact_accepted,exact_accepted_unique,Sarracenia leucophylla,wfo-0001135351,Sarraceniaceae,Sarracenia,species
Sarracenia minor,sarracenia minor,sarracenia minor,1,TRUE,TRUE,resolved_by_both,exact_accepted,exact_accepted_unique,Sarracenia minor,wfo-0001135353,Sarraceniaceae,Sarracenia,species
Sarracenia oreophila,sarracenia oreophila,sarracenia oreophila,1,TRUE,TRUE,resolved_by_both,exact_accepted,exact_accepted_unique,Sarracenia oreophila,wfo-0001135354,Sarraceniaceae,Sarracenia,species
Sarracenia psittacina,sarracenia psittacina,sarracenia psittacina,1,TRUE,TRUE,resolved_by_both,exact_accepted,exact_accepted_unique,Sarracenia psittacina,wfo-0001135355,Sarraceniaceae,Sarracenia,species
Sarracenia purpurea,sarracenia purpurea,sarracenia purpurea,2,FALSE,TRUE,recovered_by_hierarchical_rules,exact_accepted,exact_accepted_unique,Sarracenia purpurea,wfo-0000493544,Sarraceniaceae,Sarracenia,species
Sarracenia rubra,sarracenia rubra,sarracenia rubra,1,TRUE,TRUE,resolved_by_both,exact_accepted,exact_accepted_unique,Sarracenia rubra,wfo-0001135357,Sarraceniaceae,Sarracenia,species
Sarracenia alabamensis,sarracenia alabamensis,sarracenia alabamensis,1,TRUE,TRUE,resolved_by_both,exact_accepted,exact_accepted_unique,Sarracenia alabamensis,wfo-0001135365,Sarraceniaceae,Sarracenia,species
Sarracenia jonesii,sarracenia jonesii,sarracenia jonesii,1,TRUE,TRUE,resolved_by_both,exact_accepted,exact_accepted_unique,Sarracenia jonesii,wfo-0001135364,Sarraceniaceae,Sarracenia,species
Phlebodium aureum,phlebodium aureum,phlebodium aureum,1,TRUE,TRUE,resolved_by_both,exact_accepted,exact_accepted_unique,Phlebodium aureum,wfo-0001109224,Polypodiaceae,Phlebodium,species
Phlebodium decumanum,phlebodium decumanum,phlebodium decumanum,1,TRUE,TRUE,resolved_by_both,exact_accepted,exact_accepted_unique,Phlebodium decumanum,wfo-0001109225,Polypodiaceae,Phlebodium,species
Bergenia crassifolia,bergenia crassifolia,bergenia crassifolia,1,TRUE,TRUE,resolved_by_both,exact_accepted,exact_accepted_unique,Bergenia crassifolia,wfo-0000564227,Saxifragaceae,Bergenia,species
Parnassia grandifolia,parnassia grandifolia,parnassia grandifolia,1,TRUE,TRUE,resolved_by_both,exact_accepted,exact_accepted_unique,Parnassia grandifolia,wfo-0001135400,Celastraceae,Parnassia,species
Haematoxylum campechianum,haematoxylum campechianum,haematoxylum campechianum,1,TRUE,TRUE,resolved_by_both,exact_accepted,exact_accepted_unique,Haematoxylum campechianum,wfo-0000168536,Fabaceae,Haematoxylum,species
Diplusodon astictus,diplusodon astictus,diplusodon astictus,1,TRUE,TRUE,resolved_by_both,exact_accepted,exact_accepted_unique,Diplusodon astictus,wfo-0000650583,Lythraceae,Diplusodon,species
Asplenium viride,asplenium viride,asplenium viride,2,FALSE,TRUE,recovered_by_hierarchical_rules,exact_accepted,exact_accepted_consensus_multiple_ids,Asplenium viride,wfo-0000161624,Aspleniaceae,Asplenium,species
Asplenium trichomanes-ramosum,asplenium trichomanes-ramosum,asplenium trichomanes-ramosum,1,TRUE,TRUE,resolved_by_both,exact_synonym,exact_synonym_unique,Asplenium viride,wfo-0000161624,Aspleniaceae,Asplenium,species
Acer glabrum,acer glabrum,acer glabrum,2,FALSE,TRUE,recovered_by_hierarchical_rules,exact_accepted,exact_accepted_consensus_multiple_ids,Acer glabrum,wfo-0000514267,Sapindaceae,Acer,species
Hypericum androsaemum,hypericum androsaemum,hypericum androsaemum,1,TRUE,TRUE,resolved_by_both,exact_accepted,exact_accepted_unique,Hypericum androsaemum,wfo-0000727341,Hypericaceae,Hypericum,species
Pyrola chlorantha,pyrola chlorantha,pyrola chlorantha,1,TRUE,TRUE,resolved_by_both,exact_accepted,exact_accepted_unique,Pyrola chlorantha,wfo-0000396274,Ericaceae,Pyrola,species
Licania apetala,licania apetala,licania apetala,1,TRUE,TRUE,resolved_by_both,exact_synonym,exact_synonym_unique,Leptobalanus apetalus,wfo-0001354198,Chrysobalanaceae,Leptobalanus,species
Fallopia cilinode,fallopia cilinode,fallopia cilinode,0,FALSE,FALSE,unresolved_by_both,unresolved,no_match,NA,NA,NA,NA,NA
Fallopia convolvulus,fallopia convolvulus,fallopia convolvulus,1,TRUE,TRUE,resolved_by_both,exact_accepted,exact_accepted_unique,Fallopia convolvulus,wfo-0000685786,Polygonaceae,Fallopia,species
Fallopia dumetorum,fallopia dumetorum,fallopia dumetorum,1,TRUE,TRUE,resolved_by_both,exact_accepted,exact_accepted_unique,Fallopia dumetorum,wfo-0000685794,Polygonaceae,Fallopia,species
Fallopia scandens,fallopia scandens,fallopia scandens,1,TRUE,TRUE,resolved_by_both,exact_accepted,exact_accepted_unique,Fallopia scandens,wfo-0000685812,Polygonaceae,Fallopia,species
Eucalyptus consideniana,eucalyptus consideniana,eucalyptus consideniana,1,TRUE,TRUE,resolved_by_both,exact_accepted,exact_accepted_unique,Eucalyptus consideniana,wfo-0000954699,Myrtaceae,Eucalyptus,species
Rosa damascena,rosa damascena,rosa damascena,1,TRUE,TRUE,resolved_by_both,exact_accepted,exact_accepted_unique,Rosa damascena,wfo-0001014673,Rosaceae,Rosa,species
Rosa gallica,rosa gallica,rosa gallica,2,FALSE,TRUE,recovered_by_hierarchical_rules,exact_accepted,exact_accepted_unique,Rosa gallica,wfo-0000983164,Rosaceae,Rosa,species
Erythroxylum ulei,erythroxylum ulei,erythroxylum ulei,1,TRUE,TRUE,resolved_by_both,exact_accepted,exact_accepted_unique,Erythroxylum ulei,wfo-0000680156,Erythroxylaceae,Erythroxylum,species
Stevia rebaudiana,stevia rebaudiana,stevia rebaudiana,1,TRUE,TRUE,resolved_by_both,exact_accepted,exact_accepted_unique,Stevia rebaudiana,wfo-0000003546,Asteraceae,Stevia,species
Stevia suaveolens,stevia suaveolens,stevia suaveolens,1,TRUE,TRUE,resolved_by_both,exact_accepted,exact_accepted_unique,Stevia suaveolens,wfo-0000020314,Asteraceae,Stevia,species
Artabotrys odoratissimus,artabotrys odoratissimus,artabotrys odoratissimus,2,FALSE,FALSE,unresolved_by_both,exact_conflict,exact_synonym_conflict,NA,NA,NA,NA,NA
Crossopteryx febrifuga,crossopteryx febrifuga,crossopteryx febrifuga,1,TRUE,TRUE,resolved_by_both,exact_accepted,exact_accepted_unique,Crossopteryx febrifuga,wfo-0000927185,Rubiaceae,Crossopteryx,species
Persicaria muricata,persicaria muricata,persicaria muricata,1,TRUE,TRUE,resolved_by_both,exact_synonym,exact_synonym_unique,Polygonum muricatum,wfo-0001245700,Polygonaceae,Polygonum,species
Illicium difengpi,illicium difengpi,illicium difengpi,1,TRUE,TRUE,resolved_by_both,exact_accepted,exact_accepted_unique,Illicium difengpi,wfo-0000730081,Schisandraceae,Illicium,species
Parinari,parinari,parinari,1,TRUE,TRUE,resolved_by_both,exact_accepted,exact_accepted_unique,Parinari,wfo-4000028205,Chrysobalanaceae,Parinari,genus
Parinari anamensis,parinari anamensis,parinari anamensis,1,TRUE,TRUE,resolved_by_both,exact_accepted,exact_accepted_unique,Parinari anamensis,wfo-0000817702,Chrysobalanaceae,Parinari,species
Parinari brasiliensis,parinari brasiliensis,parinari brasiliensis,1,TRUE,TRUE,resolved_by_both,exact_accepted,exact_accepted_unique,Parinari brasiliensis,wfo-0000817666,Chrysobalanaceae,Parinari,species
Parinari campestris,parinari campestris,parinari campestris,1,TRUE,TRUE,resolved_by_both,exact_accepted,exact_accepted_unique,Parinari campestris,wfo-0000817668,Chrysobalanaceae,Parinari,species
Parinari chocoensis,parinari chocoensis,parinari chocoensis,1,TRUE,TRUE,resolved_by_both,exact_accepted,exact_accepted_unique,Parinari chocoensis,wfo-0000817889,Chrysobalanaceae,Parinari,species
Parinari congensis,parinari congensis,parinari congensis,1,TRUE,TRUE,resolved_by_both,exact_accepted,exact_accepted_unique,Parinari congensis,wfo-0000817673,Chrysobalanaceae,Parinari,species
Parinari congolana,parinari congolana,parinari congolana,1,TRUE,TRUE,resolved_by_both,exact_accepted,exact_accepted_unique,Parinari congolana,wfo-0000817674,Chrysobalanaceae,Parinari,species
Parinari costata,parinari costata,parinari costata,1,TRUE,TRUE,resolved_by_both,exact_accepted,exact_accepted_unique,Parinari costata,wfo-0000817680,Chrysobalanaceae,Parinari,species
Parinari curatellifolia,parinari curatellifolia,parinari curatellifolia,1,TRUE,TRUE,resolved_by_both,exact_accepted,exact_accepted_unique,Parinari curatellifolia,wfo-0000817683,Chrysobalanaceae,Parinari,species
Parinari excelsa,parinari excelsa,parinari excelsa,1,TRUE,TRUE,resolved_by_both,exact_accepted,exact_accepted_unique,Parinari excelsa,wfo-0000817744,Chrysobalanaceae,Parinari,species
Parinari insularum,parinari insularum,parinari insularum,1,TRUE,TRUE,resolved_by_both,exact_accepted,exact_accepted_unique,Parinari insularum,wfo-0000818029,Chrysobalanaceae,Parinari,species
Parinari klugii,parinari klugii,parinari klugii,1,TRUE,TRUE,resolved_by_both,exact_accepted,exact_accepted_unique,Parinari klugii,wfo-0000817883,Chrysobalanaceae,Parinari,species
Parinari littoralis,parinari littoralis,parinari littoralis,1,TRUE,TRUE,resolved_by_both,exact_accepted,exact_accepted_unique,Parinari littoralis,wfo-0000817882,Chrysobalanaceae,Parinari,species
Parinari maguirei,parinari maguirei,parinari maguirei,1,TRUE,TRUE,resolved_by_both,exact_accepted,exact_accepted_unique,Parinari maguirei,wfo-0000817881,Chrysobalanaceae,Parinari,species
Parinari montana,parinari montana,parinari montana,2,FALSE,TRUE,recovered_by_hierarchical_rules,exact_accepted,exact_accepted_unique,Parinari montana,wfo-0000817750,Chrysobalanaceae,Parinari,species
Parinari nonda,parinari nonda,parinari nonda,1,TRUE,TRUE,resolved_by_both,exact_accepted,exact_accepted_unique,Parinari nonda,wfo-0000817756,Chrysobalanaceae,Parinari,species
Parinari oblongifolia,parinari oblongifolia,parinari oblongifolia,1,TRUE,TRUE,resolved_by_both,exact_accepted,exact_accepted_unique,Parinari oblongifolia,wfo-0000817758,Chrysobalanaceae,Parinari,species
Parinari occidentalis,parinari occidentalis,parinari occidentalis,1,TRUE,TRUE,resolved_by_both,exact_accepted,exact_accepted_unique,Parinari occidentalis,wfo-0000817878,Chrysobalanaceae,Parinari,species
Parinari pachyphylla,parinari pachyphylla,parinari pachyphylla,1,TRUE,TRUE,resolved_by_both,exact_accepted,exact_accepted_unique,Parinari pachyphylla,wfo-0000817715,Chrysobalanaceae,Parinari,species
Parinari parvifolia,parinari parvifolia,parinari parvifolia,1,TRUE,TRUE,resolved_by_both,exact_accepted,exact_accepted_unique,Parinari parvifolia,wfo-0000817860,Chrysobalanaceae,Parinari,species
Parinari rodolphii,parinari rodolphii,parinari rodolphii,0,FALSE,FALSE,unresolved_by_both,unresolved,no_match,NA,NA,NA,NA,NA
Parinari sprucei,parinari sprucei,parinari sprucei,1,TRUE,TRUE,resolved_by_both,exact_accepted,exact_accepted_unique,Parinari sprucei,wfo-0000818046,Chrysobalanaceae,Parinari,species
Parinari sumatrana,parinari sumatrana,parinari sumatrana,1,TRUE,TRUE,resolved_by_both,exact_accepted,exact_accepted_unique,Parinari sumatrana,wfo-0000818062,Chrysobalanaceae,Parinari,species
Euphorbia maculata,euphorbia maculata,euphorbia maculata,2,FALSE,TRUE,recovered_by_hierarchical_rules,exact_accepted,exact_accepted_unique,Euphorbia maculata,wfo-0000963182,Euphorbiaceae,Euphorbia,species
Euphorbia nutans,euphorbia nutans,euphorbia nutans,1,TRUE,TRUE,resolved_by_both,exact_accepted,exact_accepted_unique,Euphorbia nutans,wfo-0000963628,Euphorbiaceae,Euphorbia,species
Betula humilis,betula humilis,betula humilis,3,FALSE,TRUE,recovered_by_hierarchical_rules,exact_accepted,exact_accepted_unique,Betula humilis,wfo-0000333388,Betulaceae,Betula,species
Sideroxylon inerme,sideroxylon inerme,sideroxylon inerme,1,TRUE,TRUE,resolved_by_both,exact_accepted,exact_accepted_unique,Sideroxylon inerme,wfo-0000310772,Sapotaceae,Sideroxylon,species
Nymphaea marliacea,nymphaea marliacea,nymphaea marliacea,0,FALSE,FALSE,unresolved_by_both,unresolved,no_match,NA,NA,NA,NA,NA
Indigofera microcarpa,indigofera microcarpa,indigofera microcarpa,2,FALSE,TRUE,recovered_by_hierarchical_rules,exact_accepted,exact_accepted_unique,Indigofera microcarpa,wfo-0000193683,Fabaceae,Indigofera,species
Ledebouria floribunda,ledebouria floribunda,ledebouria floribunda,1,TRUE,TRUE,resolved_by_both,exact_accepted,exact_accepted_unique,Ledebouria floribunda,wfo-0000686569,Asparagaceae,Ledebouria,species
Schinus molle,schinus molle,schinus molle,1,TRUE,TRUE,resolved_by_both,exact_accepted,exact_accepted_unique,Schinus molle,wfo-0000435157,Anacardiaceae,Schinus,species
Lepidosperma,lepidosperma,lepidosperma,1,TRUE,TRUE,resolved_by_both,exact_accepted,exact_accepted_unique,Lepidosperma,wfo-4000021135,Cyperaceae,Lepidosperma,genus
Xanthorrhoea johnsonii,xanthorrhoea johnsonii,xanthorrhoea johnsonii,1,TRUE,TRUE,resolved_by_both,exact_accepted,exact_accepted_unique,Xanthorrhoea johnsonii,wfo-0000751962,Asphodelaceae,Xanthorrhoea,species
Xanthorrhoea latifolia,xanthorrhoea latifolia,xanthorrhoea latifolia,1,TRUE,TRUE,resolved_by_both,exact_accepted,exact_accepted_unique,Xanthorrhoea latifolia,wfo-0000751970,Asphodelaceae,Xanthorrhoea,species
Bauhinia retusa,bauhinia retusa,bauhinia retusa,2,FALSE,FALSE,unresolved_by_both,exact_conflict,exact_synonym_conflict,NA,NA,NA,NA,NA
Bauhinia roxburghiana,bauhinia roxburghiana,bauhinia roxburghiana,1,TRUE,TRUE,resolved_by_both,exact_synonym,exact_synonym_unique,Phanera roxburghiana,wfo-1000003003,Fabaceae,Phanera,species
Dalbergia melanoxylon,dalbergia melanoxylon,dalbergia melanoxylon,1,TRUE,TRUE,resolved_by_both,exact_accepted,exact_accepted_unique,Dalbergia melanoxylon,wfo-0000172325,Fabaceae,Dalbergia,species
Aglaomorpha quercifolia,aglaomorpha quercifolia,aglaomorpha quercifolia,1,TRUE,TRUE,resolved_by_both,exact_synonym,exact_synonym_unique,Drynaria quercifolia,wfo-0001115919,Polypodiaceae,Drynaria,species
Origanum majoricum,origanum majoricum,origanum majoricum,0,FALSE,FALSE,unresolved_by_both,unresolved,no_match,NA,NA,NA,NA,NA
Onopordum illyricum,onopordum illyricum,onopordum illyricum,1,TRUE,TRUE,resolved_by_both,exact_accepted,exact_accepted_unique,Onopordum illyricum,wfo-0000061670,Asteraceae,Onopordum,species
Brosimum lactescens,brosimum lactescens,brosimum lactescens,1,TRUE,TRUE,resolved_by_both,exact_accepted,exact_accepted_unique,Brosimum lactescens,wfo-0000572414,Moraceae,Brosimum,species
Apuleia leiocarpa,apuleia leiocarpa,apuleia leiocarpa,1,TRUE,TRUE,resolved_by_both,exact_accepted,exact_accepted_unique,Apuleia leiocarpa,wfo-0000186778,Fabaceae,Apuleia,species
Calopogonium,calopogonium,calopogonium,1,TRUE,TRUE,resolved_by_both,exact_accepted,exact_accepted_unique,Calopogonium,wfo-4000006176,Fabaceae,Calopogonium,genus
Iresine angustifolia,iresine angustifolia,iresine angustifolia,1,TRUE,TRUE,resolved_by_both,exact_accepted,exact_accepted_unique,Iresine angustifolia,wfo-0000732125,Amaranthaceae,Iresine,species
Iresine diffusa,iresine diffusa,iresine diffusa,1,TRUE,TRUE,resolved_by_both,exact_accepted,exact_accepted_unique,Iresine diffusa,wfo-0000732153,Amaranthaceae,Iresine,species
Iris bungei,iris bungei,iris bungei,1,TRUE,TRUE,resolved_by_both,exact_accepted,exact_accepted_unique,Iris bungei,wfo-0000783170,Iridaceae,Iris,species
Celosia argentea,celosia argentea,celosia argentea,1,TRUE,TRUE,resolved_by_both,exact_accepted,exact_accepted_unique,Celosia argentea,wfo-0000593019,Amaranthaceae,Celosia,species
Cynara humilis,cynara humilis,cynara humilis,2,FALSE,TRUE,recovered_by_hierarchical_rules,exact_accepted,exact_accepted_unique,Cynara humilis,wfo-0000068562,Asteraceae,Cynara,species
Artocarpus reticulatus,artocarpus reticulatus,artocarpus reticulatus,3,FALSE,TRUE,recovered_by_hierarchical_rules,exact_accepted,exact_accepted_unique,Artocarpus reticulatus,wfo-0000550586,Moraceae,Artocarpus,species
Senecio canchahuinganquensis,senecio canchahuinganquensis,senecio canchahuinganquensis,1,TRUE,TRUE,resolved_by_both,exact_accepted,exact_accepted_unique,Senecio canchahuinganquensis,wfo-0000024717,Asteraceae,Senecio,species
Glycyrrhiza astragalina,glycyrrhiza astragalina,glycyrrhiza astragalina,1,TRUE,TRUE,resolved_by_both,exact_accepted,exact_accepted_unique,Glycyrrhiza astragalina,wfo-0000170581,Fabaceae,Glycyrrhiza,species
Dodonaea viscosa,dodonaea viscosa,dodonaea viscosa,1,TRUE,TRUE,resolved_by_both,exact_accepted,exact_accepted_unique,Dodonaea viscosa,wfo-0000653170,Sapindaceae,Dodonaea,species
Helichrysum formosissimum,helichrysum formosissimum,helichrysum formosissimum,1,TRUE,TRUE,resolved_by_both,exact_accepted,exact_accepted_unique,Helichrysum formosissimum,wfo-0000109302,Asteraceae,Helichrysum,species
Eremophila flaccida,eremophila flaccida,eremophila flaccida,1,TRUE,TRUE,resolved_by_both,exact_accepted,exact_accepted_unique,Eremophila flaccida,wfo-0000507151,Scrophulariaceae,Eremophila,species
Cassinia arcuata,cassinia arcuata,cassinia arcuata,1,TRUE,TRUE,resolved_by_both,exact_accepted,exact_accepted_unique,Cassinia arcuata,wfo-0000067092,Asteraceae,Cassinia,species
Cassinia quinquefaria,cassinia quinquefaria,cassinia quinquefaria,2,FALSE,TRUE,recovered_by_hierarchical_rules,exact_accepted,exact_accepted_unique,Cassinia quinquefaria,wfo-0000023375,Asteraceae,Cassinia,species
Alnus maximowiczii,alnus maximowiczii,alnus maximowiczii,1,TRUE,TRUE,resolved_by_both,exact_accepted,exact_accepted_unique,Alnus maximowiczii,wfo-0000946792,Betulaceae,Alnus,species
Baccharis aliena,baccharis aliena,baccharis aliena,1,TRUE,TRUE,resolved_by_both,exact_accepted,exact_accepted_unique,Baccharis aliena,wfo-0000001085,Asteraceae,Baccharis,species
Dysphania graveolens,dysphania graveolens,dysphania graveolens,1,TRUE,TRUE,resolved_by_both,exact_synonym,exact_synonym_unique,Chenopodium incisum,wfo-0000601414,Amaranthaceae,Chenopodium,species
Combretum apiculatum,combretum apiculatum,combretum apiculatum,1,TRUE,TRUE,resolved_by_both,exact_accepted,exact_accepted_unique,Combretum apiculatum,wfo-0000616083,Combretaceae,Combretum,species
Cryptocarya strictifolia,cryptocarya strictifolia,cryptocarya strictifolia,1,TRUE,TRUE,resolved_by_both,exact_accepted,exact_accepted_unique,Cryptocarya strictifolia,wfo-0000628212,Lauraceae,Cryptocarya,species
Ratibida columnifera,ratibida columnifera,ratibida columnifera,1,TRUE,TRUE,resolved_by_both,exact_accepted,exact_accepted_unique,Ratibida columnifera,wfo-0000083837,Asteraceae,Ratibida,species
Chenopodium vulvaria,chenopodium vulvaria,chenopodium vulvaria,1,TRUE,TRUE,resolved_by_both,exact_accepted,exact_accepted_unique,Chenopodium vulvaria,wfo-0000601914,Amaranthaceae,Chenopodium,species
Helichrysum zeyheri,helichrysum zeyheri,helichrysum zeyheri,1,TRUE,TRUE,resolved_by_both,exact_accepted,exact_accepted_unique,Helichrysum zeyheri,wfo-0000059588,Asteraceae,Helichrysum,species
Dolichlasium lagascae,dolichlasium lagascae,dolichlasium lagascae,1,TRUE,TRUE,resolved_by_both,exact_accepted,exact_accepted_unique,Dolichlasium lagascae,wfo-0000069936,Asteraceae,Dolichlasium,species
Lophopappus tarapacanus,lophopappus tarapacanus,lophopappus tarapacanus,1,TRUE,TRUE,resolved_by_both,exact_accepted,exact_accepted_unique,Lophopappus tarapacanus,wfo-0000089159,Asteraceae,Lophopappus,species
Flourensia,flourensia,flourensia,1,TRUE,TRUE,resolved_by_both,exact_accepted,exact_accepted_unique,Flourensia,wfo-4000014876,Asteraceae,Flourensia,genus
Flourensia ilicifolia,flourensia ilicifolia,flourensia ilicifolia,1,TRUE,TRUE,resolved_by_both,exact_accepted,exact_accepted_unique,Flourensia ilicifolia,wfo-0000008946,Asteraceae,Flourensia,species
Pterocaulon serrulatum,pterocaulon serrulatum,pterocaulon serrulatum,1,TRUE,TRUE,resolved_by_both,exact_accepted,exact_accepted_unique,Pterocaulon serrulatum,wfo-0000074834,Asteraceae,Pterocaulon,species
Goniothalamus borneensis,goniothalamus borneensis,goniothalamus borneensis,1,TRUE,TRUE,resolved_by_both,exact_accepted,exact_accepted_unique,Goniothalamus borneensis,wfo-0000706435,Annonaceae,Goniothalamus,species
Lychnophora markgravii,lychnophora markgravii,lychnophora markgravii,1,TRUE,TRUE,resolved_by_both,exact_accepted,exact_accepted_unique,Lychnophora markgravii,wfo-0000009680,Asteraceae,Lychnophora,species
Pseudognaphalium robustum,pseudognaphalium robustum,pseudognaphalium robustum,1,TRUE,TRUE,resolved_by_both,exact_synonym,exact_synonym_unique,Gnaphalium robustum,wfo-0000091138,Asteraceae,Gnaphalium,species
Piper lanceaefolium,piper lanceaefolium,piper lanceaefolium,0,FALSE,FALSE,unresolved_by_both,unresolved,no_match,NA,NA,NA,NA,NA
Stellaria dichotoma,stellaria dichotoma,stellaria dichotoma,2,FALSE,TRUE,recovered_by_hierarchical_rules,exact_accepted,exact_accepted_unique,Stellaria dichotoma,wfo-0000436256,Caryophyllaceae,Stellaria,species
Turnera diffusa,turnera diffusa,turnera diffusa,1,TRUE,TRUE,resolved_by_both,exact_accepted,exact_accepted_unique,Turnera diffusa,wfo-0001143048,Passifloraceae,Turnera,species
Phonus arborescens,phonus arborescens,phonus arborescens,1,TRUE,TRUE,resolved_by_both,exact_accepted,exact_accepted_unique,Phonus arborescens,wfo-0000032213,Asteraceae,Phonus,species
Goniothalamus griffithii,goniothalamus griffithii,goniothalamus griffithii,1,TRUE,TRUE,resolved_by_both,exact_accepted,exact_accepted_unique,Goniothalamus griffithii,wfo-0000706491,Annonaceae,Goniothalamus,species
Helichrysum trilineatum,helichrysum trilineatum,helichrysum trilineatum,1,TRUE,TRUE,resolved_by_both,exact_accepted,exact_accepted_unique,Helichrysum trilineatum,wfo-0000035459,Asteraceae,Helichrysum,species
Litsea glaucescens,litsea glaucescens,litsea glaucescens,1,TRUE,TRUE,resolved_by_both,exact_accepted,exact_accepted_unique,Litsea glaucescens,wfo-0000365712,Lauraceae,Litsea,species
Cleome droserifolia,cleome droserifolia,cleome droserifolia,1,TRUE,TRUE,resolved_by_both,exact_accepted,exact_accepted_unique,Cleome droserifolia,wfo-0000611246,Capparaceae,Cleome,species
Dennstaedtia zeylanica ex,dennstaedtia zeylanica ex,dennstaedtia zeylanica,1,TRUE,TRUE,resolved_by_both,canonical,canonical_unique,Sitobolium zeylanicum,wfo-1000044503,Dennstaedtiaceae,Sitobolium,species
Monticalia vaccinioides,monticalia vaccinioides,monticalia vaccinioides,1,TRUE,TRUE,resolved_by_both,exact_synonym,exact_synonym_unique,Pentacalia vaccinioides,wfo-0000117662,Asteraceae,Pentacalia,species
Baccharis vaccinioides,baccharis vaccinioides,baccharis vaccinioides,1,TRUE,TRUE,resolved_by_both,exact_synonym,exact_synonym_unique,Baccharis pseudovaccinioides,wfo-0000003046,Asteraceae,Baccharis,species
Pinus jeffreyi,pinus jeffreyi,pinus jeffreyi,1,TRUE,TRUE,resolved_by_both,exact_accepted,exact_accepted_unique,Pinus jeffreyi,wfo-0000481099,Pinaceae,Pinus,species
Pinus montana,pinus montana,pinus montana,3,FALSE,FALSE,unresolved_by_both,exact_conflict,exact_synonym_conflict,NA,NA,NA,NA,NA
Pinus mugo,pinus mugo,pinus mugo,1,TRUE,TRUE,resolved_by_both,exact_accepted,exact_accepted_unique,Pinus mugo,wfo-0000481789,Pinaceae,Pinus,species
Pinus wallichiana,pinus wallichiana,pinus wallichiana,1,TRUE,TRUE,resolved_by_both,exact_accepted,exact_accepted_unique,Pinus wallichiana,wfo-0000481612,Pinaceae,Pinus,species
Pinus aristata,pinus aristata,pinus aristata,1,TRUE,TRUE,resolved_by_both,exact_accepted,exact_accepted_unique,Pinus aristata,wfo-0000482619,Pinaceae,Pinus,species
Pinus banksiana,pinus banksiana,pinus banksiana,1,TRUE,TRUE,resolved_by_both,exact_accepted,exact_accepted_unique,Pinus banksiana,wfo-0000482353,Pinaceae,Pinus,species
Pinus pinaster,pinus pinaster,pinus pinaster,1,TRUE,TRUE,resolved_by_both,exact_accepted,exact_accepted_unique,Pinus pinaster,wfo-0000481910,Pinaceae,Pinus,species
Pinus pinea,pinus pinea,pinus pinea,1,TRUE,TRUE,resolved_by_both,exact_accepted,exact_accepted_unique,Pinus pinea,wfo-0000481895,Pinaceae,Pinus,species
Acacia constricta,acacia constricta,acacia constricta,1,TRUE,TRUE,resolved_by_both,exact_synonym,exact_synonym_unique,Vachellia constricta,wfo-0001277423,Fabaceae,Vachellia,species
Vachellia constricta,vachellia constricta,vachellia constricta,1,TRUE,TRUE,resolved_by_both,exact_accepted,exact_accepted_unique,Vachellia constricta,wfo-0001277423,Fabaceae,Vachellia,species
Ficus conraui,ficus conraui,ficus conraui,1,TRUE,TRUE,resolved_by_both,exact_accepted,exact_accepted_unique,Ficus conraui,wfo-0000687901,Moraceae,Ficus,species
Helichrysum sutherlandii,helichrysum sutherlandii,helichrysum sutherlandii,1,TRUE,TRUE,resolved_by_both,exact_accepted,exact_accepted_unique,Helichrysum sutherlandii,wfo-0000015336,Asteraceae,Helichrysum,species
Conioselinum anthriscoides,conioselinum anthriscoides,conioselinum anthriscoides,1,TRUE,TRUE,resolved_by_both,exact_accepted,exact_accepted_unique,Conioselinum anthriscoides,wfo-0001342043,Apiaceae,Conioselinum,species
Alphitonia excelsa,alphitonia excelsa,alphitonia excelsa,2,FALSE,TRUE,recovered_by_hierarchical_rules,exact_accepted,exact_accepted_unique,Alphitonia excelsa,wfo-0000527304,Rhamnaceae,Alphitonia,species
Alphitonia petriei,alphitonia petriei,alphitonia petriei,1,TRUE,TRUE,resolved_by_both,exact_accepted,exact_accepted_unique,Alphitonia petriei,wfo-0000527317,Rhamnaceae,Alphitonia,species
Tephrosia obovata,tephrosia obovata,tephrosia obovata,1,TRUE,TRUE,resolved_by_both,exact_accepted,exact_accepted_unique,Tephrosia obovata,wfo-0000185872,Fabaceae,Tephrosia,species
Monteverdia rigida,monteverdia rigida,monteverdia rigida,1,TRUE,TRUE,resolved_by_both,exact_synonym,exact_synonym_unique,Maytenus rigida,wfo-0001292537,Celastraceae,Maytenus,species
Salacia oblonga,salacia oblonga,salacia oblonga,1,TRUE,TRUE,resolved_by_both,exact_accepted,exact_accepted_unique,Salacia oblonga,wfo-1200025470,Celastraceae,Salacia,species
Pterogyne nitens,pterogyne nitens,pterogyne nitens,1,TRUE,TRUE,resolved_by_both,exact_accepted,exact_accepted_unique,Pterogyne nitens,wfo-0000170614,Fabaceae,Pterogyne,species
Coreopsis douglasii,coreopsis douglasii,coreopsis douglasii,1,TRUE,TRUE,resolved_by_both,exact_accepted,exact_accepted_unique,Coreopsis douglasii,wfo-0000045312,Asteraceae,Coreopsis,species
Dahlia pinnata,dahlia pinnata,dahlia pinnata,1,TRUE,TRUE,resolved_by_both,exact_accepted,exact_accepted_unique,Dahlia pinnata,wfo-0000064103,Asteraceae,Dahlia,species
Dahlia variabilis,dahlia variabilis,dahlia variabilis,1,TRUE,TRUE,resolved_by_both,exact_synonym,exact_synonym_unique,Dahlia pinnata,wfo-0000064103,Asteraceae,Dahlia,species
Tephrosia abbottiae,tephrosia abbottiae,tephrosia abbottiae,1,TRUE,TRUE,resolved_by_both,exact_accepted,exact_accepted_unique,Tephrosia abbottiae,wfo-0000164210,Fabaceae,Tephrosia,species
Maclura,maclura,maclura,1,TRUE,TRUE,resolved_by_both,exact_accepted,exact_accepted_unique,Maclura,wfo-4000022646,Moraceae,Maclura,genus
Cudrania,cudrania,cudrania,1,TRUE,TRUE,resolved_by_both,exact_synonym,exact_synonym_unique,Maclura,wfo-4000022646,Moraceae,Maclura,genus
Microlepia marginata,microlepia marginata,microlepia marginata,1,TRUE,TRUE,resolved_by_both,exact_accepted,exact_accepted_unique,Microlepia marginata,wfo-0001107360,Dennstaedtiaceae,Microlepia,species
Primula pulverulenta,primula pulverulenta,primula pulverulenta,1,TRUE,TRUE,resolved_by_both,exact_accepted,exact_accepted_unique,Primula pulverulenta,wfo-0001105481,Primulaceae,Primula,species
Collinsonia canadensis,collinsonia canadensis,collinsonia canadensis,1,TRUE,TRUE,resolved_by_both,exact_accepted,exact_accepted_unique,Collinsonia canadensis,wfo-0000916928,Lamiaceae,Collinsonia,species
Vachellia luederitzii,vachellia luederitzii,vachellia luederitzii,1,TRUE,TRUE,resolved_by_both,exact_accepted,exact_accepted_unique,Vachellia luederitzii,wfo-0001336861,Fabaceae,Vachellia,species
Qualea paraensis,qualea paraensis,qualea paraensis,1,TRUE,TRUE,resolved_by_both,exact_accepted,exact_accepted_unique,Qualea paraensis,wfo-0000733145,Vochysiaceae,Qualea,species
Sparattosperma leucanthum,sparattosperma leucanthum,sparattosperma leucanthum,1,TRUE,TRUE,resolved_by_both,exact_accepted,exact_accepted_unique,Sparattosperma leucanthum,wfo-0000779743,Bignoniaceae,Sparattosperma,species
Calliandra inermis,calliandra inermis,calliandra inermis,1,TRUE,TRUE,resolved_by_both,exact_synonym,exact_synonym_unique,Vachellia leucophloea var. leucophloea,wfo-0001427508,Fabaceae,Vachellia,variety
Veratrum taliense,veratrum taliense,veratrum taliense,1,TRUE,TRUE,resolved_by_both,exact_accepted,exact_accepted_unique,Veratrum taliense,wfo-0000751777,Melanthiaceae,Veratrum,species
Nothofagus alpina,nothofagus alpina,nothofagus alpina,1,TRUE,TRUE,resolved_by_both,exact_accepted,exact_accepted_unique,Nothofagus alpina,wfo-0000252103,Nothofagaceae,Nothofagus,species
Eclipta alba,eclipta alba,eclipta alba,1,TRUE,TRUE,resolved_by_both,exact_synonym,exact_synonym_unique,Eclipta prostrata,wfo-0000108811,Asteraceae,Eclipta,species
Eclipta prostrata,eclipta prostrata,eclipta prostrata,2,FALSE,TRUE,recovered_by_hierarchical_rules,exact_accepted,exact_accepted_unique,Eclipta prostrata,wfo-0000108811,Asteraceae,Eclipta,species
Sphagneticola calendulacea,sphagneticola calendulacea,sphagneticola calendulacea,1,TRUE,TRUE,resolved_by_both,exact_accepted,exact_accepted_unique,Sphagneticola calendulacea,wfo-0000072506,Asteraceae,Sphagneticola,species
Wedelia acapulcensis,wedelia acapulcensis,wedelia acapulcensis,1,TRUE,TRUE,resolved_by_both,exact_accepted,exact_accepted_unique,Wedelia acapulcensis,wfo-0000020537,Asteraceae,Wedelia,species
Wedelia,wedelia,wedelia,1,TRUE,TRUE,resolved_by_both,exact_accepted,exact_accepted_unique,Wedelia,wfo-4000040574,Asteraceae,Wedelia,genus
Cordia obliqua,cordia obliqua,cordia obliqua,3,FALSE,FALSE,unresolved_by_both,exact_conflict,exact_synonym_conflict,NA,NA,NA,NA,NA
Rhododendron ponticum,rhododendron ponticum,rhododendron ponticum,2,FALSE,TRUE,recovered_by_hierarchical_rules,exact_accepted,exact_accepted_unique,Rhododendron ponticum,wfo-0000400178,Ericaceae,Rhododendron,species
Lespedeza capitata,lespedeza capitata,lespedeza capitata,1,TRUE,TRUE,resolved_by_both,exact_accepted,exact_accepted_unique,Lespedeza capitata,wfo-0000164446,Fabaceae,Lespedeza,species
Plantago depressa,plantago depressa,plantago depressa,1,TRUE,TRUE,resolved_by_both,exact_accepted,exact_accepted_unique,Plantago depressa,wfo-0000486802,Plantaginaceae,Plantago,species
Spinacia oleracea,spinacia oleracea,spinacia oleracea,1,TRUE,TRUE,resolved_by_both,exact_accepted,exact_accepted_unique,Spinacia oleracea,wfo-0000437543,Amaranthaceae,Spinacia,species
Euphorbia polycaulis,euphorbia polycaulis,euphorbia polycaulis,1,TRUE,TRUE,resolved_by_both,exact_accepted,exact_accepted_unique,Euphorbia polycaulis,wfo-0000964102,Euphorbiaceae,Euphorbia,species
Rhynchosia densiflora,rhynchosia densiflora,rhynchosia densiflora,2,FALSE,TRUE,recovered_by_hierarchical_rules,exact_accepted,exact_accepted_unique,Rhynchosia densiflora,wfo-0000186167,Fabaceae,Rhynchosia,species
Gleditsia japonica,gleditsia japonica,gleditsia japonica,2,FALSE,TRUE,recovered_by_hierarchical_rules,exact_accepted,exact_accepted_unique,Gleditsia japonica,wfo-0000185997,Fabaceae,Gleditsia,species
Senegalia catechu,senegalia catechu,senegalia catechu,1,TRUE,TRUE,resolved_by_both,exact_accepted,exact_accepted_unique,Senegalia catechu,wfo-0001284769,Fabaceae,Senegalia,species
Microglossa pyrifolia,microglossa pyrifolia,microglossa pyrifolia,1,TRUE,TRUE,resolved_by_both,exact_accepted,exact_accepted_unique,Microglossa pyrifolia,wfo-0000069777,Asteraceae,Microglossa,species
Nothofagus fusca,nothofagus fusca,nothofagus fusca,1,TRUE,TRUE,resolved_by_both,exact_accepted,exact_accepted_unique,Nothofagus fusca,wfo-0000252131,Nothofagaceae,Nothofagus,species
Ouratea hexasperma,ouratea hexasperma,ouratea hexasperma,1,TRUE,TRUE,resolved_by_both,exact_accepted,exact_accepted_unique,Ouratea hexasperma,wfo-0001225500,Ochnaceae,Ouratea,species
Oxytropis trichophysa,oxytropis trichophysa,oxytropis trichophysa,1,TRUE,TRUE,resolved_by_both,exact_accepted,exact_accepted_unique,Oxytropis trichophysa,wfo-0000199113,Fabaceae,Oxytropis,species
Vitex agnus-castus,vitex agnus-castus,vitex agnus-castus,1,TRUE,TRUE,resolved_by_both,exact_accepted,exact_accepted_unique,Vitex agnus-castus,wfo-0000332916,Lamiaceae,Vitex,species
Haloxylon scoparium,haloxylon scoparium,haloxylon scoparium,1,TRUE,TRUE,resolved_by_both,exact_accepted,exact_accepted_unique,Haloxylon scoparium,wfo-0000715248,Amaranthaceae,Haloxylon,species
Lonchocarpus eriocarinalis,lonchocarpus eriocarinalis,lonchocarpus eriocarinalis,1,TRUE,TRUE,resolved_by_both,exact_accepted,exact_accepted_unique,Lonchocarpus eriocarinalis,wfo-0000164476,Fabaceae,Lonchocarpus,species
Acer platanoides,acer platanoides,acer platanoides,1,TRUE,TRUE,resolved_by_both,exact_accepted,exact_accepted_unique,Acer platanoides,wfo-0000514884,Sapindaceae,Acer,species
Bituminaria acaulis,bituminaria acaulis,bituminaria acaulis,1,TRUE,TRUE,resolved_by_both,exact_synonym,exact_synonym_unique,Kartalinia acaulis,wfo-0001443883,Fabaceae,Kartalinia,species
Cullen drupaceum,cullen drupaceum,cullen drupaceum,0,FALSE,FALSE,unresolved_by_both,unresolved,no_match,NA,NA,NA,NA,NA
Scutellaria grossa,scutellaria grossa,scutellaria grossa,1,TRUE,TRUE,resolved_by_both,exact_accepted,exact_accepted_unique,Scutellaria grossa,wfo-0000307861,Lamiaceae,Scutellaria,species
Ophryosporus heptanthus,ophryosporus heptanthus,ophryosporus heptanthus,1,TRUE,TRUE,resolved_by_both,exact_accepted,exact_accepted_unique,Ophryosporus heptanthus,wfo-0000017338,Asteraceae,Ophryosporus,species
Diplotropis purpurea,diplotropis purpurea,diplotropis purpurea,1,TRUE,TRUE,resolved_by_both,exact_accepted,exact_accepted_unique,Diplotropis purpurea,wfo-0000163862,Fabaceae,Diplotropis,species
Trifolium ligusticum,trifolium ligusticum,trifolium ligusticum,1,TRUE,TRUE,resolved_by_both,exact_accepted,exact_accepted_unique,Trifolium ligusticum,wfo-0000213024,Fabaceae,Trifolium,species
Trifolium ornithopodioides,trifolium ornithopodioides,trifolium ornithopodioides,1,TRUE,TRUE,resolved_by_both,exact_accepted,exact_accepted_unique,Trifolium ornithopodioides,wfo-0000213039,Fabaceae,Trifolium,species
Trifolium purpureum,trifolium purpureum,trifolium purpureum,2,FALSE,TRUE,recovered_by_hierarchical_rules,exact_accepted,exact_accepted_unique,Trifolium purpureum,wfo-0000213055,Fabaceae,Trifolium,species
Ononis alopecuroides,ononis alopecuroides,ononis alopecuroides,3,FALSE,TRUE,recovered_by_hierarchical_rules,exact_accepted,exact_accepted_unique,Ononis alopecuroides,wfo-0000212834,Fabaceae,Ononis,species
Ononis biflora,ononis biflora,ononis biflora,1,TRUE,TRUE,resolved_by_both,exact_accepted,exact_accepted_unique,Ononis biflora,wfo-0000212849,Fabaceae,Ononis,species
Ononis hispida,ononis hispida,ononis hispida,1,TRUE,TRUE,resolved_by_both,exact_accepted,exact_accepted_unique,Ononis hispida,wfo-0000212867,Fabaceae,Ononis,species
Ononis minutissima,ononis minutissima,ononis minutissima,2,FALSE,TRUE,recovered_by_hierarchical_rules,exact_accepted,exact_accepted_unique,Ononis minutissima,wfo-0000212876,Fabaceae,Ononis,species
Ononis mitissima,ononis mitissima,ononis mitissima,1,TRUE,TRUE,resolved_by_both,exact_accepted,exact_accepted_unique,Ononis mitissima,wfo-0000212877,Fabaceae,Ononis,species
Ononis oligophylla,ononis oligophylla,ononis oligophylla,1,TRUE,TRUE,resolved_by_both,exact_accepted,exact_accepted_unique,Ononis oligophylla,wfo-0000213899,Fabaceae,Ononis,species
Ononis pinnata,ononis pinnata,ononis pinnata,1,TRUE,TRUE,resolved_by_both,exact_accepted,exact_accepted_unique,Ononis pinnata,wfo-0000212901,Fabaceae,Ononis,species
Ononis subspicata,ononis subspicata,ononis subspicata,1,TRUE,TRUE,resolved_by_both,exact_synonym,exact_synonym_unique,Ononis baetica,wfo-0000213892,Fabaceae,Ononis,species
Ononis variegata,ononis variegata,ononis variegata,1,TRUE,TRUE,resolved_by_both,exact_accepted,exact_accepted_unique,Ononis variegata,wfo-0000212924,Fabaceae,Ononis,species
Tephrosia angustissima,tephrosia angustissima,tephrosia angustissima,2,FALSE,TRUE,recovered_by_hierarchical_rules,exact_accepted,exact_accepted_unique,Tephrosia angustissima,wfo-0001049779,Fabaceae,Tephrosia,species
Lathyrus aphaca,lathyrus aphaca,lathyrus aphaca,1,TRUE,TRUE,resolved_by_both,exact_accepted,exact_accepted_unique,Lathyrus aphaca,wfo-0000212673,Fabaceae,Lathyrus,species
Lathyrus cicera,lathyrus cicera,lathyrus cicera,3,FALSE,TRUE,recovered_by_hierarchical_rules,exact_accepted,exact_accepted_consensus_multiple_ids,Lathyrus cicera,wfo-0000175952,Fabaceae,Lathyrus,species
Lathyrus grandiflorus,lathyrus grandiflorus,lathyrus grandiflorus,2,FALSE,TRUE,recovered_by_hierarchical_rules,exact_accepted,exact_accepted_unique,Lathyrus grandiflorus,wfo-0000213808,Fabaceae,Lathyrus,species
Lathyrus hirsutus,lathyrus hirsutus,lathyrus hirsutus,1,TRUE,TRUE,resolved_by_both,exact_accepted,exact_accepted_unique,Lathyrus hirsutus,wfo-0000212684,Fabaceae,Lathyrus,species
Lathyrus ochrus,lathyrus ochrus,lathyrus ochrus,1,TRUE,TRUE,resolved_by_both,exact_accepted,exact_accepted_unique,Lathyrus ochrus,wfo-0000212699,Fabaceae,Lathyrus,species
Lathyrus palustris,lathyrus palustris,lathyrus palustris,2,FALSE,TRUE,recovered_by_hierarchical_rules,exact_accepted,exact_accepted_unique,Lathyrus palustris,wfo-0000213816,Fabaceae,Lathyrus,species
Lathyrus roseus,lathyrus roseus,lathyrus roseus,2,FALSE,TRUE,recovered_by_hierarchical_rules,exact_accepted,exact_accepted_unique,Lathyrus roseus,wfo-0000213821,Fabaceae,Lathyrus,species
Lathyrus sylvestris,lathyrus sylvestris,lathyrus sylvestris,1,TRUE,TRUE,resolved_by_both,exact_accepted,exact_accepted_unique,Lathyrus sylvestris,wfo-0000213824,Fabaceae,Lathyrus,species
Lathyrus tuberosus,lathyrus tuberosus,lathyrus tuberosus,1,TRUE,TRUE,resolved_by_both,exact_accepted,exact_accepted_unique,Lathyrus tuberosus,wfo-0000213826,Fabaceae,Lathyrus,species
Bobgunnia madagascariensis,bobgunnia madagascariensis,bobgunnia madagascariensis,1,TRUE,TRUE,resolved_by_both,exact_accepted,exact_accepted_unique,Bobgunnia madagascariensis,wfo-0000192568,Fabaceae,Bobgunnia,species
Caragana acanthophylla,caragana acanthophylla,caragana acanthophylla,1,TRUE,TRUE,resolved_by_both,exact_accepted,exact_accepted_unique,Caragana acanthophylla,wfo-0000186882,Fabaceae,Caragana,species
Caragana ambigua,caragana ambigua,caragana ambigua,1,TRUE,TRUE,resolved_by_both,exact_accepted,exact_accepted_unique,Caragana ambigua,wfo-0000186072,Fabaceae,Caragana,species
Caragana arborescens,caragana arborescens,caragana arborescens,1,TRUE,TRUE,resolved_by_both,exact_accepted,exact_accepted_unique,Caragana arborescens,wfo-0000213639,Fabaceae,Caragana,species
Caragana aurantiaca,caragana aurantiaca,caragana aurantiaca,1,TRUE,TRUE,resolved_by_both,exact_accepted,exact_accepted_unique,Caragana aurantiaca,wfo-0000194793,Fabaceae,Caragana,species
Caragana boisii,caragana boisii,caragana boisii,1,TRUE,TRUE,resolved_by_both,exact_accepted,exact_accepted_unique,Caragana boisii,wfo-0000186884,Fabaceae,Caragana,species
Caragana brevispina,caragana brevispina,caragana brevispina,1,TRUE,TRUE,resolved_by_both,exact_accepted,exact_accepted_unique,Caragana brevispina,wfo-0000186070,Fabaceae,Caragana,species
Caragana decorticans,caragana decorticans,caragana decorticans,1,TRUE,TRUE,resolved_by_both,exact_accepted,exact_accepted_unique,Caragana decorticans,wfo-0000186067,Fabaceae,Caragana,species
Caragana densa,caragana densa,caragana densa,1,TRUE,TRUE,resolved_by_both,exact_accepted,exact_accepted_unique,Caragana densa,wfo-0000186077,Fabaceae,Caragana,species
Caragana erinacea,caragana erinacea,caragana erinacea,1,TRUE,TRUE,resolved_by_both,exact_accepted,exact_accepted_unique,Caragana erinacea,wfo-0000186606,Fabaceae,Caragana,species
Caragana franchetiana,caragana franchetiana,caragana franchetiana,1,TRUE,TRUE,resolved_by_both,exact_accepted,exact_accepted_unique,Caragana franchetiana,wfo-0000186078,Fabaceae,Caragana,species
Caragana frutex,caragana frutex,caragana frutex,1,TRUE,TRUE,resolved_by_both,exact_accepted,exact_accepted_unique,Caragana frutex,wfo-0000213640,Fabaceae,Caragana,species
Caragana fruticosa,caragana fruticosa,caragana fruticosa,1,TRUE,TRUE,resolved_by_both,exact_synonym,exact_synonym_unique,Caragana arborescens,wfo-0000213639,Fabaceae,Caragana,species
Caragana gerardiana,caragana gerardiana,caragana gerardiana,1,TRUE,TRUE,resolved_by_both,exact_accepted,exact_accepted_unique,Caragana gerardiana,wfo-0000186890,Fabaceae,Caragana,species
Caragana grandiflora,caragana grandiflora,caragana grandiflora,1,TRUE,TRUE,resolved_by_both,exact_accepted,exact_accepted_unique,Caragana grandiflora,wfo-0000213641,Fabaceae,Caragana,species
Caragana jubata,caragana jubata,caragana jubata,1,TRUE,TRUE,resolved_by_both,exact_accepted,exact_accepted_unique,Caragana jubata,wfo-0000194798,Fabaceae,Caragana,species
Caragana kirghisorum,caragana kirghisorum,caragana kirghisorum,1,TRUE,TRUE,resolved_by_both,exact_accepted,exact_accepted_unique,Caragana kirghisorum,wfo-0000186052,Fabaceae,Caragana,species
Caragana laeta,caragana laeta,caragana laeta,1,TRUE,TRUE,resolved_by_both,exact_accepted,exact_accepted_unique,Caragana laeta,wfo-0000186053,Fabaceae,Caragana,species
Caragana pekinensis,caragana pekinensis,caragana pekinensis,1,TRUE,TRUE,resolved_by_both,exact_accepted,exact_accepted_unique,Caragana pekinensis,wfo-0000186076,Fabaceae,Caragana,species
Caragana pleiophylla,caragana pleiophylla,caragana pleiophylla,1,TRUE,TRUE,resolved_by_both,exact_accepted,exact_accepted_unique,Caragana pleiophylla,wfo-0000186607,Fabaceae,Caragana,species
Caragana pumila,caragana pumila,caragana pumila,1,TRUE,TRUE,resolved_by_both,exact_accepted,exact_accepted_unique,Caragana pumila,wfo-0000186051,Fabaceae,Caragana,species
Caragana pygmaea,caragana pygmaea,caragana pygmaea,1,TRUE,TRUE,resolved_by_both,exact_accepted,exact_accepted_unique,Caragana pygmaea,wfo-0000186050,Fabaceae,Caragana,species
Caragana sophorifolia,caragana sophorifolia,caragana sophorifolia,1,TRUE,TRUE,resolved_by_both,exact_synonym,exact_synonym_unique,Caragana arborescens,wfo-0000213639,Fabaceae,Caragana,species
Caragana stenophylla,caragana stenophylla,caragana stenophylla,1,TRUE,TRUE,resolved_by_both,exact_accepted,exact_accepted_unique,Caragana stenophylla,wfo-0000186047,Fabaceae,Caragana,species
Caragana tangutica,caragana tangutica,caragana tangutica,1,TRUE,TRUE,resolved_by_both,exact_accepted,exact_accepted_unique,Caragana tangutica,wfo-0001059054,Fabaceae,Caragana,species
Caragana tragacanthoides,caragana tragacanthoides,caragana tragacanthoides,2,FALSE,TRUE,recovered_by_hierarchical_rules,exact_accepted,exact_accepted_unique,Caragana tragacanthoides,wfo-0000186046,Fabaceae,Caragana,species
Caragana turkestanica,caragana turkestanica,caragana turkestanica,1,TRUE,TRUE,resolved_by_both,exact_accepted,exact_accepted_unique,Caragana turkestanica,wfo-0000186609,Fabaceae,Caragana,species
Caragana ussuriensis,caragana ussuriensis,caragana ussuriensis,1,TRUE,TRUE,resolved_by_both,exact_accepted,exact_accepted_unique,Caragana ussuriensis,wfo-0000186045,Fabaceae,Caragana,species
Caragana zahlbruckneri,caragana zahlbruckneri,caragana zahlbruckneri,1,TRUE,TRUE,resolved_by_both,exact_accepted,exact_accepted_unique,Caragana zahlbruckneri,wfo-0001060759,Fabaceae,Caragana,species
Trifolium africanum,trifolium africanum,trifolium africanum,1,TRUE,TRUE,resolved_by_both,exact_accepted,exact_accepted_unique,Trifolium africanum,wfo-0000212962,Fabaceae,Trifolium,species
Trifolium angulatum,trifolium angulatum,trifolium angulatum,2,FALSE,TRUE,recovered_by_hierarchical_rules,exact_accepted,exact_accepted_unique,Trifolium angulatum,wfo-0000213944,Fabaceae,Trifolium,species
Trifolium bullatum,trifolium bullatum,trifolium bullatum,1,TRUE,TRUE,resolved_by_both,exact_accepted,exact_accepted_unique,Trifolium bullatum,wfo-0000212973,Fabaceae,Trifolium,species
Trifolium clusii,trifolium clusii,trifolium clusii,1,TRUE,TRUE,resolved_by_both,exact_accepted,exact_accepted_unique,Trifolium clusii,wfo-0000212985,Fabaceae,Trifolium,species
Trifolium congestum,trifolium congestum,trifolium congestum,2,FALSE,TRUE,recovered_by_hierarchical_rules,exact_accepted,exact_accepted_unique,Trifolium congestum,wfo-0000212986,Fabaceae,Trifolium,species
Trifolium heldreichianum,trifolium heldreichianum,trifolium heldreichianum,1,TRUE,TRUE,resolved_by_both,exact_accepted,exact_accepted_unique,Trifolium heldreichianum,wfo-0000213970,Fabaceae,Trifolium,species
Trifolium miegeanum,trifolium miegeanum,trifolium miegeanum,1,TRUE,TRUE,resolved_by_both,exact_accepted,exact_accepted_unique,Trifolium miegeanum,wfo-0000213030,Fabaceae,Trifolium,species
Trifolium oliganthum,trifolium oliganthum,trifolium oliganthum,1,TRUE,TRUE,resolved_by_both,exact_accepted,exact_accepted_unique,Trifolium oliganthum,wfo-0000174327,Fabaceae,Trifolium,species
Trifolium pallidum,trifolium pallidum,trifolium pallidum,2,FALSE,TRUE,recovered_by_hierarchical_rules,exact_accepted,exact_accepted_unique,Trifolium pallidum,wfo-0000213043,Fabaceae,Trifolium,species
Trifolium patulum,trifolium patulum,trifolium patulum,1,TRUE,TRUE,resolved_by_both,exact_accepted,exact_accepted_unique,Trifolium patulum,wfo-0000213994,Fabaceae,Trifolium,species
Trifolium pauciflorum,trifolium pauciflorum,trifolium pauciflorum,3,FALSE,TRUE,recovered_by_hierarchical_rules,exact_accepted,exact_accepted_unique,Trifolium pauciflorum,wfo-0000213995,Fabaceae,Trifolium,species
Trifolium phleoides,trifolium phleoides,trifolium phleoides,1,TRUE,TRUE,resolved_by_both,exact_accepted,exact_accepted_unique,Trifolium phleoides,wfo-0000213046,Fabaceae,Trifolium,species
Trifolium pignantii,trifolium pignantii,trifolium pignantii,1,TRUE,TRUE,resolved_by_both,exact_accepted,exact_accepted_unique,Trifolium pignantii,wfo-0000213996,Fabaceae,Trifolium,species
Trifolium saxatile,trifolium saxatile,trifolium saxatile,1,TRUE,TRUE,resolved_by_both,exact_accepted,exact_accepted_unique,Trifolium saxatile,wfo-0000214003,Fabaceae,Trifolium,species
Trifolium tenuifolium,trifolium tenuifolium,trifolium tenuifolium,1,TRUE,TRUE,resolved_by_both,exact_accepted,exact_accepted_unique,Trifolium tenuifolium,wfo-0000214009,Fabaceae,Trifolium,species
Trifolium vavilovii,trifolium vavilovii,trifolium vavilovii,1,TRUE,TRUE,resolved_by_both,exact_accepted,exact_accepted_unique,Trifolium vavilovii,wfo-0000186266,Fabaceae,Trifolium,species
Lonchocarpus castilloi,lonchocarpus castilloi,lonchocarpus castilloi,1,TRUE,TRUE,resolved_by_both,exact_accepted,exact_accepted_unique,Lonchocarpus castilloi,wfo-0000164462,Fabaceae,Lonchocarpus,species
Vigna trilobata,vigna trilobata,vigna trilobata,1,TRUE,TRUE,resolved_by_both,exact_accepted,exact_accepted_unique,Vigna trilobata,wfo-0000189289,Fabaceae,Vigna,species
Bridelia ferruginea,bridelia ferruginea,bridelia ferruginea,1,TRUE,TRUE,resolved_by_both,exact_accepted,exact_accepted_unique,Bridelia ferruginea,wfo-0000418247,Phyllanthaceae,Bridelia,species
Glycosmis,glycosmis,glycosmis,1,TRUE,TRUE,resolved_by_both,exact_accepted,exact_accepted_unique,Glycosmis,wfo-4000015850,Rutaceae,Glycosmis,genus
Paeonia lactiflora,paeonia lactiflora,paeonia lactiflora,1,TRUE,TRUE,resolved_by_both,exact_accepted,exact_accepted_unique,Paeonia lactiflora,wfo-0000480479,Paeoniaceae,Paeonia,species
Cyclamen persicum,cyclamen persicum,cyclamen persicum,1,TRUE,TRUE,resolved_by_both,exact_accepted,exact_accepted_unique,Cyclamen persicum,wfo-0000631834,Primulaceae,Cyclamen,species
Imperata cylindrica,imperata cylindrica,imperata cylindrica,1,TRUE,TRUE,resolved_by_both,exact_accepted,exact_accepted_unique,Imperata cylindrica,wfo-0000875631,Poaceae,Imperata,species
Pancratium biflorum,pancratium biflorum,pancratium biflorum,1,TRUE,TRUE,resolved_by_both,exact_accepted,exact_accepted_unique,Pancratium biflorum,wfo-0000728348,Amaryllidaceae,Pancratium,species
Luxemburgia nobilis,luxemburgia nobilis,luxemburgia nobilis,1,TRUE,TRUE,resolved_by_both,exact_accepted,exact_accepted_unique,Luxemburgia nobilis,wfo-0001265867,Ochnaceae,Luxemburgia,species
Petrorhagia dubia,petrorhagia dubia,petrorhagia dubia,1,TRUE,TRUE,resolved_by_both,exact_accepted,exact_accepted_unique,Petrorhagia dubia,wfo-0000395411,Caryophyllaceae,Petrorhagia,species
Dalbergia malabarica,dalbergia malabarica,dalbergia malabarica,1,TRUE,TRUE,resolved_by_both,exact_accepted,exact_accepted_unique,Dalbergia malabarica,wfo-0000204457,Fabaceae,Dalbergia,species
Hofmeisteria,hofmeisteria,hofmeisteria,1,TRUE,TRUE,resolved_by_both,exact_accepted,exact_accepted_unique,Hofmeisteria,wfo-4000018037,Asteraceae,Hofmeisteria,genus
Hofmeisteria schaffneri,hofmeisteria schaffneri,hofmeisteria schaffneri,1,TRUE,TRUE,resolved_by_both,exact_accepted,exact_accepted_unique,Hofmeisteria schaffneri,wfo-0000107781,Asteraceae,Hofmeisteria,species
Basella alba,basella alba,basella alba,1,TRUE,TRUE,resolved_by_both,exact_accepted,exact_accepted_unique,Basella alba,wfo-0000823202,Basellaceae,Basella,species
Coreopsis lanceolata,coreopsis lanceolata,coreopsis lanceolata,1,TRUE,TRUE,resolved_by_both,exact_accepted,exact_accepted_unique,Coreopsis lanceolata,wfo-0000046514,Asteraceae,Coreopsis,species
Macrothelypteris torresiana,macrothelypteris torresiana,macrothelypteris torresiana,1,TRUE,TRUE,resolved_by_both,exact_accepted,exact_accepted_unique,Macrothelypteris torresiana,wfo-0001107352,Thelypteridaceae,Macrothelypteris,species
Zanthoxylum ailanthoides,zanthoxylum ailanthoides,zanthoxylum ailanthoides,1,TRUE,TRUE,resolved_by_both,exact_accepted,exact_accepted_unique,Zanthoxylum ailanthoides,wfo-0001133276,Rutaceae,Zanthoxylum,species
Cladrastis,cladrastis,cladrastis,1,TRUE,TRUE,resolved_by_both,exact_accepted,exact_accepted_unique,Cladrastis,wfo-4000008456,Fabaceae,Cladrastis,genus
Rhododendron spiciferum,rhododendron spiciferum,rhododendron spiciferum,1,TRUE,TRUE,resolved_by_both,exact_accepted,exact_accepted_unique,Rhododendron spiciferum,wfo-0001048172,Ericaceae,Rhododendron,species
Plathymenia reticulata,plathymenia reticulata,plathymenia reticulata,1,TRUE,TRUE,resolved_by_both,exact_accepted,exact_accepted_unique,Plathymenia reticulata,wfo-0000182203,Fabaceae,Plathymenia,species
Clinopodium umbrosum,clinopodium umbrosum,clinopodium umbrosum,1,TRUE,TRUE,resolved_by_both,exact_accepted,exact_accepted_unique,Clinopodium umbrosum,wfo-0001069875,Lamiaceae,Clinopodium,species
Clinopodium acinos,clinopodium acinos,clinopodium acinos,1,TRUE,TRUE,resolved_by_both,exact_accepted,exact_accepted_unique,Clinopodium acinos,wfo-0000890516,Lamiaceae,Clinopodium,species
Acinos arvensis,acinos arvensis,acinos arvensis,1,TRUE,TRUE,resolved_by_both,exact_synonym,exact_synonym_unique,Clinopodium acinos,wfo-0000890516,Lamiaceae,Clinopodium,species
Astragalus galegiformis,astragalus galegiformis,astragalus galegiformis,1,TRUE,TRUE,resolved_by_both,exact_accepted,exact_accepted_unique,Astragalus galegiformis,wfo-0000213560,Fabaceae,Astragalus,species
Swartzia brachyrachis,swartzia brachyrachis,swartzia brachyrachis,1,TRUE,TRUE,resolved_by_both,exact_accepted,exact_accepted_unique,Swartzia brachyrachis,wfo-0000164098,Fabaceae,Swartzia,species
Ligularia macrophylla,ligularia macrophylla,ligularia macrophylla,1,TRUE,TRUE,resolved_by_both,exact_accepted,exact_accepted_unique,Ligularia macrophylla,wfo-0000080191,Asteraceae,Ligularia,species
Cryptocarya pleurosperma,cryptocarya pleurosperma,cryptocarya pleurosperma,1,TRUE,TRUE,resolved_by_both,exact_accepted,exact_accepted_unique,Cryptocarya pleurosperma,wfo-0000628151,Lauraceae,Cryptocarya,species
Marchantia polymorpha,marchantia polymorpha,marchantia polymorpha,3,FALSE,TRUE,recovered_by_hierarchical_rules,exact_accepted,exact_accepted_unique,Marchantia polymorpha,wfo-0001196533,Marchantiaceae,Marchantia,species
Garcinia epunctata,garcinia epunctata,garcinia epunctata,1,TRUE,TRUE,resolved_by_both,exact_accepted,exact_accepted_unique,Garcinia epunctata,wfo-0000694303,Clusiaceae,Garcinia,species
Prunus speciosa,prunus speciosa,prunus speciosa,2,FALSE,TRUE,recovered_by_hierarchical_rules,exact_accepted,exact_accepted_consensus_multiple_ids,Prunus speciosa,wfo-0000995957,Rosaceae,Prunus,species
Helichrysum acutatum,helichrysum acutatum,helichrysum acutatum,1,TRUE,TRUE,resolved_by_both,exact_accepted,exact_accepted_unique,Helichrysum acutatum,wfo-0000093390,Asteraceae,Helichrysum,species
Amomum subulatum,amomum subulatum,amomum subulatum,1,TRUE,TRUE,resolved_by_both,exact_accepted,exact_accepted_unique,Amomum subulatum,wfo-0000339263,Zingiberaceae,Amomum,species
Alpinia conchigera,alpinia conchigera,alpinia conchigera,1,TRUE,TRUE,resolved_by_both,exact_accepted,exact_accepted_unique,Alpinia conchigera,wfo-0000338416,Zingiberaceae,Alpinia,species
Primula sinensis,primula sinensis,primula sinensis,1,TRUE,TRUE,resolved_by_both,exact_synonym,exact_synonym_unique,Primula praenitens,wfo-0001105925,Primulaceae,Primula,species
Eugenia myrcianthes,eugenia myrcianthes,eugenia myrcianthes,1,TRUE,TRUE,resolved_by_both,exact_accepted,exact_accepted_unique,Eugenia myrcianthes,wfo-0000958228,Myrtaceae,Eugenia,species
Limoniastrum guyonianum,limoniastrum guyonianum,limoniastrum guyonianum,1,TRUE,TRUE,resolved_by_both,exact_accepted,exact_accepted_unique,Limoniastrum guyonianum,wfo-0000444466,Plumbaginaceae,Limoniastrum,species
Camellia taliensis,camellia taliensis,camellia taliensis,1,TRUE,TRUE,resolved_by_both,exact_accepted,exact_accepted_unique,Camellia taliensis,wfo-0000582705,Theaceae,Camellia,species
Kopsia dasyrachis,kopsia dasyrachis,kopsia dasyrachis,1,TRUE,TRUE,resolved_by_both,exact_accepted,exact_accepted_unique,Kopsia dasyrachis,wfo-0000221358,Apocynaceae,Kopsia,species
Terminalia arjuna,terminalia arjuna,terminalia arjuna,1,TRUE,TRUE,resolved_by_both,exact_accepted,exact_accepted_unique,Terminalia arjuna,wfo-0000407013,Combretaceae,Terminalia,species
Musa paradisiaca,musa paradisiaca,musa paradisiaca,0,FALSE,FALSE,unresolved_by_both,unresolved,no_match,NA,NA,NA,NA,NA
Baccharis intermixta,baccharis intermixta,baccharis intermixta,1,TRUE,TRUE,resolved_by_both,exact_accepted,exact_accepted_unique,Baccharis intermixta,wfo-0000041747,Asteraceae,Baccharis,species
Mikania purpurascens,mikania purpurascens,mikania purpurascens,1,TRUE,TRUE,resolved_by_both,exact_accepted,exact_accepted_unique,Mikania purpurascens,wfo-0000115939,Asteraceae,Mikania,species
Chromolaena tunariensis,chromolaena tunariensis,chromolaena tunariensis,1,TRUE,TRUE,resolved_by_both,exact_accepted,exact_accepted_unique,Chromolaena tunariensis,wfo-0000023777,Asteraceae,Chromolaena,species
Bonnetia paniculata,bonnetia paniculata,bonnetia paniculata,1,TRUE,TRUE,resolved_by_both,exact_accepted,exact_accepted_unique,Bonnetia paniculata,wfo-0000568785,Bonnetiaceae,Bonnetia,species
Ophryosporus macrodon,ophryosporus macrodon,ophryosporus macrodon,1,TRUE,TRUE,resolved_by_both,exact_accepted,exact_accepted_unique,Ophryosporus macrodon,wfo-0000118441,Asteraceae,Ophryosporus,species
Piper lhotzkyanum,piper lhotzkyanum,piper lhotzkyanum,1,TRUE,TRUE,resolved_by_both,exact_accepted,exact_accepted_unique,Piper lhotzkyanum,wfo-0001092156,Piperaceae,Piper,species
Ageratina tristis,ageratina tristis,ageratina tristis,1,TRUE,TRUE,resolved_by_both,exact_accepted,exact_accepted_unique,Ageratina tristis,wfo-0000011969,Asteraceae,Ageratina,species
Lippia dulcis,lippia dulcis,lippia dulcis,1,TRUE,TRUE,resolved_by_both,exact_accepted,exact_accepted_unique,Lippia dulcis,wfo-0000228801,Verbenaceae,Lippia,species
Phyla dulcis,phyla dulcis,phyla dulcis,1,TRUE,TRUE,resolved_by_both,exact_synonym,exact_synonym_unique,Lippia dulcis,wfo-0000228801,Verbenaceae,Lippia,species
Neolitsea daibuensis,neolitsea daibuensis,neolitsea daibuensis,1,TRUE,TRUE,resolved_by_both,exact_accepted,exact_accepted_unique,Neolitsea daibuensis,wfo-0001071974,Lauraceae,Neolitsea,species
Microtropis japonica,microtropis japonica,microtropis japonica,1,TRUE,TRUE,resolved_by_both,exact_accepted,exact_accepted_unique,Microtropis japonica,wfo-0001275842,Celastraceae,Microtropis,species
Piper permucronatum,piper permucronatum,piper permucronatum,1,TRUE,TRUE,resolved_by_both,exact_accepted,exact_accepted_unique,Piper permucronatum,wfo-0001254038,Piperaceae,Piper,species
Phyllanthus amarus,phyllanthus amarus,phyllanthus amarus,1,TRUE,TRUE,resolved_by_both,exact_accepted,exact_accepted_unique,Phyllanthus amarus,wfo-0000270441,Phyllanthaceae,Phyllanthus,species
Eugenia uniflora,eugenia uniflora,eugenia uniflora,2,FALSE,TRUE,recovered_by_hierarchical_rules,exact_accepted,exact_accepted_unique,Eugenia uniflora,wfo-0000959411,Myrtaceae,Eugenia,species
Casuarina equisetifolia,casuarina equisetifolia,casuarina equisetifolia,1,TRUE,TRUE,resolved_by_both,exact_accepted,exact_accepted_unique,Casuarina equisetifolia,wfo-0000590663,Casuarinaceae,Casuarina,species
Hymenaea verrucosa,hymenaea verrucosa,hymenaea verrucosa,1,TRUE,TRUE,resolved_by_both,exact_accepted,exact_accepted_unique,Hymenaea verrucosa,wfo-0000168651,Fabaceae,Hymenaea,species
Angostura granulosa,angostura granulosa,angostura granulosa,1,TRUE,TRUE,resolved_by_both,exact_accepted,exact_accepted_unique,Angostura granulosa,wfo-0000536561,Rutaceae,Angostura,species
Lasiolaena morii,lasiolaena morii,lasiolaena morii,1,TRUE,TRUE,resolved_by_both,exact_accepted,exact_accepted_unique,Lasiolaena morii,wfo-0000021031,Asteraceae,Lasiolaena,species
Cassia renigera,cassia renigera,cassia renigera,1,TRUE,TRUE,resolved_by_both,exact_synonym,exact_synonym_unique,Cassia javanica subsp. renigera,wfo-0000203409,Fabaceae,Cassia,subspecies
Tainia paucifolia,tainia paucifolia,tainia paucifolia,1,TRUE,TRUE,resolved_by_both,exact_accepted,exact_accepted_unique,Tainia paucifolia,wfo-0000320535,Orchidaceae,Tainia,species
Hydnora johannis,hydnora johannis,hydnora johannis,1,TRUE,TRUE,resolved_by_both,exact_synonym,exact_synonym_unique,Hydnora abyssinica,wfo-0000726153,Aristolochiaceae,Hydnora,species
Sideritis cystosiphon,sideritis cystosiphon,sideritis cystosiphon,1,TRUE,TRUE,resolved_by_both,exact_accepted,exact_accepted_unique,Sideritis cystosiphon,wfo-0000309978,Lamiaceae,Sideritis,species
Ledebouria zebrina,ledebouria zebrina,ledebouria zebrina,1,TRUE,TRUE,resolved_by_both,exact_accepted,exact_accepted_unique,Ledebouria zebrina,wfo-0000913099,Asparagaceae,Ledebouria,species
Vitex trifolia,vitex trifolia,vitex trifolia,1,TRUE,TRUE,resolved_by_both,exact_accepted,exact_accepted_unique,Vitex trifolia,wfo-0000333504,Lamiaceae,Vitex,species
Vitex rotundifolia,vitex rotundifolia,vitex rotundifolia,1,TRUE,TRUE,resolved_by_both,exact_accepted,exact_accepted_unique,Vitex rotundifolia,wfo-0000333413,Lamiaceae,Vitex,species
Heterotheca inuloides,heterotheca inuloides,heterotheca inuloides,1,TRUE,TRUE,resolved_by_both,exact_accepted,exact_accepted_unique,Heterotheca inuloides,wfo-0000038445,Asteraceae,Heterotheca,species
Chromolaena farinosa,chromolaena farinosa,chromolaena farinosa,1,TRUE,TRUE,resolved_by_both,exact_accepted,exact_accepted_unique,Chromolaena farinosa,wfo-0000121177,Asteraceae,Chromolaena,species
Marrubium friwaldskyanum,marrubium friwaldskyanum,marrubium friwaldskyanum,1,TRUE,TRUE,resolved_by_both,exact_accepted,exact_accepted_unique,Marrubium friwaldskyanum,wfo-0000236597,Lamiaceae,Marrubium,species
Helichrysum lepidissimum,helichrysum lepidissimum,helichrysum lepidissimum,1,TRUE,TRUE,resolved_by_both,exact_accepted,exact_accepted_unique,Helichrysum lepidissimum,wfo-0000026500,Asteraceae,Helichrysum,species
Dendrobium loddigesii,dendrobium loddigesii,dendrobium loddigesii,1,TRUE,TRUE,resolved_by_both,exact_accepted,exact_accepted_unique,Dendrobium loddigesii,wfo-0000939702,Orchidaceae,Dendrobium,species
Ouratea semiserrata,ouratea semiserrata,ouratea semiserrata,1,TRUE,TRUE,resolved_by_both,exact_accepted,exact_accepted_unique,Ouratea semiserrata,wfo-0001087021,Ochnaceae,Ouratea,species
Geraea canescens,geraea canescens,geraea canescens,1,TRUE,TRUE,resolved_by_both,exact_accepted,exact_accepted_unique,Geraea canescens,wfo-0000118208,Asteraceae,Geraea,species
Dendroviguiera sylvatica,dendroviguiera sylvatica,dendroviguiera sylvatica,0,FALSE,FALSE,unresolved_by_both,unresolved,no_match,NA,NA,NA,NA,NA
Schinus terebinthifolius,schinus terebinthifolius,schinus terebinthifolius,0,FALSE,FALSE,unresolved_by_both,unresolved,no_match,NA,NA,NA,NA,NA
Citrus webberi,citrus webberi,citrus webberi,0,FALSE,FALSE,unresolved_by_both,unresolved,no_match,NA,NA,NA,NA,NA
Clinopodium chinense,clinopodium chinense,clinopodium chinense,1,TRUE,TRUE,resolved_by_both,exact_accepted,exact_accepted_unique,Clinopodium chinense,wfo-0000891104,Lamiaceae,Clinopodium,species
Abrus precatorius,abrus precatorius,abrus precatorius,1,TRUE,TRUE,resolved_by_both,exact_accepted,exact_accepted_unique,Abrus precatorius,wfo-0000178702,Fabaceae,Abrus,species
Acacia mollissima,acacia mollissima,acacia mollissima,1,TRUE,TRUE,resolved_by_both,exact_synonym,exact_synonym_unique,Acacia pubescens,wfo-0000200993,Fabaceae,Acacia,species
Acacia pubescens,acacia pubescens,acacia pubescens,1,TRUE,TRUE,resolved_by_both,exact_accepted,exact_accepted_unique,Acacia pubescens,wfo-0000200993,Fabaceae,Acacia,species
Pentagramma pallida,pentagramma pallida,pentagramma pallida,1,TRUE,TRUE,resolved_by_both,exact_accepted,exact_accepted_unique,Pentagramma pallida,wfo-0001114297,Pteridaceae,Pentagramma,species
Garcinia echinocarpa,garcinia echinocarpa,garcinia echinocarpa,1,TRUE,TRUE,resolved_by_both,exact_accepted,exact_accepted_unique,Garcinia echinocarpa,wfo-0000694290,Clusiaceae,Garcinia,species
Garcinia terpnophylla,garcinia terpnophylla,garcinia terpnophylla,1,TRUE,TRUE,resolved_by_both,exact_accepted,exact_accepted_unique,Garcinia terpnophylla,wfo-0000694684,Clusiaceae,Garcinia,species
Petunia exserta,petunia exserta,petunia exserta,1,TRUE,TRUE,resolved_by_both,exact_accepted,exact_accepted_unique,Petunia exserta,wfo-0001024427,Solanaceae,Petunia,species
Rubus parviflorus,rubus parviflorus,rubus parviflorus,3,FALSE,TRUE,recovered_by_hierarchical_rules,exact_accepted,exact_accepted_unique,Rubus parviflorus,wfo-0001016292,Rosaceae,Rubus,species
Millettia ichthyochtona,millettia ichthyochtona,millettia ichthyochtona,1,TRUE,TRUE,resolved_by_both,exact_synonym,exact_synonym_unique,Huchimingia ichthyochtona,wfo-1000030199,Fabaceae,Huchimingia,species
Vitex polygama,vitex polygama,vitex polygama,1,TRUE,TRUE,resolved_by_both,exact_accepted,exact_accepted_unique,Vitex polygama,wfo-0000333372,Lamiaceae,Vitex,species
Juniperus barbadensis,juniperus barbadensis,juniperus barbadensis,2,FALSE,TRUE,recovered_by_hierarchical_rules,exact_accepted,exact_accepted_unique,Juniperus barbadensis,wfo-0000355559,Cupressaceae,Juniperus,species
Juniperus virginiana,juniperus virginiana,juniperus virginiana,1,TRUE,TRUE,resolved_by_both,exact_accepted,exact_accepted_unique,Juniperus virginiana,wfo-0000354923,Cupressaceae,Juniperus,species
Phalaenopsis equestris,phalaenopsis equestris,phalaenopsis equestris,1,TRUE,TRUE,resolved_by_both,exact_accepted,exact_accepted_unique,Phalaenopsis equestris,wfo-0000268204,Orchidaceae,Phalaenopsis,species
Phalaenopsis intermedia,phalaenopsis intermedia,phalaenopsis intermedia,0,FALSE,FALSE,unresolved_by_both,unresolved,no_match,NA,NA,NA,NA,NA
Phalaenopsis leucorrhoda,phalaenopsis leucorrhoda,phalaenopsis leucorrhoda,0,FALSE,FALSE,unresolved_by_both,unresolved,no_match,NA,NA,NA,NA,NA
Phalaenopsis sanderiana,phalaenopsis sanderiana,phalaenopsis sanderiana,1,TRUE,TRUE,resolved_by_both,exact_accepted,exact_accepted_unique,Phalaenopsis sanderiana,wfo-0000268306,Orchidaceae,Phalaenopsis,species
Phalaenopsis schilleriana,phalaenopsis schilleriana,phalaenopsis schilleriana,1,TRUE,TRUE,resolved_by_both,exact_accepted,exact_accepted_unique,Phalaenopsis schilleriana,wfo-0000268310,Orchidaceae,Phalaenopsis,species
Pericopsis angolensis,pericopsis angolensis,pericopsis angolensis,1,TRUE,TRUE,resolved_by_both,exact_accepted,exact_accepted_unique,Pericopsis angolensis,wfo-0000212075,Fabaceae,Pericopsis,species
Citrus hassaku,citrus hassaku,citrus hassaku,1,TRUE,TRUE,resolved_by_both,exact_synonym,exact_synonym_unique,Citrus medica,wfo-0000608140,Rutaceae,Citrus,species
Achyrocline tomentosa,achyrocline tomentosa,achyrocline tomentosa,1,TRUE,TRUE,resolved_by_both,exact_accepted,exact_accepted_unique,Achyrocline tomentosa,wfo-0000124689,Asteraceae,Achyrocline,species
Viburnum jucundum,viburnum jucundum,viburnum jucundum,1,TRUE,TRUE,resolved_by_both,exact_accepted,exact_accepted_unique,Viburnum jucundum,wfo-0000421137,Viburnaceae,Viburnum,species
Parartocarpus bracteatus,parartocarpus bracteatus,parartocarpus bracteatus,1,TRUE,TRUE,resolved_by_both,exact_accepted,exact_accepted_unique,Parartocarpus bracteatus,wfo-0000473944,Moraceae,Parartocarpus,species
Senegalia burkei,senegalia burkei,senegalia burkei,1,TRUE,TRUE,resolved_by_both,exact_accepted,exact_accepted_unique,Senegalia burkei,wfo-0001336545,Fabaceae,Senegalia,species
Humulus,humulus,humulus,1,TRUE,TRUE,resolved_by_both,exact_accepted,exact_accepted_unique,Humulus,wfo-4000018428,Cannabaceae,Humulus,genus
Macrotyloma uniflorum,macrotyloma uniflorum,macrotyloma uniflorum,1,TRUE,TRUE,resolved_by_both,exact_accepted,exact_accepted_unique,Macrotyloma uniflorum,wfo-0000182309,Fabaceae,Macrotyloma,species
Tephrosia tuitoensis,tephrosia tuitoensis,tephrosia tuitoensis,1,TRUE,TRUE,resolved_by_both,exact_accepted,exact_accepted_unique,Tephrosia tuitoensis,wfo-0000414888,Fabaceae,Tephrosia,species
Pterocaulon alopecuroides,pterocaulon alopecuroides,pterocaulon alopecuroides,1,TRUE,TRUE,resolved_by_both,exact_accepted,exact_accepted_unique,Pterocaulon alopecuroides,wfo-0000016722,Asteraceae,Pterocaulon,species
Chamaecyparis obtusa,chamaecyparis obtusa,chamaecyparis obtusa,1,TRUE,TRUE,resolved_by_both,exact_accepted,exact_accepted_unique,Chamaecyparis obtusa,wfo-0000599468,Cupressaceae,Chamaecyparis,species
Berchemia pakistanica,berchemia pakistanica,berchemia pakistanica,1,TRUE,TRUE,resolved_by_both,exact_accepted,exact_accepted_unique,Berchemia pakistanica,wfo-0000564170,Rhamnaceae,Berchemia,species
Leiothrix curvifolia,leiothrix curvifolia,leiothrix curvifolia,1,TRUE,TRUE,resolved_by_both,exact_accepted,exact_accepted_unique,Leiothrix curvifolia,wfo-0000458210,Eriocaulaceae,Leiothrix,species
Corymbia peltata,corymbia peltata,corymbia peltata,1,TRUE,TRUE,resolved_by_both,exact_accepted,exact_accepted_unique,Corymbia peltata,wfo-0000925567,Myrtaceae,Corymbia,species
Lachenalia punctata,lachenalia punctata,lachenalia punctata,1,TRUE,TRUE,resolved_by_both,exact_accepted,exact_accepted_unique,Lachenalia punctata,wfo-0000686005,Asparagaceae,Lachenalia,species
Polygala dalmaisiana,polygala dalmaisiana,polygala dalmaisiana,0,FALSE,FALSE,unresolved_by_both,unresolved,no_match,NA,NA,NA,NA,NA
Coreopsis basalis,coreopsis basalis,coreopsis basalis,1,TRUE,TRUE,resolved_by_both,exact_accepted,exact_accepted_unique,Coreopsis basalis,wfo-0000089037,Asteraceae,Coreopsis,species
Coreopsis californica,coreopsis californica,coreopsis californica,1,TRUE,TRUE,resolved_by_both,exact_accepted,exact_accepted_unique,Coreopsis californica,wfo-0000135446,Asteraceae,Coreopsis,species
Coreopsis gladiata,coreopsis gladiata,coreopsis gladiata,1,TRUE,TRUE,resolved_by_both,exact_accepted,exact_accepted_unique,Coreopsis gladiata,wfo-0000015130,Asteraceae,Coreopsis,species
Coreopsis hamiltonii,coreopsis hamiltonii,coreopsis hamiltonii,1,TRUE,TRUE,resolved_by_both,exact_accepted,exact_accepted_unique,Coreopsis hamiltonii,wfo-0000031592,Asteraceae,Coreopsis,species
Coreopsis integrifolia,coreopsis integrifolia,coreopsis integrifolia,0,FALSE,FALSE,unresolved_by_both,unresolved,no_match,NA,NA,NA,NA,NA
Coreopsis latifolia,coreopsis latifolia,coreopsis latifolia,1,TRUE,TRUE,resolved_by_both,exact_accepted,exact_accepted_unique,Coreopsis latifolia,wfo-0000019444,Asteraceae,Coreopsis,species
Coreopsis leavenworthii,coreopsis leavenworthii,coreopsis leavenworthii,1,TRUE,TRUE,resolved_by_both,exact_accepted,exact_accepted_unique,Coreopsis leavenworthii,wfo-0000137822,Asteraceae,Coreopsis,species
Coreopsis mcvaughii,coreopsis mcvaughii,coreopsis mcvaughii,1,TRUE,TRUE,resolved_by_both,exact_accepted,exact_accepted_unique,Coreopsis mcvaughii,wfo-0000128936,Asteraceae,Coreopsis,species
Coreopsis nudata,coreopsis nudata,coreopsis nudata,1,TRUE,TRUE,resolved_by_both,exact_accepted,exact_accepted_unique,Coreopsis nudata,wfo-0000020487,Asteraceae,Coreopsis,species
Coreopsis nuecensis,coreopsis nuecensis,coreopsis nuecensis,1,TRUE,TRUE,resolved_by_both,exact_accepted,exact_accepted_unique,Coreopsis nuecensis,wfo-0000035068,Asteraceae,Coreopsis,species
Coreopsis palmata,coreopsis palmata,coreopsis palmata,1,TRUE,TRUE,resolved_by_both,exact_accepted,exact_accepted_unique,Coreopsis palmata,wfo-0000044527,Asteraceae,Coreopsis,species
Coreopsis paludosa,coreopsis paludosa,coreopsis paludosa,1,TRUE,TRUE,resolved_by_both,exact_accepted,exact_accepted_unique,Coreopsis paludosa,wfo-0000028470,Asteraceae,Coreopsis,species
Coreopsis petrophila,coreopsis petrophila,coreopsis petrophila,1,TRUE,TRUE,resolved_by_both,exact_accepted,exact_accepted_unique,Coreopsis petrophila,wfo-0000081788,Asteraceae,Coreopsis,species
Coreopsis petrophiloides,coreopsis petrophiloides,coreopsis petrophiloides,1,TRUE,TRUE,resolved_by_both,exact_accepted,exact_accepted_unique,Coreopsis petrophiloides,wfo-0000098726,Asteraceae,Coreopsis,species
Coreopsis pringlei,coreopsis pringlei,coreopsis pringlei,1,TRUE,TRUE,resolved_by_both,exact_accepted,exact_accepted_unique,Coreopsis pringlei,wfo-0000031286,Asteraceae,Coreopsis,species
Coreopsis rhyacophila,coreopsis rhyacophila,coreopsis rhyacophila,1,TRUE,TRUE,resolved_by_both,exact_accepted,exact_accepted_unique,Coreopsis rhyacophila,wfo-0000064104,Asteraceae,Coreopsis,species
Coreopsis rosea,coreopsis rosea,coreopsis rosea,1,TRUE,TRUE,resolved_by_both,exact_accepted,exact_accepted_unique,Coreopsis rosea,wfo-0000015938,Asteraceae,Coreopsis,species
Coreopsis tripteris,coreopsis tripteris,coreopsis tripteris,1,TRUE,TRUE,resolved_by_both,exact_accepted,exact_accepted_unique,Coreopsis tripteris,wfo-0000088275,Asteraceae,Coreopsis,species
Electranthera cuneifolia,electranthera cuneifolia,electranthera cuneifolia,0,FALSE,FALSE,unresolved_by_both,unresolved,no_match,NA,NA,NA,NA,NA
Electranthera mutica,electranthera mutica,electranthera mutica,1,TRUE,TRUE,resolved_by_both,exact_accepted,exact_accepted_unique,Electranthera mutica,wfo-0001330568,Asteraceae,Electranthera,species
Electranthera parvifolia,electranthera parvifolia,electranthera parvifolia,0,FALSE,FALSE,unresolved_by_both,unresolved,no_match,NA,NA,NA,NA,NA
Heterosperma mexicanum,heterosperma mexicanum,heterosperma mexicanum,1,TRUE,TRUE,resolved_by_both,exact_accepted,exact_accepted_unique,Heterosperma mexicanum,wfo-0001423694,Asteraceae,Heterosperma,species
Coreopsis nuecensoides,coreopsis nuecensoides,coreopsis nuecensoides,1,TRUE,TRUE,resolved_by_both,exact_synonym,exact_synonym_unique,Coreopsis nuecensis,wfo-0000035068,Asteraceae,Coreopsis,species
Coreopsis wrightii,coreopsis wrightii,coreopsis wrightii,2,FALSE,TRUE,recovered_by_hierarchical_rules,exact_accepted,exact_accepted_unique,Coreopsis wrightii,wfo-0000020454,Asteraceae,Coreopsis,species
Dendroviguiera eriophora,dendroviguiera eriophora,dendroviguiera eriophora,0,FALSE,FALSE,unresolved_by_both,unresolved,no_match,NA,NA,NA,NA,NA
Dendroviguiera insignis,dendroviguiera insignis,dendroviguiera insignis,0,FALSE,FALSE,unresolved_by_both,unresolved,no_match,NA,NA,NA,NA,NA
Viguiera,viguiera,viguiera,1,TRUE,TRUE,resolved_by_both,exact_accepted,exact_accepted_unique,Viguiera,wfo-4000040269,Asteraceae,Viguiera,genus
Posidonia oceanica,posidonia oceanica,posidonia oceanica,1,TRUE,TRUE,resolved_by_both,exact_accepted,exact_accepted_unique,Posidonia oceanica,wfo-0000769715,Posidoniaceae,Posidonia,species
Micromelum compressum,micromelum compressum,micromelum compressum,1,TRUE,TRUE,resolved_by_both,exact_accepted,exact_accepted_unique,Micromelum compressum,wfo-0000452950,Rutaceae,Micromelum,species
Micromelum minutum,micromelum minutum,micromelum minutum,1,TRUE,TRUE,resolved_by_both,exact_accepted,exact_accepted_unique,Micromelum minutum,wfo-0000452910,Rutaceae,Micromelum,species
Engelhardtia serrata,engelhardtia serrata,engelhardtia serrata,0,FALSE,FALSE,unresolved_by_both,unresolved,no_match,NA,NA,NA,NA,NA
Vaccinium japonicum,vaccinium japonicum,vaccinium japonicum,1,TRUE,TRUE,resolved_by_both,exact_accepted,exact_accepted_unique,Vaccinium japonicum,wfo-0001048558,Ericaceae,Vaccinium,species
Vaccinium uliginosum,vaccinium uliginosum,vaccinium uliginosum,2,FALSE,TRUE,recovered_by_hierarchical_rules,exact_accepted,exact_accepted_unique,Vaccinium uliginosum,wfo-0000422453,Ericaceae,Vaccinium,species
Convolvulus prostratus,convolvulus prostratus,convolvulus prostratus,1,TRUE,TRUE,resolved_by_both,exact_accepted,exact_accepted_unique,Convolvulus prostratus,wfo-0001298821,Convolvulaceae,Convolvulus,species
Evolvulus nuttallianus,evolvulus nuttallianus,evolvulus nuttallianus,1,TRUE,TRUE,resolved_by_both,exact_accepted,exact_accepted_unique,Evolvulus nuttallianus,wfo-0001297929,Convolvulaceae,Evolvulus,species
Sesuvium portulacastrum,sesuvium portulacastrum,sesuvium portulacastrum,1,TRUE,TRUE,resolved_by_both,exact_accepted,exact_accepted_unique,Sesuvium portulacastrum,wfo-0000432992,Aizoaceae,Sesuvium,species
Vaccinium virgatum,vaccinium virgatum,vaccinium virgatum,1,TRUE,TRUE,resolved_by_both,exact_synonym,exact_synonym_unique,Vaccinium corymbosum,wfo-0000422953,Ericaceae,Vaccinium,species
Dianthus superbus,dianthus superbus,dianthus superbus,1,TRUE,TRUE,resolved_by_both,exact_accepted,exact_accepted_unique,Dianthus superbus,wfo-0000644338,Caryophyllaceae,Dianthus,species
Oxytropis muricata,oxytropis muricata,oxytropis muricata,1,TRUE,TRUE,resolved_by_both,exact_accepted,exact_accepted_unique,Oxytropis muricata,wfo-0000186851,Fabaceae,Oxytropis,species
Oxytropis puberula,oxytropis puberula,oxytropis puberula,1,TRUE,TRUE,resolved_by_both,exact_accepted,exact_accepted_unique,Oxytropis puberula,wfo-0000188967,Fabaceae,Oxytropis,species
Polygonatum kingianum,polygonatum kingianum,polygonatum kingianum,1,TRUE,TRUE,resolved_by_both,exact_accepted,exact_accepted_unique,Polygonatum kingianum,wfo-0000715810,Asparagaceae,Polygonatum,species
Lycoris traubii,lycoris traubii,lycoris traubii,1,TRUE,TRUE,resolved_by_both,exact_accepted,exact_accepted_unique,Lycoris traubii,wfo-0000683514,Amaryllidaceae,Lycoris,species
Agave barbadensis,agave barbadensis,agave barbadensis,1,TRUE,TRUE,resolved_by_both,exact_synonym,exact_synonym_unique,Agave karatto,wfo-0000754488,Asparagaceae,Agave,species
Ormosia sumatrana,ormosia sumatrana,ormosia sumatrana,1,TRUE,TRUE,resolved_by_both,exact_accepted,exact_accepted_unique,Ormosia sumatrana,wfo-0000185591,Fabaceae,Ormosia,species
Smilax leucophylla,smilax leucophylla,smilax leucophylla,1,TRUE,TRUE,resolved_by_both,exact_accepted,exact_accepted_unique,Smilax leucophylla,wfo-0000742549,Smilacaceae,Smilax,species
Aframomum letestuanum,aframomum letestuanum,aframomum letestuanum,1,TRUE,TRUE,resolved_by_both,exact_accepted,exact_accepted_unique,Aframomum letestuanum,wfo-0000338079,Zingiberaceae,Aframomum,species
Tsuga chinensis,tsuga chinensis,tsuga chinensis,1,TRUE,TRUE,resolved_by_both,exact_accepted,exact_accepted_unique,Tsuga chinensis,wfo-0000456399,Pinaceae,Tsuga,species
Celastrus paniculatus,celastrus paniculatus,celastrus paniculatus,1,TRUE,TRUE,resolved_by_both,exact_accepted,exact_accepted_unique,Celastrus paniculatus,wfo-0000592859,Celastraceae,Celastrus,species
Cassia roxburghii,cassia roxburghii,cassia roxburghii,1,TRUE,TRUE,resolved_by_both,exact_accepted,exact_accepted_unique,Cassia roxburghii,wfo-0000164654,Fabaceae,Cassia,species
Madhuca pasquieri,madhuca pasquieri,madhuca pasquieri,1,TRUE,TRUE,resolved_by_both,exact_accepted,exact_accepted_unique,Madhuca pasquieri,wfo-0000232822,Sapotaceae,Madhuca,species
Aglaomorpha fortunei,aglaomorpha fortunei,aglaomorpha fortunei,1,TRUE,TRUE,resolved_by_both,exact_synonym,exact_synonym_unique,Drynaria roosii,wfo-0000748038,Polypodiaceae,Drynaria,species
Trichogonia salviaefolia,trichogonia salviaefolia,trichogonia salviaefolia,0,FALSE,FALSE,unresolved_by_both,unresolved,no_match,NA,NA,NA,NA,NA
Arachniodes miqueliana,arachniodes miqueliana,arachniodes miqueliana,1,TRUE,TRUE,resolved_by_both,exact_accepted,exact_accepted_unique,Arachniodes miqueliana,wfo-0001115733,Dryopteridaceae,Arachniodes,species
Piper obliquum,piper obliquum,piper obliquum,3,FALSE,TRUE,recovered_by_hierarchical_rules,exact_accepted,exact_accepted_unique,Piper obliquum,wfo-0000486275,Piperaceae,Piper,species
Daphne acutiloba,daphne acutiloba,daphne acutiloba,1,TRUE,TRUE,resolved_by_both,exact_accepted,exact_accepted_unique,Daphne acutiloba,wfo-0000637436,Thymelaeaceae,Daphne,species
Asarum macranthum,asarum macranthum,asarum macranthum,2,FALSE,TRUE,recovered_by_hierarchical_rules,exact_accepted,exact_accepted_unique,Asarum macranthum,wfo-0000550900,Aristolochiaceae,Asarum,species
Bulbophyllum kwangtungense,bulbophyllum kwangtungense,bulbophyllum kwangtungense,1,TRUE,TRUE,resolved_by_both,exact_accepted,exact_accepted_unique,Bulbophyllum kwangtungense,wfo-0000525354,Orchidaceae,Bulbophyllum,species
Ophiorrhiza blumeana,ophiorrhiza blumeana,ophiorrhiza blumeana,1,TRUE,TRUE,resolved_by_both,exact_accepted,exact_accepted_unique,Ophiorrhiza blumeana,wfo-0000256913,Rubiaceae,Ophiorrhiza,species
Ophiorrhiza bracteata,ophiorrhiza bracteata,ophiorrhiza bracteata,2,FALSE,TRUE,recovered_by_hierarchical_rules,exact_accepted,exact_accepted_unique,Ophiorrhiza bracteata,wfo-0000256918,Rubiaceae,Ophiorrhiza,species
Oroxylum indicum,oroxylum indicum,oroxylum indicum,1,TRUE,TRUE,resolved_by_both,exact_accepted,exact_accepted_unique,Oroxylum indicum,wfo-0000779181,Bignoniaceae,Oroxylum,species
Hamelia patens,hamelia patens,hamelia patens,1,TRUE,TRUE,resolved_by_both,exact_accepted,exact_accepted_unique,Hamelia patens,wfo-0000979110,Rubiaceae,Hamelia,species
Centaurea spinosa,centaurea spinosa,centaurea spinosa,2,FALSE,TRUE,recovered_by_hierarchical_rules,exact_accepted,exact_accepted_unique,Centaurea spinosa,wfo-0000079422,Asteraceae,Centaurea,species
Eucryphia glutinosa,eucryphia glutinosa,eucryphia glutinosa,1,TRUE,TRUE,resolved_by_both,exact_accepted,exact_accepted_unique,Eucryphia glutinosa,wfo-0000681180,Cunoniaceae,Eucryphia,species
Quercus petraea,quercus petraea,quercus petraea,1,TRUE,TRUE,resolved_by_both,exact_accepted,exact_accepted_unique,Quercus petraea,wfo-0000292459,Fagaceae,Quercus,species
Zizania latifolia,zizania latifolia,zizania latifolia,1,TRUE,TRUE,resolved_by_both,exact_accepted,exact_accepted_unique,Zizania latifolia,wfo-0000908012,Poaceae,Zizania,species
Salvia leucantha,salvia leucantha,salvia leucantha,1,TRUE,TRUE,resolved_by_both,exact_accepted,exact_accepted_unique,Salvia leucantha,wfo-0000301425,Lamiaceae,Salvia,species
Ruta chalepensis,ruta chalepensis,ruta chalepensis,1,TRUE,TRUE,resolved_by_both,exact_accepted,exact_accepted_unique,Ruta chalepensis,wfo-0000463803,Rutaceae,Ruta,species
Achillea clypeolata,achillea clypeolata,achillea clypeolata,1,TRUE,TRUE,resolved_by_both,exact_accepted,exact_accepted_unique,Achillea clypeolata,wfo-0000077945,Asteraceae,Achillea,species
Carlina acaulis,carlina acaulis,carlina acaulis,1,TRUE,TRUE,resolved_by_both,exact_accepted,exact_accepted_unique,Carlina acaulis,wfo-0000090349,Asteraceae,Carlina,species
Lycopus europaeus,lycopus europaeus,lycopus europaeus,1,TRUE,TRUE,resolved_by_both,exact_accepted,exact_accepted_unique,Lycopus europaeus,wfo-0000231391,Lamiaceae,Lycopus,species
Nothofagus pumilio,nothofagus pumilio,nothofagus pumilio,1,TRUE,TRUE,resolved_by_both,exact_accepted,exact_accepted_unique,Nothofagus pumilio,wfo-0000252158,Nothofagaceae,Nothofagus,species
Peperomia serpens,peperomia serpens,peperomia serpens,2,FALSE,TRUE,recovered_by_hierarchical_rules,exact_accepted,exact_accepted_unique,Peperomia serpens,wfo-0000479465,Piperaceae,Peperomia,species
Scutellaria caerulea,scutellaria caerulea,scutellaria caerulea,0,FALSE,FALSE,unresolved_by_both,unresolved,no_match,NA,NA,NA,NA,NA
Flemingia stricta,flemingia stricta,flemingia stricta,1,TRUE,TRUE,resolved_by_both,exact_accepted,exact_accepted_unique,Flemingia stricta,wfo-0001057607,Fabaceae,Flemingia,species
Virgilia,virgilia,virgilia,1,TRUE,TRUE,resolved_by_both,exact_accepted,exact_accepted_unique,Virgilia,wfo-4000040327,Fabaceae,Virgilia,genus
Vitis cinerea,vitis cinerea,vitis cinerea,2,FALSE,TRUE,recovered_by_hierarchical_rules,exact_accepted,exact_accepted_unique,Vitis cinerea,wfo-0001145269,Vitaceae,Vitis,species
Polygonum aviculare,polygonum aviculare,polygonum aviculare,1,TRUE,TRUE,resolved_by_both,exact_accepted,exact_accepted_unique,Polygonum aviculare,wfo-0000489656,Polygonaceae,Polygonum,species
Persicaria limbata,persicaria limbata,persicaria limbata,1,TRUE,TRUE,resolved_by_both,exact_accepted,exact_accepted_unique,Persicaria limbata,wfo-0000488472,Polygonaceae,Persicaria,species
Ficus erecta,ficus erecta,ficus erecta,1,TRUE,TRUE,resolved_by_both,exact_accepted,exact_accepted_unique,Ficus erecta,wfo-0000688248,Moraceae,Ficus,species
Esenbeckia,esenbeckia,esenbeckia,3,FALSE,TRUE,recovered_by_hierarchical_rules,exact_accepted,exact_accepted_unique,Esenbeckia,wfo-4000014038,Rutaceae,Esenbeckia,genus
Baccharis magellanica,baccharis magellanica,baccharis magellanica,1,TRUE,TRUE,resolved_by_both,exact_accepted,exact_accepted_unique,Baccharis magellanica,wfo-0000007632,Asteraceae,Baccharis,species
Tephrosia woodii,tephrosia woodii,tephrosia woodii,2,FALSE,FALSE,unresolved_by_both,exact_conflict,exact_synonym_conflict,NA,NA,NA,NA,NA
Tephrosia bracteolata,tephrosia bracteolata,tephrosia bracteolata,1,TRUE,TRUE,resolved_by_both,exact_accepted,exact_accepted_unique,Tephrosia bracteolata,wfo-0000201770,Fabaceae,Tephrosia,species
Camellia,camellia,camellia,2,FALSE,TRUE,recovered_by_hierarchical_rules,exact_accepted,exact_accepted_unique,Camellia,wfo-4000006359,Theaceae,Camellia,genus
Clerodendrum phlomoides,clerodendrum phlomoides,clerodendrum phlomoides,0,FALSE,FALSE,unresolved_by_both,unresolved,no_match,NA,NA,NA,NA,NA
Aconitum kongboense,aconitum kongboense,aconitum kongboense,1,TRUE,TRUE,resolved_by_both,exact_accepted,exact_accepted_unique,Aconitum kongboense,wfo-0000517487,Ranunculaceae,Aconitum,species
Abrus pulchellus,abrus pulchellus,abrus pulchellus,1,TRUE,TRUE,resolved_by_both,exact_synonym,exact_synonym_unique,Abrus melanospermus subsp. melanospermus,wfo-0001444217,Fabaceae,Abrus,subspecies
Astragalus peregrinus,astragalus peregrinus,astragalus peregrinus,2,FALSE,TRUE,recovered_by_hierarchical_rules,exact_accepted,exact_accepted_unique,Astragalus peregrinus,wfo-0000212549,Fabaceae,Astragalus,species
Paronychia argentea,paronychia argentea,paronychia argentea,1,TRUE,TRUE,resolved_by_both,exact_accepted,exact_accepted_unique,Paronychia argentea,wfo-0000466806,Caryophyllaceae,Paronychia,species
Fortunella margarita,fortunella margarita,fortunella margarita,1,TRUE,TRUE,resolved_by_both,exact_synonym,exact_synonym_unique,Citrus japonica,wfo-0000608080,Rutaceae,Citrus,species
Ledebouria leptophylla,ledebouria leptophylla,ledebouria leptophylla,1,TRUE,TRUE,resolved_by_both,exact_accepted,exact_accepted_unique,Ledebouria leptophylla,wfo-0000913090,Asparagaceae,Ledebouria,species
Aloe castellorum,aloe castellorum,aloe castellorum,1,TRUE,TRUE,resolved_by_both,exact_accepted,exact_accepted_unique,Aloe castellorum,wfo-0000758007,Asphodelaceae,Aloe,species
Fusifilum depressum,fusifilum depressum,fusifilum depressum,1,TRUE,TRUE,resolved_by_both,exact_accepted,exact_accepted_unique,Fusifilum depressum,wfo-0000768310,Asparagaceae,Fusifilum,species
Conyza pallidiflora,conyza pallidiflora,conyza pallidiflora,1,TRUE,TRUE,resolved_by_both,exact_accepted,exact_accepted_unique,Conyza pallidiflora,wfo-0000041246,Asteraceae,Conyza,species
Plagius grandis,plagius grandis,plagius grandis,1,TRUE,TRUE,resolved_by_both,exact_accepted,exact_accepted_unique,Plagius grandis,wfo-0000062203,Asteraceae,Plagius,species
Onopordum myriacanthum,onopordum myriacanthum,onopordum myriacanthum,1,TRUE,TRUE,resolved_by_both,exact_accepted,exact_accepted_unique,Onopordum myriacanthum,wfo-0000013604,Asteraceae,Onopordum,species
Gaillardia tontalensis,gaillardia tontalensis,gaillardia tontalensis,1,TRUE,TRUE,resolved_by_both,exact_accepted,exact_accepted_unique,Gaillardia tontalensis,wfo-0000035551,Asteraceae,Gaillardia,species
Deinandra greeneana,deinandra greeneana,deinandra greeneana,1,TRUE,TRUE,resolved_by_both,exact_accepted,exact_accepted_unique,Deinandra greeneana,wfo-0000006775,Asteraceae,Deinandra,species
Luetkea pectinata,luetkea pectinata,luetkea pectinata,1,TRUE,TRUE,resolved_by_both,exact_accepted,exact_accepted_unique,Luetkea pectinata,wfo-0001013556,Rosaceae,Luetkea,species
Hazardia squarrosa,hazardia squarrosa,hazardia squarrosa,1,TRUE,TRUE,resolved_by_both,exact_accepted,exact_accepted_unique,Hazardia squarrosa,wfo-0000063376,Asteraceae,Hazardia,species
Rhus retinorrhaea,rhus retinorrhaea,rhus retinorrhaea,0,FALSE,FALSE,unresolved_by_both,unresolved,no_match,NA,NA,NA,NA,NA
Onopordum boissierianum,onopordum boissierianum,onopordum boissierianum,1,TRUE,TRUE,resolved_by_both,exact_accepted,exact_accepted_unique,Onopordum boissierianum,wfo-0000016533,Asteraceae,Onopordum,species
Onopordum laconicum,onopordum laconicum,onopordum laconicum,1,TRUE,TRUE,resolved_by_both,exact_accepted,exact_accepted_unique,Onopordum laconicum,wfo-0000052252,Asteraceae,Onopordum,species
Hypericum hircinum,hypericum hircinum,hypericum hircinum,1,TRUE,TRUE,resolved_by_both,exact_accepted,exact_accepted_unique,Hypericum hircinum,wfo-0000727735,Hypericaceae,Hypericum,species
Allagopappus canariensis,allagopappus canariensis,allagopappus canariensis,1,TRUE,TRUE,resolved_by_both,exact_accepted,exact_accepted_unique,Allagopappus canariensis,wfo-0000001533,Asteraceae,Allagopappus,species
Encelia actonii,encelia actonii,encelia actonii,1,TRUE,TRUE,resolved_by_both,exact_accepted,exact_accepted_unique,Encelia actonii,wfo-1000040481,Asteraceae,Encelia,species
Encelia ventorum,encelia ventorum,encelia ventorum,1,TRUE,TRUE,resolved_by_both,exact_accepted,exact_accepted_unique,Encelia ventorum,wfo-0000071719,Asteraceae,Encelia,species
Encelia virginensis,encelia virginensis,encelia virginensis,1,TRUE,TRUE,resolved_by_both,exact_accepted,exact_accepted_unique,Encelia virginensis,wfo-0000014822,Asteraceae,Encelia,species
Ambrosia salsola,ambrosia salsola,ambrosia salsola,1,TRUE,TRUE,resolved_by_both,exact_accepted,exact_accepted_unique,Ambrosia salsola,wfo-0000033506,Asteraceae,Ambrosia,species
Rubus phoenicolasius,rubus phoenicolasius,rubus phoenicolasius,1,TRUE,TRUE,resolved_by_both,exact_accepted,exact_accepted_unique,Rubus phoenicolasius,wfo-0001016934,Rosaceae,Rubus,species
Eupatorium album,eupatorium album,eupatorium album,2,FALSE,TRUE,recovered_by_hierarchical_rules,exact_accepted,exact_accepted_unique,Eupatorium album,wfo-0000059784,Asteraceae,Eupatorium,species
Eupatorium hyssopifolium,eupatorium hyssopifolium,eupatorium hyssopifolium,1,TRUE,TRUE,resolved_by_both,exact_accepted,exact_accepted_unique,Eupatorium hyssopifolium,wfo-0000035601,Asteraceae,Eupatorium,species
Eupatorium rotundifolium,eupatorium rotundifolium,eupatorium rotundifolium,1,TRUE,TRUE,resolved_by_both,exact_accepted,exact_accepted_unique,Eupatorium rotundifolium,wfo-0000087303,Asteraceae,Eupatorium,species
Eupatorium serotinum,eupatorium serotinum,eupatorium serotinum,1,TRUE,TRUE,resolved_by_both,exact_accepted,exact_accepted_unique,Eupatorium serotinum,wfo-0000055753,Asteraceae,Eupatorium,species
Eutrochium fistulosum,eutrochium fistulosum,eutrochium fistulosum,1,TRUE,TRUE,resolved_by_both,exact_accepted,exact_accepted_unique,Eutrochium fistulosum,wfo-0000127334,Asteraceae,Eutrochium,species
Neomirandea angularis,neomirandea angularis,neomirandea angularis,1,TRUE,TRUE,resolved_by_both,exact_accepted,exact_accepted_unique,Neomirandea angularis,wfo-0000115358,Asteraceae,Neomirandea,species
Stifftia chrysantha,stifftia chrysantha,stifftia chrysantha,1,TRUE,TRUE,resolved_by_both,exact_accepted,exact_accepted_unique,Stifftia chrysantha,wfo-0000004924,Asteraceae,Stifftia,species
Leucas urticifolia,leucas urticifolia,leucas urticifolia,1,TRUE,TRUE,resolved_by_both,exact_accepted,exact_accepted_unique,Leucas urticifolia,wfo-0000227199,Lamiaceae,Leucas,species
Coronilla emerus,coronilla emerus,coronilla emerus,1,TRUE,TRUE,resolved_by_both,exact_synonym,exact_synonym_unique,Hippocrepis emerus,wfo-0000205514,Fabaceae,Hippocrepis,species
Hippocrepis emerus,hippocrepis emerus,hippocrepis emerus,1,TRUE,TRUE,resolved_by_both,exact_accepted,exact_accepted_unique,Hippocrepis emerus,wfo-0000205514,Fabaceae,Hippocrepis,species
Hippocrepis,hippocrepis,hippocrepis,1,TRUE,TRUE,resolved_by_both,exact_accepted,exact_accepted_unique,Hippocrepis,wfo-4000017961,Fabaceae,Hippocrepis,genus
Psidium acutangulum,psidium acutangulum,psidium acutangulum,1,TRUE,TRUE,resolved_by_both,exact_accepted,exact_accepted_unique,Psidium acutangulum,wfo-0000284273,Myrtaceae,Psidium,species
Vauquelinia corymbosa,vauquelinia corymbosa,vauquelinia corymbosa,1,TRUE,TRUE,resolved_by_both,exact_accepted,exact_accepted_unique,Vauquelinia corymbosa,wfo-0001015639,Rosaceae,Vauquelinia,species
Crassula argentea,crassula argentea,crassula argentea,1,TRUE,TRUE,resolved_by_both,exact_synonym,exact_synonym_unique,Crassula ovata,wfo-0000625299,Crassulaceae,Crassula,species
Crassula ovata,crassula ovata,crassula ovata,2,FALSE,TRUE,recovered_by_hierarchical_rules,exact_accepted,exact_accepted_unique,Crassula ovata,wfo-0000625299,Crassulaceae,Crassula,species
Grevillea robusta,grevillea robusta,grevillea robusta,1,TRUE,TRUE,resolved_by_both,exact_accepted,exact_accepted_unique,Grevillea robusta,wfo-0000709544,Proteaceae,Grevillea,species
Jamesia americana,jamesia americana,jamesia americana,1,TRUE,TRUE,resolved_by_both,exact_accepted,exact_accepted_unique,Jamesia americana,wfo-0001135533,Hydrangeaceae,Jamesia,species
Parrotia persica,parrotia persica,parrotia persica,1,TRUE,TRUE,resolved_by_both,exact_accepted,exact_accepted_unique,Parrotia persica,wfo-0000467450,Hamamelidaceae,Parrotia,species
Pilea cadierei,pilea cadierei,pilea cadierei,1,TRUE,TRUE,resolved_by_both,exact_accepted,exact_accepted_unique,Pilea cadierei,wfo-0000472993,Urticaceae,Pilea,species
Ribes alpinum,ribes alpinum,ribes alpinum,3,FALSE,TRUE,recovered_by_hierarchical_rules,exact_accepted,exact_accepted_unique,Ribes alpinum,wfo-0000404909,Grossulariaceae,Ribes,species
Ribes cynosbati,ribes cynosbati,ribes cynosbati,1,TRUE,TRUE,resolved_by_both,exact_accepted,exact_accepted_unique,Ribes cynosbati,wfo-0001135595,Grossulariaceae,Ribes,species
Ribes distans,ribes distans,ribes distans,1,TRUE,TRUE,resolved_by_both,exact_synonym,exact_synonym_unique,Ribes maximoviczianum,wfo-1000035503,Grossulariaceae,Ribes,species
Ribes missouriense,ribes missouriense,ribes missouriense,1,TRUE,TRUE,resolved_by_both,exact_accepted,exact_accepted_unique,Ribes missouriense,wfo-0001135616,Grossulariaceae,Ribes,species
Ribes petraeum,ribes petraeum,ribes petraeum,2,FALSE,TRUE,recovered_by_hierarchical_rules,exact_accepted,exact_accepted_unique,Ribes petraeum,wfo-0000405142,Grossulariaceae,Ribes,species
Salix cinerea,salix cinerea,salix cinerea,2,FALSE,TRUE,recovered_by_hierarchical_rules,exact_accepted,exact_accepted_consensus_multiple_ids,Salix cinerea,wfo-0000929149,Salicaceae,Salix,species
Pinus uncinata,pinus uncinata,pinus uncinata,1,TRUE,TRUE,resolved_by_both,exact_accepted,exact_accepted_unique,Pinus uncinata,wfo-0000481563,Pinaceae,Pinus,species
Eugenia choapamensis,eugenia choapamensis,eugenia choapamensis,1,TRUE,TRUE,resolved_by_both,exact_accepted,exact_accepted_unique,Eugenia choapamensis,wfo-0000956804,Myrtaceae,Eugenia,species
Eugenia doubledayi,eugenia doubledayi,eugenia doubledayi,1,TRUE,TRUE,resolved_by_both,exact_accepted,exact_accepted_unique,Eugenia doubledayi,wfo-0000957162,Myrtaceae,Eugenia,species
Eugenia glomerata,eugenia glomerata,eugenia glomerata,5,FALSE,FALSE,unresolved_by_both,exact_conflict,exact_synonym_conflict,NA,NA,NA,NA,NA
Eugenia hirta,eugenia hirta,eugenia hirta,1,TRUE,TRUE,resolved_by_both,exact_accepted,exact_accepted_unique,Eugenia hirta,wfo-0000957562,Myrtaceae,Eugenia,species
Eugenia prasina,eugenia prasina,eugenia prasina,1,TRUE,TRUE,resolved_by_both,exact_accepted,exact_accepted_unique,Eugenia prasina,wfo-0000958664,Myrtaceae,Eugenia,species
Eugenia punicifolia,eugenia punicifolia,eugenia punicifolia,1,TRUE,TRUE,resolved_by_both,exact_accepted,exact_accepted_unique,Eugenia punicifolia,wfo-0000958741,Myrtaceae,Eugenia,species
Eugenia spicata,eugenia spicata,eugenia spicata,1,TRUE,TRUE,resolved_by_both,exact_synonym,exact_synonym_unique,Syzygium zeylanicum,wfo-0000319677,Myrtaceae,Syzygium,species
Syzygium castaneum,syzygium castaneum,syzygium castaneum,1,TRUE,TRUE,resolved_by_both,exact_accepted,exact_accepted_unique,Syzygium castaneum,wfo-0000318413,Myrtaceae,Syzygium,species
Syzygium glabratum,syzygium glabratum,syzygium glabratum,1,TRUE,TRUE,resolved_by_both,exact_accepted,exact_accepted_unique,Syzygium glabratum,wfo-0000335833,Myrtaceae,Syzygium,species
Syzygium grande,syzygium grande,syzygium grande,1,TRUE,TRUE,resolved_by_both,exact_accepted,exact_accepted_unique,Syzygium grande,wfo-0000318710,Myrtaceae,Syzygium,species
Syzygium leucoxylon,syzygium leucoxylon,syzygium leucoxylon,1,TRUE,TRUE,resolved_by_both,exact_accepted,exact_accepted_unique,Syzygium leucoxylon,wfo-0000318911,Myrtaceae,Syzygium,species
Syzygium papillosum,syzygium papillosum,syzygium papillosum,1,TRUE,TRUE,resolved_by_both,exact_accepted,exact_accepted_unique,Syzygium papillosum,wfo-0000319161,Myrtaceae,Syzygium,species
Pinus halepensis,pinus halepensis,pinus halepensis,1,TRUE,TRUE,resolved_by_both,exact_accepted,exact_accepted_unique,Pinus halepensis,wfo-0000481363,Pinaceae,Pinus,species
Pinus brutia,pinus brutia,pinus brutia,1,TRUE,TRUE,resolved_by_both,exact_accepted,exact_accepted_unique,Pinus brutia,wfo-0000482336,Pinaceae,Pinus,species
Melicope madagascariensis,melicope madagascariensis,melicope madagascariensis,1,TRUE,TRUE,resolved_by_both,exact_accepted,exact_accepted_unique,Melicope madagascariensis,wfo-0001258701,Rutaceae,Melicope,species
Patersonia fragilis,patersonia fragilis,patersonia fragilis,1,TRUE,TRUE,resolved_by_both,exact_accepted,exact_accepted_unique,Patersonia fragilis,wfo-0000785824,Iridaceae,Patersonia,species
Patersonia occidentalis,patersonia occidentalis,patersonia occidentalis,1,TRUE,TRUE,resolved_by_both,exact_accepted,exact_accepted_unique,Patersonia occidentalis,wfo-0000785685,Iridaceae,Patersonia,species
Witsenia maura,witsenia maura,witsenia maura,1,TRUE,TRUE,resolved_by_both,exact_accepted,exact_accepted_unique,Witsenia maura,wfo-0000787267,Iridaceae,Witsenia,species
Litsea acutivena,litsea acutivena,litsea acutivena,1,TRUE,TRUE,resolved_by_both,exact_accepted,exact_accepted_unique,Litsea acutivena,wfo-0001070638,Lauraceae,Litsea,species
Cassia nodosa,cassia nodosa,cassia nodosa,1,TRUE,TRUE,resolved_by_both,exact_synonym,exact_synonym_unique,Cassia javanica subsp. nodosa,wfo-0000164147,Fabaceae,Cassia,subspecies
Froelichia floridana,froelichia floridana,froelichia floridana,1,TRUE,TRUE,resolved_by_both,exact_accepted,exact_accepted_unique,Froelichia floridana,wfo-0000692565,Amaranthaceae,Froelichia,species
Myracrodruon urundeuva,myracrodruon urundeuva,myracrodruon urundeuva,2,FALSE,TRUE,recovered_by_hierarchical_rules,exact_accepted,exact_accepted_consensus_multiple_ids,Myracrodruon urundeuva,wfo-0001050974,Anacardiaceae,Myracrodruon,species
Metrodorea nigra,metrodorea nigra,metrodorea nigra,1,TRUE,TRUE,resolved_by_both,exact_accepted,exact_accepted_unique,Metrodorea nigra,wfo-0001247514,Rutaceae,Metrodorea,species
Manilkara kauki,manilkara kauki,manilkara kauki,1,TRUE,TRUE,resolved_by_both,exact_accepted,exact_accepted_unique,Manilkara kauki,wfo-0000235898,Sapotaceae,Manilkara,species
Heliotropium curassavicum,heliotropium curassavicum,heliotropium curassavicum,1,TRUE,TRUE,resolved_by_both,exact_accepted,exact_accepted_unique,Heliotropium curassavicum,wfo-0000718508,Heliotropiaceae,Heliotropium,species
Carthamus lanatus,carthamus lanatus,carthamus lanatus,1,TRUE,TRUE,resolved_by_both,exact_accepted,exact_accepted_unique,Carthamus lanatus,wfo-0000116437,Asteraceae,Carthamus,species
Dichrostachys cinerea,dichrostachys cinerea,dichrostachys cinerea,2,FALSE,TRUE,recovered_by_hierarchical_rules,exact_accepted,exact_accepted_unique,Dichrostachys cinerea,wfo-0000176871,Fabaceae,Dichrostachys,species
Elaeodendron balae,elaeodendron balae,elaeodendron balae,0,FALSE,FALSE,unresolved_by_both,unresolved,no_match,NA,NA,NA,NA,NA
Heisteria acuminata,heisteria acuminata,heisteria acuminata,1,TRUE,TRUE,resolved_by_both,exact_accepted,exact_accepted_unique,Heisteria acuminata,wfo-0000717098,Olacaceae,Heisteria,species
Vantanea peruviana,vantanea peruviana,vantanea peruviana,1,TRUE,TRUE,resolved_by_both,exact_accepted,exact_accepted_unique,Vantanea peruviana,wfo-0001065603,Humiriaceae,Vantanea,species
Calytrix ecalycata,calytrix ecalycata,calytrix ecalycata,1,TRUE,TRUE,resolved_by_both,exact_accepted,exact_accepted_unique,Calytrix ecalycata,wfo-0000789711,Myrtaceae,Calytrix,species
Acrobolbus renifolius,acrobolbus renifolius,acrobolbus renifolius,1,TRUE,TRUE,resolved_by_both,exact_accepted,exact_accepted_unique,Acrobolbus renifolius,wfo-1000009295,Acrobolbaceae,Acrobolbus,species
Piper guanacostense,piper guanacostense,piper guanacostense,1,TRUE,TRUE,resolved_by_both,exact_accepted,exact_accepted_unique,Piper guanacostense,wfo-0001092125,Piperaceae,Piper,species
Piper fadyenii,piper fadyenii,piper fadyenii,1,TRUE,TRUE,resolved_by_both,exact_accepted,exact_accepted_unique,Piper fadyenii,wfo-0000479172,Piperaceae,Piper,species
Prosopidastrum globosum,prosopidastrum globosum,prosopidastrum globosum,1,TRUE,TRUE,resolved_by_both,exact_accepted,exact_accepted_unique,Prosopidastrum globosum,wfo-0000169462,Fabaceae,Prosopidastrum,species
Codonopsis lanceolata,codonopsis lanceolata,codonopsis lanceolata,1,TRUE,TRUE,resolved_by_both,exact_accepted,exact_accepted_unique,Codonopsis lanceolata,wfo-0000830539,Campanulaceae,Codonopsis,species
Ormosia excelsa,ormosia excelsa,ormosia excelsa,1,TRUE,TRUE,resolved_by_both,exact_accepted,exact_accepted_unique,Ormosia excelsa,wfo-0000174156,Fabaceae,Ormosia,species
Rubus laciniatus,rubus laciniatus,rubus laciniatus,2,FALSE,FALSE,unresolved_by_both,exact_conflict,exact_synonym_conflict,NA,NA,NA,NA,NA
Primula macrophylla,primula macrophylla,primula macrophylla,2,FALSE,TRUE,recovered_by_hierarchical_rules,exact_accepted,exact_accepted_unique,Primula macrophylla,wfo-0001105514,Primulaceae,Primula,species
Polypodiodes amoena,polypodiodes amoena,polypodiodes amoena,1,TRUE,TRUE,resolved_by_both,exact_synonym,exact_synonym_unique,Goniophlebium amoenum,wfo-1200105074,Polypodiaceae,Goniophlebium,species
Polypodium pleurosorum,polypodium pleurosorum,polypodium pleurosorum,1,TRUE,TRUE,resolved_by_both,exact_synonym,exact_synonym_unique,Phlebodium inaequale,wfo-0001113817,Polypodiaceae,Phlebodium,species
Serpocaulon loriceum,serpocaulon loriceum,serpocaulon loriceum,1,TRUE,TRUE,resolved_by_both,exact_accepted,exact_accepted_unique,Serpocaulon loriceum,wfo-0001279601,Polypodiaceae,Serpocaulon,species
Robinsonia masafuerae,robinsonia masafuerae,robinsonia masafuerae,1,TRUE,TRUE,resolved_by_both,exact_accepted,exact_accepted_unique,Robinsonia masafuerae,wfo-0000039915,Asteraceae,Robinsonia,species
Aglaia foveolata,aglaia foveolata,aglaia foveolata,1,TRUE,TRUE,resolved_by_both,exact_accepted,exact_accepted_unique,Aglaia foveolata,wfo-0000524080,Meliaceae,Aglaia,species
Cynara cardunculus,cynara cardunculus,cynara cardunculus,1,TRUE,TRUE,resolved_by_both,exact_accepted,exact_accepted_unique,Cynara cardunculus,wfo-0000013358,Asteraceae,Cynara,species
Cynara scolymus,cynara scolymus,cynara scolymus,1,TRUE,TRUE,resolved_by_both,exact_accepted,exact_accepted_unique,Cynara scolymus,wfo-0000131895,Asteraceae,Cynara,species
Ageratum conyzoides,ageratum conyzoides,ageratum conyzoides,1,TRUE,TRUE,resolved_by_both,exact_accepted,exact_accepted_unique,Ageratum conyzoides,wfo-0000014938,Asteraceae,Ageratum,species
Selaginella doederleinii,selaginella doederleinii,selaginella doederleinii,1,TRUE,TRUE,resolved_by_both,exact_accepted,exact_accepted_unique,Selaginella doederleinii,wfo-0001107424,Selaginellaceae,Selaginella,species
Shorea robusta,shorea robusta,shorea robusta,1,TRUE,TRUE,resolved_by_both,exact_accepted,exact_accepted_unique,Shorea robusta,wfo-0001046459,Dipterocarpaceae,Shorea,species
Enkleia malaccensis,enkleia malaccensis,enkleia malaccensis,1,TRUE,TRUE,resolved_by_both,exact_accepted,exact_accepted_unique,Enkleia malaccensis,wfo-0000668118,Thymelaeaceae,Enkleia,species
Parablechnum cordatum,parablechnum cordatum,parablechnum cordatum,1,TRUE,TRUE,resolved_by_both,exact_accepted,exact_accepted_unique,Parablechnum cordatum,wfo-0001346882,Blechnaceae,Parablechnum,species
Senna alata,senna alata,senna alata,1,TRUE,TRUE,resolved_by_both,exact_accepted,exact_accepted_unique,Senna alata,wfo-0000214728,Fabaceae,Senna,species
Isodon,isodon,isodon,1,TRUE,TRUE,resolved_by_both,exact_accepted,exact_accepted_unique,Isodon,wfo-4000019270,Lamiaceae,Isodon,genus
Isodon trichocarpus,isodon trichocarpus,isodon trichocarpus,1,TRUE,TRUE,resolved_by_both,exact_accepted,exact_accepted_unique,Isodon trichocarpus,wfo-0000217986,Lamiaceae,Isodon,species
Isodon sculponeatus,isodon sculponeatus,isodon sculponeatus,1,TRUE,TRUE,resolved_by_both,exact_accepted,exact_accepted_unique,Isodon sculponeatus,wfo-0000217962,Lamiaceae,Isodon,species
Machaerium pedicellatum,machaerium pedicellatum,machaerium pedicellatum,1,TRUE,TRUE,resolved_by_both,exact_accepted,exact_accepted_unique,Machaerium pedicellatum,wfo-0000186714,Fabaceae,Machaerium,species
Dalbergia miscolobium,dalbergia miscolobium,dalbergia miscolobium,1,TRUE,TRUE,resolved_by_both,exact_accepted,exact_accepted_unique,Dalbergia miscolobium,wfo-0000170461,Fabaceae,Dalbergia,species
Sphaeranthus indicus,sphaeranthus indicus,sphaeranthus indicus,1,TRUE,TRUE,resolved_by_both,exact_accepted,exact_accepted_unique,Sphaeranthus indicus,wfo-0000014099,Asteraceae,Sphaeranthus,species
Coreopsis auriculata,coreopsis auriculata,coreopsis auriculata,1,TRUE,TRUE,resolved_by_both,exact_accepted,exact_accepted_unique,Coreopsis auriculata,wfo-0000026034,Asteraceae,Coreopsis,species
Coreopsis intermedia,coreopsis intermedia,coreopsis intermedia,0,FALSE,FALSE,unresolved_by_both,unresolved,no_match,NA,NA,NA,NA,NA
Coreopsis major,coreopsis major,coreopsis major,1,TRUE,TRUE,resolved_by_both,exact_accepted,exact_accepted_unique,Coreopsis major,wfo-0000138758,Asteraceae,Coreopsis,species
Coreopsis pubescens,coreopsis pubescens,coreopsis pubescens,1,TRUE,TRUE,resolved_by_both,exact_accepted,exact_accepted_unique,Coreopsis pubescens,wfo-0000009404,Asteraceae,Coreopsis,species
Coreopsis pulchra,coreopsis pulchra,coreopsis pulchra,1,TRUE,TRUE,resolved_by_both,exact_accepted,exact_accepted_unique,Coreopsis pulchra,wfo-0000080856,Asteraceae,Coreopsis,species
Coreopsis verticillata,coreopsis verticillata,coreopsis verticillata,3,FALSE,TRUE,recovered_by_hierarchical_rules,exact_accepted,exact_accepted_consensus_multiple_ids,Coreopsis verticillata,wfo-0000094896,Asteraceae,Coreopsis,species
Bidens,bidens,bidens,1,TRUE,TRUE,resolved_by_both,exact_accepted,exact_accepted_unique,Bidens,wfo-4000004584,Asteraceae,Bidens,genus
Ribes viscosissimum,ribes viscosissimum,ribes viscosissimum,1,TRUE,TRUE,resolved_by_both,exact_accepted,exact_accepted_unique,Ribes viscosissimum,wfo-0001135640,Grossulariaceae,Ribes,species
Piper,piper,piper,2,FALSE,TRUE,recovered_by_hierarchical_rules,exact_accepted,exact_accepted_unique,Piper,wfo-4000029808,Piperaceae,Piper,genus
Calophyllum dispar,calophyllum dispar,calophyllum dispar,1,TRUE,TRUE,resolved_by_both,exact_accepted,exact_accepted_unique,Calophyllum dispar,wfo-0000581123,Calophyllaceae,Calophyllum,species
Machaerium acutifolium,machaerium acutifolium,machaerium acutifolium,1,TRUE,TRUE,resolved_by_both,exact_accepted,exact_accepted_unique,Machaerium acutifolium,wfo-0000186947,Fabaceae,Machaerium,species
Aglaia rimosa,aglaia rimosa,aglaia rimosa,1,TRUE,TRUE,resolved_by_both,exact_accepted,exact_accepted_unique,Aglaia rimosa,wfo-0000524315,Meliaceae,Aglaia,species
Artemisia minor,artemisia minor,artemisia minor,1,TRUE,TRUE,resolved_by_both,exact_accepted,exact_accepted_unique,Artemisia minor,wfo-0000131723,Asteraceae,Artemisia,species
Impatiens balsamina,impatiens balsamina,impatiens balsamina,1,TRUE,TRUE,resolved_by_both,exact_accepted,exact_accepted_unique,Impatiens balsamina,wfo-0000730261,Balsaminaceae,Impatiens,species
Balanophora,balanophora,balanophora,1,TRUE,TRUE,resolved_by_both,exact_accepted,exact_accepted_unique,Balanophora,wfo-4000003929,Balanophoraceae,Balanophora,genus
Malus floribunda,malus floribunda,malus floribunda,0,FALSE,FALSE,unresolved_by_both,unresolved,no_match,NA,NA,NA,NA,NA
Malus sargentii,malus sargentii,malus sargentii,1,TRUE,TRUE,resolved_by_both,exact_synonym,exact_synonym_unique,Malus toringo,wfo-0001004789,Rosaceae,Malus,species
Brackenridgea zanguebarica,brackenridgea zanguebarica,brackenridgea zanguebarica,1,TRUE,TRUE,resolved_by_both,exact_accepted,exact_accepted_unique,Brackenridgea zanguebarica,wfo-0000570716,Ochnaceae,Brackenridgea,species
Tillandsia recurvata,tillandsia recurvata,tillandsia recurvata,2,FALSE,TRUE,recovered_by_hierarchical_rules,exact_accepted,exact_accepted_unique,Tillandsia recurvata,wfo-0000583812,Bromeliaceae,Tillandsia,species
Campylospermum sulcatum,campylospermum sulcatum,campylospermum sulcatum,2,FALSE,TRUE,recovered_by_hierarchical_rules,exact_accepted,exact_accepted_consensus_multiple_ids,Campylospermum sulcatum,wfo-0000583297,Ochnaceae,Campylospermum,species
Acacia intertexta,acacia intertexta,acacia intertexta,1,TRUE,TRUE,resolved_by_both,exact_synonym,exact_synonym_unique,Acacia obtusifolia,wfo-0000185319,Fabaceae,Acacia,species
Almeidea rubra,almeidea rubra,almeidea rubra,1,TRUE,TRUE,resolved_by_both,exact_synonym,exact_synonym_unique,Conchocarpus ruber,wfo-1000001363,Rutaceae,Conchocarpus,species
Baccharis sulcata,baccharis sulcata,baccharis sulcata,1,TRUE,TRUE,resolved_by_both,exact_accepted,exact_accepted_unique,Baccharis sulcata,wfo-0000031062,Asteraceae,Baccharis,species
Eucomis comosa,eucomis comosa,eucomis comosa,1,TRUE,TRUE,resolved_by_both,exact_accepted,exact_accepted_unique,Eucomis comosa,wfo-0000767049,Asparagaceae,Eucomis,species
Derris hainesiana,derris hainesiana,derris hainesiana,1,TRUE,TRUE,resolved_by_both,exact_accepted,exact_accepted_unique,Derris hainesiana,wfo-0000186506,Fabaceae,Derris,species
Annona squamosa,annona squamosa,annona squamosa,2,FALSE,TRUE,recovered_by_hierarchical_rules,exact_accepted,exact_accepted_unique,Annona squamosa,wfo-0000537947,Annonaceae,Annona,species
Phoenix sylvestris,phoenix sylvestris,phoenix sylvestris,1,TRUE,TRUE,resolved_by_both,exact_accepted,exact_accepted_unique,Phoenix sylvestris,wfo-0000269807,Arecaceae,Phoenix,species
Lathyrus laxiflorus,lathyrus laxiflorus,lathyrus laxiflorus,1,TRUE,TRUE,resolved_by_both,exact_accepted,exact_accepted_unique,Lathyrus laxiflorus,wfo-0000186926,Fabaceae,Lathyrus,species
Patersonia glabrata,patersonia glabrata,patersonia glabrata,1,TRUE,TRUE,resolved_by_both,exact_accepted,exact_accepted_unique,Patersonia glabrata,wfo-0000785825,Iridaceae,Patersonia,species
Patersonia sericea,patersonia sericea,patersonia sericea,1,TRUE,TRUE,resolved_by_both,exact_accepted,exact_accepted_unique,Patersonia sericea,wfo-0000785697,Iridaceae,Patersonia,species
Desmodium adscendens,desmodium adscendens,desmodium adscendens,1,TRUE,TRUE,resolved_by_both,exact_synonym,exact_synonym_unique,Grona adscendens,wfo-0001423669,Fabaceae,Grona,species
Erythrina excelsa,erythrina excelsa,erythrina excelsa,1,TRUE,TRUE,resolved_by_both,exact_accepted,exact_accepted_unique,Erythrina excelsa,wfo-0000180715,Fabaceae,Erythrina,species
Bassia scoparia,bassia scoparia,bassia scoparia,1,TRUE,TRUE,resolved_by_both,exact_accepted,exact_accepted_unique,Bassia scoparia,wfo-0000561206,Amaranthaceae,Bassia,species
Kochia scoparia,kochia scoparia,kochia scoparia,1,TRUE,TRUE,resolved_by_both,exact_synonym,exact_synonym_unique,Bassia scoparia,wfo-0000561206,Amaranthaceae,Bassia,species
Helichrysum argyrolepis,helichrysum argyrolepis,helichrysum argyrolepis,1,TRUE,TRUE,resolved_by_both,exact_accepted,exact_accepted_unique,Helichrysum argyrolepis,wfo-0000011244,Asteraceae,Helichrysum,species
Acalypha integrifolia,acalypha integrifolia,acalypha integrifolia,1,TRUE,TRUE,resolved_by_both,exact_accepted,exact_accepted_unique,Acalypha integrifolia,wfo-0000955390,Euphorbiaceae,Acalypha,species
Acalypha wilkesiana,acalypha wilkesiana,acalypha wilkesiana,1,TRUE,TRUE,resolved_by_both,exact_accepted,exact_accepted_unique,Acalypha wilkesiana,wfo-0000254905,Euphorbiaceae,Acalypha,species
Physochlaina physaloides,physochlaina physaloides,physochlaina physaloides,1,TRUE,TRUE,resolved_by_both,exact_accepted,exact_accepted_unique,Physochlaina physaloides,wfo-0001025078,Solanaceae,Physochlaina,species
Dioscorea nipponica,dioscorea nipponica,dioscorea nipponica,1,TRUE,TRUE,resolved_by_both,exact_accepted,exact_accepted_unique,Dioscorea nipponica,wfo-0000392863,Dioscoreaceae,Dioscorea,species
Calea mediterranea,calea mediterranea,calea mediterranea,1,TRUE,TRUE,resolved_by_both,exact_accepted,exact_accepted_unique,Calea mediterranea,wfo-0000075720,Asteraceae,Calea,species
Calea platylepis,calea platylepis,calea platylepis,1,TRUE,TRUE,resolved_by_both,exact_synonym,exact_synonym_unique,Calea mediterranea,wfo-0000075720,Asteraceae,Calea,species
Sesbania rostrata,sesbania rostrata,sesbania rostrata,1,TRUE,TRUE,resolved_by_both,exact_accepted,exact_accepted_unique,Sesbania rostrata,wfo-0000178404,Fabaceae,Sesbania,species
Melilotus altissimus,melilotus altissimus,melilotus altissimus,1,TRUE,TRUE,resolved_by_both,exact_accepted,exact_accepted_unique,Melilotus altissimus,wfo-0000185371,Fabaceae,Melilotus,species
Melilotus dentatus,melilotus dentatus,melilotus dentatus,1,TRUE,TRUE,resolved_by_both,exact_accepted,exact_accepted_unique,Melilotus dentatus,wfo-0000185374,Fabaceae,Melilotus,species
Melilotus elegans,melilotus elegans,melilotus elegans,1,TRUE,TRUE,resolved_by_both,exact_accepted,exact_accepted_unique,Melilotus elegans,wfo-0000212816,Fabaceae,Melilotus,species
Melilotus infestus,melilotus infestus,melilotus infestus,1,TRUE,TRUE,resolved_by_both,exact_accepted,exact_accepted_unique,Melilotus infestus,wfo-0000185382,Fabaceae,Melilotus,species
Melilotus neapolitanus,melilotus neapolitanus,melilotus neapolitanus,1,TRUE,TRUE,resolved_by_both,exact_accepted,exact_accepted_unique,Melilotus neapolitanus,wfo-0000185391,Fabaceae,Melilotus,species
Melilotus polonicus,melilotus polonicus,melilotus polonicus,1,TRUE,TRUE,resolved_by_both,exact_accepted,exact_accepted_unique,Melilotus polonicus,wfo-0000185392,Fabaceae,Melilotus,species
Melilotus suaveolens,melilotus suaveolens,melilotus suaveolens,1,TRUE,TRUE,resolved_by_both,exact_accepted,exact_accepted_unique,Melilotus suaveolens,wfo-0000212825,Fabaceae,Melilotus,species
Melilotus sulcatus,melilotus sulcatus,melilotus sulcatus,2,FALSE,TRUE,recovered_by_hierarchical_rules,exact_accepted,exact_accepted_unique,Melilotus sulcatus,wfo-0000185398,Fabaceae,Melilotus,species
Melilotus tauricus,melilotus tauricus,melilotus tauricus,1,TRUE,TRUE,resolved_by_both,exact_accepted,exact_accepted_unique,Melilotus tauricus,wfo-0000185399,Fabaceae,Melilotus,species
Melilotus wolgicus,melilotus wolgicus,melilotus wolgicus,1,TRUE,TRUE,resolved_by_both,exact_accepted,exact_accepted_unique,Melilotus wolgicus,wfo-0000185401,Fabaceae,Melilotus,species
Ipomoea tricolor,ipomoea tricolor,ipomoea tricolor,1,TRUE,TRUE,resolved_by_both,exact_accepted,exact_accepted_unique,Ipomoea tricolor,wfo-0001297050,Convolvulaceae,Ipomoea,species
Gymnosporia szyszylowiczii,gymnosporia szyszylowiczii,gymnosporia szyszylowiczii,0,FALSE,FALSE,unresolved_by_both,unresolved,no_match,NA,NA,NA,NA,NA
Agnorhiza ovata,agnorhiza ovata,agnorhiza ovata,1,TRUE,TRUE,resolved_by_both,exact_accepted,exact_accepted_unique,Agnorhiza ovata,wfo-0000042800,Asteraceae,Agnorhiza,species
Wyethia ovata,wyethia ovata,wyethia ovata,1,TRUE,TRUE,resolved_by_both,exact_accepted,exact_accepted_unique,Wyethia ovata,wfo-0000012463,Asteraceae,Wyethia,species
Grangea maderaspatana,grangea maderaspatana,grangea maderaspatana,1,TRUE,TRUE,resolved_by_both,exact_accepted,exact_accepted_unique,Grangea maderaspatana,wfo-0000075063,Asteraceae,Grangea,species
Artocarpus lowii,artocarpus lowii,artocarpus lowii,1,TRUE,TRUE,resolved_by_both,exact_accepted,exact_accepted_unique,Artocarpus lowii,wfo-0000550530,Moraceae,Artocarpus,species
Iris foetidissima,iris foetidissima,iris foetidissima,1,TRUE,TRUE,resolved_by_both,exact_accepted,exact_accepted_unique,Iris foetidissima,wfo-0000783342,Iridaceae,Iris,species
Iris sibirica,iris sibirica,iris sibirica,1,TRUE,TRUE,resolved_by_both,exact_accepted,exact_accepted_unique,Iris sibirica,wfo-0000783854,Iridaceae,Iris,species
Crotalaria verrucosa,crotalaria verrucosa,crotalaria verrucosa,1,TRUE,TRUE,resolved_by_both,exact_accepted,exact_accepted_unique,Crotalaria verrucosa,wfo-0000210929,Fabaceae,Crotalaria,species
Desmodium triflorum,desmodium triflorum,desmodium triflorum,2,FALSE,FALSE,unresolved_by_both,exact_conflict,exact_synonym_conflict,NA,NA,NA,NA,NA
Bombax ceiba,bombax ceiba,bombax ceiba,1,TRUE,TRUE,resolved_by_both,exact_accepted,exact_accepted_unique,Bombax ceiba,wfo-0000568369,Malvaceae,Bombax,species
Sapium stylare,sapium stylare,sapium stylare,1,TRUE,TRUE,resolved_by_both,exact_accepted,exact_accepted_unique,Sapium stylare,wfo-0000302987,Euphorbiaceae,Sapium,species
Anaphalis subumbellata,anaphalis subumbellata,anaphalis subumbellata,1,TRUE,TRUE,resolved_by_both,exact_accepted,exact_accepted_unique,Anaphalis subumbellata,wfo-0000004294,Asteraceae,Anaphalis,species
Luisia volucris,luisia volucris,luisia volucris,1,TRUE,TRUE,resolved_by_both,exact_accepted,exact_accepted_unique,Luisia volucris,wfo-0000231052,Orchidaceae,Luisia,species
Daphne papyracea,daphne papyracea,daphne papyracea,1,TRUE,TRUE,resolved_by_both,exact_accepted,exact_accepted_unique,Daphne papyracea,wfo-0000637816,Thymelaeaceae,Daphne,species
Vepris uguenensis,vepris uguenensis,vepris uguenensis,1,TRUE,TRUE,resolved_by_both,exact_accepted,exact_accepted_unique,Vepris uguenensis,wfo-0001133230,Rutaceae,Vepris,species
Alluaudia humbertii,alluaudia humbertii,alluaudia humbertii,1,TRUE,TRUE,resolved_by_both,exact_accepted,exact_accepted_unique,Alluaudia humbertii,wfo-0000943930,Didiereaceae,Alluaudia,species
Strychnos trinervis,strychnos trinervis,strychnos trinervis,1,TRUE,TRUE,resolved_by_both,exact_accepted,exact_accepted_unique,Strychnos trinervis,wfo-0000737721,Loganiaceae,Strychnos,species
Citrus tengu,citrus tengu,citrus tengu,1,TRUE,TRUE,resolved_by_both,exact_synonym,exact_synonym_unique,Citrus × aurantium nothof. aurantium,wfo-1200112333,Rutaceae,Citrus,form
Houttuynia cordata,houttuynia cordata,houttuynia cordata,1,TRUE,TRUE,resolved_by_both,exact_accepted,exact_accepted_unique,Houttuynia cordata,wfo-0000725055,Saururaceae,Houttuynia,species
Trixis vauthieri,trixis vauthieri,trixis vauthieri,1,TRUE,TRUE,resolved_by_both,exact_accepted,exact_accepted_unique,Trixis vauthieri,wfo-0000133258,Asteraceae,Trixis,species
Prunus jacquemontii,prunus jacquemontii,prunus jacquemontii,1,TRUE,TRUE,resolved_by_both,exact_accepted,exact_accepted_unique,Prunus jacquemontii,wfo-0001017680,Rosaceae,Prunus,species
Paracalyx scariosus,paracalyx scariosus,paracalyx scariosus,1,TRUE,TRUE,resolved_by_both,exact_accepted,exact_accepted_unique,Paracalyx scariosus,wfo-0000193473,Fabaceae,Paracalyx,species
Limonium,limonium,limonium,1,TRUE,TRUE,resolved_by_both,exact_accepted,exact_accepted_unique,Limonium,wfo-4000021808,Plumbaginaceae,Limonium,genus
Cyperus,cyperus,cyperus,1,TRUE,TRUE,resolved_by_both,exact_accepted,exact_accepted_unique,Cyperus,wfo-4000010449,Cyperaceae,Cyperus,genus
Actinoschoenus arthrostyloides,actinoschoenus arthrostyloides,actinoschoenus arthrostyloides,1,TRUE,TRUE,resolved_by_both,exact_synonym,exact_synonym_unique,Scleroschoenus arthrostyloides,wfo-1000028940,Cyperaceae,Scleroschoenus,species
Actinoscirpus grossus,actinoscirpus grossus,actinoscirpus grossus,1,TRUE,TRUE,resolved_by_both,exact_accepted,exact_accepted_unique,Actinoscirpus grossus,wfo-0000337413,Cyperaceae,Actinoscirpus,species
Bulbostylis barbata,bulbostylis barbata,bulbostylis barbata,1,TRUE,TRUE,resolved_by_both,exact_accepted,exact_accepted_unique,Bulbostylis barbata,wfo-0000342079,Cyperaceae,Bulbostylis,species
Bulbostylis densa,bulbostylis densa,bulbostylis densa,1,TRUE,TRUE,resolved_by_both,exact_accepted,exact_accepted_unique,Bulbostylis densa,wfo-0000342153,Cyperaceae,Bulbostylis,species
Carpha nivicola,carpha nivicola,carpha nivicola,1,TRUE,TRUE,resolved_by_both,exact_accepted,exact_accepted_unique,Carpha nivicola,wfo-0000352845,Cyperaceae,Carpha,species
Caustis blakei,caustis blakei,caustis blakei,1,TRUE,TRUE,resolved_by_both,exact_accepted,exact_accepted_unique,Caustis blakei,wfo-0000353015,Cyperaceae,Caustis,species
Caustis dioica,caustis dioica,caustis dioica,1,TRUE,TRUE,resolved_by_both,exact_accepted,exact_accepted_unique,Caustis dioica,wfo-0000353017,Cyperaceae,Caustis,species
Cladium mariscus,cladium mariscus,cladium mariscus,1,TRUE,TRUE,resolved_by_both,exact_accepted,exact_accepted_unique,Cladium mariscus,wfo-0000356458,Cyperaceae,Cladium,species
Cyathochaeta diandra,cyathochaeta diandra,cyathochaeta diandra,1,TRUE,TRUE,resolved_by_both,exact_accepted,exact_accepted_unique,Cyathochaeta diandra,wfo-0000367175,Cyperaceae,Cyathochaeta,species
Cyperus aristulatus,cyperus aristulatus,cyperus aristulatus,1,TRUE,TRUE,resolved_by_both,exact_accepted,exact_accepted_unique,Cyperus aristulatus,wfo-0001429153,Cyperaceae,Cyperus,species
Cyperus congestus,cyperus congestus,cyperus congestus,2,FALSE,TRUE,recovered_by_hierarchical_rules,exact_accepted,exact_accepted_unique,Cyperus congestus,wfo-0000369890,Cyperaceae,Cyperus,species
Cyperus gunnii,cyperus gunnii,cyperus gunnii,1,TRUE,TRUE,resolved_by_both,exact_accepted,exact_accepted_unique,Cyperus gunnii,wfo-0000374314,Cyperaceae,Cyperus,species
Cyperus iria,cyperus iria,cyperus iria,1,TRUE,TRUE,resolved_by_both,exact_accepted,exact_accepted_unique,Cyperus iria,wfo-0000375442,Cyperaceae,Cyperus,species
Cyperus leptocarpus,cyperus leptocarpus,cyperus leptocarpus,1,TRUE,TRUE,resolved_by_both,exact_accepted,exact_accepted_unique,Cyperus leptocarpus,wfo-0001339762,Cyperaceae,Cyperus,species
Cyperus microcephalus,cyperus microcephalus,cyperus microcephalus,1,TRUE,TRUE,resolved_by_both,exact_accepted,exact_accepted_unique,Cyperus microcephalus,wfo-0000377752,Cyperaceae,Cyperus,species
Cyperus oxycarpus,cyperus oxycarpus,cyperus oxycarpus,1,TRUE,TRUE,resolved_by_both,exact_accepted,exact_accepted_unique,Cyperus oxycarpus,wfo-0000378892,Cyperaceae,Cyperus,species
Eleocharis brassii,eleocharis brassii,eleocharis brassii,1,TRUE,TRUE,resolved_by_both,exact_accepted,exact_accepted_unique,Eleocharis brassii,wfo-0000403141,Cyperaceae,Eleocharis,species
Eleocharis cylindrostachys,eleocharis cylindrostachys,eleocharis cylindrostachys,1,TRUE,TRUE,resolved_by_both,exact_accepted,exact_accepted_unique,Eleocharis cylindrostachys,wfo-0000403669,Cyperaceae,Eleocharis,species
Eleocharis dulcis,eleocharis dulcis,eleocharis dulcis,1,TRUE,TRUE,resolved_by_both,exact_accepted,exact_accepted_unique,Eleocharis dulcis,wfo-0000403815,Cyperaceae,Eleocharis,species
Eleocharis pallens,eleocharis pallens,eleocharis pallens,1,TRUE,TRUE,resolved_by_both,exact_accepted,exact_accepted_unique,Eleocharis pallens,wfo-0000405576,Cyperaceae,Eleocharis,species
Eleocharis sphacelata,eleocharis sphacelata,eleocharis sphacelata,1,TRUE,TRUE,resolved_by_both,exact_accepted,exact_accepted_unique,Eleocharis sphacelata,wfo-0000406131,Cyperaceae,Eleocharis,species
Evandra aristata,evandra aristata,evandra aristata,1,TRUE,TRUE,resolved_by_both,exact_accepted,exact_accepted_unique,Evandra aristata,wfo-0000417259,Cyperaceae,Evandra,species
Exocarya sclerioides,exocarya sclerioides,exocarya sclerioides,1,TRUE,TRUE,resolved_by_both,exact_accepted,exact_accepted_unique,Exocarya sclerioides,wfo-0000417435,Cyperaceae,Exocarya,species
Ficinia nodosa,ficinia nodosa,ficinia nodosa,1,TRUE,TRUE,resolved_by_both,exact_accepted,exact_accepted_unique,Ficinia nodosa,wfo-0000418195,Cyperaceae,Ficinia,species
Fimbristylis caespitosa,fimbristylis caespitosa,fimbristylis caespitosa,1,TRUE,TRUE,resolved_by_both,exact_accepted,exact_accepted_unique,Fimbristylis caespitosa,wfo-0000419071,Cyperaceae,Fimbristylis,species
Fimbristylis cephalophora,fimbristylis cephalophora,fimbristylis cephalophora,1,TRUE,TRUE,resolved_by_both,exact_accepted,exact_accepted_unique,Fimbristylis cephalophora,wfo-0000419303,Cyperaceae,Fimbristylis,species
Fimbristylis dichotoma,fimbristylis dichotoma,fimbristylis dichotoma,1,TRUE,TRUE,resolved_by_both,exact_accepted,exact_accepted_unique,Fimbristylis dichotoma,wfo-0000420095,Cyperaceae,Fimbristylis,species
Fimbristylis eremophila,fimbristylis eremophila,fimbristylis eremophila,1,TRUE,TRUE,resolved_by_both,exact_accepted,exact_accepted_unique,Fimbristylis eremophila,wfo-0000420678,Cyperaceae,Fimbristylis,species
Fimbristylis ferruginea,fimbristylis ferruginea,fimbristylis ferruginea,1,TRUE,TRUE,resolved_by_both,exact_accepted,exact_accepted_unique,Fimbristylis ferruginea,wfo-0000420815,Cyperaceae,Fimbristylis,species
Fimbristylis macrantha,fimbristylis macrantha,fimbristylis macrantha,1,TRUE,TRUE,resolved_by_both,exact_synonym,exact_synonym_unique,Abildgaardia macrantha,wfo-1000025301,Cyperaceae,Abildgaardia,species
Fimbristylis nutans,fimbristylis nutans,fimbristylis nutans,1,TRUE,TRUE,resolved_by_both,exact_accepted,exact_accepted_unique,Fimbristylis nutans,wfo-0000422275,Cyperaceae,Fimbristylis,species
Fimbristylis pachyptera,fimbristylis pachyptera,fimbristylis pachyptera,1,TRUE,TRUE,resolved_by_both,exact_synonym,exact_synonym_unique,Abildgaardia pachyptera,wfo-1000025304,Cyperaceae,Abildgaardia,species
Fimbristylis squarrulosa,fimbristylis squarrulosa,fimbristylis squarrulosa,1,TRUE,TRUE,resolved_by_both,exact_synonym,exact_synonym_unique,Abildgaardia schoenoides,wfo-0000336904,Cyperaceae,Abildgaardia,species
Gahnia deusta,gahnia deusta,gahnia deusta,1,TRUE,TRUE,resolved_by_both,exact_accepted,exact_accepted_unique,Gahnia deusta,wfo-0000426955,Cyperaceae,Gahnia,species
Gahnia filifolia,gahnia filifolia,gahnia filifolia,1,TRUE,TRUE,resolved_by_both,exact_accepted,exact_accepted_unique,Gahnia filifolia,wfo-0000426978,Cyperaceae,Gahnia,species
Gahnia lanigera,gahnia lanigera,gahnia lanigera,1,TRUE,TRUE,resolved_by_both,exact_accepted,exact_accepted_unique,Gahnia lanigera,wfo-0000427153,Cyperaceae,Gahnia,species
Gahnia radula,gahnia radula,gahnia radula,1,TRUE,TRUE,resolved_by_both,exact_accepted,exact_accepted_unique,Gahnia radula,wfo-0000427271,Cyperaceae,Gahnia,species
Gahnia sieberiana,gahnia sieberiana,gahnia sieberiana,1,TRUE,TRUE,resolved_by_both,exact_accepted,exact_accepted_unique,Gahnia sieberiana,wfo-0000427322,Cyperaceae,Gahnia,species
Gahnia subaequiglumis,gahnia subaequiglumis,gahnia subaequiglumis,1,TRUE,TRUE,resolved_by_both,exact_accepted,exact_accepted_unique,Gahnia subaequiglumis,wfo-0000427345,Cyperaceae,Gahnia,species
Isolepis cernua,isolepis cernua,isolepis cernua,1,TRUE,TRUE,resolved_by_both,exact_accepted,exact_accepted_unique,Isolepis cernua,wfo-0000448337,Cyperaceae,Isolepis,species
Isolepis humillima,isolepis humillima,isolepis humillima,2,FALSE,FALSE,unresolved_by_both,exact_conflict,exact_synonym_conflict,NA,NA,NA,NA,NA
Isolepis inundata,isolepis inundata,isolepis inundata,1,TRUE,TRUE,resolved_by_both,exact_accepted,exact_accepted_unique,Isolepis inundata,wfo-0000449223,Cyperaceae,Isolepis,species
Isolepis nigricans,isolepis nigricans,isolepis nigricans,1,TRUE,TRUE,resolved_by_both,exact_accepted,exact_accepted_unique,Isolepis nigricans,wfo-0000449672,Cyperaceae,Isolepis,species
Isolepis prolifera,isolepis prolifera,isolepis prolifera,4,FALSE,TRUE,recovered_by_hierarchical_rules,exact_accepted,exact_accepted_unique,Isolepis prolifera,wfo-0000449923,Cyperaceae,Isolepis,species
Lepidosperma laterale,lepidosperma laterale,lepidosperma laterale,1,TRUE,TRUE,resolved_by_both,exact_accepted,exact_accepted_unique,Lepidosperma laterale,wfo-0000459657,Cyperaceae,Lepidosperma,species
Lepironia articulata,lepironia articulata,lepironia articulata,1,TRUE,TRUE,resolved_by_both,exact_accepted,exact_accepted_unique,Lepironia articulata,wfo-0000459843,Cyperaceae,Lepironia,species
Machaerina juncea,machaerina juncea,machaerina juncea,1,TRUE,TRUE,resolved_by_both,exact_accepted,exact_accepted_unique,Machaerina juncea,wfo-0000464094,Cyperaceae,Machaerina,species
Mesomelaena graciliceps,mesomelaena graciliceps,mesomelaena graciliceps,1,TRUE,TRUE,resolved_by_both,exact_accepted,exact_accepted_unique,Mesomelaena graciliceps,wfo-0000471627,Cyperaceae,Mesomelaena,species
Mesomelaena pseudostygia,mesomelaena pseudostygia,mesomelaena pseudostygia,1,TRUE,TRUE,resolved_by_both,exact_accepted,exact_accepted_unique,Mesomelaena pseudostygia,wfo-0000471648,Cyperaceae,Mesomelaena,species
Oreobolus distichus,oreobolus distichus,oreobolus distichus,2,FALSE,TRUE,recovered_by_hierarchical_rules,exact_accepted,exact_accepted_unique,Oreobolus distichus,wfo-0000481284,Cyperaceae,Oreobolus,species
Oreobolus pumilio,oreobolus pumilio,oreobolus pumilio,1,TRUE,TRUE,resolved_by_both,exact_accepted,exact_accepted_unique,Oreobolus pumilio,wfo-0000481465,Cyperaceae,Oreobolus,species
Ptilothrix deusta,ptilothrix deusta,ptilothrix deusta,1,TRUE,TRUE,resolved_by_both,exact_accepted,exact_accepted_unique,Ptilothrix deusta,wfo-0000503454,Cyperaceae,Ptilothrix,species
Schoenoplectiella dissachantha,schoenoplectiella dissachantha,schoenoplectiella dissachantha,1,TRUE,TRUE,resolved_by_both,exact_accepted,exact_accepted_unique,Schoenoplectiella dissachantha,wfo-0000526463,Cyperaceae,Schoenoplectiella,species
Schoenoplectus triqueter,schoenoplectus triqueter,schoenoplectus triqueter,1,TRUE,TRUE,resolved_by_both,exact_accepted,exact_accepted_unique,Schoenoplectus triqueter,wfo-0000528476,Cyperaceae,Schoenoplectus,species
Schoenus apogon,schoenus apogon,schoenus apogon,1,TRUE,TRUE,resolved_by_both,exact_accepted,exact_accepted_unique,Schoenus apogon,wfo-0000529165,Cyperaceae,Schoenus,species
Schoenus asperocarpus,schoenus asperocarpus,schoenus asperocarpus,1,TRUE,TRUE,resolved_by_both,exact_accepted,exact_accepted_unique,Schoenus asperocarpus,wfo-0000529262,Cyperaceae,Schoenus,species
Schoenus brevisetis,schoenus brevisetis,schoenus brevisetis,1,TRUE,TRUE,resolved_by_both,exact_accepted,exact_accepted_unique,Schoenus brevisetis,wfo-0000529446,Cyperaceae,Schoenus,species
Schoenus calostachyus,schoenus calostachyus,schoenus calostachyus,2,FALSE,TRUE,recovered_by_hierarchical_rules,exact_accepted,exact_accepted_consensus_multiple_ids,Schoenus calostachyus,wfo-0000529555,Cyperaceae,Schoenus,species
Schoenus curvifolius,schoenus curvifolius,schoenus curvifolius,1,TRUE,TRUE,resolved_by_both,exact_synonym,exact_synonym_unique,Chaetospora curvifolia,wfo-0000353436,Cyperaceae,Chaetospora,species
Schoenus ericetorum,schoenus ericetorum,schoenus ericetorum,1,TRUE,TRUE,resolved_by_both,exact_accepted,exact_accepted_unique,Schoenus ericetorum,wfo-0000530329,Cyperaceae,Schoenus,species
Schoenus falcatus,schoenus falcatus,schoenus falcatus,2,FALSE,TRUE,recovered_by_hierarchical_rules,exact_accepted,exact_accepted_unique,Schoenus falcatus,wfo-0000530412,Cyperaceae,Schoenus,species
Schoenus fluitans,schoenus fluitans,schoenus fluitans,1,TRUE,TRUE,resolved_by_both,exact_accepted,exact_accepted_unique,Schoenus fluitans,wfo-0000530629,Cyperaceae,Schoenus,species
Schoenus hexandrus,schoenus hexandrus,schoenus hexandrus,0,FALSE,FALSE,unresolved_by_both,unresolved,no_match,NA,NA,NA,NA,NA
Schoenus paludosus,schoenus paludosus,schoenus paludosus,1,TRUE,TRUE,resolved_by_both,exact_synonym,exact_synonym_unique,Anthelepis paludosa,wfo-1000020453,Cyperaceae,Anthelepis,species
Schoenus scabripes,schoenus scabripes,schoenus scabripes,1,TRUE,TRUE,resolved_by_both,exact_accepted,exact_accepted_unique,Schoenus scabripes,wfo-0000532134,Cyperaceae,Schoenus,species
Schoenus sparteus,schoenus sparteus,schoenus sparteus,1,TRUE,TRUE,resolved_by_both,exact_accepted,exact_accepted_unique,Schoenus sparteus,wfo-0000532362,Cyperaceae,Schoenus,species
Schoenus subaphyllus,schoenus subaphyllus,schoenus subaphyllus,1,TRUE,TRUE,resolved_by_both,exact_accepted,exact_accepted_unique,Schoenus subaphyllus,wfo-0000532468,Cyperaceae,Schoenus,species
Schoenus submicrostachyus,schoenus submicrostachyus,schoenus submicrostachyus,1,TRUE,TRUE,resolved_by_both,exact_accepted,exact_accepted_unique,Schoenus submicrostachyus,wfo-0000532564,Cyperaceae,Schoenus,species
Schoenus unispiculatus,schoenus unispiculatus,schoenus unispiculatus,1,TRUE,TRUE,resolved_by_both,exact_accepted,exact_accepted_unique,Schoenus unispiculatus,wfo-0000532875,Cyperaceae,Schoenus,species
Scleria mackaviensis,scleria mackaviensis,scleria mackaviensis,1,TRUE,TRUE,resolved_by_both,exact_accepted,exact_accepted_unique,Scleria mackaviensis,wfo-0000551418,Cyperaceae,Scleria,species
Scleria novae-hollandiae,scleria novae-hollandiae,scleria novae-hollandiae,1,TRUE,TRUE,resolved_by_both,exact_accepted,exact_accepted_unique,Scleria novae-hollandiae,wfo-0000552080,Cyperaceae,Scleria,species
Scleria pygmaea,scleria pygmaea,scleria pygmaea,1,TRUE,TRUE,resolved_by_both,exact_synonym,exact_synonym_unique,Diplacrum pygmaeum,wfo-0000396917,Cyperaceae,Diplacrum,species
Scleria sphacelata,scleria sphacelata,scleria sphacelata,1,TRUE,TRUE,resolved_by_both,exact_accepted,exact_accepted_unique,Scleria sphacelata,wfo-0000552987,Cyperaceae,Scleria,species
Scleria tricuspidata,scleria tricuspidata,scleria tricuspidata,1,TRUE,TRUE,resolved_by_both,exact_accepted,exact_accepted_unique,Scleria tricuspidata,wfo-0000553167,Cyperaceae,Scleria,species
Tricostularia compressa,tricostularia compressa,tricostularia compressa,1,TRUE,TRUE,resolved_by_both,exact_accepted,exact_accepted_unique,Tricostularia compressa,wfo-0000592903,Cyperaceae,Tricostularia,species
Tricostularia neesii,tricostularia neesii,tricostularia neesii,1,TRUE,TRUE,resolved_by_both,exact_accepted,exact_accepted_unique,Tricostularia neesii,wfo-0000592936,Cyperaceae,Tricostularia,species
Tricostularia pauciflora,tricostularia pauciflora,tricostularia pauciflora,1,TRUE,TRUE,resolved_by_both,exact_accepted,exact_accepted_unique,Tricostularia pauciflora,wfo-0000592980,Cyperaceae,Tricostularia,species
Tricostularia undulata,tricostularia undulata,tricostularia undulata,1,TRUE,TRUE,resolved_by_both,exact_synonym,exact_synonym_unique,Anthelepis undulata,wfo-1000020454,Cyperaceae,Anthelepis,species
Lipocarpha aristulata,lipocarpha aristulata,lipocarpha aristulata,1,TRUE,TRUE,resolved_by_both,exact_synonym,exact_synonym_unique,Cyperus aristulatus,wfo-0001429153,Cyperaceae,Cyperus,species
Lipocarpha microcephala,lipocarpha microcephala,lipocarpha microcephala,1,TRUE,TRUE,resolved_by_both,exact_synonym,exact_synonym_unique,Cyperus leptocarpus,wfo-0001339762,Cyperaceae,Cyperus,species
Schoenoplectus mucronatus,schoenoplectus mucronatus,schoenoplectus mucronatus,1,TRUE,TRUE,resolved_by_both,exact_synonym,exact_synonym_unique,Schoenoplectiella mucronata,wfo-0000916579,Cyperaceae,Schoenoplectiella,species
Salsola tetrandra,salsola tetrandra,salsola tetrandra,1,TRUE,TRUE,resolved_by_both,exact_accepted,exact_accepted_unique,Salsola tetrandra,wfo-0000437710,Amaranthaceae,Salsola,species
Brongniartia intermedia,brongniartia intermedia,brongniartia intermedia,1,TRUE,TRUE,resolved_by_both,exact_accepted,exact_accepted_unique,Brongniartia intermedia,wfo-0001054422,Fabaceae,Brongniartia,species
Brongniartia podalyrioides,brongniartia podalyrioides,brongniartia podalyrioides,1,TRUE,TRUE,resolved_by_both,exact_accepted,exact_accepted_unique,Brongniartia podalyrioides,wfo-0000173956,Fabaceae,Brongniartia,species
Hedychium gardnerianum,hedychium gardnerianum,hedychium gardnerianum,1,TRUE,TRUE,resolved_by_both,exact_accepted,exact_accepted_unique,Hedychium gardnerianum,wfo-0000435987,Zingiberaceae,Hedychium,species
Platymiscium trinitatis,platymiscium trinitatis,platymiscium trinitatis,1,TRUE,TRUE,resolved_by_both,exact_accepted,exact_accepted_unique,Platymiscium trinitatis,wfo-0000174233,Fabaceae,Platymiscium,species
Trifolium alpinum,trifolium alpinum,trifolium alpinum,3,FALSE,TRUE,recovered_by_hierarchical_rules,exact_accepted,exact_accepted_unique,Trifolium alpinum,wfo-0000213942,Fabaceae,Trifolium,species
Trifolium ambiguum,trifolium ambiguum,trifolium ambiguum,1,TRUE,TRUE,resolved_by_both,exact_accepted,exact_accepted_unique,Trifolium ambiguum,wfo-0000213943,Fabaceae,Trifolium,species
Trifolium angustifolium,trifolium angustifolium,trifolium angustifolium,2,FALSE,TRUE,recovered_by_hierarchical_rules,exact_accepted,exact_accepted_unique,Trifolium angustifolium,wfo-0000212964,Fabaceae,Trifolium,species
Trifolium cernuum,trifolium cernuum,trifolium cernuum,1,TRUE,TRUE,resolved_by_both,exact_accepted,exact_accepted_unique,Trifolium cernuum,wfo-0000212980,Fabaceae,Trifolium,species
Trifolium clypeatum,trifolium clypeatum,trifolium clypeatum,2,FALSE,TRUE,recovered_by_hierarchical_rules,exact_accepted,exact_accepted_unique,Trifolium clypeatum,wfo-0000213960,Fabaceae,Trifolium,species
Trifolium dasyurum,trifolium dasyurum,trifolium dasyurum,1,TRUE,TRUE,resolved_by_both,exact_accepted,exact_accepted_unique,Trifolium dasyurum,wfo-0000212991,Fabaceae,Trifolium,species
Trifolium glanduliferum,trifolium glanduliferum,trifolium glanduliferum,1,TRUE,TRUE,resolved_by_both,exact_accepted,exact_accepted_unique,Trifolium glanduliferum,wfo-0000186256,Fabaceae,Trifolium,species
Trifolium glomeratum,trifolium glomeratum,trifolium glomeratum,1,TRUE,TRUE,resolved_by_both,exact_accepted,exact_accepted_unique,Trifolium glomeratum,wfo-0000213007,Fabaceae,Trifolium,species
Trifolium isthmocarpum,trifolium isthmocarpum,trifolium isthmocarpum,1,TRUE,TRUE,resolved_by_both,exact_accepted,exact_accepted_unique,Trifolium isthmocarpum,wfo-0000213016,Fabaceae,Trifolium,species
Trifolium lappaceum,trifolium lappaceum,trifolium lappaceum,1,TRUE,TRUE,resolved_by_both,exact_accepted,exact_accepted_unique,Trifolium lappaceum,wfo-0000213022,Fabaceae,Trifolium,species
Trifolium michelianum,trifolium michelianum,trifolium michelianum,1,TRUE,TRUE,resolved_by_both,exact_accepted,exact_accepted_unique,Trifolium michelianum,wfo-0000213029,Fabaceae,Trifolium,species
Trifolium nigrescens,trifolium nigrescens,trifolium nigrescens,1,TRUE,TRUE,resolved_by_both,exact_accepted,exact_accepted_unique,Trifolium nigrescens,wfo-0000213035,Fabaceae,Trifolium,species
Trifolium noricum,trifolium noricum,trifolium noricum,1,TRUE,TRUE,resolved_by_both,exact_accepted,exact_accepted_unique,Trifolium noricum,wfo-0000213986,Fabaceae,Trifolium,species
Trifolium ochroleucon,trifolium ochroleucon,trifolium ochroleucon,3,FALSE,TRUE,recovered_by_hierarchical_rules,exact_accepted,exact_accepted_unique,Trifolium ochroleucon,wfo-0000213988,Fabaceae,Trifolium,species
Trifolium physodes,trifolium physodes,trifolium physodes,1,TRUE,TRUE,resolved_by_both,exact_accepted,exact_accepted_unique,Trifolium physodes,wfo-0000213048,Fabaceae,Trifolium,species
Trifolium scabrum,trifolium scabrum,trifolium scabrum,1,TRUE,TRUE,resolved_by_both,exact_accepted,exact_accepted_unique,Trifolium scabrum,wfo-0000213071,Fabaceae,Trifolium,species
Trifolium spumosum,trifolium spumosum,trifolium spumosum,1,TRUE,TRUE,resolved_by_both,exact_accepted,exact_accepted_unique,Trifolium spumosum,wfo-0000213081,Fabaceae,Trifolium,species
Trifolium squamosum,trifolium squamosum,trifolium squamosum,1,TRUE,TRUE,resolved_by_both,exact_accepted,exact_accepted_unique,Trifolium squamosum,wfo-0000213082,Fabaceae,Trifolium,species
Trifolium stellatum,trifolium stellatum,trifolium stellatum,1,TRUE,TRUE,resolved_by_both,exact_accepted,exact_accepted_unique,Trifolium stellatum,wfo-0000213085,Fabaceae,Trifolium,species
Trifolium striatum,trifolium striatum,trifolium striatum,1,TRUE,TRUE,resolved_by_both,exact_accepted,exact_accepted_unique,Trifolium striatum,wfo-0000213091,Fabaceae,Trifolium,species
Trifolium suffocatum,trifolium suffocatum,trifolium suffocatum,1,TRUE,TRUE,resolved_by_both,exact_accepted,exact_accepted_unique,Trifolium suffocatum,wfo-0000213096,Fabaceae,Trifolium,species
Trifolium tomentosum,trifolium tomentosum,trifolium tomentosum,1,TRUE,TRUE,resolved_by_both,exact_accepted,exact_accepted_unique,Trifolium tomentosum,wfo-0000213103,Fabaceae,Trifolium,species
Medicago arborea,medicago arborea,medicago arborea,1,TRUE,TRUE,resolved_by_both,exact_accepted,exact_accepted_unique,Medicago arborea,wfo-0000213419,Fabaceae,Medicago,species
Medicago doliata,medicago doliata,medicago doliata,1,TRUE,TRUE,resolved_by_both,exact_accepted,exact_accepted_unique,Medicago doliata,wfo-0000213423,Fabaceae,Medicago,species
Medicago falcata,medicago falcata,medicago falcata,3,FALSE,TRUE,recovered_by_hierarchical_rules,exact_accepted,exact_accepted_unique,Medicago falcata,wfo-0000213426,Fabaceae,Medicago,species
Medicago glomerata,medicago glomerata,medicago glomerata,2,FALSE,FALSE,unresolved_by_both,exact_conflict,exact_synonym_conflict,NA,NA,NA,NA,NA
Medicago hypogaea,medicago hypogaea,medicago hypogaea,1,TRUE,TRUE,resolved_by_both,exact_accepted,exact_accepted_unique,Medicago hypogaea,wfo-0000213432,Fabaceae,Medicago,species
Medicago intertexta,medicago intertexta,medicago intertexta,1,TRUE,TRUE,resolved_by_both,exact_accepted,exact_accepted_unique,Medicago intertexta,wfo-0000213437,Fabaceae,Medicago,species
Medicago littoralis,medicago littoralis,medicago littoralis,1,TRUE,TRUE,resolved_by_both,exact_accepted,exact_accepted_unique,Medicago littoralis,wfo-0000213450,Fabaceae,Medicago,species
Medicago minima,medicago minima,medicago minima,1,TRUE,TRUE,resolved_by_both,exact_accepted,exact_accepted_unique,Medicago minima,wfo-0000188776,Fabaceae,Medicago,species
Medicago orbicularis,medicago orbicularis,medicago orbicularis,1,TRUE,TRUE,resolved_by_both,exact_accepted,exact_accepted_unique,Medicago orbicularis,wfo-0000213459,Fabaceae,Medicago,species
Medicago platycarpa,medicago platycarpa,medicago platycarpa,1,TRUE,TRUE,resolved_by_both,exact_accepted,exact_accepted_unique,Medicago platycarpa,wfo-0000186245,Fabaceae,Medicago,species
Medicago rigidula,medicago rigidula,medicago rigidula,1,TRUE,TRUE,resolved_by_both,exact_accepted,exact_accepted_unique,Medicago rigidula,wfo-0000213465,Fabaceae,Medicago,species
Medicago scutellata,medicago scutellata,medicago scutellata,2,FALSE,TRUE,recovered_by_hierarchical_rules,exact_accepted,exact_accepted_unique,Medicago scutellata,wfo-0000213473,Fabaceae,Medicago,species
Ononis cristata,ononis cristata,ononis cristata,1,TRUE,TRUE,resolved_by_both,exact_accepted,exact_accepted_unique,Ononis cristata,wfo-0000212857,Fabaceae,Ononis,species
Ononis fruticosa,ononis fruticosa,ononis fruticosa,1,TRUE,TRUE,resolved_by_both,exact_accepted,exact_accepted_unique,Ononis fruticosa,wfo-0000212865,Fabaceae,Ononis,species
Ononis ornithopodioides,ononis ornithopodioides,ononis ornithopodioides,2,FALSE,TRUE,recovered_by_hierarchical_rules,exact_accepted,exact_accepted_unique,Ononis ornithopodioides,wfo-0000212892,Fabaceae,Ononis,species
Ononis pubescens,ononis pubescens,ononis pubescens,1,TRUE,TRUE,resolved_by_both,exact_accepted,exact_accepted_unique,Ononis pubescens,wfo-0000212906,Fabaceae,Ononis,species
Ononis pusilla,ononis pusilla,ononis pusilla,1,TRUE,TRUE,resolved_by_both,exact_accepted,exact_accepted_unique,Ononis pusilla,wfo-0000212907,Fabaceae,Ononis,species
Ononis reclinata,ononis reclinata,ononis reclinata,2,FALSE,TRUE,recovered_by_hierarchical_rules,exact_accepted,exact_accepted_unique,Ononis reclinata,wfo-0000212908,Fabaceae,Ononis,species
Ononis rotundifolia,ononis rotundifolia,ononis rotundifolia,1,TRUE,TRUE,resolved_by_both,exact_accepted,exact_accepted_unique,Ononis rotundifolia,wfo-0000213901,Fabaceae,Ononis,species
Ononis serrata,ononis serrata,ononis serrata,2,FALSE,TRUE,recovered_by_hierarchical_rules,exact_accepted,exact_accepted_unique,Ononis serrata,wfo-0000212912,Fabaceae,Ononis,species
Melilotus indicus,melilotus indicus,melilotus indicus,1,TRUE,TRUE,resolved_by_both,exact_accepted,exact_accepted_unique,Melilotus indicus,wfo-0000185378,Fabaceae,Melilotus,species
Trifolium bivonae,trifolium bivonae,trifolium bivonae,1,TRUE,TRUE,resolved_by_both,exact_accepted,exact_accepted_unique,Trifolium bivonae,wfo-0000213954,Fabaceae,Trifolium,species
Trifolium bocconei,trifolium bocconei,trifolium bocconei,1,TRUE,TRUE,resolved_by_both,exact_accepted,exact_accepted_unique,Trifolium bocconei,wfo-0000212972,Fabaceae,Trifolium,species
Trifolium burchellianum,trifolium burchellianum,trifolium burchellianum,1,TRUE,TRUE,resolved_by_both,exact_accepted,exact_accepted_unique,Trifolium burchellianum,wfo-0000212974,Fabaceae,Trifolium,species
Trifolium cherleri,trifolium cherleri,trifolium cherleri,1,TRUE,TRUE,resolved_by_both,exact_accepted,exact_accepted_unique,Trifolium cherleri,wfo-0000212983,Fabaceae,Trifolium,species
Trifolium dichroanthum,trifolium dichroanthum,trifolium dichroanthum,1,TRUE,TRUE,resolved_by_both,exact_accepted,exact_accepted_unique,Trifolium dichroanthum,wfo-0000186260,Fabaceae,Trifolium,species
Trifolium eriosphaerum,trifolium eriosphaerum,trifolium eriosphaerum,1,TRUE,TRUE,resolved_by_both,exact_accepted,exact_accepted_unique,Trifolium eriosphaerum,wfo-0000186259,Fabaceae,Trifolium,species
Trifolium fucatum,trifolium fucatum,trifolium fucatum,1,TRUE,TRUE,resolved_by_both,exact_accepted,exact_accepted_unique,Trifolium fucatum,wfo-0000174316,Fabaceae,Trifolium,species
Trifolium hirtum,trifolium hirtum,trifolium hirtum,1,TRUE,TRUE,resolved_by_both,exact_accepted,exact_accepted_unique,Trifolium hirtum,wfo-0000213008,Fabaceae,Trifolium,species
Trifolium lupinaster,trifolium lupinaster,trifolium lupinaster,2,FALSE,TRUE,recovered_by_hierarchical_rules,exact_accepted,exact_accepted_unique,Trifolium lupinaster,wfo-0000213977,Fabaceae,Trifolium,species
Trifolium masaiense,trifolium masaiense,trifolium masaiense,1,TRUE,TRUE,resolved_by_both,exact_accepted,exact_accepted_unique,Trifolium masaiense,wfo-0000213027,Fabaceae,Trifolium,species
Trifolium mutabile,trifolium mutabile,trifolium mutabile,1,TRUE,TRUE,resolved_by_both,exact_accepted,exact_accepted_unique,Trifolium mutabile,wfo-0001055202,Fabaceae,Trifolium,species
Trifolium obscurum,trifolium obscurum,trifolium obscurum,1,TRUE,TRUE,resolved_by_both,exact_accepted,exact_accepted_unique,Trifolium obscurum,wfo-0000213036,Fabaceae,Trifolium,species
Trifolium palaestinum,trifolium palaestinum,trifolium palaestinum,1,TRUE,TRUE,resolved_by_both,exact_accepted,exact_accepted_unique,Trifolium palaestinum,wfo-0000186258,Fabaceae,Trifolium,species
Trifolium pallescens,trifolium pallescens,trifolium pallescens,1,TRUE,TRUE,resolved_by_both,exact_accepted,exact_accepted_unique,Trifolium pallescens,wfo-0000213990,Fabaceae,Trifolium,species
Trifolium parnassii,trifolium parnassii,trifolium parnassii,0,FALSE,FALSE,unresolved_by_both,unresolved,no_match,NA,NA,NA,NA,NA
Trifolium parryi,trifolium parryi,trifolium parryi,1,TRUE,TRUE,resolved_by_both,exact_accepted,exact_accepted_unique,Trifolium parryi,wfo-0000174328,Fabaceae,Trifolium,species
Trifolium plebeium,trifolium plebeium,trifolium plebeium,1,TRUE,TRUE,resolved_by_both,exact_accepted,exact_accepted_unique,Trifolium plebeium,wfo-0000186257,Fabaceae,Trifolium,species
Trifolium retusum,trifolium retusum,trifolium retusum,1,TRUE,TRUE,resolved_by_both,exact_accepted,exact_accepted_unique,Trifolium retusum,wfo-0000213064,Fabaceae,Trifolium,species
Trifolium rueppellianum,trifolium rueppellianum,trifolium rueppellianum,1,TRUE,TRUE,resolved_by_both,exact_accepted,exact_accepted_unique,Trifolium rueppellianum,wfo-0000213066,Fabaceae,Trifolium,species
Trifolium salmoneum,trifolium salmoneum,trifolium salmoneum,1,TRUE,TRUE,resolved_by_both,exact_accepted,exact_accepted_unique,Trifolium salmoneum,wfo-0000186261,Fabaceae,Trifolium,species
Trifolium semipilosum,trifolium semipilosum,trifolium semipilosum,1,TRUE,TRUE,resolved_by_both,exact_accepted,exact_accepted_unique,Trifolium semipilosum,wfo-0000213074,Fabaceae,Trifolium,species
Trifolium sylvaticum,trifolium sylvaticum,trifolium sylvaticum,1,TRUE,TRUE,resolved_by_both,exact_accepted,exact_accepted_unique,Trifolium sylvaticum,wfo-0000214790,Fabaceae,Trifolium,species
Trifolium thalii,trifolium thalii,trifolium thalii,1,TRUE,TRUE,resolved_by_both,exact_accepted,exact_accepted_unique,Trifolium thalii,wfo-0000213101,Fabaceae,Trifolium,species
Trifolium tumens,trifolium tumens,trifolium tumens,1,TRUE,TRUE,resolved_by_both,exact_accepted,exact_accepted_unique,Trifolium tumens,wfo-0000186250,Fabaceae,Trifolium,species
Trifolium uniflorum,trifolium uniflorum,trifolium uniflorum,1,TRUE,TRUE,resolved_by_both,exact_accepted,exact_accepted_unique,Trifolium uniflorum,wfo-0000213109,Fabaceae,Trifolium,species
Trifolium usambarense,trifolium usambarense,trifolium usambarense,1,TRUE,TRUE,resolved_by_both,exact_accepted,exact_accepted_unique,Trifolium usambarense,wfo-0000213110,Fabaceae,Trifolium,species
Trifolium vesiculosum,trifolium vesiculosum,trifolium vesiculosum,1,TRUE,TRUE,resolved_by_both,exact_accepted,exact_accepted_unique,Trifolium vesiculosum,wfo-0000214014,Fabaceae,Trifolium,species
Trifolium willdenovii,trifolium willdenovii,trifolium willdenovii,1,TRUE,TRUE,resolved_by_both,exact_accepted,exact_accepted_unique,Trifolium willdenovii,wfo-0000185272,Fabaceae,Trifolium,species
Trifolium wormskioldii,trifolium wormskioldii,trifolium wormskioldii,1,TRUE,TRUE,resolved_by_both,exact_accepted,exact_accepted_unique,Trifolium wormskioldii,wfo-0000182219,Fabaceae,Trifolium,species
Abronia latifolia,abronia latifolia,abronia latifolia,1,TRUE,TRUE,resolved_by_both,exact_accepted,exact_accepted_unique,Abronia latifolia,wfo-0000511550,Nyctaginaceae,Abronia,species
Cirsium arvense,cirsium arvense,cirsium arvense,1,TRUE,TRUE,resolved_by_both,exact_accepted,exact_accepted_unique,Cirsium arvense,wfo-0000006870,Asteraceae,Cirsium,species
Lysimachia daphnoides,lysimachia daphnoides,lysimachia daphnoides,1,TRUE,TRUE,resolved_by_both,exact_accepted,exact_accepted_unique,Lysimachia daphnoides,wfo-0001105363,Primulaceae,Lysimachia,species
Lysimachia hillebrandii,lysimachia hillebrandii,lysimachia hillebrandii,1,TRUE,TRUE,resolved_by_both,exact_accepted,exact_accepted_unique,Lysimachia hillebrandii,wfo-0001105366,Primulaceae,Lysimachia,species
Lysimachia kalalauensis,lysimachia kalalauensis,lysimachia kalalauensis,1,TRUE,TRUE,resolved_by_both,exact_accepted,exact_accepted_unique,Lysimachia kalalauensis,wfo-0001105367,Primulaceae,Lysimachia,species
Lysimachia remyi,lysimachia remyi,lysimachia remyi,1,TRUE,TRUE,resolved_by_both,exact_accepted,exact_accepted_unique,Lysimachia remyi,wfo-0001105377,Primulaceae,Lysimachia,species
Lysimachia hillebrandii ex,lysimachia hillebrandii ex,lysimachia hillebrandii,1,TRUE,TRUE,resolved_by_both,canonical,canonical_unique,Lysimachia hillebrandii,wfo-0001105366,Primulaceae,Lysimachia,species
Lysimachia maxima,lysimachia maxima,lysimachia maxima,1,TRUE,TRUE,resolved_by_both,exact_synonym,exact_synonym_unique,Lysimachia remyi subsp. maxima,wfo-0001362634,Primulaceae,Lysimachia,subspecies
Teucrium tomentosum,teucrium tomentosum,teucrium tomentosum,4,FALSE,FALSE,unresolved_by_both,exact_conflict,exact_synonym_conflict,NA,NA,NA,NA,NA
Berberis dictyota,berberis dictyota,berberis dictyota,1,TRUE,TRUE,resolved_by_both,exact_accepted,exact_accepted_unique,Berberis dictyota,wfo-0000563082,Berberidaceae,Berberis,species
Phyllanthus sellowianus,phyllanthus sellowianus,phyllanthus sellowianus,1,TRUE,TRUE,resolved_by_both,exact_accepted,exact_accepted_unique,Phyllanthus sellowianus,wfo-0000272071,Phyllanthaceae,Phyllanthus,species
Mandevilla martiana,mandevilla martiana,mandevilla martiana,1,TRUE,TRUE,resolved_by_both,exact_accepted,exact_accepted_unique,Mandevilla martiana,wfo-0000234977,Apocynaceae,Mandevilla,species
Taraxacum hallaisanense,taraxacum hallaisanense,taraxacum hallaisanense,1,TRUE,TRUE,resolved_by_both,exact_accepted,exact_accepted_unique,Taraxacum hallaisanense,wfo-0000007374,Asteraceae,Taraxacum,species
Uncaria elliptica,uncaria elliptica,uncaria elliptica,1,TRUE,TRUE,resolved_by_both,exact_accepted,exact_accepted_unique,Uncaria elliptica,wfo-0000329223,Rubiaceae,Uncaria,species
Ampelopsis heterophylla,ampelopsis heterophylla,ampelopsis heterophylla,2,FALSE,FALSE,unresolved_by_both,exact_conflict,exact_synonym_conflict,NA,NA,NA,NA,NA
Erythroxylum leal-costae,erythroxylum leal-costae,erythroxylum leal-costae,1,TRUE,TRUE,resolved_by_both,exact_accepted,exact_accepted_unique,Erythroxylum leal-costae,wfo-0000679926,Erythroxylaceae,Erythroxylum,species
Calophyllum enervosum,calophyllum enervosum,calophyllum enervosum,1,TRUE,TRUE,resolved_by_both,exact_accepted,exact_accepted_unique,Calophyllum enervosum,wfo-0000581135,Calophyllaceae,Calophyllum,species
Prunus laurocerasus,prunus laurocerasus,prunus laurocerasus,1,TRUE,TRUE,resolved_by_both,exact_accepted,exact_accepted_unique,Prunus laurocerasus,wfo-0001016516,Rosaceae,Prunus,species
Mitragyna speciosa,mitragyna speciosa,mitragyna speciosa,1,TRUE,TRUE,resolved_by_both,exact_accepted,exact_accepted_unique,Mitragyna speciosa,wfo-0000244943,Rubiaceae,Mitragyna,species
Mammea acuminata,mammea acuminata,mammea acuminata,1,TRUE,TRUE,resolved_by_both,exact_accepted,exact_accepted_unique,Mammea acuminata,wfo-0000375051,Calophyllaceae,Mammea,species
Semialarium mexicanum,semialarium mexicanum,semialarium mexicanum,1,TRUE,TRUE,resolved_by_both,exact_accepted,exact_accepted_unique,Semialarium mexicanum,wfo-0000435546,Celastraceae,Semialarium,species
Calycolpus warszewiczianus,calycolpus warszewiczianus,calycolpus warszewiczianus,1,TRUE,TRUE,resolved_by_both,exact_accepted,exact_accepted_unique,Calycolpus warszewiczianus,wfo-0001086184,Myrtaceae,Calycolpus,species
Trema orientalis,trema orientalis,trema orientalis,0,FALSE,FALSE,unresolved_by_both,unresolved,no_match,NA,NA,NA,NA,NA
Litsea rotundifolia,litsea rotundifolia,litsea rotundifolia,1,TRUE,TRUE,resolved_by_both,exact_accepted,exact_accepted_unique,Litsea rotundifolia,wfo-0001070312,Lauraceae,Litsea,species
Allanblackia monticola,allanblackia monticola,allanblackia monticola,1,TRUE,TRUE,resolved_by_both,exact_synonym,exact_synonym_unique,Allanblackia gabonensis,wfo-0000525983,Clusiaceae,Allanblackia,species
Maytenus disticha,maytenus disticha,maytenus disticha,1,TRUE,TRUE,resolved_by_both,exact_accepted,exact_accepted_unique,Maytenus disticha,wfo-0000375085,Celastraceae,Maytenus,species
Muehlenbeckia hastulata,muehlenbeckia hastulata,muehlenbeckia hastulata,1,TRUE,TRUE,resolved_by_both,exact_accepted,exact_accepted_unique,Muehlenbeckia hastulata,wfo-0000452355,Polygonaceae,Muehlenbeckia,species
Kydia glabrescens,kydia glabrescens,kydia glabrescens,1,TRUE,TRUE,resolved_by_both,exact_accepted,exact_accepted_unique,Kydia glabrescens,wfo-0001078160,Malvaceae,Kydia,species
Terminalia glabrescens,terminalia glabrescens,terminalia glabrescens,1,TRUE,TRUE,resolved_by_both,exact_accepted,exact_accepted_unique,Terminalia glabrescens,wfo-0000408734,Combretaceae,Terminalia,species
Alnus hirsuta,alnus hirsuta,alnus hirsuta,1,TRUE,TRUE,resolved_by_both,exact_accepted,exact_accepted_unique,Alnus hirsuta,wfo-0000945674,Betulaceae,Alnus,species
Delavaya toxocarpa,delavaya toxocarpa,delavaya toxocarpa,1,TRUE,TRUE,resolved_by_both,exact_accepted,exact_accepted_unique,Delavaya toxocarpa,wfo-0000639405,Sapindaceae,Delavaya,species
Walsura pinnata,walsura pinnata,walsura pinnata,1,TRUE,TRUE,resolved_by_both,exact_accepted,exact_accepted_unique,Walsura pinnata,wfo-0000418031,Meliaceae,Walsura,species
Actinobole uliginosum,actinobole uliginosum,actinobole uliginosum,1,TRUE,TRUE,resolved_by_both,exact_accepted,exact_accepted_unique,Actinobole uliginosum,wfo-0000014965,Asteraceae,Actinobole,species
Santolina chamaecyparissus,santolina chamaecyparissus,santolina chamaecyparissus,1,TRUE,TRUE,resolved_by_both,exact_accepted,exact_accepted_unique,Santolina chamaecyparissus,wfo-0000045085,Asteraceae,Santolina,species
Ophryosporus floribundus,ophryosporus floribundus,ophryosporus floribundus,1,TRUE,TRUE,resolved_by_both,exact_accepted,exact_accepted_unique,Ophryosporus floribundus,wfo-0000089530,Asteraceae,Ophryosporus,species
Baccharis thesioides,baccharis thesioides,baccharis thesioides,1,TRUE,TRUE,resolved_by_both,exact_accepted,exact_accepted_unique,Baccharis thesioides,wfo-0000011638,Asteraceae,Baccharis,species
Baccharis confertifolia,baccharis confertifolia,baccharis confertifolia,2,FALSE,TRUE,recovered_by_hierarchical_rules,exact_accepted,exact_accepted_unique,Baccharis confertifolia,wfo-0000086024,Asteraceae,Baccharis,species
Baccharis paniculata,baccharis paniculata,baccharis paniculata,1,TRUE,TRUE,resolved_by_both,exact_accepted,exact_accepted_unique,Baccharis paniculata,wfo-0000115994,Asteraceae,Baccharis,species
Populus grandidentata,populus grandidentata,populus grandidentata,1,TRUE,TRUE,resolved_by_both,exact_accepted,exact_accepted_unique,Populus grandidentata,wfo-0000928328,Salicaceae,Populus,species
Baccharis phylicoides,baccharis phylicoides,baccharis phylicoides,1,TRUE,TRUE,resolved_by_both,exact_accepted,exact_accepted_unique,Baccharis phylicoides,wfo-0000010784,Asteraceae,Baccharis,species
Smallanthus glabratus,smallanthus glabratus,smallanthus glabratus,1,TRUE,TRUE,resolved_by_both,exact_accepted,exact_accepted_unique,Smallanthus glabratus,wfo-0000067491,Asteraceae,Smallanthus,species
Baccharis poeppigiana,baccharis poeppigiana,baccharis poeppigiana,1,TRUE,TRUE,resolved_by_both,exact_accepted,exact_accepted_unique,Baccharis poeppigiana,wfo-0000128369,Asteraceae,Baccharis,species
Baccharis tricuneata,baccharis tricuneata,baccharis tricuneata,1,TRUE,TRUE,resolved_by_both,exact_accepted,exact_accepted_unique,Baccharis tricuneata,wfo-0000065501,Asteraceae,Baccharis,species
Isocoma coronopifolia,isocoma coronopifolia,isocoma coronopifolia,1,TRUE,TRUE,resolved_by_both,exact_accepted,exact_accepted_unique,Isocoma coronopifolia,wfo-0000126309,Asteraceae,Isocoma,species
Gochnatia vernonioides,gochnatia vernonioides,gochnatia vernonioides,1,TRUE,TRUE,resolved_by_both,exact_accepted,exact_accepted_unique,Gochnatia vernonioides,wfo-0000051824,Asteraceae,Gochnatia,species
Proustia cuneifolia,proustia cuneifolia,proustia cuneifolia,1,TRUE,TRUE,resolved_by_both,exact_accepted,exact_accepted_unique,Proustia cuneifolia,wfo-0000134760,Asteraceae,Proustia,species
Dubautia arborea,dubautia arborea,dubautia arborea,1,TRUE,TRUE,resolved_by_both,exact_accepted,exact_accepted_unique,Dubautia arborea,wfo-0000087018,Asteraceae,Dubautia,species
Olearia brachyphylla,olearia brachyphylla,olearia brachyphylla,1,TRUE,TRUE,resolved_by_both,exact_accepted,exact_accepted_unique,Olearia brachyphylla,wfo-0000037141,Asteraceae,Olearia,species
Hyacinthoides non-scripta ex,hyacinthoides non-scripta ex,hyacinthoides,3,FALSE,FALSE,unresolved_by_both,canonical_conflict,canonical_conflict,NA,NA,NA,NA,NA
Hyacinthoides non-scripta,hyacinthoides non-scripta,hyacinthoides,3,FALSE,TRUE,recovered_by_hierarchical_rules,exact_accepted,exact_accepted_unique,Hyacinthoides non-scripta,wfo-0000664295,Asparagaceae,Hyacinthoides,species
Veronica cupressoides,veronica cupressoides,veronica cupressoides,1,TRUE,TRUE,resolved_by_both,exact_accepted,exact_accepted_unique,Veronica cupressoides,wfo-0000419532,Plantaginaceae,Veronica,species
Porophyllum scoparium,porophyllum scoparium,porophyllum scoparium,1,TRUE,TRUE,resolved_by_both,exact_accepted,exact_accepted_unique,Porophyllum scoparium,wfo-0000012501,Asteraceae,Porophyllum,species
Teucrium stocksianum,teucrium stocksianum,teucrium stocksianum,1,TRUE,TRUE,resolved_by_both,exact_accepted,exact_accepted_unique,Teucrium stocksianum,wfo-0000322658,Lamiaceae,Teucrium,species
Baccharis pteronioides,baccharis pteronioides,baccharis pteronioides,1,TRUE,TRUE,resolved_by_both,exact_accepted,exact_accepted_unique,Baccharis pteronioides,wfo-0000044918,Asteraceae,Baccharis,species
Hieracium amplexicaule,hieracium amplexicaule,hieracium amplexicaule,1,TRUE,TRUE,resolved_by_both,exact_accepted,exact_accepted_unique,Hieracium amplexicaule,wfo-0000117103,Asteraceae,Hieracium,species
Onoclea orientalis,onoclea orientalis,onoclea orientalis,1,TRUE,TRUE,resolved_by_both,exact_synonym,exact_synonym_unique,Pentarhizidium orientale,wfo-0001232479,Onocleaceae,Pentarhizidium,species
Aldama canescens,aldama canescens,aldama canescens,1,TRUE,TRUE,resolved_by_both,exact_accepted,exact_accepted_unique,Aldama canescens,wfo-0001331995,Asteraceae,Aldama,species
Brosimum gaudichaudii,brosimum gaudichaudii,brosimum gaudichaudii,1,TRUE,TRUE,resolved_by_both,exact_accepted,exact_accepted_unique,Brosimum gaudichaudii,wfo-0000572399,Moraceae,Brosimum,species
Paracalyx,paracalyx,paracalyx,1,TRUE,TRUE,resolved_by_both,exact_accepted,exact_accepted_unique,Paracalyx,wfo-4000027976,Fabaceae,Paracalyx,genus
Atuna racemosa,atuna racemosa,atuna racemosa,1,TRUE,TRUE,resolved_by_both,exact_synonym,exact_synonym_unique,Atuna excelsa subsp. racemosa,wfo-1200007302,Chrysobalanaceae,Atuna,subspecies
Secale cereale,secale cereale,secale cereale,1,TRUE,TRUE,resolved_by_both,exact_accepted,exact_accepted_unique,Secale cereale,wfo-0000898524,Poaceae,Secale,species
Taraxacum campylodes,taraxacum campylodes,taraxacum campylodes,1,TRUE,TRUE,resolved_by_both,exact_accepted,exact_accepted_unique,Taraxacum campylodes,wfo-0000093449,Asteraceae,Taraxacum,species
Taraxacum officinale,taraxacum officinale,taraxacum officinale,0,FALSE,FALSE,unresolved_by_both,unresolved,no_match,NA,NA,NA,NA,NA
Trigonella corniculata,trigonella corniculata,trigonella corniculata,2,FALSE,TRUE,recovered_by_hierarchical_rules,exact_synonym,exact_synonym_unique,Trigonella balansae,wfo-0000214018,Fabaceae,Trigonella,species
Taraxacum lapponicum,taraxacum lapponicum,taraxacum lapponicum,1,TRUE,TRUE,resolved_by_both,exact_synonym,exact_synonym_unique,Taraxacum croceum,wfo-0000071417,Asteraceae,Taraxacum,species
Thymelaea lythroides,thymelaea lythroides,thymelaea lythroides,1,TRUE,TRUE,resolved_by_both,exact_accepted,exact_accepted_unique,Thymelaea lythroides,wfo-0001282372,Thymelaeaceae,Thymelaea,species
Hypenia salzmannii,hypenia salzmannii,hypenia salzmannii,1,TRUE,TRUE,resolved_by_both,exact_accepted,exact_accepted_unique,Hypenia salzmannii,wfo-0000216208,Lamiaceae,Hypenia,species
Baccharis douglasii,baccharis douglasii,baccharis douglasii,1,TRUE,TRUE,resolved_by_both,exact_synonym,exact_synonym_unique,Baccharis glutinosa,wfo-0000000226,Asteraceae,Baccharis,species
Baccharis pingraea,baccharis pingraea,baccharis pingraea,2,FALSE,FALSE,unresolved_by_both,exact_conflict,exact_synonym_conflict,NA,NA,NA,NA,NA
Gymnosperma glutinosum,gymnosperma glutinosum,gymnosperma glutinosum,1,TRUE,TRUE,resolved_by_both,exact_accepted,exact_accepted_unique,Gymnosperma glutinosum,wfo-0000094649,Asteraceae,Gymnosperma,species
Baccharis glutinosa,baccharis glutinosa,baccharis glutinosa,1,TRUE,TRUE,resolved_by_both,exact_accepted,exact_accepted_unique,Baccharis glutinosa,wfo-0000000226,Asteraceae,Baccharis,species
Salvia,salvia,salvia,1,TRUE,TRUE,resolved_by_both,exact_accepted,exact_accepted_unique,Salvia,wfo-4000033888,Lamiaceae,Salvia,genus
Heteroplexis microcephala,heteroplexis microcephala,heteroplexis microcephala,0,FALSE,FALSE,unresolved_by_both,unresolved,no_match,NA,NA,NA,NA,NA
Calophyllum teysmannii,calophyllum teysmannii,calophyllum teysmannii,2,FALSE,TRUE,recovered_by_hierarchical_rules,exact_accepted,exact_accepted_unique,Calophyllum teysmannii,wfo-0000581366,Calophyllaceae,Calophyllum,species
Patrinia scabra,patrinia scabra,patrinia scabra,1,TRUE,TRUE,resolved_by_both,exact_accepted,exact_accepted_unique,Patrinia scabra,wfo-0001225090,Caprifoliaceae,Patrinia,species
Iris decora,iris decora,iris decora,1,TRUE,TRUE,resolved_by_both,exact_accepted,exact_accepted_unique,Iris decora,wfo-0000783257,Iridaceae,Iris,species
Iris unguicularis,iris unguicularis,iris unguicularis,1,TRUE,TRUE,resolved_by_both,exact_accepted,exact_accepted_unique,Iris unguicularis,wfo-0000783994,Iridaceae,Iris,species
Cryptocarya idenburgensis,cryptocarya idenburgensis,cryptocarya idenburgensis,1,TRUE,TRUE,resolved_by_both,exact_accepted,exact_accepted_unique,Cryptocarya idenburgensis,wfo-0000627966,Lauraceae,Cryptocarya,species
Pityrogramma,pityrogramma,pityrogramma,1,TRUE,TRUE,resolved_by_both,exact_accepted,exact_accepted_unique,Pityrogramma,wfo-4000029942,Pteridaceae,Pityrogramma,genus
Alpinia formosana,alpinia formosana,alpinia formosana,1,TRUE,TRUE,resolved_by_both,exact_accepted,exact_accepted_unique,Alpinia formosana,wfo-0000338484,Zingiberaceae,Alpinia,species
Cestrum parqui,cestrum parqui,cestrum parqui,1,TRUE,TRUE,resolved_by_both,exact_accepted,exact_accepted_unique,Cestrum parqui,wfo-0001020770,Solanaceae,Cestrum,species
Helichrysum luteoalbum,helichrysum luteoalbum,helichrysum luteoalbum,1,TRUE,TRUE,resolved_by_both,exact_synonym,exact_synonym_unique,Laphangium luteoalbum,wfo-0000076089,Asteraceae,Laphangium,species
Castanea mollissima,castanea mollissima,castanea mollissima,1,TRUE,TRUE,resolved_by_both,exact_accepted,exact_accepted_unique,Castanea mollissima,wfo-0000811992,Fagaceae,Castanea,species
Amphimas pterocarpoides,amphimas pterocarpoides,amphimas pterocarpoides,1,TRUE,TRUE,resolved_by_both,exact_accepted,exact_accepted_unique,Amphimas pterocarpoides,wfo-0000211895,Fabaceae,Amphimas,species
Centrosema haitiense,centrosema haitiense,centrosema haitiense,1,TRUE,TRUE,resolved_by_both,exact_accepted,exact_accepted_unique,Centrosema haitiense,wfo-0000165557,Fabaceae,Centrosema,species
Centrosema schottii,centrosema schottii,centrosema schottii,1,TRUE,TRUE,resolved_by_both,exact_accepted,exact_accepted_unique,Centrosema schottii,wfo-0000165570,Fabaceae,Centrosema,species
Swartzia arborescens,swartzia arborescens,swartzia arborescens,1,TRUE,TRUE,resolved_by_both,exact_accepted,exact_accepted_unique,Swartzia arborescens,wfo-0000164095,Fabaceae,Swartzia,species
Sideritis infernalis,sideritis infernalis,sideritis infernalis,1,TRUE,TRUE,resolved_by_both,exact_accepted,exact_accepted_unique,Sideritis infernalis,wfo-0000310196,Lamiaceae,Sideritis,species
