inchikey,target_domain_macro,n_standard_types,standard_types,n_records,n_targets,n_assays,z_potency_equal_mean,z_potency_equal_median,z_potency_record_weighted,delta_equal_mean_minus_record_weighted,delta_equal_median_minus_equal_mean
AAXMSKLPUMPSGN-UHFFFAOYSA-N,Infectious Diseases,1,IC50,2,2,2,-1.38194374392416,-1.38194374392416,-1.3819437439241564,-3.552713678800501e-15,0
ABOSSEFROBUJKH-UHFFFAOYSA-N,Phenotypic: Cancer and Cells,1,IC50,2,1,2,-1.05257179286889,-1.05257179286889,-1.052571792868895,4.884981308350689e-15,0
ACAAVKGSTVOIQB-BASWHVEKSA-N,Infectious Diseases,1,Ki,1,1,1,-0.251652797774716,-0.251652797774716,-0.2516527977747158,-2.220446049250313e-16,0
ADFZZQAJJGHYDR-UHFFFAOYSA-N,Cell Signaling and Survival,2,AC50;IC50,6,5,6,-0.011291945013727489,-0.011291945013727489,-0.39582156947088976,0.38452962445716227,0
ADIMMCHZVYYGPW-MSOLQXFVSA-N,Infectious Diseases,1,IC50,1,1,1,-0.276074784181471,-0.276074784181471,-0.2760747841814712,1.6653345369377348e-16,0
ADRQFDIWPRFKSP-RUDMXATFSA-N,Infectious Diseases,1,IC50,1,1,1,-1.04928397554627,-1.04928397554627,-1.0492839755462746,4.6629367034256575e-15,0
ADRQFDIWPRFKSP-RUDMXATFSA-N,Metabolic Enzymes,1,IC50,1,1,1,1.0875984045996,1.0875984045996,1.0875984045996032,-3.1086244689504383e-15,0
ADRQFDIWPRFKSP-RUDMXATFSA-N,Transporters and Ion Channels,1,IC50,2,1,2,-0.587583619371611,-0.587583619371611,-0.5875836193716106,-3.3306690738754696e-16,0
ADSYMQORONDIDD-ZJHVPRRPSA-N,Gene Regulation,1,IC50,1,1,1,-0.0344005225974473,-0.0344005225974473,-0.0344005225974473,0,0
ADVSBKKAOLGTQF-UHFFFAOYSA-N,Phenotypic: Cancer and Cells,1,IC50,1,1,1,0.429634219632782,0.429634219632782,0.429634219632782,0,0
AEAIWNGAMDGGNB-UHFFFAOYSA-N,Cell Signaling and Survival,1,IC50,1,1,1,-0.0113834366006152,-0.0113834366006152,-0.01138343660061516,-3.9898639947466563e-17,0
AEAIWNGAMDGGNB-UHFFFAOYSA-N,Metabolic Enzymes,1,IC50,1,1,1,1.72875930693483,1.72875930693483,1.728759306934834,-3.9968028886505635e-15,0
AETKQQBRKSELEL-ZHACJKMWSA-N,Cell Signaling and Survival,1,IC50,2,2,2,-0.32956437182757,-0.32956437182757,-0.3295643718275701,1.1102230246251565e-16,0
AETKQQBRKSELEL-ZHACJKMWSA-N,General Assays and Safety,2,EC50;IC50,2,2,2,-0.4045801080966926,-0.4045801080966926,-0.40458010809669265,5.551115123125783e-17,0
AETKQQBRKSELEL-ZHACJKMWSA-N,Infectious Diseases,1,EC50,1,1,1,-0.827651935780319,-0.827651935780319,-0.8276519357803188,-2.220446049250313e-16,0
AETKQQBRKSELEL-ZHACJKMWSA-N,Metabolic Enzymes,1,IC50,1,1,1,-0.495676476677193,-0.495676476677193,-0.49567647667719295,-5.551115123125783e-17,0
AETKQQBRKSELEL-ZHACJKMWSA-N,Neuroscience Targets,1,IC50,2,2,2,-1.4734729409695,-1.4734729409695,-1.4734729409695029,2.886579864025407e-15,0
AETKQQBRKSELEL-ZHACJKMWSA-N,Phenotypic: Cancer and Cells,1,IC50,9,6,9,-1.11583668364641,-1.11583668364641,-1.1158366836464058,-4.218847493575595e-15,0
AGFXXWXSPAYWMF-UHFFFAOYSA-N,Infectious Diseases,2,IC50;Ki,3,3,3,1.413423921068551,1.413423921068551,1.6474423561520233,-0.2340184350834722,0
AHQPCANDOCWXDN-MDWZMJQESA-N,Cell Signaling and Survival,1,IC50,1,1,1,-0.34282191079536,-0.34282191079536,-0.34282191079535956,-4.440892098500626e-16,0
AIONOLUJZLIMTK-AWEZNQCLSA-N,Cell Signaling and Survival,1,IC50,1,1,1,-0.687517923957893,-0.687517923957893,-0.6875179239578935,4.440892098500626e-16,0
AIONOLUJZLIMTK-AWEZNQCLSA-N,Gene Regulation,1,IC50,2,2,2,-0.342887519464092,-0.342887519464092,-0.34288751946409196,-5.551115123125783e-17,0
AIONOLUJZLIMTK-AWEZNQCLSA-N,Infectious Diseases,2,IC50;Kd,4,3,4,-0.1855225701809125,-0.1855225701809125,-0.2083216658043076,0.022799095623395105,0
AIONOLUJZLIMTK-AWEZNQCLSA-N,Inflammation and Proteolysis,1,IC50,3,3,3,1.84668472649985,1.84668472649985,1.846684726499851,-8.881784197001252e-16,0
AIONOLUJZLIMTK-AWEZNQCLSA-N,Metabolic Enzymes,3,AC50;IC50;Ki,15,15,15,0.7368060693467436,0.806272702554553,0.5576597962412475,0.17914627310549613,0.06946663320780933
AIONOLUJZLIMTK-AWEZNQCLSA-N,Phenotypic: Cancer and Cells,1,IC50,6,4,6,-0.930560932083696,-0.930560932083696,-0.9305609320836962,2.220446049250313e-16,0
AIONOLUJZLIMTK-UHFFFAOYSA-N,Metabolic Enzymes,1,IC50,2,2,2,0.760475495244893,0.760475495244893,0.7604754952448933,-3.3306690738754696e-16,0
AIONOLUJZLIMTK-UHFFFAOYSA-N,Transporters and Ion Channels,1,IC50,1,1,1,3.82494615570222,3.82494615570222,3.8249461557022197,4.440892098500626e-16,0
AJERVVHSERWGFL-UXBLZVDNSA-N,Infectious Diseases,3,EC50;IC50;Ki,7,5,7,0.08828118854378934,0.312822913892886,-0.012463695588983787,0.10074488413277313,0.22454172534909667
AJYSQFRTOQQIHC-CUNXSJBXSA-N,General Assays and Safety,1,IC50,1,1,1,1.76811754055618,1.76811754055618,1.7681175405561786,1.3322676295501878e-15,0
AKZBEMDOKOHIFM-BIGSBDRZSA-N,Infectious Diseases,1,IC50,2,2,2,0.874748198314982,0.874748198314982,0.8747481983149823,-3.3306690738754696e-16,0
AKZBEMDOKOHIFM-UMAWSMADSA-N,General Assays and Safety,1,IC50,1,1,1,0.627886466134935,0.627886466134935,0.6278864661349353,-2.220446049250313e-16,0
ALFNTRJPGFNJQV-UHFFFAOYSA-N,Phenotypic: Cancer and Cells,1,IC50,1,1,1,2.11067274600663,2.11067274600663,2.110672746006634,-3.9968028886505635e-15,0
ALGFNVZQNNGHPA-YRNVUSSQSA-N,Phenotypic: Cancer and Cells,1,IC50,1,1,1,-0.510301300490233,-0.510301300490233,-0.5103013004902331,1.1102230246251565e-16,0
AMJCTDBATIKENQ-YRDFTBLNSA-N,Cell Signaling and Survival,1,IC50,2,1,2,-0.607972690151155,-0.607972690151155,-0.6079726901511553,3.3306690738754696e-16,0
AMXXXMGWYLGBLR-UHFFFAOYSA-N,General Assays and Safety,1,IC50,2,1,2,0.955702900031043,0.955702900031043,0.9557029000310431,-1.1102230246251565e-16,0
AOJIJXJCNKMEET-UVTDQMKNSA-N,Phenotypic: Cancer and Cells,1,IC50,6,4,6,-0.103598431206236,-0.103598431206236,-0.10359843120623562,-3.885780586188048e-16,0
AOUGZVKCLQLQNU-HSZRJFAPSA-N,Gene Regulation,1,IC50,1,1,1,-1.5197082852887,-1.5197082852887,-1.5197082852886978,-2.220446049250313e-15,0
AOVQEAUIBICOLQ-UHFFFAOYSA-N,Cell Signaling and Survival,1,IC50,1,1,1,-1.1913044047339,-1.1913044047339,-1.1913044047339048,4.6629367034256575e-15,0
AOVQEAUIBICOLQ-UHFFFAOYSA-N,Phenotypic: Cancer and Cells,1,IC50,2,1,2,0.935753345852865,0.935753345852865,0.9357533458528654,-4.440892098500626e-16,0
APPXYONGBIXGRO-AIQWNVMPSA-N,Infectious Diseases,1,IC50,2,2,2,1.63896658512903,1.63896658512903,1.6389665851290325,-2.4424906541753444e-15,0
APPXYONGBIXGRO-AIQWNVMPSA-N,Metabolic Enzymes,1,IC50,1,1,1,-0.0900440690773531,-0.0900440690773531,-0.09004406907735309,-1.3877787807814457e-17,0
APPXYONGBIXGRO-AIQWNVMPSA-N,Phenotypic: Cancer and Cells,1,IC50,1,1,1,-1.41408545445467,-1.41408545445467,-1.41408545445467,0,0
AQBZCCQCDWNNJQ-AUSIDOKSSA-N,Cell Signaling and Survival,1,IC50,1,1,1,0.810583979402351,0.810583979402351,0.810583979402351,0,0
AQBZCCQCDWNNJQ-AUSIDOKSSA-N,General Assays and Safety,1,IC50,1,1,1,2.78007261910503,2.78007261910503,2.7800726191050313,-1.3322676295501878e-15,0
AQBZCCQCDWNNJQ-AUSIDOKSSA-N,Infectious Diseases,1,IC50,2,1,2,-0.168185129572428,-0.168185129572428,-0.1681851295724279,-1.1102230246251565e-16,0
AQBZCCQCDWNNJQ-AUSIDOKSSA-N,Phenotypic: Cancer and Cells,1,IC50,12,8,12,1.87568886597588,1.87568886597588,1.8756888659758806,-6.661338147750939e-16,0
ASIBRDHUNIEPQI-UHFFFAOYSA-N,Phenotypic: Cancer and Cells,1,IC50,6,6,6,2.59871618914743,2.59871618914743,2.598716189147429,1.3322676295501878e-15,0
ATHWOBRNXTYZEM-BJMVGYQFSA-N,Metabolic Enzymes,1,IC50,2,2,2,0.492234709574031,0.492234709574031,0.49223470957403104,-5.551115123125783e-17,0
AUTKSCVETOWBRA-RXVVDRJESA-N,General Assays and Safety,1,IC50,1,1,1,0.0720238173545801,0.0720238173545801,0.07202381735458009,1.3877787807814457e-17,0
AVMGPGZQJKDABF-HNNXBMFYSA-N,Phenotypic: Cancer and Cells,1,IC50,3,1,3,-0.763360863600275,-0.763360863600275,-0.7633608636002749,-1.1102230246251565e-16,0
AYHOUUNTAVCXBN-ZDUSSCGKSA-N,General Assays and Safety,1,EC50,2,2,2,-0.600723950001743,-0.600723950001743,-0.6007239500017433,3.3306690738754696e-16,0
AYHOUUNTAVCXBN-ZDUSSCGKSA-N,Metabolic Enzymes,1,IC50,1,1,1,-1.45087537199295,-1.45087537199295,-1.4508753719929466,-3.3306690738754696e-15,0
AYHOUUNTAVCXBN-ZDUSSCGKSA-N,Phenotypic: Cancer and Cells,1,IC50,1,1,1,0.0319691918884286,0.0319691918884286,0.031969191888428616,-1.3877787807814457e-17,0
AYMYWHCQALZEGT-ORCRQEGFSA-N,Cell Signaling and Survival,2,IC50;Kd,7,6,7,-1.4838828445180454,-1.4838828445180454,-1.0570958187728274,-0.426787025745218,0
AYMYWHCQALZEGT-ORCRQEGFSA-N,Gene Regulation,1,IC50,1,1,1,0.36549002889635,0.36549002889635,0.3654900288963503,-2.7755575615628914e-16,0
AYMYWHCQALZEGT-ORCRQEGFSA-N,General Assays and Safety,1,IC50,1,1,1,-0.512344608286307,-0.512344608286307,-0.5123446082863068,-2.220446049250313e-16,0
AYMYWHCQALZEGT-ORCRQEGFSA-N,Infectious Diseases,2,IC50;Ki,10,7,10,-0.26530214127636104,-0.26530214127636104,-0.4350420021722699,0.16973986089590887,0
AYMYWHCQALZEGT-ORCRQEGFSA-N,Inflammation and Proteolysis,1,IC50,4,4,4,2.69898109556669,2.69898109556669,2.698981095566694,-3.9968028886505635e-15,0
AYMYWHCQALZEGT-ORCRQEGFSA-N,Metabolic Enzymes,1,IC50,3,3,3,1.44089114670269,1.44089114670269,1.4408911467026895,4.440892098500626e-16,0
AYMYWHCQALZEGT-ORCRQEGFSA-N,Neuroscience Targets,1,IC50,2,2,2,-1.08235818965307,-1.08235818965307,-1.0823581896530656,-4.440892098500626e-15,0
AYMYWHCQALZEGT-ORCRQEGFSA-N,Phenotypic: Cancer and Cells,1,IC50,4,2,4,0.520012635029225,0.520012635029225,0.5200126350292253,-3.3306690738754696e-16,0
AZELSOYQOIUPBZ-UHFFFAOYSA-N,Phenotypic: Cancer and Cells,1,EC50,1,1,1,4.00061217973176,4.00061217973176,4.000612179731761,-8.881784197001252e-16,0
AZLNYSCXKUKIRV-JXFKEZNVSA-N,Infectious Diseases,2,IC50;Ki,3,3,3,0.5288278575553945,0.5288278575553945,0.5482327226005526,-0.019404865045158037,0
AZLNYSCXKUKIRV-UHFFFAOYSA-N,Phenotypic: Cancer and Cells,1,IC50,1,1,1,1.08035881048718,1.08035881048718,1.0803588104871755,4.440892098500626e-15,0
AZPLXDBZIQMMMT-UHFFFAOYSA-N,Cell Signaling and Survival,1,IC50,1,1,1,0.253767342755181,0.253767342755181,0.2537673427551806,3.885780586188048e-16,0
AZPLXDBZIQMMMT-UHFFFAOYSA-N,Neuroscience Targets,1,IC50,1,1,1,-5.51430692704377e-4,-5.51430692704377e-4,-5.514306927043766e-4,-4.336808689942018e-19,0
BCIBEYSHPVFKBY-FRRISVFZSA-N,Inflammation and Proteolysis,1,IC50,1,1,1,0.858515023233947,0.858515023233947,0.8585150232339466,4.440892098500626e-16,0
BCIBEYSHPVFKBY-KCPWBINCSA-N,Inflammation and Proteolysis,1,IC50,1,1,1,0.784402295489004,0.784402295489004,0.7844022954890042,-2.220446049250313e-16,0
BCRQIJDETOPQBA-SJORKVTESA-N,Phenotypic: Cancer and Cells,1,IC50,1,1,1,3.37597056155685,3.37597056155685,3.375970561556846,3.9968028886505635e-15,0
BDUDECZOBBDZCJ-CQZGAYFHSA-N,Cell Signaling and Survival,1,IC50,4,4,4,0.399600271400867,0.399600271400867,0.3996002714008674,-3.885780586188048e-16,0
BDUDECZOBBDZCJ-CQZGAYFHSA-N,Phenotypic: Cancer and Cells,1,IC50,1,1,1,1.2068885920422,1.2068885920422,1.2068885920421972,2.6645352591003757e-15,0
BEWUEWUDIYSCEX-UHFFFAOYSA-N,Phenotypic: Cancer and Cells,1,IC50,1,1,1,0.682693782742824,0.682693782742824,0.6826937827428237,3.3306690738754696e-16,0
BEZJLLIBPJHWLI-HNKXTRRSSA-N,General Assays and Safety,1,IC50,1,1,1,-1.0539543686364,-1.0539543686364,-1.0539543686363968,-3.1086244689504383e-15,0
BGZLDYWPLZVXDX-DHZHZOJOSA-N,Phenotypic: Cancer and Cells,1,IC50,1,1,1,-0.347620152776635,-0.347620152776635,-0.34762015277663477,-2.220446049250313e-16,0
BHDBRCJCCXGBOF-GCFMLEDASA-N,Inflammation and Proteolysis,1,IC50,1,1,1,2.41488230587775,2.41488230587775,2.4148823058777458,4.440892098500626e-15,0
BHFVJSQVKWDKGD-UHFFFAOYSA-N,General Assays and Safety,1,IC50,1,1,1,0.770415350437591,0.770415350437591,0.7704153504375914,-3.3306690738754696e-16,0
BICKLHZENLKHGI-LXEULODHSA-N,Phenotypic: Cancer and Cells,1,IC50,2,1,2,-0.0493713819683706,-0.0493713819683706,-0.04937138196837056,-3.469446951953614e-17,0
BJAHHJOBSKZTFE-JUIPTLLLSA-N,Phenotypic: Cancer and Cells,1,IC50,1,1,1,-0.853739278996718,-0.853739278996718,-0.8537392789967182,2.220446049250313e-16,0
BJRPKUAESAVDDK-ZZXKWVIFSA-N,Metabolic Enzymes,1,IC50,1,1,1,0.13239950928385,0.13239950928385,0.1323995092838496,3.885780586188048e-16,0
BJVDGVPUXJNXHR-QGZVFWFLSA-N,Metabolic Enzymes,1,IC50,1,1,1,2.25215596190237,2.25215596190237,2.2521559619023703,-4.440892098500626e-16,0
BLZGPHNVMRXDCB-UXBLZVDNSA-N,Metabolic Enzymes,1,IC50,3,1,3,0.080059843787096,0.080059843787096,0.08005984378709596,4.163336342344337e-17,0
BLZGPHNVMRXDCB-UXBLZVDNSA-N,Phenotypic: Cancer and Cells,1,IC50,2,2,2,0.266953071919184,0.266953071919184,0.2669530719191836,3.885780586188048e-16,0
BMIMEYWWZBBDCM-QHCPKHFHSA-N,Cell Signaling and Survival,1,IC50,2,1,2,-0.190360212665777,-0.190360212665777,-0.19036021266577685,-1.3877787807814457e-16,0
BMIMEYWWZBBDCM-QHCPKHFHSA-N,Phenotypic: Cancer and Cells,1,IC50,2,2,2,0.104271924205584,0.104271924205584,0.10427192420558364,3.608224830031759e-16,0
BMLIIPOXVWESJG-KEDVUCMTSA-N,Metabolic Enzymes,2,IC50;Ki,6,2,6,-0.41717990051771947,-0.41717990051771947,-0.4040992915054163,-0.01308060901230318,0
BMLIIPOXVWESJG-LMBCONBSSA-N,Metabolic Enzymes,2,IC50;Ki,6,2,6,-0.16272101061089145,-0.16272101061089145,-0.1389686310833799,-0.023752379527511552,0
BMLIIPOXVWESJG-LMBCONBSSA-N,Transporters and Ion Channels,1,IC50,1,1,1,1.98924255418572,1.98924255418572,1.9892425541857162,3.774758283725532e-15,0
BMZFZTMWBCFKSS-UHFFFAOYSA-N,Cell Signaling and Survival,2,IC50;Ki,2,2,2,0.987029181921133,0.987029181921133,0.9870291819211329,1.1102230246251565e-16,0
BMZFZTMWBCFKSS-UHFFFAOYSA-N,General Assays and Safety,1,IC50,2,2,2,1.490186216166,1.490186216166,1.4901862161660004,-4.440892098500626e-16,0
BMZFZTMWBCFKSS-UHFFFAOYSA-N,Infectious Diseases,1,IC50,1,1,1,-0.437909266095035,-0.437909266095035,-0.4379092660950346,-3.885780586188048e-16,0
BMZFZTMWBCFKSS-UHFFFAOYSA-N,Metabolic Enzymes,1,IC50,2,2,2,-0.175096025509577,-0.175096025509577,-0.17509602550957704,2.7755575615628914e-17,0
BMZFZTMWBCFKSS-UHFFFAOYSA-N,Phenotypic: Cancer and Cells,1,IC50,1,1,1,0.140423290364162,0.140423290364162,0.14042329036416193,8.326672684688674e-17,0
BNFXYMBRFDJYCH-UHFFFAOYSA-N,Phenotypic: Cancer and Cells,1,IC50,1,1,1,-1.21525294058249,-1.21525294058249,-1.2152529405824932,3.3306690738754696e-15,0
BNHKKFCHFULPFL-YWZLYKJASA-N,Inflammation and Proteolysis,1,IC50,2,1,2,0.0123947148125164,0.0123947148125164,0.012394714812516356,4.5102810375396984e-17,0
BNHKKFCHFULPFL-YWZLYKJASA-N,Phenotypic: Cancer and Cells,1,IC50,1,1,1,-0.347620152776635,-0.347620152776635,-0.34762015277663477,-2.220446049250313e-16,0
BOBWTYODGOYWRC-UVIRAJKCSA-N,Cell Signaling and Survival,1,IC50,1,1,1,-0.488654839441048,-0.488654839441048,-0.48865483944104754,-4.440892098500626e-16,0
BOYAGHNMYQPGKZ-VMPITWQZSA-N,General Assays and Safety,1,IC50,1,1,1,-1.4245294678233,-1.4245294678233,-1.4245294678233003,2.220446049250313e-16,0
BPKGZLQVBQRSMK-QVDUQQMDSA-N,General Assays and Safety,1,EC50,1,1,1,0.428970573231486,0.428970573231486,0.4289705732314861,-5.551115123125783e-17,0
BTCICADMSGBCKA-VGVWILAUSA-N,Cell Signaling and Survival,1,AC50,1,1,1,-0.598023401736221,-0.598023401736221,-0.5980234017362206,-4.440892098500626e-16,0
BTCICADMSGBCKA-VGVWILAUSA-N,General Assays and Safety,1,AC50,1,1,1,-0.481705774430975,-0.481705774430975,-0.48170577443097473,-2.7755575615628914e-16,0
BTCICADMSGBCKA-VGVWILAUSA-N,Infectious Diseases,1,EC50,4,3,4,1.43908386500625,1.43908386500625,1.4390838650062483,1.7763568394002505e-15,0
BVFVJUGNDWHJBT-UHFFFAOYSA-N,Metabolic Enzymes,1,IC50,1,1,1,-0.809714469657715,-0.809714469657715,-0.8097144696577148,-2.220446049250313e-16,0
BVHLNRAYBCPKOY-NRFANRHFSA-N,Cell Signaling and Survival,1,IC50,1,1,1,-0.32956437182757,-0.32956437182757,-0.3295643718275701,1.1102230246251565e-16,0
BVKQRAYKLBRNIK-UHFFFAOYSA-N,General Assays and Safety,1,IC50,3,2,3,-0.255792616541526,-0.255792616541526,-0.2557926165415264,3.885780586188048e-16,0
BVKQRAYKLBRNIK-UHFFFAOYSA-N,Metabolic Enzymes,1,IC50,1,1,1,-1.45087537199295,-1.45087537199295,-1.4508753719929466,-3.3306690738754696e-15,0
BVKQRAYKLBRNIK-UHFFFAOYSA-N,Phenotypic: Cancer and Cells,2,EC50;IC50,7,4,7,-0.15327122103555102,-0.15327122103555102,0.1533445893175766,-0.3066158103531276,0
BVKQRAYKLBRNIK-UHFFFAOYSA-N,Transporters and Ion Channels,2,IC50;Kd,2,2,2,0.969841126872504,0.969841126872504,0.9698411268725042,-2.220446049250313e-16,0
BWFSBUVPIAIXKJ-QHHAFSJGSA-N,Cell Signaling and Survival,1,IC50,1,1,1,-0.886381008474741,-0.886381008474741,-0.8863810084747406,-4.440892098500626e-16,0
BWFSBUVPIAIXKJ-QHHAFSJGSA-N,General Assays and Safety,1,IC50,1,1,1,-0.925678372764007,-0.925678372764007,-0.9256783727640072,2.220446049250313e-16,0
BWFSBUVPIAIXKJ-QHHAFSJGSA-N,Infectious Diseases,1,IC50,4,2,4,-0.177175934123183,-0.177175934123183,-0.17717593412318283,-1.6653345369377348e-16,0
BWSXMPVDLMJKKY-QFIPXVFZSA-N,Cell Signaling and Survival,1,IC50,1,1,1,-1.25759209957285,-1.25759209957285,-1.2575920995728547,4.6629367034256575e-15,0
BYNYZQQDQIQLSO-UHFFFAOYSA-N,Cell Signaling and Survival,1,IC50,1,1,1,-1.23107702163727,-1.23107702163727,-1.2310770216372744,4.440892098500626e-15,0
BYNYZQQDQIQLSO-UHFFFAOYSA-N,Gene Regulation,1,EC50,1,1,1,-0.594327807797689,-0.594327807797689,-0.5943278077976887,-3.3306690738754696e-16,0
BYNYZQQDQIQLSO-UHFFFAOYSA-N,Phenotypic: Cancer and Cells,1,IC50,2,2,2,0.0138935088091403,0.0138935088091403,0.013893508809140268,3.2959746043559335e-17,0
BYSRPHRKESMCPO-HMQYECKYSA-N,Infectious Diseases,1,IC50,1,1,1,-1.73258512140354,-1.73258512140354,-1.7325851214035433,3.3306690738754696e-15,0
BYSRPHRKESMCPO-LQNPQWRQSA-N,Infectious Diseases,1,EC50,1,1,1,-0.536511557697641,-0.536511557697641,-0.536511557697641,0,0
BYSRPHRKESMCPO-XDJXAWJCSA-N,Infectious Diseases,1,IC50,1,1,1,0.838784980111967,0.838784980111967,0.8387849801119673,-3.3306690738754696e-16,0
BYZVMAQRPFEPSV-UHFFFAOYSA-N,Infectious Diseases,2,IC50;Ki,3,3,3,0.6492921389817085,0.6492921389817085,0.7843828557644907,-0.13509071678278228,0
BZEKKSSYFMPCCF-UHFFFAOYSA-N,Inflammation and Proteolysis,1,IC50,2,2,2,0.308845625792287,0.308845625792287,0.30884562579228686,1.6653345369377348e-16,0
CAPJLGPKGOVWIU-YIYLECCTSA-N,Phenotypic: Cancer and Cells,1,IC50,3,3,3,1.42379678899366,1.42379678899366,1.423796788993662,-1.9984014443252818e-15,0
CAPJLGPKGOVWIU-YIYLECCTSA-N,Transporters and Ion Channels,1,IC50,3,2,3,-0.251227990522314,-0.251227990522314,-0.25122799052231365,-3.3306690738754696e-16,0
CBEPNYOFLRIAGR-LLVKDONJSA-N,Phenotypic: Cancer and Cells,1,IC50,1,1,1,-1.23332862366178,-1.23332862366178,-1.2333286236617818,1.7763568394002505e-15,0
CBGDCCSHOGQUSW-MDWZMJQESA-N,Cell Signaling and Survival,1,IC50,2,1,2,0.976303216499723,0.976303216499723,0.9763032164997233,-3.3306690738754696e-16,0
CBGDCCSHOGQUSW-MDWZMJQESA-N,Phenotypic: Cancer and Cells,1,IC50,2,2,2,0.529050476568869,0.529050476568869,0.5290504765688695,-4.440892098500626e-16,0
CCOJFDRSZSSKOG-UHFFFAOYSA-N,Gene Regulation,1,IC50,1,1,1,-0.87988340289862,-0.87988340289862,-0.8798834028986204,4.440892098500626e-16,0
CCUZOQMNQONIMX-UHFFFAOYSA-N,Cell Signaling and Survival,1,IC50,1,1,1,0.982931985983618,0.982931985983618,0.9829319859836181,-1.1102230246251565e-16,0
CCUZOQMNQONIMX-UHFFFAOYSA-N,Phenotypic: Cancer and Cells,1,IC50,3,3,3,0.556164001187802,0.556164001187802,0.5561640011878021,-1.1102230246251565e-16,0
CEBBHGDAHZDJTP-FNORWQNLSA-N,General Assays and Safety,1,IC50,1,1,1,-1.56705835212596,-1.56705835212596,-1.5670583521259562,-3.774758283725532e-15,0
CEBBHGDAHZDJTP-FNORWQNLSA-N,Inflammation and Proteolysis,1,IC50,2,1,2,-1.15488074717033,-1.15488074717033,-1.1548807471703337,3.774758283725532e-15,0
CEBBHGDAHZDJTP-FNORWQNLSA-N,Phenotypic: Cancer and Cells,1,IC50,1,1,1,-0.492225617410945,-0.492225617410945,-0.4922256174109448,-2.220446049250313e-16,0
CEBBHGDAHZDJTP-FNORWQNLSA-N,Transporters and Ion Channels,1,IC50,2,1,2,1.12269923918414,1.12269923918414,1.1226992391841375,2.4424906541753444e-15,0
CFGUDCVYJGCIHR-UHFFFAOYSA-N,Infectious Diseases,1,IC50,2,2,2,-1.19313684835833,-1.19313684835833,-1.1931368483583313,1.3322676295501878e-15,0
CFWLRXJPRRCJTI-UHFFFAOYSA-N,General Assays and Safety,1,EC50,1,1,1,1.45866509646471,1.45866509646471,1.4586650964647132,-3.1086244689504383e-15,0
CFWLRXJPRRCJTI-UHFFFAOYSA-N,Metabolic Enzymes,2,IC50;Ki,2,2,2,-1.4769153704307598,-1.4769153704307598,-1.4769153704307607,8.881784197001252e-16,0
CFWLRXJPRRCJTI-UHFFFAOYSA-N,Neuroscience Targets,1,EC50,1,1,1,1.47402441134351,1.47402441134351,1.474024411343511,-1.1102230246251565e-15,0
CGIBCVBDFUTMPT-RMKNXTFCSA-N,Cell Signaling and Survival,1,IC50,1,1,1,-0.170473904214093,-0.170473904214093,-0.17047390421409261,-3.885780586188048e-16,0
CGIBCVBDFUTMPT-RMKNXTFCSA-N,Infectious Diseases,1,IC50,1,1,1,-0.419927656993528,-0.419927656993528,-0.4199276569935279,-1.1102230246251565e-16,0
CGIBCVBDFUTMPT-RMKNXTFCSA-N,Phenotypic: Cancer and Cells,1,IC50,1,1,1,0.248877388839894,0.248877388839894,0.24887738883989366,3.3306690738754696e-16,0
CGIBCVBDFUTMPT-RMKNXTFCSA-N,Transporters and Ion Channels,1,IC50,2,1,2,0.182043666978476,0.182043666978476,0.18204366697847577,2.220446049250313e-16,0
CHAAQDMHLLQJRO-UHFFFAOYSA-N,Metabolic Enzymes,1,IC50,4,4,4,-0.122756360012823,-0.122756360012823,-0.12275636001282338,3.7470027081099033e-16,0
CHAAQDMHLLQJRO-UHFFFAOYSA-N,Phenotypic: Cancer and Cells,1,IC50,2,1,2,-0.148787638904458,-0.148787638904458,-0.1487876389044581,8.326672684688674e-17,0
CHBPBJKGYCNSLI-UHFFFAOYSA-N,Neuroscience Targets,1,IC50,2,2,2,0.83992920511496,0.83992920511496,0.8399292051149603,-2.220446049250313e-16,0
CHDJBHWCUVZCGP-UHFFFAOYSA-N,Neuroscience Targets,1,IC50,2,2,2,-0.483203676998096,-0.483203676998096,-0.48320367699809613,1.1102230246251565e-16,0
CHMHCJPJPCCBKX-OGGKTOENSA-N,Phenotypic: Cancer and Cells,1,IC50,1,1,1,-0.926042011313873,-0.926042011313873,-0.9260420113138732,2.220446049250313e-16,0
CHQXHOMGCLNJIG-FZMZJTMJSA-N,General Assays and Safety,1,IC50,1,1,1,0.371334474390156,0.371334474390156,0.37133447439015616,-1.6653345369377348e-16,0
CHWWSUSAPRACBZ-FMIVXFBMSA-N,Phenotypic: Cancer and Cells,1,IC50,1,1,1,-0.365695835855923,-0.365695835855923,-0.36569583585592313,1.1102230246251565e-16,0
CJUFYKORDZSOLF-INIZCTEOSA-N,Infectious Diseases,1,IC50,6,2,6,1.67492980333205,1.67492980333205,1.6749298033320459,4.218847493575595e-15,0
CJWQYWQDLBZGPD-UHFFFAOYSA-N,Phenotypic: Cancer and Cells,1,IC50,1,1,1,1.56840225362797,1.56840225362797,1.5684022536279723,-2.220446049250313e-15,0
CKTMJKHXYHXNKU-NRFANRHFSA-N,Cell Signaling and Survival,1,IC50,1,1,1,-0.89963854744253,-0.89963854744253,-0.89963854744253,0,0
CKVPUAIEQLSMGP-UHFFFAOYSA-N,General Assays and Safety,1,IC50,1,1,1,-0.113263732238872,-0.113263732238872,-0.11326373223887164,-3.608224830031759e-16,0
CLCLFKDEXVVDGI-WRWLIDTKSA-N,Phenotypic: Cancer and Cells,1,IC50,1,1,1,-0.365695835855923,-0.365695835855923,-0.36569583585592313,1.1102230246251565e-16,0
CLYYUOMSXIPPJS-UHFFFAOYSA-N,General Assays and Safety,1,IC50,2,2,2,-0.726137934740289,-0.726137934740289,-0.726137934740289,0,0
CLYYUOMSXIPPJS-UHFFFAOYSA-N,Inflammation and Proteolysis,1,IC50,1,1,1,-0.833725593608915,-0.833725593608915,-0.833725593608915,0,0
CMGRMMSVGCHWOK-FQRUVTKNSA-N,Infectious Diseases,1,IC50,1,1,1,-0.0602954749633862,-0.0602954749633862,-0.060295474963386185,-1.3877787807814457e-17,0
CMHGFGMNRHHGSN-UKILVPOCSA-N,Cell Signaling and Survival,1,IC50,1,1,1,-0.0378985145361953,-0.0378985145361953,-0.037898514536195325,2.7755575615628914e-17,0
CMHGFGMNRHHGSN-UKILVPOCSA-N,Infectious Diseases,2,IC50;Ki,3,3,3,1.126896711561077,1.126896711561077,0.934957552536669,0.19193915902440806,0
CMJDNOOYGNOVCM-UBDBMELISA-N,Infectious Diseases,2,IC50;Ki,2,2,2,0.12544429584642597,0.12544429584642597,0.12544429584642555,4.163336342344337e-16,0
CMJDNOOYGNOVCM-UBDBMELISA-N,Inflammation and Proteolysis,2,IC50;Ki,2,2,2,-0.28912984095913813,-0.28912984095913813,-0.28912984095913813,0,0
CNABJBYLQABXJR-UHFFFAOYSA-N,Metabolic Enzymes,1,IC50,2,2,2,-0.227435691006331,-0.227435691006331,-0.22743569100633065,-3.3306690738754696e-16,0
CNJVHHYFXJIZHZ-IYHNFFKESA-N,Cell Signaling and Survival,1,IC50,1,1,1,-0.462139761505467,-0.462139761505467,-0.4621397615054674,3.885780586188048e-16,0
CNPMAFLUEHEXRE-UHFFFAOYSA-N,Cell Signaling and Survival,1,IC50,2,2,2,-0.747176849312947,-0.747176849312947,-0.7471768493129474,3.3306690738754696e-16,0
CNPMAFLUEHEXRE-UHFFFAOYSA-N,Infectious Diseases,1,EC50,4,2,4,-0.905635965623893,-0.905635965623893,-0.9056359656238926,-4.440892098500626e-16,0
CNPMAFLUEHEXRE-UHFFFAOYSA-N,Metabolic Enzymes,2,IC50;Ki,2,2,2,-0.65660569227704,-0.65660569227704,-0.65660569227704,0,0
CNPMAFLUEHEXRE-UHFFFAOYSA-N,Phenotypic: Cancer and Cells,1,IC50,2,2,2,0.628466733504957,0.628466733504957,0.6284667335049571,-1.1102230246251565e-16,0
COKUCRXLRIRZQM-MWTRTKDXSA-N,Infectious Diseases,1,EC50,1,1,1,-0.286962662198202,-0.286962662198202,-0.2869626621982022,2.220446049250313e-16,0
COLMVFWKLOZOOP-UHFFFAOYSA-N,Cell Signaling and Survival,1,IC50,1,1,1,-1.2045619437017001,-1.2045619437017001,-1.2045619437016954,-4.6629367034256575e-15,0
COLMVFWKLOZOOP-UHFFFAOYSA-N,Infectious Diseases,1,IC50,7,3,7,0.694932107299911,0.694932107299911,0.6949321072999106,3.3306690738754696e-16,0
CRBYNQCDRNZCNX-DUXPYHPUSA-N,General Assays and Safety,1,IC50,1,1,1,-1.48154102154436,-1.48154102154436,-1.4815410215443625,2.4424906541753444e-15,0
CRBYNQCDRNZCNX-DUXPYHPUSA-N,Inflammation and Proteolysis,1,IC50,4,3,4,2.21724836522456,2.21724836522456,2.217248365224565,-4.884981308350689e-15,0
CRBYNQCDRNZCNX-DUXPYHPUSA-N,Neuroscience Targets,1,IC50,1,1,1,-1.64822634049387,-1.64822634049387,-1.6482263404938695,-4.440892098500626e-16,0
CSJQGXKXWYTHHQ-KRWDZBQOSA-N,General Assays and Safety,1,IC50,1,1,1,0.371334474390156,0.371334474390156,0.37133447439015616,-1.6653345369377348e-16,0
CTFJUDTWKJHYNX-IBGZPJMESA-N,Metabolic Enzymes,1,IC50,1,1,1,1.44089114670269,1.44089114670269,1.4408911467026895,4.440892098500626e-16,0
CTFJUDTWKJHYNX-IBGZPJMESA-N,Phenotypic: Cancer and Cells,1,IC50,1,1,1,-0.528376983569521,-0.528376983569521,-0.5283769835695215,4.440892098500626e-16,0
CTFJUDTWKJHYNX-IBGZPJMESA-N,Transporters and Ion Channels,1,IC50,1,1,1,-0.644593047990135,-0.644593047990135,-0.6445930479901354,4.440892098500626e-16,0
CTWSWRSNFKNYMF-OUKQBFOZSA-N,Phenotypic: Cancer and Cells,1,IC50,2,2,2,-0.239166054300901,-0.239166054300901,-0.23916605430090146,4.718447854656915e-16,0
CUFAXDWQDQQKFF-DEOSSOPVSA-N,Cell Signaling and Survival,1,IC50,3,1,3,0.28028242069076,0.28028242069076,0.2802824206907596,3.885780586188048e-16,0
CUFAXDWQDQQKFF-DEOSSOPVSA-N,Infectious Diseases,2,EC50;IC50,9,5,9,1.1453132066219158,1.1453132066219158,1.3038704630904536,-0.1585572564685378,0
CUFAXDWQDQQKFF-DEOSSOPVSA-N,Neuroscience Targets,1,Ki,1,1,1,1.12772018300853,1.12772018300853,1.1277201830085286,1.3322676295501878e-15,0
CUFAXDWQDQQKFF-DEOSSOPVSA-N,Phenotypic: Cancer and Cells,1,IC50,4,4,4,1.06228312740789,1.06228312740789,1.0622831274078872,2.886579864025407e-15,0
CUFAXDWQDQQKFF-UHFFFAOYSA-N,Metabolic Enzymes,1,IC50,5,4,5,-0.541473683986852,-0.541473683986852,-0.5414736839868525,4.440892098500626e-16,0
CUGDOWNTXKLQMD-BQYQJAHWSA-N,Metabolic Enzymes,1,IC50,4,3,4,-0.260147981941802,-0.260147981941802,-0.2601479819418021,1.1102230246251565e-16,0
CUGDOWNTXKLQMD-BQYQJAHWSA-N,Phenotypic: Cancer and Cells,1,IC50,2,2,2,-0.83566359591743,-0.83566359591743,-0.8356635959174299,-1.1102230246251565e-16,0
CVIHLQPNGRNSIC-CEMXSPGASA-N,Phenotypic: Cancer and Cells,1,EC50,6,6,6,0.0480336476436581,0.0480336476436581,0.04803364764365811,-1.3877787807814457e-17,0
CVKDSGICIOMAGA-IUXPMGMMSA-N,Infectious Diseases,1,IC50,3,1,3,-0.240111565978456,-0.240111565978456,-0.24011156597845626,2.498001805406602e-16,0
CVMUWVCGBFJJFI-RMKNXTFCSA-N,Phenotypic: Cancer and Cells,1,IC50,5,4,5,-0.157825480444102,-0.157825480444102,-0.15782548044410227,2.7755575615628914e-16,0
CVRQUKAFPCFUQW-MHZLTWQESA-N,Phenotypic: Cancer and Cells,1,IC50,1,1,1,0.0681205580470069,0.0681205580470069,0.06812055804700692,-2.7755575615628914e-17,0
CVULDJMCSSACEO-VMPREFPWSA-N,Inflammation and Proteolysis,1,IC50,1,1,1,-1.25369771749692,-1.25369771749692,-1.2536977174969242,4.218847493575595e-15,0
CVULDJMCSSACEO-VMPREFPWSA-N,Phenotypic: Cancer and Cells,1,IC50,1,1,1,-1.46831250369254,-1.46831250369254,-1.4683125036925366,-3.3306690738754696e-15,0
CVWBRDWJOWRQRY-UHFFFAOYSA-N,General Assays and Safety,1,IC50,1,1,1,-0.840161042182413,-0.840161042182413,-0.8401610421824134,3.3306690738754696e-16,0
CWMMCBXYWVPWJL-FNORWQNLSA-N,Infectious Diseases,1,IC50,2,1,2,-0.231120761427703,-0.231120761427703,-0.2311207614277029,-8.326672684688674e-17,0
CXAXZPWQRPXPGL-HHHXNRCGSA-N,Infectious Diseases,1,IC50,1,1,1,-1.08524719374929,-1.08524719374929,-1.0852471937492896,-4.440892098500626e-16,0
CXQWRCVTCMQVQX-CABCVRRESA-N,General Assays and Safety,1,EC50,1,1,1,0.0218820407904426,0.0218820407904426,0.021882040790442637,-3.8163916471489756e-17,0
CXQWRCVTCMQVQX-GJZGRUSLSA-N,Cell Signaling and Survival,1,Kd,1,1,1,-0.369692919839458,-0.369692919839458,-0.36969291983945834,3.3306690738754696e-16,0
CXQWRCVTCMQVQX-GJZGRUSLSA-N,Metabolic Enzymes,1,AC50,2,2,2,-0.512092621026834,-0.512092621026834,-0.5120926210268338,-1.1102230246251565e-16,0
CXQWRCVTCMQVQX-LSDHHAIUSA-N,Cell Signaling and Survival,2,IC50;Ki,4,3,4,0.857562538448442,0.857562538448442,0.592123172763233,0.265439365685209,0
CXQWRCVTCMQVQX-LSDHHAIUSA-N,General Assays and Safety,2,EC50;IC50,8,4,8,-0.47441734678200387,-0.47441734678200387,-0.7285536366335367,0.2541362898515328,0
CXQWRCVTCMQVQX-LSDHHAIUSA-N,Infectious Diseases,2,EC50;IC50,3,3,3,-1.21244933661509,-1.21244933661509,-1.2090087753797556,-0.0034405612353343162,0
CXQWRCVTCMQVQX-LSDHHAIUSA-N,Inflammation and Proteolysis,1,IC50,6,6,6,-0.59285922843785,-0.59285922843785,-0.5928592284378504,4.440892098500626e-16,0
CXQWRCVTCMQVQX-LSDHHAIUSA-N,Metabolic Enzymes,2,IC50;Ki,9,6,9,0.09229396924414698,0.09229396924414698,0.12709254725118982,-0.034798578007042835,0
CXQWRCVTCMQVQX-LSDHHAIUSA-N,Neuroscience Targets,1,IC50,1,1,1,-0.865996837860992,-0.865996837860992,-0.8659968378609922,2.220446049250313e-16,0
CXQWRCVTCMQVQX-LSDHHAIUSA-N,Phenotypic: Cancer and Cells,1,IC50,5,2,5,-0.885371724385474,-0.885371724385474,-0.8853717243854737,-2.220446049250313e-16,0
CXQWRCVTCMQVQX-LSDHHAIUSA-N,Transporters and Ion Channels,2,IC50;Kd,2,2,2,-0.588701110961888,-0.588701110961888,-0.5887011109618884,3.3306690738754696e-16,0
CXQWRCVTCMQVQX-UHFFFAOYSA-N,General Assays and Safety,1,IC50,4,2,4,0.243058478517767,0.243058478517767,0.2430584785177666,3.885780586188048e-16,0
CXQWRCVTCMQVQX-UHFFFAOYSA-N,Infectious Diseases,1,IC50,8,3,8,-1.13919202105381,-1.13919202105381,-1.1391920210538098,-2.220446049250313e-16,0
CXQWRCVTCMQVQX-UHFFFAOYSA-N,Metabolic Enzymes,1,IC50,2,1,2,-0.260147981941802,-0.260147981941802,-0.2601479819418021,1.1102230246251565e-16,0
CXQWRCVTCMQVQX-UHFFFAOYSA-N,Neuroscience Targets,1,Ki,1,1,1,-0.917515413379734,-0.917515413379734,-0.917515413379734,0,0
CYGIJEJDYJOUAN-JSGXPVSSSA-N,Metabolic Enzymes,2,IC50;Ki,6,2,6,-0.05511847348011425,-0.05511847348011425,-0.06528480223801521,0.01016632875790096,0
CYGYKDZFDJECKM-YNNZGITBSA-N,Phenotypic: Cancer and Cells,1,IC50,1,1,1,0.248877388839894,0.248877388839894,0.24887738883989366,3.3306690738754696e-16,0
CYXCYFYWIZXENQ-JXFKEZNVSA-N,Infectious Diseases,2,IC50;Ki,3,3,3,0.605131842625135,0.605131842625135,0.6830162217874124,-0.07788437916227742,0
CZOGIPODZHBTGK-UHFFFAOYSA-N,Infectious Diseases,1,IC50,1,1,1,-0.204148347775443,-0.204148347775443,-0.20414834777544288,-1.1102230246251565e-16,0
CZVSHXUUSIQWSO-CECMFTGFSA-N,Transporters and Ion Channels,1,IC50,2,2,2,-1.0208552768724,-1.0208552768724,-1.0208552768724002,2.220446049250313e-16,0
DBSPNTHFWOUQFX-HNNXBMFYSA-N,Phenotypic: Cancer and Cells,1,IC50,1,1,1,-0.0584092235080147,-0.0584092235080147,-0.058409223508014745,4.163336342344337e-17,0
DBVYNXDREGTBRL-HWKANZROSA-N,Metabolic Enzymes,1,IC50,1,1,1,0.721220746122328,0.721220746122328,0.7212207461223278,2.220446049250313e-16,0
DCKAGTTYZUDEDQ-RMKNXTFCSA-N,Phenotypic: Cancer and Cells,1,IC50,1,1,1,-0.0403335404287264,-0.0403335404287264,-0.04033354042872639,-1.3877787807814457e-17,0
DCTLJGWMHPGCOS-UHFFFAOYSA-N,Cell Signaling and Survival,2,IC50;Ki,2,2,2,-1.0457044750854025,-1.0457044750854025,-1.045704475085405,2.4424906541753444e-15,0
DCTLJGWMHPGCOS-UHFFFAOYSA-N,Gene Regulation,1,IC50,1,1,1,-0.194356743194967,-0.194356743194967,-0.19435674319496715,1.3877787807814457e-16,0
DCTLJGWMHPGCOS-UHFFFAOYSA-N,General Assays and Safety,2,EC50;IC50,2,2,2,-0.5955764715542096,-0.5955764715542096,-0.5955764715542096,0,0
DCTLJGWMHPGCOS-UHFFFAOYSA-N,Infectious Diseases,3,EC50;IC50;Ki,6,6,6,1.0152439196556096,0.838784980111967,1.348935318625827,-0.3336913989702175,-0.17645893954364256
DDKGKOOLFLYZDL-UHFFFAOYSA-N,General Assays and Safety,1,IC50,3,2,3,1.39754244136927,1.39754244136927,1.3975424413692739,-3.774758283725532e-15,0
DDKGKOOLFLYZDL-UHFFFAOYSA-N,Infectious Diseases,1,IC50,1,1,1,0.281355097965249,0.281355097965249,0.2813550979652488,1.6653345369377348e-16,0
DDKGKOOLFLYZDL-UHFFFAOYSA-N,Inflammation and Proteolysis,2,IC50;Ki,3,2,3,2.39473959335687,2.39473959335687,2.219213031541987,0.1755265618148827,0
DDKGKOOLFLYZDL-UHFFFAOYSA-N,Metabolic Enzymes,1,IC50,3,3,3,-0.548016142173947,-0.548016142173947,-0.5480161421739466,-4.440892098500626e-16,0
DDKGKOOLFLYZDL-UHFFFAOYSA-N,Phenotypic: Cancer and Cells,1,IC50,1,1,1,0.501936951949937,0.501936951949937,0.501936951949937,0,0
DDMAUIOCNQXFHL-AWEZNQCLSA-N,Infectious Diseases,1,EC50,2,1,2,-0.775662582551268,-0.775662582551268,-0.7756625825512683,3.3306690738754696e-16,0
DDMAUIOCNQXFHL-AWEZNQCLSA-N,Metabolic Enzymes,1,IC50,1,1,1,2.1082218817863,2.1082218817863,2.1082218817862977,2.220446049250313e-15,0
DDMAUIOCNQXFHL-AWEZNQCLSA-N,Phenotypic: Cancer and Cells,1,IC50,4,4,4,0.583277525806736,0.583277525806736,0.5832775258067362,-2.220446049250313e-16,0
DEMKZLAVQYISIA-ZRWXNEIDSA-N,Infectious Diseases,1,IC50,1,1,1,-1.64267707589601,-1.64267707589601,-1.642677075896008,-1.9984014443252818e-15,0
DEMKZLAVQYISIA-ZRWXNEIDSA-N,Metabolic Enzymes,2,AC50;IC50,2,2,2,-1.1469517508777256,-1.1469517508777256,-1.1469517508777276,1.9984014443252818e-15,0
DEMKZLAVQYISIA-ZRWXNEIDSA-N,Transporters and Ion Channels,1,IC50,3,2,3,-0.422256276377889,-0.422256276377889,-0.4222562763778888,-1.6653345369377348e-16,0
DEOJMRBCCZJDEC-LBPRGKRZSA-N,Infectious Diseases,1,IC50,2,1,2,0.119520616051684,0.119520616051684,0.11952061605168388,1.249000902703301e-16,0
DEOJMRBCCZJDEC-LBPRGKRZSA-N,Neuroscience Targets,1,IC50,1,1,1,0.998039423732243,0.998039423732243,0.9980394237322434,-4.440892098500626e-16,0
DEOQQHCFRLUMMX-UHFFFAOYSA-N,Metabolic Enzymes,1,IC50,1,1,1,-0.260147981941802,-0.260147981941802,-0.2601479819418021,1.1102230246251565e-16,0
DEVKCCHIUHLHCF-UHFFFAOYSA-N,Infectious Diseases,1,IC50,1,1,1,-1.40891615757642,-1.40891615757642,-1.4089161575764164,-3.552713678800501e-15,0
DEZFNHCVIZBHBI-ZHACJKMWSA-N,Cell Signaling and Survival,1,IC50,5,5,5,0.253767342755181,0.253767342755181,0.2537673427551806,3.885780586188048e-16,0
DEZFNHCVIZBHBI-ZHACJKMWSA-N,Gene Regulation,1,IC50,2,2,2,-0.240058520508544,-0.240058520508544,-0.2400585205085441,8.326672684688674e-17,0
DEZFNHCVIZBHBI-ZHACJKMWSA-N,Infectious Diseases,2,EC50;IC50,14,5,14,1.3865458670550825,1.3865458670550825,0.6819912164198562,0.7045546506352264,0
DEZFNHCVIZBHBI-ZHACJKMWSA-N,Inflammation and Proteolysis,1,IC50,1,1,1,-0.561978925210792,-0.561978925210792,-0.5619789252107915,-4.440892098500626e-16,0
DEZFNHCVIZBHBI-ZHACJKMWSA-N,Metabolic Enzymes,1,IC50,1,1,1,1.25770231746405,1.25770231746405,1.2577023174640523,-2.220446049250313e-15,0
DEZFNHCVIZBHBI-ZHACJKMWSA-N,Phenotypic: Cancer and Cells,1,IC50,4,4,4,1.51417520439011,1.51417520439011,1.5141752043901056,4.440892098500626e-15,0
DFPMSGMNTNDNHN-ZPHOTFPESA-N,Cell Signaling and Survival,1,IC50,6,3,4,-1.39016748925075,-1.39016748925075,-1.3901674892507518,1.7763568394002505e-15,0
DFPMSGMNTNDNHN-ZPHOTFPESA-N,General Assays and Safety,1,IC50,1,1,1,-0.498091719856042,-0.498091719856042,-0.4980917198560416,-3.885780586188048e-16,0
DFPMSGMNTNDNHN-ZPHOTFPESA-N,Metabolic Enzymes,1,IC50,1,1,1,0.13239950928385,0.13239950928385,0.1323995092838496,3.885780586188048e-16,0
DFVFCZXJTRKRPI-FQEVSTJZSA-N,Metabolic Enzymes,2,IC50;Ki,4,2,4,0.40145964083678853,0.40145964083678853,0.40145964083678864,-1.1102230246251565e-16,0
DGEFYIULIWNIBU-UMUUNPGWSA-N,Phenotypic: Cancer and Cells,1,IC50,1,1,1,2.38180799219597,2.38180799219597,2.3818079921959656,4.440892098500626e-15,0
DGOAORIWKTZFLK-ZDUSSCGKSA-N,Infectious Diseases,1,EC50,1,1,1,0.461684024300114,0.461684024300114,0.4616840243001143,-2.7755575615628914e-16,0
DGUBZDXYXXUHTJ-QPJJXVBHSA-N,Transporters and Ion Channels,2,IC50;Kd,3,3,3,0.12747970595401803,0.12747970595401803,-0.18118636445070532,0.3086660704047234,0
DGUGLZYULGVSIZ-DHZHZOJOSA-N,Metabolic Enzymes,1,IC50,2,1,1,-0.613440724044888,-0.613440724044888,-0.6134407240448884,3.3306690738754696e-16,0
DGUGLZYULGVSIZ-DHZHZOJOSA-N,Phenotypic: Cancer and Cells,1,IC50,6,5,6,-1.07064747594818,-1.07064747594818,-1.0706474759481832,3.1086244689504383e-15,0
DHYMKZKAVOUQFT-HSYKDVHTSA-N,Infectious Diseases,2,IC50;Ki,2,2,2,-0.45775535687761404,-0.45775535687761404,-0.457755356877614,-5.551115123125783e-17,0
DHYXVFFHVYUZJU-IQCVCLICSA-N,Phenotypic: Cancer and Cells,1,IC50,1,1,1,-1.3598584052168,-1.3598584052168,-1.3598584052168032,3.3306690738754696e-15,0
DHYXVFFHVYUZJU-PEVIGJGQSA-N,Phenotypic: Cancer and Cells,1,IC50,1,1,1,-0.763360863600275,-0.763360863600275,-0.7633608636002749,-1.1102230246251565e-16,0
DJOJDHGQRNZXQQ-AWEZNQCLSA-N,Cell Signaling and Survival,1,IC50,1,1,1,-0.36933698873094,-0.36933698873094,-0.36933698873093973,-2.7755575615628914e-16,0
DJOJDHGQRNZXQQ-AWEZNQCLSA-N,Inflammation and Proteolysis,1,IC50,1,1,1,-0.426105591011729,-0.426105591011729,-0.4261055910117293,2.7755575615628914e-16,0
DJOJDHGQRNZXQQ-AWEZNQCLSA-N,Metabolic Enzymes,1,Ki,1,1,1,0.691955372759984,0.691955372759984,0.6919553727599843,-3.3306690738754696e-16,0
DJOJDHGQRNZXQQ-AWEZNQCLSA-N,Neuroscience Targets,1,IC50,1,1,1,0.731748529218925,0.731748529218925,0.7317485292189251,-1.1102230246251565e-16,0
DJOJDHGQRNZXQQ-AWEZNQCLSA-N,Phenotypic: Cancer and Cells,1,IC50,1,1,1,-0.293393103538768,-0.293393103538768,-0.29339310353876813,1.1102230246251565e-16,0
DJOJDHGQRNZXQQ-UHFFFAOYSA-N,Neuroscience Targets,1,Ki,4,4,4,-0.452689141473311,-0.452689141473311,-0.4526891414733111,5.551115123125783e-17,0
DKIYWPRXYDNQFG-XMMPIXPASA-N,Cell Signaling and Survival,1,IC50,1,1,1,-1.39016748925075,-1.39016748925075,-1.3901674892507518,1.7763568394002505e-15,0
DKVBYQAVNNRVNN-UHFFFAOYSA-N,Cell Signaling and Survival,1,IC50,1,1,1,0.518918122110976,0.518918122110976,0.5189181221109763,-3.3306690738754696e-16,0
DKVBYQAVNNRVNN-UHFFFAOYSA-N,Infectious Diseases,1,Ki,1,1,1,-1.28548460942586,-1.28548460942586,-1.285484609425862,1.9984014443252818e-15,0
DLIKSSGEMUFQOK-SFTVRKLSSA-N,Cell Signaling and Survival,1,IC50,1,1,1,-0.435624683569888,-0.435624683569888,-0.43562468356988837,3.885780586188048e-16,0
DLIKSSGEMUFQOK-SFTVRKLSSA-N,General Assays and Safety,1,EC50,2,2,2,-0.780321831961026,-0.780321831961026,-0.7803218319610256,-4.440892098500626e-16,0
DLIKSSGEMUFQOK-SFTVRKLSSA-N,Infectious Diseases,1,IC50,2,1,2,0.784840152807446,0.784840152807446,0.7848401528074457,3.3306690738754696e-16,0
DLIKSSGEMUFQOK-SFTVRKLSSA-N,Phenotypic: Cancer and Cells,1,IC50,1,1,1,-0.83566359591743,-0.83566359591743,-0.8356635959174299,-1.1102230246251565e-16,0
DLIKSSGEMUFQOK-SFTVRKLSSA-N,Transporters and Ion Channels,1,IC50,1,1,1,-1.38571562003096,-1.38571562003096,-1.38571562003096,0,0
DLXIJJURUIXRFK-UHFFFAOYSA-N,Metabolic Enzymes,1,IC50,1,1,1,-1.52938487023808,-1.52938487023808,-1.5293848702380766,-3.3306690738754696e-15,0
DODLFMXUTHHGIM-NRFANRHFSA-N,Metabolic Enzymes,2,IC50;Ki,4,2,4,-0.10015059037233845,-0.10015059037233845,-0.10015059037233856,1.1102230246251565e-16,0
DOGAHANJPKBCGB-UHFFFAOYSA-N,Metabolic Enzymes,1,IC50,1,1,1,-0.52184630942557,-0.52184630942557,-0.5218463094255703,3.3306690738754696e-16,0
DOVKRLBLJULZLC-DFROKGSNSA-N,Phenotypic: Cancer and Cells,1,IC50,1,1,1,-0.00418217427014808,-0.00418217427014808,-0.004182174270148083,2.6020852139652106e-18,0
DPJZYONMQLGZJE-UHFFFAOYSA-N,Cell Signaling and Survival,1,IC50,1,1,1,-0.435624683569888,-0.435624683569888,-0.43562468356988837,3.885780586188048e-16,0
DPJZYONMQLGZJE-UHFFFAOYSA-N,Phenotypic: Cancer and Cells,1,IC50,3,3,3,0.610391050425669,0.610391050425669,0.6103910504256687,3.3306690738754696e-16,0
DPLWUTYEBRKBLI-UHFFFAOYSA-N,Cell Signaling and Survival,1,IC50,1,1,1,0.346570115529708,0.346570115529708,0.34657011552970823,-2.220446049250313e-16,0
DQBZPEAEXINSNR-QUCAXYRHSA-N,Inflammation and Proteolysis,1,IC50,1,1,1,-0.0184855884145436,-0.0184855884145436,-0.018485588414543598,-3.469446951953614e-18,0
DQBZPEAEXINSNR-QUCAXYRHSA-N,Phenotypic: Cancer and Cells,1,IC50,1,1,1,-0.944117694393163,-0.944117694393163,-0.9441176943931632,2.220446049250313e-16,0
DQFBYFPFKXHELB-VAWYXSNFSA-N,Cell Signaling and Survival,2,EC50;IC50,4,4,4,-0.06894038511507335,-0.06894038511507335,-0.09319206672900353,0.02425168161393018,0
DQFBYFPFKXHELB-VAWYXSNFSA-N,Gene Regulation,1,IC50,1,1,1,-1.32547573170599,-1.32547573170599,-1.3254757317059949,4.884981308350689e-15,0
DQFBYFPFKXHELB-VAWYXSNFSA-N,General Assays and Safety,1,IC50,4,2,4,-1.16797747607852,-1.16797747607852,-1.167977476078521,1.1102230246251565e-15,0
DQFBYFPFKXHELB-VAWYXSNFSA-N,Infectious Diseases,2,EC50;IC50,13,10,13,-0.08145529886356125,-0.08145529886356125,-0.06037914263188646,-0.02107615623167479,0
DQFBYFPFKXHELB-VAWYXSNFSA-N,Inflammation and Proteolysis,1,IC50,7,6,7,-0.444633772947965,-0.444633772947965,-0.4446337729479645,-4.996003610813204e-16,0
DQFBYFPFKXHELB-VAWYXSNFSA-N,Metabolic Enzymes,2,IC50;Ki,11,9,11,0.3790480826252885,0.3790480826252885,0.28037725434757593,0.09867082827771256,0
DQFBYFPFKXHELB-VAWYXSNFSA-N,Neuroscience Targets,1,IC50,2,2,2,-1.15725250373494,-1.15725250373494,-1.1572525037349366,-3.3306690738754696e-15,0
DQFBYFPFKXHELB-VAWYXSNFSA-N,Phenotypic: Cancer and Cells,2,EC50;IC50,34,26,34,-0.28712783871576353,-0.28712783871576353,-0.36810621280898914,0.08097837409322561,0
DQNLRFRBAWCJHQ-UHFFFAOYSA-N,Cell Signaling and Survival,1,EC50,1,1,1,1.28753237889445,1.28753237889445,1.2875323788944468,3.1086244689504383e-15,0
DQNLRFRBAWCJHQ-UHFFFAOYSA-N,Metabolic Enzymes,1,AC50,4,4,4,1.69520315926125,1.69520315926125,1.6952031592612498,2.220446049250313e-16,0
DRDRYGIIYOPBBZ-XBXARRHUSA-N,Phenotypic: Cancer and Cells,1,IC50,2,1,2,0.35733148731562703,0.35733148731562703,0.35733148731562697,5.551115123125783e-17,0
DRGVZVJDZOMQAI-MDZDMXLPSA-N,Cell Signaling and Survival,1,IC50,1,1,1,1.07573475875815,1.07573475875815,1.075734758758147,3.1086244689504383e-15,0
DRGVZVJDZOMQAI-MDZDMXLPSA-N,Phenotypic: Cancer and Cells,1,IC50,18,16,18,0.67365594120318,0.67365594120318,0.6736559412031795,4.440892098500626e-16,0
DRQZIAVCTWOZQN-UHFFFAOYSA-N,Infectious Diseases,1,EC50,1,1,1,-0.869243418363559,-0.869243418363559,-0.8692434183635595,4.440892098500626e-16,0
DSOKHRJRTZPRBU-CVTTXWKISA-N,Phenotypic: Cancer and Cells,1,IC50,1,1,1,-0.926042011313873,-0.926042011313873,-0.9260420113138732,2.220446049250313e-16,0
DTTYOIOSVDOSOG-JWQCQUIFSA-N,Phenotypic: Cancer and Cells,1,IC50,1,1,1,0.176574656522739,0.176574656522739,0.17657465652273863,3.608224830031759e-16,0
DUWPGRAKHMEPCM-IZZDOVSWSA-N,Cell Signaling and Survival,1,IC50,4,2,4,-0.820093313635792,-0.820093313635792,-0.820093313635792,0,0
DUWPGRAKHMEPCM-IZZDOVSWSA-N,General Assays and Safety,1,IC50,2,1,2,-0.0206199574421464,-0.0206199574421464,-0.020619957442146408,6.938893903907228e-18,0
DUWPGRAKHMEPCM-IZZDOVSWSA-N,Infectious Diseases,3,EC50;IC50;Ki,3,3,3,-0.412230073233393,-0.1525182404931,-0.4122300732333917,-1.27675647831893e-15,0.25971183274029297
DUWPGRAKHMEPCM-IZZDOVSWSA-N,Metabolic Enzymes,1,IC50,2,2,2,1.29041460839952,1.29041460839952,1.2904146083995227,-2.6645352591003757e-15,0
DUWPGRAKHMEPCM-IZZDOVSWSA-N,Phenotypic: Cancer and Cells,1,IC50,8,6,8,-0.284355261999124,-0.284355261999124,-0.2843552619991239,-5.551115123125783e-17,0
DVCUSBGWKAJHOB-UHFFFAOYSA-N,Phenotypic: Cancer and Cells,1,EC50,1,1,1,0.237716404695876,0.237716404695876,0.23771640469587624,-2.498001805406602e-16,0
DXDRHHKMWQZJHT-FPYGCLRLSA-N,Cell Signaling and Survival,2,IC50;Kd,4,4,4,-0.3864085634699715,-0.3864085634699715,-0.41101662351993,0.024608060049958524,0
DXDRHHKMWQZJHT-FPYGCLRLSA-N,Gene Regulation,1,IC50,4,4,4,-0.120091355060404,-0.120091355060404,-0.12009135506040422,2.220446049250313e-16,0
DXDRHHKMWQZJHT-FPYGCLRLSA-N,General Assays and Safety,1,IC50,9,3,9,-0.85441393061268,-0.85441393061268,-0.8544139306126798,-2.220446049250313e-16,0
DXDRHHKMWQZJHT-FPYGCLRLSA-N,Infectious Diseases,2,EC50;IC50,14,6,14,-0.916575398410848,-0.916575398410848,-0.8145462981659863,-0.10202910024486167,0
DXDRHHKMWQZJHT-FPYGCLRLSA-N,Inflammation and Proteolysis,1,IC50,12,11,12,2.51369927620434,2.51369927620434,2.5136992762043366,3.552713678800501e-15,0
DXDRHHKMWQZJHT-FPYGCLRLSA-N,Metabolic Enzymes,2,IC50;Ki,15,11,15,-0.04718298999061951,-0.04718298999061951,0.15477790746821846,-0.20196089745883797,0
DXDRHHKMWQZJHT-FPYGCLRLSA-N,Neuroscience Targets,2,EC50;IC50,8,7,8,-0.822101981857407,-0.822101981857407,-1.1171532231466454,0.29505124128923843,0
DXDRHHKMWQZJHT-FPYGCLRLSA-N,Phenotypic: Cancer and Cells,2,EC50;IC50,37,25,37,-0.653921585171334,-0.653921585171334,-0.8087410843156114,0.1548194991442774,0
DXYUAIFZCFRPTH-UHFFFAOYSA-N,Gene Regulation,1,IC50,1,1,1,0.936762245316062,0.936762245316062,0.9367622453160617,3.3306690738754696e-16,0
DYNGLVQFFBSENM-UHFFFAOYSA-N,Phenotypic: Cancer and Cells,2,EC50;IC50,3,2,3,0.7406436205970239,0.7406436205970239,0.9322099772373252,-0.1915663566403013,0
DYPJOHFWCNIBKZ-RMKNXTFCSA-N,Infectious Diseases,1,IC50,2,1,2,2.24135049002952,2.24135049002952,2.2413504900295194,4.440892098500626e-16,0
DZDSXIHHFCPPHL-SANMLTNESA-N,General Assays and Safety,1,IC50,1,1,1,1.08397889590343,1.08397889590343,1.0839788959034327,-2.6645352591003757e-15,0
DZMMGSFVLBBPIA-UHFFFAOYSA-N,General Assays and Safety,1,IC50,2,2,2,-0.512344608286307,-0.512344608286307,-0.5123446082863068,-2.220446049250313e-16,0
DZMMGSFVLBBPIA-UHFFFAOYSA-N,Inflammation and Proteolysis,1,IC50,2,2,2,-0.716380441346089,-0.716380441346089,-0.7163804413460891,1.1102230246251565e-16,0
DZTRDRPCROOSOG-AWEZNQCLSA-N,Infectious Diseases,2,EC50;IC50,2,2,2,-0.73644905726155,-0.73644905726155,-0.73644905726155,0,0
DZTRDRPCROOSOG-AWEZNQCLSA-N,Metabolic Enzymes,1,IC50,1,1,1,-0.822799386031903,-0.822799386031903,-0.822799386031903,0,0
FBRQAFNOISTEME-UHFFFAOYSA-N,General Assays and Safety,1,AC50,1,1,1,-1.21077397356975,-1.21077397356975,-1.210773973569747,-3.1086244689504383e-15,0
FBRQAFNOISTEME-UHFFFAOYSA-N,Transporters and Ion Channels,1,IC50,1,1,1,-0.0516949903574766,-0.0516949903574766,-0.05169499035747655,-4.85722573273506e-17,0
FDARKUSEVNCTHK-UHFFFAOYSA-N,Metabolic Enzymes,1,IC50,1,1,1,-1.32002620825106,-1.32002620825106,-1.3200262082510619,1.7763568394002505e-15,0
FEALTYYKRMRXTG-QPJJXVBHSA-N,Cell Signaling and Survival,1,IC50,4,2,4,-0.475397300473257,-0.475397300473257,-0.47539730047325685,-1.6653345369377348e-16,0
FEALTYYKRMRXTG-QPJJXVBHSA-N,Metabolic Enzymes,2,IC50;Ki,5,5,5,0.3062478411222283,0.3062478411222283,0.5238277848242359,-0.21757994370200756,0
FEALTYYKRMRXTG-QPJJXVBHSA-N,Phenotypic: Cancer and Cells,1,IC50,1,1,1,0.212726022681317,0.212726022681317,0.21272602268131693,5.551115123125783e-17,0
FENVPGGUCXCZQI-QUCCMNQESA-N,Infectious Diseases,1,IC50,1,1,1,-0.0423138658618795,-0.0423138658618795,-0.042313865861879504,6.938893903907228e-18,0
FEZXFNWSKGIOKM-UHFFFAOYSA-N,Metabolic Enzymes,1,IC50,1,1,1,-0.731204971412585,-0.731204971412585,-0.7312049714125849,-1.1102230246251565e-16,0
FHECBCWIVGBBEG-OKCWMKPZSA-N,Cell Signaling and Survival,1,Kd,2,1,2,-0.310108712978887,-0.310108712978887,-0.31010871297888654,-4.440892098500626e-16,0
FHQIUPHJETXRLG-UHFFFAOYSA-N,Metabolic Enzymes,1,IC50,2,2,2,0.433352585890183,0.433352585890183,0.43335258589018333,-3.3306690738754696e-16,0
FHQIUPHJETXRLG-UHFFFAOYSA-N,Phenotypic: Cancer and Cells,1,IC50,2,2,2,2.28239173525988,2.28239173525988,2.2823917352598766,3.552713678800501e-15,0
FIASLUPJXGTCKM-SNVBAGLBSA-N,Phenotypic: Cancer and Cells,1,IC50,1,1,1,-1.07064747594818,-1.07064747594818,-1.0706474759481832,3.1086244689504383e-15,0
FLURXOFTUKXKQN-AZUAARDMSA-N,Metabolic Enzymes,1,IC50,1,1,1,-0.652695473167454,-0.652695473167454,-0.6526954731674539,-1.1102230246251565e-16,0
FNMKZDDKPDBYJM-UHFFFAOYSA-N,Phenotypic: Cancer and Cells,1,IC50,1,1,1,-0.907966328234585,-0.907966328234585,-0.9079663282345849,-1.1102230246251565e-16,0
FNUPUYFWZXZMIE-LSDHHAIUSA-N,Metabolic Enzymes,1,IC50,1,1,1,1.27078723383824,1.27078723383824,1.2707872338382404,-4.440892098500626e-16,0
FPIOBTBNRZPWJW-UHFFFAOYSA-N,Phenotypic: Cancer and Cells,1,IC50,1,1,1,-0.456074251252367,-0.456074251252367,-0.4560742512523665,-4.996003610813204e-16,0
FPUREMWTZVLZBZ-QRQCRPRQSA-N,Infectious Diseases,1,EC50,1,1,1,0.0665649397593357,0.0665649397593357,0.0665649397593357,0,0
FQGBGNHGEUOZIW-AWEZNQCLSA-N,Cell Signaling and Survival,1,IC50,2,1,2,-1.15816055731443,-1.15816055731443,-1.1581605573144311,1.1102230246251565e-15,0
FSHPJPOJLGCQOJ-UHFFFAOYSA-N,Cell Signaling and Survival,1,AC50,1,1,1,-1.02802210147405,-1.02802210147405,-1.0280221014740472,-2.886579864025407e-15,0
FSQKKJIBNQATIX-UHFFFAOYSA-N,Gene Regulation,1,IC50,1,1,1,-0.925585180212197,-0.925585180212197,-0.9255851802121974,3.3306690738754696e-16,0
FTKAVFCYTQUGTN-BNDLDUQUSA-N,Inflammation and Proteolysis,1,IC50,1,1,1,-0.216119529067725,-0.216119529067725,-0.21611952906772466,-3.3306690738754696e-16,0
FTKAVFCYTQUGTN-BNDLDUQUSA-N,Phenotypic: Cancer and Cells,1,IC50,1,1,1,-0.763360863600275,-0.763360863600275,-0.7633608636002749,-1.1102230246251565e-16,0
FTODBIPDTXRIGS-UHFFFAOYSA-N,Transporters and Ion Channels,1,IC50,1,1,1,-0.439359104963446,-0.439359104963446,-0.43935910496344593,-5.551115123125783e-17,0
FTODBIPDTXRIGS-ZDUSSCGKSA-N,General Assays and Safety,1,EC50,1,1,1,-1.91777508436983,-1.91777508436983,-1.9177750843698251,-4.884981308350689e-15,0
FTODBIPDTXRIGS-ZDUSSCGKSA-N,Metabolic Enzymes,1,IC50,4,3,4,-0.626525640419078,-0.626525640419078,-0.6265256404190777,-3.3306690738754696e-16,0
FTVKHUHJWDMWIR-FRFGAYJHSA-N,Metabolic Enzymes,2,IC50;Ki,2,2,2,-0.6733089272237605,-0.6733089272237605,-0.6733089272237605,0,0
FTVWIRXFELQLPI-UHFFFAOYSA-N,General Assays and Safety,1,EC50,1,1,1,0.428970573231486,0.428970573231486,0.4289705732314861,-5.551115123125783e-17,0
FTVWIRXFELQLPI-UHFFFAOYSA-N,Inflammation and Proteolysis,1,IC50,1,1,1,0.673233203871589,0.673233203871589,0.673233203871589,0,0
FTVWIRXFELQLPI-UHFFFAOYSA-N,Metabolic Enzymes,1,IC50,1,1,1,-1.51629995386389,-1.51629995386389,-1.5162999538638884,-1.5543122344752192e-15,0
FTVWIRXFELQLPI-UHFFFAOYSA-N,Phenotypic: Cancer and Cells,1,IC50,3,2,3,-0.754323022060631,-0.754323022060631,-0.7543230220606306,-3.3306690738754696e-16,0
FTVWIRXFELQLPI-UHFFFAOYSA-N,Transporters and Ion Channels,1,IC50,1,1,1,-1.38571562003096,-1.38571562003096,-1.38571562003096,0,0
FTVWIRXFELQLPI-ZDUSSCGKSA-N,Cell Signaling and Survival,1,IC50,3,3,3,-0.992441320217059,-0.992441320217059,-0.9924413202170589,-1.1102230246251565e-16,0
FTVWIRXFELQLPI-ZDUSSCGKSA-N,Gene Regulation,1,IC50,2,2,2,-0.976999679689971,-0.976999679689971,-0.9769996796899713,2.220446049250313e-16,0
FTVWIRXFELQLPI-ZDUSSCGKSA-N,General Assays and Safety,2,EC50;IC50,6,4,6,-0.9248392551462306,-0.9248392551462306,-0.9251189610188227,2.7970587259218416e-4,0
FTVWIRXFELQLPI-ZDUSSCGKSA-N,Infectious Diseases,3,EC50;IC50;Ki,8,8,8,0.019022228362151842,0.0206217659933955,-0.4976957473174669,0.5167179756796187,0.0015995376312436596
FTVWIRXFELQLPI-ZDUSSCGKSA-N,Inflammation and Proteolysis,1,IC50,4,3,4,1.01909260001466,1.01909260001466,1.0190926000146558,4.218847493575595e-15,0
FTVWIRXFELQLPI-ZDUSSCGKSA-N,Metabolic Enzymes,3,AC50;IC50;Ki,25,19,25,0.6397093243582384,1.14797553017409,0.1171048090322952,0.5226045153259431,0.5082662058158516
FTVWIRXFELQLPI-ZDUSSCGKSA-N,Phenotypic: Cancer and Cells,1,IC50,4,3,4,0.989980395090732,0.989980395090732,0.9899803950907321,-1.1102230246251565e-16,0
FTVWIRXFELQLPI-ZDUSSCGKSA-N,Transporters and Ion Channels,3,IC50;Kd;Ki,6,4,5,-0.39704597495318406,-0.200959825539011,-0.23214512660002876,-0.1649008483531553,0.19608614941417304
FUNJPZFUOULIEZ-UHFFFAOYSA-N,Metabolic Enzymes,1,IC50,1,1,1,-0.626525640419078,-0.626525640419078,-0.6265256404190777,-3.3306690738754696e-16,0
FURUXTVZLHCCNA-AWEZNQCLSA-N,Cell Signaling and Survival,1,IC50,2,2,2,0.823841518370141,0.823841518370141,0.8238415183701406,3.3306690738754696e-16,0
FURUXTVZLHCCNA-AWEZNQCLSA-N,Gene Regulation,1,EC50,1,1,1,1.31559018101358,1.31559018101358,1.3155901810135826,-2.6645352591003757e-15,0
FURUXTVZLHCCNA-AWEZNQCLSA-N,General Assays and Safety,1,IC50,2,2,2,-0.312804170262589,-0.312804170262589,-0.3128041702625886,-3.885780586188048e-16,0
FURUXTVZLHCCNA-AWEZNQCLSA-N,Infectious Diseases,1,IC50,2,1,2,0.694932107299911,0.694932107299911,0.6949321072999106,3.3306690738754696e-16,0
FURUXTVZLHCCNA-AWEZNQCLSA-N,Inflammation and Proteolysis,1,IC50,1,1,1,-0.413753469720906,-0.413753469720906,-0.41375346972090576,-2.220446049250313e-16,0
FURUXTVZLHCCNA-AWEZNQCLSA-N,Metabolic Enzymes,2,IC50;Ki,4,3,4,-0.4934948938359912,-0.4934948938359912,-0.2443366596002393,-0.24915823423575192,0
FURUXTVZLHCCNA-AWEZNQCLSA-N,Neuroscience Targets,1,IC50,3,3,3,-0.0837673352281164,-0.0837673352281164,-0.08376733522811645,5.551115123125783e-17,0
FURUXTVZLHCCNA-AWEZNQCLSA-N,Phenotypic: Cancer and Cells,1,IC50,6,5,6,-1.21525294058249,-1.21525294058249,-1.2152529405824932,3.3306690738754696e-15,0
FUSADYLVRMROPL-UXBLZVDNSA-N,General Assays and Safety,1,EC50,1,1,1,0.428970573231486,0.428970573231486,0.4289705732314861,-5.551115123125783e-17,0
FUSADYLVRMROPL-UXBLZVDNSA-N,Phenotypic: Cancer and Cells,1,IC50,2,2,2,-0.148787638904458,-0.148787638904458,-0.1487876389044581,8.326672684688674e-17,0
FVNFXIPJDHVJGE-REZTVBANSA-N,Cell Signaling and Survival,1,IC50,1,1,1,-0.607972690151155,-0.607972690151155,-0.6079726901511553,3.3306690738754696e-16,0
FVNFXIPJDHVJGE-REZTVBANSA-N,Inflammation and Proteolysis,1,IC50,1,1,1,2.11843139489797,2.11843139489797,2.1184313948979745,-4.440892098500626e-15,0
FVNFXIPJDHVJGE-REZTVBANSA-N,Phenotypic: Cancer and Cells,1,IC50,2,2,2,-1.08872315902747,-1.08872315902747,-1.0887231590274715,1.5543122344752192e-15,0
FVUVHWPNLPHERN-SICWBLJQSA-N,Infectious Diseases,2,IC50;Ki,2,2,2,-0.26656728212021,-0.26656728212021,-0.26656728212021,0,0
FVUVHWPNLPHERN-SICWBLJQSA-N,Inflammation and Proteolysis,1,IC50,1,1,1,-1.01900741297127,-1.01900741297127,-1.0190074129712714,1.3322676295501878e-15,0
FVUVHWPNLPHERN-SICWBLJQSA-N,Neuroscience Targets,2,IC50;Ki,4,4,4,-1.1416826267753999,-1.1416826267753999,-1.1416826267753968,-3.1086244689504383e-15,0
FWAWTPASGRNXTO-GFCCVEGCSA-N,Phenotypic: Cancer and Cells,1,IC50,6,4,6,-0.871814962076008,-0.871814962076008,-0.8718149620760082,2.220446049250313e-16,0
FZAZNGMSARSUNC-UHFFFAOYSA-N,Metabolic Enzymes,1,IC50,1,1,1,0.328673254896676,0.328673254896676,0.32867325489667604,-5.551115123125783e-17,0
FZQLEXXZAVVCCA-XCVCLJGOSA-N,General Assays and Safety,1,IC50,1,1,1,-1.32475924881144,-1.32475924881144,-1.324759248811441,1.1102230246251565e-15,0
FZQLEXXZAVVCCA-XCVCLJGOSA-N,Infectious Diseases,1,IC50,1,1,1,-1.64267707589601,-1.64267707589601,-1.642677075896008,-1.9984014443252818e-15,0
FZQLEXXZAVVCCA-XCVCLJGOSA-N,Inflammation and Proteolysis,1,IC50,1,1,1,4.89765868533333,4.89765868533333,4.89765868533333,0,0
FZQLEXXZAVVCCA-XCVCLJGOSA-N,Metabolic Enzymes,2,IC50;Ki,2,2,2,0.203098690963591,0.203098690963591,0.203098690963591,0,0
FZQLEXXZAVVCCA-XCVCLJGOSA-N,Phenotypic: Cancer and Cells,1,IC50,1,1,1,-0.944117694393163,-0.944117694393163,-0.9441176943931632,2.220446049250313e-16,0
FZUJHUDJFJCWMT-BPARTEKVSA-N,Cell Signaling and Survival,1,IC50,1,1,1,-0.382594527698729,-0.382594527698729,-0.3825945276987292,2.220446049250313e-16,0
FZUJHUDJFJCWMT-BPARTEKVSA-N,Phenotypic: Cancer and Cells,1,IC50,1,1,1,1.13458585972504,1.13458585972504,1.1345858597250422,-2.220446049250313e-15,0
GAQSUFOBIREXHT-VQIMIIECSA-N,Phenotypic: Cancer and Cells,1,IC50,3,3,3,0.0861962411262953,0.0861962411262953,0.08619624112629527,2.7755575615628914e-17,0
GBRZTUJCDFSIHM-KRWDZBQOSA-N,Cell Signaling and Survival,1,IC50,1,1,1,0.187479647916232,0.187479647916232,0.18747964791623195,5.551115123125783e-17,0
GBRZTUJCDFSIHM-KRWDZBQOSA-N,Neuroscience Targets,1,IC50,1,1,1,-0.316771867927272,-0.316771867927272,-0.316771867927272,0,0
GBRZTUJCDFSIHM-KRWDZBQOSA-N,Phenotypic: Cancer and Cells,1,IC50,4,4,4,0.700769465822112,0.700769465822112,0.7007694658221121,-1.1102230246251565e-16,0
GBVCHRDRVDOMQV-RTWAWAEBSA-N,General Assays and Safety,1,IC50,1,1,1,1.14099044962449,1.14099044962449,1.1409904496244947,-4.6629367034256575e-15,0
GBVCHRDRVDOMQV-RTWAWAEBSA-N,Phenotypic: Cancer and Cells,1,IC50,2,2,2,1.41475894745402,1.41475894745402,1.414758947454018,1.9984014443252818e-15,0
GCSSGYKMPPFQLH-KDJZGPCZSA-N,Phenotypic: Cancer and Cells,1,IC50,1,1,1,1.02613176124931,1.02613176124931,1.0261317612493104,-4.440892098500626e-16,0
GDHZZZRERDPSTA-OAHLLOKOSA-N,Phenotypic: Cancer and Cells,1,IC50,5,4,5,-0.781436546679563,-0.781436546679563,-0.7814365466795632,2.220446049250313e-16,0
GFWPWSNIXRDQJC-LMSSTIIKSA-N,Infectious Diseases,1,EC50,1,1,1,0.461684024300114,0.461684024300114,0.4616840243001143,-2.7755575615628914e-16,0
GFWPWSNIXRDQJC-LMSSTIIKSA-N,Inflammation and Proteolysis,1,IC50,1,1,1,1.03144472130548,1.03144472130548,1.0314447213054796,4.440892098500626e-16,0
GFWPWSNIXRDQJC-LMSSTIIKSA-N,Phenotypic: Cancer and Cells,1,IC50,1,1,1,-1.34178272213751,-1.34178272213751,-1.341782722137515,4.884981308350689e-15,0
GFWPWSNIXRDQJC-PXJZQJOASA-N,Infectious Diseases,1,IC50,1,1,1,0.515116016284841,0.515116016284841,0.5151160162848406,4.440892098500626e-16,0
GFWPWSNIXRDQJC-PXJZQJOASA-N,Inflammation and Proteolysis,1,IC50,1,1,1,1.03144472130548,1.03144472130548,1.0314447213054796,4.440892098500626e-16,0
GFWPWSNIXRDQJC-UHFFFAOYSA-N,General Assays and Safety,1,IC50,1,1,1,-1.35326502567197,-1.35326502567197,-1.353265025671973,2.886579864025407e-15,0
GFWPWSNIXRDQJC-UHFFFAOYSA-N,Infectious Diseases,1,IC50,1,1,1,0.0475941796456555,0.0475941796456555,0.04759417964565553,-2.7755575615628914e-17,0
GFWPWSNIXRDQJC-UHFFFAOYSA-N,Inflammation and Proteolysis,1,IC50,2,2,2,0.179148352238637,0.179148352238637,0.17914835223863748,-4.718447854656915e-16,0
GFWPWSNIXRDQJC-UHFFFAOYSA-N,Phenotypic: Cancer and Cells,1,IC50,1,1,1,-1.41408545445467,-1.41408545445467,-1.41408545445467,0,0
GGIPOZCJJKKBBV-RFAUZJTJSA-N,Phenotypic: Cancer and Cells,1,IC50,1,1,1,1.24303995820077,1.24303995820077,1.2430399582007738,-3.774758283725532e-15,0
GGIPOZCJJKKBBV-UHFFFAOYSA-N,Infectious Diseases,1,IC50,2,2,2,-0.114240302267908,-0.114240302267908,-0.11424030226790785,-1.5265566588595902e-16,0
GGIPOZCJJKKBBV-UHFFFAOYSA-N,Phenotypic: Cancer and Cells,1,IC50,2,2,2,0.330217962696693,0.330217962696693,0.33021796269669285,1.6653345369377348e-16,0
GHCZYXUOYFOXIP-UHFFFAOYSA-N,Cell Signaling and Survival,1,AC50,1,1,1,-0.825669772185658,-0.825669772185658,-0.8256697721856578,-1.1102230246251565e-16,0
GHCZYXUOYFOXIP-UHFFFAOYSA-N,Gene Regulation,1,IC50,1,1,1,0.719678803076572,0.719678803076572,0.719678803076572,0,0
GHCZYXUOYFOXIP-UHFFFAOYSA-N,General Assays and Safety,1,IC50,1,1,1,-0.170275285959934,-0.170275285959934,-0.1702752859599338,-1.942890293094024e-16,0
GHCZYXUOYFOXIP-UHFFFAOYSA-N,Inflammation and Proteolysis,1,IC50,1,1,1,-1.14252862587951,-1.14252862587951,-1.1425286258795102,2.220446049250313e-16,0
GHCZYXUOYFOXIP-UHFFFAOYSA-N,Metabolic Enzymes,1,AC50,2,2,2,1.96007865289582,1.96007865289582,1.9600786528958172,2.886579864025407e-15,0
GJFHZVPRFLHEBR-KETROQBRSA-N,Metabolic Enzymes,1,IC50,1,1,1,0.917494491735154,0.917494491735154,0.9174944917351543,-3.3306690738754696e-16,0
GJFHZVPRFLHEBR-KETROQBRSA-N,Transporters and Ion Channels,1,IC50,2,2,2,-0.775714733812743,-0.775714733812743,-0.775714733812743,0,0
GJFHZVPRFLHEBR-VIZOYTHASA-N,Neuroscience Targets,2,IC50;Ki,2,2,2,0.987427914190925,0.987427914190925,0.9874279141909226,2.4424906541753444e-15,0
GJFHZVPRFLHEBR-VIZOYTHASA-N,Phenotypic: Cancer and Cells,1,IC50,1,1,1,1.02613176124931,1.02613176124931,1.0261317612493104,-4.440892098500626e-16,0
GJKQLIDFFREHGO-UHFFFAOYSA-N,Inflammation and Proteolysis,1,IC50,1,1,1,-0.833725593608915,-0.833725593608915,-0.833725593608915,0,0
GKEWZBRIASMMCY-UHFFFAOYSA-N,Infectious Diseases,1,IC50,1,1,1,0.299336707066756,0.299336707066756,0.2993367070667555,4.996003610813204e-16,0
GKIZWUHTCYQZHL-ZDLGFXPLSA-N,Cell Signaling and Survival,1,IC50,1,1,1,-0.621230229118945,-0.621230229118945,-0.6212302291189448,-2.220446049250313e-16,0
GKIZWUHTCYQZHL-ZDLGFXPLSA-N,Phenotypic: Cancer and Cells,1,IC50,2,2,2,0.131385448824518,0.131385448824518,0.13138544882451778,2.220446049250313e-16,0
GLMLQROWOJXFJA-FRKPEAEDSA-N,Metabolic Enzymes,1,IC50,1,1,1,0.00155034554196608,0.00155034554196608,0.0015503455419660836,-3.686287386450715e-18,0
GMGRYHOHJJROMP-OVCLIPMQSA-N,Neuroscience Targets,2,IC50;Ki,4,4,4,-0.258618282279239,-0.258618282279239,-0.25861828227923905,5.551115123125783e-17,0
GMISZFQPFDAPGI-CVJZBMGUSA-N,General Assays and Safety,1,IC50,1,1,1,-0.312804170262589,-0.312804170262589,-0.3128041702625886,-3.885780586188048e-16,0
GMISZFQPFDAPGI-CVJZBMGUSA-N,Inflammation and Proteolysis,1,IC50,1,1,1,-0.944894685226329,-0.944894685226329,-0.944894685226329,0,0
GMISZFQPFDAPGI-JJYFIROESA-N,General Assays and Safety,1,IC50,1,1,1,-0.968437038054803,-0.968437038054803,-0.9684370380548029,-1.1102230246251565e-16,0
GMISZFQPFDAPGI-JJYFIROESA-N,Inflammation and Proteolysis,1,IC50,2,1,2,-0.81519741167268,-0.81519741167268,-0.8151974116726797,-3.3306690738754696e-16,0
GMISZFQPFDAPGI-ZBRHZRBFSA-N,General Assays and Safety,1,IC50,1,1,1,-0.85441393061268,-0.85441393061268,-0.8544139306126798,-2.220446049250313e-16,0
GMISZFQPFDAPGI-ZBRHZRBFSA-N,Inflammation and Proteolysis,1,IC50,1,1,1,-0.401401348430081,-0.401401348430081,-0.40140134843008113,1.1102230246251565e-16,0
GMVYLXBMPRDZDR-AWEZNQCLSA-N,Gene Regulation,1,IC50,2,2,2,0.36549002889635,0.36549002889635,0.3654900288963503,-2.7755575615628914e-16,0
GNSZORQLSBGISE-QAZUOQDGSA-N,Infectious Diseases,1,EC50,1,1,1,0.482479765591734,0.482479765591734,0.4824797655917338,2.220446049250313e-16,0
GOAUTULGLLBZSR-YLLUOSTHSA-N,Transporters and Ion Channels,1,IC50,1,1,1,-0.348144019173806,-0.348144019173806,-0.348144019173806,0,0
GPGFGFUBECSNTG-SFTVRKLSSA-N,Phenotypic: Cancer and Cells,1,IC50,1,1,1,-0.203014688142325,-0.203014688142325,-0.20301468814232476,-2.498001805406602e-16,0
GPSKVSZZHKDRDQ-UHFFFAOYSA-N,Infectious Diseases,1,EC50,3,3,3,1.12714774563195,1.12714774563195,1.1271477456319512,-1.1102230246251565e-15,0
GQGAUUMVOCWEFW-UHFFFAOYSA-N,Inflammation and Proteolysis,1,IC50,1,1,1,-0.88313407877221,-0.88313407877221,-0.8831340787722103,3.3306690738754696e-16,0
GSBNFGRTUCCBTK-DAFODLJHSA-N,Gene Regulation,1,IC50,1,1,1,-0.14865496588139,-0.14865496588139,-0.14865496588139018,1.942890293094024e-16,0
GSBNFGRTUCCBTK-DAFODLJHSA-N,Neuroscience Targets,1,IC50,1,1,1,1.53062121275888,1.53062121275888,1.530621212758883,-2.886579864025407e-15,0
GSSOWCUOWLMMRJ-UHFFFAOYSA-N,Cell Signaling and Survival,1,AC50,1,1,1,-0.648611484058317,-0.648611484058317,-0.6486114840583168,-2.220446049250313e-16,0
GSSOWCUOWLMMRJ-UHFFFAOYSA-N,Inflammation and Proteolysis,1,IC50,1,1,1,-0.0555419522870153,-0.0555419522870153,-0.05554195228701533,2.7755575615628914e-17,0
GSSOWCUOWLMMRJ-UHFFFAOYSA-N,Metabolic Enzymes,1,IC50,3,3,3,0.642711247877198,0.642711247877198,0.6427112478771979,1.1102230246251565e-16,0
GUNGQVJAKLIYDG-JXMROGBWSA-N,Infectious Diseases,1,IC50,1,1,1,-0.941394320937233,-0.941394320937233,-0.941394320937233,0,0
GUNGQVJAKLIYDG-JXMROGBWSA-N,Phenotypic: Cancer and Cells,1,IC50,4,3,4,0.321180121157049,0.321180121157049,0.32118012115704864,3.885780586188048e-16,0
GUNGQVJAKLIYDG-JXMROGBWSA-N,Transporters and Ion Channels,1,IC50,2,1,2,-0.804219448122006,-0.804219448122006,-0.8042194481220059,-1.1102230246251565e-16,0
GUOZFKYIHZVTRA-QBHOUYDASA-N,Gene Regulation,1,EC50,1,1,1,-5.70920084339712e-4,-5.70920084339712e-4,-5.709200843397121e-4,1.0842021724855044e-19,0
GUQBHRSHFCOITG-UHFFFAOYSA-N,Inflammation and Proteolysis,1,IC50,1,1,1,-0.660795895537382,-0.660795895537382,-0.660795895537382,0,0
GUQGMEWOCKDLDE-RMKNXTFCSA-N,Phenotypic: Cancer and Cells,1,IC50,1,1,1,0.754996515059979,0.754996515059979,0.7549965150599787,3.3306690738754696e-16,0
GVKLXAPXNKDQGB-TXZJYACMSA-N,Cell Signaling and Survival,2,IC50;Kd,3,3,3,0.24868309257775,0.24868309257775,0.7286789250149629,-0.4799958324372129,0
GVXVZXDPRNGAOE-ZCFXJLACSA-N,Metabolic Enzymes,1,IC50,1,1,1,1.00908890635447,1.00908890635447,1.0090889063544723,-2.4424906541753444e-15,0
GVXVZXDPRNGAOE-ZCFXJLACSA-N,Phenotypic: Cancer and Cells,1,IC50,1,1,1,-0.166863321983746,-0.166863321983746,-0.16686332198374645,4.440892098500626e-16,0
GWDMTADRTCKKKV-ZXWJAXLNSA-N,Cell Signaling and Survival,1,IC50,1,1,1,-1.05872901505601,-1.05872901505601,-1.0587290150560076,-2.4424906541753444e-15,0
GXUDMRDICMYDQL-UHFFFAOYSA-N,Infectious Diseases,1,IC50,2,2,2,-1.30102650296737,-1.30102650296737,-1.3010265029673747,4.6629367034256575e-15,0
GXUDMRDICMYDQL-UHFFFAOYSA-N,Phenotypic: Cancer and Cells,1,IC50,1,1,1,-1.17910157442392,-1.17910157442392,-1.1791015744239166,-3.3306690738754696e-15,0
GZTDFKLABHOHBU-SFHVURJKSA-N,Cell Signaling and Survival,1,IC50,1,1,1,-0.488654839441048,-0.488654839441048,-0.48865483944104754,-4.440892098500626e-16,0
HAIHGFWQOPJMPV-ZDUSSCGKSA-N,Infectious Diseases,2,EC50;IC50,3,3,3,-0.6459926037736,-0.6459926037736,-0.5646437518130738,-0.08134885196052621,0
HAIHGFWQOPJMPV-ZDUSSCGKSA-N,Metabolic Enzymes,1,IC50,2,2,2,-1.23497425181884,-1.23497425181884,-1.234974251818838,-1.9984014443252818e-15,0
HAXYQNFQUDHACW-LVJWOEPNSA-N,Phenotypic: Cancer and Cells,1,IC50,4,4,4,0.655580258123891,0.655580258123891,0.6555802581238912,-2.220446049250313e-16,0
HAZLNOUWLROAAU-KQFLDCGVSA-N,Infectious Diseases,1,IC50,1,1,1,0.982637852924024,0.982637852924024,0.982637852924024,0,0
HBUKGWAZEVMVBC-VWLOTQADSA-N,General Assays and Safety,1,IC50,2,1,1,1.06259956325803,1.06259956325803,1.0625995632580347,-4.6629367034256575e-15,0
HCKWMBTVENMFOU-UHFFFAOYSA-N,Infectious Diseases,1,IC50,2,2,2,0.569060843589361,0.569060843589361,0.5690608435893606,4.440892098500626e-16,0
HCNLDGTUMBOHKT-UHFFFAOYSA-N,Gene Regulation,1,IC50,1,1,1,-0.400014741106063,-0.400014741106063,-0.40001474110606294,-5.551115123125783e-17,0
HDDUSYQWBVKRGV-UHFFFAOYSA-N,Metabolic Enzymes,1,IC50,1,1,1,-1.1630072117608,-1.1630072117608,-1.1630072117608021,2.220446049250313e-15,0
HGFWVFTZYRJFRI-QMJWHCKBSA-N,Infectious Diseases,2,IC50;Ki,2,2,2,0.9238652386146835,0.9238652386146835,0.923865238614684,-4.440892098500626e-16,0
HGHOPAZIUPORIN-UHFFFAOYSA-N,Cell Signaling and Survival,1,IC50,1,1,1,0.492403044175396,0.492403044175396,0.4924030441753962,-2.220446049250313e-16,0
HGHOPAZIUPORIN-UHFFFAOYSA-N,Phenotypic: Cancer and Cells,1,IC50,1,1,1,0.429634219632782,0.429634219632782,0.429634219632782,0,0
HGZMVLUPBGGJMI-RMKNXTFCSA-N,General Assays and Safety,1,IC50,1,1,1,0.45685180497175,0.45685180497175,0.45685180497175004,-5.551115123125783e-17,0
HGZMVLUPBGGJMI-RMKNXTFCSA-N,Phenotypic: Cancer and Cells,1,IC50,2,2,2,0.0319691918884286,0.0319691918884286,0.031969191888428616,-1.3877787807814457e-17,0
HHSHAXHGYOQIQP-OZRRSSBWSA-N,Phenotypic: Cancer and Cells,1,IC50,1,1,1,-0.492225617410945,-0.492225617410945,-0.4922256174109448,-2.220446049250313e-16,0
HIFJVFRJNUZYGI-NVKVKWIFSA-N,Infectious Diseases,2,IC50;Ki,2,2,2,1.2336078300534812,1.2336078300534812,1.2336078300534796,1.5543122344752192e-15,0
HJJNGNVCQLTMCE-JXMROGBWSA-N,Infectious Diseases,1,IC50,1,1,1,1.21639877124362,1.21639877124362,1.2163987712436157,4.218847493575595e-15,0
HKEAFJYKMMKDOR-VPRICQMDSA-N,Metabolic Enzymes,1,Ki,2,2,2,1.15382194244863,1.15382194244863,1.1538219424486338,-3.774758283725532e-15,0
HKPGWUPXXPIOAN-HCASUDDKSA-N,General Assays and Safety,1,IC50,1,1,1,-0.825908153752148,-0.825908153752148,-0.8259081537521481,1.1102230246251565e-16,0
HKPGWUPXXPIOAN-HCASUDDKSA-N,Infectious Diseases,1,IC50,1,1,1,-0.599743748008598,-0.599743748008598,-0.599743748008598,0,0
HKPGWUPXXPIOAN-XMTAIGAMSA-N,General Assays and Safety,1,IC50,1,1,1,-1.13947169921799,-1.13947169921799,-1.1394716992179894,-6.661338147750939e-16,0
HKPGWUPXXPIOAN-XMTAIGAMSA-N,Infectious Diseases,1,IC50,1,1,1,0.191447052457712,0.191447052457712,0.1914470524577122,-1.942890293094024e-16,0
HKQYGTCOTHHOMP-UHFFFAOYSA-N,Cell Signaling and Survival,2,Kd;Ki,3,3,3,0.5363420278724945,0.5363420278724945,0.09168939857501912,0.4446526292974754,0
HKQYGTCOTHHOMP-UHFFFAOYSA-N,Gene Regulation,1,IC50,2,1,1,1.18240929837654,1.18240929837654,1.1824092983765373,2.6645352591003757e-15,0
HKQYGTCOTHHOMP-UHFFFAOYSA-N,Infectious Diseases,1,IC50,10,5,10,-1.07625638919854,-1.07625638919854,-1.0762563891985364,-3.552713678800501e-15,0
HKQYGTCOTHHOMP-UHFFFAOYSA-N,Inflammation and Proteolysis,1,IC50,1,1,1,-0.994303170389624,-0.994303170389624,-0.9943031703896243,3.3306690738754696e-16,0
HKQYGTCOTHHOMP-UHFFFAOYSA-N,Metabolic Enzymes,2,IC50;Ki,5,5,5,-0.3126414589658475,-0.3126414589658475,-0.5716305162584029,0.2589890572925554,0
HKQYGTCOTHHOMP-UHFFFAOYSA-N,Phenotypic: Cancer and Cells,1,IC50,10,8,10,-0.971231219012096,-0.971231219012096,-0.9712312190120957,-2.220446049250313e-16,0
HLOABGSBRIDRHW-UHFFFAOYSA-N,General Assays and Safety,1,IC50,3,1,3,0.214552701657235,0.214552701657235,0.21455270165723492,8.326672684688674e-17,0
HLOABGSBRIDRHW-UHFFFAOYSA-N,Phenotypic: Cancer and Cells,1,IC50,2,1,2,1.25207779974042,1.25207779974042,1.2520777997404196,4.440892098500626e-16,0
HLQJCYNRIXWLJK-MHSNNWACSA-N,General Assays and Safety,1,IC50,1,1,1,-0.34130994712312,-0.34130994712312,-0.3413099471231203,2.7755575615628914e-16,0
HMTMYIWMPJSCAZ-GOSISDBHSA-N,Cell Signaling and Survival,1,IC50,1,1,1,4.08519610444643,4.08519610444643,4.085196104446426,4.440892098500626e-15,0
HMTMYIWMPJSCAZ-UHFFFAOYSA-N,Cell Signaling and Survival,1,IC50,2,1,2,5.19882937774077,5.19882937774077,5.198829377740767,3.552713678800501e-15,0
HMTMYIWMPJSCAZ-UHFFFAOYSA-N,Phenotypic: Cancer and Cells,2,EC50;IC50,3,2,3,3.914845049367,3.914845049367,3.882838298577808,0.03200675078919213,0
HMUJXQRRKBLVOO-AWEZNQCLSA-N,Metabolic Enzymes,1,IC50,3,3,3,0.603456498754632,0.603456498754632,0.6034564987546324,-3.3306690738754696e-16,0
HNORCYMXOCSMNP-UHFFFAOYSA-N,Phenotypic: Cancer and Cells,1,IC50,2,1,2,0.791147881218555,0.791147881218555,0.7911478812185554,-4.440892098500626e-16,0
HOGHBEDTLGAJAS-CPJSRVTESA-N,General Assays and Safety,1,IC50,2,1,2,0.570874912413873,0.570874912413873,0.5708749124138731,-1.1102230246251565e-16,0
HORNIGLAKNPZGF-IBGZPJMESA-N,Phenotypic: Cancer and Cells,1,IC50,1,1,1,-0.510301300490233,-0.510301300490233,-0.5103013004902331,1.1102230246251565e-16,0
HOTYOZVURUOVTK-XNTDXEJSSA-N,Phenotypic: Cancer and Cells,1,IC50,1,1,1,0.321180121157049,0.321180121157049,0.32118012115704864,3.885780586188048e-16,0
HPSPCMSCDNHZJM-CHHVJCJISA-N,Cell Signaling and Survival,1,AC50,1,1,1,2.48784961991171,2.48784961991171,2.4878496199117137,-3.552713678800501e-15,0
HPSPCMSCDNHZJM-CHHVJCJISA-N,General Assays and Safety,1,IC50,1,1,1,-0.996942814915335,-0.996942814915335,-0.9969428149153347,-3.3306690738754696e-16,0
HPUMCKZHBQPWBN-URLMMPGGSA-N,General Assays and Safety,1,IC50,1,1,1,1.06972600747317,1.06972600747317,1.0697260074731674,2.6645352591003757e-15,0
HQIYVJDLRVEGDX-HNNXBMFYSA-N,Phenotypic: Cancer and Cells,1,IC50,2,1,2,-0.898928486694941,-0.898928486694941,-0.8989284866949407,-2.220446049250313e-16,0
HSZOZDPOYZAYTH-UHFFFAOYSA-N,Phenotypic: Cancer and Cells,1,IC50,1,1,1,-0.727209497441698,-0.727209497441698,-0.7272094974416982,1.1102230246251565e-16,0
HTDSMOBGCNRBHQ-RMKNXTFCSA-N,Infectious Diseases,2,IC50;Ki,5,2,5,-0.6541147066959254,-0.6541147066959254,-0.35176799496092226,-0.30234671173500316,0
HTDSMOBGCNRBHQ-RMKNXTFCSA-N,Phenotypic: Cancer and Cells,1,EC50,1,1,1,0.227463282693053,0.227463282693053,0.227463282693053,0,0
HTHLDJJBNQWUJJ-UHFFFAOYSA-N,Cell Signaling and Survival,2,IC50;Ki,2,2,2,-0.863158742605559,-0.863158742605559,-0.8631587426055596,5.551115123125783e-16,0
HTHLDJJBNQWUJJ-UHFFFAOYSA-N,Infectious Diseases,2,IC50;Ki,2,2,2,0.4011334338271303,0.4011334338271303,0.4011334338271301,1.6653345369377348e-16,0
HTNJCCKJJVLCTO-BUSXIPJBSA-N,Cell Signaling and Survival,1,IC50,1,1,1,-0.462139761505467,-0.462139761505467,-0.4621397615054674,3.885780586188048e-16,0
HUGUGFBIYQBLCS-UHFFFAOYSA-N,Inflammation and Proteolysis,1,IC50,1,1,1,-0.969598927807977,-0.969598927807977,-0.9695989278079773,3.3306690738754696e-16,0
HUKSJTUUSUGIDC-BDJLRTHQSA-N,Phenotypic: Cancer and Cells,1,IC50,3,3,3,0.73692083198069,0.73692083198069,0.7369208319806905,-4.440892098500626e-16,0
HUKSJTUUSUGIDC-ZBEGNZNMSA-N,Infectious Diseases,2,IC50;Ki,2,2,2,0.6410950608281495,0.6410950608281495,0.6410950608281492,3.3306690738754696e-16,0
HUKSJTUUSUGIDC-ZBEGNZNMSA-N,Metabolic Enzymes,2,IC50;Ki,3,3,3,1.0836788507171045,1.0836788507171045,0.688076238660888,0.3956026120562165,0
HUKSJTUUSUGIDC-ZBEGNZNMSA-N,Phenotypic: Cancer and Cells,1,IC50,2,2,2,0.384445011934559,0.384445011934559,0.3844450119345595,-4.996003610813204e-16,0
HUQKUJNSVHEHIH-UHFFFAOYSA-N,Cell Signaling and Survival,1,IC50,1,1,1,2.13633787618133,2.13633787618133,2.1363378761813285,1.3322676295501878e-15,0
HUQKUJNSVHEHIH-UHFFFAOYSA-N,Infectious Diseases,1,IC50,1,1,1,-1.39093454847491,-1.39093454847491,-1.3909345484749098,-2.220446049250313e-16,0
HUQKUJNSVHEHIH-UHFFFAOYSA-N,Metabolic Enzymes,1,IC50,2,1,2,-1.29385637550269,-1.29385637550269,-1.2938563755026857,-4.218847493575595e-15,0
HXGGEGJYNMWHAD-UHFFFAOYSA-N,General Assays and Safety,1,IC50,1,1,1,0.157541147936173,0.157541147936173,0.15754114793617272,2.7755575615628914e-16,0
HXGGEGJYNMWHAD-UHFFFAOYSA-N,Neuroscience Targets,1,IC50,2,2,2,0.740070119672466,0.740070119672466,0.7400701196724662,-1.1102230246251565e-16,0
HXSRAKGAZOSYEH-WFQOKMFZSA-N,Infectious Diseases,2,IC50;Ki,2,2,2,-0.11237185918634174,-0.11237185918634174,-0.11237185918634171,-2.7755575615628914e-17,0
HXSRAKGAZOSYEH-WFQOKMFZSA-N,Neuroscience Targets,2,IC50;Ki,4,4,4,-0.6118423289952846,-0.6118423289952846,-0.6118423289952846,0,0
HXTFHSYLYXVTHC-AJHDJQPGSA-N,Cell Signaling and Survival,1,IC50,1,1,1,-1.11175917092717,-1.11175917092717,-1.1117591709271666,-3.3306690738754696e-15,0
HXYUOYQBJCJYOZ-UHFFFAOYSA-N,Metabolic Enzymes,1,IC50,1,1,1,0.158569342032227,0.158569342032227,0.158569342032227,0,0
HZCGTSDDHHPRDX-UZTOHYMASA-N,General Assays and Safety,1,IC50,1,1,1,0.756162462007326,0.756162462007326,0.7561624620073261,-1.1102230246251565e-16,0
IAFBOKYTDSDNHV-UHFFFAOYSA-N,Phenotypic: Cancer and Cells,1,IC50,3,3,3,-0.709133814362408,-0.709133814362408,-0.7091338143624082,2.220446049250313e-16,0
IAFBOKYTDSDNHV-UHFFFAOYSA-N,Transporters and Ion Channels,1,IC50,2,1,2,-0.661695876575694,-0.661695876575694,-0.6616958765756935,-4.440892098500626e-16,0
IAUDUEQNUVKNBT-SOFGYWHQSA-N,Phenotypic: Cancer and Cells,1,IC50,1,1,1,-0.962193377472452,-0.962193377472452,-0.9621933774724516,-4.440892098500626e-16,0
ICUCUXZJAYHKLS-SJCJKPOMSA-N,Phenotypic: Cancer and Cells,1,IC50,3,2,3,-1.16102589134463,-1.16102589134463,-1.1610258913446267,-3.3306690738754696e-15,0
IERGURVELWCYAW-LLVKDONJSA-N,Phenotypic: Cancer and Cells,1,IC50,2,1,2,-0.871814962076008,-0.871814962076008,-0.8718149620760082,2.220446049250313e-16,0
IERGURVELWCYAW-NSHDSACASA-N,Phenotypic: Cancer and Cells,1,IC50,1,1,1,-0.347620152776635,-0.347620152776635,-0.34762015277663477,-2.220446049250313e-16,0
IFQCOXCDQXGBFK-AWEZNQCLSA-N,Phenotypic: Cancer and Cells,1,EC50,1,1,1,-0.869620771608962,-0.869620771608962,-0.8696207716089619,-1.1102230246251565e-16,0
IGCZWOGVHOOOEO-INIZCTEOSA-N,Neuroscience Targets,1,IC50,1,1,1,1.16447123280307,1.16447123280307,1.164471232803069,8.881784197001252e-16,0
IGHVYQBBZBLNDW-UHFFFAOYSA-N,Inflammation and Proteolysis,1,IC50,1,1,1,-0.88313407877221,-0.88313407877221,-0.8831340787722103,3.3306690738754696e-16,0
IGSYALWDCAHJEF-FCHUYYIVSA-N,Cell Signaling and Survival,1,IC50,1,1,1,-0.501912378408837,-0.501912378408837,-0.5019123784088371,1.1102230246251565e-16,0
IGSYALWDCAHJEF-FCHUYYIVSA-N,Phenotypic: Cancer and Cells,1,IC50,4,2,4,-0.293393103538768,-0.293393103538768,-0.29339310353876813,1.1102230246251565e-16,0
IHWPQGIYXJKCOV-PTNGSMBKSA-N,Metabolic Enzymes,1,IC50,5,3,5,0.309045880335393,0.309045880335393,0.3090458803353927,2.7755575615628914e-16,0
IHWPQGIYXJKCOV-PTNGSMBKSA-N,Phenotypic: Cancer and Cells,1,IC50,1,1,1,-0.184939005063035,-0.184939005063035,-0.18493900506303482,-1.942890293094024e-16,0
IHWPQGIYXJKCOV-PTNGSMBKSA-N,Transporters and Ion Channels,1,IC50,1,1,1,-1.31730430568873,-1.31730430568873,-1.3173043056887306,6.661338147750939e-16,0
IIWLGOCXDBSFCM-RMKNXTFCSA-N,General Assays and Safety,1,IC50,1,1,1,0.656392242995467,0.656392242995467,0.656392242995467,0,0
IIWLGOCXDBSFCM-RMKNXTFCSA-N,Phenotypic: Cancer and Cells,1,IC50,4,4,4,-0.501263458950589,-0.501263458950589,-0.501263458950589,0,0
IJCCBLTVMMYSFZ-WAKDBBHESA-N,Phenotypic: Cancer and Cells,1,IC50,1,1,1,0.465785585791359,0.465785585791359,0.4657855857913587,2.7755575615628914e-16,0
IJYFCLZEBZPQIZ-AKCHCHLHSA-N,Phenotypic: Cancer and Cells,1,IC50,1,1,1,-0.365695835855923,-0.365695835855923,-0.36569583585592313,1.1102230246251565e-16,0
IKKCPYPLJMVWMP-URLMMPGGSA-N,General Assays and Safety,1,IC50,1,1,1,1.44030110666007,1.44030110666007,1.4403011066600708,-8.881784197001252e-16,0
IKMBURJDYFYECV-ALMQMIPOSA-N,Infectious Diseases,1,IC50,1,1,1,0.299336707066756,0.299336707066756,0.2993367070667555,4.996003610813204e-16,0
IKMBURJDYFYECV-ALMQMIPOSA-N,Metabolic Enzymes,1,IC50,1,1,1,1.32312689933499,1.32312689933499,1.323126899334994,-3.9968028886505635e-15,0
ILCMVLORKWIOOH-CEMXSPGASA-N,General Assays and Safety,1,IC50,1,1,1,-0.384068612413917,-0.384068612413917,-0.38406861241391727,2.7755575615628914e-16,0
ILCMVLORKWIOOH-CEMXSPGASA-N,Phenotypic: Cancer and Cells,1,IC50,1,1,1,1.02613176124931,1.02613176124931,1.0261317612493104,-4.440892098500626e-16,0
INBPQAJYHSJVRY-UHFFFAOYSA-N,Cell Signaling and Survival,1,AC50,1,1,1,-0.977434019151949,-0.977434019151949,-0.9774340191519487,-3.3306690738754696e-16,0
INBPQAJYHSJVRY-UHFFFAOYSA-N,General Assays and Safety,2,AC50;EC50,3,2,3,0.23523136282122897,0.23523136282122897,0.2159987547103149,0.019232608110914068,0
INBPQAJYHSJVRY-UHFFFAOYSA-N,Neuroscience Targets,1,EC50,1,1,1,0.311248182474925,0.311248182474925,0.31124818247492536,-3.885780586188048e-16,0
INBPQAJYHSJVRY-UHFFFAOYSA-N,Transporters and Ion Channels,1,IC50,2,1,2,-0.507770419305676,-0.507770419305676,-0.5077704193056765,4.440892098500626e-16,0
INHFJIACOJCKGT-AWEZNQCLSA-N,Infectious Diseases,1,IC50,1,1,1,-0.204148347775443,-0.204148347775443,-0.20414834777544288,-1.1102230246251565e-16,0
INHFJIACOJCKGT-AWEZNQCLSA-N,Phenotypic: Cancer and Cells,1,IC50,2,2,2,-0.826625754377786,-0.826625754377786,-0.8266257543777857,-2.220446049250313e-16,0
INHRJYBOMHQVBR-UHFFFAOYSA-N,Phenotypic: Cancer and Cells,1,IC50,1,1,1,-0.0584092235080147,-0.0584092235080147,-0.058409223508014745,4.163336342344337e-17,0
INYISIYHXQDCPK-UHFFFAOYSA-N,Phenotypic: Cancer and Cells,1,IC50,1,1,1,0.30310443807776,0.30310443807776,0.30310443807776033,-3.3306690738754696e-16,0
IORSRBKNYXPSDO-NDEPHWFRSA-N,Phenotypic: Cancer and Cells,1,IC50,1,1,1,-0.510301300490233,-0.510301300490233,-0.5103013004902331,1.1102230246251565e-16,0
IOUVKUPGCMBWBT-QNDFHXLGSA-N,Infectious Diseases,1,IC50,2,1,2,-0.896440298183465,-0.896440298183465,-0.8964402981834647,-3.3306690738754696e-16,0
IOUVKUPGCMBWBT-QNDFHXLGSA-N,Metabolic Enzymes,1,IC50,1,1,1,-1.07141279714148,-1.07141279714148,-1.071412797141483,3.1086244689504383e-15,0
IOUVKUPGCMBWBT-QNDFHXLGSA-N,Phenotypic: Cancer and Cells,1,IC50,3,2,3,-0.221090371221613,-0.221090371221613,-0.22109037122161312,1.1102230246251565e-16,0
IOUVKUPGCMBWBT-QNDFHXLGSA-N,Transporters and Ion Channels,2,IC50;Ki,35,11,35,1.7233511339416099,1.7233511339416099,1.7196245760142568,0.0037265579273531024,0
IOUVKUPGCMBWBT-RQXATKFSSA-N,Transporters and Ion Channels,1,Ki,1,1,1,-0.562687511509234,-0.562687511509234,-0.5626875115092342,2.220446049250313e-16,0
IOYHCQBYQJQBSK-UHFFFAOYSA-N,Inflammation and Proteolysis,1,IC50,1,1,1,-0.858429836190562,-0.858429836190562,-0.858429836190562,0,0
IOYHCQBYQJQBSK-UHFFFAOYSA-N,Phenotypic: Cancer and Cells,1,IC50,2,2,2,-0.718171655902054,-0.718171655902054,-0.718171655902054,0,0
IPMYMEWFZKHGAX-ZKSIBHASSA-N,Cell Signaling and Survival,2,IC50;Ki,3,2,3,0.4869658864623604,0.4869658864623604,0.6169344823886734,-0.12996859592631305,0
IPMYMEWFZKHGAX-ZKSIBHASSA-N,Metabolic Enzymes,1,IC50,1,1,1,-0.783544636909339,-0.783544636909339,-0.7835446369093385,-4.440892098500626e-16,0
IPQQRODECSTJDH-UHFFFAOYSA-N,Inflammation and Proteolysis,1,IC50,1,1,1,-0.36434498455761,-0.36434498455761,-0.3643449845576105,4.996003610813204e-16,0
IQHPDUUSMBMDGN-WEVVVXLNSA-N,Cell Signaling and Survival,1,IC50,1,1,1,-1.27084963854064,-1.27084963854064,-1.270849638540644,3.9968028886505635e-15,0
IQHPDUUSMBMDGN-WEVVVXLNSA-N,Infectious Diseases,1,IC50,2,2,2,0.110529811500931,0.110529811500931,0.11052981150093052,4.718447854656915e-16,0
IQHPDUUSMBMDGN-WEVVVXLNSA-N,Metabolic Enzymes,1,IC50,2,2,2,0.158569342032227,0.158569342032227,0.158569342032227,0,0
IQHPDUUSMBMDGN-WEVVVXLNSA-N,Neuroscience Targets,2,IC50;Ki,7,5,7,0.18842429228865384,0.18842429228865384,0.11456748854253555,0.07385680374611829,0
IQHPDUUSMBMDGN-WEVVVXLNSA-N,Phenotypic: Cancer and Cells,1,IC50,3,3,3,0.285028754998472,0.285028754998472,0.28502875499847197,5.551115123125783e-17,0
ISQRJFLLIDGZEP-CMWLGVBASA-N,Cell Signaling and Survival,1,IC50,3,2,3,0.134449492045073,0.134449492045073,0.1344494920450728,1.942890293094024e-16,0
ISQRJFLLIDGZEP-CMWLGVBASA-N,Inflammation and Proteolysis,1,IC50,1,1,1,-0.0802461948686624,-0.0802461948686624,-0.08024619486866241,1.3877787807814457e-17,0
ITDYPNOEEHONAH-HIFRSBDPSA-N,Inflammation and Proteolysis,1,IC50,1,1,1,-0.166711043904429,-0.166711043904429,-0.1667110439044294,3.885780586188048e-16,0
ITDYPNOEEHONAH-UKRRQHHQSA-N,Cell Signaling and Survival,1,IC50,1,1,1,-0.89963854744253,-0.89963854744253,-0.89963854744253,0,0
ITDYPNOEEHONAH-UKRRQHHQSA-N,Inflammation and Proteolysis,1,IC50,1,1,1,0.525007748381704,0.525007748381704,0.5250077483817044,-3.3306690738754696e-16,0
ITLIIDFSTPOGDA-XZOQPEGZSA-N,General Assays and Safety,1,EC50,1,1,1,-0.313367338866889,-0.313367338866889,-0.3133673388668887,-2.7755575615628914e-16,0
ITVZAHAQSAAKJV-BJKOFHAPSA-N,General Assays and Safety,1,IC50,1,1,1,0.713403796716529,0.713403796716529,0.7134037967165292,-2.220446049250313e-16,0
IULVGTQOZKYHCS-QHHAFSJGSA-N,Infectious Diseases,1,IC50,1,1,1,2.22336888092801,2.22336888092801,2.2233688809280125,-2.6645352591003757e-15,0
IULVGTQOZKYHCS-QHHAFSJGSA-N,Inflammation and Proteolysis,1,IC50,2,2,2,1.17349411614995,1.17349411614995,1.1734941161499535,-3.552713678800501e-15,0
IULVGTQOZKYHCS-QHHAFSJGSA-N,Phenotypic: Cancer and Cells,1,IC50,1,1,1,0.59231536734638,0.59231536734638,0.5923153673463804,-3.3306690738754696e-16,0
IUNNUKJWKPJUCQ-AHJAKLPMSA-N,Cell Signaling and Survival,1,IC50,1,1,1,-0.196988982149672,-0.196988982149672,-0.19698898214967162,-3.885780586188048e-16,0
IVBQZFJZIGYXMK-UHFFFAOYSA-N,Metabolic Enzymes,1,IC50,2,1,2,2.23252858734109,2.23252858734109,2.232528587341088,1.7763568394002505e-15,0
IXIPQIDMKALZTH-HXUWFJFHSA-N,Phenotypic: Cancer and Cells,1,IC50,3,3,3,2.86985143533676,2.86985143533676,2.8698514353367606,-4.440892098500626e-16,0
IXWIHCRZHCXORX-QHCPKHFHSA-N,Metabolic Enzymes,1,IC50,1,1,1,-1.22843179363174,-1.22843179363174,-1.228431793631744,3.9968028886505635e-15,0
IZMSMYAPBBZFQP-IMTZNOAFSA-N,Neuroscience Targets,2,IC50;Ki,4,4,4,0.09374403555415438,0.09374403555415438,0.09374403555415459,-2.0816681711721685e-16,0
JAAWOQQDCOFLRV-IAQYHMDHSA-N,Phenotypic: Cancer and Cells,1,IC50,5,3,5,-1.02545826824996,-1.02545826824996,-1.0254582682499624,2.4424906541753444e-15,0
JBQATDIMBVLPRB-UHFFFAOYSA-N,Metabolic Enzymes,1,IC50,1,1,1,-1.24151671000593,-1.24151671000593,-1.2415167100059321,2.220446049250313e-15,0
JCLYSCYJVYARSD-INIZCTEOSA-N,Phenotypic: Cancer and Cells,1,IC50,3,1,3,0.971904712011444,0.971904712011444,0.9719047120114438,2.220446049250313e-16,0
JDKOSPKTKADBCU-GKCIPKSASA-N,Inflammation and Proteolysis,1,IC50,1,1,1,-0.240823771649372,-0.240823771649372,-0.24082377164937177,-2.220446049250313e-16,0
JDLWWTGCAJYSSZ-ZSDSOXJFSA-N,Phenotypic: Cancer and Cells,1,IC50,2,1,2,-0.456074251252367,-0.456074251252367,-0.4560742512523665,-4.996003610813204e-16,0
JFVKWCYZKMUTLH-AYPBNUJASA-N,General Assays and Safety,1,IC50,1,1,1,2.46650907363919,2.46650907363919,2.466509073639189,1.3322676295501878e-15,0
JFVKWCYZKMUTLH-AYPBNUJASA-N,Phenotypic: Cancer and Cells,1,IC50,14,10,14,1.94799159829304,1.94799159829304,1.9479915982930354,4.6629367034256575e-15,0
JGPQAWUEYNNXOH-QPJJXVBHSA-N,Infectious Diseases,1,IC50,1,1,1,-1.40891615757642,-1.40891615757642,-1.4089161575764164,-3.552713678800501e-15,0
JHLIRXZGNHHBHX-RIYZIHGNSA-N,Infectious Diseases,1,IC50,1,1,1,-1.53478742128697,-1.53478742128697,-1.5347874212869663,-3.774758283725532e-15,0
JIVANWVLNGMSOX-LSDHHAIUSA-N,Metabolic Enzymes,1,IC50,1,1,1,-0.534931225799758,-0.534931225799758,-0.5349312257997585,4.440892098500626e-16,0
JIVANWVLNGMSOX-UHFFFAOYSA-N,Infectious Diseases,1,IC50,2,1,2,0.200437857008467,0.200437857008467,0.20043785700846714,-1.3877787807814457e-16,0
JIVANWVLNGMSOX-UHFFFAOYSA-N,Metabolic Enzymes,1,Ki,1,1,1,-0.617640976736945,-0.617640976736945,-0.6176409767369445,-4.440892098500626e-16,0
JJOUBYOHNYJCOU-IBGZPJMESA-N,Metabolic Enzymes,1,IC50,1,1,1,0.354843087645052,0.354843087645052,0.3548430876450523,-2.7755575615628914e-16,0
JJOUBYOHNYJCOU-IBGZPJMESA-N,Phenotypic: Cancer and Cells,1,IC50,2,1,2,-0.392809360474856,-0.392809360474856,-0.39280936047485565,-3.3306690738754696e-16,0
JKEOWRFBUPMWAZ-AWEZNQCLSA-N,Phenotypic: Cancer and Cells,1,IC50,3,3,3,-1.28755567289965,-1.28755567289965,-1.2875556728996482,-1.7763568394002505e-15,0
JKVINBILQDMNEH-DQUNLGLBSA-N,Infectious Diseases,2,IC50;Ki,2,2,2,0.22457885312804224,0.22457885312804224,0.22457885312804204,1.942890293094024e-16,0
JLTNCZQNGBLBGO-MOPGFXCFSA-N,Phenotypic: Cancer and Cells,1,IC50,1,1,1,3.37597056155685,3.37597056155685,3.375970561556846,3.9968028886505635e-15,0
JOQWUUJQWPZLAT-UHFFFAOYSA-N,Cell Signaling and Survival,1,IC50,1,1,1,-1.13827424886275,-1.13827424886275,-1.1382742488627458,-4.218847493575595e-15,0
JOQWUUJQWPZLAT-UHFFFAOYSA-N,Infectious Diseases,1,IC50,2,2,2,-1.05827478009703,-1.05827478009703,-1.058274780097028,-1.9984014443252818e-15,0
JOQWUUJQWPZLAT-UHFFFAOYSA-N,Phenotypic: Cancer and Cells,1,IC50,2,2,2,-1.06160963440854,-1.06160963440854,-1.061609634408539,-8.881784197001252e-16,0
JOWOJLYSOUYSCI-CMDGGOBGSA-N,Metabolic Enzymes,1,IC50,3,2,3,-1.07141279714148,-1.07141279714148,-1.071412797141483,3.1086244689504383e-15,0
JPIDUHLSGGDKPQ-UHFFFAOYSA-N,General Assays and Safety,1,IC50,1,1,1,-0.270045504971793,-0.270045504971793,-0.2700455049717929,-1.1102230246251565e-16,0
JQNMAEHFTQBROH-JXMROGBWSA-N,Cell Signaling and Survival,1,IC50,1,1,1,0.333312576561919,0.333312576561919,0.33331257656191876,2.220446049250313e-16,0
JQNMAEHFTQBROH-JXMROGBWSA-N,Phenotypic: Cancer and Cells,1,IC50,4,4,4,-0.121674114285526,-0.121674114285526,-0.12167411428552558,-4.3021142204224816e-16,0
JQNSUDIGIIGIOL-UHFFFAOYSA-N,Metabolic Enzymes,1,IC50,1,1,1,1.17919281921892,1.17919281921892,1.1791928192189214,-1.3322676295501878e-15,0
JRLDUAGSJUMVDP-UHFFFAOYSA-N,Phenotypic: Cancer and Cells,1,IC50,1,1,1,-0.221090371221613,-0.221090371221613,-0.22109037122161312,1.1102230246251565e-16,0
JRTNAZKQGYGUQE-SFHVURJKSA-N,Phenotypic: Cancer and Cells,1,IC50,1,1,1,-1.32370703905823,-1.32370703905823,-1.3237070390582266,-3.3306690738754696e-15,0
JRVIIPJSVKTPBK-UHFFFAOYSA-N,Phenotypic: Cancer and Cells,1,IC50,2,2,2,-0.83566359591743,-0.83566359591743,-0.8356635959174299,-1.1102230246251565e-16,0
JTWAOWXXBMXCGP-UHFFFAOYSA-N,Cell Signaling and Survival,1,IC50,2,1,2,-0.177102673697987,-0.177102673697987,-0.17710267369798735,3.608224830031759e-16,0
JTWAOWXXBMXCGP-UHFFFAOYSA-N,Metabolic Enzymes,1,IC50,1,1,1,-0.168553567322483,-0.168553567322483,-0.16855356732248297,-2.7755575615628914e-17,0
JUKXEUCJMRWMTL-ODOSRFNGSA-N,Phenotypic: Cancer and Cells,1,IC50,1,1,1,0.122347607284874,0.122347607284874,0.12234760728487358,4.163336342344337e-16,0
JUMSUVHHUVPSOY-RMKNXTFCSA-N,Infectious Diseases,1,IC50,2,2,2,0.928693025619502,0.928693025619502,0.9286930256195023,-3.3306690738754696e-16,0
JUMSUVHHUVPSOY-RMKNXTFCSA-N,Metabolic Enzymes,1,IC50,1,1,1,1.04834365547704,1.04834365547704,1.0483436554770378,2.220446049250313e-15,0
JUMSUVHHUVPSOY-RMKNXTFCSA-N,Phenotypic: Cancer and Cells,1,IC50,20,9,20,-0.487706696641122,-0.487706696641122,-0.487706696641122,0,0
JUZVHLGKYJTCKP-CMDGGOBGSA-N,Infectious Diseases,2,IC50;Ki,5,2,5,-1.1332995901435257,-1.1332995901435257,-1.3903757370209455,0.25707614687741986,0
JUZVHLGKYJTCKP-CMDGGOBGSA-N,Phenotypic: Cancer and Cells,1,EC50,1,1,1,0.0018945986309566,0.0018945986309566,0.0018945986309566018,-1.734723475976807e-18,0
JVBCTBWKMWXQQO-VWLOTQADSA-N,Neuroscience Targets,1,IC50,1,1,1,1.86348483090053,1.86348483090053,1.8634848309005327,-2.6645352591003757e-15,0
JVBWQMXKHDHBIZ-UHFFFAOYSA-N,Infectious Diseases,1,IC50,1,1,1,-0.905431102734218,-0.905431102734218,-0.905431102734218,0,0
JVGNTXGHBHMJDO-QHHAFSJGSA-N,Cell Signaling and Survival,1,IC50,1,1,1,-0.793578235700212,-0.793578235700212,-0.7935782357002118,-2.220446049250313e-16,0
JVGNTXGHBHMJDO-QHHAFSJGSA-N,Metabolic Enzymes,1,IC50,1,1,1,1.04834365547704,1.04834365547704,1.0483436554770378,2.220446049250313e-15,0
JWYULKXTGMJKKM-JKSUJKDBSA-N,Metabolic Enzymes,2,IC50;Ki,3,2,3,-1.131419089330115,-1.131419089330115,-1.1121664376037617,-0.019252651726353376,0
JXVOAHGNNBAJCD-ZENAZSQFSA-N,Metabolic Enzymes,1,IC50,1,1,1,2.35683529289588,2.35683529289588,2.3568352928958776,2.220446049250313e-15,0
JYEPVYNKUJFCHX-KDOFPFPSSA-N,Phenotypic: Cancer and Cells,1,IC50,1,1,1,-1.39600977137538,-1.39600977137538,-1.3960097713753816,1.5543122344752192e-15,0
JZCLWJAANXMNAY-JXFKEZNVSA-N,General Assays and Safety,1,IC50,1,1,1,0.0862767057848453,0.0862767057848453,0.08627670578484532,-2.7755575615628914e-17,0
JZJXKCZMGGESMI-AWEZNQCLSA-N,Infectious Diseases,1,IC50,1,1,1,-0.3480012205875,-0.3480012205875,-0.34800122058749955,-4.440892098500626e-16,0
JZJXKCZMGGESMI-AWEZNQCLSA-N,Phenotypic: Cancer and Cells,1,IC50,3,3,3,-0.98026906055174,-0.98026906055174,-0.9802690605517399,-1.1102230246251565e-16,0
KAZSKMJFUPEHHW-DHZHZOJOSA-N,Cell Signaling and Survival,1,IC50,1,1,1,-0.488654839441048,-0.488654839441048,-0.48865483944104754,-4.440892098500626e-16,0
KAZSKMJFUPEHHW-DHZHZOJOSA-N,Gene Regulation,1,IC50,1,1,1,-0.799905292599861,-0.799905292599861,-0.7999052925998605,-4.440892098500626e-16,0
KAZSKMJFUPEHHW-DHZHZOJOSA-N,General Assays and Safety,1,IC50,1,1,1,-1.19648325293905,-1.19648325293905,-1.1964832529390517,1.7763568394002505e-15,0
KAZSKMJFUPEHHW-DHZHZOJOSA-N,Infectious Diseases,1,IC50,21,5,21,0.551079234487854,0.551079234487854,0.5510792344878539,1.1102230246251565e-16,0
KAZSKMJFUPEHHW-DHZHZOJOSA-N,Inflammation and Proteolysis,1,IC50,2,2,2,-0.506394379402085,-0.506394379402085,-0.5063943794020845,-4.440892098500626e-16,0
KAZSKMJFUPEHHW-DHZHZOJOSA-N,Metabolic Enzymes,2,IC50;Ki,8,5,8,-0.829212009908433,-0.829212009908433,-0.43238943609842906,-0.39682257381000396,0
KAZSKMJFUPEHHW-DHZHZOJOSA-N,Phenotypic: Cancer and Cells,1,IC50,49,14,49,-0.311468786618056,-0.311468786618056,-0.3114687866180565,4.996003610813204e-16,0
KAZSKMJFUPEHHW-DHZHZOJOSA-N,Transporters and Ion Channels,1,IC50,30,4,30,-1.08926659121463,-1.08926659121463,-1.0892665912146307,6.661338147750939e-16,0
KBNCXSMEPKTSAW-QSVOBOOJSA-N,Infectious Diseases,1,IC50,1,1,1,0.748876934604432,0.748876934604432,0.7488769346044323,-2.220446049250313e-16,0
KDAHPBGYDUMHRL-QPEQYQDCSA-N,Phenotypic: Cancer and Cells,1,IC50,1,1,1,0.15849897344345,0.15849897344345,0.1584989734434503,-3.0531133177191805e-16,0
KDDIWXQFRQYXCG-UHFFFAOYSA-N,Metabolic Enzymes,1,IC50,1,1,1,-0.901308884277034,-0.901308884277034,-0.9013088842770339,-1.1102230246251565e-16,0
KDEQNCVCQDEWGJ-CCLHPLFOSA-N,Infectious Diseases,2,IC50;Ki,2,2,2,2.3332519741564353,2.3332519741564353,2.3332519741564366,-1.3322676295501878e-15,0
KDJZPCLLOPNECJ-UHFFFAOYSA-N,Infectious Diseases,1,IC50,3,2,3,-0.725615011719148,-0.725615011719148,-0.7256150117191481,1.1102230246251565e-16,0
KELZXQFUMCJJML-WEVVVXLNSA-N,Infectious Diseases,1,IC50,1,1,1,-1.13919202105381,-1.13919202105381,-1.1391920210538098,-2.220446049250313e-16,0
KEZLDSPIRVZOKZ-AUWJEWJLSA-N,Metabolic Enzymes,2,IC50;Ki,8,7,8,0.26030601046176505,0.26030601046176505,-0.3793835605914812,0.6396895710532462,0
KEZLDSPIRVZOKZ-AUWJEWJLSA-N,Neuroscience Targets,1,Ki,1,1,1,2.15033798120266,2.15033798120266,2.15033798120266,0,0
KEZLDSPIRVZOKZ-AUWJEWJLSA-N,Phenotypic: Cancer and Cells,1,IC50,4,2,4,0.944791187392511,0.944791187392511,0.9447911873925112,-2.220446049250313e-16,0
KFGFEKHSEPSVNO-AWEZNQCLSA-N,Infectious Diseases,1,IC50,1,1,1,-1.58873224859149,-1.58873224859149,-1.5887322485914865,-3.552713678800501e-15,0
KFGFEKHSEPSVNO-UHFFFAOYSA-N,Infectious Diseases,1,IC50,1,1,1,-1.71460351230204,-1.71460351230204,-1.7146035123020364,-3.552713678800501e-15,0
KGOOVUKZICPAIZ-FRKPEAEDSA-N,Cell Signaling and Survival,1,IC50,3,3,3,0.147707031012862,0.147707031012862,0.14770703101286228,-2.7755575615628914e-16,0
KGOOVUKZICPAIZ-FRKPEAEDSA-N,Phenotypic: Cancer and Cells,1,IC50,1,1,1,1.35149405667651,1.35149405667651,1.3514940566765072,2.6645352591003757e-15,0
KIMDVVKVNNSHGZ-UHFFFAOYSA-N,Infectious Diseases,1,IC50,1,1,1,0.712913716401417,0.712913716401417,0.7129137164014173,-3.3306690738754696e-16,0
KIMDVVKVNNSHGZ-UHFFFAOYSA-N,Phenotypic: Cancer and Cells,1,IC50,3,1,3,-0.600679715886677,-0.600679715886677,-0.6006797158866766,-4.440892098500626e-16,0
KIUJXFHVPMFXEJ-UHFFFAOYSA-N,Metabolic Enzymes,1,IC50,1,1,1,-0.862054135154468,-0.862054135154468,-0.8620541351544684,3.3306690738754696e-16,0
KJDKNNNKRLAENJ-UHFFFAOYSA-N,Inflammation and Proteolysis,1,IC50,1,1,1,-0.586683167792439,-0.586683167792439,-0.5866831677924387,-3.3306690738754696e-16,0
KJGPBYUQZLUKLL-UHFFFAOYSA-N,Infectious Diseases,1,IC50,1,1,1,-1.64267707589601,-1.64267707589601,-1.642677075896008,-1.9984014443252818e-15,0
KJOUKFLQGCLIOG-UHFFFAOYSA-N,Gene Regulation,1,IC50,1,1,1,2.27353923173819,2.27353923173819,2.2735392317381864,3.552713678800501e-15,0
KJXSIXMJHKAJOD-HUUCEWRRSA-N,Infectious Diseases,1,IC50,2,2,2,-1.36396213482265,-1.36396213482265,-1.363962134822648,-1.9984014443252818e-15,0
KJXSIXMJHKAJOD-HUUCEWRRSA-N,Inflammation and Proteolysis,1,IC50,5,5,5,-0.166711043904429,-0.166711043904429,-0.1667110439044294,3.885780586188048e-16,0
KJXSIXMJHKAJOD-LSDHHAIUSA-N,Cell Signaling and Survival,1,IC50,1,1,1,0.545433200046555,0.545433200046555,0.5454332000465554,-3.3306690738754696e-16,0
KJXSIXMJHKAJOD-LSDHHAIUSA-N,Infectious Diseases,2,EC50;IC50,6,3,6,-0.37056811058273,-0.37056811058273,-0.44695998972468615,0.07639187914195616,0
KJXSIXMJHKAJOD-LSDHHAIUSA-N,Neuroscience Targets,1,IC50,1,1,1,-0.183626420670612,-0.183626420670612,-0.1836264206706121,1.1102230246251565e-16,0
KJXSIXMJHKAJOD-LSDHHAIUSA-N,Phenotypic: Cancer and Cells,1,IC50,1,1,1,-0.618755398965965,-0.618755398965965,-0.6187553989659649,-1.1102230246251565e-16,0
KKCLNMWDNUQXPP-LLVKDONJSA-N,Phenotypic: Cancer and Cells,1,IC50,2,1,2,-1.3598584052168,-1.3598584052168,-1.3598584052168032,3.3306690738754696e-15,0
KKFAKKIIFUFASS-UHFFFAOYSA-N,Cell Signaling and Survival,1,IC50,2,1,2,0.890129213209089,0.890129213209089,0.8901292132090892,-2.220446049250313e-16,0
KKFAKKIIFUFASS-UHFFFAOYSA-N,Phenotypic: Cancer and Cells,1,IC50,4,4,4,0.67365594120318,0.67365594120318,0.6736559412031795,4.440892098500626e-16,0
KKTYCZKXENFEJP-CMDGGOBGSA-N,Phenotypic: Cancer and Cells,1,IC50,8,8,8,0.30310443807776,0.30310443807776,0.30310443807776033,-3.3306690738754696e-16,0
KMJPKUVSXFVQGZ-WQLSNUALSA-N,Infectious Diseases,1,IC50,1,1,1,0.20942866155922,0.20942866155922,0.2094286615592205,-4.996003610813204e-16,0
KMTVRFNKQCNYOQ-UHFFFAOYSA-N,Phenotypic: Cancer and Cells,1,IC50,1,1,1,1.53225088746939,1.53225088746939,1.5322508874693939,-3.774758283725532e-15,0
KNJNBKINYHZUGC-UHFFFAOYSA-N,Gene Regulation,1,EC50,3,3,3,-1.44537934685349,-1.44537934685349,-1.4453793468534875,-2.4424906541753444e-15,0
KOAAZLIOOBKJEK-UHFFFAOYSA-N,Phenotypic: Cancer and Cells,1,IC50,11,6,11,4.02669515241124,4.02669515241124,4.026695152411239,8.881784197001252e-16,0
KOWOOXVTWKELMT-RQDFUGDESA-N,Gene Regulation,1,IC50,1,1,1,-1.42830473066154,-1.42830473066154,-1.4283047306615437,3.774758283725532e-15,0
KOXRJHMEFYNYME-JLTOFOAXSA-N,Infectious Diseases,1,IC50,1,1,1,-0.258093175079965,-0.258093175079965,-0.25809317507996454,-4.440892098500626e-16,0
KQLMUJOKBRYEHR-UHFFFAOYSA-N,Phenotypic: Cancer and Cells,1,IC50,1,1,1,0.0861962411262953,0.0861962411262953,0.08619624112629527,2.7755575615628914e-17,0
KQMVAGISDHMXJJ-UHFFFAOYSA-N,Infectious Diseases,1,IC50,1,1,1,-0.52781731160257,-0.52781731160257,-0.5278173116025696,-3.3306690738754696e-16,0
KQMVAGISDHMXJJ-UHFFFAOYSA-N,Inflammation and Proteolysis,1,IC50,1,1,1,-0.092598316159486,-0.092598316159486,-0.09259831615948595,-4.163336342344337e-17,0
KQMVAGISDHMXJJ-UHFFFAOYSA-N,Metabolic Enzymes,1,Ki,1,1,1,1.19474682837041,1.19474682837041,1.194746828370412,-1.9984014443252818e-15,0
KQNGHARGJDXHKF-UHFFFAOYSA-N,Phenotypic: Cancer and Cells,1,IC50,1,1,1,-1.21525294058249,-1.21525294058249,-1.2152529405824932,3.3306690738754696e-15,0
KQOZBCGTGONGDN-UJVMDJEKSA-N,Infectious Diseases,2,IC50;Ki,2,2,2,2.5760036970267803,2.5760036970267803,2.5760036970267817,-1.3322676295501878e-15,0
KRJPWSDKKBLTLE-UHFFFAOYSA-N,Phenotypic: Cancer and Cells,1,EC50,1,1,1,-0.603039599535575,-0.603039599535575,-0.6030395995355752,2.220446049250313e-16,0
KSBALECVCJXYHU-IBGZPJMESA-N,Infectious Diseases,1,IC50,1,1,1,0.982637852924024,0.982637852924024,0.982637852924024,0,0
KSFWNDOCIUMRTJ-PXNSSMCTSA-N,General Assays and Safety,1,IC50,2,1,2,0.898691346309981,0.898691346309981,0.8986913463099809,1.1102230246251565e-16,0
KTAQQSUPNZAWEY-OSPHWJPCSA-N,Neuroscience Targets,2,IC50;Ki,2,2,2,0.06978884226266799,0.06978884226266799,0.06978884226266777,2.220446049250313e-16,0
KTAQQSUPNZAWEY-OSPHWJPCSA-N,Phenotypic: Cancer and Cells,1,IC50,1,1,1,0.0500448749677186,0.0500448749677186,0.050044874967718575,2.7755575615628914e-17,0
KTLUHRSHFRODPS-RIQPQZJCSA-N,Cell Signaling and Survival,1,IC50,1,1,1,0.412857810368658,0.412857810368658,0.41285781036865804,-5.551115123125783e-17,0
KTLUHRSHFRODPS-RIQPQZJCSA-N,Infectious Diseases,1,EC50,1,1,1,-0.182983955740103,-0.182983955740103,-0.18298395574010315,1.3877787807814457e-16,0
KTLUHRSHFRODPS-RIQPQZJCSA-N,Metabolic Enzymes,1,IC50,1,1,1,1.40163639758012,1.40163639758012,1.401636397580124,-3.9968028886505635e-15,0
KUBUHOMBTJDYAN-FUQZIJMVSA-N,Phenotypic: Cancer and Cells,1,IC50,3,1,3,0.0861962411262953,0.0861962411262953,0.08619624112629527,2.7755575615628914e-17,0
KUWGTESSHWPSOB-UHFFFAOYSA-N,Cell Signaling and Survival,1,IC50,1,1,1,1.36740061604952,1.36740061604952,1.3674006160495216,-1.5543122344752192e-15,0
KVLODOJZOXFBNP-PVKHHADTSA-N,Phenotypic: Cancer and Cells,1,IC50,1,1,1,0.465785585791359,0.465785585791359,0.4657855857913587,2.7755575615628914e-16,0
KVQIUXZAWIOQHC-UHFFFAOYSA-N,Neuroscience Targets,1,IC50,2,2,2,0.740070119672466,0.740070119672466,0.7400701196724662,-1.1102230246251565e-16,0
KWSGAQMDMOUWHH-GPTJOGTASA-N,Infectious Diseases,2,IC50;Ki,2,2,2,0.2842529746673343,0.2842529746673343,0.28425297466733424,5.551115123125783e-17,0
KWSGAQMDMOUWHH-GPTJOGTASA-N,Inflammation and Proteolysis,1,IC50,1,1,1,-0.895486200063034,-0.895486200063034,-0.8954862000630338,-2.220446049250313e-16,0
KWZLIQOQDYHGPK-UHFFFAOYSA-N,Phenotypic: Cancer and Cells,1,EC50,1,1,1,-0.551773989521463,-0.551773989521463,-0.5517739895214625,-4.440892098500626e-16,0
KXRUALBXWXRUTD-MDZDMXLPSA-N,Inflammation and Proteolysis,1,IC50,1,1,1,-0.660795895537382,-0.660795895537382,-0.660795895537382,0,0
KYFBXCHUXFKMGQ-IBGZPJMESA-N,Metabolic Enzymes,1,IC50,1,1,1,-0.469506643928817,-0.469506643928817,-0.4695066439288167,-3.3306690738754696e-16,0
KYFBXCHUXFKMGQ-IBGZPJMESA-N,Phenotypic: Cancer and Cells,1,IC50,1,1,1,-0.907966328234585,-0.907966328234585,-0.9079663282345849,-1.1102230246251565e-16,0
KYFBXCHUXFKMGQ-IBGZPJMESA-N,Transporters and Ion Channels,1,IC50,2,2,2,1.21961526783563,1.21961526783563,1.2196152678356298,2.220446049250313e-16,0
KYFBXCHUXFKMGQ-UHFFFAOYSA-N,Transporters and Ion Channels,1,IC50,3,2,3,1.11129735346043,1.11129735346043,1.1112973534604327,-2.6645352591003757e-15,0
KYGKFGJZDFSTOO-HNKXTRRSSA-N,General Assays and Safety,1,IC50,1,1,1,-1.08246014549693,-1.08246014549693,-1.0824601454969272,-2.886579864025407e-15,0
KYGXFLIBLYFPAZ-HRRASNIPSA-N,Cell Signaling and Survival,1,IC50,1,1,1,-0.488654839441048,-0.488654839441048,-0.48865483944104754,-4.440892098500626e-16,0
KYQZWONCHDNPDP-QNDFHXLGSA-N,Cell Signaling and Survival,1,Kd,1,1,1,-0.488861333560603,-0.488861333560603,-0.4888613335606029,-1.1102230246251565e-16,0
KYQZWONCHDNPDP-QNDFHXLGSA-N,General Assays and Safety,1,IC50,1,1,1,2.76581973067476,2.76581973067476,2.7658197306747647,-4.884981308350689e-15,0
KYQZWONCHDNPDP-QNDFHXLGSA-N,Metabolic Enzymes,1,IC50,5,3,5,0.197824091154791,0.197824091154791,0.19782409115479138,-3.885780586188048e-16,0
KYQZWONCHDNPDP-QNDFHXLGSA-N,Phenotypic: Cancer and Cells,1,IC50,1,1,1,-1.12487452518605,-1.12487452518605,-1.12487452518605,0,0
KYQZWONCHDNPDP-QNDFHXLGSA-N,Transporters and Ion Channels,1,IC50,1,1,1,-0.370947790621216,-0.370947790621216,-0.37094779062121647,4.440892098500626e-16,0
KZNAGLGLKRUIPD-AWEZNQCLSA-N,Phenotypic: Cancer and Cells,1,IC50,1,1,1,-1.25140430674107,-1.25140430674107,-1.2514043067410716,1.5543122344752192e-15,0
KZQCCKUDYVSOLC-YMTXFHFDSA-N,Phenotypic: Cancer and Cells,1,IC50,1,1,1,-0.365695835855923,-0.365695835855923,-0.36569583585592313,1.1102230246251565e-16,0
LAQLCZKPJGMFRM-BJKOFHAPSA-N,Cell Signaling and Survival,1,IC50,1,1,1,-1.28410717750843,-1.28410717750843,-1.2841071775084336,3.552713678800501e-15,0
LBQIJVLKGVZRIW-ZDUSSCGKSA-N,Cell Signaling and Survival,2,AC50;IC50,4,2,3,-0.593490550075517,-0.593490550075517,-0.8062234741140769,0.21273292403855992,0
LBQIJVLKGVZRIW-ZDUSSCGKSA-N,General Assays and Safety,1,AC50,1,1,1,-0.0716049124154164,-0.0716049124154164,-0.07160491241541643,2.7755575615628914e-17,0
LBQIJVLKGVZRIW-ZDUSSCGKSA-N,Metabolic Enzymes,2,IC50;Ki,3,3,3,1.0964241454306378,1.0964241454306378,1.5274652915642077,-0.4310411461335699,0
LBQIJVLKGVZRIW-ZDUSSCGKSA-N,Neuroscience Targets,1,IC50,1,1,1,0.315669006541863,0.315669006541863,0.31566900654186325,-2.7755575615628914e-16,0
LBQIJVLKGVZRIW-ZDUSSCGKSA-N,Phenotypic: Cancer and Cells,1,IC50,1,1,1,-0.293393103538768,-0.293393103538768,-0.29339310353876813,1.1102230246251565e-16,0
LDKAMVCGTURXMH-CPJSRVTESA-N,General Assays and Safety,1,IC50,2,1,2,0.45685180497175,0.45685180497175,0.45685180497175004,-5.551115123125783e-17,0
LDKAMVCGTURXMH-CPJSRVTESA-N,Infectious Diseases,2,IC50;Ki,2,2,2,0.5291501695059311,0.5291501695059311,0.5291501695059311,0,0
LEFFXTVNSKTXIC-VIZOYTHASA-N,Metabolic Enzymes,2,IC50;Ki,2,2,2,-1.35929107902741,-1.35929107902741,-1.3592910790274093,-6.661338147750939e-16,0
LGLLDPCJEPLYCU-UHFFFAOYSA-N,General Assays and Safety,1,IC50,1,1,1,-0.512344608286307,-0.512344608286307,-0.5123446082863068,-2.220446049250313e-16,0
LGPCDNFADMBMDD-UHFFFAOYSA-N,Infectious Diseases,1,IC50,2,2,2,-1.53478742128697,-1.53478742128697,-1.5347874212869663,-3.774758283725532e-15,0
LGPCDNFADMBMDD-UHFFFAOYSA-N,Phenotypic: Cancer and Cells,1,IC50,1,1,1,-1.32370703905823,-1.32370703905823,-1.3237070390582266,-3.3306690738754696e-15,0
LGXFONKKRCFJMJ-NAVGAYGYSA-N,Inflammation and Proteolysis,1,IC50,2,2,2,0.28414138321064,0.28414138321064,0.2841413832106398,1.6653345369377348e-16,0
LHLLBACWHOWRGG-HWKANZROSA-N,Inflammation and Proteolysis,1,IC50,1,1,1,1.19202229808619,1.19202229808619,1.1920222980861888,1.3322676295501878e-15,0
LHLLBACWHOWRGG-HWKANZROSA-N,Phenotypic: Cancer and Cells,1,IC50,6,5,6,-0.293393103538768,-0.293393103538768,-0.29339310353876813,1.1102230246251565e-16,0
LHPRYOJTASOZGJ-UHFFFAOYSA-N,Cell Signaling and Survival,1,AC50,1,1,1,0.00903358612894703,0.00903358612894703,0.00903358612894703,0,0
LHPRYOJTASOZGJ-UHFFFAOYSA-N,General Assays and Safety,1,EC50,1,1,1,-0.16968903329946,-0.16968903329946,-0.1696890332994604,3.885780586188048e-16,0
LHPRYOJTASOZGJ-UHFFFAOYSA-N,Inflammation and Proteolysis,1,IC50,2,2,2,0.518831687736292,0.518831687736292,0.5188316877362915,4.440892098500626e-16,0
LHPRYOJTASOZGJ-UHFFFAOYSA-N,Metabolic Enzymes,1,IC50,3,3,3,0.197824091154791,0.197824091154791,0.19782409115479138,-3.885780586188048e-16,0
LHPRYOJTASOZGJ-UHFFFAOYSA-N,Phenotypic: Cancer and Cells,1,IC50,1,1,1,-1.25140430674107,-1.25140430674107,-1.2514043067410716,1.5543122344752192e-15,0
LKCOZWLUAKSRQM-IBUUURQNSA-N,General Assays and Safety,1,IC50,1,1,1,-0.184528174390199,-0.184528174390199,-0.18452817439019903,2.7755575615628914e-17,0
LKCOZWLUAKSRQM-UMAWSMADSA-N,General Assays and Safety,1,IC50,1,1,1,0.186046924796704,0.186046924796704,0.18604692479670443,-4.163336342344337e-16,0
LKFQSODZCVNSSG-UHFFFAOYSA-N,Cell Signaling and Survival,1,IC50,1,1,1,-0.621230229118945,-0.621230229118945,-0.6212302291189448,-2.220446049250313e-16,0
LKFQSODZCVNSSG-UHFFFAOYSA-N,Phenotypic: Cancer and Cells,1,IC50,3,3,3,0.971904712011444,0.971904712011444,0.9719047120114438,2.220446049250313e-16,0
LKKMBXHWLZIZLK-LDEBPVJWSA-N,Inflammation and Proteolysis,2,IC50;Ki,2,2,2,-0.050790521550323,-0.050790521550323,-0.050790521550322903,-9.71445146547012e-17,0
LKNPFZQVNZFLIC-VQHVLOKHSA-N,Inflammation and Proteolysis,1,IC50,2,1,2,-0.185239225840665,-0.185239225840665,-0.1852392258406647,-2.7755575615628914e-16,0
LKNPFZQVNZFLIC-VQHVLOKHSA-N,Metabolic Enzymes,1,IC50,1,1,1,-1.2807714591285,-1.2807714591285,-1.2807714591284975,-2.4424906541753444e-15,0
LKRGIWICIRPKIL-UHFFFAOYSA-N,Cell Signaling and Survival,1,IC50,1,1,1,-0.91289608641032,-0.91289608641032,-0.9128960864103196,-4.440892098500626e-16,0
LKRGIWICIRPKIL-UHFFFAOYSA-N,Phenotypic: Cancer and Cells,1,IC50,1,1,1,-0.962193377472452,-0.962193377472452,-0.9621933774724516,-4.440892098500626e-16,0
LMCHYXAZXISBOS-UHFFFAOYSA-N,Phenotypic: Cancer and Cells,1,IC50,5,5,5,0.809223564297845,0.809223564297845,0.8092235642978454,-3.3306690738754696e-16,0
LNEYYODFMSUKGY-UXBLZVDNSA-N,General Assays and Safety,1,IC50,1,1,1,-1.43878235625357,-1.43878235625357,-1.4387823562535655,-4.440892098500626e-15,0
LNEYYODFMSUKGY-UXBLZVDNSA-N,Infectious Diseases,1,IC50,4,3,4,0.470161993531072,0.470161993531072,0.47016199353107224,-2.220446049250313e-16,0
LNIQZRIHAMVRJA-UHFFFAOYSA-N,Metabolic Enzymes,1,IC50,1,1,1,-0.404082062057875,-0.404082062057875,-0.40408206205787495,-5.551115123125783e-17,0
LNYJPSJEXBTRPO-UHFFFAOYSA-N,Inflammation and Proteolysis,1,IC50,1,1,1,-0.52492256133832,-0.52492256133832,-0.5249225613383198,-2.220446049250313e-16,0
LOFJXYSYEDFQAI-UHFFFAOYSA-N,Phenotypic: Cancer and Cells,1,IC50,1,1,1,0.791147881218555,0.791147881218555,0.7911478812185554,-4.440892098500626e-16,0
LOYXTWZXLWHMBX-VOTSOKGWSA-N,Transporters and Ion Channels,2,IC50;Kd,3,3,3,-0.139746069034266,-0.139746069034266,-0.35173562396042507,0.21198955492615906,0
LPEPZZAVFJPLNZ-SFHVURJKSA-N,Gene Regulation,1,EC50,3,2,3,2.1295319145873,2.1295319145873,2.1295319145872966,3.552713678800501e-15,0
LPEPZZAVFJPLNZ-SFHVURJKSA-N,Infectious Diseases,1,IC50,1,1,1,0.317318316168262,0.317318316168262,0.3173183161682622,-2.220446049250313e-16,0
LPEPZZAVFJPLNZ-SFHVURJKSA-N,Metabolic Enzymes,1,IC50,3,3,3,1.04834365547704,1.04834365547704,1.0483436554770378,2.220446049250313e-15,0
LPEPZZAVFJPLNZ-SFHVURJKSA-N,Phenotypic: Cancer and Cells,1,IC50,1,1,1,-0.203014688142325,-0.203014688142325,-0.20301468814232476,-2.498001805406602e-16,0
LPEPZZAVFJPLNZ-SFHVURJKSA-N,Transporters and Ion Channels,1,IC50,3,3,3,0.894661524710037,0.894661524710037,0.8946615247100375,-4.440892098500626e-16,0
LPEPZZAVFJPLNZ-UHFFFAOYSA-N,Gene Regulation,1,IC50,2,2,2,2.11929573330486,2.11929573330486,2.1192957333048645,-4.440892098500626e-15,0
LPEPZZAVFJPLNZ-UHFFFAOYSA-N,General Assays and Safety,1,EC50,1,1,1,-1.79804316306364,-1.79804316306364,-1.7980431630636362,-3.774758283725532e-15,0
LPEPZZAVFJPLNZ-UHFFFAOYSA-N,Metabolic Enzymes,1,IC50,2,2,2,-0.979818382522164,-0.979818382522164,-0.9798183825221638,-2.220446049250313e-16,0
LPEPZZAVFJPLNZ-UHFFFAOYSA-N,Phenotypic: Cancer and Cells,1,IC50,3,1,3,-0.456074251252367,-0.456074251252367,-0.4560742512523665,-4.996003610813204e-16,0
LPRJKEYEZOKENY-KBYRMXMQSA-N,Phenotypic: Cancer and Cells,1,IC50,1,1,1,-0.98026906055174,-0.98026906055174,-0.9802690605517399,-1.1102230246251565e-16,0
LQHGGFQNRNEFIG-UHFFFAOYSA-N,Infectious Diseases,2,EC50;IC50,2,2,2,0.22258683192081302,0.22258683192081302,0.22258683192081327,-2.498001805406602e-16,0
LQHGGFQNRNEFIG-UHFFFAOYSA-N,Phenotypic: Cancer and Cells,2,EC50;IC50,6,6,6,0.4988989360846005,0.4988989360846005,0.8985893077391763,-0.3996903716545758,0
LQRHGTVFFPMWCG-BDHPMLJSSA-N,General Assays and Safety,1,IC50,1,1,1,-0.996942814915335,-0.996942814915335,-0.9969428149153347,-3.3306690738754696e-16,0
LQRHGTVFFPMWCG-VCFSXNJSSA-N,General Assays and Safety,1,IC50,1,1,1,-0.982689926485069,-0.982689926485069,-0.9826899264850694,3.3306690738754696e-16,0
LQXKAIKFJZYCKC-AWEZNQCLSA-N,Infectious Diseases,2,EC50;IC50,2,2,2,-0.6546731581901271,-0.6546731581901271,-0.6546731581901268,-2.220446049250313e-16,0
LQXKAIKFJZYCKC-AWEZNQCLSA-N,Metabolic Enzymes,1,IC50,1,1,1,-0.770459720535149,-0.770459720535149,-0.7704597205351492,2.220446049250313e-16,0
LRSMBOSQWGHYCW-MDGZPELGSA-N,Cell Signaling and Survival,2,AC50;IC50,2,2,2,0.4110298195401805,0.4110298195401805,0.4110298195401806,-1.1102230246251565e-16,0
LRSMBOSQWGHYCW-MDGZPELGSA-N,General Assays and Safety,2,AC50;IC50,2,2,2,0.11465736521846903,0.11465736521846903,0.11465736521847031,-1.27675647831893e-15,0
LRSMBOSQWGHYCW-MDGZPELGSA-N,Infectious Diseases,1,EC50,7,6,7,1.73022424308893,1.73022424308893,1.730224243088926,3.9968028886505635e-15,0
LRSMBOSQWGHYCW-MDGZPELGSA-N,Metabolic Enzymes,1,IC50,1,1,1,-0.417166978432063,-0.417166978432063,-0.4171669784320631,5.551115123125783e-17,0
LRSMBOSQWGHYCW-MDGZPELGSA-N,Phenotypic: Cancer and Cells,1,IC50,9,6,9,-0.293393103538768,-0.293393103538768,-0.29339310353876813,1.1102230246251565e-16,0
LSHVYAFMTMFKBA-CTNGQTDRSA-N,Cell Signaling and Survival,1,IC50,2,2,2,1.69221032076037,1.69221032076037,1.6922103207603711,-1.1102230246251565e-15,0
LSHVYAFMTMFKBA-CTNGQTDRSA-N,Gene Regulation,1,IC50,2,1,2,0.28551191859759,0.28551191859759,0.28551191859759034,-3.3306690738754696e-16,0
LSHVYAFMTMFKBA-CTNGQTDRSA-N,General Assays and Safety,1,IC50,3,1,3,0.0292651520637831,0.0292651520637831,0.029265152063783148,-4.85722573273506e-17,0
LSHVYAFMTMFKBA-CTNGQTDRSA-N,Infectious Diseases,2,IC50;Ki,11,8,11,1.3582139529201795,1.3582139529201795,1.677534575483849,-0.31932062256366955,0
LSHVYAFMTMFKBA-CTNGQTDRSA-N,Inflammation and Proteolysis,1,IC50,1,1,1,2.29136109296951,2.29136109296951,2.2913610929695083,1.7763568394002505e-15,0
LSHVYAFMTMFKBA-CTNGQTDRSA-N,Metabolic Enzymes,1,IC50,2,2,2,0.00809280372906014,0.00809280372906014,0.008092803729060143,-3.469446951953614e-18,0
LSHVYAFMTMFKBA-CTNGQTDRSA-N,Neuroscience Targets,1,IC50,2,2,2,-0.0920889256816575,-0.0920889256816575,-0.0920889256816575,0,0
LSHVYAFMTMFKBA-FPOVZHCZSA-N,Cell Signaling and Survival,1,IC50,1,1,1,1.30111292121057,1.30111292121057,1.301112921210573,-2.886579864025407e-15,0
LSHVYAFMTMFKBA-FPOVZHCZSA-N,Neuroscience Targets,2,IC50;Ki,4,3,4,0.5866419653278995,0.5866419653278995,0.7112051876080452,-0.12456322228014571,0
LSHVYAFMTMFKBA-PZJWPPBQSA-N,Cell Signaling and Survival,1,Ki,1,1,1,0.559644398791638,0.559644398791638,0.5596443987916375,4.440892098500626e-16,0
LSHVYAFMTMFKBA-PZJWPPBQSA-N,Infectious Diseases,1,IC50,1,1,1,1.80979187159335,1.80979187159335,1.8097918715933492,8.881784197001252e-16,0
LSHVYAFMTMFKBA-PZJWPPBQSA-N,Phenotypic: Cancer and Cells,1,IC50,1,1,1,-0.998344743631028,-0.998344743631028,-0.9983447436310283,3.3306690738754696e-16,0
LSHVYAFMTMFKBA-TZIWHRDSSA-N,Cell Signaling and Survival,2,IC50;Ki,6,5,6,0.6173479973576245,0.6173479973576245,0.6751312218886382,-0.0577832245310137,0
LSHVYAFMTMFKBA-TZIWHRDSSA-N,Gene Regulation,1,IC50,3,2,3,0.939618606398161,0.939618606398161,0.9396186063981607,2.220446049250313e-16,0
LSHVYAFMTMFKBA-TZIWHRDSSA-N,General Assays and Safety,1,IC50,9,4,9,-0.113263732238872,-0.113263732238872,-0.11326373223887164,-3.608224830031759e-16,0
LSHVYAFMTMFKBA-TZIWHRDSSA-N,Infectious Diseases,4,EC50;IC50;Kd;Ki,21,13,21,0.49318433475293555,0.2556454583257505,0.717090593811558,-0.2239062590586225,-0.23753887642718508
LSHVYAFMTMFKBA-TZIWHRDSSA-N,Inflammation and Proteolysis,1,IC50,3,3,3,2.40253018458692,2.40253018458692,2.4025301845869222,-2.220446049250313e-15,0
LSHVYAFMTMFKBA-TZIWHRDSSA-N,Metabolic Enzymes,1,IC50,3,2,3,0.364656774925694,0.364656774925694,0.364656774925694,0,0
LSHVYAFMTMFKBA-TZIWHRDSSA-N,Neuroscience Targets,2,IC50;Ki,4,4,4,-0.870647995701449,-0.870647995701449,-0.8706479957014508,1.7763568394002505e-15,0
LSHVYAFMTMFKBA-TZIWHRDSSA-N,Phenotypic: Cancer and Cells,1,IC50,2,2,2,-0.998344743631028,-0.998344743631028,-0.9983447436310283,3.3306690738754696e-16,0
LSHVYAFMTMFKBA-TZIWHRDSSA-N,Transporters and Ion Channels,2,IC50;Ki,6,5,5,0.229498943744256,0.229498943744256,0.20417894671924164,0.025319997025014362,0
LSHVYAFMTMFKBA-UHFFFAOYSA-N,Neuroscience Targets,1,IC50,1,1,1,-0.749494571511416,-0.749494571511416,-0.749494571511416,0,0
LTTQKYMNTNISSZ-KESSSICBSA-N,Gene Regulation,1,EC50,2,1,2,-0.54484806715491,-0.54484806715491,-0.5448480671549097,-2.220446049250313e-16,0
LTTQKYMNTNISSZ-KESSSICBSA-N,Infectious Diseases,2,IC50;Ki,2,2,2,-0.6429784301769185,-0.6429784301769185,-0.642978430176918,-4.440892098500626e-16,0
LTTQKYMNTNISSZ-KESSSICBSA-N,Inflammation and Proteolysis,1,IC50,1,1,1,1.43906472390267,1.43906472390267,1.4390647239026653,4.6629367034256575e-15,0
LTTQKYMNTNISSZ-KESSSICBSA-N,Metabolic Enzymes,1,IC50,2,2,2,-0.312487647438556,-0.312487647438556,-0.3124876474385558,-2.220446049250313e-16,0
LTTQKYMNTNISSZ-KESSSICBSA-N,Neuroscience Targets,2,IC50;Ki,2,2,2,0.45945892336259947,0.45945892336259947,0.4594589233625997,-2.220446049250313e-16,0
LTTQKYMNTNISSZ-KESSSICBSA-N,Phenotypic: Cancer and Cells,1,IC50,3,3,3,-0.329544469697345,-0.329544469697345,-0.3295444696973448,-2.220446049250313e-16,0
LTTQKYMNTNISSZ-KESSSICBSA-N,Transporters and Ion Channels,1,IC50,2,2,2,0.182043666978476,0.182043666978476,0.18204366697847577,2.220446049250313e-16,0
LTTQKYMNTNISSZ-MWTRTKDXSA-N,Neuroscience Targets,1,IC50,3,3,3,-0.64963548606892,-0.64963548606892,-0.6496354860689203,3.3306690738754696e-16,0
LUGJWTLKPPWJAI-VQHVLOKHSA-N,Cell Signaling and Survival,1,IC50,1,1,1,-0.356079449763149,-0.356079449763149,-0.35607944976314904,5.551115123125783e-17,0
LUGJWTLKPPWJAI-VQHVLOKHSA-N,Phenotypic: Cancer and Cells,1,IC50,2,2,2,1.08939665202682,1.08939665202682,1.0893966520268197,2.220446049250313e-16,0
LVJJFMLUMNSUFN-LAUBAEHRSA-N,Infectious Diseases,1,IC50,1,1,1,1.66593899878129,1.66593899878129,1.6659389987812925,-2.4424906541753444e-15,0
LVOMAAAYDYWLKU-UHFFFAOYSA-N,Phenotypic: Cancer and Cells,1,IC50,1,1,1,0.610391050425669,0.610391050425669,0.6103910504256687,3.3306690738754696e-16,0
LWESBHWAOZORCQ-UHFFFAOYSA-N,Metabolic Enzymes,2,IC50;Ki,2,2,2,0.3274053965183805,0.3274053965183805,0.3274053965183805,0,0
LWTDZKXXJRRKDG-KXBFYZLASA-N,General Assays and Safety,1,IC50,1,1,1,-0.0562521785178095,-0.0562521785178095,-0.05625217851780947,-2.7755575615628914e-17,0
LWTDZKXXJRRKDG-KXBFYZLASA-N,Infectious Diseases,2,IC50;Ki,3,3,3,-0.526389034083205,-0.526389034083205,-0.6557333251504608,0.12934429106725576,0
LWTDZKXXJRRKDG-UHFFFAOYSA-N,Metabolic Enzymes,1,IC50,1,1,1,0.0277201782903423,0.0277201782903423,0.027720178290342325,-2.42861286636753e-17,0
LWZACZCRAUQSLH-UHFFFAOYSA-N,Metabolic Enzymes,1,IC50,1,1,1,1.83343863792834,1.83343863792834,1.8334386379283412,-1.1102230246251565e-15,0
LWZACZCRAUQSLH-UHFFFAOYSA-N,Phenotypic: Cancer and Cells,1,IC50,1,1,1,-0.239166054300901,-0.239166054300901,-0.23916605430090146,4.718447854656915e-16,0
LYELQAFKYBUWAN-ONEGZZNKSA-N,General Assays and Safety,1,IC50,1,1,1,-1.02544859177587,-1.02544859177587,-1.0254485917758651,-4.884981308350689e-15,0
LYELQAFKYBUWAN-ONEGZZNKSA-N,Inflammation and Proteolysis,1,IC50,3,3,3,0.0803313819120469,0.0803313819120469,0.08033138191204695,-4.163336342344337e-17,0
LYPURLGLYLCBSU-VMPITWQZSA-N,Phenotypic: Cancer and Cells,1,IC50,1,1,1,1.42379678899366,1.42379678899366,1.4237967889936622,-2.220446049250313e-15,0
LYUYMCWIWGASRX-CMDGGOBGSA-N,Phenotypic: Cancer and Cells,1,IC50,1,1,1,1.13458585972504,1.13458585972504,1.1345858597250422,-2.220446049250313e-15,0
MACMAADVRVVHBD-VMPITWQZSA-N,Infectious Diseases,1,IC50,2,1,2,-1.2380908711121,-1.2380908711121,-1.2380908711120997,-2.220446049250313e-16,0
MACMAADVRVVHBD-VMPITWQZSA-N,Metabolic Enzymes,1,IC50,1,1,1,1.59791014319295,1.59791014319295,1.5979101431929503,-2.220446049250313e-16,0
MACMAADVRVVHBD-VMPITWQZSA-N,Neuroscience Targets,2,EC50;IC50,2,2,2,-0.5686052308051185,-0.5686052308051185,-0.5686052308051184,-1.1102230246251565e-16,0
MACMAADVRVVHBD-VMPITWQZSA-N,Phenotypic: Cancer and Cells,1,IC50,4,4,4,-1.10679884210676,-1.10679884210676,-1.1067988421067616,1.5543122344752192e-15,0
MBBVSWDIGPICDG-CMDBODPZSA-N,Phenotypic: Cancer and Cells,1,IC50,1,1,1,-0.618755398965965,-0.618755398965965,-0.6187553989659649,-1.1102230246251565e-16,0
MDMCODCJMHTFIZ-UHFFFAOYSA-N,Phenotypic: Cancer and Cells,1,IC50,1,1,1,0.321180121157049,0.321180121157049,0.32118012115704864,3.885780586188048e-16,0
MEJLVLSNRYLDSG-MDCVPAOJSA-N,Cell Signaling and Survival,1,IC50,1,1,1,0.174222108948441,0.174222108948441,0.17422210894844128,-2.7755575615628914e-16,0
MFQIWHVVFBCURA-ITSUVCJSSA-N,Infectious Diseases,1,IC50,1,1,1,-0.797541448125176,-0.797541448125176,-0.7975414481251764,3.3306690738754696e-16,0
MFQIWHVVFBCURA-KYSZGLPYSA-N,Infectious Diseases,1,IC50,1,1,1,-1.06726558464778,-1.06726558464778,-1.0672655846477814,1.3322676295501878e-15,0
MFZJQZIWPCJMCW-YRNVUSSQSA-N,Phenotypic: Cancer and Cells,1,IC50,1,1,1,0.266953071919184,0.266953071919184,0.2669530719191836,3.885780586188048e-16,0
MGJLSBDCWOSMHL-MIUGBVLSSA-N,Cell Signaling and Survival,1,Kd,2,2,2,1.0007438379537,1.0007438379537,1.0007438379537,0,0
MGJLSBDCWOSMHL-MIUGBVLSSA-N,Phenotypic: Cancer and Cells,1,IC50,1,1,1,-0.799512229758853,-0.799512229758853,-0.7995122297588532,1.1102230246251565e-16,0
MGSNGDMLFQANLV-MRXNPFEDSA-N,Cell Signaling and Survival,1,IC50,1,1,1,0.333312576561919,0.333312576561919,0.33331257656191876,2.220446049250313e-16,0
MGSNGDMLFQANLV-MRXNPFEDSA-N,Phenotypic: Cancer and Cells,1,IC50,3,3,3,0.59231536734638,0.59231536734638,0.5923153673463804,-3.3306690738754696e-16,0
MGYYQYIFNBTUAB-JQYHKRKISA-N,Phenotypic: Cancer and Cells,1,EC50,1,1,1,-0.480002135501704,-0.480002135501704,-0.4800021355017041,1.1102230246251565e-16,0
MHQGUSXLFCTZRO-CEUGJKJPSA-N,Infectious Diseases,1,IC50,1,1,1,-0.887449493632711,-0.887449493632711,-0.8874494936327113,3.3306690738754696e-16,0
MHYBVRYBSLBMGT-UHFFFAOYSA-N,Phenotypic: Cancer and Cells,1,IC50,1,1,1,0.122347607284874,0.122347607284874,0.12234760728487358,4.163336342344337e-16,0
MIYTVBARXCVVHZ-RYGJVYDSSA-N,Metabolic Enzymes,1,IC50,1,1,1,-1.11066754626405,-1.11066754626405,-1.1106675462640485,-1.5543122344752192e-15,0
MJBPUQUGJNAPAZ-AWEZNQCLSA-N,Metabolic Enzymes,1,IC50,1,1,1,-0.233978149193426,-0.233978149193426,-0.23397814919342588,-1.1102230246251565e-16,0
MJBPUQUGJNAPAZ-AWEZNQCLSA-N,Phenotypic: Cancer and Cells,2,EC50;IC50,2,2,2,0.09440279716632899,0.09440279716632899,0.0944027971663291,-1.1102230246251565e-16,0
MJJWBJFYYRAYKU-JGSKXVKLSA-N,Transporters and Ion Channels,1,IC50,2,2,2,-0.553377962200495,-0.553377962200495,-0.5533779622004954,4.440892098500626e-16,0
MJJWBJFYYRAYKU-OPKNDJPNSA-N,Cell Signaling and Survival,1,IC50,1,1,1,0.651493511788874,0.651493511788874,0.6514935117888736,4.440892098500626e-16,0
MJJWBJFYYRAYKU-OPKNDJPNSA-N,Phenotypic: Cancer and Cells,1,IC50,4,2,4,-0.600679715886677,-0.600679715886677,-0.6006797158866766,-4.440892098500626e-16,0
MJJWBJFYYRAYKU-WLKQUGLZSA-N,Metabolic Enzymes,1,IC50,1,1,1,-0.103128985451541,-0.103128985451541,-0.1031289854515412,1.942890293094024e-16,0
MJPLGHSVCRZIQU-UHFFFAOYSA-N,Infectious Diseases,1,EC50,2,1,2,0.482479765591734,0.482479765591734,0.4824797655917338,2.220446049250313e-16,0
MJPLGHSVCRZIQU-UHFFFAOYSA-N,Phenotypic: Cancer and Cells,1,IC50,1,1,1,-0.347620152776635,-0.347620152776635,-0.34762015277663477,-2.220446049250313e-16,0
MJPLGHSVCRZIQU-UHFFFAOYSA-N,Transporters and Ion Channels,1,IC50,3,2,3,-0.442209576394373,-0.442209576394373,-0.4422095763943726,-4.440892098500626e-16,0
MLWIYODOURBGPI-UHFFFAOYSA-N,Inflammation and Proteolysis,1,IC50,2,1,2,0.0865074425574587,0.0865074425574587,0.08650744255745871,-1.3877787807814457e-17,0
MLWIYODOURBGPI-UHFFFAOYSA-N,Phenotypic: Cancer and Cells,1,IC50,6,6,6,0.104271924205584,0.104271924205584,0.10427192420558364,3.608224830031759e-16,0
MLXUEMGNSDHQTJ-QHCPKHFHSA-N,General Assays and Safety,1,IC50,1,1,1,0.627886466134935,0.627886466134935,0.6278864661349353,-2.220446049250313e-16,0
MMANUYZNFICSMK-VWLOTQADSA-N,General Assays and Safety,1,IC50,1,1,1,0.399840251250688,0.399840251250688,0.3998402512506879,1.1102230246251565e-16,0
MMPVAPMCVABQPS-UHFFFAOYSA-N,General Assays and Safety,1,IC50,1,1,1,0.157541147936173,0.157541147936173,0.15754114793617272,2.7755575615628914e-16,0
MOESXQFGHNEYAH-RUDMXATFSA-N,Metabolic Enzymes,1,IC50,1,1,1,0.106229676535473,0.106229676535473,0.10622967653547337,-3.7470027081099033e-16,0
MOESXQFGHNEYAH-RUDMXATFSA-N,Phenotypic: Cancer and Cells,1,IC50,1,1,1,1.60455361978655,1.60455361978655,1.6045536197865489,1.1102230246251565e-15,0
MOJZMWJRUKIQGL-XILRTYJMSA-N,Cell Signaling and Survival,1,IC50,1,1,1,-0.91289608641032,-0.91289608641032,-0.9128960864103196,-4.440892098500626e-16,0
MOJZMWJRUKIQGL-XILRTYJMSA-N,General Assays and Safety,1,IC50,1,1,1,-0.270045504971793,-0.270045504971793,-0.2700455049717929,-1.1102230246251565e-16,0
MOJZMWJRUKIQGL-XILRTYJMSA-N,Inflammation and Proteolysis,1,IC50,5,4,5,-0.595947258760557,-0.595947258760557,-0.5959472587605569,-1.1102230246251565e-16,0
MPHUIXUWWQSYED-MRXNPFEDSA-N,Phenotypic: Cancer and Cells,1,IC50,1,1,1,-1.41408545445467,-1.41408545445467,-1.41408545445467,0,0
MQFSCAHSIUPLSB-UHFFFAOYSA-N,Phenotypic: Cancer and Cells,1,IC50,2,2,2,-0.871814962076008,-0.871814962076008,-0.8718149620760082,2.220446049250313e-16,0
MSPWKPQQHHCXLR-UHFFFAOYSA-N,Phenotypic: Cancer and Cells,1,IC50,1,1,1,0.30310443807776,0.30310443807776,0.30310443807776033,-3.3306690738754696e-16,0
MSTNVJDHQJXVFI-UHFFFAOYSA-N,Cell Signaling and Survival,1,IC50,1,1,1,-0.9394111643459,-0.9394111643459,-0.9394111643458998,-2.220446049250313e-16,0
MTCFYYIJIXJCPF-NFJBMHMQSA-N,Inflammation and Proteolysis,1,IC50,1,1,1,-1.16723286846116,-1.16723286846116,-1.1672328684611573,-2.6645352591003757e-15,0
MUYAUELJBWQNDH-UHFFFAOYSA-N,Infectious Diseases,1,IC50,1,1,1,0.317318316168262,0.317318316168262,0.3173183161682622,-2.220446049250313e-16,0
MUYAUELJBWQNDH-UHFFFAOYSA-N,Phenotypic: Cancer and Cells,1,IC50,1,1,1,-0.781436546679563,-0.781436546679563,-0.7814365466795632,2.220446049250313e-16,0
MVHAAGZZSATGDD-GOSISDBHSA-N,Gene Regulation,1,IC50,2,2,2,-1.18837039976527,-1.18837039976527,-1.188370399765265,-4.884981308350689e-15,0
MVHAAGZZSATGDD-GOSISDBHSA-N,Phenotypic: Cancer and Cells,1,IC50,1,1,1,-0.98026906055174,-0.98026906055174,-0.9802690605517399,-1.1102230246251565e-16,0
MVHAAGZZSATGDD-UHFFFAOYSA-N,Phenotypic: Cancer and Cells,1,IC50,1,1,1,-1.34178272213751,-1.34178272213751,-1.341782722137515,4.884981308350689e-15,0
MXEIKUWMKSYEII-DETITRACSA-N,Infectious Diseases,1,EC50,1,1,1,-1.07720083127976,-1.07720083127976,-1.0772008312797576,-2.4424906541753444e-15,0
MXEIKUWMKSYEII-DETITRACSA-N,Phenotypic: Cancer and Cells,1,IC50,1,1,1,-1.39600977137538,-1.39600977137538,-1.3960097713753816,1.5543122344752192e-15,0
MXKKFADFYXJREN-VCFSXNJSSA-N,General Assays and Safety,1,IC50,1,1,1,-0.441080166134979,-0.441080166134979,-0.4410801661349794,3.885780586188048e-16,0
MXRSYAGBZPTIHM-UHFFFAOYSA-N,Infectious Diseases,2,IC50;Ki,2,2,2,-1.47410108083221,-1.47410108083221,-1.4741010808322093,-6.661338147750939e-16,0
MYAHOBWCBIQQLV-UHFFFAOYSA-N,Gene Regulation,1,IC50,1,1,1,2.30781556472337,2.30781556472337,2.307815564723369,8.881784197001252e-16,0
MYAHOBWCBIQQLV-UHFFFAOYSA-N,Phenotypic: Cancer and Cells,1,EC50,1,1,1,0.17619767267894,0.17619767267894,0.1761976726789403,-3.0531133177191805e-16,0
MYKDNKGHXHALEF-SJIVMEQQSA-N,Cell Signaling and Survival,1,IC50,4,4,4,-0.0511560535039848,-0.0511560535039848,-0.05115605350398482,2.0816681711721685e-17,0
MYKDNKGHXHALEF-SJIVMEQQSA-N,Phenotypic: Cancer and Cells,1,IC50,1,1,1,0.501936951949937,0.501936951949937,0.501936951949937,0,0
MYOQMGSQVOTIII-LVXARBLLSA-N,General Assays and Safety,1,IC50,1,1,1,0.271564255378297,0.271564255378297,0.27156425537829704,-5.551115123125783e-17,0
MYQAATJJIDGOMQ-AYPBNUJASA-N,General Assays and Safety,1,IC50,1,1,1,0.371334474390156,0.371334474390156,0.37133447439015616,-1.6653345369377348e-16,0
MYQAATJJIDGOMQ-AYPBNUJASA-N,Phenotypic: Cancer and Cells,1,IC50,1,1,1,3.37597056155685,3.37597056155685,3.375970561556846,3.9968028886505635e-15,0
MZHFFPDKHDLFKQ-RMKNXTFCSA-N,Phenotypic: Cancer and Cells,1,IC50,1,1,1,-1.45023682061325,-1.45023682061325,-1.4502368206132468,-3.3306690738754696e-15,0
NCHZAFAGBAEJJJ-BAYITLGHSA-N,General Assays and Safety,1,IC50,1,1,1,1.25501355706662,1.25501355706662,1.2550135570666192,8.881784197001252e-16,0
NCHZAFAGBAEJJJ-BAYITLGHSA-N,Infectious Diseases,3,IC50;Kd;Ki,5,4,5,-0.449907944149021,-0.460478410674112,-0.20775123278753313,-0.2421567113614879,-0.010570466525090971
NCHZAFAGBAEJJJ-BAYITLGHSA-N,Inflammation and Proteolysis,1,IC50,4,4,4,0.345901989664759,0.345901989664759,0.3459019896647586,3.885780586188048e-16,0
NCHZAFAGBAEJJJ-BAYITLGHSA-N,Phenotypic: Cancer and Cells,1,IC50,1,1,1,-0.221090371221613,-0.221090371221613,-0.22109037122161312,1.1102230246251565e-16,0
NCRSCUAICIRLHP-DRGXBFSJSA-N,Cell Signaling and Survival,1,IC50,1,1,1,-0.554942534279996,-0.554942534279996,-0.5549425342799962,2.220446049250313e-16,0
NCWLTPKGFNPAMP-UHFFFAOYSA-N,Inflammation and Proteolysis,1,IC50,1,1,1,-0.537274682629143,-0.537274682629143,-0.5372746826291434,3.3306690738754696e-16,0
NCWLTPKGFNPAMP-UHFFFAOYSA-N,Neuroscience Targets,1,IC50,1,1,1,0.415528091984357,0.415528091984357,0.4155280919843574,-4.440892098500626e-16,0
NEIURIYDQMKXIG-QHCPKHFHSA-N,Cell Signaling and Survival,1,IC50,1,1,1,0.28028242069076,0.28028242069076,0.2802824206907596,3.885780586188048e-16,0
NFPQQYQGNDMPGF-UHFFFAOYSA-N,Metabolic Enzymes,2,IC50;Ki,2,2,2,0.8687592892479835,0.8687592892479835,0.8687592892479854,-1.887379141862766e-15,0
NGGYSPUAKQMTNP-UHFFFAOYSA-N,Metabolic Enzymes,1,IC50,1,1,1,-0.103128985451541,-0.103128985451541,-0.1031289854515412,1.942890293094024e-16,0
NGGYSPUAKQMTNP-UHFFFAOYSA-N,Phenotypic: Cancer and Cells,1,IC50,1,1,1,0.339255804236337,0.339255804236337,0.339255804236337,0,0
NGQVFILFHVPLFE-UHFFFAOYSA-N,Cell Signaling and Survival,1,IC50,1,1,1,1.10224983669373,1.10224983669373,1.102249836693726,3.9968028886505635e-15,0
NGQVFILFHVPLFE-UHFFFAOYSA-N,Phenotypic: Cancer and Cells,1,IC50,5,5,5,2.56256482298885,2.56256482298885,2.5625648229888522,-2.220446049250313e-15,0
NGWYJYHAFLMHNW-UHFFFAOYSA-N,Metabolic Enzymes,1,Ki,1,1,1,0.504870179974709,0.504870179974709,0.5048701799747086,3.3306690738754696e-16,0
NIJHLDLKJBWHOF-UHFFFAOYSA-N,Phenotypic: Cancer and Cells,1,IC50,1,1,1,-0.203014688142325,-0.203014688142325,-0.20301468814232476,-2.498001805406602e-16,0
NIZFPXZQERMCLE-KVFWHIKKSA-N,Metabolic Enzymes,1,IC50,1,1,1,1.37546656483175,1.37546656483175,1.3754665648317477,2.220446049250313e-15,0
NJHJXXLBWQXMRO-CZUORRHYSA-N,Metabolic Enzymes,1,IC50,1,1,1,-0.129298818199919,-0.129298818199919,-0.1292988181999186,-4.163336342344337e-16,0
NJIYMLLTXNGJHV-REZTVBANSA-N,General Assays and Safety,1,IC50,1,1,1,-1.23924191822985,-1.23924191822985,-1.2392419182298484,-1.5543122344752192e-15,0
NKPORGOKKIBGPG-LSDHHAIUSA-N,Metabolic Enzymes,1,IC50,1,1,1,2.42225987476682,2.42225987476682,2.4222598747668194,4.440892098500626e-16,0
NKWZCXSFJQEDSE-IBGZPJMESA-N,Metabolic Enzymes,1,IC50,1,1,1,1.16610790284473,1.16610790284473,1.1661079028447332,-3.1086244689504383e-15,0
NLTOTZSPOYWSSP-IBGZPJMESA-N,Cell Signaling and Survival,1,IC50,1,1,1,-0.727290540861263,-0.727290540861263,-0.7272905408612631,1.1102230246251565e-16,0
NLTOTZSPOYWSSP-IBGZPJMESA-N,General Assays and Safety,1,IC50,1,1,1,0.770415350437591,0.770415350437591,0.7704153504375914,-3.3306690738754696e-16,0
NLTOTZSPOYWSSP-IBGZPJMESA-N,Metabolic Enzymes,1,IC50,1,1,1,-1.05832788076729,-1.05832788076729,-1.058327880767295,4.884981308350689e-15,0
NLTOTZSPOYWSSP-UHFFFAOYSA-N,Metabolic Enzymes,1,IC50,3,1,3,-1.05832788076729,-1.05832788076729,-1.058327880767295,4.884981308350689e-15,0
NMANELLSWUVZNL-XVNBXDOJSA-N,Metabolic Enzymes,1,IC50,1,1,1,0.0931447601612841,0.0931447601612841,0.09314476016128409,1.3877787807814457e-17,0
NMANELLSWUVZNL-XVNBXDOJSA-N,Neuroscience Targets,1,EC50,2,1,2,-1.03357887010541,-1.03357887010541,-1.03357887010541,0,0
NPDBZFZFFJSOFA-VMPITWQZSA-N,Infectious Diseases,1,IC50,1,1,1,-0.132221911369415,-0.132221911369415,-0.13222191136941452,-4.718447854656915e-16,0
NPDBZFZFFJSOFA-VMPITWQZSA-N,Inflammation and Proteolysis,1,IC50,1,1,1,0.0556271393303988,0.0556271393303988,0.055627139330398756,4.163336342344337e-17,0
NPYOKEDYJXYSTA-UHFFFAOYSA-N,Phenotypic: Cancer and Cells,1,IC50,1,1,1,0.483861268870647,0.483861268870647,0.483861268870647,0,0
NQIJCWMTBNAWNQ-NYYWCZLTSA-N,Phenotypic: Cancer and Cells,1,IC50,1,1,1,-0.311468786618056,-0.311468786618056,-0.3114687866180565,4.996003610813204e-16,0
NRDMATSOBGRQDO-IAGOWNOFSA-N,Phenotypic: Cancer and Cells,1,IC50,1,1,1,-0.636831082045253,-0.636831082045253,-0.6368310820452532,2.220446049250313e-16,0
NSEWTSAADLNHNH-LSBOWGMISA-N,General Assays and Safety,1,IC50,1,1,1,-0.583609050437634,-0.583609050437634,-0.5836090504376342,2.220446049250313e-16,0
NSEWTSAADLNHNH-LSBOWGMISA-N,Infectious Diseases,1,EC50,2,2,2,0.420092541716874,0.420092541716874,0.4200925417168736,3.885780586188048e-16,0
NSEWTSAADLNHNH-LSBOWGMISA-N,Inflammation and Proteolysis,1,IC50,1,1,1,-0.142006801322781,-0.142006801322781,-0.14200680132278123,2.220446049250313e-16,0
NSEWTSAADLNHNH-TXZJYACMSA-N,Cell Signaling and Survival,2,EC50;Kd,3,3,3,0.4999182851892375,0.4999182851892375,0.4935242616072424,0.00639402358199509,0
NSEWTSAADLNHNH-TXZJYACMSA-N,General Assays and Safety,1,IC50,1,1,1,-0.46958594299551,-0.46958594299551,-0.4695859429955099,-1.1102230246251565e-16,0
NSEWTSAADLNHNH-TXZJYACMSA-N,Inflammation and Proteolysis,1,IC50,1,1,1,-1.00665529168045,-1.00665529168045,-1.0066552916804479,-2.220446049250313e-15,0
NSEWTSAADLNHNH-TXZJYACMSA-N,Phenotypic: Cancer and Cells,1,IC50,3,1,3,-0.41992288509379,-0.41992288509379,-0.4199228850937898,-2.220446049250313e-16,0
NSGZYFCJQNNTFB-UHFFFAOYSA-N,General Assays and Safety,1,EC50,1,1,1,0.26134588340282,0.26134588340282,0.2613458834028204,-3.885780586188048e-16,0
NSRJSISNDPOJOP-BBRMVZONSA-N,Inflammation and Proteolysis,1,IC50,1,1,1,-1.20428923233363,-1.20428923233363,-1.204289232333629,-1.1102230246251565e-15,0
NSRJSISNDPOJOP-CZUORRHYSA-N,Phenotypic: Cancer and Cells,1,IC50,6,4,6,-0.510301300490233,-0.510301300490233,-0.5103013004902331,1.1102230246251565e-16,0
NTMAFGPMRMTODT-BIJDMMQYSA-N,Infectious Diseases,1,IC50,3,2,3,0.829794175561214,0.829794175561214,0.8297941755612138,2.220446049250313e-16,0
NTMZAWZAUXOLLI-LVXARBLLSA-N,General Assays and Safety,1,IC50,1,1,1,0.385587362820421,0.385587362820421,0.3855873628204214,-3.885780586188048e-16,0
NUGRQNBDTZWXTP-UHFFFAOYSA-N,Metabolic Enzymes,1,Ki,9,5,9,-1.19058937964185,-1.19058937964185,-1.190589379641851,8.881784197001252e-16,0
NUNFZNIXYWTZMW-LLVKDONJSA-N,Phenotypic: Cancer and Cells,1,IC50,6,4,6,-0.166863321983746,-0.166863321983746,-0.16686332198374645,4.440892098500626e-16,0
NUOVQYNGOFQMCJ-QBHOUYDASA-N,Gene Regulation,1,EC50,1,1,1,-5.70920084339712e-4,-5.70920084339712e-4,-5.709200843397121e-4,1.0842021724855044e-19,0
NVXSIKNLZGNCDG-XLQFRCBESA-N,Phenotypic: Cancer and Cells,1,IC50,3,3,3,0.556164001187802,0.556164001187802,0.5561640011878021,-1.1102230246251565e-16,0
NXBYIJSAISXPKJ-WEVVVXLNSA-N,Metabolic Enzymes,1,IC50,7,6,7,0.289418505774111,0.289418505774111,0.28941850577411055,4.440892098500626e-16,0
NXBYIJSAISXPKJ-WEVVVXLNSA-N,Phenotypic: Cancer and Cells,1,IC50,2,1,2,-0.573566191267744,-0.573566191267744,-0.573566191267744,0,0
NYCBUBKYUALZIH-UWVJOHFNSA-N,Cell Signaling and Survival,1,IC50,2,1,2,0.366456423981394,0.366456423981394,0.36645642398139366,3.3306690738754696e-16,0
NYGYGFOLOACYGB-NKUGMWFWSA-N,Infectious Diseases,2,IC50;Ki,2,2,2,-0.8440376406094781,-0.8440376406094781,-0.8440376406094783,2.220446049250313e-16,0
NYSZJNUIVUBQMM-BQYQJAHWSA-N,Infectious Diseases,1,IC50,1,1,1,0.191447052457712,0.191447052457712,0.1914470524577122,-1.942890293094024e-16,0
NYSZJNUIVUBQMM-BQYQJAHWSA-N,Metabolic Enzymes,1,IC50,1,1,1,-0.744289887786773,-0.744289887786773,-0.7442898877867731,1.1102230246251565e-16,0
NYSZJNUIVUBQMM-BQYQJAHWSA-N,Phenotypic: Cancer and Cells,1,IC50,6,4,6,1.76723476750015,1.76723476750015,1.7672347675001472,2.886579864025407e-15,0
NYSZJNUIVUBQMM-BQYQJAHWSA-N,Transporters and Ion Channels,1,IC50,2,1,2,2.50802835461429,2.50802835461429,2.5080283546142934,-3.552713678800501e-15,0
NZFNGIZKDZCAKF-SANMLTNESA-N,General Assays and Safety,1,IC50,1,1,1,-0.0705050669480747,-0.0705050669480747,-0.0705050669480747,0,0
OAAPAFSEMHJNTF-BJMVGYQFSA-N,General Assays and Safety,1,IC50,1,1,1,-0.512344608286307,-0.512344608286307,-0.5123446082863068,-2.220446049250313e-16,0
OAAPAFSEMHJNTF-BJMVGYQFSA-N,Neuroscience Targets,1,IC50,1,1,1,0.132594016563956,0.132594016563956,0.13259401656395553,4.718447854656915e-16,0
OAAPAFSEMHJNTF-BJMVGYQFSA-N,Phenotypic: Cancer and Cells,1,IC50,2,2,2,-0.853739278996718,-0.853739278996718,-0.8537392789967182,2.220446049250313e-16,0
OAAPAFSEMHJNTF-BJMVGYQFSA-N,Transporters and Ion Channels,1,IC50,2,1,2,0.347371009972198,0.347371009972198,0.3473710099721976,3.885780586188048e-16,0
OACOFTWOXMNEJW-JIFSDZCSSA-N,Metabolic Enzymes,1,IC50,1,1,1,0.367928004019242,0.367928004019242,0.3679280040192416,4.440892098500626e-16,0
OACOFTWOXMNEJW-UDJACXQRSA-N,Metabolic Enzymes,1,IC50,1,1,1,0.721220746122328,0.721220746122328,0.7212207461223278,2.220446049250313e-16,0
OAMUEWCGJSSPRS-NSCUHMNNSA-N,General Assays and Safety,1,IC50,1,1,1,0.984208676891574,0.984208676891574,0.9842086768915735,4.440892098500626e-16,0
OAMUEWCGJSSPRS-NSCUHMNNSA-N,Inflammation and Proteolysis,1,IC50,3,3,3,0.277965322565228,0.277965322565228,0.277965322565228,0,0
OATNGAGGUUMTSY-SOFGYWHQSA-N,Inflammation and Proteolysis,1,IC50,1,1,1,0.191500473529461,0.191500473529461,0.191500473529461,0,0
OAUIRSVJXOFAOO-UHFFFAOYSA-N,Cell Signaling and Survival,2,IC50;Ki,2,2,2,0.13095104144193354,0.13095104144193354,0.13095104144193326,2.7755575615628914e-16,0
OAUIRSVJXOFAOO-UHFFFAOYSA-N,Infectious Diseases,2,IC50;Ki,2,2,2,1.2831751086942895,1.2831751086942895,1.2831751086942882,1.3322676295501878e-15,0
OAUIRSVJXOFAOO-UHFFFAOYSA-N,Phenotypic: Cancer and Cells,1,IC50,1,1,1,0.0138935088091403,0.0138935088091403,0.013893508809140268,3.2959746043559335e-17,0
OAUREGNZECGNQS-IBGZPJMESA-N,General Assays and Safety,1,IC50,2,1,2,7.59375203252697e-4,7.59375203252697e-4,7.593752032526971e-4,-1.0842021724855044e-19,0
OAUREGNZECGNQS-IBGZPJMESA-N,Phenotypic: Cancer and Cells,1,IC50,4,4,4,-0.356657994316279,-0.356657994316279,-0.356657994316279,0,0
OBBCRPUNCUPUOS-UHFFFAOYSA-N,Cell Signaling and Survival,1,IC50,1,1,1,0.518918122110976,0.518918122110976,0.5189181221109763,-3.3306690738754696e-16,0
OBBCRPUNCUPUOS-UHFFFAOYSA-N,Infectious Diseases,1,IC50,1,1,1,-1.30102650296737,-1.30102650296737,-1.3010265029673747,4.6629367034256575e-15,0
OBBCRPUNCUPUOS-UHFFFAOYSA-N,Phenotypic: Cancer and Cells,1,IC50,1,1,1,-0.98026906055174,-0.98026906055174,-0.9802690605517399,-1.1102230246251565e-16,0
OBGPEBYHGIUFBN-UHFFFAOYSA-N,Cell Signaling and Survival,1,IC50,3,1,3,0.0283891803027545,0.0283891803027545,0.02838918030275449,6.938893903907228e-18,0
OBGPEBYHGIUFBN-UHFFFAOYSA-N,General Assays and Safety,1,IC50,1,1,1,-0.184528174390199,-0.184528174390199,-0.18452817439019903,2.7755575615628914e-17,0
OBGPEBYHGIUFBN-UHFFFAOYSA-N,Infectious Diseases,1,IC50,1,1,1,0.694932107299911,0.694932107299911,0.6949321072999106,3.3306690738754696e-16,0
OBIUGMGQVQMVSK-UHFFFAOYSA-N,Neuroscience Targets,1,IC50,1,1,1,-0.566419581533508,-0.566419581533508,-0.5664195815335082,2.220446049250313e-16,0
OBIUGMGQVQMVSK-UHFFFAOYSA-N,Phenotypic: Cancer and Cells,1,IC50,6,6,6,1.53225088746939,1.53225088746939,1.532250887469394,-3.9968028886505635e-15,0
OBKKEZLIABHSGY-DOYQYKRZSA-N,Cell Signaling and Survival,1,IC50,1,1,1,1.46020338882405,1.46020338882405,1.4602033888240504,-4.440892098500626e-16,0
OCGIXADHTXAPKN-MDZDMXLPSA-N,Infectious Diseases,1,IC50,1,1,1,1.98960796260842,1.98960796260842,1.989607962608419,8.881784197001252e-16,0
OCGIXADHTXAPKN-MDZDMXLPSA-N,Phenotypic: Cancer and Cells,1,IC50,1,1,1,0.230801705760605,0.230801705760605,0.2308017057606053,-3.0531133177191805e-16,0
OCSVLSKWXCFMKU-UHFFFAOYSA-N,General Assays and Safety,1,IC50,1,1,1,-0.85441393061268,-0.85441393061268,-0.8544139306126798,-2.220446049250313e-16,0
ODMIEGVTNZNSLD-UHFFFAOYSA-N,Phenotypic: Cancer and Cells,1,IC50,1,1,1,0.30310443807776,0.30310443807776,0.30310443807776033,-3.3306690738754696e-16,0
ODMIEGVTNZNSLD-WFASDCNBSA-N,Infectious Diseases,2,IC50;Ki,3,3,3,-0.11842346537165031,-0.11842346537165031,-0.15898616557391906,0.04056270020226875,0
OEIIVGQLDAYZNT-UHFFFAOYSA-N,Cell Signaling and Survival,1,IC50,1,1,1,-0.661002846022315,-0.661002846022315,-0.6610028460223145,-4.440892098500626e-16,0
OEWNRXFOCUQZMN-AICVNBNXSA-N,Metabolic Enzymes,1,IC50,1,1,1,0.524947000509501,0.524947000509501,0.5249470005095014,-3.3306690738754696e-16,0
OFKHJNZDWNKYOY-DBLNWHOKSA-N,Phenotypic: Cancer and Cells,1,IC50,2,1,2,-0.5645283497281,-0.5645283497281,-0.5645283497280998,-1.1102230246251565e-16,0
OFKHJNZDWNKYOY-MNYVGDBSSA-N,Metabolic Enzymes,1,IC50,1,1,1,-0.0638742363289757,-0.0638742363289757,-0.06387423632897568,-1.3877787807814457e-17,0
OFLCPNIRDVOOEZ-WZONZLPQSA-N,Cell Signaling and Survival,1,IC50,1,1,1,0.386342732433078,0.386342732433078,0.3863427324330779,1.1102230246251565e-16,0
OFLCPNIRDVOOEZ-WZONZLPQSA-N,Phenotypic: Cancer and Cells,1,IC50,1,1,1,3.41212192771542,3.41212192771542,3.4121219277154227,-2.6645352591003757e-15,0
OFUWGCQDMVDLIR-RECXWPGBSA-N,General Assays and Safety,1,EC50,1,1,1,-1.15149078801021,-1.15149078801021,-1.151490788010213,2.886579864025407e-15,0
OFUWGCQDMVDLIR-RECXWPGBSA-N,Neuroscience Targets,1,EC50,1,1,1,1.52100526907558,1.52100526907558,1.5210052690755753,4.6629367034256575e-15,0
OFUWGCQDMVDLIR-RECXWPGBSA-N,Phenotypic: Cancer and Cells,1,EC50,1,1,1,-0.428736525487591,-0.428736525487591,-0.42873652548759145,4.440892098500626e-16,0
OFWYIUYVHYPQNX-JXFKEZNVSA-N,General Assays and Safety,1,IC50,1,1,1,-0.141769509099403,-0.141769509099403,-0.14176950909940336,3.608224830031759e-16,0
OFWYIUYVHYPQNX-JXFKEZNVSA-N,Phenotypic: Cancer and Cells,1,IC50,2,1,2,0.773072198139267,0.773072198139267,0.7730721981392671,-1.1102230246251565e-16,0
OGBMVWVBHWHRGD-MWTRTKDXSA-N,Infectious Diseases,2,IC50;Ki,2,2,2,-0.6056634664028465,-0.6056634664028465,-0.6056634664028462,-3.3306690738754696e-16,0
OGBMVWVBHWHRGD-MWTRTKDXSA-N,Neuroscience Targets,2,IC50;Ki,2,2,2,0.8370648001054131,0.8370648001054131,0.8370648001054131,0,0
OGFFMQWYZCTXCM-KXBFYZLASA-N,Cell Signaling and Survival,1,IC50,1,1,1,0.041646719270544,0.041646719270544,0.04164671927054399,1.3877787807814457e-17,0
OGFFMQWYZCTXCM-KXBFYZLASA-N,Infectious Diseases,2,IC50;Ki,3,3,3,-0.989242258992594,-0.989242258992594,-0.9613052069064683,-0.027937052086125735,0
OGFFMQWYZCTXCM-KXBFYZLASA-N,Phenotypic: Cancer and Cells,1,IC50,6,6,6,-0.392809360474856,-0.392809360474856,-0.39280936047485565,-3.3306690738754696e-16,0
OGFFMQWYZCTXCM-UHFFFAOYSA-N,Infectious Diseases,1,IC50,2,1,2,-0.455890875196541,-0.455890875196541,-0.45589087519654126,2.7755575615628914e-16,0
OJOSVTQXBSSCMQ-UHFFFAOYSA-N,Metabolic Enzymes,1,IC50,1,1,1,0.302503422148299,0.302503422148299,0.3025034221482987,3.3306690738754696e-16,0
OJZQYJGQIQVZMQ-UXHICEINSA-N,Infectious Diseases,1,IC50,1,1,1,0.461171188980319,0.461171188980319,0.4611711889803189,1.1102230246251565e-16,0
OKBQXURKDRNMAB-NRFANRHFSA-N,Transporters and Ion Channels,1,IC50,1,1,1,0.199146495564033,0.199146495564033,0.19914649556403288,1.1102230246251565e-16,0
OKBWVJGQTFYYQA-UHFFFAOYSA-N,Metabolic Enzymes,1,IC50,1,1,1,-1.46396028836713,-1.46396028836713,-1.4639602883671348,4.6629367034256575e-15,0
OLKGXQNVTYDYLP-UHFFFAOYSA-N,Phenotypic: Cancer and Cells,1,IC50,1,1,1,-0.69105813128312,-0.69105813128312,-0.6910581312831199,-1.1102230246251565e-16,0
OMQADRGFMLGFJF-MNPJBKLOSA-N,Inflammation and Proteolysis,1,IC50,1,1,1,-0.0802461948686624,-0.0802461948686624,-0.08024619486866241,1.3877787807814457e-17,0
OMWKLHZQLGFNOZ-JINQPTGOSA-N,Inflammation and Proteolysis,1,IC50,1,1,1,1.73551563488244,1.73551563488244,1.7355156348824368,3.3306690738754696e-15,0
ONCAJIQSAVIIRM-UHFFFAOYSA-N,Phenotypic: Cancer and Cells,1,EC50,1,1,1,0.196703916684586,0.196703916684586,0.19670391668458592,8.326672684688674e-17,0
ONLZHAOKMQJPIC-UHFFFAOYSA-N,Phenotypic: Cancer and Cells,1,EC50,1,1,1,-1.00291135764566,-1.00291135764566,-1.0029113576456552,-4.884981308350689e-15,0
OOAXWUFECWLVEQ-IZZNHLLZSA-N,Cell Signaling and Survival,1,IC50,1,1,1,-0.541684995312207,-0.541684995312207,-0.5416849953122067,-3.3306690738754696e-16,0
OOAXWUFECWLVEQ-IZZNHLLZSA-N,Infectious Diseases,2,IC50;Ki,3,3,3,0.3535071688157005,0.3535071688157005,0.31447180428096033,0.03903536453474016,0
OPQNVODKGMOOPC-ZJVGCZFCSA-N,Infectious Diseases,1,IC50,1,1,1,-0.240111565978456,-0.240111565978456,-0.24011156597845626,2.498001805406602e-16,0
OQHDHVCMAOKOKY-HNNXBMFYSA-N,Infectious Diseases,1,IC50,1,1,1,0.0296125705441488,0.0296125705441488,0.029612570544148842,-4.163336342344337e-17,0
OQHDHVCMAOKOKY-HNNXBMFYSA-N,Phenotypic: Cancer and Cells,1,IC50,3,3,3,-0.600679715886677,-0.600679715886677,-0.6006797158866766,-4.440892098500626e-16,0
OQPMMZXQSPMSJV-FQEVSTJZSA-N,General Assays and Safety,1,IC50,1,1,1,-0.868666819042945,-0.868666819042945,-0.8686668190429451,1.1102230246251565e-16,0
ORDAZKGHSNRHTD-UXHICEINSA-N,Cell Signaling and Survival,1,IC50,4,3,4,0.890129213209089,0.890129213209089,0.8901292132090892,-2.220446049250313e-16,0
ORDAZKGHSNRHTD-UXHICEINSA-N,General Assays and Safety,1,IC50,1,1,1,4.0058210241078704,4.0058210241078704,4.005821024107866,4.440892098500626e-15,0
ORDAZKGHSNRHTD-UXHICEINSA-N,Metabolic Enzymes,1,AC50,4,4,4,0.0176583662423043,0.0176583662423043,0.017658366242304293,6.938893903907228e-18,0
ORDAZKGHSNRHTD-UXHICEINSA-N,Phenotypic: Cancer and Cells,1,IC50,11,8,11,0.754996515059979,0.754996515059979,0.7549965150599788,2.220446049250313e-16,0
ORJDDOBAOGKRJV-AWEZNQCLSA-N,Inflammation and Proteolysis,1,IC50,1,1,1,-0.969598927807977,-0.969598927807977,-0.9695989278079773,3.3306690738754696e-16,0
ORJDDOBAOGKRJV-AWEZNQCLSA-N,Phenotypic: Cancer and Cells,1,IC50,3,3,3,-1.39600977137538,-1.39600977137538,-1.3960097713753816,1.5543122344752192e-15,0
ORJDDOBAOGKRJV-AWEZNQCLSA-N,Transporters and Ion Channels,1,IC50,2,1,2,-0.496368533581971,-0.496368533581971,-0.4963685335819707,-3.3306690738754696e-16,0
ORJDDOBAOGKRJV-UHFFFAOYSA-N,Phenotypic: Cancer and Cells,1,IC50,5,2,5,-0.41992288509379,-0.41992288509379,-0.4199228850937898,-2.220446049250313e-16,0
ORXQGKIUCDPEAJ-YRNVUSSQSA-N,Cell Signaling and Survival,1,IC50,2,2,2,-0.356079449763149,-0.356079449763149,-0.35607944976314904,5.551115123125783e-17,0
ORXQGKIUCDPEAJ-YRNVUSSQSA-N,General Assays and Safety,1,IC50,3,2,3,0.499610470262546,0.499610470262546,0.49961047026254574,2.7755575615628914e-16,0
ORXQGKIUCDPEAJ-YRNVUSSQSA-N,Infectious Diseases,1,IC50,2,1,2,-0.24910237052921,-0.24910237052921,-0.24910237052920958,-4.163336342344337e-16,0
ORXQGKIUCDPEAJ-YRNVUSSQSA-N,Inflammation and Proteolysis,1,IC50,2,1,2,0.685585325162414,0.685585325162414,0.6855853251624137,3.3306690738754696e-16,0
ORXQGKIUCDPEAJ-YRNVUSSQSA-N,Metabolic Enzymes,1,IC50,2,2,2,-0.338657480186932,-0.338657480186932,-0.33865748018693204,5.551115123125783e-17,0
ORXQGKIUCDPEAJ-YRNVUSSQSA-N,Phenotypic: Cancer and Cells,1,IC50,26,16,26,0.275990913458828,0.275990913458828,0.27599091345882776,2.220446049250313e-16,0
ORXQGKIUCDPEAJ-YRNVUSSQSA-N,Transporters and Ion Channels,1,IC50,1,1,1,0.267557809906263,0.267557809906263,0.2675578099062634,-3.885780586188048e-16,0
OSGRVFMXDBIYIM-HHHXNRCGSA-N,Infectious Diseases,1,IC50,1,1,1,-0.186166738673936,-0.186166738673936,-0.18616673867393618,1.942890293094024e-16,0
OWGUBYRKZATRIT-QPJJXVBHSA-N,General Assays and Safety,1,IC50,1,1,1,-0.711885046310024,-0.711885046310024,-0.7118850463100238,-2.220446049250313e-16,0
OWGUBYRKZATRIT-QPJJXVBHSA-N,Infectious Diseases,1,IC50,1,1,1,-0.3480012205875,-0.3480012205875,-0.34800122058749955,-4.440892098500626e-16,0
OWGUBYRKZATRIT-QPJJXVBHSA-N,Phenotypic: Cancer and Cells,1,IC50,3,2,3,-0.41992288509379,-0.41992288509379,-0.4199228850937898,-2.220446049250313e-16,0
OWVFKLIUBOKWCT-UHFFFAOYSA-N,Cell Signaling and Survival,1,IC50,1,1,1,0.373085193465288,0.373085193465288,0.3730851934652884,-3.885780586188048e-16,0
OYSKBZHHLYECLU-UHFFFAOYSA-N,Phenotypic: Cancer and Cells,1,IC50,1,1,1,-0.347620152776635,-0.347620152776635,-0.34762015277663477,-2.220446049250313e-16,0
OYSSHUWICGHBOU-KGVSQERTSA-N,Metabolic Enzymes,1,IC50,1,1,1,0.904409575360965,0.904409575360965,0.904409575360965,0,0
OZEVXMDBOINMTC-UHFFFAOYSA-N,Phenotypic: Cancer and Cells,1,IC50,1,1,1,-1.45023682061325,-1.45023682061325,-1.4502368206132468,-3.3306690738754696e-15,0
OZHIKCIPCFAOPM-MZNNUVDVSA-N,Metabolic Enzymes,1,IC50,3,2,3,-1.04524296439311,-1.04524296439311,-1.0452429643931056,-4.440892098500626e-15,0
OZVILOLUKCJYAQ-UHFFFAOYSA-N,Phenotypic: Cancer and Cells,1,IC50,3,3,3,-1.34178272213751,-1.34178272213751,-1.3417827221375151,5.10702591327572e-15,0
PAAJONLTKBLVPE-UHFFFAOYSA-N,Infectious Diseases,1,IC50,3,2,3,-0.118735704543284,-0.118735704543284,-0.11873570454328371,-2.914335439641036e-16,0
PACBGANPVNHGNP-RUDMXATFSA-N,Gene Regulation,1,IC50,1,1,1,0.422617250538321,0.422617250538321,0.4226172505383212,-2.220446049250313e-16,0
PACBGANPVNHGNP-RUDMXATFSA-N,Infectious Diseases,2,EC50;IC50,4,3,4,-0.9198188596582815,-0.9198188596582815,-1.034902392729354,0.11508353307107244,0
PACBGANPVNHGNP-RUDMXATFSA-N,Inflammation and Proteolysis,1,IC50,1,1,1,-0.351992863266787,-0.351992863266787,-0.3519928632667869,-1.1102230246251565e-16,0
PACBGANPVNHGNP-RUDMXATFSA-N,Metabolic Enzymes,2,IC50;Ki,4,4,4,-0.4973586020847715,-0.4973586020847715,-0.3787532920132869,-0.11860531007148462,0
PACBGANPVNHGNP-RUDMXATFSA-N,Phenotypic: Cancer and Cells,1,IC50,19,10,19,-0.844701437457074,-0.844701437457074,-0.8447014374570742,1.1102230246251565e-16,0
PADQINQHPQKXNL-LSDHHAIUSA-N,Metabolic Enzymes,2,IC50;Ki,2,2,2,-1.25363765714724,-1.25363765714724,-1.2536376571472427,2.6645352591003757e-15,0
PADQINQHPQKXNL-LSDHHAIUSA-N,Neuroscience Targets,1,IC50,1,1,1,-1.6149399786797,-1.6149399786797,-1.6149399786797038,3.774758283725532e-15,0
PADQINQHPQKXNL-LSDHHAIUSA-N,Phenotypic: Cancer and Cells,1,IC50,1,1,1,-1.3598584052168,-1.3598584052168,-1.3598584052168032,3.3306690738754696e-15,0
PAILWWPOJHGXTM-FQEVSTJZSA-N,General Assays and Safety,1,IC50,1,1,1,0.357081585959891,0.357081585959891,0.3570815859598909,5.551115123125783e-17,0
PBYRKMXDROOXMU-KCXYZFMFSA-N,Inflammation and Proteolysis,1,IC50,3,3,3,-0.179063165195253,-0.179063165195253,-0.17906316519525292,-8.326672684688674e-17,0
PCNCQAWYRGWMFH-QFIPXVFZSA-N,Neuroscience Targets,1,IC50,1,1,1,-0.766137752418498,-0.766137752418498,-0.766137752418498,0,0
PCNCQAWYRGWMFH-UHFFFAOYSA-N,Metabolic Enzymes,1,IC50,2,2,2,0.806272702554553,0.806272702554553,0.8062727025545529,1.1102230246251565e-16,0
PCWHSSLCNUSQJY-UHFFFAOYSA-N,Infectious Diseases,1,IC50,2,2,2,-0.446900070645788,-0.446900070645788,-0.4469000706457879,-1.1102230246251565e-16,0
PCWHSSLCNUSQJY-UHFFFAOYSA-N,Phenotypic: Cancer and Cells,1,IC50,2,2,2,-0.727209497441698,-0.727209497441698,-0.7272094974416982,1.1102230246251565e-16,0
PDTJZCUQXSFLDW-FQEVSTJZSA-N,Metabolic Enzymes,2,IC50;Ki,4,2,4,-0.7240484339034725,-0.7240484339034725,-0.7240484339034726,1.1102230246251565e-16,0
PEALLWJXGZSLMC-NDEPHWFRSA-N,General Assays and Safety,1,IC50,1,1,1,1.21225489177582,1.21225489177582,1.2122548917758222,-2.220446049250313e-15,0
PEKZTKWPHQWTIM-KPKJPENVSA-N,Cell Signaling and Survival,1,IC50,1,1,1,-0.528427456344416,-0.528427456344416,-0.528427456344416,0,0
PENVZGWIOSIDJF-UHFFFAOYSA-N,General Assays and Safety,1,IC50,1,1,1,-1.51004679840489,-1.51004679840489,-1.5100467984048942,4.218847493575595e-15,0
PFTAWBLQPZVEMU-DZGCQCFKSA-N,Cell Signaling and Survival,1,Kd,2,1,2,-0.169273314944807,-0.169273314944807,-0.16927331494480713,1.3877787807814457e-16,0
PFTAWBLQPZVEMU-DZGCQCFKSA-N,General Assays and Safety,2,EC50;IC50,9,5,9,-0.9188718053108175,-0.9188718053108175,-0.45857144683018025,-0.4603003584806372,0
PFTAWBLQPZVEMU-DZGCQCFKSA-N,Infectious Diseases,2,IC50;Ki,10,6,9,0.151363168919865,0.151363168919865,-0.6365310992785789,0.7878942681984439,0
PFTAWBLQPZVEMU-DZGCQCFKSA-N,Inflammation and Proteolysis,2,IC50;Kd,10,8,10,-0.7680340530199394,-0.7680340530199394,-0.8834456838163003,0.11541163079636085,0
PFTAWBLQPZVEMU-DZGCQCFKSA-N,Metabolic Enzymes,1,IC50,3,2,3,0.70813582974814,0.70813582974814,0.7081358297481396,4.440892098500626e-16,0
PFTAWBLQPZVEMU-DZGCQCFKSA-N,Neuroscience Targets,2,EC50;IC50,8,7,8,-0.8917865716844875,-0.8917865716844875,-0.8486362654393307,-0.04315030624515681,0
PFTAWBLQPZVEMU-DZGCQCFKSA-N,Phenotypic: Cancer and Cells,1,IC50,1,1,1,-0.456074251252367,-0.456074251252367,-0.4560742512523665,-4.996003610813204e-16,0
PFTAWBLQPZVEMU-HIFRSBDPSA-N,General Assays and Safety,1,IC50,1,1,1,1.35478377607848,1.35478377607848,1.3547837760784782,1.7763568394002505e-15,0
PFTAWBLQPZVEMU-HIFRSBDPSA-N,Inflammation and Proteolysis,2,IC50;Kd,3,2,3,-0.399012433585968,-0.399012433585968,-0.3318720714344753,-0.06714036215149272,0
PFTAWBLQPZVEMU-HIFRSBDPSA-N,Metabolic Enzymes,1,IC50,1,1,1,-1.21534687725756,-1.21534687725756,-1.2153468772575557,-4.218847493575595e-15,0
PFTAWBLQPZVEMU-HIFRSBDPSA-N,Neuroscience Targets,1,IC50,1,1,1,-0.799424114232664,-0.799424114232664,-0.7994241142326638,-2.220446049250313e-16,0
PFTAWBLQPZVEMU-UHFFFAOYSA-N,General Assays and Safety,1,IC50,2,2,2,0.20029981322697,0.20029981322697,0.20029981322696966,3.3306690738754696e-16,0
PFTAWBLQPZVEMU-UHFFFAOYSA-N,Metabolic Enzymes,1,Ki,13,13,13,0.00207872436428096,0.00207872436428096,0.002078724364280956,3.903127820947816e-18,0
PFTAWBLQPZVEMU-UKRRQHHQSA-N,Cell Signaling and Survival,2,EC50;IC50,4,4,4,-0.033320857109639945,-0.033320857109639945,0.5079494118564614,-0.5412702689661013,0
PFTAWBLQPZVEMU-UKRRQHHQSA-N,Gene Regulation,1,IC50,2,2,2,-0.0743895777468273,-0.0743895777468273,-0.07438957774682727,-4.163336342344337e-17,0
PFTAWBLQPZVEMU-UKRRQHHQSA-N,General Assays and Safety,2,EC50;IC50,8,5,8,0.32007579800699804,0.32007579800699804,-0.33630850568107873,0.6563843036880768,0
PFTAWBLQPZVEMU-UKRRQHHQSA-N,Infectious Diseases,3,IC50;Kd;Ki,4,4,4,0.887066240532147,1.50410451686773,1.0413258096160412,-0.15425956908389415,0.6170382763355831
PFTAWBLQPZVEMU-UKRRQHHQSA-N,Inflammation and Proteolysis,2,IC50;Kd,4,3,4,-0.0053025385352289955,-0.0053025385352289955,0.09941351624060966,-0.10471605477583866,0
PFTAWBLQPZVEMU-UKRRQHHQSA-N,Metabolic Enzymes,2,AC50;IC50,2,2,2,-2.047904681006247,-2.047904681006247,-2.0479046810062447,-2.220446049250313e-15,0
PFTAWBLQPZVEMU-UKRRQHHQSA-N,Neuroscience Targets,1,IC50,6,4,6,0.548673539241017,0.548673539241017,0.5486735392410174,-3.3306690738754696e-16,0
PFTAWBLQPZVEMU-UKRRQHHQSA-N,Phenotypic: Cancer and Cells,1,EC50,1,1,1,-0.203167841425495,-0.203167841425495,-0.20316784142549507,8.326672684688674e-17,0
PFTAWBLQPZVEMU-ZFWWWQNUSA-N,Infectious Diseases,1,IC50,1,1,1,0.119520616051684,0.119520616051684,0.11952061605168388,1.249000902703301e-16,0
PFTAWBLQPZVEMU-ZFWWWQNUSA-N,Inflammation and Proteolysis,2,IC50;Kd,3,2,3,-0.0373413521009555,-0.0373413521009555,0.05335006461514449,-0.09069141671609998,0
PFTAWBLQPZVEMU-ZFWWWQNUSA-N,Neuroscience Targets,1,IC50,2,1,1,-0.674600257429545,-0.674600257429545,-0.6746002574295449,-1.1102230246251565e-16,0
PFTAWBLQPZVEMU-ZFWWWQNUSA-N,Phenotypic: Cancer and Cells,1,IC50,1,1,1,-0.528376983569521,-0.528376983569521,-0.5283769835695215,4.440892098500626e-16,0
PFTQIVMILQKDQN-PEBXRYMYSA-N,Infectious Diseases,2,IC50;Ki,2,2,2,-0.7786342248354154,-0.7786342248354154,-0.7786342248354148,-6.661338147750939e-16,0
PIAPWPAWQGDOMN-SXAWMYDMSA-N,Inflammation and Proteolysis,1,IC50,1,1,1,1.43906472390267,1.43906472390267,1.4390647239026653,4.6629367034256575e-15,0
PIAPWPAWQGDOMN-SXAWMYDMSA-N,Metabolic Enzymes,1,IC50,3,3,3,0.917494491735154,0.917494491735154,0.9174944917351543,-3.3306690738754696e-16,0
PMFICSJNAUBMIQ-QRQCRPRQSA-N,Infectious Diseases,2,IC50;Ki,2,2,2,-0.38312542932946947,-0.38312542932946947,-0.38312542932946914,-3.3306690738754696e-16,0
PMFICSJNAUBMIQ-QRQCRPRQSA-N,Neuroscience Targets,1,IC50,1,1,1,-0.949212742396406,-0.949212742396406,-0.9492127423964057,-2.220446049250313e-16,0
PMKNILHJZILHLN-AGBQBWRISA-N,Infectious Diseases,2,IC50;Ki,2,2,2,-0.291629931027547,-0.291629931027547,-0.2916299310275471,1.1102230246251565e-16,0
PMKNILHJZILHLN-AGBQBWRISA-N,Inflammation and Proteolysis,2,IC50;Ki,2,2,2,0.2065913609329362,0.2065913609329362,0.2065913609329363,-1.1102230246251565e-16,0
PMKNILHJZILHLN-AGBQBWRISA-N,Neuroscience Targets,2,IC50;Ki,2,2,2,-0.6596217772159475,-0.6596217772159475,-0.6596217772159475,0,0
PMKNILHJZILHLN-AGBQBWRISA-N,Phenotypic: Cancer and Cells,2,EC50;IC50,2,2,2,-0.30694968055562805,-0.30694968055562805,-0.306949680555628,-5.551115123125783e-17,0
PMQBKFKEJGCJIK-KRWDZBQOSA-N,Cell Signaling and Survival,1,IC50,1,1,1,-1.42994010615412,-1.42994010615412,-1.4299401061541215,1.5543122344752192e-15,0
PMSZSXKBGUQXFG-UHFFFAOYSA-N,Inflammation and Proteolysis,1,IC50,2,2,2,-0.185239225840665,-0.185239225840665,-0.1852392258406647,-2.7755575615628914e-16,0
PNIFOHGQPKXLJE-SDQBBNPISA-N,Infectious Diseases,1,EC50,1,1,1,-0.0374137666987634,-0.0374137666987634,-0.03741376669876336,-4.163336342344337e-17,0
PNIFOHGQPKXLJE-SDQBBNPISA-N,Neuroscience Targets,2,IC50;Ki,4,4,4,-0.203978824645717,-0.203978824645717,-0.20397882464571696,-5.551115123125783e-17,0
POVCYOFRCMBMKD-XMSQKQJNSA-N,Infectious Diseases,3,EC50;IC50;Ki,5,4,5,-0.538980862310272,-0.803973902629438,-0.4859822542464379,-0.05299860806383411,-0.26499304031916604
PRJFEGMPMYRWIX-MXIXYQCPSA-N,Phenotypic: Cancer and Cells,1,IC50,1,1,1,0.845374930456422,0.845374930456422,0.8453749304564221,-1.1102230246251565e-16,0
PRXFJZAFWLXJLQ-BZLDTDGYSA-N,General Assays and Safety,1,IC50,1,1,1,0.770415350437591,0.770415350437591,0.7704153504375914,-3.3306690738754696e-16,0
PRXFJZAFWLXJLQ-BZLDTDGYSA-N,Inflammation and Proteolysis,1,IC50,2,1,2,-0.741084683927736,-0.741084683927736,-0.7410846839277362,2.220446049250313e-16,0
PSEBCAMYGWGJMH-UHFFFAOYSA-N,Cell Signaling and Survival,2,IC50;Ki,2,2,2,-0.10401288429522848,-0.10401288429522848,-0.10401288429522854,5.551115123125783e-17,0
PSEBCAMYGWGJMH-UHFFFAOYSA-N,Infectious Diseases,2,IC50;Ki,2,2,2,2.414962941510415,2.414962941510415,2.414962941510411,3.9968028886505635e-15,0
PSJNLMVDUBCKQD-VBKZILBWSA-N,Phenotypic: Cancer and Cells,1,IC50,1,1,1,-0.437998568173078,-0.437998568173078,-0.43799856817307814,1.6653345369377348e-16,0
PTLQMLWEJRHXDU-VHIARPGFSA-N,Phenotypic: Cancer and Cells,1,IC50,9,6,9,1.70396987672264,1.70396987672264,1.703969876722638,1.9984014443252818e-15,0
PTLYOYNZZDSYSJ-XYOKQWHBSA-N,General Assays and Safety,1,IC50,1,1,1,0.656392242995467,0.656392242995467,0.656392242995467,0,0
PTLYOYNZZDSYSJ-XYOKQWHBSA-N,Infectious Diseases,1,IC50,1,1,1,-0.383964438790513,-0.383964438790513,-0.38396443879051295,-5.551115123125783e-17,0
PWAACAMQKVIVPZ-UHFFFAOYSA-N,Infectious Diseases,1,IC50,2,2,2,-0.905431102734218,-0.905431102734218,-0.905431102734218,0,0
PXFKYAIDSYKIJA-DLBCFTNOSA-N,Cell Signaling and Survival,1,IC50,4,4,4,0.339941346045813,0.339941346045813,0.3399413460458135,-4.996003610813204e-16,0
PXFKYAIDSYKIJA-DLBCFTNOSA-N,Phenotypic: Cancer and Cells,1,IC50,1,1,1,1.13458585972504,1.13458585972504,1.1345858597250422,-2.220446049250313e-15,0
PXSWSGDFRGTMGP-UHFFFAOYSA-N,Phenotypic: Cancer and Cells,1,EC50,2,1,2,0.483791332763617,0.483791332763617,0.48379133276361735,-3.3306690738754696e-16,0
PYJFTGHETRNBQP-QOTSWMAJSA-N,Phenotypic: Cancer and Cells,1,IC50,2,2,2,-0.0222578573494364,-0.0222578573494364,-0.022257857349436434,3.469446951953614e-17,0
PYRZRPSTTNKOCS-MSOLQXFVSA-N,Metabolic Enzymes,1,IC50,1,1,1,3.42979843557933,3.42979843557933,3.4297984355793267,3.1086244689504383e-15,0
PYVPKOSKOWDDSV-UHFFFAOYSA-N,Cell Signaling and Survival,1,IC50,1,1,1,-0.714033001893474,-0.714033001893474,-0.7140330018934736,-3.3306690738754696e-16,0
QBLQLKNOKUHRCH-UHFFFAOYSA-N,Inflammation and Proteolysis,1,IC50,2,2,2,-0.339640741975962,-0.339640741975962,-0.3396407419759623,2.7755575615628914e-16,0
QBLQLKNOKUHRCH-UHFFFAOYSA-N,Metabolic Enzymes,1,IC50,2,1,2,0.0473475528516257,0.0473475528516257,0.04734755285162567,3.469446951953614e-17,0
QBLQLKNOKUHRCH-ZDUSSCGKSA-N,Infectious Diseases,2,IC50;Ki,2,2,2,-0.109904075267553,-0.109904075267553,-0.10990407526755315,1.5265566588595902e-16,0
QBLQLKNOKUHRCH-ZDUSSCGKSA-N,Metabolic Enzymes,1,IC50,2,2,2,0.832442535302929,0.832442535302929,0.8324425353029291,-1.1102230246251565e-16,0
QDSRQILTOUZIGL-ACCUITESSA-N,Phenotypic: Cancer and Cells,1,IC50,1,1,1,-1.17910157442392,-1.17910157442392,-1.1791015744239166,-3.3306690738754696e-15,0
QDSRQILTOUZIGL-ACCUITESSA-N,Transporters and Ion Channels,1,IC50,1,1,1,-0.610387390819021,-0.610387390819021,-0.6103873908190212,1.1102230246251565e-16,0
QEJAXMORBPLKCL-DLBZAZTESA-N,Infectious Diseases,1,IC50,2,1,2,1.88171830799938,1.88171830799938,1.8817183079993776,2.4424906541753444e-15,0
QFUCSEIKNTUPPA-GOSISDBHSA-N,Cell Signaling and Survival,1,IC50,2,1,2,4.62875520212581,4.62875520212581,4.628755202125807,3.552713678800501e-15,0
QFUCSEIKNTUPPA-GOSISDBHSA-N,Phenotypic: Cancer and Cells,1,IC50,1,1,1,0.248877388839894,0.248877388839894,0.24887738883989366,3.3306690738754696e-16,0
QFUCSEIKNTUPPA-UHFFFAOYSA-N,Cell Signaling and Survival,1,IC50,2,1,2,2.64012435695734,2.64012435695734,2.6401243569573403,-4.440892098500626e-16,0
QFUCSEIKNTUPPA-UHFFFAOYSA-N,General Assays and Safety,1,EC50,2,1,2,0.668434415843864,0.668434415843864,0.6684344158438638,2.220446049250313e-16,0
QFUCSEIKNTUPPA-UHFFFAOYSA-N,Metabolic Enzymes,1,IC50,1,1,1,0.446437502264371,0.446437502264371,0.44643750226437146,-4.440892098500626e-16,0
QFUCSEIKNTUPPA-UHFFFAOYSA-N,Phenotypic: Cancer and Cells,1,IC50,2,1,2,-0.221090371221613,-0.221090371221613,-0.22109037122161312,1.1102230246251565e-16,0
QFWXEYRQNKRQDH-UHFFFAOYSA-N,Inflammation and Proteolysis,1,IC50,1,1,1,-0.179063165195253,-0.179063165195253,-0.17906316519525295,-5.551115123125783e-17,0
QGPHRCQDTPCIQI-KXBFYZLASA-N,Phenotypic: Cancer and Cells,1,IC50,6,6,6,-0.41992288509379,-0.41992288509379,-0.4199228850937898,-2.220446049250313e-16,0
QIWOFDHUQPJCJF-LSDHHAIUSA-N,Inflammation and Proteolysis,1,IC50,1,1,1,-1.09312014071621,-1.09312014071621,-1.0931201407162148,4.6629367034256575e-15,0
QJCKCZSARZRFFO-OILXWVNISA-N,General Assays and Safety,1,IC50,1,1,1,1.61133576782326,1.61133576782326,1.6113357678232574,2.6645352591003757e-15,0
QJKMIJNRNRLQSS-WEVVVXLNSA-N,Gene Regulation,1,IC50,1,1,1,-1.14266862245169,-1.14266862245169,-1.1426686224516882,-1.7763568394002505e-15,0
QJKMIJNRNRLQSS-WEVVVXLNSA-N,General Assays and Safety,1,IC50,1,1,1,-1.60981701741675,-1.60981701741675,-1.6098170174167519,1.7763568394002505e-15,0
QJKMIJNRNRLQSS-WEVVVXLNSA-N,Infectious Diseases,1,IC50,2,2,2,-1.04029317099552,-1.04029317099552,-1.0402931709955214,1.3322676295501878e-15,0
QJKMIJNRNRLQSS-WEVVVXLNSA-N,Inflammation and Proteolysis,1,IC50,2,2,2,-0.833725593608915,-0.833725593608915,-0.833725593608915,0,0
QJKMIJNRNRLQSS-WEVVVXLNSA-N,Phenotypic: Cancer and Cells,1,IC50,2,2,2,0.212726022681317,0.212726022681317,0.21272602268131693,5.551115123125783e-17,0
QKQLSQLKXBHUSO-CMDGGOBGSA-N,Cell Signaling and Survival,1,IC50,1,1,1,0.518918122110976,0.518918122110976,0.5189181221109763,-3.3306690738754696e-16,0
QKQLSQLKXBHUSO-CMDGGOBGSA-N,Infectious Diseases,1,EC50,1,1,1,0.565662730758213,0.565662730758213,0.5656627307582134,-3.3306690738754696e-16,0
QKQLSQLKXBHUSO-CMDGGOBGSA-N,Phenotypic: Cancer and Cells,1,IC50,15,13,15,0.212726022681317,0.212726022681317,0.21272602268131693,5.551115123125783e-17,0
QKXUXZSVOPLDOD-GCTHYFALSA-N,Infectious Diseases,1,EC50,1,1,1,-0.349349886073062,-0.349349886073062,-0.3493498860730624,3.885780586188048e-16,0
QKYUTKLCEVEMIE-JXFKEZNVSA-N,Cell Signaling and Survival,1,IC50,1,1,1,-0.501912378408837,-0.501912378408837,-0.5019123784088371,1.1102230246251565e-16,0
QNAHIWNQXWCADO-KTICBNGHSA-N,General Assays and Safety,1,IC50,2,1,2,-0.704758602094891,-0.704758602094891,-0.7047586020948912,1.1102230246251565e-16,0
QNDUJCPJQJQOAB-IDRAWEHWSA-N,Infectious Diseases,1,IC50,3,3,3,-0.887449493632711,-0.887449493632711,-0.8874494936327113,3.3306690738754696e-16,0
QNDUJCPJQJQOAB-IDRAWEHWSA-N,Phenotypic: Cancer and Cells,1,IC50,5,4,5,0.999018236630376,0.999018236630376,0.9990182366303764,-3.3306690738754696e-16,0
QNLGNISMYMFVHP-UHFFFAOYSA-N,Cell Signaling and Survival,1,IC50,2,1,2,0.300168729142445,0.300168729142445,0.300168729142445,0,0
QNLGNISMYMFVHP-UHFFFAOYSA-N,Phenotypic: Cancer and Cells,1,IC50,7,6,7,0.623947812735136,0.623947812735136,0.6239478127351358,2.220446049250313e-16,0
QNMYAYDPWHAXCP-FVMDXXJSSA-N,Phenotypic: Cancer and Cells,1,IC50,2,2,2,1.43283463053331,1.43283463053331,1.4328346305333064,3.552713678800501e-15,0
QNPMSYLDWCXEOI-CEMXSPGASA-N,Metabolic Enzymes,1,IC50,1,1,1,0.564201749632067,0.564201749632067,0.5642017496320668,2.220446049250313e-16,0
QPOCKDYYXFOBCM-JKSUJKDBSA-N,Phenotypic: Cancer and Cells,1,IC50,4,4,4,-1.10679884210676,-1.10679884210676,-1.1067988421067616,1.5543122344752192e-15,0
QQFZXERRGYMNKV-UHFFFAOYSA-N,General Assays and Safety,1,IC50,1,1,1,0.471104693402015,0.471104693402015,0.4711046934020153,-2.7755575615628914e-16,0
QQUXNFZAFOMGTQ-UHFFFAOYSA-N,Phenotypic: Cancer and Cells,1,IC50,3,3,3,0.574239684267092,0.574239684267092,0.574239684267092,0,0
QRFZGLTZLZZHCM-NWYMYRDLSA-N,Inflammation and Proteolysis,1,IC50,3,3,3,-0.796669229736443,-0.796669229736443,-0.7966692297364433,2.220446049250313e-16,0
QRGFRUURCOOJEV-UHFFFAOYSA-N,Cell Signaling and Survival,1,IC50,1,1,1,-0.435624683569888,-0.435624683569888,-0.43562468356988837,3.885780586188048e-16,0
QRQAODSINXAOBF-UKTWWWBFSA-N,Infectious Diseases,1,EC50,1,1,1,-0.245371179614961,-0.245371179614961,-0.24537117961496147,4.718447854656915e-16,0
QUAPPCXFYKSDSV-LBPRGKRZSA-N,Phenotypic: Cancer and Cells,1,IC50,6,4,6,-0.926042011313873,-0.926042011313873,-0.9260420113138732,2.220446049250313e-16,0
QUGFZLLBKBSAGW-CVOAYDCWSA-N,Phenotypic: Cancer and Cells,1,EC50,1,1,1,0.247969526698699,0.247969526698699,0.2479695266986986,4.163336342344337e-16,0
QUQPHWDTPGMPEX-QJBIFVCTSA-N,Cell Signaling and Survival,1,IC50,4,3,4,-1.25096333008896,-1.25096333008896,-1.25096333008896,0,0
QUQPHWDTPGMPEX-QJBIFVCTSA-N,Gene Regulation,1,IC50,1,1,1,-0.719927182301102,-0.719927182301102,-0.7199271823011016,-3.3306690738754696e-16,0
QUQPHWDTPGMPEX-QJBIFVCTSA-N,General Assays and Safety,1,IC50,2,2,2,-0.0491257343026769,-0.0491257343026769,-0.04912573430267686,-4.163336342344337e-17,0
QUQPHWDTPGMPEX-QJBIFVCTSA-N,Neuroscience Targets,1,IC50,1,1,1,0.0327349311214599,0.0327349311214599,0.03273493112145986,4.163336342344337e-17,0
QWQGMMRHTWIOGH-UHFFFAOYSA-N,Metabolic Enzymes,1,IC50,1,1,1,-1.35928095737363,-1.35928095737363,-1.3592809573736275,-2.4424906541753444e-15,0
QWQGMMRHTWIOGH-UHFFFAOYSA-N,Transporters and Ion Channels,1,IC50,2,2,2,-0.285433647693429,-0.285433647693429,-0.2854336476934289,-1.1102230246251565e-16,0
QYAYIWOQUZDATC-AZUAARDMSA-N,Infectious Diseases,1,IC50,1,1,1,0.245391879762234,0.245391879762234,0.24539187976223387,1.3877787807814457e-16,0
QYCJAWYDGRZSTO-IRLTUAEKSA-N,General Assays and Safety,1,IC50,2,2,2,-1.14659814343312,-1.14659814343312,-1.146598143433122,1.9984014443252818e-15,0
QYFQIQNDWGAVKJ-KRWDZBQOSA-N,General Assays and Safety,1,IC50,1,1,1,0.214552701657235,0.214552701657235,0.2145527016572349,1.1102230246251565e-16,0
QZVJJJNZJBVWPG-UHFFFAOYSA-N,Cell Signaling and Survival,1,IC50,1,1,1,-0.382594527698729,-0.382594527698729,-0.3825945276987292,2.220446049250313e-16,0
RAFHNDRXYHOLSH-SFTVRKLSSA-N,Cell Signaling and Survival,1,IC50,1,1,1,1.28785538224278,1.28785538224278,1.2878553822427823,-2.220446049250313e-15,0
RAFHNDRXYHOLSH-SFTVRKLSSA-N,General Assays and Safety,1,EC50,2,2,2,0.201479922749725,0.201479922749725,0.20147992274972487,1.3877787807814457e-16,0
RAFHNDRXYHOLSH-SFTVRKLSSA-N,Phenotypic: Cancer and Cells,2,EC50;IC50,3,3,3,-0.471153156469173,-0.471153156469173,-0.39984935010617845,-0.07130380636299455,0
RAFHNDRXYHOLSH-SFTVRKLSSA-N,Transporters and Ion Channels,1,IC50,2,1,1,-1.14627601983316,-1.14627601983316,-1.1462760198331554,-4.6629367034256575e-15,0
RAGZNEMPFYNJSA-KQFLDCGVSA-N,Infectious Diseases,1,IC50,1,1,1,1.36025164405567,1.36025164405567,1.3602516440556724,-2.4424906541753444e-15,0
RBLMKCOUXAFRRX-WEVVVXLNSA-N,General Assays and Safety,1,IC50,1,1,1,1.04122023061264,1.04122023061264,1.0412202306126357,4.218847493575595e-15,0
RBMYHWVIWHGISG-UHFFFAOYSA-N,General Assays and Safety,1,IC50,2,1,2,-0.840161042182413,-0.840161042182413,-0.8401610421824134,3.3306690738754696e-16,0
RBWZJDQLHCNCDG-LVXARBLLSA-N,General Assays and Safety,1,IC50,2,1,2,0.47823113761714803,0.47823113761714803,0.47823113761714786,1.6653345369377348e-16,0
RBWZJDQLHCNCDG-UHFFFAOYSA-N,Infectious Diseases,2,IC50;Ki,2,2,2,0.991414126357002,0.991414126357002,0.991414126357,1.9984014443252818e-15,0
RCZMWVKBVFOCEE-ZDUSSCGKSA-N,Infectious Diseases,1,EC50,4,2,4,-0.182983955740103,-0.182983955740103,-0.18298395574010315,1.3877787807814457e-16,0
RCZMWVKBVFOCEE-ZDUSSCGKSA-N,Metabolic Enzymes,1,IC50,1,1,1,2.02971238354117,2.02971238354117,2.0297123835411677,2.220446049250313e-15,0
RDYZHQQZLIBKBP-WEVVVXLNSA-N,Cell Signaling and Survival,1,IC50,1,1,1,-1.15153178783054,-1.15153178783054,-1.1515317878305362,-3.774758283725532e-15,0
RDYZHQQZLIBKBP-WEVVVXLNSA-N,Phenotypic: Cancer and Cells,1,IC50,2,2,2,0.881526296615,0.881526296615,0.8815262966150004,-3.3306690738754696e-16,0
REBBZOCNEVVAPX-UHFFFAOYSA-N,Neuroscience Targets,1,IC50,1,1,1,3.21158248437421,3.21158248437421,3.2115824843742122,-2.220446049250313e-15,0
RESAUZHVVYGGHO-UHFFFAOYSA-N,Phenotypic: Cancer and Cells,1,IC50,4,4,4,0.953829028932155,0.953829028932155,0.9538290289321554,-3.3306690738754696e-16,0
RETRVWFVEFCGOK-RMKNXTFCSA-N,Inflammation and Proteolysis,1,IC50,1,1,1,-0.463161954884201,-0.463161954884201,-0.46316195488420103,5.551115123125783e-17,0
RETRVWFVEFCGOK-RMKNXTFCSA-N,Phenotypic: Cancer and Cells,1,IC50,1,1,1,0.86345061353571,0.86345061353571,0.8634506135357104,-4.440892098500626e-16,0
RGNXWPVNPFAADO-NSIKDUERSA-N,Cell Signaling and Survival,2,AC50;IC50,24,24,24,0.8150370269536675,0.8150370269536675,0.580052929675955,0.23498409727771252,0
RGNXWPVNPFAADO-NSIKDUERSA-N,General Assays and Safety,1,IC50,1,1,1,-1.49579390997463,-1.49579390997463,-1.4957939099746276,-2.4424906541753444e-15,0
RGNXWPVNPFAADO-NSIKDUERSA-N,Infectious Diseases,2,EC50;IC50,5,2,5,0.5130127364649284,0.5130127364649284,0.2113423595235905,0.3016703769413379,0
RGNXWPVNPFAADO-NSIKDUERSA-N,Inflammation and Proteolysis,1,IC50,2,2,2,-0.512570440047496,-0.512570440047496,-0.5125704400474963,3.3306690738754696e-16,0
RGNXWPVNPFAADO-NSIKDUERSA-N,Metabolic Enzymes,1,IC50,2,2,2,-0.554558600361041,-0.554558600361041,-0.5545586003610407,-3.3306690738754696e-16,0
RGNXWPVNPFAADO-NSIKDUERSA-N,Neuroscience Targets,1,IC50,2,2,2,-0.940891151942865,-0.940891151942865,-0.9408911519428647,-3.3306690738754696e-16,0
RGNXWPVNPFAADO-NSIKDUERSA-N,Phenotypic: Cancer and Cells,2,EC50;IC50,6,4,6,-0.0735584354170645,-0.0735584354170645,-0.3767708008520359,0.30321236543497143,0
RGZSPQYXJSDKAN-FWSOMWAYSA-N,Infectious Diseases,1,IC50,1,1,1,0.694932107299911,0.694932107299911,0.6949321072999106,3.3306690738754696e-16,0
RIDRQWKYWXHAOD-UHFFFAOYSA-N,Metabolic Enzymes,1,IC50,1,1,1,1.17919281921892,1.17919281921892,1.1791928192189214,-1.3322676295501878e-15,0
RIDRQWKYWXHAOD-UHFFFAOYSA-N,Phenotypic: Cancer and Cells,1,IC50,1,1,1,2.29142957679952,2.29142957679952,2.2914295767995205,-4.440892098500626e-16,0
RIKPNWPEMPODJD-UHFFFAOYSA-N,Phenotypic: Cancer and Cells,1,IC50,1,1,1,-1.34178272213751,-1.34178272213751,-1.341782722137515,4.884981308350689e-15,0
RIWDYFGEQJAMKI-GOSISDBHSA-N,Cell Signaling and Survival,1,IC50,1,1,1,1.31437046017836,1.31437046017836,1.3143704601783623,-2.4424906541753444e-15,0
RNDNBGULZNCSNB-LYFQOWASSA-N,Cell Signaling and Survival,1,IC50,1,1,1,0.00187410236717433,0.00187410236717433,0.0018741023671743323,-2.168404344971009e-18,0
RNDNBGULZNCSNB-QCWIYXSRSA-N,Cell Signaling and Survival,1,IC50,1,1,1,-0.263276676988621,-0.263276676988621,-0.26327667698862145,4.440892098500626e-16,0
RNDNBGULZNCSNB-UMKOAGHJSA-N,Cell Signaling and Survival,1,IC50,1,1,1,-0.422367144602099,-0.422367144602099,-0.4223671446020989,-1.1102230246251565e-16,0
RNQBLQALVMHBKH-SQYWJIFTSA-N,Infectious Diseases,1,IC50,1,1,1,0.263373488863741,0.263373488863741,0.26337348886374057,4.440892098500626e-16,0
ROJMZFPQONDKBB-UHFFFAOYSA-N,Infectious Diseases,2,EC50;IC50,4,2,4,-0.29919008215711745,-0.29919008215711745,-0.15790405378213077,-0.1412860283749867,0
ROJMZFPQONDKBB-UHFFFAOYSA-N,Inflammation and Proteolysis,1,IC50,1,1,1,-0.277880135521843,-0.277880135521843,-0.2778801355218435,4.996003610813204e-16,0
RORZHTZYZDZJKG-UHFFFAOYSA-N,Phenotypic: Cancer and Cells,1,IC50,4,3,4,-0.98026906055174,-0.98026906055174,-0.9802690605517399,-1.1102230246251565e-16,0
RQAMSFTXEFSBPK-UHFFFAOYSA-N,Cell Signaling and Survival,1,IC50,1,1,1,-0.9394111643459,-0.9394111643459,-0.9394111643458998,-2.220446049250313e-16,0
RQAMSFTXEFSBPK-UHFFFAOYSA-N,Neuroscience Targets,1,IC50,1,1,1,-0.682921847883086,-0.682921847883086,-0.682921847883086,0,0
RQAMSFTXEFSBPK-UHFFFAOYSA-N,Phenotypic: Cancer and Cells,1,IC50,3,1,3,-0.600679715886677,-0.600679715886677,-0.6006797158866766,-4.440892098500626e-16,0
RQIDYCZAYSCRKC-UHFFFAOYSA-N,Phenotypic: Cancer and Cells,1,EC50,1,1,1,-0.797848917589205,-0.797848917589205,-0.7978489175892045,-4.440892098500626e-16,0
RRCYPDDIDYVEIW-UHFFFAOYSA-N,Phenotypic: Cancer and Cells,1,IC50,1,1,1,-0.98026906055174,-0.98026906055174,-0.9802690605517399,-1.1102230246251565e-16,0
RREXXCHIBJFPKH-UHFFFAOYSA-N,Infectious Diseases,2,IC50;Ki,2,2,2,-0.1009132707168,-0.1009132707168,-0.10091327071679981,-1.8041124150158794e-16,0
RRLSJZPCMWWTBO-UHFFFAOYSA-N,Metabolic Enzymes,1,IC50,1,1,1,0.0146352619161542,0.0146352619161542,0.014635261916154203,-3.469446951953614e-18,0
RRVLNZLJKIPESL-LIRRHRJNSA-N,Phenotypic: Cancer and Cells,1,IC50,2,2,2,0.0771583995866511,0.0771583995866511,0.0771583995866511,0,0
RRYKPKZXWKXEML-IREPQDAWSA-N,Metabolic Enzymes,1,IC50,1,1,1,-0.534931225799758,-0.534931225799758,-0.5349312257997585,4.440892098500626e-16,0
RRYKPKZXWKXEML-IREPQDAWSA-N,Phenotypic: Cancer and Cells,1,IC50,2,2,2,0.194650339602029,0.194650339602029,0.1946503396020286,3.885780586188048e-16,0
RSAIVLRELNGZEY-UHFFFAOYSA-N,Phenotypic: Cancer and Cells,1,IC50,3,2,3,-1.03449610978961,-1.03449610978961,-1.0344961097896066,-3.3306690738754696e-15,0
RSYUFYQTACJFML-UKRRQHHQSA-N,Cell Signaling and Survival,1,IC50,1,1,1,-0.382594527698729,-0.382594527698729,-0.3825945276987292,2.220446049250313e-16,0
RSYUFYQTACJFML-UKRRQHHQSA-N,Inflammation and Proteolysis,1,IC50,3,2,3,-0.583595137469733,-0.583595137469733,-0.5835951374697333,3.3306690738754696e-16,0
RTCVAWRRHHSOCC-NYYWCZLTSA-N,Cell Signaling and Survival,1,IC50,1,1,1,-0.581457612215575,-0.581457612215575,-0.5814576122155751,1.1102230246251565e-16,0
RTCVAWRRHHSOCC-NYYWCZLTSA-N,General Assays and Safety,1,IC50,1,1,1,-0.312804170262589,-0.312804170262589,-0.3128041702625886,-3.885780586188048e-16,0
RTCVAWRRHHSOCC-NYYWCZLTSA-N,Infectious Diseases,1,IC50,1,1,1,-0.905431102734218,-0.905431102734218,-0.905431102734218,0,0
RTCVAWRRHHSOCC-NYYWCZLTSA-N,Metabolic Enzymes,1,IC50,1,1,1,0.734305662496516,0.734305662496516,0.734305662496516,0,0
RTCVAWRRHHSOCC-NYYWCZLTSA-N,Phenotypic: Cancer and Cells,1,IC50,5,4,5,0.203688181141673,0.203688181141673,0.20368818114167278,2.220446049250313e-16,0
RTUABMSWXKMPKI-JIEJDMOWSA-N,General Assays and Safety,1,IC50,1,1,1,-0.170275285959934,-0.170275285959934,-0.1702752859599338,-1.942890293094024e-16,0
RTWGDOBXVVOEQF-BBWFWOEESA-N,General Assays and Safety,1,IC50,1,1,1,-1.58131124055622,-1.58131124055622,-1.5813112405562215,1.5543122344752192e-15,0
RUCMCGSYMSEMIR-UHFFFAOYSA-N,Infectious Diseases,1,IC50,2,1,2,-0.52781731160257,-0.52781731160257,-0.5278173116025696,-3.3306690738754696e-16,0
RUXZLRGFTZAFJO-MBSDFSHPSA-N,General Assays and Safety,1,IC50,1,1,1,0.542369135553343,0.542369135553343,0.5423691355533427,3.3306690738754696e-16,0
RVKDAOFCDAPVGX-KRWDZBQOSA-N,Cell Signaling and Survival,1,IC50,1,1,1,0.068161797206123,0.068161797206123,0.06816179720612298,2.7755575615628914e-17,0
RWBWMAOKPGSLMN-UHFFFAOYSA-N,Inflammation and Proteolysis,1,IC50,1,1,1,0.463247141927584,0.463247141927584,0.4632471419275844,-4.440892098500626e-16,0
RWGZXUWGOARVDQ-UHFFFAOYSA-N,Infectious Diseases,2,IC50;Ki,2,2,2,-0.1131655855835345,-0.1131655855835345,-0.1131655855835345,0,0
RWWHVUOFLZULHS-NTEUORMPSA-N,Metabolic Enzymes,1,IC50,1,1,1,-0.0507893199547876,-0.0507893199547876,-0.05078931995478756,-4.163336342344337e-17,0
RWWHVUOFLZULHS-NTEUORMPSA-N,Phenotypic: Cancer and Cells,1,IC50,2,2,2,0.465785585791359,0.465785585791359,0.4657855857913587,2.7755575615628914e-16,0
RYBGOKVPJPOMQW-UHFFFAOYSA-N,Infectious Diseases,1,EC50,3,3,3,1.25192219338167,1.25192219338167,1.2519221933816698,2.220446049250313e-16,0
RZHIZFURFGRHHQ-UHFFFAOYSA-N,Gene Regulation,1,IC50,1,1,1,-0.685650849315919,-0.685650849315919,-0.6856508493159186,-4.440892098500626e-16,0
SAXBNTXROWQAKX-CPJSRVTESA-N,Cell Signaling and Survival,1,IC50,1,1,1,0.068161797206123,0.068161797206123,0.06816179720612298,2.7755575615628914e-17,0
SAXBNTXROWQAKX-CPJSRVTESA-N,Phenotypic: Cancer and Cells,1,IC50,4,2,4,-0.175901163523391,-0.175901163523391,-0.17590116352339064,-3.608224830031759e-16,0
SAZBMMMZQLNWMN-MHZLTWQESA-N,General Assays and Safety,1,IC50,1,1,1,0.941450011600778,0.941450011600778,0.9414500116007778,2.220446049250313e-16,0
SBHXYTNGIZCORC-UHFFFAOYSA-N,Cell Signaling and Survival,1,EC50,3,3,3,-1.23030871761025,-1.23030871761025,-1.2303087176102503,2.220446049250313e-16,0
SBHXYTNGIZCORC-UHFFFAOYSA-N,Metabolic Enzymes,1,IC50,1,1,1,1.33621181570918,1.33621181570918,1.3362118157091822,-2.220446049250313e-15,0
SBHXYTNGIZCORC-UHFFFAOYSA-N,Phenotypic: Cancer and Cells,1,IC50,5,2,5,-0.21657145045179,-0.21657145045179,-0.21657145045179022,2.220446049250313e-16,0
SBHXYTNGIZCORC-UHFFFAOYSA-N,Transporters and Ion Channels,1,IC50,1,1,1,0.176342724116623,0.176342724116623,0.1763427241166234,-4.163336342344337e-16,0
SBHXYTNGIZCORC-ZDUSSCGKSA-N,Cell Signaling and Survival,1,IC50,2,2,2,-0.170473904214093,-0.170473904214093,-0.17047390421409261,-3.885780586188048e-16,0
SBHXYTNGIZCORC-ZDUSSCGKSA-N,Gene Regulation,1,IC50,4,3,4,0.125555698000072,0.125555698000072,0.12555569800007152,4.718447854656915e-16,0
SBHXYTNGIZCORC-ZDUSSCGKSA-N,General Assays and Safety,1,EC50,2,2,2,0.189506730619106,0.189506730619106,0.1895067306191062,-1.942890293094024e-16,0
SBHXYTNGIZCORC-ZDUSSCGKSA-N,Infectious Diseases,1,IC50,2,1,2,-0.392955243341266,-0.392955243341266,-0.39295524334126625,2.220446049250313e-16,0
SBHXYTNGIZCORC-ZDUSSCGKSA-N,Inflammation and Proteolysis,1,IC50,3,2,3,0.521919718058998,0.521919718058998,0.521919718058998,0,0
SBHXYTNGIZCORC-ZDUSSCGKSA-N,Metabolic Enzymes,2,IC50;Ki,8,7,8,0.9230396686997261,0.9230396686997261,0.5160209668587427,0.40701870184098343,0
SBHXYTNGIZCORC-ZDUSSCGKSA-N,Phenotypic: Cancer and Cells,2,EC50;IC50,4,3,4,-0.371164412647618,-0.371164412647618,-0.25640676102808846,-0.11475765161952955,0
SBHXYTNGIZCORC-ZDUSSCGKSA-N,Transporters and Ion Channels,1,IC50,2,1,1,-0.770013790950891,-0.770013790950891,-0.7700137909508906,-3.3306690738754696e-16,0
SBOVSSLXUHHHLZ-CCEZHUSRSA-N,Infectious Diseases,1,IC50,1,1,1,-0.294056393282978,-0.294056393282978,-0.2940563932829779,-1.1102230246251565e-16,0
SBOVSSLXUHHHLZ-LEWPLENUSA-N,Infectious Diseases,1,IC50,1,1,1,0.245391879762234,0.245391879762234,0.24539187976223387,1.3877787807814457e-16,0
SBOVSSLXUHHHLZ-MRHSSXLISA-N,Infectious Diseases,1,IC50,1,1,1,-0.761578229922161,-0.761578229922161,-0.7615782299221613,3.3306690738754696e-16,0
SBOVSSLXUHHHLZ-QWDFLICISA-N,Infectious Diseases,1,IC50,1,1,1,0.101539006950177,0.101539006950177,0.10153900695017719,-1.942890293094024e-16,0
SBOVSSLXUHHHLZ-WKWUPWNMSA-N,Infectious Diseases,1,IC50,1,1,1,-0.312038002384485,-0.312038002384485,-0.3120380023844846,-3.885780586188048e-16,0
SCNZCLDHJJSZBK-ROLQACJLSA-N,Phenotypic: Cancer and Cells,1,IC50,1,1,1,1.96606728137232,1.96606728137232,1.966067281372324,-3.9968028886505635e-15,0
SCYVPEQZLVCGHG-UHFFFAOYSA-N,General Assays and Safety,1,EC50,2,1,1,0.740273568627578,0.740273568627578,0.740273568627578,0,0
SDPWTOSPDBDEBQ-UHFFFAOYSA-N,Infectious Diseases,1,IC50,4,3,4,-0.0782770840648929,-0.0782770840648929,-0.07827708406489288,-1.3877787807814457e-17,0
SDWZWUUOXFFJSA-NSCUHMNNSA-N,General Assays and Safety,1,IC50,2,2,2,-0.134643064884269,-0.134643064884269,-0.13464306488426947,4.718447854656915e-16,0
SDWZWUUOXFFJSA-NSCUHMNNSA-N,Inflammation and Proteolysis,1,IC50,3,3,3,0.117387745784519,0.117387745784519,0.11738774578451866,3.3306690738754696e-16,0
SDZPYNMXGUHFMZ-TZIWHRDSSA-N,General Assays and Safety,1,IC50,1,1,1,0.556622023983608,0.556622023983608,0.5566220239836079,1.1102230246251565e-16,0
SDZPYNMXGUHFMZ-TZIWHRDSSA-N,Infectious Diseases,1,IC50,1,1,1,-1.15717363015532,-1.15717363015532,-1.157173630155318,-1.9984014443252818e-15,0
SEEWCETYCHIPHH-FHJLPGHOSA-N,Cell Signaling and Survival,1,IC50,1,1,1,-0.30304929389199,-0.30304929389199,-0.3030492938919899,-5.551115123125783e-17,0
SEEWCETYCHIPHH-FHJLPGHOSA-N,Phenotypic: Cancer and Cells,1,IC50,1,1,1,0.538088318108514,0.538088318108514,0.5380883181085137,3.3306690738754696e-16,0
SEEWCETYCHIPHH-GWJPWWOOSA-N,Phenotypic: Cancer and Cells,1,IC50,5,3,5,-0.437998568173078,-0.437998568173078,-0.43799856817307814,1.6653345369377348e-16,0
SEHVRKPXIDOTRX-CMUUVTEDSA-N,Infectious Diseases,1,IC50,4,4,4,0.497134407183332,0.497134407183332,0.4971344071833323,-2.7755575615628914e-16,0
SEHVRKPXIDOTRX-QQDDVHTNSA-N,Cell Signaling and Survival,1,IC50,3,3,3,0.068161797206123,0.068161797206123,0.06816179720612298,2.7755575615628914e-17,0
SEHVRKPXIDOTRX-QQDDVHTNSA-N,Infectious Diseases,1,IC50,4,3,3,1.10850911663457,1.10850911663457,1.108509116634574,-3.9968028886505635e-15,0
SEIHXYPYVZURAM-SVIJTADQSA-N,General Assays and Safety,1,IC50,1,1,1,-0.512344608286307,-0.512344608286307,-0.5123446082863068,-2.220446049250313e-16,0
SEWZLIZAUPQMMM-RMKNXTFCSA-N,Phenotypic: Cancer and Cells,1,IC50,1,1,1,0.140423290364162,0.140423290364162,0.14042329036416193,8.326672684688674e-17,0
SFDDCVYUBBUSMV-FCHUYYIVSA-N,Phenotypic: Cancer and Cells,1,IC50,1,1,1,-0.817587912838142,-0.817587912838142,-0.8175879128381416,-4.440892098500626e-16,0
SFQIGPZCFNTPOD-KRWDZBQOSA-N,Cell Signaling and Survival,1,IC50,1,1,1,-0.501912378408837,-0.501912378408837,-0.5019123784088371,1.1102230246251565e-16,0
SGWLCEXRWADMOA-ZDUSSCGKSA-N,Phenotypic: Cancer and Cells,1,IC50,1,1,1,-0.492225617410945,-0.492225617410945,-0.4922256174109448,-2.220446049250313e-16,0
SHSISVOIQZYVQR-AFMDSPMNSA-N,Infectious Diseases,2,IC50;Ki,2,2,2,2.9410428613411552,2.9410428613411552,2.941042861341157,-1.7763568394002505e-15,0
SHZOHJDZQPQBSW-JTQLQIEISA-N,Infectious Diseases,1,IC50,1,1,1,0.443189579878812,0.443189579878812,0.4431895798788122,-1.6653345369377348e-16,0
SIGVEYBZDIDQLH-UHFFFAOYSA-N,Phenotypic: Cancer and Cells,1,IC50,4,4,4,-0.736247338981342,-0.736247338981342,-0.7362473389813423,3.3306690738754696e-16,0
SJBBGMVJNAOUOI-VLURGLOZSA-N,General Assays and Safety,1,IC50,1,1,1,-1.3817708025325,-1.3817708025325,-1.3817708025325033,3.3306690738754696e-15,0
SJIZTMNAKZAOTA-UHFFFAOYSA-N,Cell Signaling and Survival,1,IC50,1,1,1,-1.17804686576612,-1.17804686576612,-1.1780468657661154,-4.6629367034256575e-15,0
SLFZBNOERHGNMI-UHFFFAOYSA-N,Cell Signaling and Survival,1,IC50,1,1,1,0.30679749862634,0.30679749862634,0.30679749862633976,2.220446049250313e-16,0
SLFZBNOERHGNMI-UHFFFAOYSA-N,Infectious Diseases,1,IC50,2,1,2,-0.0692862795141395,-0.0692862795141395,-0.06928627951413953,2.7755575615628914e-17,0
SLFZBNOERHGNMI-UHFFFAOYSA-N,Neuroscience Targets,1,IC50,1,1,1,-0.200269601577694,-0.200269601577694,-0.20026960157769422,2.220446049250313e-16,0
SLFZBNOERHGNMI-UHFFFAOYSA-N,Phenotypic: Cancer and Cells,1,IC50,1,1,1,1.02613176124931,1.02613176124931,1.0261317612493104,-4.440892098500626e-16,0
SMHBZVSVLIBGGO-UUWRZZSWSA-N,Transporters and Ion Channels,1,IC50,2,2,2,-0.616088333680874,-0.616088333680874,-0.6160883336808736,-4.440892098500626e-16,0
SPWBEELZNSXNME-CMDGGOBGSA-N,Infectious Diseases,2,IC50;Ki,5,2,5,-0.8270854651284925,-0.8270854651284925,-0.5180569874820877,-0.30902847764640473,0
SPWBEELZNSXNME-CMDGGOBGSA-N,Phenotypic: Cancer and Cells,1,EC50,1,1,1,-0.0288647673775114,-0.0288647673775114,-0.028864767377511376,-2.42861286636753e-17,0
SQJLTDFIOMWZDE-QUYVSAIISA-N,Inflammation and Proteolysis,1,IC50,2,2,2,-0.197591347131489,-0.197591347131489,-0.19759134713148935,3.608224830031759e-16,0
SQOAYFPNWVZJQO-UHFFFAOYSA-N,Phenotypic: Cancer and Cells,1,IC50,2,1,2,-1.21525294058249,-1.21525294058249,-1.2152529405824932,3.3306690738754696e-15,0
SQRZLVUKAGAFFX-UHFFFAOYSA-N,Inflammation and Proteolysis,1,IC50,1,1,1,-0.660795895537382,-0.660795895537382,-0.660795895537382,0,0
SQWIGJZIQFBGQM-UHFFFAOYSA-N,Phenotypic: Cancer and Cells,1,EC50,2,1,2,0.206957038687408,0.206957038687408,0.20695703868740828,-2.7755575615628914e-16,0
SRSBUHVXNLHWHU-CMDGGOBGSA-N,Inflammation and Proteolysis,1,IC50,3,2,3,0.3675182019237,0.3675182019237,0.36751820192370027,-2.7755575615628914e-16,0
SRSBUHVXNLHWHU-CMDGGOBGSA-N,Phenotypic: Cancer and Cells,1,IC50,3,1,3,-0.763360863600275,-0.763360863600275,-0.7633608636002749,-1.1102230246251565e-16,0
SSQQBMVHIQQAQB-HRNJHOTLSA-N,Phenotypic: Cancer and Cells,1,IC50,1,1,1,-0.492225617410945,-0.492225617410945,-0.4922256174109448,-2.220446049250313e-16,0
STFVTZQCNYBLNE-UHFFFAOYSA-N,Phenotypic: Cancer and Cells,1,IC50,1,1,1,0.899601979694289,0.899601979694289,0.8996019796942888,2.220446049250313e-16,0
SUOXGDJCEWTZIZ-HCEROAJISA-N,Inflammation and Proteolysis,1,IC50,2,2,2,-1.07459195877998,-1.07459195877998,-1.0745919587799795,-4.440892098500626e-16,0
SUOXGDJCEWTZIZ-HCEROAJISA-N,Phenotypic: Cancer and Cells,1,IC50,2,1,2,-0.889890645155297,-0.889890645155297,-0.8898906451552966,-4.440892098500626e-16,0
SUSRJKSSWXDFKP-GCHVKDGMSA-N,General Assays and Safety,1,IC50,1,1,1,-1.26774769509038,-1.26774769509038,-1.2677476950903803,2.220446049250313e-16,0
SUSRJKSSWXDFKP-GCHVKDGMSA-N,Inflammation and Proteolysis,1,IC50,1,1,1,-0.932542563935505,-0.932542563935505,-0.9325425639355055,4.440892098500626e-16,0
SUSRJKSSWXDFKP-WSHYROQVSA-N,General Assays and Safety,1,IC50,1,1,1,-1.28200058352065,-1.28200058352065,-1.2820005835206454,-4.6629367034256575e-15,0
SUSRJKSSWXDFKP-WSHYROQVSA-N,Inflammation and Proteolysis,1,IC50,1,1,1,-0.870781957481387,-0.870781957481387,-0.8707819574813868,-2.220446049250313e-16,0
SUWMBRRWYKHHDH-UHFFFAOYSA-N,Neuroscience Targets,2,IC50;Ki,2,2,2,0.5461048326044415,0.5461048326044415,0.5461048326044418,-2.220446049250313e-16,0
SVGUEYZRBQMTPO-BTYIYWSLSA-N,General Assays and Safety,1,IC50,1,1,1,0.385587362820421,0.385587362820421,0.3855873628204214,-3.885780586188048e-16,0
SVHCNENPWOPFOI-AVRWGWEMSA-N,Cell Signaling and Survival,1,IC50,1,1,1,0.30679749862634,0.30679749862634,0.30679749862633976,2.220446049250313e-16,0
SVHJCTSSYQPWEV-VSJLXWSYSA-N,General Assays and Safety,1,IC50,1,1,1,2.26696863561547,2.26696863561547,2.2669686356154717,-1.7763568394002505e-15,0
SVHJCTSSYQPWEV-VSJLXWSYSA-N,Infectious Diseases,1,EC50,2,1,2,-0.72367322932222,-0.72367322932222,-0.7236732293222197,-3.3306690738754696e-16,0
SVHJCTSSYQPWEV-VSJLXWSYSA-N,Phenotypic: Cancer and Cells,1,IC50,3,2,3,-0.867296041306185,-0.867296041306185,-0.8672960413061853,3.3306690738754696e-16,0
SVHJCTSSYQPWEV-VSJLXWSYSA-N,Transporters and Ion Channels,1,IC50,1,1,1,1.74980295398791,1.74980295398791,1.7498029539879116,-1.5543122344752192e-15,0
SVTCZHIDEDUTBH-UHFFFAOYSA-N,General Assays and Safety,1,IC50,1,1,1,-0.384068612413917,-0.384068612413917,-0.38406861241391727,2.7755575615628914e-16,0
SVTCZHIDEDUTBH-UHFFFAOYSA-N,Infectious Diseases,1,EC50,3,3,3,1.27271793467329,1.27271793467329,1.272717934673289,8.881784197001252e-16,0
SVTCZHIDEDUTBH-UHFFFAOYSA-N,Inflammation and Proteolysis,1,IC50,4,4,4,4.25935216917157e-5,4.25935216917157e-5,4.259352169171566e-5,4.0657581468206416e-20,0
SVTCZHIDEDUTBH-UHFFFAOYSA-N,Phenotypic: Cancer and Cells,1,IC50,4,4,4,-0.175901163523391,-0.175901163523391,-0.17590116352339064,-3.608224830031759e-16,0
SWAJPHCXKPCPQZ-AWEZNQCLSA-N,Inflammation and Proteolysis,1,IC50,1,1,1,0.277965322565228,0.277965322565228,0.277965322565228,0,0
SWAJPHCXKPCPQZ-AWEZNQCLSA-N,Phenotypic: Cancer and Cells,1,IC50,2,1,2,-1.24236646520143,-1.24236646520143,-1.2423664652014275,-2.4424906541753444e-15,0
SWAJPHCXKPCPQZ-UHFFFAOYSA-N,Metabolic Enzymes,1,IC50,2,1,2,0.420267669515994,0.420267669515994,0.42026766951599404,-5.551115123125783e-17,0
SWAJPHCXKPCPQZ-UHFFFAOYSA-N,Neuroscience Targets,1,IC50,1,1,1,-0.183626420670612,-0.183626420670612,-0.1836264206706121,1.1102230246251565e-16,0
SWLGFCRAFOKHQK-QFIPXVFZSA-N,Metabolic Enzymes,1,IC50,1,1,1,-1.35928095737363,-1.35928095737363,-1.3592809573736275,-2.4424906541753444e-15,0
SWPKMTGYQGHLJS-RNVIBTMRSA-N,Cell Signaling and Survival,1,IC50,2,1,2,-0.0644135924717743,-0.0644135924717743,-0.0644135924717743,0,0
SWPKMTGYQGHLJS-RNVIBTMRSA-N,Phenotypic: Cancer and Cells,1,IC50,2,2,2,0.718845148901402,0.718845148901402,0.718845148901402,0,0
SYIDABHGIYOYPG-KEBDBYFISA-N,Neuroscience Targets,1,IC50,2,2,2,2.47096093400904,2.47096093400904,2.4709609340090433,-3.1086244689504383e-15,0
SZHDIKOQLFZADP-XBPZWBIKSA-N,General Assays and Safety,1,IC50,1,1,1,-0.483838831425775,-0.483838831425775,-0.4838388314257751,1.1102230246251565e-16,0
SZHDIKOQLFZADP-XBPZWBIKSA-N,Phenotypic: Cancer and Cells,1,IC50,1,1,1,1.02613176124931,1.02613176124931,1.0261317612493104,-4.440892098500626e-16,0
TUHJQMZJOMZXJO-XVNBXDOJSA-N,Cell Signaling and Survival,1,IC50,1,1,1,-0.979183781249269,-0.979183781249269,-0.9791837812492694,4.440892098500626e-16,0
TUHJQMZJOMZXJO-XVNBXDOJSA-N,Phenotypic: Cancer and Cells,1,IC50,3,2,3,1.08035881048718,1.08035881048718,1.0803588104871755,4.440892098500626e-15,0
TUTSVLUUGMNALO-UHFFFAOYSA-N,Phenotypic: Cancer and Cells,1,IC50,1,1,1,2.50833777375099,2.50833777375099,2.5083377737509855,4.440892098500626e-15,0
TVAVOTKWLPPGTE-HNNXBMFYSA-N,Phenotypic: Cancer and Cells,1,IC50,3,3,3,-1.41408545445467,-1.41408545445467,-1.4140854544546702,2.220446049250313e-16,0
TVUGLERLRIQATC-BJMVGYQFSA-N,Cell Signaling and Survival,1,IC50,2,1,2,0.399600271400867,0.399600271400867,0.3996002714008674,-3.885780586188048e-16,0
TVUGLERLRIQATC-BJMVGYQFSA-N,General Assays and Safety,1,IC50,1,1,1,0.485357581832281,0.485357581832281,0.4853575818322805,4.996003610813204e-16,0
TVUGLERLRIQATC-BJMVGYQFSA-N,Infectious Diseases,1,IC50,1,1,1,-0.00635064765886453,-0.00635064765886453,-0.006350647658864532,1.734723475976807e-18,0
TVUGLERLRIQATC-BJMVGYQFSA-N,Phenotypic: Cancer and Cells,1,IC50,1,1,1,0.682693782742824,0.682693782742824,0.6826937827428237,3.3306690738754696e-16,0
TVWVHFSJQNXIRZ-UHFFFAOYSA-N,Cell Signaling and Survival,1,IC50,1,1,1,-0.568200073247786,-0.568200073247786,-0.5682000732477857,-3.3306690738754696e-16,0
TVWVHFSJQNXIRZ-UHFFFAOYSA-N,Gene Regulation,1,IC50,2,2,2,-1.34261389819859,-1.34261389819859,-1.342613898198587,-3.1086244689504383e-15,0
TVWVHFSJQNXIRZ-UHFFFAOYSA-N,Infectious Diseases,1,IC50,2,1,2,0.299336707066756,0.299336707066756,0.2993367070667555,4.996003610813204e-16,0
TWJXTJFWKWMZRY-UHFFFAOYSA-N,Infectious Diseases,1,IC50,1,1,1,-0.132221911369415,-0.132221911369415,-0.13222191136941452,-4.718447854656915e-16,0
TWJXTJFWKWMZRY-UHFFFAOYSA-N,Inflammation and Proteolysis,1,IC50,1,1,1,0.525007748381704,0.525007748381704,0.5250077483817044,-3.3306690738754696e-16,0
TXTGITRXQUOAJM-UHFFFAOYSA-N,Inflammation and Proteolysis,1,IC50,1,1,1,-0.710204380700676,-0.710204380700676,-0.7102043807006763,2.220446049250313e-16,0
TXWYWZHIUMRYOS-FQEVSTJZSA-N,General Assays and Safety,1,IC50,1,1,1,-0.113263732238872,-0.113263732238872,-0.11326373223887164,-3.608224830031759e-16,0
TYECGXQALROZJT-UHFFFAOYSA-N,Phenotypic: Cancer and Cells,1,IC50,2,1,2,0.0138935088091403,0.0138935088091403,0.013893508809140268,3.2959746043559335e-17,0
TZBJGXHYKVUXJN-UHFFFAOYSA-N,Cell Signaling and Survival,1,IC50,16,12,16,-0.839979622087476,-0.839979622087476,-0.8399796220874761,1.1102230246251565e-16,0
TZBJGXHYKVUXJN-UHFFFAOYSA-N,Gene Regulation,3,EC50;IC50;Ki,57,15,55,0.796860383066796,0.880168463357127,0.5977318495588012,0.19912853350799475,0.08330808029033099
TZBJGXHYKVUXJN-UHFFFAOYSA-N,General Assays and Safety,2,EC50;IC50,9,4,9,0.812413451943339,0.812413451943339,-0.14527484598837326,0.9576882979317123,0
TZBJGXHYKVUXJN-UHFFFAOYSA-N,Infectious Diseases,3,EC50;IC50;Ki,19,15,19,-0.8961893651075427,-0.952426383530037,-1.0016659996110238,0.1054766345034811,-0.05623701842249429
TZBJGXHYKVUXJN-UHFFFAOYSA-N,Inflammation and Proteolysis,1,IC50,9,7,9,0.0247468361033399,0.0247468361033399,0.024746836103339897,3.469446951953614e-18,0
TZBJGXHYKVUXJN-UHFFFAOYSA-N,Metabolic Enzymes,3,AC50;IC50;Ki,41,23,41,-0.5548355316608936,-0.158925296180742,-0.24354922289077677,-0.31128630877011687,0.3959102354801516
TZBJGXHYKVUXJN-UHFFFAOYSA-N,Neuroscience Targets,2,IC50;Ki,17,17,17,-0.2071215863912631,-0.2071215863912631,-0.22940866799886744,0.022287081607604342,0
TZBJGXHYKVUXJN-UHFFFAOYSA-N,Phenotypic: Cancer and Cells,2,EC50;IC50,63,45,63,-0.873148427768841,-0.873148427768841,-0.8404235745652281,-0.03272485320361296,0
TZBJGXHYKVUXJN-UHFFFAOYSA-N,Transporters and Ion Channels,3,IC50;Kd;Ki,27,15,26,-0.37850212417202733,-0.199919504765641,-0.2980779002988859,-0.08042422387314141,0.17858261940638634
TZBKBAHAEDHKJP-UHFFFAOYSA-N,Inflammation and Proteolysis,1,IC50,1,1,1,-0.586683167792439,-0.586683167792439,-0.5866831677924387,-3.3306690738754696e-16,0
TZEQDSMFACWASC-MDZDMXLPSA-N,Infectious Diseases,2,IC50;Ki,5,2,5,-1.111089534874424,-1.111089534874424,-0.8959882691726136,-0.21510126570181043,0
TZEQDSMFACWASC-MDZDMXLPSA-N,Phenotypic: Cancer and Cells,2,EC50;IC50,2,2,2,-0.4427827427989914,-0.4427827427989914,-0.4427827427989913,-5.551115123125783e-17,0
TZEQDSMFACWASC-MDZDMXLPSA-N,Transporters and Ion Channels,1,IC50,1,1,1,-0.690200590884955,-0.690200590884955,-0.6902005908849554,4.440892098500626e-16,0
UACAJEAOMACMMU-UHFFFAOYSA-N,Infectious Diseases,1,EC50,1,1,1,-1.95062196552779,-1.95062196552779,-1.9506219655277925,2.4424906541753444e-15,0
UACNRZUVCUEUPY-UHFFFAOYSA-N,Phenotypic: Cancer and Cells,1,IC50,1,1,1,0.465785585791359,0.465785585791359,0.4657855857913587,2.7755575615628914e-16,0
UALHWTHYPDBXSN-BQYQJAHWSA-N,Neuroscience Targets,1,IC50,1,1,1,-1.58165361686554,-1.58165361686554,-1.5816536168655395,-4.440892098500626e-16,0
UCHYSPNEUSDFQR-UHFFFAOYSA-N,Cell Signaling and Survival,3,AC50;IC50;Ki,4,3,4,-0.011169730613470966,0.326683807078024,0.07329365380940381,-0.08446338442287478,0.337853537691495
UCHYSPNEUSDFQR-UHFFFAOYSA-N,General Assays and Safety,1,AC50,1,1,1,1.56879853564682,1.56879853564682,1.568798535646821,-1.1102230246251565e-15,0
UCHYSPNEUSDFQR-UHFFFAOYSA-N,Infectious Diseases,3,EC50;IC50;Ki,5,5,5,0.6601577040421417,0.712913716401417,0.9301366858445446,-0.2699789818024029,0.052756012359275295
UCHYSPNEUSDFQR-UHFFFAOYSA-N,Metabolic Enzymes,1,IC50,2,2,2,-0.92747871702541,-0.92747871702541,-0.9274787170254102,2.220446049250313e-16,0
UCHYSPNEUSDFQR-UHFFFAOYSA-N,Phenotypic: Cancer and Cells,1,IC50,3,3,3,0.429634219632782,0.429634219632782,0.429634219632782,0,0
UENVXGIVHQSJHZ-XYOKQWHBSA-N,Infectious Diseases,1,IC50,1,1,1,0.533097625386347,0.533097625386347,0.5330976253863472,-2.220446049250313e-16,0
UESFDRVOHWXYIQ-PRANAVDNSA-N,Phenotypic: Cancer and Cells,1,IC50,1,1,1,0.194650339602029,0.194650339602029,0.1946503396020286,3.885780586188048e-16,0
UEXPKLJRGIWQBF-CSKARUKUSA-N,Infectious Diseases,1,IC50,2,2,2,-0.878458689081958,-0.878458689081958,-0.878458689081958,0,0
UEXPKLJRGIWQBF-CSKARUKUSA-N,Phenotypic: Cancer and Cells,1,IC50,3,3,3,-0.239166054300901,-0.239166054300901,-0.23916605430090146,4.718447854656915e-16,0
UFWIVSMNKNIQMW-UHFFFAOYSA-N,Phenotypic: Cancer and Cells,1,IC50,1,1,1,-0.69105813128312,-0.69105813128312,-0.6910581312831199,-1.1102230246251565e-16,0
UGKOYAUMAZQEFW-CPJSRVTESA-N,General Assays and Safety,1,IC50,2,1,2,0.941450011600778,0.941450011600778,0.9414500116007778,2.220446049250313e-16,0
UGTDFAIKXQRVER-ZROIWOOFSA-N,Metabolic Enzymes,1,IC50,4,2,4,1.34602550298982,1.34602550298982,1.3460255029898238,-3.774758283725532e-15,0
UJNCWORGHSATHA-XWSAIMBSSA-N,Cell Signaling and Survival,1,IC50,1,1,1,-0.568200073247786,-0.568200073247786,-0.5682000732477857,-3.3306690738754696e-16,0
UJNCWORGHSATHA-XWSAIMBSSA-N,General Assays and Safety,1,IC50,1,1,1,-0.683379269449493,-0.683379269449493,-0.6833792694494933,3.3306690738754696e-16,0
UJNCWORGHSATHA-XWSAIMBSSA-N,Infectious Diseases,1,IC50,1,1,1,1.98960796260842,1.98960796260842,1.989607962608419,8.881784197001252e-16,0
UJRXJHPYROZVGI-AQNXPRMDSA-N,General Assays and Safety,1,IC50,1,1,1,1.4688068835206,1.4688068835206,1.4688068835206025,-2.4424906541753444e-15,0
UJRXJHPYROZVGI-AQNXPRMDSA-N,Phenotypic: Cancer and Cells,1,IC50,1,1,1,2.39988367527525,2.39988367527525,2.399883675275254,-3.9968028886505635e-15,0
UKCODVXNYJFPIN-OMKLEDIQSA-N,Inflammation and Proteolysis,1,IC50,3,3,3,0.525007748381704,0.525007748381704,0.5250077483817044,-3.3306690738754696e-16,0
UKCODVXNYJFPIN-OMKLEDIQSA-N,Phenotypic: Cancer and Cells,1,EC50,4,4,4,0.114678940662005,0.114678940662005,0.11467894066200525,-2.498001805406602e-16,0
UKRJEVDCOVVSAB-ZLPBPMGLSA-N,General Assays and Safety,1,EC50,1,1,1,1.5783970177709,1.5783970177709,1.5783970177709021,-2.220446049250313e-15,0
UMORYJJPSIXKBM-XMSQKQJNSA-N,Phenotypic: Cancer and Cells,1,IC50,1,1,1,-1.12487452518605,-1.12487452518605,-1.12487452518605,0,0
UNODSKHATHZQGW-HRKCMRQESA-N,Infectious Diseases,2,IC50;Ki,3,3,3,-0.7950283811425355,-0.7950283811425355,-0.7778844610352418,-0.01714392010729371,0
UOOVGAFDYLDFRW-DEOSSOPVSA-N,Cell Signaling and Survival,1,IC50,1,1,1,-0.554942534279996,-0.554942534279996,-0.5549425342799962,2.220446049250313e-16,0
UOWOIGNEFLTNAW-KRWDZBQOSA-N,Neuroscience Targets,1,IC50,1,1,1,-0.416630953369766,-0.416630953369766,-0.4166309533697662,1.6653345369377348e-16,0
UPBJEHBYZUPVDF-CXUHLZMHSA-N,Neuroscience Targets,2,IC50;Ki,2,2,2,-1.4791252214670099,-1.4791252214670099,-1.4791252214670108,8.881784197001252e-16,0
UPBJEHBYZUPVDF-JUALLIRVSA-N,Infectious Diseases,2,IC50;Ki,2,2,2,-0.359178818769862,-0.359178818769862,-0.35917881876986235,3.3306690738754696e-16,0
UPBJEHBYZUPVDF-JUALLIRVSA-N,Inflammation and Proteolysis,1,IC50,2,2,2,0.28414138321064,0.28414138321064,0.2841413832106398,1.6653345369377348e-16,0
URFCJEUYXNAHFI-UHFFFAOYSA-N,Infectious Diseases,1,IC50,3,3,3,-1.1212104119523,-1.1212104119523,-1.121210411952303,2.886579864025407e-15,0
URFCJEUYXNAHFI-ZDUSSCGKSA-N,Cell Signaling and Survival,1,IC50,1,1,1,-1.25759209957285,-1.25759209957285,-1.2575920995728547,4.6629367034256575e-15,0
URFCJEUYXNAHFI-ZDUSSCGKSA-N,Infectious Diseases,2,EC50;IC50,3,3,3,0.3017507105042945,0.3017507105042945,0.5257161564606198,-0.22396544595632528,0
URFCJEUYXNAHFI-ZDUSSCGKSA-N,Inflammation and Proteolysis,1,IC50,1,1,1,-0.389049227139258,-0.389049227139258,-0.38904922713925755,-4.440892098500626e-16,0
URFCJEUYXNAHFI-ZDUSSCGKSA-N,Metabolic Enzymes,2,IC50;Ki,5,5,5,0.1871624133888875,0.1871624133888875,0.550777637063773,-0.3636152236748855,0
URFCJEUYXNAHFI-ZDUSSCGKSA-N,Phenotypic: Cancer and Cells,2,EC50;IC50,8,7,8,-1.1220312711919516,-1.1220312711919516,-1.154374530079232,0.03234325888728051,0
URGGLJWRKAXLOT-UHFFFAOYSA-N,Phenotypic: Cancer and Cells,1,IC50,4,4,4,0.375407170394915,0.375407170394915,0.37540717039491533,-3.3306690738754696e-16,0
URQUSRJQNKCRCO-OAHLLOKOSA-N,Phenotypic: Cancer and Cells,1,IC50,5,4,5,-1.08872315902747,-1.08872315902747,-1.0887231590274715,1.5543122344752192e-15,0
UVBDKJHYMQEAQV-XYOKQWHBSA-N,Phenotypic: Cancer and Cells,1,IC50,1,1,1,0.176574656522739,0.176574656522739,0.17657465652273863,3.608224830031759e-16,0
UVQKYQGWGMUDAI-PFVCLYDRSA-N,Phenotypic: Cancer and Cells,1,IC50,1,1,1,-0.0584092235080147,-0.0584092235080147,-0.058409223508014745,4.163336342344337e-17,0
UXLMHNXEKOQLBQ-DCAFODOZSA-N,Infectious Diseases,1,IC50,1,1,1,2.11547922631897,2.11547922631897,2.115479226318969,8.881784197001252e-16,0
UXUFMIJZNYXWDX-VMPITWQZSA-N,Cell Signaling and Survival,1,IC50,2,2,2,0.286911190174654,0.286911190174654,0.28691119017465433,-3.3306690738754696e-16,0
UXUFMIJZNYXWDX-VMPITWQZSA-N,Inflammation and Proteolysis,1,IC50,1,1,1,-0.710204380700676,-0.710204380700676,-0.7102043807006763,2.220446049250313e-16,0
UXUFMIJZNYXWDX-VMPITWQZSA-N,Phenotypic: Cancer and Cells,1,IC50,2,2,2,0.194650339602029,0.194650339602029,0.1946503396020286,3.885780586188048e-16,0
UYLQOGTYNFVQQX-UHFFFAOYSA-N,Phenotypic: Cancer and Cells,1,IC50,1,1,1,-0.474149934331655,-0.474149934331655,-0.47414993433165487,-1.1102230246251565e-16,0
UYOJEKMKWXYOEQ-UHFFFAOYSA-N,Phenotypic: Cancer and Cells,1,IC50,2,1,2,-1.08872315902747,-1.08872315902747,-1.0887231590274715,1.5543122344752192e-15,0
VALTWXVTFHGVHS-ILVSVAAVSA-N,General Assays and Safety,1,IC50,1,1,1,-0.654873492588962,-0.654873492588962,-0.6548734925889617,-3.3306690738754696e-16,0
VALTWXVTFHGVHS-ILVSVAAVSA-N,Inflammation and Proteolysis,2,IC50;Ki,2,2,2,-0.425424349451909,-0.425424349451909,-0.425424349451909,0,0
VBOYLFNGTSLAAZ-UHFFFAOYSA-N,General Assays and Safety,1,EC50,1,1,1,0.333185036186535,0.333185036186535,0.33318503618653456,4.440892098500626e-16,0
VBTMMYSERQFPPK-UHFFFAOYSA-N,Infectious Diseases,2,IC50;Ki,2,2,2,1.036368149110767,1.036368149110767,1.0363681491107677,-6.661338147750939e-16,0
VDGBAYIBHQEDHS-BQASJOSNSA-N,Infectious Diseases,1,IC50,1,1,1,1.12649072573608,1.12649072573608,1.1264907257360806,-6.661338147750939e-16,0
VDOHBGQSFOWYTB-UHFFFAOYSA-N,Cell Signaling and Survival,1,IC50,1,1,1,-0.793578235700212,-0.793578235700212,-0.7935782357002118,-2.220446049250313e-16,0
VDYSHUXENHRSOO-YWEYNIOJSA-N,Infectious Diseases,1,IC50,1,1,1,-1.58873224859149,-1.58873224859149,-1.5887322485914865,-3.552713678800501e-15,0
VFTCTZLSYLIKOO-CPJSRVTESA-N,General Assays and Safety,1,IC50,1,1,1,0.74190957357706,0.74190957357706,0.7419095735770597,3.3306690738754696e-16,0
VFVVDFLDUBZQGX-RRHNGELWSA-N,Infectious Diseases,1,IC50,1,1,1,-0.0243322567603712,-0.0243322567603712,-0.024332256760371217,1.734723475976807e-17,0
VGEREEWJJVICBM-UHFFFAOYSA-N,Cell Signaling and Survival,1,IC50,1,1,1,-0.92615362537811,-0.92615362537811,-0.9261536253781102,2.220446049250313e-16,0
VGEREEWJJVICBM-UHFFFAOYSA-N,Gene Regulation,1,IC50,1,1,1,1.33665279680986,1.33665279680986,1.3366527968098592,8.881784197001252e-16,0
VGEREEWJJVICBM-UHFFFAOYSA-N,Infectious Diseases,1,IC50,6,2,6,-0.797541448125176,-0.797541448125176,-0.7975414481251764,3.3306690738754696e-16,0
VGEREEWJJVICBM-UHFFFAOYSA-N,Metabolic Enzymes,2,AC50;IC50,7,7,7,-0.42537505060688297,-0.42537505060688297,-0.46253972364400475,0.03716467303712179,0
VGEREEWJJVICBM-UHFFFAOYSA-N,Phenotypic: Cancer and Cells,1,IC50,2,2,2,-0.212052529681969,-0.212052529681969,-0.21205252968196894,-5.551115123125783e-17,0
VGEREEWJJVICBM-UHFFFAOYSA-N,Transporters and Ion Channels,2,IC50;Ki,11,11,11,-0.935879695697688,-0.935879695697688,-0.7360039744172585,-0.19987572128042952,0
VHWHNZUORPFYQI-UHFFFAOYSA-N,Cell Signaling and Survival,1,IC50,2,1,2,0.850356596305721,0.850356596305721,0.8503565963057208,2.220446049250313e-16,0
VHWHNZUORPFYQI-UHFFFAOYSA-N,Phenotypic: Cancer and Cells,1,IC50,4,4,4,0.827299247377134,0.827299247377134,0.8272992473771338,2.220446049250313e-16,0
VIHJUBYCOAJPQW-OGGKTOENSA-N,Phenotypic: Cancer and Cells,1,IC50,1,1,1,-0.889890645155297,-0.889890645155297,-0.8898906451552966,-4.440892098500626e-16,0
VIMHZMOJYABXJB-MRXNPFEDSA-N,Phenotypic: Cancer and Cells,1,IC50,1,1,1,0.321180121157049,0.321180121157049,0.32118012115704864,3.885780586188048e-16,0
VLEOOBKBMSIDKF-JXMROGBWSA-N,Cell Signaling and Survival,1,IC50,1,1,1,-0.634487768086734,-0.634487768086734,-0.6344877680867343,3.3306690738754696e-16,0
VLSXHSGQICXETC-MDZDMXLPSA-N,Phenotypic: Cancer and Cells,1,IC50,2,2,2,-0.392809360474856,-0.392809360474856,-0.39280936047485565,-3.3306690738754696e-16,0
VMDPAFNBQPVUSZ-QFIPXVFZSA-N,General Assays and Safety,1,IC50,1,1,1,-0.711885046310024,-0.711885046310024,-0.7118850463100238,-2.220446049250313e-16,0
VMMVZVPAYFZNBM-SXSJKRSNSA-N,Metabolic Enzymes,2,IC50;Ki,2,2,2,-0.4816294580247105,-0.4816294580247105,-0.4816294580247106,5.551115123125783e-17,0
VNCWZYPKAQUABQ-XMMPIXPASA-N,Phenotypic: Cancer and Cells,1,IC50,1,1,1,0.501936951949937,0.501936951949937,0.501936951949937,0,0
VNIXCOZHVDVADB-UHFFFAOYSA-N,Infectious Diseases,1,IC50,1,1,1,-1.1032288028508,-1.1032288028508,-1.1032288028507964,-3.552713678800501e-15,0
VNTSSLCFFUCTNP-UHFFFAOYSA-N,Metabolic Enzymes,1,IC50,1,1,1,0.420267669515994,0.420267669515994,0.42026766951599404,-5.551115123125783e-17,0
VOCGSQHKPZSIKB-FQEVSTJZSA-N,Gene Regulation,3,EC50;IC50;Ki,3,3,3,0.29767716638741537,0.0291169243013271,0.29767716638741526,1.1102230246251565e-16,-0.26856024208608825
VOCGSQHKPZSIKB-FQEVSTJZSA-N,Metabolic Enzymes,1,IC50,2,2,2,0.282876047587016,0.282876047587016,0.28287604758701645,-4.440892098500626e-16,0
VOCGSQHKPZSIKB-UHFFFAOYSA-N,Infectious Diseases,1,IC50,1,1,1,0.694932107299911,0.694932107299911,0.6949321072999106,3.3306690738754696e-16,0
VOEMDQMSOKXQNY-UHFFFAOYSA-N,Metabolic Enzymes,1,IC50,1,1,1,-1.30694129187687,-1.30694129187687,-1.306941291876874,3.9968028886505635e-15,0
VOGSGMTZZJCGMI-UHFFFAOYSA-N,General Assays and Safety,1,IC50,1,1,1,0.513863358692811,0.513863358692811,0.513863358692811,0,0
VOOFPOMXNLNEOF-UHFFFAOYSA-N,Phenotypic: Cancer and Cells,1,IC50,1,1,1,-0.365695835855923,-0.365695835855923,-0.36569583585592313,1.1102230246251565e-16,0
VPGMCCIECGDASG-UHFFFAOYSA-N,Infectious Diseases,1,IC50,1,1,1,0.0655757887471638,0.0655757887471638,0.06557578874716381,-1.3877787807814457e-17,0
VRMRECOMNBQHJO-HHPDBAQJSA-N,Phenotypic: Cancer and Cells,1,IC50,1,1,1,0.30310443807776,0.30310443807776,0.30310443807776033,-3.3306690738754696e-16,0
VSBUTPUUSVOZDI-UHFFFAOYSA-N,Inflammation and Proteolysis,1,IC50,1,1,1,1.26613502583113,1.26613502583113,1.2661350258311324,-2.4424906541753444e-15,0
VSEIMGCATUFLSE-UHFFFAOYSA-N,Gene Regulation,1,IC50,2,2,2,0.199821086134634,0.199821086134634,0.19982108613463445,-4.440892098500626e-16,0
VSEIMGCATUFLSE-UHFFFAOYSA-N,Phenotypic: Cancer and Cells,1,IC50,1,1,1,0.266953071919184,0.266953071919184,0.2669530719191836,3.885780586188048e-16,0
VSRAHYZSNLDBKG-ONEGZZNKSA-N,General Assays and Safety,1,IC50,2,2,2,-0.619241271513299,-0.619241271513299,-0.6192412715132986,-4.440892098500626e-16,0
VSRAHYZSNLDBKG-ONEGZZNKSA-N,Inflammation and Proteolysis,1,IC50,1,1,1,-0.203767407776901,-0.203767407776901,-0.20376740777690114,1.3877787807814457e-16,0
VSUQUSVBOASRIA-QHCPKHFHSA-N,Cell Signaling and Survival,1,IC50,1,1,1,0.28028242069076,0.28028242069076,0.2802824206907596,3.885780586188048e-16,0
VSUQUSVBOASRIA-QHCPKHFHSA-N,Phenotypic: Cancer and Cells,1,IC50,2,2,2,0.212726022681317,0.212726022681317,0.21272602268131693,5.551115123125783e-17,0
VTLAWTXYJBLWSZ-CYFREDJKSA-N,General Assays and Safety,1,IC50,1,1,1,0.442598916541484,0.442598916541484,0.44259891654148353,4.440892098500626e-16,0
VTNVBSWKRFKHFA-AREMUKBSSA-N,Infectious Diseases,1,IC50,1,1,1,-0.186166738673936,-0.186166738673936,-0.18616673867393618,1.942890293094024e-16,0
VTOUUGNAMKWJPH-UWJYYQICSA-N,General Assays and Safety,1,IC50,1,1,1,-0.113263732238872,-0.113263732238872,-0.11326373223887164,-3.608224830031759e-16,0
VVDZZNWYISOIDK-UHFFFAOYSA-N,Cell Signaling and Survival,1,IC50,1,1,1,-0.170473904214093,-0.170473904214093,-0.17047390421409261,-3.885780586188048e-16,0
VVMNOJJSVJYOFS-FGPQKVDGSA-N,Metabolic Enzymes,1,IC50,1,1,1,-0.731204971412585,-0.731204971412585,-0.7312049714125849,-1.1102230246251565e-16,0
VWRAKYMXGMVCQG-YJBOKZPZSA-N,General Assays and Safety,1,IC50,1,1,1,-0.113263732238872,-0.113263732238872,-0.11326373223887164,-3.608224830031759e-16,0
VWWMSFMNICMFQB-AWEZNQCLSA-N,Phenotypic: Cancer and Cells,1,IC50,1,1,1,0.700769465822112,0.700769465822112,0.7007694658221121,-1.1102230246251565e-16,0
VXIWIIHDWPBCIM-DHZHZOJOSA-N,General Assays and Safety,1,IC50,2,2,2,-0.569356162007369,-0.569356162007369,-0.5693561620073689,-1.1102230246251565e-16,0
VYESEQLQFXUROZ-HNNXBMFYSA-N,Infectious Diseases,1,IC50,1,1,1,1.80979187159335,1.80979187159335,1.8097918715933492,8.881784197001252e-16,0
VYESEQLQFXUROZ-UHFFFAOYSA-N,Metabolic Enzymes,1,IC50,3,2,3,0.0179064910097018,0.0179064910097018,0.017906491009701816,-1.734723475976807e-17,0
VYESEQLQFXUROZ-UHFFFAOYSA-N,Phenotypic: Cancer and Cells,1,IC50,1,1,1,-0.69105813128312,-0.69105813128312,-0.6910581312831199,-1.1102230246251565e-16,0
VZBPTZZTCBNBOZ-VJXVFPJBSA-N,Transporters and Ion Channels,1,IC50,2,2,2,1.2595218678686,1.2595218678686,1.2595218678685973,2.6645352591003757e-15,0
WACBUPFEGWUGPB-MIUGBVLSSA-N,Cell Signaling and Survival,1,Kd,3,3,3,1.12532899775308,1.12532899775308,1.125328997753078,1.9984014443252818e-15,0
WBDNTJSRHDSPSR-KPKJPENVSA-N,Cell Signaling and Survival,1,IC50,2,1,2,-0.946039933829794,-0.946039933829794,-0.9460399338297945,4.440892098500626e-16,0
WBDNTJSRHDSPSR-KPKJPENVSA-N,Infectious Diseases,1,IC50,3,1,3,-0.240111565978456,-0.240111565978456,-0.24011156597845626,2.498001805406602e-16,0
WBDNTJSRHDSPSR-KPKJPENVSA-N,Inflammation and Proteolysis,1,IC50,1,1,1,-0.537274682629143,-0.537274682629143,-0.5372746826291434,3.3306690738754696e-16,0
WBDNTJSRHDSPSR-KPKJPENVSA-N,Metabolic Enzymes,1,IC50,2,1,2,-0.227435691006331,-0.227435691006331,-0.22743569100633065,-3.3306690738754696e-16,0
WBEFUVAYFSOUEA-PQMHYQBVSA-N,Cell Signaling and Survival,1,IC50,3,2,3,0.353198885013604,0.353198885013604,0.35319888501360414,-1.1102230246251565e-16,0
WBEFUVAYFSOUEA-PQMHYQBVSA-N,Gene Regulation,2,IC50;Ki,8,8,8,-1.117715105045305,-1.117715105045305,-1.1177151050453027,-2.220446049250313e-15,0
WBEFUVAYFSOUEA-PQMHYQBVSA-N,Infectious Diseases,1,IC50,1,1,1,0.497134407183332,0.497134407183332,0.4971344071833323,-2.7755575615628914e-16,0
WBEFUVAYFSOUEA-PQMHYQBVSA-N,Phenotypic: Cancer and Cells,1,EC50,1,1,1,-0.172408475417027,-0.172408475417027,-0.17240847541702709,8.326672684688674e-17,0
WBSCSIABHGPAMC-UHFFFAOYSA-N,Metabolic Enzymes,1,IC50,4,4,4,-0.201265858257954,-0.201265858257954,-0.20126585825795443,4.163336342344337e-16,0
WBZSDBHJYZORRP-VWLOTQADSA-N,Infectious Diseases,1,IC50,4,3,4,0.191447052457712,0.191447052457712,0.1914470524577122,-1.942890293094024e-16,0
WCJPAQJEARHLGS-KEBDBYFISA-N,Cell Signaling and Survival,1,IC50,3,3,3,0.373085193465288,0.373085193465288,0.3730851934652884,-3.885780586188048e-16,0
WCJPAQJEARHLGS-KEBDBYFISA-N,Metabolic Enzymes,1,IC50,1,1,1,2.42225987476682,2.42225987476682,2.4222598747668194,4.440892098500626e-16,0
WCJPAQJEARHLGS-KEBDBYFISA-N,Neuroscience Targets,1,IC50,2,2,2,0.0576997024820845,0.0576997024820845,0.05769970248208451,-6.938893903907228e-18,0
WCJPAQJEARHLGS-KEBDBYFISA-N,Phenotypic: Cancer and Cells,1,IC50,1,1,1,1.49609952131082,1.49609952131082,1.4960995213108172,2.6645352591003757e-15,0
WCWOWFQELCQQCI-AUSBBASTSA-N,Phenotypic: Cancer and Cells,1,IC50,1,1,1,-0.365695835855923,-0.365695835855923,-0.36569583585592313,1.1102230246251565e-16,0
WDJAZIFUJKIZSU-CQSZACIVSA-N,Cell Signaling and Survival,1,IC50,1,1,1,-0.30304929389199,-0.30304929389199,-0.3030492938919899,-5.551115123125783e-17,0
WDJAZIFUJKIZSU-CQSZACIVSA-N,Phenotypic: Cancer and Cells,1,IC50,3,3,3,0.664618099663535,0.664618099663535,0.6646180996635354,-3.3306690738754696e-16,0
WGVFVBIJKULVHA-QHHAFSJGSA-N,Phenotypic: Cancer and Cells,1,EC50,1,1,1,-0.654305209549688,-0.654305209549688,-0.6543052095496878,-1.1102230246251565e-16,0
WGYZIUPQEBQQND-UCSBTNPJSA-N,Phenotypic: Cancer and Cells,1,IC50,1,1,1,0.0138935088091403,0.0138935088091403,0.013893508809140268,3.2959746043559335e-17,0
WIBOONWRYQFYQJ-SNVBAGLBSA-N,Phenotypic: Cancer and Cells,1,IC50,1,1,1,2.11067274600663,2.11067274600663,2.110672746006634,-3.9968028886505635e-15,0
WIEKYGJSRGBBTQ-AFMDSPMNSA-N,Cell Signaling and Survival,1,IC50,1,1,1,0.359827654497499,0.359827654497499,0.35982765449749887,1.1102230246251565e-16,0
WJBWITXUNBMVLF-AIBWNMTMSA-N,Cell Signaling and Survival,1,IC50,1,1,1,-0.34282191079536,-0.34282191079536,-0.34282191079535956,-4.440892098500626e-16,0
WKEIAFLNVZWDKU-ZZXKWVIFSA-N,Phenotypic: Cancer and Cells,1,IC50,1,1,1,0.628466733504957,0.628466733504957,0.6284667335049571,-1.1102230246251565e-16,0
WKMQGQZPDSFACZ-QPJJXVBHSA-N,Metabolic Enzymes,1,IC50,1,1,1,-1.07141279714148,-1.07141279714148,-1.071412797141483,3.1086244689504383e-15,0
WKMQGQZPDSFACZ-QPJJXVBHSA-N,Neuroscience Targets,1,IC50,1,1,1,-0.71620820969725,-0.71620820969725,-0.7162082096972502,2.220446049250313e-16,0
WKYGVDYQMIWYES-UHFFFAOYSA-N,Infectious Diseases,2,EC50;IC50,2,2,2,0.22258683192081302,0.22258683192081302,0.22258683192081327,-2.498001805406602e-16,0
WLJKBVCQTOXSPP-LZYBPNLTSA-N,Phenotypic: Cancer and Cells,1,IC50,1,1,1,0.881526296615,0.881526296615,0.8815262966150004,-3.3306690738754696e-16,0
WMBWREPUVVBILR-GHTZIAJQSA-N,Cell Signaling and Survival,1,IC50,1,1,1,2.29542834379481,2.29542834379481,2.295428343794806,3.9968028886505635e-15,0
WMBWREPUVVBILR-GHTZIAJQSA-N,Neuroscience Targets,2,IC50;Ki,2,2,2,1.9469199042873298,1.9469199042873298,1.946919904287329,6.661338147750939e-16,0
WMBWREPUVVBILR-NQIIRXRSSA-N,Cell Signaling and Survival,2,IC50;Ki,5,5,5,0.8128709923154336,0.8128709923154336,0.970589252181061,-0.15771825986562737,0
WMBWREPUVVBILR-NQIIRXRSSA-N,Gene Regulation,1,IC50,2,2,2,0.154119308821058,0.154119308821058,0.1541193088210575,4.996003610813204e-16,0
WMBWREPUVVBILR-NQIIRXRSSA-N,General Assays and Safety,1,IC50,4,1,4,-0.284298393402058,-0.284298393402058,-0.28429839340205815,1.6653345369377348e-16,0
WMBWREPUVVBILR-NQIIRXRSSA-N,Infectious Diseases,2,IC50;Ki,13,9,13,-0.24053769736126296,-0.24053769736126296,0.39464643802619925,-0.6351841353874622,0
WMBWREPUVVBILR-NQIIRXRSSA-N,Inflammation and Proteolysis,1,IC50,1,1,1,2.06902290973468,2.06902290973468,2.06902290973468,0,0
WMBWREPUVVBILR-NQIIRXRSSA-N,Metabolic Enzymes,1,IC50,1,1,1,0.838984993490023,0.838984993490023,0.8389849934900232,-2.220446049250313e-16,0
WMBWREPUVVBILR-NQIIRXRSSA-N,Neuroscience Targets,1,IC50,2,1,2,1.17279282325661,1.17279282325661,1.17279282325661,0,0
WMBWREPUVVBILR-UHFFFAOYSA-N,Transporters and Ion Channels,1,IC50,1,1,1,0.00531443826104819,0.00531443826104819,0.005314438261048187,3.469446951953614e-18,0
WMBWREPUVVBILR-WIYYLYMNSA-N,Cell Signaling and Survival,3,IC50;Kd;Ki,41,35,41,0.604862122749026,0.347626594575372,0.9708845386680803,-0.3660224159190544,-0.25723552817365397
WMBWREPUVVBILR-WIYYLYMNSA-N,Gene Regulation,3,EC50;IC50;Ki,18,13,18,0.06593363005412199,-0.322892991889402,-0.2561289830036512,0.32206261305777323,-0.388826621943524
WMBWREPUVVBILR-WIYYLYMNSA-N,General Assays and Safety,1,IC50,17,4,17,-0.113263732238872,-0.113263732238872,-0.11326373223887164,-3.608224830031759e-16,0
WMBWREPUVVBILR-WIYYLYMNSA-N,Infectious Diseases,4,EC50;IC50;Kd;Ki,74,30,72,1.4017487693965245,1.64135528779126,1.130071761944542,0.27167700745198253,0.23960651839473557
WMBWREPUVVBILR-WIYYLYMNSA-N,Inflammation and Proteolysis,1,IC50,15,11,14,0.142091988366166,0.142091988366166,0.14209198836616574,2.498001805406602e-16,0
WMBWREPUVVBILR-WIYYLYMNSA-N,Metabolic Enzymes,1,IC50,10,9,10,-0.076959152703165,-0.076959152703165,-0.07695915270316496,-4.163336342344337e-17,0
WMBWREPUVVBILR-WIYYLYMNSA-N,Neuroscience Targets,2,IC50;Ki,15,8,15,0.25949578657716443,0.25949578657716443,1.1555545332019048,-0.8960587466247404,0
WMBWREPUVVBILR-WIYYLYMNSA-N,Phenotypic: Cancer and Cells,2,EC50;IC50,39,32,39,-0.537721687553327,-0.537721687553327,-0.4369028166821815,-0.10081887087114555,0
WMBWREPUVVBILR-WIYYLYMNSA-N,Transporters and Ion Channels,1,IC50,5,3,4,-0.336742133450101,-0.336742133450101,-0.33674213345010123,2.220446049250313e-16,0
WMDVTEYZKOEFEB-UHFFFAOYSA-N,Cell Signaling and Survival,1,IC50,1,1,1,0.187479647916232,0.187479647916232,0.18747964791623195,5.551115123125783e-17,0
WMDVTEYZKOEFEB-UHFFFAOYSA-N,Phenotypic: Cancer and Cells,1,IC50,1,1,1,0.35733148731562703,0.35733148731562703,0.35733148731562697,5.551115123125783e-17,0
WMKOZARWBMFKAS-UHFFFAOYSA-N,Infectious Diseases,1,IC50,1,1,1,-1.73258512140354,-1.73258512140354,-1.7325851214035433,3.3306690738754696e-15,0
WNEAAJKGMLICIY-QFIPXVFZSA-N,Cell Signaling and Survival,1,IC50,1,1,1,1.19505260946825,1.19505260946825,1.1950526094682548,-4.6629367034256575e-15,0
WNEAAJKGMLICIY-QFIPXVFZSA-N,General Assays and Safety,1,IC50,1,1,1,0.61363357770467,0.61363357770467,0.6136335777046701,-1.1102230246251565e-16,0
WNUBZQVPFKTBOZ-QPJJXVBHSA-N,Metabolic Enzymes,1,IC50,2,2,2,0.237078840277357,0.237078840277357,0.2370788402773569,1.1102230246251565e-16,0
WNUBZQVPFKTBOZ-QPJJXVBHSA-N,Phenotypic: Cancer and Cells,1,IC50,2,2,2,0.510974793489581,0.510974793489581,0.5109747934895812,-2.220446049250313e-16,0
WOGYXYDORXIAGE-UHFFFAOYSA-N,Cell Signaling and Survival,1,IC50,1,1,1,-1.09850163195938,-1.09850163195938,-1.0985016319593772,-2.886579864025407e-15,0
WOGYXYDORXIAGE-ZDUSSCGKSA-N,Infectious Diseases,2,EC50;IC50,2,2,2,-0.6456823536393734,-0.6456823536393734,-0.6456823536393734,0,0
WOGYXYDORXIAGE-ZDUSSCGKSA-N,Metabolic Enzymes,1,IC50,1,1,1,-0.757374804160961,-0.757374804160961,-0.7573748041609611,1.1102230246251565e-16,0
WPVMLODCRMLWMB-HXUWFJFHSA-N,Cell Signaling and Survival,1,IC50,1,1,1,-0.316306832859781,-0.316306832859781,-0.31630683285978056,-4.440892098500626e-16,0
WQCJOKYOIJVEFN-CYBMUJFWSA-N,Phenotypic: Cancer and Cells,1,IC50,1,1,1,-1.1971772575032,-1.1971772575032,-1.197177257503205,4.884981308350689e-15,0
WQCJOKYOIJVEFN-ZDUSSCGKSA-N,Phenotypic: Cancer and Cells,1,IC50,1,1,1,-0.781436546679563,-0.781436546679563,-0.7814365466795632,2.220446049250313e-16,0
WQIMBMVBFTYBSK-ALKXEMMNSA-N,Phenotypic: Cancer and Cells,1,IC50,1,1,1,0.556164001187802,0.556164001187802,0.5561640011878021,-1.1102230246251565e-16,0
WRSUVSOOJHAIRI-UHFFFAOYSA-N,Phenotypic: Cancer and Cells,1,IC50,5,4,5,-0.944117694393163,-0.944117694393163,-0.9441176943931632,2.220446049250313e-16,0
WSSNVJXVWRIBQI-UHFFFAOYSA-N,Gene Regulation,1,EC50,3,3,3,-1.3761077099536,-1.3761077099536,-1.3761077099535974,-2.6645352591003757e-15,0
WTGKDESIYCVAOP-CAHKVJEUSA-N,Phenotypic: Cancer and Cells,1,IC50,2,1,2,-0.844701437457074,-0.844701437457074,-0.844701437457074,0,0
WTGKDESIYCVAOP-UNTHUGQZSA-N,Cell Signaling and Survival,1,IC50,1,1,1,0.293539959658549,0.293539959658549,0.29353995965854907,-5.551115123125783e-17,0
WTKJOOHYNMPGLE-KXBFYZLASA-N,Infectious Diseases,2,IC50;Ki,3,3,3,-0.7498386511654405,-0.7498386511654405,-0.7837211925868596,0.03388254142141911,0
WTKJOOHYNMPGLE-KXBFYZLASA-N,Neuroscience Targets,1,EC50,1,1,1,-1.07468712062097,-1.07468712062097,-1.0746871206209665,-3.552713678800501e-15,0
WUADCCWRTIWANL-UHFFFAOYSA-N,Cell Signaling and Survival,1,EC50,2,2,2,0.559974399709649,0.559974399709649,0.559974399709649,0,0
WUADCCWRTIWANL-UHFFFAOYSA-N,Gene Regulation,1,IC50,1,1,1,0.205533808298831,0.205533808298831,0.20553380829883144,-4.440892098500626e-16,0
WUADCCWRTIWANL-UHFFFAOYSA-N,General Assays and Safety,1,EC50,1,1,1,-1.05570525096526,-1.05570525096526,-1.0557052509652614,1.3322676295501878e-15,0
WUADCCWRTIWANL-UHFFFAOYSA-N,Infectious Diseases,1,IC50,4,4,4,-0.554789725254831,-0.554789725254831,-0.5547897252548313,3.3306690738754696e-16,0
WUADCCWRTIWANL-UHFFFAOYSA-N,Metabolic Enzymes,2,IC50;Ki,13,11,13,0.09020583150648401,0.09020583150648401,0.11715612484866005,-0.026950293342176038,0
WUADCCWRTIWANL-UHFFFAOYSA-N,Neuroscience Targets,1,IC50,1,1,1,2.32949389629884,2.32949389629884,2.3294938962988425,-2.6645352591003757e-15,0
WUADCCWRTIWANL-UHFFFAOYSA-N,Phenotypic: Cancer and Cells,2,EC50;IC50,7,5,6,0.926610229567465,0.926610229567465,0.6593934617861618,0.2672167677813032,0
WVRDOLPMKOCJRJ-DENIHFKCSA-N,Cell Signaling and Survival,1,IC50,1,1,1,1.69883909024427,1.69883909024427,1.698839090244266,3.9968028886505635e-15,0
WVRDOLPMKOCJRJ-DENIHFKCSA-N,Inflammation and Proteolysis,1,IC50,3,3,3,0.00621865416710349,0.00621865416710349,0.006218654167103487,2.6020852139652106e-18,0
WWFVAIXZPACOBJ-NRFANRHFSA-N,Infectious Diseases,1,IC50,1,1,1,-0.815523057226683,-0.815523057226683,-0.815523057226683,0,0
WZSJHPLGMXDPQW-UHFFFAOYSA-N,General Assays and Safety,1,IC50,1,1,1,-0.0419992900875442,-0.0419992900875442,-0.041999290087544244,4.163336342344337e-17,0
WZSJHPLGMXDPQW-UHFFFAOYSA-N,Neuroscience Targets,1,IC50,2,2,2,0.581959901055182,0.581959901055182,0.5819599010551816,4.440892098500626e-16,0
XBFSDEKOTLYPJU-SXZUIPJJSA-N,General Assays and Safety,1,EC50,1,1,1,-0.16968903329946,-0.16968903329946,-0.1696890332994604,3.885780586188048e-16,0
XBFSDEKOTLYPJU-SXZUIPJJSA-N,Infectious Diseases,1,IC50,2,2,2,-1.30102650296737,-1.30102650296737,-1.3010265029673747,4.6629367034256575e-15,0
XCHYGHACCAXWJR-NRFANRHFSA-N,General Assays and Safety,1,IC50,1,1,1,0.955702900031043,0.955702900031043,0.9557029000310431,-1.1102230246251565e-16,0
XCRBPIBUMBLGCZ-FZKQIMNGSA-N,General Assays and Safety,1,IC50,3,1,3,4.0058210241078704,4.0058210241078704,4.005821024107866,4.440892098500626e-15,0
XCRBPIBUMBLGCZ-FZKQIMNGSA-N,Phenotypic: Cancer and Cells,1,IC50,5,5,5,1.42379678899366,1.42379678899366,1.4237967889936622,-2.220446049250313e-15,0
XCRBPIBUMBLGCZ-UHFFFAOYSA-N,Phenotypic: Cancer and Cells,1,IC50,4,4,4,0.465785585791359,0.465785585791359,0.4657855857913587,2.7755575615628914e-16,0
XCYSQFHYFNWYFP-CEMXSPGASA-N,General Assays and Safety,1,IC50,2,2,2,0.12190892686051,0.12190892686051,0.12190892686050965,3.469446951953614e-16,0
XCYSQFHYFNWYFP-CEMXSPGASA-N,Infectious Diseases,2,IC50;Ki,2,2,2,-0.1025873282383946,-0.1025873282383946,-0.10258732823839478,1.8041124150158794e-16,0
XCYSQFHYFNWYFP-CEMXSPGASA-N,Inflammation and Proteolysis,2,IC50;Ki,6,6,6,-0.20537845137461946,-0.20537845137461946,0.19919820652410383,-0.4045766578987233,0
XCYSQFHYFNWYFP-CEMXSPGASA-N,Neuroscience Targets,2,IC50;Ki,4,4,4,0.7508370721867654,0.7508370721867654,0.7508370721867654,0,0
XCYSQFHYFNWYFP-CEMXSPGASA-N,Phenotypic: Cancer and Cells,2,EC50;IC50,6,6,6,0.344612836332933,0.344612836332933,0.344612836332933,0,0
XCYSQFHYFNWYFP-VIZOYTHASA-N,Phenotypic: Cancer and Cells,1,IC50,1,1,1,0.176574656522739,0.176574656522739,0.17657465652273863,3.608224830031759e-16,0
XDBDADAPEFSDHG-UHFFFAOYSA-N,Phenotypic: Cancer and Cells,1,IC50,1,1,1,1.02613176124931,1.02613176124931,1.0261317612493104,-4.440892098500626e-16,0
XDKYBPGIBVMHHB-KPKJPENVSA-N,Infectious Diseases,3,EC50;IC50;Ki,5,5,5,-0.4572692222883266,-1.1032288028508,0.2513622335296163,-0.708631455817943,-0.6459595805624734
XDKYBPGIBVMHHB-KPKJPENVSA-N,Metabolic Enzymes,1,IC50,1,1,1,0.865154826238401,0.865154826238401,0.8651548262384006,4.440892098500626e-16,0
XDRMVDDOBVPELW-CYFREDJKSA-N,Cell Signaling and Survival,1,IC50,1,1,1,0.386342732433078,0.386342732433078,0.3863427324330779,1.1102230246251565e-16,0
XDRMVDDOBVPELW-CYFREDJKSA-N,General Assays and Safety,1,IC50,1,1,1,0.528116247123077,0.528116247123077,0.5281162471230775,-4.440892098500626e-16,0
XDRMVDDOBVPELW-CYFREDJKSA-N,Phenotypic: Cancer and Cells,1,IC50,4,2,4,0.59231536734638,0.59231536734638,0.5923153673463804,-3.3306690738754696e-16,0
XECJBJHITROSPL-UCKKVMSCSA-N,General Assays and Safety,1,IC50,1,1,1,-0.0134935132270125,-0.0134935132270125,-0.013493513227012529,2.949029909160572e-17,0
XECJBJHITROSPL-WSONZKGWSA-N,General Assays and Safety,1,IC50,1,1,1,0.0150122636335179,0.0150122636335179,0.015012263633517922,-2.2551405187698492e-17,0
XERSCIKBWOLVNC-CYFREDJKSA-N,Cell Signaling and Survival,1,IC50,1,1,1,0.0283891803027545,0.0283891803027545,0.028389180302754495,3.469446951953614e-18,0
XERSCIKBWOLVNC-CYFREDJKSA-N,General Assays and Safety,1,IC50,1,1,1,0.827426904158653,0.827426904158653,0.8274269041586535,-4.440892098500626e-16,0
XERSCIKBWOLVNC-CYFREDJKSA-N,Phenotypic: Cancer and Cells,1,IC50,3,2,3,-0.0312956988890806,-0.0312956988890806,-0.03129569888908061,1.3877787807814457e-17,0
XEVCTBKORYCFCZ-UXBLZVDNSA-N,Neuroscience Targets,1,IC50,1,1,1,-1.44850816960888,-1.44850816960888,-1.4485081696088797,-2.220446049250313e-16,0
XFZJEEAOWLFHDH-AVFWISQGSA-N,General Assays and Safety,1,IC50,1,1,1,-1.11096592235746,-1.11096592235746,-1.110965922357459,-8.881784197001252e-16,0
XFZJEEAOWLFHDH-AVFWISQGSA-N,Inflammation and Proteolysis,1,IC50,1,1,1,-0.78431710844562,-0.78431710844562,-0.7843171084456197,-2.220446049250313e-16,0
XFZJEEAOWLFHDH-AVFWISQGSA-N,Metabolic Enzymes,1,IC50,1,1,1,-0.574185974922324,-0.574185974922324,-0.574185974922324,0,0
XFZJEEAOWLFHDH-NFJBMHMQSA-N,General Assays and Safety,1,IC50,3,2,3,-0.237976506003696,-0.237976506003696,-0.2379765060036955,-4.996003610813204e-16,0
XFZJEEAOWLFHDH-NFJBMHMQSA-N,Inflammation and Proteolysis,1,IC50,1,1,1,-1.00665529168045,-1.00665529168045,-1.0066552916804479,-2.220446049250313e-15,0
XFZJEEAOWLFHDH-NFJBMHMQSA-N,Metabolic Enzymes,1,IC50,1,1,1,0.289418505774111,0.289418505774111,0.28941850577411055,4.440892098500626e-16,0
XFZJEEAOWLFHDH-NFJBMHMQSA-N,Neuroscience Targets,1,IC50,1,1,1,0.615246262869347,0.615246262869347,0.6152462628693472,-2.220446049250313e-16,0
XFZJEEAOWLFHDH-UKWJTHFESA-N,Inflammation and Proteolysis,1,IC50,2,1,2,-0.907838321353857,-0.907838321353857,-0.9078383213538573,3.3306690738754696e-16,0
XFZJEEAOWLFHDH-UKWJTHFESA-N,Neuroscience Targets,1,IC50,1,1,1,0.23245310200645,0.23245310200645,0.2324531020064497,3.0531133177191805e-16,0
XFZJEEAOWLFHDH-VUGKQVTMSA-N,General Assays and Safety,1,IC50,1,1,1,-0.911425484333742,-0.911425484333742,-0.911425484333742,0,0
XFZJEEAOWLFHDH-VUGKQVTMSA-N,Inflammation and Proteolysis,1,IC50,1,1,1,-0.88313407877221,-0.88313407877221,-0.8831340787722103,3.3306690738754696e-16,0
XGTBMCGGGJLOPS-IFMALSPDSA-N,General Assays and Safety,1,IC50,1,1,1,-0.270045504971793,-0.270045504971793,-0.2700455049717929,-1.1102230246251565e-16,0
XGTBMCGGGJLOPS-IFMALSPDSA-N,Infectious Diseases,1,IC50,1,1,1,-1.13919202105381,-1.13919202105381,-1.1391920210538098,-2.220446049250313e-16,0
XGTBMCGGGJLOPS-IFMALSPDSA-N,Inflammation and Proteolysis,1,IC50,2,2,2,-0.765788926509384,-0.765788926509384,-0.7657889265093843,3.3306690738754696e-16,0
XGZTURSZEPLOKA-DEOSSOPVSA-N,General Assays and Safety,1,IC50,1,1,1,0.342828697529626,0.342828697529626,0.3428286975296257,3.3306690738754696e-16,0
XHTOWVVXFDSBGH-XBXARRHUSA-N,Infectious Diseases,1,IC50,5,1,5,-0.00635064765886453,-0.00635064765886453,-0.006350647658864532,1.734723475976807e-18,0
XIJBDLYFYFZZDS-UHFFFAOYSA-N,Phenotypic: Cancer and Cells,1,IC50,1,1,1,-0.112636272745881,-0.112636272745881,-0.11263627274588141,4.0245584642661925e-16,0
XIUMMQJDWWYGHD-UHFFFAOYSA-N,Infectious Diseases,1,IC50,2,2,2,-0.159194325021675,-0.159194325021675,-0.15919432502167455,-4.440892098500626e-16,0
XIUMMQJDWWYGHD-UHFFFAOYSA-N,Phenotypic: Cancer and Cells,1,IC50,2,2,2,-0.302430945078412,-0.302430945078412,-0.3024309450784123,2.7755575615628914e-16,0
XJWKDASPAHTQCB-SJNSNYLYSA-N,Phenotypic: Cancer and Cells,1,IC50,1,1,1,-0.41992288509379,-0.41992288509379,-0.4199228850937898,-2.220446049250313e-16,0
XKHHKXCBFHUOHM-UHFFFAOYSA-N,Phenotypic: Cancer and Cells,1,IC50,3,2,3,-0.944117694393163,-0.944117694393163,-0.9441176943931632,2.220446049250313e-16,0
XLAVQLXQQIQYSX-VAQNTZKMSA-N,Phenotypic: Cancer and Cells,1,IC50,1,1,1,1.69493203518299,1.69493203518299,1.6949320351829922,-2.220446049250313e-15,0
XLHAGJGNSIEVFB-QFIPXVFZSA-N,General Assays and Safety,1,IC50,1,1,1,-1.39602369096277,-1.39602369096277,-1.3960236909627697,-2.220446049250313e-16,0
XLHAGJGNSIEVFB-QFIPXVFZSA-N,Infectious Diseases,2,IC50;Ki,2,2,2,-0.21779372987659576,-0.21779372987659576,-0.21779372987659568,-8.326672684688674e-17,0
XLHAGJGNSIEVFB-QFIPXVFZSA-N,Metabolic Enzymes,1,IC50,2,2,2,-0.84896921878028,-0.84896921878028,-0.8489692187802803,3.3306690738754696e-16,0
XMOCLSLCDHWDHP-IUODEOHRSA-N,Gene Regulation,1,IC50,4,1,4,0.211246530463028,0.211246530463028,0.21124653046302844,-4.440892098500626e-16,0
XMOCLSLCDHWDHP-IUODEOHRSA-N,General Assays and Safety,1,IC50,6,4,5,-0.526597496716572,-0.526597496716572,-0.5265974967165721,1.1102230246251565e-16,0
XMOCLSLCDHWDHP-IUODEOHRSA-N,Infectious Diseases,3,IC50;Kd;Ki,7,4,7,0.11517083488919867,0.299336707066756,0.24911309250347877,-0.13394225761428008,0.18416587217755737
XMOCLSLCDHWDHP-IUODEOHRSA-N,Inflammation and Proteolysis,1,IC50,1,1,1,-0.426105591011729,-0.426105591011729,-0.4261055910117293,2.7755575615628914e-16,0
XMOCLSLCDHWDHP-IUODEOHRSA-N,Metabolic Enzymes,1,IC50,2,1,2,-0.796629553283527,-0.796629553283527,-0.7966295532835267,-3.3306690738754696e-16,0
XMOCLSLCDHWDHP-IUODEOHRSA-N,Neuroscience Targets,2,IC50;Ki,3,2,3,-0.24152309840061154,-0.24152309840061154,-0.005862854031872589,-0.23566024436873895,0
XMOCLSLCDHWDHP-SWLSCSKDSA-N,General Assays and Safety,1,IC50,1,1,1,-0.939931261194272,-0.939931261194272,-0.9399312611942724,4.440892098500626e-16,0
XMOCLSLCDHWDHP-SWLSCSKDSA-N,Inflammation and Proteolysis,1,IC50,1,1,1,-1.27840196007857,-1.27840196007857,-1.2784019600785723,2.220446049250313e-15,0
XMOCLSLCDHWDHP-SWLSCSKDSA-N,Metabolic Enzymes,1,IC50,1,1,1,-1.00598821527054,-1.00598821527054,-1.0059882152705413,1.3322676295501878e-15,0
XMOCLSLCDHWDHP-SWLSCSKDSA-N,Neuroscience Targets,1,IC50,2,2,2,0.540351948787476,0.540351948787476,0.5403519487874763,-2.220446049250313e-16,0
XMOCLSLCDHWDHP-SWLSCSKDSA-N,Phenotypic: Cancer and Cells,1,IC50,1,1,1,-0.5645283497281,-0.5645283497281,-0.5645283497280998,-1.1102230246251565e-16,0
XMOCLSLCDHWDHP-WFASDCNBSA-N,Neuroscience Targets,1,IC50,1,1,1,1.03132578554641,1.03132578554641,1.031325785546409,8.881784197001252e-16,0
XMUPAAIHKAIUSU-QRQCRPRQSA-N,Infectious Diseases,2,IC50;Ki,2,2,2,-0.7020945325423454,-0.7020945325423454,-0.7020945325423462,7.771561172376096e-16,0
XMUPAAIHKAIUSU-QRQCRPRQSA-N,Metabolic Enzymes,1,IC50,3,3,3,0.0146352619161542,0.0146352619161542,0.014635261916154203,-3.469446951953614e-18,0
XMUPAAIHKAIUSU-QRQCRPRQSA-N,Neuroscience Targets,1,IC50,1,1,1,-0.98249910421057,-0.98249910421057,-0.98249910421057,0,0
XNZXBSSGLCCBPV-FEVFIROASA-N,Infectious Diseases,1,IC50,3,3,3,-0.797541448125176,-0.797541448125176,-0.7975414481251764,3.3306690738754696e-16,0
XNZXBSSGLCCBPV-FEVFIROASA-N,Phenotypic: Cancer and Cells,1,IC50,1,1,1,-0.745285180520987,-0.745285180520987,-0.7452851805209866,-4.440892098500626e-16,0
XOPDZJVJVVORSL-GMTBNIFVSA-N,Phenotypic: Cancer and Cells,1,IC50,1,1,1,-0.25724173738019,-0.25724173738019,-0.2572417373801898,-2.220446049250313e-16,0
XPMCEWWRVJLSLM-NRFANRHFSA-N,Cell Signaling and Survival,1,IC50,3,3,3,-0.0909286704073545,-0.0909286704073545,-0.09092867040735447,-2.7755575615628914e-17,0
XPMCEWWRVJLSLM-NRFANRHFSA-N,General Assays and Safety,1,IC50,1,1,1,-1.12521881078772,-1.12521881078772,-1.1252188107877241,4.218847493575595e-15,0
XPMCEWWRVJLSLM-NRFANRHFSA-N,Infectious Diseases,2,IC50;Ki,5,4,4,0.7092019677443314,0.7092019677443314,0.8948414297739544,-0.185639462029623,0
XPMCEWWRVJLSLM-NRFANRHFSA-N,Metabolic Enzymes,1,IC50,4,4,4,-1.11721000445114,-1.11721000445114,-1.1172100044511426,2.6645352591003757e-15,0
XQDCKJKKMFWXGB-UHFFFAOYSA-N,Infectious Diseases,2,EC50;IC50,7,4,7,-0.16690398823973848,-0.16690398823973848,0.03768501482556313,-0.20458900306530162,0
XQDCKJKKMFWXGB-UHFFFAOYSA-N,Inflammation and Proteolysis,1,IC50,1,1,1,0.673233203871589,0.673233203871589,0.673233203871589,0,0
XQDCKJKKMFWXGB-UHFFFAOYSA-N,Metabolic Enzymes,2,IC50;Ki,8,5,8,0.38969683830553703,0.38969683830553703,0.4691241050042444,-0.07942726669870737,0
XQDCKJKKMFWXGB-UHFFFAOYSA-N,Neuroscience Targets,1,IC50,1,1,1,1.16447123280307,1.16447123280307,1.164471232803069,8.881784197001252e-16,0
XQDCKJKKMFWXGB-UHFFFAOYSA-N,Phenotypic: Cancer and Cells,1,EC50,1,1,1,-0.121142865402914,-0.121142865402914,-0.1211428654029144,4.0245584642661925e-16,0
XQDCKJKKMFWXGB-UHFFFAOYSA-N,Transporters and Ion Channels,1,IC50,3,3,3,-0.519172305029381,-0.519172305029381,-0.5191723050293812,1.1102230246251565e-16,0
XQHLJEHHIHCILO-LVXARBLLSA-N,General Assays and Safety,1,IC50,1,1,1,0.941450011600778,0.941450011600778,0.9414500116007778,2.220446049250313e-16,0
XQLJWQWRTLHKGO-SFHVURJKSA-N,Metabolic Enzymes,2,IC50;Ki,2,2,2,-0.707829443968206,-0.707829443968206,-0.7078294439682069,8.881784197001252e-16,0
XQLJWQWRTLHKGO-UHFFFAOYSA-N,Cell Signaling and Survival,1,IC50,1,1,1,0.638235972821084,0.638235972821084,0.6382359728210841,-1.1102230246251565e-16,0
XQVKBMIVACNFLX-UHFFFAOYSA-N,Cell Signaling and Survival,1,IC50,1,1,1,-0.435624683569888,-0.435624683569888,-0.43562468356988837,3.885780586188048e-16,0
XQVKQEFQGYTUAR-VHBRHXFYSA-N,Cell Signaling and Survival,1,IC50,1,1,1,0.359827654497499,0.359827654497499,0.35982765449749887,1.1102230246251565e-16,0
XQVKQEFQGYTUAR-VHBRHXFYSA-N,General Assays and Safety,1,IC50,1,1,1,-0.0847579553783412,-0.0847579553783412,-0.08475795537834119,-1.3877787807814457e-17,0
XQWFHGOIUZFQPJ-LXGDFETPSA-N,Phenotypic: Cancer and Cells,1,EC50,1,1,1,-0.972151991637188,-0.972151991637188,-0.9721519916371881,1.1102230246251565e-16,0
XQXIDELHPWXTDD-UHFFFAOYSA-N,General Assays and Safety,1,IC50,1,1,1,0.243058478517767,0.243058478517767,0.2430584785177666,3.885780586188048e-16,0
XRVFNNUXNVWYTI-LLVKDONJSA-N,Phenotypic: Cancer and Cells,1,IC50,4,2,4,-1.25140430674107,-1.25140430674107,-1.2514043067410716,1.5543122344752192e-15,0
XRYVAQQLDYTHCL-CMJOXMDJSA-N,Infectious Diseases,2,IC50;Ki,2,2,2,-0.61926752684064,-0.61926752684064,-0.6192675268406399,-1.1102230246251565e-16,0
XRYVAQQLDYTHCL-CMJOXMDJSA-N,Neuroscience Targets,2,IC50;Ki,2,2,2,0.9282896858972175,0.9282896858972175,0.92828968589722,-2.55351295663786e-15,0
XRYVAQQLDYTHCL-CMJOXMDJSA-N,Phenotypic: Cancer and Cells,1,IC50,116,9,116,2.85177575225747,2.85177575225747,2.8517757522574723,-2.220446049250313e-15,0
XRYVAQQLDYTHCL-CMJOXMDJSA-N,Transporters and Ion Channels,1,IC50,6,5,6,0.501296467242216,0.501296467242216,0.5012964672422157,3.3306690738754696e-16,0
XTDORSAGLFPXGX-IBGZPJMESA-N,General Assays and Safety,1,IC50,1,1,1,0.884438457879716,0.884438457879716,0.8844384578797156,3.3306690738754696e-16,0
XTLSKKJNOIMMBK-UHFFFAOYSA-N,Metabolic Enzymes,2,IC50;Ki,5,5,5,0.33255576288036603,0.33255576288036603,0.3448641776578163,-0.01230841477745026,0
XUAORUWVUTVEEC-UHFFFAOYSA-N,General Assays and Safety,1,IC50,1,1,1,-1.06820725706666,-1.06820725706666,-1.068207257066662,1.9984014443252818e-15,0
XUFXKBJMCRJATM-FMIVXFBMSA-N,Cell Signaling and Survival,1,IC50,1,1,1,-0.727290540861263,-0.727290540861263,-0.7272905408612631,1.1102230246251565e-16,0
XUFXKBJMCRJATM-FMIVXFBMSA-N,General Assays and Safety,1,IC50,1,1,1,-0.754643711600821,-0.754643711600821,-0.7546437116008207,-3.3306690738754696e-16,0
XUFXKBJMCRJATM-FMIVXFBMSA-N,Infectious Diseases,1,IC50,5,3,5,-0.383964438790513,-0.383964438790513,-0.38396443879051295,-5.551115123125783e-17,0
XUFXKBJMCRJATM-FMIVXFBMSA-N,Inflammation and Proteolysis,1,IC50,2,2,2,-0.438457712302553,-0.438457712302553,-0.4384577123025528,-1.6653345369377348e-16,0
XUFXKBJMCRJATM-FMIVXFBMSA-N,Metabolic Enzymes,1,IC50,1,1,1,0.289418505774111,0.289418505774111,0.28941850577411055,4.440892098500626e-16,0
XUFXKBJMCRJATM-FMIVXFBMSA-N,Neuroscience Targets,1,IC50,1,1,1,-1.03242864693182,-1.03242864693182,-1.0324286469318178,-2.220446049250313e-15,0
XUFXKBJMCRJATM-FMIVXFBMSA-N,Phenotypic: Cancer and Cells,2,EC50;IC50,12,11,12,-0.705794835417036,-0.705794835417036,-0.7400465807108566,0.03425174529382058,0
XWUWFNSZQDCXCD-UHFFFAOYSA-N,Infectious Diseases,1,IC50,1,1,1,-1.57075063948998,-1.57075063948998,-1.5707506394899797,-2.220446049250313e-16,0
XWUWFNSZQDCXCD-UHFFFAOYSA-N,Phenotypic: Cancer and Cells,1,IC50,1,1,1,-1.30563135597894,-1.30563135597894,-1.3056313559789368,-3.3306690738754696e-15,0
XXQUTHYOIGFGPG-MPKNGZDBSA-N,Metabolic Enzymes,1,IC50,1,1,1,1.44089114670269,1.44089114670269,1.4408911467026895,4.440892098500626e-16,0
XYIQIBWIEGCVQY-RWHUQTJRSA-N,Cell Signaling and Survival,1,IC50,2,2,2,0.0615330277222282,0.0615330277222282,0.06153302772222823,-3.469446951953614e-17,0
XYIQIBWIEGCVQY-RWHUQTJRSA-N,Infectious Diseases,2,IC50;Ki,2,2,2,-0.35591730845388003,-0.35591730845388003,-0.35591730845388037,3.3306690738754696e-16,0
XYIQIBWIEGCVQY-RWHUQTJRSA-N,Inflammation and Proteolysis,1,IC50,2,2,2,0.333549868373935,0.333549868373935,0.3335498683739351,-5.551115123125783e-17,0
XYIQIBWIEGCVQY-RWHUQTJRSA-N,Neuroscience Targets,2,IC50;Ki,3,3,3,-0.8480065342641595,-0.8480065342641595,-0.917802162273587,0.06979562800942751,0
XYIQIBWIEGCVQY-RWHUQTJRSA-N,Phenotypic: Cancer and Cells,2,EC50;IC50,3,3,3,-0.31754500364134003,-0.31754500364134003,-0.37275926105132645,0.05521425740998642,0
XZMVXCSKRYOMID-UHFFFAOYSA-N,Phenotypic: Cancer and Cells,1,IC50,2,2,2,-0.763360863600275,-0.763360863600275,-0.7633608636002749,-1.1102230246251565e-16,0
YABIJLLNNFURIJ-UHFFFAOYSA-N,Infectious Diseases,2,IC50;Ki,2,2,2,0.5969347644715745,0.5969347644715745,0.5969347644715746,-1.1102230246251565e-16,0
YABIJLLNNFURIJ-UHFFFAOYSA-N,Inflammation and Proteolysis,1,Kd,1,1,1,-0.229134797341341,-0.229134797341341,-0.22913479734134062,-3.885780586188048e-16,0
YAEYGSBLDUIDTP-UHFFFAOYSA-N,Metabolic Enzymes,1,IC50,2,2,2,0.309045880335393,0.309045880335393,0.3090458803353927,2.7755575615628914e-16,0
YANXJXVKFOHHOB-UHFFFAOYSA-N,Phenotypic: Cancer and Cells,1,IC50,1,1,1,0.59231536734638,0.59231536734638,0.5923153673463804,-3.3306690738754696e-16,0
YBJJPNXZVZRDIU-UHFFFAOYSA-N,Cell Signaling and Survival,1,IC50,1,1,1,0.0283891803027545,0.0283891803027545,0.028389180302754495,3.469446951953614e-18,0
YCDZKMJZSGRQML-UHFFFAOYSA-N,Cell Signaling and Survival,1,IC50,1,1,1,-1.27084963854064,-1.27084963854064,-1.270849638540644,3.9968028886505635e-15,0
YDKQMGVESZZFGP-SETSBSEESA-N,Phenotypic: Cancer and Cells,1,IC50,2,2,2,0.104271924205584,0.104271924205584,0.10427192420558364,3.608224830031759e-16,0
YELBDRXMPXVGQT-LOSJGSFVSA-N,General Assays and Safety,1,IC50,1,1,1,0.542369135553343,0.542369135553343,0.5423691355533427,3.3306690738754696e-16,0
YFBYVGLTPVOMJI-UHFFFAOYSA-N,Metabolic Enzymes,1,IC50,1,1,1,-0.639610556793266,-0.639610556793266,-0.6396105567932657,-2.220446049250313e-16,0
YFLADGILWZIDNJ-UHFFFAOYSA-N,Phenotypic: Cancer and Cells,1,EC50,1,1,1,-0.562027111524285,-0.562027111524285,-0.5620271115242849,-1.1102230246251565e-16,0
YGCCASGFIOIXIN-UHFFFAOYSA-N,Phenotypic: Cancer and Cells,1,IC50,1,1,1,-1.41408545445467,-1.41408545445467,-1.41408545445467,0,0
YHOYRZLJSAAOGW-WFQOKMFZSA-N,Infectious Diseases,2,IC50;Ki,2,2,2,-0.14451554789950927,-0.14451554789950927,-0.14451554789950904,-2.220446049250313e-16,0
YHOYRZLJSAAOGW-WFQOKMFZSA-N,Neuroscience Targets,2,IC50;Ki,4,4,4,-0.7785529256149055,-0.7785529256149055,-0.7785529256149053,-2.220446049250313e-16,0
YHWNASRGLKJRJJ-UHFFFAOYSA-N,Cell Signaling and Survival,1,AC50,1,1,1,0.565502491672016,0.565502491672016,0.5655024916720163,-2.220446049250313e-16,0
YHWNASRGLKJRJJ-UHFFFAOYSA-N,Gene Regulation,1,EC50,1,1,1,0.286411575643779,0.286411575643779,0.2864115756437787,2.7755575615628914e-16,0
YHWNASRGLKJRJJ-UHFFFAOYSA-N,General Assays and Safety,1,AC50,1,1,1,0.885297098954221,0.885297098954221,0.885297098954221,0,0
YHWNASRGLKJRJJ-UHFFFAOYSA-N,Infectious Diseases,1,EC50,3,3,3,0.960781815298992,0.960781815298992,0.9607818152989921,-1.1102230246251565e-16,0
YHWNASRGLKJRJJ-UHFFFAOYSA-N,Transporters and Ion Channels,1,IC50,2,2,2,0.894661524710037,0.894661524710037,0.8946615247100375,-4.440892098500626e-16,0
YIMXACQKSLBLPF-UHFFFAOYSA-N,Metabolic Enzymes,1,IC50,2,2,2,-0.52184630942557,-0.52184630942557,-0.5218463094255703,3.3306690738754696e-16,0
YKGCBLWILMDSAV-SFHVURJKSA-N,Metabolic Enzymes,1,IC50,2,2,2,1.17919281921892,1.17919281921892,1.1791928192189214,-1.3322676295501878e-15,0
YKGCBLWILMDSAV-SFHVURJKSA-N,Phenotypic: Cancer and Cells,1,IC50,1,1,1,-0.221090371221613,-0.221090371221613,-0.22109037122161312,1.1102230246251565e-16,0
YKGCBLWILMDSAV-UHFFFAOYSA-N,Cell Signaling and Survival,1,IC50,3,3,3,-0.992441320217059,-0.992441320217059,-0.9924413202170589,-1.1102230246251565e-16,0
YKGCBLWILMDSAV-UHFFFAOYSA-N,Gene Regulation,1,EC50,1,1,1,-0.257865571426791,-0.257865571426791,-0.25786557142679134,3.3306690738754696e-16,0
YKGCBLWILMDSAV-UHFFFAOYSA-N,General Assays and Safety,1,IC50,1,1,1,-1.0111957033456,-1.0111957033456,-1.0111957033455998,-2.220446049250313e-16,0
YKGCBLWILMDSAV-UHFFFAOYSA-N,Neuroscience Targets,1,IC50,1,1,1,-0.732851390604334,-0.732851390604334,-0.7328513906043338,-2.220446049250313e-16,0
YKGCBLWILMDSAV-UHFFFAOYSA-N,Phenotypic: Cancer and Cells,1,IC50,7,5,7,-0.582604032807388,-0.582604032807388,-0.5826040328073882,1.1102230246251565e-16,0
YKTQNXNBVRMYNF-VFZUQKNSSA-N,Inflammation and Proteolysis,1,IC50,2,2,2,-0.518746500692908,-0.518746500692908,-0.5187465006929081,1.1102230246251565e-16,0
YKTQNXNBVRMYNF-VFZUQKNSSA-N,Metabolic Enzymes,1,IC50,2,2,2,-0.587270891296512,-0.587270891296512,-0.5872708912965121,1.1102230246251565e-16,0
YKTQNXNBVRMYNF-VFZUQKNSSA-N,Phenotypic: Cancer and Cells,1,IC50,2,1,2,-0.157825480444102,-0.157825480444102,-0.15782548044410227,2.7755575615628914e-16,0
YKTQNXNBVRMYNF-YVMHTMGASA-N,Inflammation and Proteolysis,1,IC50,2,2,2,-0.222295589713136,-0.222295589713136,-0.22229558971313645,4.440892098500626e-16,0
YKTQNXNBVRMYNF-YVMHTMGASA-N,Metabolic Enzymes,1,IC50,1,1,1,-1.46396028836713,-1.46396028836713,-1.4639602883671348,4.6629367034256575e-15,0
YKYNYMQDXOWMDT-UHFFFAOYSA-N,Phenotypic: Cancer and Cells,1,EC50,1,1,1,-0.326205305459366,-0.326205305459366,-0.32620530545936605,5.551115123125783e-17,0
YLTPWCZXKJSORQ-GYCJOSAFSA-N,Infectious Diseases,2,IC50;Ki,2,2,2,-0.8995699207083849,-0.8995699207083849,-0.8995699207083863,1.3322676295501878e-15,0
YLTPWCZXKJSORQ-GYCJOSAFSA-N,Neuroscience Targets,2,IC50;Ki,2,2,2,0.335767127578841,0.335767127578841,0.33576712757884075,2.220446049250313e-16,0
YLTPWCZXKJSORQ-GYCJOSAFSA-N,Phenotypic: Cancer and Cells,1,IC50,2,2,2,0.212726022681317,0.212726022681317,0.21272602268131693,5.551115123125783e-17,0
YLZYAUCOYZKLMA-SJCJKPOMSA-N,Infectious Diseases,2,IC50;Ki,2,2,2,1.0195025783569889,1.0195025783569889,1.0195025783569904,-1.5543122344752192e-15,0
YMILJRPIVTZKTL-OCFJWBBSSA-N,General Assays and Safety,1,IC50,1,1,1,-0.968437038054803,-0.968437038054803,-0.9684370380548029,-1.1102230246251565e-16,0
YMZLDTUSRCHDNT-YNIFFJEOSA-N,Infectious Diseases,1,IC50,3,2,3,0.3487861320959,0.3487861320959,0.34878613209589976,2.220446049250313e-16,0
YNHIXLNNNNXLFF-YENJAGDHSA-N,Infectious Diseases,1,IC50,1,1,1,-0.455890875196541,-0.455890875196541,-0.45589087519654126,2.7755575615628914e-16,0
YNWXJFQOCHMPCK-LXGDFETPSA-N,Inflammation and Proteolysis,1,IC50,1,1,1,-0.599035289083262,-0.599035289083262,-0.5990352890832622,2.220446049250313e-16,0
YNWXJFQOCHMPCK-LXGDFETPSA-N,Metabolic Enzymes,2,IC50;Ki,2,2,2,-0.1432279911501999,-0.1432279911501999,-0.14322799115020368,3.774758283725532e-15,0
YODBFZQPDZJGJG-CVDCTZTESA-N,Cell Signaling and Survival,1,IC50,1,1,1,0.134449492045073,0.134449492045073,0.1344494920450728,1.942890293094024e-16,0
YODBFZQPDZJGJG-CVDCTZTESA-N,Phenotypic: Cancer and Cells,1,IC50,3,2,3,0.407039615783671,0.407039615783671,0.4070396157836707,2.7755575615628914e-16,0
YOGANETYFUQWIM-PXJZQJOASA-N,Infectious Diseases,1,IC50,3,3,3,-1.21111845745984,-1.21111845745984,-1.2111184574598381,-1.7763568394002505e-15,0
YOGANETYFUQWIM-PXJZQJOASA-N,Phenotypic: Cancer and Cells,1,IC50,1,1,1,-0.781436546679563,-0.781436546679563,-0.7814365466795632,2.220446049250313e-16,0
YOKJEIDBLPWOSL-UHFFFAOYSA-N,Gene Regulation,1,IC50,1,1,1,-0.5256946287184,-0.5256946287184,-0.5256946287183998,-2.220446049250313e-16,0
YQHMWTPYORBCMF-ZZXKWVIFSA-N,Inflammation and Proteolysis,1,IC50,2,2,2,-1.30310620266022,-1.30310620266022,-1.3031062026602196,-4.440892098500626e-16,0
YQHMWTPYORBCMF-ZZXKWVIFSA-N,Metabolic Enzymes,1,IC50,1,1,1,-1.37236587374782,-1.37236587374782,-1.3723658737478155,-4.440892098500626e-15,0
YQHMWTPYORBCMF-ZZXKWVIFSA-N,Neuroscience Targets,1,EC50,1,1,1,0.111579537113653,0.111579537113653,0.111579537113653,0,0
YQHMWTPYORBCMF-ZZXKWVIFSA-N,Transporters and Ion Channels,1,Kd,1,1,1,0.459072240982613,0.459072240982613,0.45907224098261296,5.551115123125783e-17,0
YQNPVOBVGNGYHD-UHFFFAOYSA-N,Transporters and Ion Channels,1,IC50,2,2,2,-0.467863819272709,-0.467863819272709,-0.4678638192727088,-1.6653345369377348e-16,0
YRFDJOAWSXSLMG-NHYWBVRUSA-N,Phenotypic: Cancer and Cells,1,IC50,2,2,2,-0.112636272745881,-0.112636272745881,-0.11263627274588141,4.0245584642661925e-16,0
YRFONVUVHGLFMJ-NRFANRHFSA-N,General Assays and Safety,1,IC50,1,1,1,-0.840161042182413,-0.840161042182413,-0.8401610421824134,3.3306690738754696e-16,0
YRFONVUVHGLFMJ-NRFANRHFSA-N,Infectious Diseases,2,IC50;Ki,2,2,2,2.20467721930377,2.20467721930377,2.20467721930377,0,0
YRFONVUVHGLFMJ-NRFANRHFSA-N,Metabolic Enzymes,1,IC50,2,2,2,-1.18917704450918,-1.18917704450918,-1.1891770445091785,-1.5543122344752192e-15,0
YRFONVUVHGLFMJ-OAQYLSRUSA-N,Metabolic Enzymes,1,IC50,1,1,1,-1.47704520474132,-1.47704520474132,-1.477045204741323,2.886579864025407e-15,0
YRLRQNVYUYVRRD-RLTFZFDCSA-N,Phenotypic: Cancer and Cells,1,IC50,1,1,1,-1.16102589134463,-1.16102589134463,-1.1610258913446267,-3.3306690738754696e-15,0
YROJPKUFDFWHAO-VMPITWQZSA-N,Infectious Diseases,1,IC50,4,3,4,-0.132221911369415,-0.132221911369415,-0.13222191136941452,-4.718447854656915e-16,0
YROJPKUFDFWHAO-VMPITWQZSA-N,Phenotypic: Cancer and Cells,1,IC50,2,2,2,-0.54645266664881,-0.54645266664881,-0.5464526666488099,-1.1102230246251565e-16,0
YRSOJUCHXHTKQU-QPJJXVBHSA-N,Phenotypic: Cancer and Cells,1,IC50,2,1,2,-0.636831082045253,-0.636831082045253,-0.6368310820452532,2.220446049250313e-16,0
YSOKENZJQWPLRA-UXBLZVDNSA-N,Infectious Diseases,2,IC50;Ki,2,2,2,-0.4770887115501795,-0.4770887115501795,-0.47708871155017973,2.220446049250313e-16,0
YTPKRSILLIAZAA-BHIYHBOVSA-N,General Assays and Safety,1,IC50,1,1,1,-0.156022397529669,-0.156022397529669,-0.1560223975296686,-4.163336342344337e-16,0
YUFBSQFJPYHMTK-QUYCRGELSA-N,Cell Signaling and Survival,1,IC50,3,3,3,0.465887966239817,0.465887966239817,0.4658879662398172,-2.220446049250313e-16,0
YUFBSQFJPYHMTK-QUYCRGELSA-N,Metabolic Enzymes,1,IC50,1,1,1,1.25770231746405,1.25770231746405,1.2577023174640523,-2.220446049250313e-15,0
YUFBSQFJPYHMTK-QUYCRGELSA-N,Phenotypic: Cancer and Cells,1,IC50,1,1,1,1.24303995820077,1.24303995820077,1.2430399582007738,-3.774758283725532e-15,0
YVUQIBOMEHZRBP-UHFFFAOYSA-N,Phenotypic: Cancer and Cells,1,IC50,2,2,2,-0.627793240505609,-0.627793240505609,-0.627793240505609,0,0
YVVDYYFGAWQOGB-UHFFFAOYSA-N,Inflammation and Proteolysis,1,IC50,1,1,1,-0.561978925210792,-0.561978925210792,-0.5619789252107915,-4.440892098500626e-16,0
YXGBQKBRCDLZMP-JXMROGBWSA-N,Phenotypic: Cancer and Cells,1,IC50,1,1,1,0.646542416584247,0.646542416584247,0.646542416584247,0,0
YXMLGIGHGPSEKA-CQSZACIVSA-N,Gene Regulation,1,IC50,2,2,2,-0.737065348793693,-0.737065348793693,-0.7370653487936926,-4.440892098500626e-16,0
YXMLGIGHGPSEKA-CQSZACIVSA-N,Phenotypic: Cancer and Cells,1,IC50,4,4,4,-1.20621509904285,-1.20621509904285,-1.206215099042849,-8.881784197001252e-16,0
YXMLGIGHGPSEKA-UHFFFAOYSA-N,Metabolic Enzymes,1,IC50,1,1,1,-1.47704520474132,-1.47704520474132,-1.477045204741323,2.886579864025407e-15,0
YXOJEXDPGBEHQJ-WEVVVXLNSA-N,General Assays and Safety,1,IC50,1,1,1,1.19800200334556,1.19800200334556,1.198002003345557,3.1086244689504383e-15,0
YXPCHLHMGOFXRA-DHGPJANISA-N,Cell Signaling and Survival,1,IC50,4,4,4,-0.482026069957153,-0.482026069957153,-0.4820260699571528,-2.220446049250313e-16,0
YXPCHLHMGOFXRA-DHGPJANISA-N,Inflammation and Proteolysis,1,IC50,4,4,4,-0.413753469720906,-0.413753469720906,-0.41375346972090576,-2.220446049250313e-16,0
YXPCHLHMGOFXRA-DHGPJANISA-N,Metabolic Enzymes,1,AC50,1,1,1,-1.18311053823441,-1.18311053823441,-1.1831105382344127,2.6645352591003757e-15,0
YYWSNCLFZSMGCM-UHFFFAOYSA-N,Phenotypic: Cancer and Cells,1,IC50,1,1,1,-1.1971772575032,-1.1971772575032,-1.197177257503205,4.884981308350689e-15,0
ZBHUUXLHDOUMKM-REZTVBANSA-N,Phenotypic: Cancer and Cells,1,IC50,1,1,1,2.41795935835454,2.41795935835454,2.4179593583545422,-2.220446049250313e-15,0
ZBTGBOZTIJWBIP-ICPLQIHGSA-N,Cell Signaling and Survival,1,IC50,1,1,1,0.041646719270544,0.041646719270544,0.04164671927054399,1.3877787807814457e-17,0
ZBTGBOZTIJWBIP-ICPLQIHGSA-N,Phenotypic: Cancer and Cells,1,IC50,2,2,2,1.71300771826228,1.71300771826228,1.7130077182622823,-2.220446049250313e-15,0
ZCQHGWFKCJPSTB-UHFFFAOYSA-N,Infectious Diseases,1,IC50,2,2,2,-0.491854093399556,-0.491854093399556,-0.49185409339955627,2.7755575615628914e-16,0
ZCQHGWFKCJPSTB-UHFFFAOYSA-N,Phenotypic: Cancer and Cells,1,IC50,2,2,2,-0.248203895840546,-0.248203895840546,-0.24820389584054564,-3.608224830031759e-16,0
ZCTNPCRBEWXCGP-UHFFFAOYSA-N,Inflammation and Proteolysis,1,IC50,2,2,2,-0.574331046501615,-0.574331046501615,-0.57433104650161515,1.1102230246251565e-16,0
ZEASWHWETFMWCV-UHFFFAOYSA-N,Infectious Diseases,1,IC50,1,1,1,1.01860107112704,1.01860107112704,1.0186010711270375,2.4424906541753444e-15,0
ZEHIHNBSUKPKMF-PXNSSMCTSA-N,General Assays and Safety,1,IC50,1,1,1,0.969955788461308,0.969955788461308,0.9699557884613083,-2.220446049250313e-16,0
ZESAOJOQKPXOPG-UHFFFAOYSA-N,Neuroscience Targets,2,IC50;Ki,2,2,2,0.4502671486143195,0.4502671486143195,0.4502671486143194,1.1102230246251565e-16,0
ZEYGPIZPJVPIMO-HNNXBMFYSA-N,General Assays and Safety,1,IC50,1,1,1,0.74190957357706,0.74190957357706,0.7419095735770597,3.3306690738754696e-16,0
ZEZOBFSLMMTYFF-HQSFFLIMSA-N,Cell Signaling and Survival,1,IC50,1,1,1,-0.422367144602099,-0.422367144602099,-0.4223671446020989,-1.1102230246251565e-16,0
ZEZOBFSLMMTYFF-HQSFFLIMSA-N,Infectious Diseases,2,EC50;IC50,7,4,7,1.0706807764578354,1.0706807764578354,0.6738488049056958,0.3968319715521397,0
ZFSLOJRJABHMTL-OFNKIYASSA-N,Phenotypic: Cancer and Cells,1,IC50,1,1,1,-0.437998568173078,-0.437998568173078,-0.43799856817307814,1.6653345369377348e-16,0
ZHASXSWRTDVPQX-QBIWMMAFSA-N,Metabolic Enzymes,1,IC50,1,1,1,0.577286666006255,0.577286666006255,0.577286666006255,0,0
ZHPYEBFYLDGZKF-LEWJYISDSA-N,Infectious Diseases,2,IC50;Ki,3,3,3,0.9141432054356445,0.9141432054356445,0.7032138362788473,0.21092936915679728,0
ZHPYEBFYLDGZKF-LEWJYISDSA-N,Phenotypic: Cancer and Cells,1,IC50,2,2,2,1.08939665202682,1.08939665202682,1.0893966520268197,2.220446049250313e-16,0
ZIZXPWFXOVLFSV-SJNSNYLYSA-N,Phenotypic: Cancer and Cells,1,IC50,1,1,1,-0.0403335404287264,-0.0403335404287264,-0.04033354042872639,-1.3877787807814457e-17,0
ZJMLELXRQUXRIU-HBGVWJBISA-N,General Assays and Safety,1,IC50,1,1,1,2.42375040834839,2.42375040834839,2.423750408348393,-3.1086244689504383e-15,0
ZJPXKVGTXCAVOR-UHFFFAOYSA-N,Phenotypic: Cancer and Cells,1,IC50,1,1,1,0.15849897344345,0.15849897344345,0.1584989734434503,-3.0531133177191805e-16,0
ZMFBGWWGXBNJAC-UHFFFAOYSA-N,Phenotypic: Cancer and Cells,1,IC50,3,1,3,-1.26947998982036,-1.26947998982036,-1.26947998982036,0,0
ZMMIEHPFMMRMMN-XVNBXDOJSA-N,Inflammation and Proteolysis,1,IC50,2,1,2,0.148268049011578,0.148268049011578,0.14826804901157753,4.718447854656915e-16,0
ZMMIEHPFMMRMMN-XVNBXDOJSA-N,Metabolic Enzymes,1,IC50,1,1,1,1.02217382272866,1.02217382272866,1.0221738227286614,-1.3322676295501878e-15,0
ZMMIEHPFMMRMMN-XVNBXDOJSA-N,Transporters and Ion Channels,1,IC50,2,1,2,0.951670953328562,0.951670953328562,0.9516709533285622,-2.220446049250313e-16,0
ZMNZBIACDAJCIU-QFYYESIMSA-N,Metabolic Enzymes,1,IC50,2,2,2,-0.469506643928817,-0.469506643928817,-0.4695066439288167,-3.3306690738754696e-16,0
ZMYCAMWWCDPOSK-JDEXWRGDSA-N,Infectious Diseases,2,IC50;Ki,2,2,2,-0.1314695066355793,-0.1314695066355793,-0.13146950663557935,5.551115123125783e-17,0
ZONYXWQDUYMKFB-UHFFFAOYSA-N,Gene Regulation,1,IC50,2,2,2,-0.994137846182562,-0.994137846182562,-0.9941378461825623,3.3306690738754696e-16,0
ZONYXWQDUYMKFB-UHFFFAOYSA-N,Infectious Diseases,1,EC50,1,1,1,-1.45152417452891,-1.45152417452891,-1.451524174528915,4.884981308350689e-15,0
ZONYXWQDUYMKFB-UHFFFAOYSA-N,Metabolic Enzymes,1,IC50,5,3,5,0.446437502264371,0.446437502264371,0.4464375022643715,-4.996003610813204e-16,0
ZONYXWQDUYMKFB-UHFFFAOYSA-N,Neuroscience Targets,1,Ki,2,2,2,-1.02597487682457,-1.02597487682457,-1.0259748768245651,-4.884981308350689e-15,0
ZONYXWQDUYMKFB-UHFFFAOYSA-N,Phenotypic: Cancer and Cells,1,IC50,8,5,8,-1.02545826824996,-1.02545826824996,-1.0254582682499624,2.4424906541753444e-15,0
ZPVNWCMRCGXRJD-UHFFFAOYSA-N,Cell Signaling and Survival,1,IC50,2,2,2,-0.488654839441048,-0.488654839441048,-0.48865483944104754,-4.440892098500626e-16,0
ZPVNWCMRCGXRJD-UHFFFAOYSA-N,Phenotypic: Cancer and Cells,1,IC50,1,1,1,1.24303995820077,1.24303995820077,1.2430399582007738,-3.774758283725532e-15,0
ZPVNWCMRCGXRJD-UHFFFAOYSA-N,Transporters and Ion Channels,1,IC50,1,1,1,-0.393751562068626,-0.393751562068626,-0.393751562068626,0,0
ZPVNWCMRCGXRJD-ZDUSSCGKSA-N,Phenotypic: Cancer and Cells,1,EC50,1,1,1,0.124932062664828,0.124932062664828,0.1249320626648276,3.885780586188048e-16,0
ZQSIJRDFPHDXIC-UHFFFAOYSA-N,Gene Regulation,2,IC50;Ki,15,6,14,-0.09216951344170848,-0.09216951344170848,0.3734676979302633,-0.4656372113719718,0
ZQSIJRDFPHDXIC-UHFFFAOYSA-N,General Assays and Safety,1,IC50,1,1,1,-0.156022397529669,-0.156022397529669,-0.1560223975296686,-4.163336342344337e-16,0
ZQSIJRDFPHDXIC-UHFFFAOYSA-N,Infectious Diseases,1,IC50,5,3,5,-0.851486275429698,-0.851486275429698,-0.8514862754296979,-1.1102230246251565e-16,0
ZQSIJRDFPHDXIC-UHFFFAOYSA-N,Metabolic Enzymes,3,AC50;IC50;Ki,16,15,16,5.614526760486424e-4,-0.731204971412585,-0.19075858924988048,0.19132004192592914,-0.7317664240886337
ZQSIJRDFPHDXIC-UHFFFAOYSA-N,Neuroscience Targets,1,IC50,2,2,2,-0.291807096566647,-0.291807096566647,-0.29180709656664733,3.3306690738754696e-16,0
ZQSIJRDFPHDXIC-UHFFFAOYSA-N,Phenotypic: Cancer and Cells,1,IC50,3,3,3,1.96606728137232,1.96606728137232,1.9660672813723241,-4.218847493575595e-15,0
ZQSIJRDFPHDXIC-UHFFFAOYSA-N,Transporters and Ion Channels,1,IC50,2,1,2,-0.336742133450101,-0.336742133450101,-0.33674213345010123,2.220446049250313e-16,0
ZROGCCBNZBKLEL-MFSALPCASA-N,Metabolic Enzymes,1,AC50,1,1,1,-0.19424202866535,-0.19424202866535,-0.19424202866535034,3.3306690738754696e-16,0
ZSUGETUQFKRFKC-MXKSRXTFSA-N,Phenotypic: Cancer and Cells,1,IC50,1,1,1,-0.763360863600275,-0.763360863600275,-0.7633608636002749,-1.1102230246251565e-16,0
ZSUGETUQFKRFKC-RJXDCVLGSA-N,Phenotypic: Cancer and Cells,1,IC50,1,1,1,-0.709133814362408,-0.709133814362408,-0.7091338143624082,2.220446049250313e-16,0
ZSYPWSSGRVZENH-UHFFFAOYSA-N,Phenotypic: Cancer and Cells,1,IC50,3,1,3,-0.239166054300901,-0.239166054300901,-0.23916605430090146,4.718447854656915e-16,0
ZTEAOMCBLMDBDX-INIZCTEOSA-N,Phenotypic: Cancer and Cells,1,IC50,3,1,3,-0.41992288509379,-0.41992288509379,-0.4199228850937898,-2.220446049250313e-16,0
ZTEYEFPSJPSRRA-NRFANRHFSA-N,Metabolic Enzymes,1,IC50,3,2,3,0.0538900110387197,0.0538900110387197,0.05389001103871972,-2.0816681711721685e-17,0
ZTGHWUWBQNCCOH-UHFFFAOYSA-N,Cell Signaling and Survival,1,IC50,1,1,1,-0.130701287310723,-0.130701287310723,-0.13070128731072295,-5.551115123125783e-17,0
ZTGHWUWBQNCCOH-UHFFFAOYSA-N,Infectious Diseases,1,IC50,2,2,2,-1.59772305314224,-1.59772305314224,-1.5977230531422397,-2.220446049250313e-16,0
ZTGHWUWBQNCCOH-UHFFFAOYSA-N,Inflammation and Proteolysis,1,IC50,3,3,3,1.06850108517795,1.06850108517795,1.0685010851779513,-1.3322676295501878e-15,0
ZTGHWUWBQNCCOH-UHFFFAOYSA-N,Metabolic Enzymes,1,IC50,6,6,6,-0.175096025509577,-0.175096025509577,-0.17509602550957704,2.7755575615628914e-17,0
ZTGHWUWBQNCCOH-UHFFFAOYSA-N,Phenotypic: Cancer and Cells,1,IC50,4,3,4,0.483861268870647,0.483861268870647,0.483861268870647,0,0
ZUGCRBMNFSAUOC-YRNVUSSQSA-N,Infectious Diseases,1,IC50,1,1,1,0.694932107299911,0.694932107299911,0.6949321072999106,3.3306690738754696e-16,0
ZUKLXLKVCGZHAA-UHFFFAOYSA-N,Infectious Diseases,1,IC50,1,1,1,-0.923412711835725,-0.923412711835725,-0.9234127118357247,-3.3306690738754696e-16,0
ZVTKGVROAGDVCH-OQRWROFFSA-N,Cell Signaling and Survival,1,IC50,1,1,1,2.33520096069817,2.33520096069817,2.3352009606981747,-4.884981308350689e-15,0
ZVTKGVROAGDVCH-OQRWROFFSA-N,Phenotypic: Cancer and Cells,1,IC50,2,2,2,0.583277525806736,0.583277525806736,0.5832775258067362,-2.220446049250313e-16,0
ZWTDXYUDJYDHJR-QHHAFSJGSA-N,Inflammation and Proteolysis,1,IC50,2,1,2,0.586768354835823,0.586768354835823,0.5867683548358231,-1.1102230246251565e-16,0
ZWTDXYUDJYDHJR-QHHAFSJGSA-N,Metabolic Enzymes,1,IC50,6,6,6,1.11376823734798,1.11376823734798,1.1137682373479796,4.440892098500626e-16,0
ZXSXDAJQZZFAON-UHFFFAOYSA-N,Phenotypic: Cancer and Cells,1,IC50,1,1,1,-0.166863321983746,-0.166863321983746,-0.16686332198374645,4.440892098500626e-16,0
ZZAJQOPSWWVMBI-UHFFFAOYSA-N,Cell Signaling and Survival,1,AC50,1,1,1,-1.0533161426351,-1.0533161426351,-1.0533161426350952,-4.884981308350689e-15,0
ZZAJQOPSWWVMBI-UHFFFAOYSA-N,Infectious Diseases,1,IC50,2,2,2,-0.977357539140246,-0.977357539140246,-0.9773575391402464,3.3306690738754696e-16,0
ZZAJQOPSWWVMBI-UHFFFAOYSA-N,Inflammation and Proteolysis,1,Kd,1,1,1,2.01872774008028,2.01872774008028,2.0187277400802768,3.1086244689504383e-15,0
ZZAJQOPSWWVMBI-UHFFFAOYSA-N,Phenotypic: Cancer and Cells,1,IC50,6,4,6,-0.853739278996718,-0.853739278996718,-0.8537392789967182,2.220446049250313e-16,0
ZZIALNLLNHEQPJ-UHFFFAOYSA-N,Cell Signaling and Survival,2,IC50;Ki,3,3,3,0.6155659956484734,0.6155659956484734,0.10864203547085416,0.5069239601776192,0
ZZIALNLLNHEQPJ-UHFFFAOYSA-N,Gene Regulation,1,IC50,7,3,5,2.02217945651351,2.02217945651351,2.0221794565135136,-3.552713678800501e-15,0
ZZIALNLLNHEQPJ-UHFFFAOYSA-N,Infectious Diseases,1,IC50,1,1,1,-1.03130236644477,-1.03130236644477,-1.031302366444768,-1.9984014443252818e-15,0
ZZIALNLLNHEQPJ-UHFFFAOYSA-N,Metabolic Enzymes,1,IC50,3,3,3,0.655796164251386,0.655796164251386,0.655796164251386,0,0
ZZIALNLLNHEQPJ-UHFFFAOYSA-N,Phenotypic: Cancer and Cells,1,IC50,2,1,2,1.8395374998173,1.8395374998173,1.8395374998173022,-2.220446049250313e-15,0
