fsp3,z_logp,z_tpsa,z_mw,fit,se,lower,upper,target_domain_macro
0,0,0,0,-0.092178786864931,0.21591450307994153,-0.5153712129016164,0.3310136391717544,Cell Signaling and Survival
0.004094650205761316,0,0,0,-0.09081708352400095,0.2123778250694021,-0.507077620660029,0.3254434536120271,Cell Signaling and Survival
0.008189300411522632,0,0,0,-0.08945537877141102,0.208847678043938,-0.4987968277375295,0.31988607019470744,Cell Signaling and Survival
0.012283950617283948,0,0,0,-0.08809367119550139,0.2053243998898306,-0.4905294949795693,0.31434215258856657,Cell Signaling and Survival
0.016378600823045264,0,0,0,-0.08673195938461221,0.201808350944284,-0.48227632723540886,0.30881240846618446,Cell Signaling and Survival
0.02047325102880658,0,0,0,-0.08537024192708365,0.19829991586771392,-0.47403807702780293,0.30329759317363564,Cell Signaling and Survival
0.024567901234567896,0,0,0,-0.08400851741125578,0.19479950570078083,-0.46581554858478624,0.2977985137622746,Cell Signaling and Survival
0.028662551440329212,0,0,0,-0.08264678442546883,0.19130756012646455,-0.45760960227333936,0.29231603342240164,Cell Signaling and Survival
0.03275720164609053,0,0,0,-0.08128504155806288,0.18782454995988848,-0.4494211594794443,0.2868510763633185,Cell Signaling and Survival
0.036851851851851844,0,0,0,-0.07992328739737813,0.18435097989131338,-0.44125120798435236,0.2814046331895961,Cell Signaling and Survival
0.04094650205761316,0,0,0,-0.0785615205317547,0.18088739151075697,-0.43310080789283834,0.27597776682932895,Cell Signaling and Survival
0.045041152263374476,0,0,0,-0.07719973954953276,0.17743436664609732,-0.42497109817588347,0.270571619076818,Cell Signaling and Survival
0.04913580246913579,0,0,0,-0.07583794303905242,0.1739925310503199,-0.41686330389767945,0.26518741781957456,Cell Signaling and Survival
0.05323045267489711,0,0,0,-0.07447612958865386,0.17056255847780832,-0.40877874420515814,0.25982648502785044,Cell Signaling and Survival
0.057325102880658424,0,0,0,-0.07311429778667723,0.1671451751942937,-0.40071884116749285,0.2544902455941384,Cell Signaling and Survival
0.06141975308641974,0,0,0,-0.07175244622146267,0.16374116497030403,-0.3926851295632585,0.24918023712033321,Cell Signaling and Survival
0.06551440329218106,0,0,0,-0.0703905734831151,0.160351374638065,-0.3846792677737225,0.2438981208074923,Cell Signaling and Survival
0.06960905349794237,0,0,0,-0.06902867817782908,0.15697672042465247,-0.37670305021014794,0.23864569385448975,Cell Signaling and Survival
0.07370370370370369,0,0,0,-0.06766675892040315,0.1536181946525084,-0.36875842043931956,0.23342490259851328,Cell Signaling and Survival
0.077798353909465,0,0,0,-0.06630481432571705,0.15027687315798718,-0.36084748571537195,0.22823785706393784,Cell Signaling and Survival
0.08189300411522632,0,0,0,-0.06494284300865058,0.1469539236502364,-0.35297253336311396,0.22308684734581277,Cell Signaling and Survival
0.08598765432098764,0,0,0,-0.06358084358408343,0.14365061498945014,-0.3451360489634057,0.21797436179523882,Cell Signaling and Survival
0.09008230452674895,0,0,0,-0.06221881466689545,0.1403683274833158,-0.3373407365341944,0.2129031072004035,Cell Signaling and Survival
0.09417695473251027,0,0,0,-0.06085675487196636,0.13710856430963073,-0.32958954091884257,0.20787603117490988,Cell Signaling and Survival
0.09827160493827158,0,0,0,-0.0594946628141759,0.13387296418045558,-0.3218856726078688,0.20289634697951706,Cell Signaling and Survival
0.1023662551440329,0,0,0,-0.05813253710840387,0.1306633153692271,-0.314232635232089,0.19796756101528123,Cell Signaling and Survival
0.10646090534979422,0,0,0,-0.056770376369530015,0.12748157122603243,-0.30663425597255356,0.19309350323349356,Cell Signaling and Survival
0.11055555555555553,0,0,0,-0.0554081792124341,0.1243298673064315,-0.29909471913303987,0.18827836070817164,Cell Signaling and Survival
0.11465020576131685,0,0,0,-0.05404594425199588,0.12121054023400896,-0.29161860311065346,0.18352671460666167,Cell Signaling and Survival
0.11874485596707816,0,0,0,-0.05268367010479306,0.11812614840573006,-0.284210920980024,0.17884358077043785,Cell Signaling and Survival
0.12283950617283948,0,0,0,-0.05132135556027819,0.11507949480950533,-0.2768771653869086,0.17423445426635223,Cell Signaling and Survival
0.12693415637860078,0,0,0,-0.04995899973686617,0.11207365177545008,-0.2696233572167483,0.16970535774301598,Cell Signaling and Survival
0.1310288065843621,0,0,0,-0.04859660203579835,0.10911198739730124,-0.2624560973345088,0.16526289326291208,Cell Signaling and Survival
0.13512345679012344,0,0,0,-0.04723416213257453,0.10619819380956301,-0.25538262199931805,0.16091429773416896,Cell Signaling and Survival
0.13921810699588474,0,0,0,-0.04587167997906009,0.10333631703465564,-0.24841086136698512,0.15666750140886496,Cell Signaling and Survival
0.14331275720164605,0,0,0,-0.04450915611178387,0.10053078828450181,-0.24154950114940743,0.15253118892583967,Cell Signaling and Survival
0.14740740740740738,0,0,0,-0.04314659126714755,0.09778645516128236,-0.23480804338326094,0.14851486084896587,Cell Signaling and Survival
0.1515020576131687,0,0,0,-0.04178398629150479,0.09510861280589578,-0.22819686739106051,0.14462889480805094,Cell Signaling and Survival
0.15559670781893,0,0,0,-0.040421342538604646,0.09250303380176286,-0.22172728879005987,0.14088460371285055,Cell Signaling and Survival
0.1596913580246913,0,0,0,-0.03905866169379423,0.08997599422837703,-0.2154116103814132,0.13729428699382473,Cell Signaling and Survival
0.16378600823045264,0,0,0,-0.037695945650161086,0.08753429412498358,-0.2092631621351289,0.1338712708348067,Cell Signaling and Survival
0.16788065843621397,0,0,0,-0.0363331965226539,0.08518526950806743,-0.20329632475846607,0.13062993171315826,Cell Signaling and Survival
0.17197530864197527,0,0,0,-0.034970416564773926,0.08293679219502684,-0.19752652926702652,0.12758569613747867,Cell Signaling and Survival
0.17606995884773657,0,0,0,-0.03360760825307954,0.08079725336347103,-0.19197022484548276,0.12475500833932368,Cell Signaling and Survival
0.1801646090534979,0,0,0,-0.03224477427210212,0.07877552586736532,-0.18664480497213815,0.1221552564279339,Cell Signaling and Survival
0.18425925925925923,0,0,0,-0.03088191763554875,0.07688090034434088,-0.18156848231045689,0.11980464703935938,Cell Signaling and Survival
0.18835390946502054,0,0,0,-0.02951904144173089,0.07512298958068352,-0.17676010101987058,0.11772201813640878,Cell Signaling and Survival
0.19244855967078184,0,0,0,-0.02815614897696824,0.07351159769074174,-0.17223888045082206,0.11592658249688556,Cell Signaling and Survival
0.19654320987654317,0,0,0,-0.026793243785626877,0.07205655101610309,-0.16802408377718892,0.11443759620593517,Cell Signaling and Survival
0.2006378600823045,0,0,0,-0.02543032950822336,0.07076749021838813,-0.1641346103362641,0.11327395131981738,Cell Signaling and Survival
0.2047325102880658,0,0,0,-0.024067409809469933,0.0696536279627294,-0.16058852061641954,0.11245370099747969,Cell Signaling and Survival
0.2088271604938271,0,0,0,-0.022704488410594893,0.0687234807754451,-0.1574025107304673,0.11199353390927752,Cell Signaling and Survival
0.21292181069958843,0,0,0,-0.021341569075084433,0.06798458804792436,-0.15459136164901618,0.11190822349884731,Cell Signaling and Survival
0.21701646090534976,0,0,0,-0.01997865558183145,0.0674432357116454,-0.15216739757665643,0.11221008641299351,Cell Signaling and Survival
0.22111111111111106,0,0,0,-0.01861575170731574,0.06710420528497853,-0.15013999406587367,0.11290849065124217,Cell Signaling and Survival
0.22520576131687237,0,0,0,-0.017252861221900055,0.06697057062259093,-0.14851517964217828,0.11400945719837816,Cell Signaling and Survival
0.2293004115226337,0,0,0,-0.015889987839387384,0.06704356192733991,-0.14729536921697362,0.11551539353819884,Cell Signaling and Survival
0.23339506172839503,0,0,0,-0.01452713520652859,0.06732250991466789,-0.14647925463927766,0.11742498422622047,Cell Signaling and Survival
0.23748971193415633,0,0,0,-0.013164306879267066,0.06780487625805025,-0.14606186434504553,0.11973325058651141,Cell Signaling and Survival
0.24158436213991763,0,0,0,-0.011801506292671371,0.0684863670782742,-0.1460347857660888,0.12243177318074605,Cell Signaling and Survival
0.24567901234567896,0,0,0,-0.010438736600720689,0.06936111827541476,-0.14638652842053362,0.12550905521909222,Cell Signaling and Survival
0.2497736625514403,0,0,0,-0.009076000799625734,0.07042193373055959,-0.1471029909115225,0.12895098931227106,Cell Signaling and Survival
0.25386831275720156,0,0,0,-0.007713301844263625,0.07166055598491254,-0.1481679915746922,0.13274138788616494,Cell Signaling and Survival
0.2579629629629629,0,0,0,-0.006350642530607761,0.07306794838018582,-0.14956382135577198,0.13686253629455644,Cell Signaling and Survival
0.2620576131687242,0,0,0,-0.004988025606659029,0.07463456881767301,-0.15127178048929812,0.14129572927598005,Cell Signaling and Survival
0.26615226337448555,0,0,0,-0.0036254537095553336,0.07635062102680651,-0.1532726709220961,0.14602176350298543,Cell Signaling and Survival
0.2702469135802469,0,0,0,-0.0022629291468903735,0.07820627344451393,-0.1555472250981377,0.15102136680435693,Cell Signaling and Survival
0.27434156378600816,0,0,0,-9.004540290896458e-4,0.08019184000313376,-0.1580764604352318,0.1562755523770525,Cell Signaling and Survival
0.2784362139917695,0,0,0,4.619697106498129e-4,0.08229792242505117,-0.16084195824245046,0.1617658976637501,Cell Signaling and Survival
0.2825308641975308,0,0,0,0.0018243401712693084,0.08451551570223863,-0.1638260706051184,0.16747475094765701,Cell Signaling and Survival
0.2866255144032921,0,0,0,0.0031866556161335435,0.08683608113946745,-0.16701206341722266,0.17338537464948975,Cell Signaling and Survival
0.2907201646090534,0,0,0,0.004548914518201476,0.08925159139256171,-0.17038420461121948,0.1794820336476224,Cell Signaling and Survival
0.29481481481481475,0,0,0,0.005911115540341027,0.09175455267809118,-0.1739278077087177,0.18575003878939975,Cell Signaling and Survival
0.2989094650205761,0,0,0,0.007273257368959382,0.09433800899815002,-0.17762924026741467,0.1921757550053334,Cell Signaling and Survival
0.3030041152263374,0,0,0,0.008635338709924178,0.0969955332358886,-0.18147590643241748,0.19874658385226582,Cell Signaling and Survival
0.3070987654320987,0,0,0,0.009997358448035468,0.09972120891382984,-0.18545621102307103,0.20545092791914193,Cell Signaling and Survival
0.31119341563786,0,0,0,0.011359315594926457,0.10250960520152876,-0.1895595106000699,0.2122781417899228,Cell Signaling and Survival
0.31528806584362135,0,0,0,0.012721209482308416,0.10535574824931156,-0.1937760570863422,0.21921847605095907,Cell Signaling and Survival
0.3193827160493826,0,0,0,0.014083039883656358,0.10825509024827606,-0.1980969370029647,0.22626301677027744,Cell Signaling and Survival
0.32347736625514395,0,0,0,0.015444806763329075,0.11120347730533865,-0.20251400875513467,0.23340362228179282,Cell Signaling and Survival
0.3275720164609053,0,0,0,0.016806510424860463,0.11419711815788705,-0.20701984116459815,0.2406328620143191,Cell Signaling and Survival
0.3316666666666666,0,0,0,0.018168151256552807,0.11723255345506892,-0.21160765351538227,0.24794395602848787,Cell Signaling and Survival
0.33576131687242794,0,0,0,0.019529729646864002,0.1203066268275745,-0.216271258935182,0.25533071822891,Cell Signaling and Survival
0.3398559670781892,0,0,0,0.02089124598425192,0.12341645786780786,-0.22100501143665147,0.26278750340515533,Cell Signaling and Survival
0.34395061728395054,0,0,0,0.022252700657174482,0.12655941704498164,-0.22580375675098951,0.2703091580653385,Cell Signaling and Survival
0.3480452674897119,0,0,0,0.023614094057743968,0.12973310259468532,-0.23066278702783924,0.27789097514332717,Cell Signaling and Survival
0.35213991769547315,0,0,0,0.024975426721640027,0.13293531944894219,-0.23557779939828663,0.2855286528415667,Cell Signaling and Survival
0.3562345679012345,0,0,0,0.026336699441005005,0.1361640599649277,-0.2405448580902533,0.29321825697226334,Cell Signaling and Survival
0.3603292181069958,0,0,0,0.027697913044592418,0.13941748616605604,-0.24556035984087743,0.30095618593006224,Cell Signaling and Survival
0.36442386831275714,0,0,0,0.029059068400484948,0.14269391384922392,-0.25062100274399396,0.30873913954496385,Cell Signaling and Survival
0.36851851851851847,0,0,0,0.0304201665487556,0.1459917983405852,-0.2557237581987914,0.31656409129630264,Cell Signaling and Survival
0.37261316872427974,0,0,0,0.03178120866502858,0.14930972148929375,-0.26086584545398717,0.32442826278404435,Cell Signaling and Survival
0.37670781893004107,0,0,0,0.033142195940374694,0.15264637983845325,-0.26604470854299367,0.3323291004237431,Cell Signaling and Survival
0.3808024691358024,0,0,0,0.03450312956586467,0.15600057406521636,-0.2712579956019594,0.3402642547336887,Cell Signaling and Survival
0.3848971193415637,0,0,0,0.035864010750180614,0.15937119953469606,-0.27650354033782365,0.34823156183818493,Cell Signaling and Survival
0.388991769547325,0,0,0,0.03722484080177778,0.1627572379914154,-0.2817793456613964,0.356229027264952,Cell Signaling and Survival
0.39308641975308634,0,0,0,0.038585621121043,0.16615774989720095,-0.2870835686774708,0.36425481091955686,Cell Signaling and Survival
0.39718106995884767,0,0,0,0.03994635315599933,0.16957186742682245,-0.2924145070005727,0.37230721331257133,Cell Signaling and Survival
0.401275720164609,0,0,0,0.04130703839467942,0.17299878818949033,-0.2977705864567216,0.38038466324608045,Cell Signaling and Survival
0.4053703703703703,0,0,0,0.04266767834086738,0.17643776952576845,-0.3031503499296388,0.38848570661137355,Cell Signaling and Survival
0,0,0,0,-0.21348792728677107,0.3926328862610763,-0.9830483843584805,0.5560725297849385,Gene Regulation
0.004377104377104377,0,0,0,-0.2117161001545314,0.3821675240565998,-0.9607644473054671,0.5373322469964041,Gene Regulation
0.008754208754208754,0,0,0,-0.20994832681414682,0.37195941460713194,-0.9389887794441254,0.5190921258158319,Gene Regulation
0.013131313131313131,0,0,0,-0.20818866105747047,0.3620315862120926,-0.917770570033172,0.501393247918231,Gene Regulation
0.017508417508417508,0,0,0,-0.2064411566763581,0.352404447842198,-0.8971538744470662,0.48427156109435,Gene Regulation
0.021885521885521883,0,0,0,-0.20470986746266345,0.3430953695759868,-0.8771767918315976,0.4677570569062706,Gene Regulation
0.026262626262626262,0,0,0,-0.2029988472082409,0.33411827367363633,-0.8578706636085681,0.4518729691920863,Gene Regulation
0.03063973063973064,0,0,0,-0.20131214970494538,0.32548325258907546,-0.8392593247795332,0.4366350253696425,Gene Regulation
0.035016835016835016,0,0,0,-0.19965382874463133,0.3171962331250712,-0.8213584456697709,0.42205078818050823,Gene Regulation
0.03939393939393939,0,0,0,-0.1980279381191533,0.3092587082172584,-0.8041750062249798,0.4081191299866732,Gene Regulation
0.043771043771043766,0,0,0,-0.19643853162036623,0.30166755917170396,-0.7877069475969061,0.39482988435617355,Gene Regulation
0.04814814814814815,0,0,0,-0.194889663040123,0.29441499132035703,-0.7719430460280228,0.38216371994777676,Gene Regulation
0.052525252525252523,0,0,0,-0.19338538617027967,0.28748860487503886,-0.7568630517253558,0.3700922793847965,Gene Regulation
0.0569023569023569,0,0,0,-0.19192975480269014,0.2808716203215107,-0.7424381306328511,0.35857862102747085,Gene Regulation
0.06127946127946128,0,0,0,-0.19052682272920943,0.2745432742989882,-0.7286316403552263,0.3475779948968075,Gene Regulation
0.06565656565656565,0,0,0,-0.18918018917174437,0.2684796305005232,-0.7154002649527699,0.3370398866092811,Gene Regulation
0.07003367003367003,0,0,0,-0.18788851913706306,0.262656923351073,-0.7026960889051661,0.32691905063104,Gene Regulation
0.07441077441077441,0,0,0,-0.1866433707708599,0.2570547250776343,-0.6904706319230232,0.31718389038130335,Gene Regulation
0.07878787878787878,0,0,0,-0.18543399212326683,0.2516546526736587,-0.6786771113636378,0.30780912711710423,Gene Regulation
0.08316498316498316,0,0,0,-0.18424961578226745,0.24643936401375535,-0.6672707692492279,0.29877153768469306,Gene Regulation
0.08754208754208753,0,0,0,-0.18307947433584557,0.2413926867442905,-0.6562091403546549,0.29005019168296386,Gene Regulation
0.09191919191919191,0,0,0,-0.18191280037198487,0.2364997735133022,-0.6454523564580572,0.28162675571408746,Gene Regulation
0.0962962962962963,0,0,0,-0.18073882647866948,0.231747278534832,-0.6349634924069402,0.27348583944960125,Gene Regulation
0.10067340067340066,0,0,0,-0.17954678524388346,0.2271235593968318,-0.6247089616616738,0.26561539117390687,Gene Regulation
0.10505050505050505,0,0,0,-0.17832590925561026,0.22261890853894167,-0.6146589699919359,0.2580071514807154,Gene Regulation
0.10942760942760943,0,0,0,-0.17706543110183443,0.21822581928965734,-0.6047880369095628,0.25065717470589394,Gene Regulation
0.1138047138047138,0,0,0,-0.17575458337053929,0.21393929168886888,-0.5950755950807223,0.2435664283396437,Gene Regulation
0.11818181818181818,0,0,0,-0.17438259695430325,0.20975718542041302,-0.5855066803783128,0.23674148646970627,Gene Regulation
0.12255892255892256,0,0,0,-0.17293739570269645,0.20568212326299504,-0.5760743572981667,0.2301995658927738,Gene Regulation
0.12693602693602693,0,0,0,-0.17140326270235007,0.20172425649293776,-0.566782805428508,0.22397628002380793,Gene Regulation
0.1313131313131313,0,0,0,-0.16976385213127623,0.19789743597786877,-0.557642826647899,0.21811512238534655,Gene Regulation
0.1356902356902357,0,0,0,-0.1680027285704584,0.19421843602219668,-0.5486708631739639,0.21266540603304712,Gene Regulation
0.14006734006734006,0,0,0,-0.16610142433456565,0.19070962582516526,-0.5398922909518895,0.20768944228275826,Gene Regulation
0.14444444444444443,0,0,0,-0.1640379839714758,0.18740030680135875,-0.531342585302139,0.20326661735918733,Gene Regulation
0.14882154882154883,0,0,0,-0.16178963978250116,0.1843210457720363,-0.5230588894956923,0.19947960993069003,Gene Regulation
0.1531986531986532,0,0,0,-0.1593336222602223,0.18150120146466317,-0.5150759771309621,0.1964087326105175,Gene Regulation
0.15757575757575756,0,0,0,-0.1566471618972194,0.17896790757072625,-0.5074242607358428,0.19412993694140407,Gene Regulation
0.16195286195286196,0,0,0,-0.15370748918607266,0.17674517341331722,-0.5001280290761744,0.19271305070402908,Gene Regulation
0.16632996632996633,0,0,0,-0.15049183461936272,0.17485315548967978,-0.4932040193791351,0.19222035014040967,Gene Regulation
0.1707070707070707,0,0,0,-0.14697742868966907,0.17330765990426727,-0.4866604421020329,0.19270558472269478,Gene Regulation
0.17508417508417506,0,0,0,-0.1431415018895729,0.1721199321347821,-0.4804965688737458,0.19421356509460005,Gene Regulation
0.17946127946127946,0,0,0,-0.1389612847116541,0.1712967789417919,-0.47470297143756623,0.19678040201425806,Gene Regulation
0.18383838383838383,0,0,0,-0.1344140076484927,0.17084104832656846,-0.4692624623685669,0.20043444707158148,Gene Regulation
0.1882154882154882,0,0,0,-0.12947690454123878,0.17075247411675565,-0.46415175381007984,0.20519794472760228,Gene Regulation
0.1925925925925926,0,0,0,-0.12412849542105138,0.17103056947705453,-0.45934841159607825,0.21109142075397552,Gene Regulation
0.19696969696969696,0,0,0,-0.11835254678107932,0.17168112341059744,-0.4548475486658503,0.21814245510369168,Gene Regulation
0.20134680134680133,0,0,0,-0.11213569453885465,0.1727135873305284,-0.45065432570669034,0.22638293662898107,Gene Regulation
0.20572390572390573,0,0,0,-0.10546666937269113,0.1741396615645832,-0.44678040603927416,0.23584706729389193,Gene Regulation
0.2101010101010101,0,0,0,-0.09833749344015322,0.17597399630110533,-0.4432465261903197,0.24657153931001322,Gene Regulation
0.21447811447811446,0,0,0,-0.09074049923097932,0.17822979296001218,-0.4400708934326032,0.25858989497064455,Gene Regulation
0.21885521885521886,0,0,0,-0.08266801923490763,0.18091773790560517,-0.43726678552989373,0.27193074706007847,Gene Regulation
0.22323232323232323,0,0,0,-0.07411238594167699,0.18404553930390935,-0.4348416429773393,0.28661687109398537,Gene Regulation
0.2276094276094276,0,0,0,-0.06506593184102585,0.1876177097171608,-0.432796642886661,0.3026647792046093,Gene Regulation
0.231986531986532,0,0,0,-0.05552098942269251,0.19163558480646986,-0.43112673564337345,0.3200847567979884,Gene Regulation
0.23636363636363636,0,0,0,-0.04546990484432151,0.1960975635399886,-0.4298211293826992,0.33888131969405616,Gene Regulation
0.24074074074074073,0,0,0,-0.03490677908091361,0.20100069800778125,-0.42886814717616484,0.3590545890143376,Gene Regulation
0.24511784511784512,0,0,0,-0.023830572368438413,0.20634263569595834,-0.4282621383325168,0.3806009935956399,Gene Regulation
0.2494949494949495,0,0,0,-0.012244071339799434,0.21212004529503548,-0.42799936011806894,0.40351121743847007,Gene Regulation
0.25387205387205386,0,0,0,-1.5110168119614187e-4,0.21832636289003107,-0.42807077294565704,0.42776856958326476,Gene Regulation
0.25824915824915823,0,0,0,0.01244151497729351,0.2249533043432408,-0.42846696153545843,0.45334999149004546,Gene Regulation
0.2626262626262626,0,0,0,0.025525902446896787,0.23198943030223138,-0.4291733809454767,0.48022518583927026,Gene Regulation
0.267003367003367,0,0,0,0.039094183366191915,0.23941984986096498,-0.43016872236129944,0.5083570890936833,Gene Regulation
0.2713804713804714,0,0,0,0.05313848037375707,0.24722690334891775,-0.4314262501901217,0.5377032109376358,Gene Regulation
0.27575757575757576,0,0,0,0.06765091610817081,0.25539093158214116,-0.43291530979282583,0.5682171420091675,Gene Regulation
0.2801346801346801,0,0,0,0.08262361320801154,0.263891084914307,-0.43460291322403016,0.5998501396400533,Gene Regulation
0.2845117845117845,0,0,0,0.09804869431185731,0.27270613740689054,-0.4364553350056481,0.6325527236293627,Gene Regulation
0.28888888888888886,0,0,0,0.11391821865402868,0.28181557156687537,-0.438440301617047,0.6662767389251043,Gene Regulation
0.29326599326599323,0,0,0,0.13022364562115346,0.29120270602304527,-0.4405336581840153,0.7009809494263222,Gene Regulation
0.29764309764309765,0,0,0,0.1469561041441781,0.3008537969546718,-0.4427173378869786,0.7366295461753347,Gene Regulation
0.302020202020202,0,0,0,0.16410672360916584,0.3107568581821461,-0.44497671842784053,0.7731901656461722,Gene Regulation
0.3063973063973064,0,0,0,0.1816667416743437,0.3209040054384186,-0.4473051089849568,0.8106385923336442,Gene Regulation
0.31077441077441076,0,0,0,0.19962751570234422,0.33129142284898383,-0.4497036730816641,0.8489587044863525,Gene Regulation
0.3151515151515151,0,0,0,0.21798040925051992,0.34191666654858643,-0.4521762571847095,0.8881370756857494,Gene Regulation
0.3195286195286195,0,0,0,0.2367167858762234,0.3527783913508657,-0.4547288611714733,0.9281624329239202,Gene Regulation
0.3239057239057239,0,0,0,0.2558281626497224,0.3638767863777234,-0.4573703386506155,0.9690266639500603,Gene Regulation
0.3282828282828283,0,0,0,0.2753069067082677,0.3752155832976087,-0.46011563655504534,1.0107294499715807,Gene Regulation
0.33265993265993266,0,0,0,0.2951456777788468,0.3867993289061651,-0.46298100687723676,1.0532723624349303,Gene Regulation
0.337037037037037,0,0,0,0.31533713585831724,0.3986320413292103,-0.46598166514693495,1.0966559368635695,Gene Regulation
0.3414141414141414,0,0,0,0.3358739409435365,0.4107170615680213,-0.4691314997297852,1.140879381616858,Gene Regulation
0.34579124579124576,0,0,0,0.3567487530313622,0.42305698167956535,-0.4724429310605859,1.1859404371233104,Gene Regulation
0.35016835016835013,0,0,0,0.3779544016368174,0.43565399653584547,-0.4759274315734397,1.2318362348470746,Gene Regulation
0.35454545454545455,0,0,0,0.399484586506068,0.44851117429971005,-0.4795973151213637,1.2785664881334997,Gene Regulation
0.3589225589225589,0,0,0,0.4213332858664948,0.4616306957773227,-0.4834628778570576,1.3261294495900473,Gene Regulation
0.3632996632996633,0,0,0,0.4434945344509871,0.4750133777981755,-0.4875316860334369,1.374520754935411,Gene Regulation
0.36767676767676766,0,0,0,0.46596285146614747,0.48865994435456134,-0.4918106394687928,1.4237363424010878,Gene Regulation
0.372053872053872,0,0,0,0.4887330029478698,0.502570117346666,-0.4963044270515956,1.4737704329473353,Gene Regulation
0.3764309764309764,0,0,0,0.511799756894963,0.5167419248507462,-0.5010144158124996,1.5246139296024257,Gene Regulation
0.3808080808080808,0,0,0,0.535157881306235,0.5311718657498877,-0.5059389755635448,1.5762547381760148,Gene Regulation
0.3851851851851852,0,0,0,0.5588021441804943,0.545855123531079,-0.5110738979404205,1.6286781863014093,Gene Regulation
0.38956228956228955,0,0,0,0.5827273135165492,0.5607858130743147,-0.5164128801091077,1.681867507142206,Gene Regulation
0.3939393939393939,0,0,0,0.606928157313208,0.5759572520158076,-0.5219480566377749,1.7358043712641908,Gene Regulation
0.3983164983164983,0,0,0,0.6313994435692792,0.5913622496918189,-0.5276705658266859,1.7904694529652443,Gene Regulation
0.40269360269360266,0,0,0,0.6561359402835711,0.6069934079557787,-0.5335711393097551,1.8458430198768974,Gene Regulation
0.4070707070707071,0,0,0,0.6811324154548928,0.6228434293009754,-0.539640705975019,1.9019055368848046,Gene Regulation
0.41144781144781145,0,0,0,0.7063835890459222,0.6389055439142988,-0.5458712770261034,1.9586384551179479,Gene Regulation
0.4158249158249158,0,0,0,0.7318832527876717,0.6551759156054828,-0.5522615417990746,2.016028047374418,Gene Regulation
0.4202020202020202,0,0,0,0.7576243588292491,0.6716535705972023,-0.5588166395412675,2.074065357199766,Gene Regulation
0.42457912457912456,0,0,0,0.7835998290696062,0.6883384335313668,-0.5655435006518728,2.1327431587910852,Gene Regulation
0.4289562289562289,0,0,0,0.8098025854076946,0.7052312166692049,-0.5724505992639469,2.192055770079336,Gene Regulation
0.43333333333333335,0,0,0,0.8362255497424647,0.7223333915677671,-0.5795478977303588,2.251998997215288,Gene Regulation
0,0,0,0,-0.29753959945900577,0.2534801152606328,-0.7943606253698461,0.1992814264518345,General Assays and Safety
0.00437762720371416,0,0,0,-0.29277365369740427,0.2452711549955957,-0.7735051174887718,0.18795781009396328,General Assays and Safety
0.00875525440742832,0,0,0,-0.2880112399201141,0.2373552555947427,-0.7532275408858098,0.17720506104558154,General Assays and Safety
0.013132881611142481,0,0,0,-0.28325589011144825,0.22976559889832487,-0.733596463952165,0.1670846837292685,General Assays and Safety
0.01751050881485664,0,0,0,-0.27851113625571805,0.2225326085032999,-0.7146750489221858,0.15765277641074976,General Assays and Safety
0.0218881360185708,0,0,0,-0.2737805103372391,0.21568313563597008,-0.6965194561837404,0.14895843550926224,General Assays and Safety
0.026265763222284962,0,0,0,-0.26906754434032126,0.2092395867883997,-0.6791771344455847,0.14104204576494217,General Assays and Safety
0.030643390425999124,0,0,0,-0.2643757702492762,0.20321903013399115,-0.6626850693118989,0.13393352881334641,General Assays and Safety
0.03502101762971328,0,0,0,-0.25970872004841467,0.197632331876734,-0.6470680905268134,0.12765065042998397,General Assays and Safety
0.03939864483342744,0,0,0,-0.2550699257220552,0.19248338574759466,-0.6323373617873407,0.12219751034323029,General Assays and Safety
0.0437762720371416,0,0,0,-0.2504629192545055,0.18776850598574446,-0.6184891909865646,0.11756335247755367,General Assays and Safety
0.048153899240855766,0,0,0,-0.24589123263007767,0.18347605361460817,-0.6055042977147097,0.11372183245455436,General Assays and Safety
0.052531526444569925,0,0,0,-0.24135839783308488,0.17958635592357178,-0.5933476554432855,0.11063085977711579,General Assays and Safety
0.05690915364828408,0,0,0,-0.23686794684784107,0.1760719599045291,-0.5819689882607181,0.10823309456503594,General Assays and Safety
0.06128678085199825,0,0,0,-0.23242332703240332,0.1728982763850352,-0.5713039487470724,0.10645729468226567,General Assays and Safety
0.0656644080557124,0,0,0,-0.22802632377109394,0.17002535549908934,-0.561276020549309,0.10522337300712115,General Assays and Safety
0.07004203525942657,0,0,0,-0.22367544249550203,0.1674103478142203,-0.5517997242113738,0.10444883922036974,General Assays and Safety
0.07441966246314073,0,0,0,-0.21936623329165983,0.16500933959324515,-0.5427845388944204,0.10405207231110064,General Assays and Safety
0.07879728966685488,0,0,0,-0.2150933018127011,0.1627774466538343,-0.5341370972542163,0.10395049362881414,General Assays and Safety
0.08317491687056905,0,0,0,-0.21085124751340406,0.16066922555154894,-0.5257629295944399,0.10406043456763187,General Assays and Safety
0.0875525440742832,0,0,0,-0.20663419356124324,0.1586404158738307,-0.5175694086739514,0.10430102155146492,General Assays and Safety
0.09193017127799737,0,0,0,-0.20243413932574572,0.15665146989354345,-0.5094710203170909,0.10460274166559941,General Assays and Safety
0.09630779848171153,0,0,0,-0.19824249243358116,0.1546664310052016,-0.5013886972037763,0.104903712336614,General Assays and Safety
0.10068542568542568,0,0,0,-0.19405031915463328,0.15265337666331727,-0.49325093741473514,0.10515029910546858,General Assays and Safety
0.10506305288913985,0,0,0,-0.1898468023074224,0.15058794125323655,-0.484999167163766,0.1053055625489212,General Assays and Safety
0.10944068009285401,0,0,0,-0.1856204786089819,0.1484513282048357,-0.47658508189045984,0.10534412467249604,General Assays and Safety
0.11381830729656817,0,0,0,-0.181359797707272,0.14622944748053074,-0.46796951476911225,0.10524991935456823,General Assays and Safety
0.11819593450028233,0,0,0,-0.17705200439685131,0.14391581994499025,-0.45912701148903223,0.1050230026953296,General Assays and Safety
0.1225735617039965,0,0,0,-0.1726830379825462,0.14151183804662917,-0.4500462405539394,0.10468016458884699,General Assays and Safety
0.12695118890771065,0,0,0,-0.16823763309534906,0.13902636849829922,-0.44072931535201554,0.10425404916131742,General Assays and Safety
0.1313288161114248,0,0,0,-0.16369976018874335,0.13647422580046314,-0.43118924275765114,0.1037897223801644,General Assays and Safety
0.13570644331513898,0,0,0,-0.15905272240718063,0.1338751014394219,-0.42144792122844754,0.10334247641408631,General Assays and Safety
0.14008407051885313,0,0,0,-0.15427943486795168,0.13125259766343475,-0.4115345262882838,0.10297565655238042,General Assays and Safety
0.14446169772256728,0,0,0,-0.14936229084487168,0.1286344799042264,-0.4014858714571554,0.10276128976741206,General Assays and Safety
0.14883932492628146,0,0,0,-0.14428358002136388,0.12604795938594857,-0.39133758041782307,0.10277042037509532,General Assays and Safety
0.15321695212999561,0,0,0,-0.13902564461676453,0.12351767503643246,-0.3811202876881722,0.1030689984546431,General Assays and Safety
0.15759457933370977,0,0,0,-0.13357130987871066,0.1210660204839008,-0.37086071002715626,0.10371809026973491,General Assays and Safety
0.16197220653742395,0,0,0,-0.12790368570691402,0.1187112807357317,-0.3605777959489481,0.10477042453512012,General Assays and Safety
0.1663498337411381,0,0,0,-0.12200663110895182,0.11646693710006889,-0.3502818278250869,0.1062685656071832,General Assays and Safety
0.17072746094485225,0,0,0,-0.11586485467161056,0.1143412481443595,-0.33997370103455515,0.10824399169133406,General Assays and Safety
0.1751050881485664,0,0,0,-0.10946312057078164,0.11233573811354519,-0.3296411672733302,0.11071492613176692,General Assays and Safety
0.17948271535228058,0,0,0,-0.10278728506292506,0.11044625747541771,-0.31926194971474375,0.11368737958889366,General Assays and Safety
0.18386034255599473,0,0,0,-0.09582666148082901,0.10866618871016884,-0.30881239135275995,0.11715906839110192,General Assays and Safety
0.18823796975970888,0,0,0,-0.0885718194225425,0.10698543610074832,-0.2982632741800092,0.1211196353349242,General Assays and Safety
0.19261559696342306,0,0,0,-0.08101441360226455,0.10539115116233329,-0.2875810698804378,0.1255522426759087,General Assays and Safety
0.19699322416713722,0,0,0,-0.0731503886886603,0.10387237019992511,-0.27674023428051353,0.13043945690319292,General Assays and Safety
0.20137085137085137,0,0,0,-0.06497799927433431,0.10241971500600329,-0.2657206406861008,0.13576464213743214,General Assays and Safety
0.20574847857456555,0,0,0,-0.05649717768792527,0.10102580962019822,-0.25450776454351376,0.14151340916766325,General Assays and Safety
0.2101261057782797,0,0,0,-0.0477105114384998,0.099687319279687,-0.24309765722668633,0.14767663434968673,General Assays and Safety
0.21450373298199385,0,0,0,-0.038623437273995274,0.09840592087801325,-0.23149904219490125,0.1542521676469107,General Assays and Safety
0.21888136018570803,0,0,0,-0.029247111233451438,0.09719170274392014,-0.21974284861153492,0.16124862614463203,General Assays and Safety
0.22325898738942218,0,0,0,-0.019593907055066802,0.09605857841245692,-0.20786872074348237,0.16868090663334875,General Assays and Safety
0.22763661459313633,0,0,0,-0.009677731400174326,0.09502399822985018,-0.19592476793068067,0.176569305130332,General Assays and Safety
0.2320142417968505,0,0,0,4.8401927091141356e-4,0.09410997627253191,-0.18397153422325113,0.18493957276507395,General Assays and Safety
0.23639186900056466,0,0,0,0.010870459361123335,0.09334174388562727,-0.1720793586547061,0.19382027737695276,General Assays and Safety
0.24076949620427882,0,0,0,0.02145906457148862,0.09274456956543617,-0.16032029177676627,0.20323842091974353,General Assays and Safety
0.245147123407993,0,0,0,0.032223414719847444,0.09234374918583332,-0.14877033368438589,0.21321716312408076,General Assays and Safety
0.24952475061170715,0,0,0,0.043132098451281804,0.09216325504597528,-0.13750788143882975,0.22377207834139334,General Assays and Safety
0.2539023778154213,0,0,0,0.054152701984100785,0.09222068870006433,-0.1265998478680253,0.2349052518362269,General Assays and Safety
0.25828000501913545,0,0,0,0.06524996892346724,0.09252714427774487,-0.1161032338609127,0.24660317170784718,General Assays and Safety
0.2626576322228496,0,0,0,0.07638766196938482,0.09308491836754218,-0.10605877803099786,0.2588341019697675,General Assays and Safety
0.2670352594265638,0,0,0,0.0875291356820217,0.0938870662958386,-0.09648951425782196,0.2715477856218653,General Assays and Safety
0.27141288663027796,0,0,0,0.09863538094810988,0.09491969679561335,-0.0874072247712923,0.28467798666751204,General Assays and Safety
0.2757905138339921,0,0,0,0.10966512668384368,0.09616333999111869,-0.07881501969874893,0.2981452730664363,General Assays and Safety
0.28016814103770626,0,0,0,0.12057564041872344,0.09759390050922817,-0.07070840457936377,0.31185968541681064,General Assays and Safety
0.2845457682414204,0,0,0,0.1313237390864022,0.09918375691268212,-0.06307642446245473,0.3257239026352592,General Assays and Safety
0.28892339544513457,0,0,0,0.14186476260933717,0.10090571894078615,-0.05591044651460367,0.339639971733278,General Assays and Safety
0.2933010226488487,0,0,0,0.15215271293184005,0.1027357124518038,-0.04920928347369538,0.3535147093373755,General Assays and Safety
0.2976786498525629,0,0,0,0.16214032734123002,0.1046553786867526,-0.04298421488480508,0.3672648695672651,General Assays and Safety
0.3020562770562771,0,0,0,0.17177969527106626,0.1066525727934558,-0.03725934740410711,0.38081873794623966,General Assays and Safety
0.30643390425999123,0,0,0,0.1810227670778672,0.10872128663661616,-0.03207095472990046,0.3941164888856349,General Assays and Safety
0.3108115314637054,0,0,0,0.189821521020114,0.11086065263129584,-0.027465358137225865,0.40710840017745387,General Assays and Safety
0.31518915866741953,0,0,0,0.19812793678163482,0.11307267831126065,-0.023494512708436055,0.4197503862717057,General Assays and Safety
0.3195667858711337,0,0,0,0.2058940054884918,0.11536214834868166,-0.020215805274924253,0.43200381625190787,General Assays and Safety
0.3239444130748479,0,0,0,0.21307278676153885,0.11773868430763293,-0.01769503448142168,0.44384060800449937,General Assays and Safety
0.32832204027856204,0,0,0,0.2196201666670495,0.12021916906080647,-0.016009404692131163,0.45524973802623014,General Assays and Safety
0.3326996674822762,0,0,0,0.2254926714004073,0.12282231504650447,-0.015239066090741465,0.46622440889155603,General Assays and Safety
0.33707729468599035,0,0,0,0.23064723215461277,0.12556718946434173,-0.015464459195496993,0.47675892350472254,General Assays and Safety
0.3414549218897045,0,0,0,0.23504329185044126,0.1284742354067694,-0.016766209546826727,0.48685279324770925,General Assays and Safety
0.34583254909341865,0,0,0,0.23864125583857299,0.13156283686604248,-0.019221904418870284,0.49650441609601625,General Assays and Safety
0.3502101762971328,0,0,0,0.24140236361282302,0.13485039689587341,-0.02290441430308887,0.5057091415287349,General Assays and Safety
0.354587803500847,0,0,0,0.243293996377848,0.13835395098304712,-0.02787974754892436,0.5144677403046203,General Assays and Safety
0.35896543070456116,0,0,0,0.2442870145396031,0.14208760050402186,-0.03420468244827973,0.522778711527486,General Assays and Safety
0.3633430579082753,0,0,0,0.2443528354954032,0.14606086055309134,-0.04192645118865579,0.5306321221794622,General Assays and Safety
0.36772068511198946,0,0,0,0.2434677188779351,0.15027986270573304,-0.051080812025301625,0.5380162497811718,General Assays and Safety
0.3720983123157036,0,0,0,0.24161636557565114,0.15474800010933637,-0.06168971463864814,0.5449224457899504,General Assays and Safety
0.37647593951941777,0,0,0,0.2387890265374777,0.1594650976484766,-0.07376256485353644,0.5513406179284919,General Assays and Safety
0.380853566723132,0,0,0,0.23497645023610775,0.16442672553794865,-0.08729993181827161,0.557252832290487,General Assays and Safety
0.3852311939268461,0,0,0,0.23017055308251289,0.16962533076141756,-0.10229509520986552,0.5626362013748913,General Assays and Safety
0.3896088211305603,0,0,0,0.22437009640336208,0.17505284722824774,-0.11873348416400348,0.5674736769707276,General Assays and Safety
0.39398644833427443,0,0,0,0.2175800883397837,0.1807015315499774,-0.136594913498172,0.5717550901777394,General Assays and Safety
0.3983640755379886,0,0,0,0.20980633865906634,0.18656320790798925,-0.1558575488405926,0.5754702261587252,General Assays and Safety
0.40274170274170273,0,0,0,0.20105496950279073,0.1926299886347917,-0.176499808221401,0.5786097472269824,General Assays and Safety
0.40711932994541694,0,0,0,0.19133632281282598,0.19889679040294442,-0.1985013863769451,0.5811740320025971,General Assays and Safety
0.4114969571491311,0,0,0,0.18066478113278406,0.20536196261204342,-0.22184466558682103,0.5831742278523891,General Assays and Safety
0.41587458435284524,0,0,0,0.16905971700236894,0.2120283664464958,-0.24651588123276286,0.5846353152375008,General Assays and Safety
0.4202522115565594,0,0,0,0.15654200122814993,0.21890168686367437,-0.2725053050246518,0.5855893074809517,General Assays and Safety
0.42462983876027355,0,0,0,0.14313250496969337,0.2259897249874816,-0.2998073560057706,0.5860723659451573,General Assays and Safety
0.4290074659639877,0,0,0,0.12885210037675177,0.2333024764084087,-0.3284207533837293,0.5861249541372329,General Assays and Safety
0.43338509316770185,0,0,0,0.1137229878438279,0.24085314741835095,-0.35834918109613995,0.5857951567837958,General Assays and Safety
0,0,0,0,-0.4313697407554582,0.1632031209778306,-0.7512478578720061,-0.11149162363891024,Infectious Diseases
0.004627932551319646,0,0,0,-0.42124312406773307,0.15879408659055155,-0.7324795337852141,-0.11000671435025206,Infectious Diseases
0.009255865102639291,0,0,0,-0.4111189618117106,0.15445078317717412,-0.7138424968389718,-0.10839542678444936,Infectious Diseases
0.013883797653958937,0,0,0,-0.40099970841909377,0.15018027388391617,-0.6953530452315695,-0.1066463716066181,Infectious Diseases
0.018511730205278583,0,0,0,-0.39088781832158576,0.14598932838330989,-0.6770269019528732,-0.10474873469029838,Infectious Diseases
0.023139662756598227,0,0,0,-0.38078574595088854,0.14188436255220732,-0.658879096553215,-0.10269239534856217,Infectious Diseases
0.027767595307917874,0,0,0,-0.37069594573870585,0.1378713752522579,-0.6409238412331313,-0.10046805024428035,Infectious Diseases
0.03239552785923752,0,0,0,-0.3606208721167398,0.13395588304153994,-0.6231744028781581,-0.09806734135532152,Infectious Diseases
0.037023460410557166,0,0,0,-0.3505629795166936,0.1301428540184025,-0.6056429733927624,-0.09548298564062468,Infectious Diseases
0.04165139296187681,0,0,0,-0.34052472237026976,0.12643664242568686,-0.588340541524616,-0.09270890321592351,Infectious Diseases
0.046279325513196454,0,0,0,-0.33050855510917143,0.12284092611626078,-0.5712767702970425,-0.08974033992130032,Infectious Diseases
0.050907258064516105,0,0,0,-0.32051693216510124,0.1193586494837895,-0.5544598851533287,-0.08657397917687382,Infectious Diseases
0.05553519061583575,0,0,0,-0.310552307969762,0.115991974973981,-0.5378965789187647,-0.08320803702075927,Infectious Diseases
0.06016312316715539,0,0,0,-0.3006171369548568,0.11274224678354174,-0.5215919406505987,-0.07964233325911502,Infectious Diseases
0.06479105571847504,0,0,0,-0.29071390063598007,0.10960998009930852,-0.5055494616306248,-0.07587833964133539,Infectious Diseases
0.06941898826979469,0,0,0,-0.28084576284936846,0.10659508784428011,-0.4897721350241575,-0.07191939067457945,Infectious Diseases
0.07404692082111433,0,0,0,-0.2710172159193757,0.10369715044436596,-0.474263630790333,-0.06777080104841843,Infectious Diseases
0.07867485337243398,0,0,0,-0.26123331368636205,0.10091517420697367,-0.45902705513203046,-0.06343957224069366,Infectious Diseases
0.08330278592375362,0,0,0,-0.2514991241267438,0.0982474003420898,-0.44406402879723983,-0.0589342194562478,Infectious Diseases
0.08793071847507326,0,0,0,-0.2418197152169377,0.09569133601016962,-0.4293747337968702,-0.054264696637005255,Infectious Diseases
0.09255865102639291,0,0,0,-0.23220015493336,0.09324381776823522,-0.414958037759101,-0.04944227210761898,Infectious Diseases
0.09718658357771257,0,0,0,-0.22264551125242726,0.090901105209879,-0.4008116774637901,-0.04447934504106443,Infectious Diseases
0.10181451612903221,0,0,0,-0.21316085215055613,0.08865900770435423,-0.3869325072510904,-0.03938919705002186,Infectious Diseases
0.10644244868035185,0,0,0,-0.2037512456041628,0.08651304677129536,-0.3733168172759017,-0.034185673932423916,Infectious Diseases
0.1110703812316715,0,0,0,-0.1944217595896639,0.08445865626680633,-0.3599607258726043,-0.028882793306723498,Infectious Diseases
0.11569831378299114,0,0,0,-0.18517754020262478,0.08249158398978114,-0.34686104482259583,-0.023494035582653755,Infectious Diseases
0.12032624633431079,0,0,0,-0.1760240655498101,0.08060869354722858,-0.3340171049023781,-0.01803102619724209,Infectious Diseases
0.12495417888563043,0,0,0,-0.16696707809219158,0.07880818781760454,-0.3214311262146965,-0.012503029969686691,Infectious Diseases
0.1295821114369501,0,0,0,-0.15801249857933053,0.07708964463720136,-0.3091082020682452,-0.006916795090415873,Infectious Diseases
0.13421004398826972,0,0,0,-0.149166376533328,0.07545415168419635,-0.29705651383435283,-0.0012762392323031613,Infectious Diseases
0.13883797653958938,0,0,0,-0.14043479200490017,0.07390408170745943,-0.28528679215152064,0.004417208141720336,Infectious Diseases
0.143465909090909,0,0,0,-0.13182374928645857,0.07244377484573696,-0.273813547984103,0.010166049411185873,Infectious Diseases
0.14809384164222866,0,0,0,-0.12333906776935807,0.07107932135914803,-0.2626545376332882,0.015976402094572073,Infectious Diseases
0.15272177419354832,0,0,0,-0.11498650940524546,0.0698169764815272,-0.25182778330903877,0.02185476449854784,Infectious Diseases
0.15734970674486795,0,0,0,-0.10677163913279464,0.06866278456178054,-0.2413506968738845,0.02780741860829522,Infectious Diseases
0.1619776392961876,0,0,0,-0.09869979696398554,0.06762214744340667,-0.2312392059530626,0.03383961202509153,Infectious Diseases
0.16660557184750724,0,0,0,-0.0907757214921919,0.06669965219634408,-0.2215070397970263,0.03995559681264249,Infectious Diseases
0.1712335043988269,0,0,0,-0.08300361617004412,0.06589858404673456,-0.21216484090164384,0.046157608561555596,Infectious Diseases
0.17586143695014653,0,0,0,-0.0753871937192669,0.06522053878108003,-0.20321944973018374,0.052445062291649955,Infectious Diseases
0.18048936950146618,0,0,0,-0.06792970198307732,0.06466523519268763,-0.1946735629607451,0.05881415899459044,Infectious Diseases
0.18511730205278581,0,0,0,-0.060633965245146436,0.06423048555874253,-0.1865257169402818,0.06525778644998892,Infectious Diseases
0.18974523460410547,0,0,0,-0.05350276392671301,0.0639121127885989,-0.17877050499236685,0.07176497713894082,Infectious Diseases
0.19437316715542513,0,0,0,-0.04653834213005026,0.06370452787512162,-0.17139921676528863,0.07832253250518813,Infectious Diseases
0.19900109970674476,0,0,0,-0.039741614543153315,0.06360167561787876,-0.16440089875419567,0.08491766966788905,Infectious Diseases
0.20362903225806442,0,0,0,-0.03311254070000427,0.06359732214006564,-0.15776329209453294,0.09153821069452438,Infectious Diseases
0.20825696480938405,0,0,0,-0.02665034357405234,0.06368538777160486,-0.15147370360639786,0.09817301645829318,Infectious Diseases
0.2128848973607037,0,0,0,-0.02035326001305658,0.06386055692403421,-0.14551995158416364,0.10481343155805047,Infectious Diseases
0.21751282991202334,0,0,0,-0.014217871493509263,0.06411915091221852,-0.13989140728145755,0.11145566429443902,Infectious Diseases
0.222140762463343,0,0,0,-0.008239115821607976,0.06445926075097362,-0.13457926689351626,0.11810103525030032,Infectious Diseases
0.22676869501466265,0,0,0,-0.0024115325657149203,0.06487961290779444,-0.12957557386499202,0.1247525087335622,Infectious Diseases
0.23139662756598228,0,0,0,0.00327043930930674,0.06537920077575182,-0.12487279421116684,0.1314136728297803,Infectious Diseases
0.23602456011730194,0,0,0,0.008813098782830764,0.06595781026799886,-0.120464209342447,0.13809040690810853,Infectious Diseases
0.24065249266862157,0,0,0,0.014223256736512223,0.06661557440328653,-0.11634326909392936,0.14478978256695382,Infectious Diseases
0.24528042521994123,0,0,0,0.019508293394500158,0.06735296400570884,-0.11250351605668915,0.15152010284568948,Infectious Diseases
0.24990835777126086,0,0,0,0.024676094717581636,0.06817051938570393,-0.10893812327839805,0.15829031271356134,Infectious Diseases
0.2545362903225805,0,0,0,0.029734731299365935,0.0690681900687175,-0.10563892123532037,0.16510838383405224,Infectious Diseases
0.2591642228739002,0,0,0,0.03469232788041385,0.07004509184782678,-0.10259605214132664,0.17198070790215433,Infectious Diseases
0.26379215542521983,0,0,0,0.039556979606036866,0.07109928892983057,-0.09979762669643104,0.17891158590850476,Infectious Diseases
0.26842008797653943,0,0,0,0.04433651942501822,0.07222828483171453,-0.09723091884514228,0.1859039576951787,Infectious Diseases
0.2730480205278591,0,0,0,0.04903860901153516,0.07342888545889407,-0.09488200648789723,0.19295922451096753,Infectious Diseases
0.27767595307917875,0,0,0,0.05367061515573246,0.0746974059774559,-0.09273630056008111,0.20007753087154603,Infectious Diseases
0.2823038856304984,0,0,0,0.05823967928359408,0.07602980601105816,-0.09077874049807991,0.20725809906526807,Infectious Diseases
0.286931818181818,0,0,0,0.06275249998173515,0.07742213188454293,-0.088994878511969,0.2144998784754393,Infectious Diseases
0.29155975073313767,0,0,0,0.06721538054431157,0.07887073009070746,-0.08737125043347503,0.22180201152209816,Infectious Diseases
0.2961876832844573,0,0,0,0.07163358028747015,0.08037302308541583,-0.08589754495994488,0.22916470553488516,Infectious Diseases
0.300815615835777,0,0,0,0.07601083096871486,0.0819280685095122,-0.08456818330992905,0.23658984524735877,Infectious Diseases
0.30544354838709664,0,0,0,0.08034992950187127,0.08353612550147266,-0.08338087648101515,0.24408073548475767,Infectious Diseases
0.31007148093841624,0,0,0,0.08465300879986948,0.08519836954196666,-0.08233579550238518,0.25164181310212413,Infectious Diseases
0.3146994134897359,0,0,0,0.0889221087296806,0.0869163655303615,-0.08143396770982794,0.2592781851691891,Infectious Diseases
0.31932734604105556,0,0,0,0.093159266573273,0.0886919255719451,-0.08067690754773937,0.2669954406942854,Infectious Diseases
0.3239552785923752,0,0,0,0.09736609368523323,0.09052734033561786,-0.08006749337257778,0.27479968074304423,Infectious Diseases
0.3285832111436948,0,0,0,0.1015429194732565,0.0924258020323572,-0.07961165251016361,0.2826974914566766,Infectious Diseases
0.3332111436950145,0,0,0,0.10568974929669783,0.09439054507460758,-0.07931571904953302,0.2906952176429287,Infectious Diseases
0.33783907624633414,0,0,0,0.10980645428165552,0.0964246021396779,-0.07918576591211317,0.2987986744754242,Infectious Diseases
0.3424670087976538,0,0,0,0.11389232658663079,0.09853096487009748,-0.07922836455876026,0.30701301773202183,Infectious Diseases
0.34709494134897345,0,0,0,0.11794650081602302,0.10071219485091709,-0.07944940109177447,0.3153424027238205,Infectious Diseases
0.35172287390029305,0,0,0,0.12196787080270795,0.10297045185944148,-0.07985421484179735,0.32378995644721326,Infectious Diseases
0.3563508064516127,0,0,0,0.1259545440767767,0.10530777181568161,-0.08044868868195926,0.33235777683551265,Infectious Diseases
0.36097873900293237,0,0,0,0.12990442047653303,0.1077255768049688,-0.08123771006120584,0.3410465510142719,Infectious Diseases
0.365606671554252,0,0,0,0.13381530742394127,0.1102246719520818,-0.08222504960213906,0.3498556644500216,Infectious Diseases
0.37023460410557163,0,0,0,0.13768472725318467,0.11280554947001557,-0.08341414970804584,0.3587836042144152,Infectious Diseases
0.3748625366568913,0,0,0,0.14151005979710146,0.1154683206586247,-0.08480784869380295,0.3678279682880059,Infectious Diseases
0.37949046920821095,0,0,0,0.14528865451948525,0.11821278371937896,-0.0864084015704975,0.376985710609468,Infectious Diseases
0.3841184017595306,0,0,0,0.1490178673486674,0.12103837423253384,-0.08821734614709892,0.3862530808444337,Infectious Diseases
0.38874633431085026,0,0,0,0.1526952347843693,0.12394450542953499,-0.09023599585751926,0.3956264654262579,Infectious Diseases
0.39337426686216986,0,0,0,0.15631860636893047,0.12693085203170382,-0.09246586361320902,0.40510307635106996,Infectious Diseases
0.3980021994134895,0,0,0,0.15988612709134215,0.12999734173319533,-0.09490866270572068,0.41468091688840497,Infectious Diseases
0.4026301319648092,0,0,0,0.16339621368232254,0.13314419669513045,-0.09756641184013315,0.42435883920477824,Infectious Diseases
0.40725806451612884,0,0,0,0.1668476448975703,0.13637203230578013,-0.10044153842175874,0.43413682821689936,Infectious Diseases
0.4118859970674485,0,0,0,0.17023960996326537,0.1396819242436365,-0.10353696155426217,0.4440161814807929,Infectious Diseases
0.4165139296187681,0,0,0,0.17357183229105844,0.14307547640157176,-0.1068561014560222,0.4539997660381391,Infectious Diseases
0.42114186217008776,0,0,0,0.17684418864199714,0.14655452472474073,-0.11040267981849472,0.464091057102489,Infectious Diseases
0.4257697947214074,0,0,0,0.18005695437800676,0.150121243909373,-0.11418068368436432,0.47429459244037786,Infectious Diseases
0.43039772727272707,0,0,0,0.18321138928417474,0.15377840142827504,-0.1181942775152443,0.4846170560835938,Infectious Diseases
0.4350256598240467,0,0,0,0.18630918235011124,0.15752886541796252,-0.12244739386909531,0.4950657585693178,Infectious Diseases
0.43965359237536633,0,0,0,0.1893520338235215,0.16137524588172578,-0.12694344810466102,0.505647515751704,Infectious Diseases
0.444281524926686,0,0,0,0.19234175707306517,0.1653198672299204,-0.13168518269757878,0.5163686968437091,Infectious Diseases
0.44890945747800565,0,0,0,0.1952807322821439,0.1693648976651935,-0.13667446714163536,0.5272359317059232,Infectious Diseases
0.4535373900293253,0,0,0,0.1981715248747059,0.1735120264267699,-0.14191204692176312,0.538255096671175,Infectious Diseases
0.4581653225806449,0,0,0,0.20101698692729292,0.17776244604428168,-0.14739740731949919,0.549431381174085,Infectious Diseases
0,0,0,0,0.4265046871504102,0.23334117939688848,-0.030844024467491238,0.8838533987683116,Inflammation and Proteolysis
0.004510822510822507,0,0,0,0.4053281823877856,0.22411121235918377,-0.03392979383621458,0.8445861586117858,Inflammation and Proteolysis
0.009021645021645014,0,0,0,0.3841604837959036,0.21526003724351758,-0.03774918920139081,0.806070156793198,Inflammation and Proteolysis
0.013532467532467521,0,0,0,0.36301039754550674,0.20683826928462787,-0.042392610252363905,0.7684134053433773,Inflammation and Proteolysis
0.018043290043290028,0,0,0,0.34188672980733636,0.19889234833312439,-0.04794227292558745,0.7317157325402601,Inflammation and Proteolysis
0.022554112554112535,0,0,0,0.3207982867521362,0.19146286114462674,-0.05446892109133222,0.6960654945956046,Inflammation and Proteolysis
0.027064935064935042,0,0,0,0.2997538745506472,0.18458268119779858,-0.06202818059703796,0.6615359296983324,Inflammation and Proteolysis
0.03157575757575755,0,0,0,0.27876229937361285,0.1782750304619835,-0.07065676033187479,0.6281813590791006,Inflammation and Proteolysis
0.036086580086580056,0,0,0,0.25783236739177445,0.1725516206535975,-0.08036880908927663,0.5960335438728255,Inflammation and Proteolysis
0.04059740259740256,0,0,0,0.23697288477587525,0.16741107556464035,-0.09115282333081987,0.5650985928825704,Inflammation and Proteolysis
0.04510822510822507,0,0,0,0.2161926576966574,0.16283785571484255,-0.102969539504434,0.5353548548977488,Inflammation and Proteolysis
0.04961904761904758,0,0,0,0.1955004923248631,0.15880188841006435,-0.11575120895886298,0.5067521936085893,Inflammation and Proteolysis
0.054129870129870084,0,0,0,0.17490519483123473,0.155259045252905,-0.12940253386445905,0.4792129235269285,Inflammation and Proteolysis
0.05864069264069259,0,0,0,0.15441557138651438,0.15215251370631194,-0.14380335547785703,0.45263449825088575,Inflammation and Proteolysis
0.0631515151515151,0,0,0,0.13404219962364114,0.14941573878957415,-0.1588126484039242,0.4268970476512065,Inflammation and Proteolysis
0.0676623376623376,0,0,0,0.113806575150602,0.14697972477362714,-0.1742736854057072,0.4018868357069112,Inflammation and Proteolysis
0.07217316017316011,0,0,0,0.09374347455585638,0.14477930255278362,-0.19002395844759953,0.37751090755931227,Inflammation and Proteolysis
0.07668398268398262,0,0,0,0.07389606242512992,0.14275488656495622,-0.20590351524218425,0.3536956400924441,Inflammation and Proteolysis
0.08119480519480513,0,0,0,0.05430840899245626,0.1408500898517552,-0.22175776711698392,0.33037458510189643,Inflammation and Proteolysis
0.08570562770562763,0,0,0,0.0350245844918651,0.13901231372236536,-0.237439550403971,0.30748871938770117,Inflammation and Proteolysis
0.09021645021645014,0,0,0,0.01608865915739008,0.13719372521554007,-0.25281104226506845,0.28498836057984867,Inflammation and Proteolysis
0.09472727272727265,0,0,0,-0.002455296776937871,0.13535214165232076,-0.26774549441548656,0.26283490086161077,Inflammation and Proteolysis
0.09923809523809515,0,0,0,-0.020563213077086667,0.13345187122941604,-0.28212888068674213,0.24100245453256877,Inflammation and Proteolysis
0.10374891774891766,0,0,0,-0.03819101922222248,0.131464573078766,-0.2958615824566039,0.21947954401215888,Inflammation and Proteolysis
0.10825974025974017,0,0,0,-0.055293470221500274,0.1293723444256939,-0.30886326529586033,0.1982763248528598,Inflammation and Proteolysis
0.11277056277056267,0,0,0,-0.07182143730613069,0.12717324222589804,-0.32108099206889085,0.17743811745662946,Inflammation and Proteolysis
0.11728138528138518,0,0,0,-0.0877234003181914,0.12487922698911615,-0.33248668521685903,0.15703988458047624,Inflammation and Proteolysis
0.12179220779220769,0,0,0,-0.10294524941991415,0.12251652490296805,-0.34307763822973153,0.13718713938990323,Inflammation and Proteolysis
0.1263030303030302,0,0,0,-0.1174310561101865,0.12012358121712843,-0.35287327529575824,0.11801116307538523,Inflammation and Proteolysis
0.13081385281385272,0,0,0,-0.13112415503151192,0.11774699367870026,-0.36190826264176446,0.09965995257874058,Inflammation and Proteolysis
0.1353246753246752,0,0,0,-0.143967529842973,0.11543888549575262,-0.37022774541464815,0.08229268572870213,Inflammation and Proteolysis
0.1398354978354977,0,0,0,-0.15590497692567926,0.11325291630122163,-0.3778806928760736,0.06607073902471514,Inflammation and Proteolysis
0.14434632034632022,0,0,0,-0.16688250854034675,0.11124309239280855,-0.3849189696302515,0.05115395254955801,Inflammation and Proteolysis
0.14885714285714274,0,0,0,-0.17684687845812078,0.10945570878854115,-0.3913800676836614,0.03768631076741988,Inflammation and Proteolysis
0.15336796536796524,0,0,0,-0.18574523624397252,0.10792533285592484,-0.3972788886415852,0.025788416153640165,Inflammation and Proteolysis
0.15787878787878773,0,0,0,-0.19352822874508666,0.10667479035420815,-0.4026108178393346,0.015554360349161328,Inflammation and Proteolysis
0.16238961038961025,0,0,0,-0.20015221945450695,0.10571500346040995,-0.40735362623691046,0.0070491873278965556,Inflammation and Proteolysis
0.16690043290043277,0,0,0,-0.2055823865706462,0.10504648664421938,-0.4114735003933162,3.087272520237716e-4,Inflammation and Proteolysis
0.17141125541125526,0,0,0,-0.2097871684985541,0.10465799903499107,-0.41491684660713657,-0.004657490389971625,Inflammation and Proteolysis
0.17592207792207776,0,0,0,-0.21274180767295692,0.1045304654548837,-0.417621519964529,-0.007862095381384854,Inflammation and Proteolysis
0.18043290043290028,0,0,0,-0.21443436517194486,0.10464325364048026,-0.41953514230728617,-0.009333588036603557,Inflammation and Proteolysis
0.1849437229437228,0,0,0,-0.21486744338781388,0.10497864920950621,-0.42062559583844605,-0.009109290937181713,Inflammation and Proteolysis
0.1894545454545453,0,0,0,-0.21404645912239795,0.1055184335954662,-0.4208625889695117,-0.007230329275284192,Inflammation and Proteolysis
0.19396536796536779,0,0,0,-0.21198238644720457,0.1062469242077024,-0.4202263578943013,-0.003738415000107853,Inflammation and Proteolysis
0.1984761904761903,0,0,0,-0.20869855511756316,0.1071558480447415,-0.4187240172852565,0.001326907050130166,Inflammation and Proteolysis
0.20298701298701283,0,0,0,-0.2042223883571766,0.10823997351430252,-0.41637273644520956,0.007927959730856332,Inflammation and Proteolysis
0.20749783549783532,0,0,0,-0.19858739148263607,0.10949787219147379,-0.4132032209779247,0.01602843801265255,Inflammation and Proteolysis
0.2120086580086578,0,0,0,-0.19183108426446255,0.11092984341334029,-0.40925357735460954,0.02559140882568442,Inflammation and Proteolysis
0.21651948051948033,0,0,0,-0.18399459677197097,0.11253688744973514,-0.4045668961734519,0.036577702629509906,Inflammation and Proteolysis
0.22103030303030285,0,0,0,-0.1751248009694416,0.11432081284850719,-0.3991935941525157,0.04894399221363249,Inflammation and Proteolysis
0.22554112554112535,0,0,0,-0.16527365199120275,0.1162828479117987,-0.39318803389832824,0.0626407299159227,Inflammation and Proteolysis
0.23005194805194784,0,0,0,-0.15450213735640267,0.11842462577688105,-0.3866144038790895,0.07761012916628418,Inflammation and Proteolysis
0.23456277056277036,0,0,0,-0.14287770074901762,0.12074515392210962,-0.3795382024363525,0.09378280093831723,Inflammation and Proteolysis
0.23907359307359288,0,0,0,-0.13047057243209392,0.12323736302848746,-0.3720158039679293,0.11107465910374151,Inflammation and Proteolysis
0.24358441558441538,0,0,0,-0.11735138233686793,0.12588660655776468,-0.3640891311900867,0.12938636651635085,Inflammation and Proteolysis
0.24809523809523787,0,0,0,-0.10359426125223886,0.12867506518230493,-0.3557973890095565,0.14860886650507876,Inflammation and Proteolysis
0.2526060606060604,0,0,0,-0.08927649681623448,0.13158223369426963,-0.3471776748570029,0.16862468122453397,Inflammation and Proteolysis
0.2571168831168829,0,0,0,-0.07447629112305626,0.13458451639047952,-0.33826194324839615,0.18930936100228363,Inflammation and Proteolysis
0.26162770562770543,0,0,0,-0.059272403657580575,0.13765560418723544,-0.32907738786456203,0.21053258054940088,Inflammation and Proteolysis
0.2661385281385279,0,0,0,-0.04374318619331058,0.1407672636856859,-0.31964702301725495,0.2321606506306338,Inflammation and Proteolysis
0.2706493506493504,0,0,0,-0.027965935426092825,0.14389301040746957,-0.3099962358247332,0.25406436497254753,Inflammation and Proteolysis
0.27516017316017294,0,0,0,-0.012016429309565257,0.1470085906699287,-0.30015326702262546,0.27612040840349494,Inflammation and Proteolysis
0.2796709956709954,0,0,0,0.004031777374112699,0.1500940709452462,-0.2901526016785699,0.2982161564267953,Inflammation and Proteolysis
0.2841818181818179,0,0,0,0.020105334472799136,0.15313125341463268,-0.28003192221988094,0.32024259116547915,Inflammation and Proteolysis
0.28869264069264045,0,0,0,0.036131260790543296,0.1561046250146065,-0.26983380423808545,0.34209632581917204,Inflammation and Proteolysis
0.29320346320346297,0,0,0,0.0520409653841272,0.15900622129495,-0.25961122835397477,0.3636931591222292,Inflammation and Proteolysis
0.2977142857142855,0,0,0,0.0677695243918559,0.1618353328033485,-0.24942772790270712,0.38496677668641893,Inflammation and Proteolysis
0.30222510822510795,0,0,0,0.08325812720726761,0.16460014224050074,-0.23935815158411383,0.40587440599864905,Inflammation and Proteolysis
0.3067359307359305,0,0,0,0.0984564899306627,0.16731856706623532,-0.22948790151915854,0.42640088138048393,Inflammation and Proteolysis
0.311246753246753,0,0,0,0.11332962830389415,0.17002063471790577,-0.21991081574320115,0.44657007235098944,Inflammation and Proteolysis
0.31575757575757546,0,0,0,0.12785230762710975,0.17274191036684702,-0.2107218366919104,0.4664264519461299,Inflammation and Proteolysis
0.320268398268398,0,0,0,0.14200003959438845,0.17551576331951613,-0.20201085651186318,0.4860109357006401,Inflammation and Proteolysis
0.3247792207792205,0,0,0,0.15575074270055195,0.17837258263195885,-0.19385951925808736,0.5053610046591912,Inflammation and Proteolysis
0.329290043290043,0,0,0,0.16909039405438814,0.18134081735307792,-0.1863376079576446,0.5245183960664208,Inflammation and Proteolysis
0.33380086580086554,0,0,0,0.18200665545058786,0.18444272710980364,-0.17950108968462725,0.543514400585803,Inflammation and Proteolysis
0.338311688311688,0,0,0,0.19448718868384218,0.18769298727844436,-0.17339106638190876,0.5623654437495931,Inflammation and Proteolysis
0.34282251082251053,0,0,0,0.20651965554884238,0.19109853558714487,-0.16803347420196157,0.5810727852996463,Inflammation and Proteolysis
0.34733333333333305,0,0,0,0.21809175352727672,0.19465885400212704,-0.16343960031689225,0.5996231073714458,Inflammation and Proteolysis
0.3518441558441555,0,0,0,0.229195044525333,0.19836849528607728,-0.15960720623537844,0.6179972952860444,Inflammation and Proteolysis
0.35635497835497804,0,0,0,0.2398283633039615,0.20221988525226153,-0.1565226117904711,0.6361793383983941,Inflammation and Proteolysis
0.36086580086580056,0,0,0,0.24999134867841377,0.2062012806204988,-0.15416316133776387,0.6541458586945914,Inflammation and Proteolysis
0.3653766233766231,0,0,0,0.2596836394639415,0.21029738528845102,-0.1524992357014225,0.6718665146293055,Inflammation and Proteolysis
0.3698874458874456,0,0,0,0.26890487447579675,0.2144904984701301,-0.15149650252565822,0.6893062514772517,Inflammation and Proteolysis
0.37439826839826806,0,0,0,0.2776558681029058,0.21876299587386216,-0.151119603809864,0.7064313400156756,Inflammation and Proteolysis
0.3789090909090906,0,0,0,0.28594393179034494,0.22310440808669724,-0.1513407080595816,0.7232285716402715,Inflammation and Proteolysis
0.3834199134199131,0,0,0,0.2937786091164188,0.2275085251587953,-0.15213810019482,0.7396953184276576,Inflammation and Proteolysis
0.38793073593073557,0,0,0,0.3011694456854921,0.23197178280881184,-0.1534952486197791,0.7558341399907633,Inflammation and Proteolysis
0.3924415584415581,0,0,0,0.3081259871019309,0.2364938335357535,-0.155401926628146,0.7716539008320078,Inflammation and Proteolysis
0.3969523809523806,0,0,0,0.3146577789700976,0.2410781427057733,-0.15785538073321803,0.7871709386734133,Inflammation and Proteolysis
0.40146320346320313,0,0,0,0.32077440210275643,0.24573268475986704,-0.16086166002658298,0.8024104642320958,Inflammation and Proteolysis
0.40597402597402565,0,0,0,0.3264876927362639,0.25047570231655714,-0.16444468380418809,0.8174200692767158,Inflammation and Proteolysis
0.4104848484848481,0,0,0,0.3318130677668868,0.2553385577475656,-0.1686505054183417,0.8322766409521153,Inflammation and Proteolysis
0.41499567099567064,0,0,0,0.3367662622278643,0.2603572509642349,-0.17353394966203606,0.8470664741177647,Inflammation and Proteolysis
0.41950649350649316,0,0,0,0.34136301115243806,0.26557098932201756,-0.17915612791871638,0.8618821502235925,Inflammation and Proteolysis
0.4240173160173156,0,0,0,0.3456190495738467,0.2710215245619198,-0.18558313856751607,0.8768212377152095,Inflammation and Proteolysis
0.42852813852813815,0,0,0,0.3495501125253322,0.2767524915196187,-0.1928847708531205,0.8919849959037849,Inflammation and Proteolysis
0.43303896103896067,0,0,0,0.35317233933697223,0.282810521066762,-0.20113628195388134,0.9074809606278258,Inflammation and Proteolysis
0.4375497835497832,0,0,0,0.35650353376558286,0.2892488025170704,-0.21042411916787518,0.9234311866990409,Inflammation and Proteolysis
0.4420606060606057,0,0,0,0.3595619278274603,0.2961183137064908,-0.22082996703726154,0.9399538226921822,Inflammation and Proteolysis
0.44657142857142823,0,0,0,0.3623657535392658,0.30346431479885283,-0.23242430346648568,0.9571558105450173,Inflammation and Proteolysis
0,0,0,0,0.11491700968642447,0.16226876922036004,-0.2031297779854812,0.4329637973583302,Metabolic Enzymes
0.00404040404040404,0,0,0,0.11305370727268504,0.15929789637862438,-0.19917016962941875,0.42527758417478884,Metabolic Enzymes
0.00808080808080808,0,0,0,0.11119040407033892,0.1563378182385224,-0.19523171967716502,0.41761252781784286,Metabolic Enzymes
0.012121212121212121,0,0,0,0.10932709929077945,0.15338916025320828,-0.19131565480550877,0.40996985338706765,Metabolic Enzymes
0.01616161616161616,0,0,0,0.10746379214539999,0.15045259396917537,-0.18742329203418373,0.4023508763249837,Metabolic Enzymes
0.0202020202020202,0,0,0,0.10560048184559381,0.1475288411046252,-0.18355604671947154,0.39475701041065914,Metabolic Enzymes
0.024242424242424242,0,0,0,0.10373716760275428,0.14461867803232248,-0.17971544134059778,0.3871897765461063,Metabolic Enzymes
0.028282828282828285,0,0,0,0.10187384862827469,0.14172294070791472,-0.17590311515923812,0.3796508124157875,Metabolic Enzymes
0.03232323232323232,0,0,0,0.1000105241335484,0.13884253008827005,-0.1721208348394609,0.37214188310655766,Metabolic Enzymes
0.03636363636363636,0,0,0,0.09814719332996873,0.13597841808800626,-0.16837050612252352,0.364664892782461,Metabolic Enzymes
0.0404040404040404,0,0,0,0.09628385542892899,0.13313165412594005,-0.16465418665791354,0.3572218975157715,Metabolic Enzymes
0.044444444444444446,0,0,0,0.0944205096418225,0.13030337231651032,-0.16097410009853771,0.3498151193821827,Metabolic Enzymes
0.048484848484848485,0,0,0,0.09255715518004262,0.12749479936410565,-0.15733265157360446,0.34244696193368973,Metabolic Enzymes
0.052525252525252523,0,0,0,0.09069379125498266,0.1247072632203373,-0.15373244465687846,0.33512002716684375,Metabolic Enzymes
0.05656565656565657,0,0,0,0.08883041707886391,0.12194220256555381,-0.15017629994962156,0.3278371341073494,Metabolic Enzymes
0.06060606060606061,0,0,0,0.08696703196409017,0.119201177211807,-0.14666727537105154,0.32060133929923185,Metabolic Enzymes
0.06464646464646465,0,0,0,0.08510363542728941,0.11648587944178919,-0.1432086882786174,0.3134159591331962,Metabolic Enzymes
0.06868686868686869,0,0,0,0.08324022720873787,0.11379814630597133,-0.13980413955096593,0.3062845939684417,Metabolic Enzymes
0.07272727272727272,0,0,0,0.08137680742666313,0.11113997300973087,-0.13645753967240937,0.29921115452573566,Metabolic Enzymes
0.07676767676767676,0,0,0,0.07951337640637889,0.10851352720272278,-0.13317313691095778,0.2921998897237155,Metabolic Enzymes
0.0808080808080808,0,0,0,0.07764993448191415,0.10592116426988168,-0.12995554748705396,0.28525541645088226,Metabolic Enzymes
0.08484848484848485,0,0,0,0.07578648198729798,0.10336544369261144,-0.12680978765022044,0.2783827516248164,Metabolic Enzymes
0.08888888888888889,0,0,0,0.07392301925655945,0.10084914631680006,-0.12374130752436865,0.2715873460374876,Metabolic Enzymes
0.09292929292929293,0,0,0,0.07205954662372756,0.09837529236516529,-0.12075602641199641,0.26487511965945154,Metabolic Enzymes
0.09696969696969697,0,0,0,0.0701960644228314,0.09594715994757431,-0.11786036907441426,0.25825249792007704,Metabolic Enzymes
0.10101010101010101,0,0,0,0.06833257298789999,0.09356830371053583,-0.11506130228475023,0.25172644826055024,Metabolic Enzymes
0.10505050505050505,0,0,0,0.06646907265729657,0.0912425731292396,-0.11236637067601304,0.24530451599060618,Metabolic Enzymes
0.10909090909090909,0,0,0,0.06460556399870467,0.08897412995773463,-0.1097837307184552,0.2389948587158645,Metabolic Enzymes
0.11313131313131314,0,0,0,0.0627420480813771,0.08676746379268616,-0.10732218095228777,0.23280627711504195,Metabolic Enzymes
0.11717171717171718,0,0,0,0.06087852623986879,0.08462740410461418,-0.10499118580517502,0.22674823828491258,Metabolic Enzymes
0.12121212121212122,0,0,0,0.05901500001377625,0.08255912791008536,-0.10280089068999107,0.22083089071754355,Metabolic Enzymes
0.12525252525252525,0,0,0,0.05715147114212225,0.08056816130978976,-0.10076212502506568,0.21506506730931016,Metabolic Enzymes
0.1292929292929293,0,0,0,0.05528794147381623,0.07866037271857307,-0.09888638905458698,0.20946227200221945,Metabolic Enzymes
0.13333333333333333,0,0,0,0.05342441299679716,0.0768419557934606,-0.09718582035838562,0.20403464635197993,Metabolic Enzymes
0.13737373737373737,0,0,0,0.05156088774517391,0.07511939926537223,-0.09567313481495567,0.1987949103053035,Metabolic Enzymes
0.1414141414141414,0,0,0,0.049697367841735354,0.07349944167631768,-0.0943615378438473,0.193756273527318,Metabolic Enzymes
0.14545454545454545,0,0,0,0.04783385546494394,0.07198900812333779,-0.09326460045679812,0.18893231138668598,Metabolic Enzymes
0.1494949494949495,0,0,0,0.04597035279768011,0.07059512726936519,-0.09239609665027565,0.18433680224563587,Metabolic Enzymes
0.15353535353535352,0,0,0,0.04410686200926699,0.0693248279622816,-0.09176980079680493,0.1799835248153389,Metabolic Enzymes
0.15757575757575756,0,0,0,0.04224338518985756,0.06818501564269291,-0.09139924546982053,0.17588601584953567,Metabolic Enzymes
0.1616161616161616,0,0,0,0.040379924369382585,0.06718233011612595,-0.09129744265822429,0.17205729139698947,Metabolic Enzymes
0.16565656565656567,0,0,0,0.03851648132839693,0.06632298916538937,-0.09147657743576623,0.1685095400925601,Metabolic Enzymes
0.1696969696969697,0,0,0,0.03665305764517671,0.06561262360555324,-0.09194768462170763,0.16525379991206104,Metabolic Enzymes
0.17373737373737375,0,0,0,0.0347896546923974,0.06505611228728098,-0.09272032539067332,0.1622996347754681,Metabolic Enzymes
0.17777777777777778,0,0,0,0.032926273739152426,0.06465742677307793,-0.09380228273608031,0.15965483021438515,Metabolic Enzymes
0.18181818181818182,0,0,0,0.031062915904503618,0.06441949643346355,-0.09519929710508494,0.15732512891409217,Metabolic Enzymes
0.18585858585858586,0,0,0,0.029199582070116865,0.06434410402537372,-0.09691486181961562,0.15531402595984933,Metabolic Enzymes
0.1898989898989899,0,0,0,0.027336273079935466,0.06443181981967244,-0.0989500937666225,0.15362263992649344,Metabolic Enzymes
0.19393939393939394,0,0,0,0.025472989472855725,0.06468198051553539,-0.10130369233759365,0.1522496712833051,Metabolic Enzymes
0.19797979797979798,0,0,0,0.023609731274616297,0.06509271429894715,-0.10397198875132013,0.15119145130055273,Metabolic Enzymes
0.20202020202020202,0,0,0,0.021746498375514817,0.06566100941273956,-0.10694908007345472,0.15044207682448435,Metabolic Enzymes
0.20606060606060606,0,0,0,0.019883290427367452,0.06638282140007129,-0.11022703951677229,0.14999362037150718,Metabolic Enzymes
0.2101010101010101,0,0,0,0.018020106803343233,0.06725320996381565,-0.11379618472573544,0.1498363983324219,Metabolic Enzymes
0.21414141414141413,0,0,0,0.01615694656095893,0.0682664952873375,-0.11764538420222256,0.1499592773241404,Metabolic Enzymes
0.21818181818181817,0,0,0,0.01429380861823064,0.06941642313930044,-0.12176238073479821,0.1503499979712595,Metabolic Enzymes
0.2222222222222222,0,0,0,0.012430691892457196,0.07069632928016732,-0.12613411349667075,0.15099549728158512,Metabolic Enzymes
0.22626262626262628,0,0,0,0.010567595233209336,0.07209929520330106,-0.13074702336526076,0.1518822138316794,Metabolic Enzymes
0.23030303030303031,0,0,0,0.008704517219145537,0.07361828911454454,-0.13558732944536178,0.15299636388365284,Metabolic Enzymes
0.23434343434343435,0,0,0,0.006841456361196135,0.0752462879673827,-0.14064126805487395,0.1543241807772662,Metabolic Enzymes
0.2383838383838384,0,0,0,0.004978411148623366,0.07697637921177661,-0.1458952921064588,0.1558521144037055,Metabolic Enzymes
0.24242424242424243,0,0,0,0.0031153798290055323,0.07880184216083035,-0.15133623080622194,0.157566990464233,Metabolic Enzymes
0.24646464646464647,0,0,0,0.0012523602583962082,0.08071620978924339,-0.15695141092852083,0.15945613144531323,Metabolic Enzymes
0.2505050505050505,0,0,0,-6.106498426190661e-4,0.08271331265202513,-0.16272874264058831,0.16150744295535016,Metabolic Enzymes
0.2545454545454545,0,0,0,-0.002473652786074837,0.08478730777982044,-0.1686567760345229,0.16370947046237322,Metabolic Enzymes
0.2585858585858586,0,0,0,-0.004336650967026623,0.08693269500791416,-0.17472473318253837,0.16605143124848512,Metabolic Enzymes
0.26262626262626265,0,0,0,-0.006199646796587632,0.08914432290321546,-0.18092251968688994,0.16852322609371467,Metabolic Enzymes
0.26666666666666666,0,0,0,-0.008062642695492651,0.09141738691673404,-0.18724072105229136,0.17111543566130608,Metabolic Enzymes
0.27070707070707073,0,0,0,-0.00992564107236036,0.09374742135794448,-0.19367058693393152,0.17381930478921082,Metabolic Enzymes
0.27474747474747474,0,0,0,-0.011788644291115223,0.09613028684052846,-0.20020400649855102,0.17662671791632056,Metabolic Enzymes
0.2787878787878788,0,0,0,-0.013651654602952059,0.09856215494477863,-0.20683347829471818,0.17953016908881406,Metabolic Enzymes
0.2828282828282828,0,0,0,-0.015514674127707542,0.10103949091939951,-0.21355207632973058,0.1825227280743155,Metabolic Enzymes
0.2868686868686869,0,0,0,-0.017377704759544244,0.10355903546621761,-0.22035341427333077,0.18559800475424226,Metabolic Enzymes
0.2909090909090909,0,0,0,-0.019240748231594072,0.10611778602825542,-0.2272316088469747,0.18875011238378653,Metabolic Enzymes
0.29494949494949496,0,0,0,-0.021103806133053894,0.10871297829024174,-0.2341812435819277,0.1919736313158199,Metabolic Enzymes
0.298989898989899,0,0,0,-0.02296687995570864,0.11134206817081849,-0.24119733357051287,0.19526357365909558,Metabolic Enzymes
0.30303030303030304,0,0,0,-0.02482997098740236,0.11400271467518108,-0.24827529175075727,0.19861534977595255,Metabolic Enzymes
0.30707070707070705,0,0,0,-0.026693080300188233,0.11669276357673085,-0.25541089691058066,0.2020247363102042,Metabolic Enzymes
0.3111111111111111,0,0,0,-0.028556208867070377,0.11941023203014985,-0.26260026364616407,0.20548784591202332,Metabolic Enzymes
0.3151515151515151,0,0,0,-0.030419357568824128,0.12215329428896499,-0.2698398143751955,0.20900109923754723,Metabolic Enzymes
0.3191919191919192,0,0,0,-0.0322825270435587,0.1249202685350257,-0.2771262533722091,0.21256119928509168,Metabolic Enzymes
0.3232323232323232,0,0,0,-0.03414571766116013,0.1277096046540604,-0.2844565427831185,0.2161651074607982,Metabolic Enzymes
0.32727272727272727,0,0,0,-0.03600892950493712,0.13051987298637346,-0.2918278805582291,0.21981002154835488,Metabolic Enzymes
0.33131313131313134,0,0,0,-0.037872162567247715,0.1333497539375701,-0.2992376802848851,0.22349335515038968,Metabolic Enzymes
0.33535353535353535,0,0,0,-0.039735416834414165,0.13619802853326368,-0.306683552759611,0.22721271909078267,Metabolic Enzymes
0.3393939393939394,0,0,0,-0.04159869216377842,0.13906356987553098,-0.31416328911981917,0.2309659047922623,Metabolic Enzymes
0.3434343434343434,0,0,0,-0.04346198828370207,0.14194533530626724,-0.32167484548398584,0.2347508689165817,Metabolic Enzymes
0.3474747474747475,0,0,0,-0.04532530491584408,0.14484235923266112,-0.3292163290118599,0.23856571918017172,Metabolic Enzymes
0.3515151515151515,0,0,0,-0.04718864168933373,0.14775374669214295,-0.3367859852059339,0.24240870182726643,Metabolic Enzymes
0.35555555555555557,0,0,0,-0.04905199794534469,0.1506786675714219,-0.34438218638533163,0.24627819049464222,Metabolic Enzymes
0.3595959595959596,0,0,0,-0.05091537288982864,0.1536163511637428,-0.35200342117076455,0.2501726753911072,Metabolic Enzymes
0.36363636363636365,0,0,0,-0.05277876571244846,0.1565660812254312,-0.35964828491429357,0.2540907534893967,Metabolic Enzymes
0.36767676767676766,0,0,0,-0.05464217554141535,0.1595271916303189,-0.3673154711368404,0.25803112005400963,Metabolic Enzymes
0.3717171717171717,0,0,0,-0.05650560144486794,0.1624990624053529,-0.3750037637593596,0.26199256086962375,Metabolic Enzymes
0.37575757575757573,0,0,0,-0.058369042466303436,0.1654811160105158,-0.3827120298469144,0.26597394491430754,Metabolic Enzymes
0.3797979797979798,0,0,0,-0.060232497647365074,0.16847281387938526,-0.39043921285096017,0.2699742175562301,Metabolic Enzymes
0.3838383838383838,0,0,0,-0.06209596603481361,0.1714736533573666,-0.39818432661525216,0.27399239454562496,Metabolic Enzymes
0.3878787878787879,0,0,0,-0.06395944673535085,0.1744831650413578,-0.4059464502164121,0.2780275567457104,Metabolic Enzymes
0.39191919191919194,0,0,0,-0.06582293895391192,0.17750091030452136,-0.4137247231507738,0.2820788452429499,Metabolic Enzymes
0.39595959595959596,0,0,0,-0.06768644192633064,0.1805264788167339,-0.4215183404071291,0.28614545655446777,Metabolic Enzymes
0.4,0,0,0,-0.06954995488857135,0.18355948633834024,-0.4293265481117182,0.2902266383345755,Metabolic Enzymes
0,0,0,0,-0.0665790993505932,0.3163149007983829,-0.6865563049154237,0.5533981062142372,Neuroscience Targets
0.00398989898989899,0,0,0,-0.060185614911762525,0.30759957979887476,-0.663080791317557,0.5427095614940319,Neuroscience Targets
0.00797979797979798,0,0,0,-0.05379997965448255,0.29939087803394665,-0.640606100601018,0.5330061412920528,Neuroscience Targets
0.011969696969696969,0,0,0,-0.04743004276028964,0.29173002301414486,-0.6192208878680135,0.5243608023474343,Neuroscience Targets
0.01595959595959596,0,0,0,-0.04108365341072559,0.28465039592278774,-0.5989984294193895,0.5168311225979383,Neuroscience Targets
0.019949494949494946,0,0,0,-0.03476866078733962,0.27817604469735713,-0.5799937083941596,0.5104563868194804,Neuroscience Targets
0.023939393939393937,0,0,0,-0.02849291407167262,0.2723203318153138,-0.5622407644296876,0.5052549362863423,Neuroscience Targets
0.02792929292929293,0,0,0,-0.022264262445274907,0.2670848348123208,-0.5457505386774237,0.5012220137868739,Neuroscience Targets
0.03191919191919192,0,0,0,-0.016090555089682657,0.26245861553912797,-0.5305094415463734,0.4983283313670081,Neuroscience Targets
0.035909090909090904,0,0,0,-0.009979641186443872,0.2584179550392693,-0.5164788330634117,0.4965195506905239,Neuroscience Targets
0.03989898989898989,0,0,0,-0.003939369917101421,0.25492661533194294,-0.5035955359677096,0.4957167961335067,Neuroscience Targets
0.04388888888888889,0,0,0,0.002022409536798525,0.2519366421671462,-0.4917734091108079,0.495818228184405,Neuroscience Targets
0.047878787878787875,0,0,0,0.007897847993713208,0.2493896723040417,-0.4809059097222085,0.49670160570963495,Neuroscience Targets
0.05186868686868686,0,0,0,0.013679096272098429,0.24721866473446705,-0.470869486607457,0.4982276791516538,Neuroscience Targets
0.05585858585858586,0,0,0,0.019358305190410957,0.24534994586975833,-0.4615275887143153,0.5002441990951373,Neuroscience Targets
0.059848484848484845,0,0,0,0.02492762556710504,0.2437054487794957,-0.4527350540407065,0.5025903051749165,Neuroscience Targets
0.06383838383838383,0,0,0,0.03037927048642708,0.24220510917419583,-0.44434274349499675,0.5051012844678509,Neuroscience Targets
0.06782828282828282,0,0,0,0.03570917456022828,0.240773673611218,-0.436207225717759,0.5076255748382156,Neuroscience Targets
0.07181818181818181,0,0,0,0.04092241488985296,0.23935078061042864,-0.4282051151065872,0.5100499448862931,Neuroscience Targets
0.0758080808080808,0,0,0,0.04603057854385591,0.23789078811798103,-0.42023536616738694,0.5122965232550988,Neuroscience Targets
0.07979797979797978,0,0,0,0.051045854571203725,0.23635571290916677,-0.4122113427307631,0.5143030518731706,Neuroscience Targets
0.08378787878787879,0,0,0,0.055980432020858714,0.23471406169624792,-0.4040591289037872,0.5160199929455046,Neuroscience Targets
0.08777777777777777,0,0,0,0.06084649994178962,0.2329404077773561,-0.3957166993018284,0.5174096991854076,Neuroscience Targets
0.09176767676767676,0,0,0,0.06565624738296008,0.23101499491898145,-0.3871331426582435,0.5184456374241637,Neuroscience Targets
0.09575757575757575,0,0,0,0.07042186339333667,0.22892338864523862,-0.378267978351331,0.5191117051380043,Neuroscience Targets
0.09974747474747474,0,0,0,0.07515553702188463,0.22665619000907855,-0.36909059539590927,0.5194016694396786,Neuroscience Targets
0.10373737373737373,0,0,0,0.07986945731757039,0.22420882325039318,-0.3595798362532002,0.519318750888341,Neuroscience Targets
0.10772727272727271,0,0,0,0.08457581332935704,0.22158140627890488,-0.3497237429772965,0.5188753696360107,Neuroscience Targets
0.11171717171717171,0,0,0,0.08928679410621165,0.21877871136537932,-0.33951948016993183,0.5180930683823551,Neuroscience Targets
0.1157070707070707,0,0,0,0.09401458869710007,0.2158102224470804,-0.3289734472991775,0.5170026246933777,Neuroscience Targets
0.11969696969696969,0,0,0,0.09877140657853689,0.2126905628798327,-0.3181020966659352,0.5156449098230089,Neuroscience Targets
0.12368686868686868,0,0,0,0.10356989801065675,0.20944488570285907,-0.30694207796694706,0.5140818739882606,Neuroscience Targets
0.12767676767676767,0,0,0,0.1084231384779794,0.20610712987573696,-0.295546836078465,0.5123931130344238,Neuroscience Targets
0.13166666666666665,0,0,0,0.11334422077946793,0.20271358097333464,-0.28397439792826795,0.5106628394872038,Neuroscience Targets
0.13565656565656564,0,0,0,0.11834608447128381,0.19930236747390936,-0.27228655577757854,0.5089787247201462,Neuroscience Targets
0.13964646464646463,0,0,0,0.12343867304655637,0.1959168135172171,-0.2605582814471891,0.5074356275403018,Neuroscience Targets
0.14363636363636362,0,0,0,0.12862627363151533,0.19260555730779788,-0.2488806186917685,0.5061331659547992,Neuroscience Targets
0.1476262626262626,0,0,0,0.133911573796394,0.18941404062872064,-0.2373399458358984,0.5051630934286864,Neuroscience Targets
0.1516161616161616,0,0,0,0.13929714038686097,0.18638093934798128,-0.22600950073518233,0.5046037815089043,Neuroscience Targets
0.15560606060606058,0,0,0,0.14478118587647995,0.18353875058022412,-0.21495476526075932,0.5045171370137193,Neuroscience Targets
0.15959595959595957,0,0,0,0.15035634108395435,0.1809128863392847,-0.20423291614104366,0.5049455983089524,Neuroscience Targets
0.16358585858585858,0,0,0,0.15601487122960103,0.17851805489187433,-0.19388051635847267,0.5059102588176747,Neuroscience Targets
0.16757575757575757,0,0,0,0.16174901268596073,0.1763575644652261,-0.1839118136658824,0.5074098390378039,Neuroscience Targets
0.17156565656565656,0,0,0,0.1675466027127394,0.1744255304259865,-0.1743274369221941,0.5094206423476729,Neuroscience Targets
0.17555555555555555,0,0,0,0.17338639648620918,0.17271041803299375,-0.16512602285845857,0.5118988158308769,Neuroscience Targets
0.17954545454545454,0,0,0,0.17924602642934367,0.17119271928566923,-0.15629170337056802,0.5147837562292554,Neuroscience Targets
0.18353535353535352,0,0,0,0.18510312496511772,0.16984570834476204,-0.14779446339061586,0.5180007133208513,Neuroscience Targets
0.1875252525252525,0,0,0,0.1909353245158396,0.168637179787087,-0.1395935478668509,0.5214641968985301,Neuroscience Targets
0.1915151515151515,0,0,0,0.19671753224769567,0.16753389839061622,-0.13164890859791212,0.5250839730933035,Neuroscience Targets
0.1955050505050505,0,0,0,0.20240915870945256,0.16651548416766748,-0.12396119025917571,0.5287795076780808,Neuroscience Targets
0.19949494949494948,0,0,0,0.2079576358495152,0.1655749785638439,-0.11656932213561882,0.5324845938346492,Neuroscience Targets
0.20348484848484846,0,0,0,0.21330784035906963,0.1647121031892553,-0.10952788189187074,0.53614356261001,Neuroscience Targets
0.20747474747474745,0,0,0,0.21839577395152937,0.16394074979361764,-0.10292809564396121,0.53971964354702,Neuroscience Targets
0.21146464646464644,0,0,0,0.22315421122842222,0.163282089334797,-0.09687868386777987,0.5431871063246243,Neuroscience Targets
0.21545454545454543,0,0,0,0.22751592218748998,0.1627596804068608,-0.0914930514099572,0.5465248957849371,Neuroscience Targets
0.21944444444444441,0,0,0,0.23141367682647376,0.16239819731900632,-0.0868867899187786,0.5497141435717261,Neuroscience Targets
0.22343434343434343,0,0,0,0.23478024514311555,0.16222227920398588,-0.08317542209669679,0.5527359123829279,Neuroscience Targets
0.22742424242424242,0,0,0,0.23754839713515577,0.1622555167563936,-0.0804724157073757,0.5555692099776872,Neuroscience Targets
0.2314141414141414,0,0,0,0.23965090280033696,0.1625196039207465,-0.07888752088432616,0.5581893264850001,Neuroscience Targets
0.2354040404040404,0,0,0,0.24102053214266805,0.1630336842976677,-0.07852548908076062,0.5605665533660967,Neuroscience Targets
0.23939393939393938,0,0,0,0.24159038033430347,0.16381597322672428,-0.07948892719007611,0.562669687858683,Neuroscience Targets
0.24338383838383837,0,0,0,0.24129474012683305,0.16488803201367166,-0.08188580261996342,0.5644752828736295,Neuroscience Targets
0.24737373737373736,0,0,0,0.24006817990645654,0.16626682644082602,-0.08581479991756244,0.5659511597304755,Neuroscience Targets
0.25136363636363634,0,0,0,0.23784533512545472,0.1679623268964249,-0.0913608255915381,0.5670514958424475,Neuroscience Targets
0.25535353535353533,0,0,0,0.23456463113240078,0.169980493385362,-0.09859713590290875,0.5677263981677103,Neuroscience Targets
0.2593434343434343,0,0,0,0.23017023683847931,0.17232397629916027,-0.10758475670787482,0.5679252303848334,Neuroscience Targets
0.2633333333333333,0,0,0,0.2246074252625917,0.1749874570834456,-0.11836799062096165,0.567582841146145,Neuroscience Targets
0.2673232323232323,0,0,0,0.2178302027159098,0.17796157509614516,-0.13097448447253468,0.5666348899043543,Neuroscience Targets
0.2713131313131313,0,0,0,0.2097989953755288,0.18123199950322239,-0.14541572365078706,0.5650137144018447,Neuroscience Targets
0.27530303030303027,0,0,0,0.2004743779658155,0.1847774123464246,-0.16168935023317674,0.5626381061648077,Neuroscience Targets
0.27929292929292926,0,0,0,0.18981692521113613,0.18857102703886802,-0.17978228778504518,0.5594161382073175,Neuroscience Targets
0.28328282828282825,0,0,0,0.17778721183585738,0.1925824427071297,-0.19967437587011683,0.5552487995418316,Neuroscience Targets
0.28727272727272724,0,0,0,0.16434606516188166,0.1967797380032428,-0.22134222132447423,0.5500343516482376,Neuroscience Targets
0.2912626262626262,0,0,0,0.1494647005992481,0.2011347815222118,-0.24475947118428698,0.5436888723827832,Neuroscience Targets
0.2952525252525252,0,0,0,0.1331281663844684,0.2056259395301008,-0.2698986750945292,0.536155007863466,Neuroscience Targets
0.2992424242424242,0,0,0,0.11532247006093499,0.21023520457971204,-0.2967385309153006,0.5273834710371705,Neuroscience Targets
0.3032323232323232,0,0,0,0.09603598339799226,0.21495000230653652,-0.3252660211228193,0.5173379879188038,Neuroscience Targets
0.3072222222222222,0,0,0,0.07527399411761079,0.2197689946361339,-0.3554732353692116,0.5060212236044332,Neuroscience Targets
0.31121212121212116,0,0,0,0.05305213849027407,0.2247001955705318,-0.38736024482796827,0.4934645218085164,Neuroscience Targets
0.31520202020202015,0,0,0,0.02941020873844198,0.22976533898886944,-0.4209298556797421,0.47975027315662605,Neuroscience Targets
0.31919191919191914,0,0,0,0.004409628860274101,0.23499725298380233,-0.4561849869879785,0.46500424470852664,Neuroscience Targets
0.3231818181818182,0,0,0,-0.021877311062326044,0.24043444936870897,-0.4931288318249956,0.44937420970034353,Neuroscience Targets
0.32717171717171717,0,0,0,-0.049351265921650206,0.2461237962407822,-0.5317539065535833,0.4330513747102829,Neuroscience Targets
0.33116161616161616,0,0,0,-0.07790526292439044,0.25211054923656506,-0.5720419394280579,0.41623141357927707,Neuroscience Targets
0.33515151515151514,0,0,0,-0.10743229964410866,0.2584339012221858,-0.6139627460395929,0.3990981467513755,Neuroscience Targets
0.33914141414141413,0,0,0,-0.13782537365436676,0.26512580275199477,-0.6574719470482765,0.381821199739543,Neuroscience Targets
0.3431313131313131,0,0,0,-0.16897748252872663,0.27221028769247474,-0.702509646405977,0.3645546813485238,Neuroscience Targets
0.3471212121212121,0,0,0,-0.20078161547692844,0.2797032709777128,-0.7490000265932455,0.3474367956393887,Neuroscience Targets
0.3511111111111111,0,0,0,-0.2331296696296778,0.28761380930895614,-0.7968527358752318,0.3305933966158762,Neuroscience Targets
0.3551010101010101,0,0,0,-0.2659113766545678,0.29594522358050185,-0.8459640148723515,0.3141412615632158,Neuroscience Targets
0.35909090909090907,0,0,0,-0.2990162130986036,0.3046934785462618,-0.8962154310492767,0.2981830048520695,Neuroscience Targets
0.36308080808080806,0,0,0,-0.33233365550878735,0.31384786363116457,-0.9474754682258699,0.2828081572082952,Neuroscience Targets
0.36707070707070705,0,0,0,-0.3657531804321239,0.3233921662264319,-0.9996018262359304,0.2680954653716826,Neuroscience Targets
0.37106060606060604,0,0,0,-0.3991642800044666,0.3333059833388103,-1.0524440073485346,0.25411544733960156,Neuroscience Targets
0.375050505050505,0,0,0,-0.43246124356540683,0.34356727382121577,-1.1058531002549898,0.24093061312417607,Neuroscience Targets
0.379040404040404,0,0,0,-0.46554991046448624,0.3541554937626193,-1.15969467823922,0.22859485731024753,Neuroscience Targets
0.383030303030303,0,0,0,-0.4983378231141849,0.36505043802760534,-1.2138366816482913,0.21716103541992154,Neuroscience Targets
0.387020202020202,0,0,0,-0.5307336231097481,0.3762330081393632,-1.2681503190629,0.20668307284340381,Neuroscience Targets
0.391010101010101,0,0,0,-0.5626622227920355,0.3876893448300601,-1.3225333386589533,0.19720889307488232,Neuroscience Targets
0.39499999999999996,0,0,0,-0.5940609702011221,0.3994108454162284,-1.3769062272169297,0.1887842868146855,Neuroscience Targets
0,0,0,0,-0.041190198849119564,0.1787917134253537,-0.3916219571628128,0.30924155946457366,Phenotypic: Cancer and Cells
0.003952569169960475,0,0,0,-0.04465702404272598,0.1737693627854034,-0.38524497510211664,0.2959309270166647,Phenotypic: Cancer and Cells
0.00790513833992095,0,0,0,-0.048119210869738804,0.16883143285970262,-0.37902881927475596,0.28279039753527835,Phenotypic: Cancer and Cells
0.011857707509881424,0,0,0,-0.05157212096356337,0.1639877059877229,-0.3729880246995002,0.26984378277237353,Phenotypic: Cancer and Cells
0.0158102766798419,0,0,0,-0.05501111595760613,0.1592477078628746,-0.36713662336884034,0.257114391453628,Phenotypic: Cancer and Cells
0.019762845849802375,0,0,0,-0.058431557485272706,0.15462062603312124,-0.3614879845101904,0.24462486953964493,Phenotypic: Cancer and Cells
0.023715415019762848,0,0,0,-0.06182880717996983,0.15011521857139687,-0.3560546355799077,0.23239702121996805,Phenotypic: Cancer and Cells
0.027667984189723323,0,0,0,-0.06519822667510272,0.14573971295208654,-0.35084806406119234,0.2204516107109869,Phenotypic: Cancer and Cells
0.0316205533596838,0,0,0,-0.06853517760407735,0.14150169569078777,-0.3458785011580214,0.20880814594986669,Phenotypic: Cancer and Cells
0.03557312252964427,0,0,0,-0.07183502160030047,0.13740799397104694,-0.34115468978355246,0.1974846465829515,Phenotypic: Cancer and Cells
0.03952569169960475,0,0,0,-0.07509312029717793,0.13346455129118168,-0.33668364082789404,0.18649740023353814,Phenotypic: Cancer and Cells
0.04347826086956522,0,0,0,-0.0783048353281153,0.12967630009672765,-0.33247038351770153,0.1758607128614709,Phenotypic: Cancer and Cells
0.047430830039525695,0,0,0,-0.08146552832651863,0.12604703537730863,-0.32851771766604354,0.1655866610130063,Phenotypic: Cancer and Cells
0.051383399209486175,0,0,0,-0.08457056092579446,0.1225792942337722,-0.32482597762398796,0.15568485577239904,Phenotypic: Cancer and Cells
0.05533596837944665,0,0,0,-0.08761529475934843,0.11927424737110914,-0.32139281960672234,0.14616223008802548,Phenotypic: Cancer and Cells
0.059288537549407126,0,0,0,-0.09059488835011437,0.11613165627941063,-0.31821293465775924,0.13702315795753048,Phenotypic: Cancer and Cells
0.0632411067193676,0,0,0,-0.09350353887935306,0.11314995811887596,-0.31527745679235,0.12827037903364383,Phenotypic: Cancer and Cells
0.06719367588932808,0,0,0,-0.09633484231373868,0.11032612782625893,-0.31257405285320616,0.11990436822572884,Phenotypic: Cancer and Cells
0.07114624505928854,0,0,0,-0.09908142189321034,0.10765585618042499,-0.3100869000068433,0.11192405622042262,Phenotypic: Cancer and Cells
0.07509881422924902,0,0,0,-0.10173515260465249,0.1051335747643415,-0.30779695914276184,0.10432665393345686,Phenotypic: Cancer and Cells
0.0790513833992095,0,0,0,-0.10428780179601757,0.10275224179983541,-0.305682195723695,0.09710659213165984,Phenotypic: Cancer and Cells
0.08300395256916997,0,0,0,-0.1067311368152577,0.10050337440392917,-0.3037177506469589,0.09025547701644349,Phenotypic: Cancer and Cells
0.08695652173913045,0,0,0,-0.10905692501032396,0.09837717396444375,-0.3018761859806337,0.08376233595998578,Phenotypic: Cancer and Cells
0.09090909090909093,0,0,0,-0.11125693372916887,0.09636269711955735,-0.30012782008350125,0.07761395262516352,Phenotypic: Cancer and Cells
0.09486166007905139,0,0,0,-0.11332293031974397,0.09444807075360964,-0.29844114899681884,0.07179528835733093,Phenotypic: Cancer and Cells
0.09881422924901187,0,0,0,-0.11524667062924387,0.09262089727856743,-0.29678362929523605,0.06629028803674827,Phenotypic: Cancer and Cells
0.10276679841897235,0,0,0,-0.11701984919655509,0.09086923305658162,-0.29512354598745505,0.061083847594344876,Phenotypic: Cancer and Cells
0.10671936758893283,0,0,0,-0.11863414922955468,0.08918155634832997,-0.29342999967228145,0.05616170121317207,Phenotypic: Cancer and Cells
0.1106719367588933,0,0,0,-0.12008131495768609,0.08754754508919815,-0.29167450333251443,0.05151187341714228,Phenotypic: Cancer and Cells
0.11462450592885377,0,0,0,-0.12135311591896372,0.08595785559739595,-0.2898305128898598,0.04712428105193234,Phenotypic: Cancer and Cells
0.11857707509881425,0,0,0,-0.1224413224958964,0.08440396836347384,-0.28787310048830517,0.04299045549651234,Phenotypic: Cancer and Cells
0.12252964426877472,0,0,0,-0.1233378124229571,0.08287881512984684,-0.28578029007745687,0.039104665231542685,Phenotypic: Cancer and Cells
0.1264822134387352,0,0,0,-0.1240346845050248,0.08137741679063802,-0.28353442141467533,0.03546505240462572,Phenotypic: Cancer and Cells
0.13043478260869568,0,0,0,-0.1245242430372557,0.07989675690842131,-0.2811218865777615,0.032073400503250055,Phenotypic: Cancer and Cells
0.13438735177865616,0,0,0,-0.12479904279961766,0.0784359318248066,-0.2785334691762386,0.028935383577003274,Phenotypic: Cancer and Cells
0.13833992094861663,0,0,0,-0.12485184341372031,0.07699586739031246,-0.2757637434987327,0.026060056671292117,Phenotypic: Cancer and Cells
0.1422924901185771,0,0,0,-0.12467599758708042,0.07558005343948776,-0.27281290232847644,0.02346090715431559,Phenotypic: Cancer and Cells
0.14624505928853757,0,0,0,-0.12426516194680817,0.07419363802175474,-0.2696846924694475,0.021154368575831112,Phenotypic: Cancer and Cells
0.15019762845849804,0,0,0,-0.123613056610661,0.07284268274650434,-0.2663847147938095,0.019158601572487485,Phenotypic: Cancer and Cells
0.15415019762845852,0,0,0,-0.12271391333238466,0.071534586407845,-0.26292170269176085,0.01749387602699154,Phenotypic: Cancer and Cells
0.158102766798419,0,0,0,-0.12156257117590494,0.07027779595295139,-0.2593070512436897,0.016181908891879787,Phenotypic: Cancer and Cells
0.16205533596837948,0,0,0,-0.1201543944824815,0.06908115451655925,-0.2555534573349376,0.015244668369974623,Phenotypic: Cancer and Cells
0.16600790513833993,0,0,0,-0.11848580907640667,0.06795392818220466,-0.2516755083135278,0.01470389016071448,Phenotypic: Cancer and Cells
0.1699604743083004,0,0,0,-0.11655370850975996,0.06690459318625525,-0.24768671115482024,0.01457929413530032,Phenotypic: Cancer and Cells
0.1739130434782609,0,0,0,-0.11435543042960367,0.06594032189184475,-0.24359846133761937,0.014887600478412033,Phenotypic: Cancer and Cells
0.17786561264822137,0,0,0,-0.11188892928689917,0.06506673507459487,-0.23941973003310513,0.01564187145930679,Phenotypic: Cancer and Cells
0.18181818181818185,0,0,0,-0.1091530453035196,0.0642878162291734,-0.23515716511269946,0.016851074505660257,Phenotypic: Cancer and Cells
0.18577075098814233,0,0,0,-0.10614706617149122,0.06360536050556231,-0.23081357276239334,0.018519440419410907,Phenotypic: Cancer and Cells
0.18972332015810278,0,0,0,-0.10287046236188849,0.06301871189664483,-0.22638713767931234,0.020646212955535384,Phenotypic: Cancer and Cells
0.19367588932806326,0,0,0,-0.09932339226634443,0.06252540005849487,-0.22187317638099435,0.023226391848305508,Phenotypic: Cancer and Cells
0.19762845849802374,0,0,0,-0.09550673523242217,0.062121535998707525,-0.21726494578988892,0.02625147532504457,Phenotypic: Cancer and Cells
0.20158102766798422,0,0,0,-0.09142186327464205,0.061801975786434205,-0.21255373581605308,0.02971000926676899,Phenotypic: Cancer and Cells
0.2055335968379447,0,0,0,-0.08707041421538014,0.061560478531473874,-0.20772895213706893,0.03358812370630865,Phenotypic: Cancer and Cells
0.20948616600790518,0,0,0,-0.08245432338151054,0.06139022731310986,-0.20277916891520587,0.03787052215218478,Phenotypic: Cancer and Cells
0.21343873517786566,0,0,0,-0.07757583761820472,0.061284411196216665,-0.19769328356278937,0.042541608326379945,Phenotypic: Cancer and Cells
0.2173913043478261,0,0,0,-0.07243754499581942,0.061236845670993356,-0.1924617625109664,0.04758667251932755,Phenotypic: Cancer and Cells
0.2213438735177866,0,0,0,-0.06704236760231366,0.06124245867158864,-0.1870775865986274,0.05299285139400006,Phenotypic: Cancer and Cells
0.22529644268774707,0,0,0,-0.06139334981040106,0.061297062086686525,-0.18153559150030665,0.05874889187950453,Phenotypic: Cancer and Cells
0.22924901185770755,0,0,0,-0.05549371303471274,0.06139789223244357,-0.17583358181030212,0.06484615574087665,Phenotypic: Cancer and Cells
0.23320158102766803,0,0,0,-0.049346939591248216,0.061544237997924786,-0.1699736460671808,0.07127976688468438,Phenotypic: Cancer and Cells
0.2371541501976285,0,0,0,-0.04295688286024097,0.06173807157370528,-0.16396350314470332,0.07804973742422139,Phenotypic: Cancer and Cells
0.24110671936758896,0,0,0,-0.03632759556515886,0.06198323055544311,-0.15781472745382735,0.08515953632350962,Phenotypic: Cancer and Cells
0.24505928853754944,0,0,0,-0.029463382707782607,0.062285643986458535,-0.15154324492124133,0.09261647950567611,Phenotypic: Cancer and Cells
0.24901185770750991,0,0,0,-0.022368765945170885,0.0626526998165371,-0.1451680575855836,0.10043052569524182,Phenotypic: Cancer and Cells
0.2529644268774704,0,0,0,-0.015048296532040109,0.06309153741561044,-0.13870770986663655,0.10861111680255635,Phenotypic: Cancer and Cells
0.25691699604743085,0,0,0,-0.007506566450321703,0.06360891847131821,-0.13218004665410538,0.11716691375346198,Phenotypic: Cancer and Cells
0.26086956521739135,0,0,0,2.518047825648406e-4,0.06421081594112926,-0.12560139446204852,0.1261050040271782,Phenotypic: Cancer and Cells
0.2648221343873518,0,0,0,0.00822217906820219,0.06490229976041194,-0.1189863284622052,0.13543068659860957,Phenotypic: Cancer and Cells
0.2687747035573123,0,0,0,0.016399917416476756,0.06568752464820697,-0.1123476308940089,0.1451474657269624,Phenotypic: Cancer and Cells
0.27272727272727276,0,0,0,0.02478040155755759,0.06656957908421764,-0.10569597344750897,0.15525677656262415,Phenotypic: Cancer and Cells
0.27667984189723327,0,0,0,0.03335904885315821,0.06755031319918606,-0.09903956501724645,0.16575766272356288,Phenotypic: Cancer and Cells
0.2806324110671937,0,0,0,0.042131289814504064,0.06862997675132097,-0.09238346461808505,0.17664604424709318,Phenotypic: Cancer and Cells
0.2845849802371542,0,0,0,0.05109261524385865,0.06980776184821763,-0.08573059797864792,0.18791582846636523,Phenotypic: Cancer and Cells
0.2885375494071147,0,0,0,0.06023859243077398,0.07108222072641902,-0.0790825601930073,0.19955974505455526,Phenotypic: Cancer and Cells
0.29249011857707513,0,0,0,0.06956486950147923,0.07245159110947427,-0.07244024907309034,0.21156998807604882,Phenotypic: Cancer and Cells
0.29644268774703564,0,0,0,0.07906728152996137,0.07391480921003647,-0.06580574452171012,0.22394030758163286,Phenotypic: Cancer and Cells
0.3003952569169961,0,0,0,0.08874183386255172,0.07547172299664691,-0.059182743210876215,0.23666641093597965,Phenotypic: Cancer and Cells
0.30434782608695654,0,0,0,0.09858460913303123,0.07712278904079281,-0.052576057386922684,0.24974527565298515,Phenotypic: Cancer and Cells
0.30830039525691705,0,0,0,0.10859177016521109,0.07886929878039359,-0.045992055444360344,0.2631755957747825,Phenotypic: Cancer and Cells
0.3122529644268775,0,0,0,0.1187595901110915,0.08071372633938738,-0.03943931351410776,0.2769584937362908,Phenotypic: Cancer and Cells
0.316205533596838,0,0,0,0.12908450705658026,0.08266011323631368,-0.03292931488659456,0.2910983289997551,Phenotypic: Cancer and Cells
0.32015810276679846,0,0,0,0.13956305276765965,0.08471358290814951,-0.02647556973231338,0.3056016752676327,Phenotypic: Cancer and Cells
0.32411067193675897,0,0,0,0.15019190467873555,0.08688053416283063,-0.020093942280412475,0.3204777516378836,Phenotypic: Cancer and Cells
0.3280632411067194,0,0,0,0.16096787505493676,0.08916828373451742,-0.013801961064717372,0.3357377111745909,Phenotypic: Cancer and Cells
0.33201581027667987,0,0,0,0.1718877939828371,0.0915840760595057,-0.007616995093794071,0.3513925830594683,Phenotypic: Cancer and Cells
0.3359683794466404,0,0,0,0.18294849584046985,0.09413485284933136,-0.0015558157442196185,0.3674528074251593,Phenotypic: Cancer and Cells
0.3399209486166008,0,0,0,0.19414686489409075,0.09682739875724451,0.004365163329891508,0.38392856645829,Phenotypic: Cancer and Cells
0.34387351778656133,0,0,0,0.20547981779163677,0.09966805725642325,0.010130425569047197,0.40082921001422633,Phenotypic: Cancer and Cells
0.3478260869565218,0,0,0,0.21694429459358017,0.10266259110150053,0.015725616034639123,0.4181629731525212,Phenotypic: Cancer and Cells
0.3517786561264823,0,0,0,0.22853731492466917,0.10581638080519565,0.02113720854648571,0.4359374213028526,Phenotypic: Cancer and Cells
0.35573122529644274,0,0,0,0.2402559996776623,0.10913427580236977,0.026352819105017578,0.45415918025030705,Phenotypic: Cancer and Cells
0.3596837944664032,0,0,0,0.25209750941455955,0.1126199836289148,0.03136234150188655,0.47283267732723255,Phenotypic: Cancer and Cells
0.3636363636363637,0,0,0,0.26405902040139545,0.1162759244056885,0.03615820856624599,0.49195983223654494,Phenotypic: Cancer and Cells
0.36758893280632415,0,0,0,0.2761377590917916,0.12010345873284514,0.04073497997541514,0.5115405382081681,Phenotypic: Cancer and Cells
0.37154150197628466,0,0,0,0.288330987079435,0.12410277019321408,0.0450895575007354,0.5315724166581346,Phenotypic: Cancer and Cells
0.3754940711462451,0,0,0,0.30063599132055113,0.12827289383491394,0.04922111940411983,0.5520508632369825,Phenotypic: Cancer and Cells
0.37944664031620556,0,0,0,0.31305007804874263,0.13261179012090601,0.05313096941176687,0.5729691866857184,Phenotypic: Cancer and Cells
0.38339920948616607,0,0,0,0.3255705563789728,0.13711624185019886,0.056822722352583066,0.5943183904053626,Phenotypic: Cancer and Cells
0.3873517786561265,0,0,0,0.3381947350915968,0.14178219312487572,0.0603016365668404,0.6160878336163532,Phenotypic: Cancer and Cells
0.391304347826087,0,0,0,0.35091992053536913,0.1466050984601866,0.06357392755340341,0.6382659135173349,Phenotypic: Cancer and Cells
0,0,0,0,-0.032362020494470345,0.4239272147268506,-0.8632593613590974,0.7985353203701567,Transporters and Ion Channels
0.0038480038480038477,0,0,0,-0.034286565445106554,0.40813862229691167,-0.8342382651470535,0.7656651342568404,Transporters and Ion Channels
0.007696007696007695,0,0,0,-0.03619949841301384,0.3929855151900065,-0.8064511081854266,0.734052111359399,Transporters and Ion Channels
0.011544011544011544,0,0,0,-0.038089207415458404,0.3785509628264602,-0.7800490945553205,0.7038706797244036,Transporters and Ion Channels
0.01539201539201539,0,0,0,-0.03994408046970943,0.36490809057038465,-0.7551639379876633,0.6752757770482445,Transporters and Ion Channels
0.019240019240019238,0,0,0,-0.04175250559303667,0.3521172113936608,-0.7319022399246119,0.6483972287385386,Transporters and Ion Channels
0.023088023088023088,0,0,0,-0.043502870802710536,0.34022286588578893,-0.7103396879388568,0.6233339463334358,Transporters and Ion Channels
0.026936026936026935,0,0,0,-0.04518356411599722,0.3292509874464615,-0.6905154995110617,0.6001483712790673,Transporters and Ion Channels
0.03078403078403078,0,0,0,-0.04678297355016703,0.3192064702606804,-0.6724276552611006,0.5788617081607665,Transporters and Ion Channels
0.03463203463203463,0,0,0,-0.04828948712249015,0.31007145124275776,-0.6560295315582954,0.55945055731331506,Transporters and Ion Channels
0.038480038480038475,0,0,0,-0.049691492850234775,0.30180460701343975,-0.6412285225965767,0.5418455368961071,Transporters and Ion Channels
0.042328042328042326,0,0,0,-0.05097737875066988,0.29434170469394205,-0.6278871199507963,0.5259323624494565,Transporters and Ion Channels
0.046176046176046176,0,0,0,-0.052135532841063426,0.28759753669871524,-0.6158267047705452,0.5115556390884184,Transporters and Ion Channels
0.05002405002405002,0,0,0,-0.053154343138687166,0.28146923670209295,-0.6048340470747894,0.49852536079741505,Transporters and Ion Channels
0.05387205387205387,0,0,0,-0.054022197660808624,0.2758408496707995,-0.5946702630155757,0.48662586769395844,Transporters and Ion Channels
0.05772005772005771,0,0,0,-0.05472724868776602,0.2705895090454837,-0.585082686416914,0.47562818904138193,Transporters and Ion Channels
0.06156806156806156,0,0,0,-0.05525313465720194,0.2656029693930916,-0.5758349546676614,0.46532868535325755,Transporters and Ion Channels
0.06541606541606541,0,0,0,-0.05557565118342023,0.2607999070213088,-0.5667434689451855,0.455592166578345,Transporters and Ion Channels
0.06926406926406926,0,0,0,-0.055665098677537495,0.2561349260920225,-0.5576895538179016,0.4463593564628266,Transporters and Ion Channels
0.0731120731120731,0,0,0,-0.055490180869336825,0.2515857811827018,-0.5485983119874324,0.4376179502487587,Transporters and Ion Channels
0.07696007696007695,0,0,0,-0.055019589494232024,0.24714400955825458,-0.539421848228411,0.42938266923994695,Transporters and Ion Channels
0.0808080808080808,0,0,0,-0.05422201628762968,0.24281184099004596,-0.5301332246281197,0.4216891920528604,Transporters and Ion Channels
0.08465608465608465,0,0,0,-0.05306615298494044,0.2385992416530591,-0.5207206666249362,0.4145883606550554,Transporters and Ion Channels
0.0885040885040885,0,0,0,-0.05152069132157405,0.23452108134194283,-0.5111820107517819,0.4081406281086339,Transporters and Ion Channels
0.09235209235209235,0,0,0,-0.049554323032941994,0.23059446233394562,-0.5015194692074754,0.40241082314159143,Transporters and Ion Channels
0.09620009620009619,0,0,0,-0.04713573985445296,0.22683625517412473,-0.49173479999573744,0.3974633202868315,Transporters and Ion Channels
0.10004810004810004,0,0,0,-0.04423363352151638,0.22326089840494756,-0.4818249943952136,0.39335772735218083,Transporters and Ion Channels
0.10389610389610389,0,0,0,-0.04081669576954278,0.21987853179136382,-0.4717786180806159,0.39014522654153033,Transporters and Ion Channels
0.10774410774410774,0,0,0,-0.036853618333942184,0.21669354204828922,-0.46157296074858906,0.3878657240807047,Transporters and Ion Channels
0.11159211159211159,0,0,0,-0.03231309295012469,0.2137036033694486,-0.45117215555424395,0.38654596965399457,Transporters and Ion Channels
0.11544011544011543,0,0,0,-0.027163811353499545,0.21089929056900303,-0.4405264208687455,0.3861987981617464,Transporters and Ion Channels
0.11928811928811928,0,0,0,-0.02137480378469553,0.2082645024897317,-0.42957322866456965,0.3868236210951786,Transporters and Ion Channels
0.12313612313612313,0,0,0,-0.014926413836986119,0.2057829265804235,-0.41826094993461616,0.3884081222606439,Transporters and Ion Channels
0.12698412698412698,0,0,0,-0.007812694738462356,0.20344035053220758,-0.4065557817815892,0.3909303923046645,Transporters and Ion Channels
0.13083213083213083,0,0,0,-2.8523030637328528e-5,0.2012191178630062,-0.39441799404212946,0.3943609479808548,Transporters and Ion Channels
0.13468013468013468,0,0,0,0.008431013511612212,0.19909924857659053,-0.3818035136985052,0.39866554072172966,Transporters and Ion Channels
0.13852813852813853,0,0,0,0.017558673070223713,0.1970661824661599,-0.3686910445634497,0.40380839070389707,Transporters and Ion Channels
0.14237614237614238,0,0,0,0.02731519852103939,0.19512242802983493,-0.355124760417437,0.40975515745951585,Transporters and Ion Channels
0.1462241462241462,0,0,0,0.03764698747535114,0.1932796641934904,-0.34118115434389007,0.4164751292945923,Transporters and Ion Channels
0.15007215007215005,0,0,0,0.04850002472869977,0.1915513492616521,-0.32694061982413836,0.42394066928153784,Transporters and Ion Channels
0.1539201539201539,0,0,0,0.05982029507662612,0.18995192972097671,-0.3124854871764882,0.43212607732974045,Transporters and Ion Channels
0.15776815776815775,0,0,0,0.07155378331467055,0.18849659337726077,-0.2978995397047606,0.4410071063341017,Transporters and Ion Channels
0.1616161616161616,0,0,0,0.083646197862076,0.1872015464118061,-0.28326883310506396,0.45056122882921595,Transporters and Ion Channels
0.16546416546416545,0,0,0,0.0960336714946744,0.1860893721456022,-0.2687014979107059,0.4607688409000547,Transporters and Ion Channels
0.1693121693121693,0,0,0,0.10863954886028176,0.18518962743720152,-0.2543321209166332,0.47161121863719674,Transporters and Ion Channels
0.17316017316017315,0,0,0,0.12137581272158354,0.1845363794510877,-0.24031549100254834,0.48306711644571543,Transporters and Ion Channels
0.177008177008177,0,0,0,0.1341479527235626,0.18416207310487165,-0.2268097105619858,0.495105616009111,Transporters and Ion Channels
0.18085618085618085,0,0,0,0.14685874539151256,0.18409342196307413,-0.2139643616561127,0.5076818524391378,Transporters and Ion Channels
0.1847041847041847,0,0,0,0.1594040282879634,0.1843523645201805,-0.20192660617159036,0.5207346627475171,Transporters and Ion Channels
0.18855218855218853,0,0,0,0.17167850002470425,0.18494865408581265,-0.19082086198348852,0.534177862032897,Transporters and Ion Channels
0.19240019240019238,0,0,0,0.18357655406388523,0.18588101139308247,-0.1807502282665564,0.5479033363943269,Transporters and Ion Channels
0.19624819624819623,0,0,0,0.1949927687710367,0.1871431535001346,-0.17180781208922716,0.5617933496313006,Transporters and Ion Channels
0.20009620009620008,0,0,0,0.20582246120866793,0.18871878730228056,-0.16406636190380197,0.5757112843211378,Transporters and Ion Channels
0.20394420394420393,0,0,0,0.21596098341642433,0.19057733964183599,-0.1575706022815742,0.5894925691144228,Transporters and Ion Channels
0.20779220779220778,0,0,0,0.2253036874339513,0.19267522928618455,-0.1523397619669704,0.602947136834873,Transporters and Ion Channels
0.21164021164021163,0,0,0,0.23374600184808497,0.1949583431930286,-0.14837235081025107,0.6158643545064211,Transporters and Ion Channels
0.21548821548821548,0,0,0,0.2411898151729581,0.19737011643583877,-0.14565561304128585,0.6280352433872021,Transporters and Ion Channels
0.21933621933621933,0,0,0,0.24754828193238798,0.19985888031203358,-0.1441751234791978,0.6392716873439738,Transporters and Ion Channels
0.22318422318422318,0,0,0,0.2527356886399455,0.20237284581923357,-0.1439150891657523,0.6493864664456432,Transporters and Ion Channels
0.227032227032227,0,0,0,0.25666632180919996,0.20486150250884685,-0.14486222310813984,0.6581948667265398,Transporters and Ion Channels
0.23088023088023085,0,0,0,0.25925844520522695,0.20728059519605033,-0.14701152137903167,0.6655284117894855,Transporters and Ion Channels
0.2347282347282347,0,0,0,0.2604495206388058,0.20960383690495465,-0.15037399969490534,0.6712730409725169,Transporters and Ion Channels
0.23857623857623855,0,0,0,0.2601860464013342,0.2118171387461481,-0.1549755455411161,0.6753476383437844,Transporters and Ion Channels
0.2424242424242424,0,0,0,0.25843618880006425,0.2139254127565883,-0.16085762020284883,0.6777299978029774,Transporters and Ion Channels
0.24627224627224625,0,0,0,0.25519376466050625,0.21595222444455384,-0.16807259525081925,0.6784601245718318,Transporters and Ion Channels
0.2501202501202501,0,0,0,0.2504652735637228,0.2179288690376632,-0.1766753097500971,0.6776058568775427,Transporters and Ion Channels
0.25396825396825395,0,0,0,0.244263241351463,0.2198875477973128,-0.18671635233127004,0.675242835034196,Transporters and Ion Channels
0.2578162578162578,0,0,0,0.2366211574854017,0.2218657464255593,-0.19823570550869457,0.6714780204794979,Transporters and Ion Channels
0.26166426166426165,0,0,0,0.2275772830721287,0.22389473658270762,-0.2112564006299782,0.6664109667742356,Transporters and Ion Channels
0.2655122655122655,0,0,0,0.2171698792182324,0.2259953140713291,-0.22578093636157265,0.6601206947980374,Transporters and Ion Channels
0.26936026936026936,0,0,0,0.20543720703030227,0.22817694806233074,-0.24178961117186598,0.6526640252324705,Transporters and Ion Channels
0.2732082732082732,0,0,0,0.19241752761492725,0.23043782653282446,-0.2592406123894087,0.6440756676192632,Transporters and Ion Channels
0.27705627705627706,0,0,0,0.17814910207869633,0.23276575663344104,-0.2780717809228481,0.6343699850802408,Transporters and Ion Channels
0.2809042809042809,0,0,0,0.1626701915281985,0.23513985632500684,-0.29820392686881486,0.6235443099252118,Transporters and Ion Channels
0.28475228475228476,0,0,0,0.14601905707002233,0.2375329589248866,-0.3195455424227554,0.6115836565628001,Transporters and Ion Channels
0.2886002886002886,0,0,0,0.12823495099574683,0.23991618184631597,-0.3420007654230325,0.5984706674145261,Transporters and Ion Channels
0.2924482924482924,0,0,0,0.10936664478747771,0.24227647319259893,-0.3654952426700162,0.5842285322449716,Transporters and Ion Channels
0.2962962962962963,0,0,0,0.08947454845577135,0.2446274037074437,-0.3899951628108183,0.5689442597223611,Transporters and Ion Channels
0.3001443001443001,0,0,0,0.06862258609765698,0.24699739595157988,-0.4154923099674396,0.5527374821627535,Transporters and Ion Channels
0.303992303992304,0,0,0,0.04687470439467967,0.24942299687922317,-0.44199436948859777,0.535743778277957,Transporters and Ion Channels
0.3078403078403078,0,0,0,0.024294850028385995,0.2519487971696534,-0.4695247924241347,0.5181144924809067,Transporters and Ion Channels
0.3116883116883117,0,0,0,9.469696803216521e-4,0.2546274413904529,-0.498122815444966,0.5000167548056094,Transporters and Ion Channels
0.3155363155363155,0,0,0,-0.02310498996796634,0.2575196325842382,-0.5278434698330732,0.48163348989714055,Transporters and Ion Channels
0.3193843193843194,0,0,0,-0.047797082234933674,0.26069407468184563,-0.558757468611351,0.4631633041414837,Transporters and Ion Channels
0.3232323232323232,0,0,0,-0.07306610796516189,0.2642295232855869,-0.5909559736049123,0.4448237576745885,Transporters and Ion Channels
0.3270803270803271,0,0,0,-0.09885373463160685,0.26822514777235223,-0.6245750242654172,0.4268675550022035,Transporters and Ion Channels
0.3309283309283309,0,0,0,-0.12510357766619662,0.27278634322819023,-0.6597648103934495,0.40955765506105624,Transporters and Ion Channels
0.3347763347763347,0,0,0,-0.151759257666793,0.278014560086404,-0.6966677954361449,0.3931492801025589,Transporters and Ion Channels
0.3386243386243386,0,0,0,-0.17876439523125415,0.28400362896377795,-0.735411508000259,0.37788271753775066,Transporters and Ion Channels
0.34247234247234243,0,0,0,-0.20606261095743833,0.29083650685589324,-0.776102164394989,0.3639769424801124,Transporters and Ion Channels
0.3463203463203463,0,0,0,-0.2335995738353258,0.29858342150562395,-0.8188230799863487,0.3516239323156971,Transporters and Ion Channels
0.35016835016835013,0,0,0,-0.26133538263555045,0.30730298794533933,-0.8636492390084155,0.3409784737373146,Transporters and Ion Channels
0.354016354016354,0,0,0,-0.2892456424664762,0.31703629027700636,-0.9106367714094087,0.33214548647645625,Transporters and Ion Channels
0.35786435786435783,0,0,0,-0.31730854694926464,0.3277999410810459,-0.9597964314681144,0.3251793375695852,Transporters and Ion Channels
0.3617123617123617,0,0,0,-0.3455022897050801,0.33958578130829387,-1.011090421069336,0.32008584165917586,Transporters and Ion Channels
0.36556036556036553,0,0,0,-0.37380506435508287,0.352362784962601,-1.064436122881781,0.31682599417161506,Transporters and Ion Channels
0.3694083694083694,0,0,0,-0.40219506452043646,0.36607986216252064,-1.1197115943589768,0.31532146531810396,Transporters and Ion Channels
0.37325637325637323,0,0,0,-0.43065048382230303,0.3806691543856086,-1.1767620264180958,0.3154610587734898,Transporters and Ion Channels
0.37710437710437705,0,0,0,-0.45914951588184505,0.3960494640302862,-1.2354064653812058,0.3171074336175158,Transporters and Ion Channels
0.38095238095238093,0,0,0,-0.4876703543202251,0.4121295457062504,-1.2954442639044759,0.3201035552640257,Transporters and Ion Channels
