key,n_wfo_rows,n_taxon_ids,n_resolved_accepted_ids,n_resolved_accepted_names,n_resolved_families,scientific_names,taxonomic_statuses,resolved_accepted_ids,resolved_accepted_names,resolved_families,resolved_genera,resolved_ranks,any_exact_original_match,any_canonical_key_match,any_included_as_accepted_target,key_resolution_status
crateva religiosa,2,2,2,2,2,Crateva religiosa,accepted | synonym,wfo-0000521533 | wfo-0000625724,Aegle marmelos | Crateva religiosa,Capparaceae | Rutaceae,Aegle | Crateva,species,TRUE,TRUE,TRUE,conflicting_accepted_families
dalea,3,3,3,3,3,Dalea,accepted | synonym,wfo-4000005510 | wfo-4000010680 | wfo-4000024102,Browallia | Dalea | Microdon,Fabaceae | Scrophulariaceae | Solanaceae,Browallia | Dalea | Microdon,genus,TRUE,TRUE,TRUE,conflicting_accepted_families
davallia divaricata,2,2,2,2,2,Davallia divaricata,accepted | synonym,wfo-0001113068 | wfo-0001124802,Davallia divaricata | Odontosoria schlechtendalii,Davalliaceae | Lindsaeaceae,Davallia | Odontosoria,species,TRUE,TRUE,TRUE,conflicting_accepted_families
esenbeckia,3,3,3,3,3,Esenbeckia,accepted | synonym,wfo-4000014038 | wfo-4000015338 | wfo-4000025487,Esenbeckia | Garovaglia | Neesia,Malvaceae | Ptychomniaceae | Rutaceae,Esenbeckia | Garovaglia | Neesia,genus,TRUE,TRUE,TRUE,conflicting_accepted_families
ixora coccinea,3,3,3,3,2,Ixora coccinea,accepted | synonym,wfo-0000218302 | wfo-0000218311 | wfo-0000667056,Embothrium coccineum | Ixora chinensis | Ixora coccinea,Proteaceae | Rubiaceae,Embothrium | Ixora,species,TRUE,TRUE,TRUE,conflicting_accepted_families
juniperus chinensis,2,2,2,2,2,Juniperus chinensis,accepted | synonym,wfo-0000355589 | wfo-0000737073,Juniperus chinensis | Podocarpus macrophyllus var. maki,Cupressaceae | Podocarpaceae,Juniperus | Podocarpus,species | variety,TRUE,TRUE,TRUE,conflicting_accepted_families
mimulus,2,2,2,2,2,Mimulus,accepted | synonym,wfo-4000024336 | wfo-4000032946,Mimulus | Rhinanthus,Orobanchaceae | Phrymaceae,Mimulus | Rhinanthus,genus,TRUE,TRUE,TRUE,conflicting_accepted_families
onychium japonicum,2,2,2,2,2,Onychium japonicum,accepted | synonym,wfo-0000939888 | wfo-0001107373,Dendrobium moniliforme | Onychium japonicum,Orchidaceae | Pteridaceae,Dendrobium | Onychium,species,TRUE,TRUE,TRUE,conflicting_accepted_families
saussurea japonica,3,3,2,2,2,Saussurea japonica,accepted | synonym,wfo-0000033887 | wfo-0000663320,Hosta plantaginea | Saussurea japonica,Asparagaceae | Asteraceae,Hosta | Saussurea,species,TRUE,TRUE,TRUE,conflicting_accepted_families
acacia adunca,2,2,2,2,1,Acacia adunca,accepted | synonym,wfo-0001053987 | wfo-1200001737,Acacia adunca | Acacia linearifolia,Fabaceae,Acacia,species,TRUE,TRUE,TRUE,multiple_accepted_names_same_family
acacia anceps,2,2,2,2,1,Acacia anceps,accepted | synonym,wfo-0000185282 | wfo-0000201116,Acacia anceps | Acacia complanata,Fabaceae,Acacia,species,TRUE,TRUE,TRUE,multiple_accepted_names_same_family
acacia binervata,2,2,2,2,1,Acacia binervata,accepted | synonym,wfo-0000185290 | wfo-0000185333,Acacia binervata | Acacia verniciflua,Fabaceae,Acacia,species,TRUE,TRUE,TRUE,multiple_accepted_names_same_family
acacia calamifolia,4,4,2,2,1,Acacia calamifolia,accepted | synonym | unchecked,wfo-0000185297 | wfo-0000201411,Acacia calamifolia | Acacia quadrilateralis,Fabaceae,Acacia,species,TRUE,TRUE,TRUE,multiple_accepted_names_same_family
acacia catechu,3,3,3,3,1,Acacia catechu,synonym,wfo-0001284769 | wfo-0001335075 | wfo-0001427394,Senegalia catechu | Senegalia chundra | Senegalia polyacantha subsp. polyacantha,Fabaceae,Senegalia,species | subspecies,TRUE,TRUE,FALSE,multiple_accepted_names_same_family
acacia dealbata,2,2,2,2,1,Acacia dealbata,accepted | synonym,wfo-0000192338 | wfo-0000201295,Acacia dealbata | Acacia leucolobia,Fabaceae,Acacia,species,TRUE,TRUE,TRUE,multiple_accepted_names_same_family
acacia doratoxylon,2,2,2,2,1,Acacia doratoxylon,accepted | synonym,wfo-0000185281 | wfo-0000192748,Acacia acuminata | Acacia doratoxylon,Fabaceae,Acacia,species,TRUE,TRUE,TRUE,multiple_accepted_names_same_family
acacia elata,3,3,2,2,1,Acacia elata,accepted | synonym,wfo-0000186098 | wfo-0000193822,Acacia elata | Albizia procera,Fabaceae,Acacia | Albizia,species,TRUE,TRUE,TRUE,multiple_accepted_names_same_family
acacia erioloba,2,2,2,2,1,Acacia erioloba,synonym,wfo-0001284774 | wfo-0001336842,Vachellia edgeworthii | Vachellia erioloba,Fabaceae,Vachellia,species,TRUE,TRUE,FALSE,multiple_accepted_names_same_family
acacia horrida,2,2,2,2,1,Acacia horrida,synonym,wfo-0001335076 | wfo-0001336851,Senegalia pennata | Vachellia horrida,Fabaceae,Senegalia | Vachellia,species,TRUE,TRUE,FALSE,multiple_accepted_names_same_family
acacia latifolia,2,2,2,2,1,Acacia latifolia,accepted | synonym,wfo-0000185313 | wfo-0000204086,Acacia latifolia | Acacia melanoxylon,Fabaceae,Acacia,species,TRUE,TRUE,TRUE,multiple_accepted_names_same_family
acacia longifolia,2,2,2,2,1,Acacia longifolia,accepted | synonym,wfo-0000192739 | wfo-0000210768,Acacia dentifera | Acacia longifolia,Fabaceae,Acacia,species,TRUE,TRUE,TRUE,multiple_accepted_names_same_family
acacia sieberiana,3,3,3,3,1,Acacia sieberiana,synonym,wfo-0000186862 | wfo-0000201188 | wfo-0001336883,Acacia hamiltoniana | Acacia terminalis | Vachellia sieberiana,Fabaceae,Acacia | Vachellia,species,TRUE,TRUE,FALSE,multiple_accepted_names_same_family
acaena pinnatifida,4,4,3,3,1,Acaena pinnatifida,accepted | synonym,wfo-0000985224 | wfo-0000985858 | wfo-0001005319,Acaena pinnatifida | Acaena sericea | Acaena trifida,Rosaceae,Acaena,species,TRUE,TRUE,TRUE,multiple_accepted_names_same_family
acalypha hispida,4,4,3,3,1,Acalypha hispida,accepted | synonym,wfo-0000219111 | wfo-0000950668 | wfo-0000960215,Acalypha hispida | Acalypha lanceolata var. lanceolata | Acalypha poiretii,Euphorbiaceae,Acalypha,species | variety,TRUE,TRUE,TRUE,multiple_accepted_names_same_family
actaea racemosa,2,2,2,2,1,Actaea racemosa,accepted | synonym,wfo-0000455167 | wfo-0000519114,Actaea racemosa | Trautvetteria palmata,Ranunculaceae,Actaea | Trautvetteria,species,TRUE,TRUE,TRUE,multiple_accepted_names_same_family
afzelia bella,2,2,2,2,1,Afzelia bella,accepted | synonym,wfo-0000211757 | wfo-0000211767,Afzelia bella | Afzelia bipindensis,Fabaceae,Afzelia,species,TRUE,TRUE,TRUE,multiple_accepted_names_same_family
ageratum corymbosum,4,4,2,2,1,Ageratum corymbosum,accepted | synonym | unchecked,wfo-0000034390 | wfo-0000056662,Ageratum corymbosum | Stylotrichium corymbosum,Asteraceae,Ageratum | Stylotrichium,species,TRUE,TRUE,TRUE,multiple_accepted_names_same_family
aglaia edulis,3,3,3,3,1,Aglaia edulis,accepted | synonym,wfo-0000524041 | wfo-0000524337 | wfo-0000524339,Aglaia edulis | Aglaia saltatorum | Aglaia samoensis,Meliaceae,Aglaia,species,TRUE,TRUE,TRUE,multiple_accepted_names_same_family
albizia julibrissin,2,2,2,2,1,Albizia julibrissin,accepted | synonym,wfo-0000173835 | wfo-0000199752,Albizia julibrissin | Albizia lebbekoides,Fabaceae,Albizia,species,TRUE,TRUE,TRUE,multiple_accepted_names_same_family
alchemilla speciosa,3,3,2,2,1,Alchemilla speciosa,accepted | synonym | unchecked,wfo-0001002002 | wfo-0001014989,Alchemilla malyi | Alchemilla speciosa,Rosaceae,Alchemilla,species,TRUE,TRUE,TRUE,multiple_accepted_names_same_family
allium atroviolaceum,2,2,2,2,1,Allium atroviolaceum,accepted | synonym,wfo-0000755727 | wfo-0000757393,Allium atroviolaceum | Allium sphaerocephalon,Amaryllidaceae,Allium,species,TRUE,TRUE,TRUE,multiple_accepted_names_same_family
allium chinense,2,2,2,2,1,Allium chinense,accepted | synonym,wfo-0000755945 | wfo-0000757641,Allium chinense | Allium tuberosum,Amaryllidaceae,Allium,species,TRUE,TRUE,TRUE,multiple_accepted_names_same_family
alphitonia excelsa,3,3,2,2,1,Alphitonia excelsa,accepted | synonym | unchecked,wfo-0000527304 | wfo-0000527309,Alphitonia excelsa | Alphitonia incana,Rhamnaceae,Alphitonia,species,TRUE,TRUE,TRUE,multiple_accepted_names_same_family
alpinia nutans,2,2,2,2,1,Alpinia nutans,accepted | synonym,wfo-0000338646 | wfo-0000338652,Alpinia nutans | Alpinia oceanica,Zingiberaceae,Alpinia,species,TRUE,TRUE,TRUE,multiple_accepted_names_same_family
ambrosia artemisioides,2,2,2,2,1,Ambrosia artemisioides,accepted | synonym,wfo-0000043582 | wfo-0000073943,Ambrosia arborescens | Ambrosia artemisioides,Asteraceae,Ambrosia,species,TRUE,TRUE,TRUE,multiple_accepted_names_same_family
amorpha fruticosa,2,2,2,2,1,Amorpha fruticosa,accepted | synonym,wfo-0000213510 | wfo-0001426001,Amorpha fruticosa | Maackia amurensis var. amurensis,Fabaceae,Amorpha | Maackia,species | variety,TRUE,TRUE,TRUE,multiple_accepted_names_same_family
ampelopsis cantoniensis,2,2,2,2,1,Ampelopsis cantoniensis,accepted | synonym,wfo-0000531641 | wfo-0001340494,Ampelopsis cantoniensis | Nekemias cantoniensis,Vitaceae,Ampelopsis | Nekemias,species,TRUE,TRUE,TRUE,multiple_accepted_names_same_family
ampelopsis heterophylla,2,2,2,2,1,Ampelopsis heterophylla,synonym,wfo-0000531675 | wfo-0001245969,Ampelopsis glandulosa var. heterophylla | Parthenocissus semicordata var. semicordata,Vitaceae,Ampelopsis | Parthenocissus,variety,TRUE,TRUE,FALSE,multiple_accepted_names_same_family
anacardium humile,3,3,2,2,1,Anacardium humile,accepted | synonym,wfo-0000533060 | wfo-0000533070,Anacardium humile | Anacardium nanum,Anacardiaceae,Anacardium,species,TRUE,TRUE,TRUE,multiple_accepted_names_same_family
andrographis ceylanica,2,2,2,2,1,Andrographis ceylanica,synonym,wfo-0000534057 | wfo-0000534085,Andrographis macrobotrys | Andrographis viscosula,Acanthaceae,Andrographis,species,TRUE,TRUE,FALSE,multiple_accepted_names_same_family
andrographis neesiana,2,2,2,2,1,Andrographis neesiana,accepted | synonym,wfo-0000534063 | wfo-0000534078,Andrographis neesiana | Andrographis stellulata,Acanthaceae,Andrographis,species,TRUE,TRUE,TRUE,multiple_accepted_names_same_family
anethum graveolens,2,2,2,2,1,Anethum graveolens,accepted | synonym,wfo-0000402206 | wfo-0000536042,Anethum graveolens | Ridolfia segetum,Apiaceae,Anethum | Ridolfia,species,TRUE,TRUE,TRUE,multiple_accepted_names_same_family
annona reticulata,2,2,2,2,1,Annona reticulata,accepted | synonym,wfo-0000537847 | wfo-0000537905,Annona mucosa | Annona reticulata,Annonaceae,Annona,species,TRUE,TRUE,TRUE,multiple_accepted_names_same_family
annona squamosa,3,3,2,2,1,Annona squamosa,accepted | synonym,wfo-0000537847 | wfo-0000537947,Annona mucosa | Annona squamosa,Annonaceae,Annona,species,TRUE,TRUE,TRUE,multiple_accepted_names_same_family
anthemis altissima,4,4,3,3,1,Anthemis altissima,synonym,wfo-0000063579 | wfo-0000077255 | wfo-0000086301,Anthemis candidissima | Cota altissima | Cota coelopoda,Asteraceae,Anthemis | Cota,species,TRUE,TRUE,FALSE,multiple_accepted_names_same_family
anthemis tomentosa,4,4,3,2,1,Anthemis tomentosa,accepted | synonym | unchecked,wfo-0000067203 | wfo-0000077255 | wfo-0000131386,Anthemis tomentosa | Cota coelopoda,Asteraceae,Anthemis | Cota,species,TRUE,TRUE,TRUE,multiple_accepted_names_same_family
aquilegia ecalcarata,3,3,3,3,1,Aquilegia ecalcarata,accepted | synonym,wfo-0000541286 | wfo-0000541439 | wfo-0000541607,Aquilegia ecalcarata | Aquilegia micrantha | Aquilegia vulgaris,Ranunculaceae,Aquilegia,species,TRUE,TRUE,TRUE,multiple_accepted_names_same_family
artabotrys odoratissimus,3,3,2,2,1,Artabotrys odoratissimus,synonym,wfo-0000549733 | wfo-0000549776,Artabotrys blumei | Artabotrys hexapetalus,Annonaceae,Artabotrys,species,TRUE,TRUE,FALSE,multiple_accepted_names_same_family
artemisia annua,2,2,2,2,1,Artemisia annua,accepted | synonym,wfo-0000083255 | wfo-0000084708,Artemisia annua | Artemisia gmelinii,Asteraceae,Artemisia,species,TRUE,TRUE,TRUE,multiple_accepted_names_same_family
artemisia campestris,7,7,4,4,1,Artemisia campestris,accepted | synonym | unchecked,wfo-0000052095 | wfo-0000068600 | wfo-0000113945 | wfo-0000131225,Artemisia alba subsp. alba | Artemisia campestris | Artemisia ledebouriana | Artemisia pubescens,Asteraceae,Artemisia,species | subspecies,TRUE,TRUE,TRUE,multiple_accepted_names_same_family
artemisia capillaris,2,2,2,2,1,Artemisia capillaris,accepted | synonym,wfo-0000043717 | wfo-0000115024,Artemisia capillaris | Artemisia scoparia,Asteraceae,Artemisia,species,TRUE,TRUE,TRUE,multiple_accepted_names_same_family
artemisia judaica,2,2,2,2,1,Artemisia judaica,accepted | synonym,wfo-0000084245 | wfo-0000127822,Artemisia judaica | Artemisia loureiroi,Asteraceae,Artemisia,species,TRUE,TRUE,TRUE,multiple_accepted_names_same_family
artemisia ludoviciana,3,3,2,2,1,Artemisia ludoviciana,accepted | synonym | unchecked,wfo-0000003410 | wfo-0000747726,Artemisia indica | Artemisia ludoviciana,Asteraceae,Artemisia,species,TRUE,TRUE,TRUE,multiple_accepted_names_same_family
artemisia vulgaris,4,4,2,2,1,Artemisia vulgaris,accepted | synonym | unchecked,wfo-0000115588 | wfo-0000747726,Artemisia indica | Artemisia vulgaris,Asteraceae,Artemisia,species,TRUE,TRUE,TRUE,multiple_accepted_names_same_family
artocarpus reticulatus,3,3,3,3,1,Artocarpus reticulatus,accepted | synonym,wfo-0000550516 | wfo-0000550522 | wfo-0000550586,Artocarpus lacucha | Artocarpus lanceifolius | Artocarpus reticulatus,Moraceae,Artocarpus,species,TRUE,TRUE,TRUE,multiple_accepted_names_same_family
asarum macranthum,2,2,2,2,1,Asarum macranthum,accepted | synonym,wfo-0000550900 | wfo-0000550962,Asarum macranthum | Asarum shuttleworthii,Aristolochiaceae,Asarum,species,TRUE,TRUE,TRUE,multiple_accepted_names_same_family
astragalus adsurgens,3,3,3,3,1,Astragalus adsurgens,synonym,wfo-0000179551 | wfo-0001444737 | wfo-0001444980,Astragalus iodanthus var. iodanthus | Astragalus laxmannii subsp. laxmannii | Astragalus varius subsp. varius,Fabaceae,Astragalus,subspecies | variety,TRUE,TRUE,FALSE,multiple_accepted_names_same_family
astragalus austriacus,3,3,3,3,1,Astragalus austriacus,accepted | synonym,wfo-0000208396 | wfo-0000213538 | wfo-0001054280,Astragalus austriacus | Astragalus hamosus | Astragalus versicolor,Fabaceae,Astragalus,species,TRUE,TRUE,TRUE,multiple_accepted_names_same_family
astragalus caprinus,4,4,3,3,1,Astragalus caprinus,accepted | synonym,wfo-0000185730 | wfo-0000212469 | wfo-0000213554,Astragalus caprinus | Astragalus caprinus subsp. huetii | Astragalus dasyanthus,Fabaceae,Astragalus,species | subspecies,TRUE,TRUE,TRUE,multiple_accepted_names_same_family
astragalus clusii,3,3,3,3,1,Astragalus clusii,synonym,wfo-0000191796 | wfo-0000212503 | wfo-0000553349,Astragalus clusianus | Astragalus glaux | Astragalus hypoglottis subsp. hypoglottis,Fabaceae,Astragalus,species | subspecies,TRUE,TRUE,FALSE,multiple_accepted_names_same_family
astragalus laxmannii,2,2,2,2,1,Astragalus laxmannii,accepted | synonym,wfo-0000207976 | wfo-0001033987,Astragalus laxmannii | Astragalus laxmannii subsp. robustior,Fabaceae,Astragalus,species | subspecies,TRUE,TRUE,TRUE,multiple_accepted_names_same_family
astragalus peregrinus,2,2,2,2,1,Astragalus peregrinus,accepted | synonym,wfo-0000189479 | wfo-0000212549,Astragalus caraganae | Astragalus peregrinus,Fabaceae,Astragalus,species,TRUE,TRUE,TRUE,multiple_accepted_names_same_family
astragalus sieversianus,2,2,2,2,1,Astragalus sieversianus,accepted | synonym,wfo-0000185144 | wfo-0001425630,Astragalus sieversianus | Oxytropis argentata subsp. argentata,Fabaceae,Astragalus | Oxytropis,species | subspecies,TRUE,TRUE,TRUE,multiple_accepted_names_same_family
baccharis confertifolia,2,2,2,2,1,Baccharis confertifolia,accepted | synonym,wfo-0000086024 | wfo-0000121758,Baccharis confertifolia | Baccharis salicifolia,Asteraceae,Baccharis,species,TRUE,TRUE,TRUE,multiple_accepted_names_same_family
baccharis heterophylla,2,2,2,2,1,Baccharis heterophylla,accepted | synonym,wfo-0000034125 | wfo-0000138028,Baccharis heterophylla | Baccharis microdonta,Asteraceae,Baccharis,species,TRUE,TRUE,TRUE,multiple_accepted_names_same_family
baccharis leptocephala,3,3,3,3,1,Baccharis leptocephala,accepted | synonym,wfo-0000019644 | wfo-0000085278 | wfo-0000115994,Baccharis leptocephala | Baccharis linearifolia | Baccharis paniculata,Asteraceae,Baccharis,species,TRUE,TRUE,TRUE,multiple_accepted_names_same_family
baccharis pingraea,2,2,2,2,1,Baccharis pingraea,synonym,wfo-0000000226 | wfo-0000094649,Baccharis glutinosa | Gymnosperma glutinosum,Asteraceae,Baccharis | Gymnosperma,species,TRUE,TRUE,FALSE,multiple_accepted_names_same_family
baccharis salicifolia,2,2,2,2,1,Baccharis salicifolia,accepted | synonym,wfo-0000073911 | wfo-0000121758,Baccharis salicifolia | Baccharis salicina,Asteraceae,Baccharis,species,TRUE,TRUE,TRUE,multiple_accepted_names_same_family
baccharis scandens,2,2,2,2,1,Baccharis scandens,accepted | synonym,wfo-0000007759 | wfo-0000040761,Archibaccharis schiedeana | Baccharis scandens,Asteraceae,Archibaccharis | Baccharis,species,TRUE,TRUE,TRUE,multiple_accepted_names_same_family
baptisia australis,2,2,2,2,1,Baptisia australis,accepted | synonym,wfo-0000182246 | wfo-0000182256,Baptisia australis | Baptisia australis var. minor,Fabaceae,Baptisia,species | variety,TRUE,TRUE,TRUE,multiple_accepted_names_same_family
bauhinia purpurea,3,3,2,2,1,Bauhinia purpurea,accepted | synonym | unchecked,wfo-0000170380 | wfo-0000213155,Bauhinia purpurea | Piliostigma malabaricum,Fabaceae,Bauhinia | Piliostigma,species,TRUE,TRUE,TRUE,multiple_accepted_names_same_family
bauhinia racemosa,2,2,2,2,1,Bauhinia racemosa,accepted | synonym,wfo-0000186828 | wfo-0000213166,Bauhinia racemosa | Phanera vahlii,Fabaceae,Bauhinia | Phanera,species,TRUE,TRUE,TRUE,multiple_accepted_names_same_family
bauhinia retusa,3,3,2,2,1,Bauhinia retusa,synonym,wfo-0000183531 | wfo-1000003003,Bauhinia divaricata | Phanera roxburghiana,Fabaceae,Bauhinia | Phanera,species,TRUE,TRUE,FALSE,multiple_accepted_names_same_family
berberis integerrima,3,3,3,3,1,Berberis integerrima,accepted | synonym,wfo-0000562916 | wfo-0000563334 | wfo-0000563355,Berberis canadensis | Berberis integerrima | Berberis jamesiana,Berberidaceae,Berberis,species,TRUE,TRUE,TRUE,multiple_accepted_names_same_family
betula humilis,3,3,3,3,1,Betula humilis,accepted | synonym,wfo-0000333388 | wfo-0001214756 | wfo-0001426720,Betula × intermedia var. intermedia | Betula humilis | Betula lenta f. lenta,Betulaceae,Betula,form | species | variety,TRUE,TRUE,TRUE,multiple_accepted_names_same_family
betula pubescens,2,2,2,2,1,Betula pubescens | Betula pubescens prol. murithii,accepted | synonym,wfo-0000335985 | wfo-0000336212,Betula pubescens | Betula pubescens var. pubescens,Betulaceae,Betula,species | variety,TRUE,TRUE,TRUE,multiple_accepted_names_same_family
bidens bipinnata,2,2,2,2,1,Bidens bipinnata,accepted | synonym,wfo-0000028784 | wfo-0000066682,Bidens bipinnata | Cosmos bipinnatus,Asteraceae,Bidens | Cosmos,species,TRUE,TRUE,TRUE,multiple_accepted_names_same_family
bidens tripartita,2,2,2,2,1,Bidens tripartita,accepted | synonym,wfo-0000068428 | wfo-0000115943,Bidens pilosa | Bidens tripartita,Asteraceae,Bidens,species,TRUE,TRUE,TRUE,multiple_accepted_names_same_family
brassica alba,2,2,2,2,1,Brassica alba,synonym,wfo-0000571350 | wfo-0001216509,Brassica oleracea | Sinapis alba subsp. alba,Brassicaceae,Brassica | Sinapis,species | subspecies,TRUE,TRUE,FALSE,multiple_accepted_names_same_family
byrsonima crassifolia,3,3,2,2,1,Byrsonima crassifolia,accepted | synonym,wfo-0000576794 | wfo-0000577076,Byrsonima crassifolia | Byrsonima verbascifolia,Malpighiaceae,Byrsonima,species,TRUE,TRUE,TRUE,multiple_accepted_names_same_family
caesalpinia mimosoides,2,2,2,2,1,Caesalpinia mimosoides,synonym,wfo-0000186810 | wfo-0001346732,Hultholia mimosoides | Moullava spicata,Fabaceae,Hultholia | Moullava,species,TRUE,TRUE,FALSE,multiple_accepted_names_same_family
calophyllum apetalum,2,2,2,2,1,Calophyllum apetalum,accepted | synonym,wfo-0000581027 | wfo-0000581184,Calophyllum apetalum | Calophyllum inophyllum,Calophyllaceae,Calophyllum,species,TRUE,TRUE,TRUE,multiple_accepted_names_same_family
calophyllum teysmannii,2,2,2,2,1,Calophyllum teysmannii,accepted | synonym,wfo-0000581075 | wfo-0000581366,Calophyllum calaba var. bracteatum | Calophyllum teysmannii,Calophyllaceae,Calophyllum,species | variety,TRUE,TRUE,TRUE,multiple_accepted_names_same_family
camellia,2,2,2,2,1,Camellia,accepted | synonym,wfo-0001281906 | wfo-4000006359,Camellia | Camellia flavida var. flavida,Theaceae,Camellia,genus | variety,TRUE,TRUE,TRUE,multiple_accepted_names_same_family
campanula barbata,3,3,3,3,1,Campanula barbata,accepted | synonym,wfo-0000826593 | wfo-0000827269 | wfo-0000829003,Campanula barbata | Campanula glomerata | Campanula speciosa,Campanulaceae,Campanula,species,TRUE,TRUE,TRUE,multiple_accepted_names_same_family
canarium album,4,4,2,2,1,Canarium album,accepted | synonym | unchecked,wfo-0000583426 | wfo-0000583598,Canarium album | Canarium luzonicum,Burseraceae,Canarium,species,TRUE,TRUE,TRUE,multiple_accepted_names_same_family
caragana tragacanthoides,2,2,2,2,1,Caragana tragacanthoides,accepted | synonym,wfo-0000186046 | wfo-0000186882,Caragana acanthophylla | Caragana tragacanthoides,Fabaceae,Caragana,species,TRUE,TRUE,TRUE,multiple_accepted_names_same_family
cassia javanica,3,3,3,3,1,Cassia javanica,accepted | synonym,wfo-0000164126 | wfo-0000164753 | wfo-0001319996,Cassia ferruginea var. velloziana | Cassia javanica | Cassia sieberiana,Fabaceae,Cassia,species | variety,TRUE,TRUE,TRUE,multiple_accepted_names_same_family
cassinia quinquefaria,2,2,2,2,1,Cassinia quinquefaria,accepted | synonym,wfo-0000018922 | wfo-0000023375,Cassinia quinquefaria | Haeckeria punctulata,Asteraceae,Cassinia | Haeckeria,species,TRUE,TRUE,TRUE,multiple_accepted_names_same_family
castanopsis hystrix,2,2,2,2,1,Castanopsis hystrix,accepted | synonym,wfo-0000814910 | wfo-0001240111,Castanopsis hystrix | Castanopsis purpurella subsp. purpurella,Fagaceae,Castanopsis,species | subspecies,TRUE,TRUE,TRUE,multiple_accepted_names_same_family
castanopsis sclerophylla,2,2,2,2,1,Castanopsis sclerophylla,accepted | synonym,wfo-0000815088 | wfo-0001062572,Castanopsis kuchugouzhui | Castanopsis sclerophylla,Fagaceae,Castanopsis,species,TRUE,TRUE,TRUE,multiple_accepted_names_same_family
centaurea chilensis,2,2,2,2,1,Centaurea chilensis,accepted | synonym,wfo-0000001471 | wfo-0000084143,Centaurea chilensis | Plectocephalus chilensis,Asteraceae,Centaurea | Plectocephalus,species,TRUE,TRUE,TRUE,multiple_accepted_names_same_family
centaurea montana,4,4,2,2,1,Centaurea montana,accepted | synonym | unchecked,wfo-0000127150 | wfo-0000132430,Centaurea montana | Cheirolophus sempervirens,Asteraceae,Centaurea | Cheirolophus,species,TRUE,TRUE,TRUE,multiple_accepted_names_same_family
centaurea pallescens,2,2,2,2,1,Centaurea pallescens,accepted | synonym,wfo-0000082897 | wfo-0000131395,Centaurea hyalolepis | Centaurea pallescens,Asteraceae,Centaurea,species,TRUE,TRUE,TRUE,multiple_accepted_names_same_family
centaurea spinosa,2,2,2,2,1,Centaurea spinosa,accepted | synonym,wfo-0000061575 | wfo-0000079422,Centaurea diffusa | Centaurea spinosa,Asteraceae,Centaurea,species,TRUE,TRUE,TRUE,multiple_accepted_names_same_family
centaurea spruneri,2,2,2,2,1,Centaurea spruneri,accepted | synonym,wfo-0000026624 | wfo-0000110517,Centaurea spruneri | Centaurea spruneri subsp. guicciardii,Asteraceae,Centaurea,species | subspecies,TRUE,TRUE,TRUE,multiple_accepted_names_same_family
chamaebatia foliolosa,2,2,2,2,1,Chamaebatia foliolosa,accepted | synonym,wfo-0001003392 | wfo-0001003409,Chamaebatia foliolosa | Chamaebatiaria millefolium,Rosaceae,Chamaebatia | Chamaebatiaria,species,TRUE,TRUE,TRUE,multiple_accepted_names_same_family
cicer songaricum,2,2,2,2,1,Cicer songaricum,accepted | synonym,wfo-0000185213 | wfo-0000186146,Cicer anatolicum | Cicer songaricum,Fabaceae,Cicer,species,TRUE,TRUE,TRUE,multiple_accepted_names_same_family
cinchona pubescens,3,3,2,2,1,Cinchona pubescens,accepted | synonym | unchecked,wfo-0000239947 | wfo-0000862489,Cinchona pubescens | Melanopsidium nigrum,Rubiaceae,Cinchona | Melanopsidium,species,TRUE,TRUE,TRUE,multiple_accepted_names_same_family
cinnamomum cassia,4,4,2,2,1,Cinnamomum cassia,synonym | unchecked,wfo-0000604944 | wfo-0001248993,Cinnamomum burmanni | Neolitsea cassia,Lauraceae,Cinnamomum | Neolitsea,species,TRUE,TRUE,FALSE,multiple_accepted_names_same_family
cissus sicyoides,2,2,2,2,1,Cissus sicyoides,synonym,wfo-0000606224 | wfo-0001240939,Cissus discolor | Cissus verticillata subsp. verticillata,Vitaceae,Cissus,species | subspecies,TRUE,TRUE,FALSE,multiple_accepted_names_same_family
citrus *,3,3,3,3,1,Citrus × aurantium | Citrus × aurantium nothof. aurantium | Citrus × aurantium nothof. deliciosa,accepted,wfo-0000607909 | wfo-0000607914 | wfo-1200112333,Citrus × aurantium | Citrus × aurantium nothof. aurantium | Citrus × aurantium nothof. deliciosa,Rutaceae,Citrus,form | species,FALSE,FALSE,TRUE,multiple_accepted_names_same_family
citrus latipes,2,2,2,2,1,Citrus latipes,accepted | synonym,wfo-0000608056 | wfo-0000608099,Citrus hystrix | Citrus latipes,Rutaceae,Citrus,species,TRUE,TRUE,TRUE,multiple_accepted_names_same_family
citrus nobilis,28,28,3,3,1,Citrus nobilis | Citrus nobilis subf. benikoji | Citrus nobilis subf. deliciosa | Citrus nobilis subf. erythrosa | Citrus nobilis subf. funadoko | Citrus nobilis subf. genshokan | Citrus nobilis subf. haili | Citrus nobilis subf. hayashi-unshu | Citrus nobilis subf. ishikawa-unshu | Citrus nobilis subf. iwaikan | Citrus nobilis subf. jyuma-unshu | Citrus nobilis subf. keraji | Citrus nobilis subf. kinokuni | Citrus nobilis subf. koshotankan | Citrus nobilis subf. kotokan | Citrus nobilis subf. mitsuharu | Citrus nobilis subf. miyagawa-wase | Citrus nobilis subf. pseudograndis | Citrus nobilis subf. reticulata | Citrus nobilis subf. rokugatsu | Citrus nobilis subf. rubrifrons | Citrus nobilis subf. succosa | Citrus nobilis subf. sugiyama-unshu | Citrus nobilis subf. tachimawase | Citrus nobilis subf. tankan | Citrus nobilis subf. unshiu | Citrus nobilis subf. yatsushiro | Citrus nobilis subf. yonezawa-unshu,synonym,wfo-0000607914 | wfo-0000608241 | wfo-1200112333,Citrus × aurantium nothof. aurantium | Citrus × aurantium nothof. deliciosa | Citrus reticulata,Rutaceae,Citrus,form | species,TRUE,TRUE,FALSE,multiple_accepted_names_same_family
clematis hexapetala,2,2,2,2,1,Clematis hexapetala,accepted | synonym,wfo-0000609923 | wfo-0000610047,Clematis forsteri | Clematis hexapetala,Ranunculaceae,Clematis,species,TRUE,TRUE,TRUE,multiple_accepted_names_same_family
colutea arborescens,2,2,2,2,1,Colutea arborescens | Colutea arborescens prol. brevialata,accepted | synonym,wfo-0000191045 | wfo-0000213683,Colutea arborescens | Colutea brevialata,Fabaceae,Colutea,species,TRUE,TRUE,TRUE,multiple_accepted_names_same_family
cordia obliqua,4,4,3,3,1,Cordia obliqua,synonym | unchecked,wfo-0000620417 | wfo-0000620712 | wfo-0001216026,Cordia dichotoma | Cordia magnoliifolia | Varronia peruviana,Cordiaceae,Cordia | Varronia,species,TRUE,TRUE,FALSE,multiple_accepted_names_same_family
coreopsis verticillata,3,3,3,2,1,Coreopsis verticillata,accepted | synonym,wfo-0000016454 | wfo-0000094896 | wfo-0000117214,Coreopsis delphiniifolia | Coreopsis verticillata,Asteraceae,Coreopsis,species,TRUE,TRUE,TRUE,multiple_accepted_names_same_family
coreopsis wrightii,2,2,2,2,1,Coreopsis wrightii,accepted | synonym,wfo-0000020454 | wfo-0000089037,Coreopsis basalis | Coreopsis wrightii,Asteraceae,Coreopsis,species,TRUE,TRUE,TRUE,multiple_accepted_names_same_family
crassula ovata,2,2,2,2,1,Crassula ovata,accepted | synonym,wfo-0000625299 | wfo-0000625441,Crassula ovata | Crassula sarmentosa,Crassulaceae,Crassula,species,TRUE,TRUE,TRUE,multiple_accepted_names_same_family
crataegus *,2,2,2,2,1,Crataegus × macrocarpa | Crataegus × media,accepted,wfo-0001016197 | wfo-0001016497,Crataegus × macrocarpa | Crataegus × media,Rosaceae,Crataegus,species,FALSE,FALSE,TRUE,multiple_accepted_names_same_family
crataegus flava,10,10,4,3,1,Crataegus flava | Crataegus flava unranked lobata | Crataegus flava unranked trilobata,accepted | synonym | unchecked,wfo-0001010277 | wfo-0001010545 | wfo-0001131665 | wfo-1200075021,Crataegus coccinea var. coccinea | Crataegus flava | Crataegus punctata,Rosaceae,Crataegus,species | variety,TRUE,TRUE,TRUE,multiple_accepted_names_same_family
crataegus microphylla,2,2,2,2,1,Crataegus microphylla,accepted | synonym,wfo-0000987339 | wfo-0000988750,Crataegus microphylla | Crataegus rhipidophylla var. rhipidophylla,Rosaceae,Crataegus,species | variety,TRUE,TRUE,TRUE,multiple_accepted_names_same_family
crataegus monogyna,10,10,4,4,1,Crataegus monogyna | Crataegus monogyna subf. filicifolia | Crataegus monogyna unranked fastigiata | Crataegus monogyna unranked filicifolia | Crataegus monogyna unranked glabra | Crataegus monogyna unranked laciniata | Crataegus monogyna unranked plena | Crataegus monogyna unranked villosa,accepted | synonym | unchecked,wfo-0000987339 | wfo-0001009785 | wfo-0001016497 | wfo-1200075022,Crataegus × media | Crataegus kyrtostyla var. kyrtostyla | Crataegus monogyna | Crataegus rhipidophylla var. rhipidophylla,Rosaceae,Crataegus,species | variety,TRUE,TRUE,TRUE,multiple_accepted_names_same_family
crataegus oxyacantha,32,32,6,6,1,Crataegus oxyacantha | Crataegus oxyacantha prol. macrocarpa | Crataegus oxyacantha prol. mauriannensis | Crataegus oxyacantha prol. monogyna | Crataegus oxyacantha prol. polygyna | Crataegus oxyacantha unranked coccinea-flore-pleno | Crataegus oxyacantha unranked decussata | Crataegus oxyacantha unranked eriocarpa | Crataegus oxyacantha unranked fastigiata | Crataegus oxyacantha unranked floribus-coccineis-plenis | Crataegus oxyacantha unranked glabra | Crataegus oxyacantha unranked integerrimus | Crataegus oxyacantha unranked laciniata | Crataegus oxyacantha unranked lambertii | Crataegus oxyacantha unranked liocalyx | Crataegus oxyacantha unranked lobata | Crataegus oxyacantha unranked monogyna | Crataegus oxyacantha unranked pseudomonogynus | Crataegus oxyacantha unranked punicea-plena | Crataegus oxyacantha unranked rigida | Crataegus oxyacantha unranked rosea-superba | Crataegus oxyacantha unranked semperflorens | Crataegus oxyacantha unranked sorbifolia | Crataegus oxyacantha unranked splendens | Crataegus oxyacantha unranked trifida | Crataegus oxyacantha unranked variegata | Crataegus oxyacantha unranked wallrothii,synonym | unchecked,wfo-0000987339 | wfo-0001009174 | wfo-0001009785 | wfo-0001010488 | wfo-0001016197 | wfo-0001016497,Crataegus × macrocarpa | Crataegus × media | Crataegus laevigata | Crataegus marshallii | Crataegus monogyna | Crataegus rhipidophylla var. rhipidophylla,Rosaceae,Crataegus,species | variety,TRUE,TRUE,FALSE,multiple_accepted_names_same_family
crotalaria medicaginea,2,2,2,2,1,Crotalaria medicaginea,accepted | synonym,wfo-0000185077 | wfo-0000186515,Crotalaria medicaginea | Crotalaria trifoliastrum,Fabaceae,Crotalaria,species,TRUE,TRUE,TRUE,multiple_accepted_names_same_family
crotalaria pallida,4,4,3,3,1,Crotalaria pallida,accepted | synonym,wfo-0000184569 | wfo-0000209124 | wfo-0001249541,Crotalaria linifolia | Crotalaria pallida | Crotalaria saltiana,Fabaceae,Crotalaria,species,TRUE,TRUE,TRUE,multiple_accepted_names_same_family
crotalaria ramosissima,3,3,3,3,1,Crotalaria ramosissima,accepted | synonym,wfo-0000174080 | wfo-0000185074 | wfo-0000207960,Crotalaria crispata | Crotalaria huillensis | Crotalaria ramosissima,Fabaceae,Crotalaria,species,TRUE,TRUE,TRUE,multiple_accepted_names_same_family
cunila,2,2,2,2,1,Cunila,accepted | synonym,wfo-4000010044 | wfo-4000035314,Cunila | Sideritis,Lamiaceae,Cunila | Sideritis,genus,TRUE,TRUE,TRUE,multiple_accepted_names_same_family
cupania americana,2,2,2,2,1,Cupania americana,accepted | synonym,wfo-0000629388 | wfo-0000629476,Cupania americana | Cupania glabra,Sapindaceae,Cupania,species,TRUE,TRUE,TRUE,multiple_accepted_names_same_family
cyclopia sessiliflora,2,2,2,2,1,Cyclopia sessiliflora,accepted | synonym,wfo-0000197790 | wfo-0000197833,Cyclopia meyeriana | Cyclopia sessiliflora,Fabaceae,Cyclopia,species,TRUE,TRUE,TRUE,multiple_accepted_names_same_family
cynara humilis,4,4,2,2,1,Cynara humilis,accepted | synonym | unchecked,wfo-0000068562 | wfo-0000070364,Cynara cornigera | Cynara humilis,Asteraceae,Cynara,species,TRUE,TRUE,TRUE,multiple_accepted_names_same_family
cyperus capitatus,4,4,4,4,1,Cyperus capitatus,accepted | synonym,wfo-0000369295 | wfo-0000370828 | wfo-0000372269 | wfo-0000404186,Cyperus capitatus | Cyperus cuspidatus | Cyperus dubius var. dubius | Eleocharis geniculata,Cyperaceae,Cyperus | Eleocharis,species | variety,TRUE,TRUE,TRUE,multiple_accepted_names_same_family
cyperus congestus,2,2,2,2,1,Cyperus congestus,accepted | synonym,wfo-0000369738 | wfo-0000369890,Cyperus compactus | Cyperus congestus,Cyperaceae,Cyperus,species,TRUE,TRUE,TRUE,multiple_accepted_names_same_family
cyperus longus,3,3,3,3,1,Cyperus longus | Cyperus longus prol. preslii,accepted | synonym,wfo-0000377196 | wfo-0000377263 | wfo-0000381487,Cyperus longus | Cyperus longus subsp. longus | Cyperus rotundus,Cyperaceae,Cyperus,species | subspecies,TRUE,TRUE,TRUE,multiple_accepted_names_same_family
cytisus,2,2,2,2,1,Cytisus,accepted | synonym,wfo-4000010593 | wfo-4000010595,Cytisophyllum | Cytisus,Fabaceae,Cytisophyllum | Cytisus,genus,TRUE,TRUE,TRUE,multiple_accepted_names_same_family
cytisus eriocarpus,2,2,2,2,1,Cytisus eriocarpus,synonym,wfo-0000213652 | wfo-0001445562,Chamaecytisus eriocarpus | Cytisus striatus subsp. striatus,Fabaceae,Chamaecytisus | Cytisus,species | subspecies,TRUE,TRUE,FALSE,multiple_accepted_names_same_family
cytisus hirsutus,2,2,2,2,1,Cytisus hirsutus,synonym,wfo-0000213656 | wfo-0001445143,Chamaecytisus hirsutus | Chamaecytisus triflorus subsp. triflorus,Fabaceae,Chamaecytisus,species | subspecies,TRUE,TRUE,FALSE,multiple_accepted_names_same_family
dalbergia lanceolaria,4,4,3,3,1,Dalbergia lanceolaria,accepted | synonym,wfo-0000172222 | wfo-0000185594 | wfo-0000205944,Dalbergia lanceolaria | Dalbergia mimosella | Pericopsis mooniana,Fabaceae,Dalbergia | Pericopsis,species,TRUE,TRUE,TRUE,multiple_accepted_names_same_family
dalbergia retusa,2,2,2,2,1,Dalbergia retusa,accepted | synonym,wfo-0000169025 | wfo-0000196202,Dalbergia pervillei | Dalbergia retusa,Fabaceae,Dalbergia,species,TRUE,TRUE,TRUE,multiple_accepted_names_same_family
dalbergia sericea,3,3,3,3,1,Dalbergia sericea,accepted | synonym,wfo-0000185086 | wfo-0000200952 | wfo-1200041840,Dalbergia sericea | Millettia sericea | Mundulea sericea,Fabaceae,Dalbergia | Millettia | Mundulea,species,TRUE,TRUE,TRUE,multiple_accepted_names_same_family
dalbergia volubilis,2,2,2,2,1,Dalbergia volubilis,accepted | synonym,wfo-0000170462 | wfo-0000200013,Dalbergia monetaria | Dalbergia volubilis,Fabaceae,Dalbergia,species,TRUE,TRUE,TRUE,multiple_accepted_names_same_family
dalea elegans,2,2,2,2,1,Dalea elegans,accepted | synonym,wfo-0000169045 | wfo-0000169055,Dalea cliffortiana | Dalea elegans,Fabaceae,Dalea,species,TRUE,TRUE,TRUE,multiple_accepted_names_same_family
derris floribunda,4,4,3,3,1,Derris floribunda,synonym,wfo-0000185943 | wfo-0000198908 | wfo-0001340818,Aganope heptaphylla | Deguelia nitidula | Derris trifoliata,Fabaceae,Aganope | Deguelia | Derris,species,TRUE,TRUE,FALSE,multiple_accepted_names_same_family
derris latifolia,2,2,2,2,1,Derris latifolia,synonym,wfo-0000186313 | wfo-0000210427,Aganope thyrsiflora | Lonchocarpus heptaphyllus,Fabaceae,Aganope | Lonchocarpus,species,TRUE,TRUE,FALSE,multiple_accepted_names_same_family
derris laxiflora,2,2,2,2,1,Derris laxiflora,accepted | synonym,wfo-0000186506 | wfo-0000197433,Derris hainesiana | Derris laxiflora,Fabaceae,Derris,species,TRUE,TRUE,TRUE,multiple_accepted_names_same_family
derris oblonga,2,2,2,2,1,Derris oblonga,synonym,wfo-0000185928 | wfo-0000185931,Derris canarensis | Derris cuneifolia,Fabaceae,Derris,species,TRUE,TRUE,FALSE,multiple_accepted_names_same_family
desmodium triflorum,2,2,2,2,1,Desmodium triflorum,synonym,wfo-0001423655 | wfo-0001423675,Grona heterophylla | Grona triflora,Fabaceae,Grona,species,TRUE,TRUE,FALSE,multiple_accepted_names_same_family
dichrostachys cinerea,2,2,2,2,1,Dichrostachys cinerea,accepted | synonym,wfo-0000176871 | wfo-0000195971,Alantsilodendron pilosum | Dichrostachys cinerea,Fabaceae,Alantsilodendron | Dichrostachys,species,TRUE,TRUE,TRUE,multiple_accepted_names_same_family
eclipta prostrata,2,2,2,2,1,Eclipta prostrata,accepted | synonym,wfo-0000066495 | wfo-0000108811,Blainvillea acmella | Eclipta prostrata,Asteraceae,Blainvillea | Eclipta,species,TRUE,TRUE,TRUE,multiple_accepted_names_same_family
elaeagnus glabra,2,2,2,2,1,Elaeagnus glabra,accepted | synonym,wfo-0000663703 | wfo-0000663763,Elaeagnus commutata | Elaeagnus glabra,Elaeagnaceae,Elaeagnus,species,TRUE,TRUE,TRUE,multiple_accepted_names_same_family
epilobium parviflorum,2,2,2,2,1,Epilobium parviflorum,accepted | synonym,wfo-0000668722 | wfo-0000669577,Epilobium alsinoides subsp. atriplicifolium | Epilobium parviflorum,Onagraceae,Epilobium,species | subspecies,TRUE,TRUE,TRUE,multiple_accepted_names_same_family
equisetum arvense,2,2,2,2,1,Equisetum arvense,accepted | synonym,wfo-0001108914 | wfo-1200105072,Equisetum arvense | Equisetum arvense subsp. arvense,Equisetaceae,Equisetum,species | subspecies,TRUE,TRUE,TRUE,multiple_accepted_names_same_family
eria angustifolia,2,2,2,2,1,Eria angustifolia,synonym,wfo-0000918453 | wfo-0001424929,Mycaranthes angustifolia | Pinalia angustifolia,Orchidaceae,Mycaranthes | Pinalia,species,TRUE,TRUE,FALSE,multiple_accepted_names_same_family
erica arborea,4,4,4,4,1,Erica arborea,accepted | synonym,wfo-0000671391 | wfo-0000672378 | wfo-0000672516 | wfo-0000673332,Erica arborea | Erica kingaensis | Erica lusitanica | Erica strigosa,Ericaceae,Erica,species,TRUE,TRUE,TRUE,multiple_accepted_names_same_family
erigeron canadensis,3,3,3,3,1,Erigeron canadensis,accepted | synonym,wfo-0000015917 | wfo-0000075344 | wfo-0000090635,Erigeron bonariensis | Erigeron canadensis | Erigeron rufescens,Asteraceae,Erigeron,species,TRUE,TRUE,TRUE,multiple_accepted_names_same_family
eriosema tuberosum,2,2,2,2,1,Eriosema tuberosum,accepted | synonym,wfo-0000188411 | wfo-0000195543,Eriosema chinense | Eriosema tuberosum,Fabaceae,Eriosema,species,TRUE,TRUE,TRUE,multiple_accepted_names_same_family
erodium cicutarium,10,10,4,4,1,Erodium cicutarium | Erodium cicutarium prol. bipinnatum | Erodium cicutarium prol. cariotii | Erodium cicutarium prol. dissectum | Erodium cicutarium prol. fallax | Erodium cicutarium prol. pimpinellifolium | Erodium cicutarium prol. primulaceum | Erodium cicutarium prol. provinciale | Erodium cicutarium prol. romanum | Erodium cicutarium unranked primulaceum,accepted | synonym,wfo-0000676689 | wfo-0000676692 | wfo-0000676799 | wfo-0000676844,Erodium × fallax | Erodium acaule | Erodium aethiopicum | Erodium cicutarium,Geraniaceae,Erodium,species,TRUE,TRUE,TRUE,multiple_accepted_names_same_family
erythrina suberosa,2,2,2,2,1,Erythrina suberosa,accepted | synonym,wfo-0000185019 | wfo-0001054737,Erythrina abyssinica | Erythrina suberosa,Fabaceae,Erythrina,species,TRUE,TRUE,TRUE,multiple_accepted_names_same_family
eugenia glomerata,6,6,5,5,1,Eugenia glomerata,synonym,wfo-0000318695 | wfo-0000318697 | wfo-0000319646 | wfo-0001424476 | wfo-1200008288,Eugenia subglomerata | Myrcia chytraculia var. zuzygium | Syzygium glomeratum | Syzygium glomeruliferum | Syzygium warburgii,Myrtaceae,Eugenia | Myrcia | Syzygium,species | variety,TRUE,TRUE,FALSE,multiple_accepted_names_same_family
eugenia uniflora,2,2,2,2,1,Eugenia uniflora,accepted | synonym,wfo-0000336714 | wfo-0000959411,Eugenia bergii | Eugenia uniflora,Myrtaceae,Eugenia,species,TRUE,TRUE,TRUE,multiple_accepted_names_same_family
eupatorium album,4,4,2,2,1,Eupatorium album,accepted | synonym | unchecked,wfo-0000059784 | wfo-0000135891,Eupatorium album | Eupatorium chinense,Asteraceae,Eupatorium,species,TRUE,TRUE,TRUE,multiple_accepted_names_same_family
euphorbia helioscopia,2,2,2,2,1,Euphorbia helioscopia | Euphorbia helioscopia prol. helioscopioides,accepted | synonym,wfo-0000962471 | wfo-0000962475,Euphorbia helioscopia | Euphorbia helioscopia subsp. helioscopioides,Euphorbiaceae,Euphorbia,species | subspecies,TRUE,TRUE,TRUE,multiple_accepted_names_same_family
euphorbia maculata,2,2,2,2,1,Euphorbia maculata,accepted | synonym,wfo-0000963182 | wfo-0000963338,Euphorbia maculata | Euphorbia meyeniana,Euphorbiaceae,Euphorbia,species,TRUE,TRUE,TRUE,multiple_accepted_names_same_family
euterpe oleracea,2,2,2,2,1,Euterpe oleracea,accepted | synonym,wfo-0000965687 | wfo-0000965700,Euterpe oleracea | Euterpe precatoria var. precatoria,Arecaceae,Euterpe,species | variety,TRUE,TRUE,TRUE,multiple_accepted_names_same_family
ficus cordata,3,3,3,3,1,Ficus cordata,accepted | synonym,wfo-0000687917 | wfo-0000688216 | wfo-0000690698,Ficus cordata | Ficus elastica | Ficus triloba,Moraceae,Ficus,species,TRUE,TRUE,TRUE,multiple_accepted_names_same_family
ficus microcarpa,3,3,3,3,1,Ficus microcarpa,accepted | synonym,wfo-0000689298 | wfo-0000689925 | wfo-0000690599,Ficus microcarpa | Ficus punctata | Ficus thonningii,Moraceae,Ficus,species,TRUE,TRUE,TRUE,multiple_accepted_names_same_family
ficus pumila,2,2,2,2,1,Ficus pumila,accepted | synonym,wfo-0000688248 | wfo-0000689922,Ficus erecta | Ficus pumila,Moraceae,Ficus,species,TRUE,TRUE,TRUE,multiple_accepted_names_same_family
flemingia macrophylla,3,3,3,3,1,Flemingia macrophylla,accepted | synonym,wfo-0000194834 | wfo-0000194840 | wfo-0000691302,Flemingia javanica | Flemingia macrophylla | Flemingia prostrata,Fabaceae,Flemingia,species,TRUE,TRUE,TRUE,multiple_accepted_names_same_family
fragaria vesca,17,17,5,5,1,Fragaria vesca | Fragaria vesca prol. eflagellis | Fragaria vesca prol. semperflorens | Fragaria vesca prol. sylvestris | Fragaria vesca unranked ananassa | Fragaria vesca unranked chiloensis | Fragaria vesca unranked intermedia | Fragaria vesca unranked moschata | Fragaria vesca unranked virginiana,accepted | synonym | unchecked,wfo-0000993770 | wfo-0001006915 | wfo-0001007905 | wfo-0001012808 | wfo-1200075326,Fragaria intermedia | Fragaria moschata | Fragaria moschata subsp. moschata | Fragaria vesca | Fragaria vesca subsp. vesca,Rosaceae,Fragaria,species | subspecies,TRUE,TRUE,TRUE,multiple_accepted_names_same_family
fuchsia boliviana,2,2,2,2,1,Fuchsia boliviana,accepted | synonym,wfo-0000692665 | wfo-0000692888,Fuchsia boliviana | Fuchsia sanctae-rosae,Onagraceae,Fuchsia,species,TRUE,TRUE,TRUE,multiple_accepted_names_same_family
fumaria schrammii,2,2,2,2,1,Fumaria schrammii,accepted | synonym,wfo-0000693484 | wfo-0001090376,Fumaria schrammii | Fumaria vaillantii var. schrammii,Papaveraceae,Fumaria,species | variety,TRUE,TRUE,TRUE,multiple_accepted_names_same_family
garcinia acuminata,3,3,2,2,1,Garcinia acuminata,accepted | synonym | unchecked,wfo-0000694108 | wfo-0000694536,Garcinia acuminata | Garcinia ovalifolia,Clusiaceae,Garcinia,species,TRUE,TRUE,TRUE,multiple_accepted_names_same_family
garcinia cornea,2,2,2,2,1,Garcinia cornea,synonym,wfo-0000694214 | wfo-1000040941,Garcinia celebica | Garcinia cowa,Clusiaceae,Garcinia,species,TRUE,TRUE,FALSE,multiple_accepted_names_same_family
garcinia lateriflora,2,2,2,2,1,Garcinia lateriflora,accepted | synonym,wfo-0000694370 | wfo-0000694411,Garcinia humilis | Garcinia lateriflora,Clusiaceae,Garcinia,species,TRUE,TRUE,TRUE,multiple_accepted_names_same_family
garcinia macrophylla,3,3,2,2,1,Garcinia macrophylla,accepted | synonym | unchecked,wfo-0000694438 | wfo-1200094409,Garcinia macrophylla | Garcinia nervosa var. nervosa,Clusiaceae,Garcinia,species | variety,TRUE,TRUE,TRUE,multiple_accepted_names_same_family
garcinia volkensii,2,2,2,2,1,Garcinia volkensii,accepted | synonym,wfo-0000694601 | wfo-0000694732,Garcinia quadrilocularis | Garcinia volkensii,Clusiaceae,Garcinia,species,TRUE,TRUE,TRUE,multiple_accepted_names_same_family
genista sessilifolia,2,2,2,2,1,Genista sessilifolia,accepted | synonym,wfo-0000213268 | wfo-0000213765,Cytisophyllum sessilifolium | Genista sessilifolia,Fabaceae,Cytisophyllum | Genista,species,TRUE,TRUE,TRUE,multiple_accepted_names_same_family
gentiana macrophylla,2,2,2,2,1,Gentiana macrophylla,accepted | synonym,wfo-0000697095 | wfo-0000697942,Gentiana burseri subsp. villarsii | Gentiana macrophylla,Gentianaceae,Gentiana,species | subspecies,TRUE,TRUE,TRUE,multiple_accepted_names_same_family
gleditsia japonica,2,2,2,2,1,Gleditsia japonica,accepted | synonym,wfo-0000185997 | wfo-0000186270,Gleditsia japonica | Gleditsia sinensis,Fabaceae,Gleditsia,species,TRUE,TRUE,TRUE,multiple_accepted_names_same_family
glycine,2,2,2,2,1,Glycine,accepted | synonym,wfo-4000032154 | wfo-4000049061,Glycine | Pueraria,Fabaceae,Glycine | Pueraria,genus,TRUE,TRUE,TRUE,multiple_accepted_names_same_family
glycyrrhiza echinata,2,2,2,2,1,Glycyrrhiza echinata,accepted | synonym,wfo-0000212813 | wfo-0000213773,Glycyrrhiza echinata | Glycyrrhiza glabra,Fabaceae,Glycyrrhiza,species,TRUE,TRUE,TRUE,multiple_accepted_names_same_family
gossypium hirsutum,3,3,2,2,1,Gossypium hirsutum | Gossypium hirsutum prol. yucatanense,accepted | synonym,wfo-0000707931 | wfo-0001394146,Gossypium hirsutum | Gossypium hirsutum var. hirsutum,Malvaceae,Gossypium,species | variety,TRUE,TRUE,TRUE,multiple_accepted_names_same_family
grindelia pulchella,2,2,2,2,1,Grindelia pulchella,accepted | synonym,wfo-0000018709 | wfo-0000083286,Grindelia pulchella | Haplopappus pulchellus,Asteraceae,Grindelia | Haplopappus,species,TRUE,TRUE,TRUE,multiple_accepted_names_same_family
gynura aurantiaca,2,2,2,2,1,Gynura aurantiaca,accepted | synonym,wfo-0000020399 | wfo-0000033307,Crassocephalum vitellinum | Gynura aurantiaca,Asteraceae,Crassocephalum | Gynura,species,TRUE,TRUE,TRUE,multiple_accepted_names_same_family
helichrysum oreophilum,2,2,2,2,1,Helichrysum oreophilum,accepted | synonym,wfo-0000022658 | wfo-0000102889,Helichrysum oreophilum | Troglophyton capillaceum subsp. capillaceum,Asteraceae,Helichrysum | Troglophyton,species | subspecies,TRUE,TRUE,TRUE,multiple_accepted_names_same_family
helichrysum tenuiculum,2,2,2,2,1,Helichrysum tenuiculum,accepted | synonym,wfo-0000035694 | wfo-0000119802,Helichrysum melanacme | Helichrysum tenuiculum,Asteraceae,Helichrysum,species,TRUE,TRUE,TRUE,multiple_accepted_names_same_family
hyacinthoides,5,5,3,3,1,Hyacinthoides | Hyacinthoides non-scripta | Hyacinthoides non-scripta subsp. hispanica | Hyacinthoides non-scripta var. cernua,accepted | synonym,wfo-0000664208 | wfo-0000664295 | wfo-4000018462,Hyacinthoides | Hyacinthoides hispanica | Hyacinthoides non-scripta,Asparagaceae,Hyacinthoides,genus | species,TRUE,TRUE,TRUE,multiple_accepted_names_same_family
hypericum erectum,3,3,3,3,1,Hypericum erectum | Hypericum erectum prol. vaniotii,accepted | synonym,wfo-0000727608 | wfo-0000727692 | wfo-0000748341,Hypericum erectum | Hypericum erectum f. vaniotii | Hypericum grandifolium,Hypericaceae,Hypericum,form | species,TRUE,TRUE,TRUE,multiple_accepted_names_same_family
hypericum hirsutum,2,2,2,2,1,Hypericum hirsutum,accepted | synonym,wfo-0000727454 | wfo-0000727741,Hypericum caprifolium | Hypericum hirsutum,Hypericaceae,Hypericum,species,TRUE,TRUE,TRUE,multiple_accepted_names_same_family
hypericum maculatum,4,4,3,3,1,Hypericum maculatum | Hypericum maculatum subf. lucidum | Hypericum maculatum subf. nigrum,accepted | synonym,wfo-0000727911 | wfo-0000727921 | wfo-0000728173,Hypericum maculatum | Hypericum maculatum subsp. obtusiusculum | Hypericum punctatum,Hypericaceae,Hypericum,species | subspecies,TRUE,TRUE,TRUE,multiple_accepted_names_same_family
hyssopus officinalis,5,5,5,5,1,Hyssopus officinalis | Hyssopus officinalis prol. aristatus | Hyssopus officinalis prol. canescens | Hyssopus officinalis prol. decumbens | Hyssopus officinalis prol. montanus,accepted | synonym,wfo-0000217205 | wfo-0000217208 | wfo-0000217210 | wfo-0000217215 | wfo-0000217216,Hyssopus officinalis | Hyssopus officinalis subsp. aristatus | Hyssopus officinalis subsp. canescens | Hyssopus officinalis subsp. montanus | Hyssopus officinalis subsp. officinalis,Lamiaceae,Hyssopus,species | subspecies,TRUE,TRUE,TRUE,multiple_accepted_names_same_family
indigofera microcarpa,2,2,2,2,1,Indigofera microcarpa,accepted | synonym,wfo-0000193683 | wfo-0001061583,Indigofera microcarpa | Indigofera tinctoria var. tinctoria,Fabaceae,Indigofera,species | variety,TRUE,TRUE,TRUE,multiple_accepted_names_same_family
inula macrophylla,3,3,2,2,1,Inula macrophylla,synonym | unchecked,wfo-0000068893 | wfo-0000126359,Inula grandis | Inula paniculata,Asteraceae,Inula,species,TRUE,TRUE,FALSE,multiple_accepted_names_same_family
iris pallida,3,3,3,3,1,Iris pallida,accepted | synonym,wfo-0000783371 | wfo-0000783416 | wfo-0000783695,Iris × germanica | Iris halophila | Iris pallida,Iridaceae,Iris,species,TRUE,TRUE,TRUE,multiple_accepted_names_same_family
isolepis humillima,2,2,2,2,1,Isolepis humillima,synonym,wfo-0000342220 | wfo-0001427379,Bulbostylis humilis | Schoenoplectiella humillima,Cyperaceae,Bulbostylis | Schoenoplectiella,species,TRUE,TRUE,FALSE,multiple_accepted_names_same_family
isolepis prolifera,4,4,4,4,1,Isolepis prolifera,accepted | synonym,wfo-0000448180 | wfo-0000448360 | wfo-0000448648 | wfo-0000449923,Isolepis bicolor | Isolepis cernua var. cernua | Isolepis distigmatosa | Isolepis prolifera,Cyperaceae,Isolepis,species | variety,TRUE,TRUE,TRUE,multiple_accepted_names_same_family
juniperus barbadensis,2,2,2,2,1,Juniperus barbadensis,accepted | synonym,wfo-0000355559 | wfo-0000355589,Juniperus barbadensis | Juniperus chinensis,Cupressaceae,Juniperus,species,TRUE,TRUE,TRUE,multiple_accepted_names_same_family
juniperus communis,2,2,2,2,1,Juniperus communis,accepted | synonym,wfo-0000354956 | wfo-0000355532,Juniperus communis | Juniperus rigida,Cupressaceae,Juniperus,species,TRUE,TRUE,TRUE,multiple_accepted_names_same_family
juniperus excelsa,5,5,5,5,1,Juniperus excelsa,accepted | synonym,wfo-0000354991 | wfo-0000354992 | wfo-0000354994 | wfo-0000355502 | wfo-0000355503,Juniperus excelsa | Juniperus excelsa subsp. polycarpos | Juniperus sabina | Juniperus scopulorum | Juniperus semiglobosa,Cupressaceae,Juniperus,species | subspecies,TRUE,TRUE,TRUE,multiple_accepted_names_same_family
juniperus sabina,4,4,4,4,1,Juniperus sabina,accepted | synonym,wfo-0000354994 | wfo-0000355502 | wfo-0000355516 | wfo-0000355734,Juniperus excelsa | Juniperus foetidissima | Juniperus pseudosabina | Juniperus sabina,Cupressaceae,Juniperus,species,TRUE,TRUE,TRUE,multiple_accepted_names_same_family
justicia adhatoda,2,2,2,2,1,Justicia adhatoda,accepted | synonym,wfo-0000354128 | wfo-1200029553,Ecbolium ligustrinum var. ligustrinum | Justicia adhatoda,Acanthaceae,Ecbolium | Justicia,species | variety,TRUE,TRUE,TRUE,multiple_accepted_names_same_family
justicia paniculata,4,4,3,3,1,Justicia paniculata,synonym | unchecked,wfo-0000354046 | wfo-0000534069 | wfo-1000051269,Andrographis paniculata | Hypoestes forskaolii | Justicia salviiflora,Acanthaceae,Andrographis | Hypoestes | Justicia,species,TRUE,TRUE,FALSE,multiple_accepted_names_same_family
klasea centauroides,2,2,2,2,1,Klasea centauroides,accepted | synonym,wfo-0000008469 | wfo-0000131165,Klasea centauroides | Serratula centauroides,Asteraceae,Klasea | Serratula,species,TRUE,TRUE,TRUE,multiple_accepted_names_same_family
krameria lanceolata,2,2,2,2,1,Krameria lanceolata,accepted | synonym,wfo-0000357679 | wfo-0001069551,Krameria ixine | Krameria lanceolata,Krameriaceae,Krameria,species,TRUE,TRUE,TRUE,multiple_accepted_names_same_family
lathyrus cicera,4,4,3,2,1,Lathyrus cicera | Lathyrus cicera prol. erythrinus,accepted | synonym,wfo-0000175952 | wfo-0000212675 | wfo-0000212677,Lathyrus articulatus | Lathyrus cicera,Fabaceae,Lathyrus,species,TRUE,TRUE,TRUE,multiple_accepted_names_same_family
lathyrus grandiflorus,2,2,2,2,1,Lathyrus grandiflorus,accepted | synonym,wfo-0000213808 | wfo-0000213824,Lathyrus grandiflorus | Lathyrus sylvestris,Fabaceae,Lathyrus,species,TRUE,TRUE,TRUE,multiple_accepted_names_same_family
lathyrus palustris,2,2,2,2,1,Lathyrus palustris,accepted | synonym,wfo-0000212676 | wfo-0000213816,Lathyrus clymenum | Lathyrus palustris,Fabaceae,Lathyrus,species,TRUE,TRUE,TRUE,multiple_accepted_names_same_family
lathyrus roseus,2,2,2,2,1,Lathyrus roseus,accepted | synonym,wfo-0000182187 | wfo-0000213821,Lathyrus hookeri | Lathyrus roseus,Fabaceae,Lathyrus,species,TRUE,TRUE,TRUE,multiple_accepted_names_same_family
lespedeza juncea,2,2,2,2,1,Lespedeza juncea,accepted | synonym,wfo-0000186750 | wfo-0000205129,Indigofera aspalathoides | Lespedeza juncea,Fabaceae,Indigofera | Lespedeza,species,TRUE,TRUE,TRUE,multiple_accepted_names_same_family
lespedeza virgata,4,4,3,3,1,Lespedeza virgata,accepted | synonym,wfo-0000173704 | wfo-0000185058 | wfo-0000192231,Lespedeza cyrtobotrya | Lespedeza stuevei | Lespedeza virgata,Fabaceae,Lespedeza,species,TRUE,TRUE,TRUE,multiple_accepted_names_same_family
lotus corniculatus,4,4,4,4,1,Lotus corniculatus | Lotus corniculatus prol. decumbens | Lotus corniculatus prol. pedunculatus | Lotus corniculatus prol. tenuis,accepted | synonym,wfo-0000212180 | wfo-0000212230 | wfo-0001053826 | wfo-0001425600,Lotus corniculatus | Lotus pedunculatus | Lotus pedunculatus subsp. pedunculatus | Lotus tenuis,Fabaceae,Lotus,species | subspecies,TRUE,TRUE,TRUE,multiple_accepted_names_same_family
lotus creticus,2,2,2,2,1,Lotus creticus,accepted | synonym,wfo-0000212182 | wfo-0000212184,Lotus creticus | Lotus cytisoides,Fabaceae,Lotus,species,TRUE,TRUE,TRUE,multiple_accepted_names_same_family
lotus uliginosus,2,2,2,2,1,Lotus uliginosus,synonym,wfo-0000214146 | wfo-0001425600,Lotus corniculatus subsp. corniculatus | Lotus pedunculatus subsp. pedunculatus,Fabaceae,Lotus,subspecies,TRUE,TRUE,FALSE,multiple_accepted_names_same_family
lupinus albus,2,2,2,2,1,Lupinus albus | Lupinus albus prol. termis,accepted | synonym,wfo-0000213483 | wfo-0000213484,Lupinus albus | Lupinus albus subsp. albus,Fabaceae,Lupinus,species | subspecies,TRUE,TRUE,TRUE,multiple_accepted_names_same_family
lupinus angustifolius,4,4,2,2,1,Lupinus angustifolius | Lupinus angustifolius prol. cryptanthus | Lupinus angustifolius prol. linifolius,accepted | synonym,wfo-0000204275 | wfo-0000213485,Lupinus angustifolius | Zornia diphylla,Fabaceae,Lupinus | Zornia,species,TRUE,TRUE,TRUE,multiple_accepted_names_same_family
lupinus hirsutus,2,2,2,2,1,Lupinus hirsutus | Lupinus hirsutus prol. micranthus,synonym,wfo-0000185679 | wfo-0000363797,Lupinus gussoneanus | Lupinus pilosus,Fabaceae,Lupinus,species,TRUE,TRUE,FALSE,multiple_accepted_names_same_family
lupinus mexicanus,3,3,3,3,1,Lupinus mexicanus,accepted | synonym,wfo-0000183548 | wfo-0001055502 | wfo-0001425602,Lupinus albicaulis | Lupinus argenteus subsp. argenteus | Lupinus mexicanus,Fabaceae,Lupinus,species | subspecies,TRUE,TRUE,TRUE,multiple_accepted_names_same_family
lupinus micranthus,2,2,2,2,1,Lupinus micranthus,synonym,wfo-0000168077 | wfo-0000363797,Lupinus bicolor | Lupinus gussoneanus,Fabaceae,Lupinus,species,TRUE,TRUE,FALSE,multiple_accepted_names_same_family
lupinus pilosus,4,4,3,3,1,Lupinus pilosus | Lupinus pilosus prol. cosentinii,accepted | synonym | unchecked,wfo-0000174783 | wfo-0000185679 | wfo-0000213488,Lupinus cosentinii | Lupinus pilosus | Lupinus villosus,Fabaceae,Lupinus,species,TRUE,TRUE,TRUE,multiple_accepted_names_same_family
lupinus rivularis,3,3,3,3,1,Lupinus rivularis,accepted | synonym,wfo-0000174755 | wfo-0000213844 | wfo-0001055506,Lupinus arboreus | Lupinus chamissonis | Lupinus rivularis,Fabaceae,Lupinus,species,TRUE,TRUE,TRUE,multiple_accepted_names_same_family
lupinus sericeus,2,2,2,2,1,Lupinus sericeus,accepted | synonym,wfo-0000174760 | wfo-0000213844,Lupinus arboreus | Lupinus sericeus,Fabaceae,Lupinus,species,TRUE,TRUE,TRUE,multiple_accepted_names_same_family
lycoris radiata,2,2,2,2,1,Lycoris radiata,accepted | synonym,wfo-0000683573 | wfo-0000751145,Lycoris radiata | Ungernia trisphaera,Amaryllidaceae,Lycoris | Ungernia,species,TRUE,TRUE,TRUE,multiple_accepted_names_same_family
mabea fistulifera,2,2,2,2,1,Mabea fistulifera,accepted | synonym,wfo-0000231621 | wfo-0000231651,Mabea angustifolia | Mabea fistulifera,Euphorbiaceae,Mabea,species,TRUE,TRUE,TRUE,multiple_accepted_names_same_family
marchantia polymorpha,16,16,3,3,1,Marchantia polymorpha | Marchantia polymorpha subf. carbonaria | Marchantia polymorpha subf. cordata | Marchantia polymorpha subf. crispa | Marchantia polymorpha subf. denticulata | Marchantia polymorpha subf. horizontalis | Marchantia polymorpha subf. linearis | Marchantia polymorpha subf. lobulata | Marchantia polymorpha subf. mamillata | Marchantia polymorpha subf. muralis | Marchantia polymorpha subf. nuda | Marchantia polymorpha subf. palmata | Marchantia polymorpha subf. polymorpha | Marchantia polymorpha subf. purpurea | Marchantia polymorpha subf. riparia | Marchantia polymorpha subf. viridissima,accepted | synonym,wfo-0001196533 | wfo-0001442147 | wfo-1200005048,Marchantia polymorpha | Marchantia polymorpha subsp. montivagans | Marchantia polymorpha subsp. ruderalis,Marchantiaceae,Marchantia,species | subspecies,TRUE,TRUE,TRUE,multiple_accepted_names_same_family
medicago falcata,3,3,3,3,1,Medicago falcata | Medicago falcata prol. sylvestris | Medicago falcata unranked desertorum,accepted | synonym,wfo-0000213426 | wfo-0000213427 | wfo-0000214252,Medicago × varia | Medicago falcata | Medicago falcata subsp. falcata,Fabaceae,Medicago,species | subspecies,TRUE,TRUE,TRUE,multiple_accepted_names_same_family
medicago glomerata,2,2,2,2,1,Medicago glomerata,synonym,wfo-0000185583 | wfo-0000186621,Medicago brachycarpa | Medicago sativa subsp. glomerata,Fabaceae,Medicago,species | subspecies,TRUE,TRUE,FALSE,multiple_accepted_names_same_family
medicago rugosa,2,2,2,2,1,Medicago rugosa,accepted | synonym,wfo-0000213467 | wfo-0001055366,Medicago rugosa | Medicago turbinata,Fabaceae,Medicago,species,TRUE,TRUE,TRUE,multiple_accepted_names_same_family
medicago scutellata,2,2,2,2,1,Medicago scutellata,accepted | synonym,wfo-0000213459 | wfo-0000213473,Medicago orbicularis | Medicago scutellata,Fabaceae,Medicago,species,TRUE,TRUE,TRUE,multiple_accepted_names_same_family
melilotus sulcatus,4,4,2,2,1,Melilotus sulcatus | Melilotus sulcatus prol. aschersonii | Melilotus sulcatus prol. leiospermus | Melilotus sulcatus prol. libanoticus,accepted | synonym,wfo-0000185398 | wfo-0000212824,Melilotus segetalis | Melilotus sulcatus,Fabaceae,Melilotus,species,TRUE,TRUE,TRUE,multiple_accepted_names_same_family
mentha longifolia,4,4,2,2,1,Mentha longifolia | Mentha longifolia prol. reflexifolia | Mentha longifolia subf. leptostachya,accepted | synonym | unchecked,wfo-0000240950 | wfo-0001069664,Mentha longifolia | Mentha longifolia subsp. longifolia,Lamiaceae,Mentha,species | subspecies,TRUE,TRUE,TRUE,multiple_accepted_names_same_family
mikania micrantha,3,3,2,2,1,Mikania micrantha,accepted | synonym | unchecked,wfo-0000057823 | wfo-0000062531,Mikania cynanchifolia | Mikania micrantha,Asteraceae,Mikania,species,TRUE,TRUE,TRUE,multiple_accepted_names_same_family
millettia leucantha,2,2,2,2,1,Millettia leucantha,synonym,wfo-0000374059 | wfo-1000002933,Imbralyx leucanthus | Millettia vatkei,Fabaceae,Imbralyx | Millettia,species,TRUE,TRUE,FALSE,multiple_accepted_names_same_family
millettia speciosa,3,3,2,2,1,Millettia speciosa,synonym | unchecked,wfo-0000183559 | wfo-0001444004,Lonchocarpus sericeus | Nanhaia speciosa,Fabaceae,Lonchocarpus | Nanhaia,species,TRUE,TRUE,FALSE,multiple_accepted_names_same_family
mimosa glaucescens,2,2,2,2,1,Mimosa glaucescens,synonym,wfo-0000190121 | wfo-0001062351,Acacia binervia | Mimosa debilis var. debilis,Fabaceae,Acacia | Mimosa,species | variety,TRUE,TRUE,FALSE,multiple_accepted_names_same_family
mimosa tenuiflora,2,2,2,2,1,Mimosa tenuiflora,accepted | synonym,wfo-0000174654 | wfo-0001053233,Mimosa tenuiflora | Mimosa zimapanensis,Fabaceae,Mimosa,species,TRUE,TRUE,TRUE,multiple_accepted_names_same_family
mimosa tenuifolia,4,4,3,3,1,Mimosa tenuifolia,synonym | unchecked,wfo-0000182730 | wfo-0001050772 | wfo-0001337072,Senegalia intsia | Senegalia rugata | Senegalia tenuifolia,Fabaceae,Senegalia,species,TRUE,TRUE,FALSE,multiple_accepted_names_same_family
mimusops elengi,2,2,2,2,1,Mimusops elengi,accepted | synonym,wfo-0000235898 | wfo-0000244577,Manilkara kauki | Mimusops elengi,Sapotaceae,Manilkara | Mimusops,species,TRUE,TRUE,TRUE,multiple_accepted_names_same_family
murraya exotica,3,3,2,2,1,Murraya exotica,synonym | unchecked,wfo-0000453279 | wfo-0000704558,Glycosmis pentaphylla | Murraya paniculata,Rutaceae,Glycosmis | Murraya,species,TRUE,TRUE,FALSE,multiple_accepted_names_same_family
myrsine coriacea,2,2,2,2,1,Myrsine coriacea,accepted | synonym,wfo-0000449079 | wfo-1200070233,Myrsine coriacea | Myrsine ovalis var. ovalis,Primulaceae,Myrsine,species | variety,TRUE,TRUE,TRUE,multiple_accepted_names_same_family
myrtus communis,3,3,3,3,1,Myrtus communis | Myrtus communis unranked variegata,accepted | synonym,wfo-0000248712 | wfo-0000248721 | wfo-0000937986,Decaspermum blancoi | Myrtus communis | Myrtus communis subsp. communis,Myrtaceae,Decaspermum | Myrtus,species | subspecies,TRUE,TRUE,TRUE,multiple_accepted_names_same_family
olea europaea,3,3,2,2,1,Olea europaea | Olea europaea prol. sativa | Olea europaea prol. sylvestris,accepted | synonym,wfo-0000817273 | wfo-0000834630,Olea europaea | Olea europaea subsp. europaea,Oleaceae,Olea,species | subspecies,TRUE,TRUE,TRUE,multiple_accepted_names_same_family
onobrychis viciifolia,2,2,2,2,1,Onobrychis viciifolia | Onobrychis viciifolia prol. montana,accepted | synonym,wfo-0000205013 | wfo-0000213879,Onobrychis montana | Onobrychis viciifolia,Fabaceae,Onobrychis,species,TRUE,TRUE,TRUE,multiple_accepted_names_same_family
ononis alopecuroides,3,3,3,3,1,Ononis alopecuroides | Ononis alopecuroides prol. trifoliata,accepted | synonym,wfo-0000183367 | wfo-0000212834 | wfo-0000212835,Ononis alopecuroides | Ononis alopecuroides subsp. alopecuroides | Ononis arvensis,Fabaceae,Ononis,species | subspecies,TRUE,TRUE,TRUE,multiple_accepted_names_same_family
ononis minutissima,2,2,2,2,1,Ononis minutissima,accepted | synonym,wfo-0000186148 | wfo-0000212876,Ononis minutissima | Ononis pusilla subsp. pusilla,Fabaceae,Ononis,species | subspecies,TRUE,TRUE,TRUE,multiple_accepted_names_same_family
ononis natrix,7,7,4,4,1,Ononis natrix | Ononis natrix prol. arenaria | Ononis natrix prol. hispanica | Ononis natrix prol. inaequifolia | Ononis natrix prol. picta | Ononis natrix prol. ramosissima,accepted | synonym,wfo-0000212878 | wfo-0000212886 | wfo-0000212887 | wfo-0000214388,Ononis natrix | Ononis natrix subsp. hispanica | Ononis natrix subsp. natrix | Ononis ramosissima,Fabaceae,Ononis,species | subspecies,TRUE,TRUE,TRUE,multiple_accepted_names_same_family
ononis ornithopodioides,2,2,2,2,1,Ononis ornithopodioides,accepted | synonym,wfo-0000188776 | wfo-0000212892,Medicago minima | Ononis ornithopodioides,Fabaceae,Medicago | Ononis,species,TRUE,TRUE,TRUE,multiple_accepted_names_same_family
ononis reclinata,3,3,2,2,1,Ononis reclinata | Ononis reclinata prol. mollis,accepted | synonym | unchecked,wfo-0000212908 | wfo-0001428327,Ononis reclinata | Ononis reclinata subsp. minor,Fabaceae,Ononis,species | subspecies,TRUE,TRUE,TRUE,multiple_accepted_names_same_family
ononis serrata,4,4,2,2,1,Ononis serrata | Ononis serrata prol. diffusa,accepted | synonym,wfo-0000212860 | wfo-0000212912,Ononis diffusa | Ononis serrata,Fabaceae,Ononis,species,TRUE,TRUE,TRUE,multiple_accepted_names_same_family
ononis spinosa,3,3,3,3,1,Ononis spinosa | Ononis spinosa prol. antiquorum,accepted | synonym,wfo-0000183372 | wfo-0000212844 | wfo-0001444305,Alhagi maurorum var. maurorum | Ononis spinosa | Ononis spinosa subsp. antiquorum,Fabaceae,Alhagi | Ononis,species | subspecies | variety,TRUE,TRUE,TRUE,multiple_accepted_names_same_family
ononis viscosa,6,6,5,5,1,Ononis viscosa | Ononis viscosa prol. brachycarpa | Ononis viscosa prol. breviflora | Ononis viscosa prol. longearistata | Ononis viscosa prol. longiaristata,accepted | synonym,wfo-0000212906 | wfo-0000212926 | wfo-0000212927 | wfo-0000212928 | wfo-0000212929,Ononis pubescens | Ononis viscosa | Ononis viscosa subsp. brachycarpa | Ononis viscosa subsp. breviflora | Ononis viscosa subsp. viscosa,Fabaceae,Ononis,species | subspecies,TRUE,TRUE,TRUE,multiple_accepted_names_same_family
ophiorrhiza bracteata,2,2,2,2,1,Ophiorrhiza bracteata,accepted | synonym,wfo-0000256918 | wfo-0000257223,Ophiorrhiza bracteata | Ophiorrhiza ridleyi,Rubiaceae,Ophiorrhiza,species,TRUE,TRUE,TRUE,multiple_accepted_names_same_family
oreobolus distichus,2,2,2,2,1,Oreobolus distichus,accepted | synonym,wfo-0000481284 | wfo-0000481355,Oreobolus distichus | Oreobolus kuekenthalii,Cyperaceae,Oreobolus,species,TRUE,TRUE,TRUE,multiple_accepted_names_same_family
origanum vulgare,2,2,2,2,1,Origanum vulgare | Origanum vulgare prol. humile,accepted | synonym,wfo-0000260765 | wfo-0000260775,Origanum vulgare | Origanum vulgare subsp. viridulum,Lamiaceae,Origanum,species | subspecies,TRUE,TRUE,TRUE,multiple_accepted_names_same_family
oxytropis falcata,2,2,2,2,1,Oxytropis falcata,accepted | synonym,wfo-0000179376 | wfo-0000198975,Oxytropis falcata | Oxytropis lambertii var. lambertii,Fabaceae,Oxytropis,species | variety,TRUE,TRUE,TRUE,multiple_accepted_names_same_family
parinari montana,2,2,2,2,1,Parinari montana,accepted | synonym,wfo-0000816522 | wfo-0000817750,Maranthes glabra | Parinari montana,Chrysobalanaceae,Maranthes | Parinari,species,TRUE,TRUE,TRUE,multiple_accepted_names_same_family
parkia biglobosa,2,2,2,2,1,Parkia biglobosa,accepted | synonym,wfo-0000178891 | wfo-0000179230,Parkia biglobosa | Parkia timoriana,Fabaceae,Parkia,species,TRUE,TRUE,TRUE,multiple_accepted_names_same_family
peperomia leptostachya,2,2,2,2,1,Peperomia leptostachya,accepted | synonym,wfo-0000477565 | wfo-0001411584,Peperomia humilis var. cumulicola | Peperomia leptostachya,Piperaceae,Peperomia,species | variety,TRUE,TRUE,TRUE,multiple_accepted_names_same_family
peperomia obtusifolia,2,2,2,2,1,Peperomia obtusifolia,accepted | synonym,wfo-0000477916 | wfo-0000478562,Peperomia emarginulata | Peperomia obtusifolia,Piperaceae,Peperomia,species,TRUE,TRUE,TRUE,multiple_accepted_names_same_family
peperomia serpens,3,3,2,2,1,Peperomia serpens,accepted | synonym | unchecked,wfo-0000479465 | wfo-0001263853,Peperomia dimota | Peperomia serpens,Piperaceae,Peperomia,species,TRUE,TRUE,TRUE,multiple_accepted_names_same_family
persicaria salicifolia,2,2,2,2,1,Persicaria salicifolia,synonym,wfo-0000488020 | wfo-0000488462,Persicaria decipiens | Persicaria maculosa,Polygonaceae,Persicaria,species,TRUE,TRUE,FALSE,multiple_accepted_names_same_family
phaseolus vulgaris,2,2,2,2,1,Phaseolus vulgaris,accepted | synonym,wfo-0000183263 | wfo-0000183282,Phaseolus lunatus | Phaseolus vulgaris,Fabaceae,Phaseolus,species,TRUE,TRUE,TRUE,multiple_accepted_names_same_family
phyllanthus tenellus,2,2,2,2,1,Phyllanthus tenellus,accepted | synonym,wfo-0000272206 | wfo-0000492110,Phyllanthus graveolens subsp. benthamianus | Phyllanthus tenellus,Phyllanthaceae,Phyllanthus,species | subspecies,TRUE,TRUE,TRUE,multiple_accepted_names_same_family
pimpinella anisum,3,3,2,2,1,Pimpinella anisum,accepted | synonym,wfo-0000390918 | wfo-0000390925,Pimpinella anisum | Pimpinella aromatica,Apiaceae,Pimpinella,species,TRUE,TRUE,TRUE,multiple_accepted_names_same_family
pinus excelsa,2,2,2,2,1,Pinus excelsa,synonym,wfo-0000481612 | wfo-0000482030,Picea abies | Pinus wallichiana,Pinaceae,Picea | Pinus,species,TRUE,TRUE,FALSE,multiple_accepted_names_same_family
pinus massoniana,2,2,2,2,1,Pinus massoniana,accepted | synonym,wfo-0000481662 | wfo-0000736339,Pinus massoniana | Pinus thunbergii,Pinaceae,Pinus,species,TRUE,TRUE,TRUE,multiple_accepted_names_same_family
pinus montana,5,5,3,3,1,Pinus montana,synonym | unchecked,wfo-0000481789 | wfo-0000482273 | wfo-0001091635,Pinus cembra | Pinus mugo | Pinus sylvestris var. sylvestris,Pinaceae,Pinus,species | variety,TRUE,TRUE,FALSE,multiple_accepted_names_same_family
pinus sibirica,2,2,2,2,1,Pinus sibirica,accepted | synonym,wfo-0000481525 | wfo-0000511396,Abies sibirica | Pinus sibirica,Pinaceae,Abies | Pinus,species,TRUE,TRUE,TRUE,multiple_accepted_names_same_family
pinus strobus,3,3,2,2,1,Pinus strobus,accepted | synonym | unchecked,wfo-0000481082 | wfo-0000481530,Pinus koraiensis | Pinus strobus,Pinaceae,Pinus,species,TRUE,TRUE,TRUE,multiple_accepted_names_same_family
pinus sylvestris,2,2,2,2,1,Pinus sylvestris,accepted | synonym,wfo-0000481648 | wfo-0000481662,Pinus sylvestris | Pinus thunbergii,Pinaceae,Pinus,species,TRUE,TRUE,TRUE,multiple_accepted_names_same_family
pinus taeda,2,2,2,2,1,Pinus taeda,accepted | synonym,wfo-0000481052 | wfo-0000481652,Pinus kesiya | Pinus taeda,Pinaceae,Pinus,species,TRUE,TRUE,TRUE,multiple_accepted_names_same_family
piper,2,2,2,2,1,Piper | Piper non-retrorsum,accepted,wfo-0001093300 | wfo-4000029808,Piper | Piper non-retrorsum,Piperaceae,Piper,genus | species,TRUE,TRUE,TRUE,multiple_accepted_names_same_family
piper hispidum,4,4,3,3,1,Piper hispidum,accepted | synonym,wfo-0000478980 | wfo-0001094079 | wfo-0001249130,Piper hispidum | Piper mexicanum | Piper sintenense,Piperaceae,Piper,species,TRUE,TRUE,TRUE,multiple_accepted_names_same_family
piper marginatum,2,2,2,2,1,Piper marginatum,accepted | synonym,wfo-0000486009 | wfo-0001093056,Peperomia obtusifolia var. obtusifolia | Piper marginatum,Piperaceae,Peperomia | Piper,species | variety,TRUE,TRUE,TRUE,multiple_accepted_names_same_family
piper methysticum,2,2,2,2,1,Piper methysticum,accepted | synonym,wfo-0000486456 | wfo-0001277147,Piper latifolium | Piper methysticum,Piperaceae,Piper,species,TRUE,TRUE,TRUE,multiple_accepted_names_same_family
piper obliquum,4,4,3,3,1,Piper obliquum,accepted | synonym | unchecked,wfo-0000478224 | wfo-0000486275 | wfo-0000487491,Peperomia acuminata | Piper obliquum | Piper tuberculatum,Piperaceae,Peperomia | Piper,species,TRUE,TRUE,TRUE,multiple_accepted_names_same_family
piper sarmentosum,2,2,2,2,1,Piper sarmentosum,accepted | synonym,wfo-0000486013 | wfo-0001094336,Piper longum | Piper sarmentosum,Piperaceae,Piper,species,TRUE,TRUE,TRUE,multiple_accepted_names_same_family
plantago major,6,6,3,3,1,Plantago major | Plantago major prol. intermedia | Plantago major prol. lutulenta | Plantago major subf. brevipedicellata | Plantago major subf. dura | Plantago major subf. subintegra,accepted | synonym,wfo-0000486544 | wfo-0000745393 | wfo-0001316375,Plantago major | Plantago major subsp. intermedia | Plantago major subsp. major,Plantaginaceae,Plantago,species | subspecies,TRUE,TRUE,TRUE,multiple_accepted_names_same_family
polygonum salicifolium,2,2,2,2,1,Polygonum salicifolium,synonym,wfo-0000488020 | wfo-0000488056,Persicaria amphibia | Persicaria decipiens,Polygonaceae,Persicaria,species,TRUE,TRUE,FALSE,multiple_accepted_names_same_family
potentilla anserina,6,6,3,3,1,Potentilla anserina | Potentilla anserina prol. argentina | Potentilla anserina unranked biflora | Potentilla anserina unranked egedii | Potentilla anserina unranked genuina | Potentilla anserina unranked glabrata,synonym,wfo-0001009478 | wfo-0001009505 | wfo-1200075009,Argentina anserina | Argentina anserina subsp. anserina | Argentina anserina subsp. groenlandica,Rosaceae,Argentina,species | subspecies,TRUE,TRUE,FALSE,multiple_accepted_names_same_family
potentilla chrysantha,8,8,5,5,1,Potentilla chrysantha | Potentilla chrysantha prol. euthuringiaca | Potentilla chrysantha prol. goldbachii | Potentilla chrysantha prol. liocarpa | Potentilla chrysantha prol. nestleriana | Potentilla chrysantha unranked elongata,accepted | synonym,wfo-0001004023 | wfo-0001004825 | wfo-0001005483 | wfo-0001005622 | wfo-0001018725,Potentilla chrysantha | Potentilla chrysantha subsp. amphibola | Potentilla chrysantha subsp. chrysantha | Potentilla gracilis var. gracilis | Potentilla thuringiaca,Rosaceae,Potentilla,species | subspecies | variety,TRUE,TRUE,TRUE,multiple_accepted_names_same_family
potentilla erecta,9,9,2,2,1,Potentilla erecta | Potentilla erecta unranked dacica | Potentilla erecta unranked nemoralis | Potentilla erecta unranked strictissima,accepted | synonym | unchecked,wfo-0000984938 | wfo-0001011319,Potentilla erecta | Potentilla recta subsp. recta,Rosaceae,Potentilla,species | subspecies,TRUE,TRUE,TRUE,multiple_accepted_names_same_family
potentilla longifolia,2,2,2,2,1,Potentilla longifolia,accepted | synonym,wfo-0001016002 | wfo-0001018785,Potentilla longifolia | Potentilla pusilla,Rosaceae,Potentilla,species,TRUE,TRUE,TRUE,multiple_accepted_names_same_family
potentilla viscosa,4,4,3,3,1,Potentilla viscosa,synonym,wfo-0001004432 | wfo-0001004967 | wfo-0001016002,Potentilla dentata | Potentilla grammopetala | Potentilla longifolia,Rosaceae,Potentilla,species,TRUE,TRUE,FALSE,multiple_accepted_names_same_family
primula macrophylla,2,2,2,2,1,Primula macrophylla,accepted | synonym,wfo-0000483501 | wfo-0001105514,Primula auriculata | Primula macrophylla,Primulaceae,Primula,species,TRUE,TRUE,TRUE,multiple_accepted_names_same_family
prunus *,2,2,2,2,1,Prunus × fruticans | Prunus × yedoensis,accepted,wfo-0000983576 | wfo-0000985585,Prunus × fruticans | Prunus × yedoensis,Rosaceae,Prunus,species,FALSE,FALSE,TRUE,multiple_accepted_names_same_family
prunus armeniaca,7,7,3,3,1,Prunus armeniaca | Prunus armeniaca lus. pendula | Prunus armeniaca unranked nigra,accepted | synonym | unchecked,wfo-0000991689 | wfo-0001131954 | wfo-1200074995,Prunus armeniaca | Prunus armeniaca var. armeniaca | Prunus dasycarpa,Rosaceae,Prunus,species | variety,TRUE,TRUE,TRUE,multiple_accepted_names_same_family
prunus avium,11,11,2,2,1,Prunus avium | Prunus avium lus. asplenifolia | Prunus avium lus. pendula | Prunus avium lus. pyramidalis | Prunus avium prol. acida | Prunus avium prol. austera | Prunus avium prol. duracina | Prunus avium prol. juliana | Prunus avium prol. semperflorens | Prunus avium prol. silvestris | Prunus avium prol. sylvestris,accepted | synonym,wfo-0001006607 | wfo-0001016331,Prunus avium | Prunus cerasus,Rosaceae,Prunus,species,TRUE,TRUE,TRUE,multiple_accepted_names_same_family
prunus cerasoides,3,3,2,2,1,Prunus cerasoides,accepted | synonym,wfo-0000985845 | wfo-0001017427,Prunus campanulata | Prunus cerasoides,Rosaceae,Prunus,species,TRUE,TRUE,TRUE,multiple_accepted_names_same_family
prunus dulcis,3,3,2,2,1,Prunus dulcis,synonym | unchecked,wfo-0001006607 | wfo-0001015846,Prunus amygdalus | Prunus avium,Rosaceae,Prunus,species,TRUE,TRUE,FALSE,multiple_accepted_names_same_family
prunus mume,6,6,2,2,1,Prunus mume | Prunus mume unranked purpureaplena | Prunus mume unranked roseiplena | Prunus mume unranked rubra-plena | Prunus mume unranked splendens-plena,accepted | synonym | unchecked,wfo-0001017317 | wfo-1200074997,Prunus mume | Prunus mume var. mume,Rosaceae,Prunus,species | variety,TRUE,TRUE,TRUE,multiple_accepted_names_same_family
prunus padus,15,15,4,4,1,Prunus padus | Prunus padus lus. bracteosa | Prunus padus lus. pendula | Prunus padus lus. pyramidalis | Prunus padus prol. petraea | Prunus padus prol. typica | Prunus padus unranked aucubifolia | Prunus padus unranked chlorocarpus | Prunus padus unranked fructu-albescente | Prunus padus unranked leucocarpos | Prunus padus unranked parviflora | Prunus padus unranked typica,accepted | synonym | unchecked,wfo-0000983726 | wfo-0000986027 | wfo-0001008273 | wfo-0001428530,Prunus cornuta | Prunus padus | Prunus padus subsp. padus | Prunus padus var. borealis,Rosaceae,Prunus,species | subspecies | variety,TRUE,TRUE,TRUE,multiple_accepted_names_same_family
prunus spinosa,31,31,3,3,1,Prunus spinosa | Prunus spinosa lus. purpurea | Prunus spinosa prol. amelanchierflora | Prunus spinosa prol. dasyphylla | Prunus spinosa prol. densa | Prunus spinosa prol. depressa | Prunus spinosa prol. ericiflora | Prunus spinosa prol. fastigiata | Prunus spinosa prol. foecundissima | Prunus spinosa prol. lamottei | Prunus spinosa prol. latiflora | Prunus spinosa prol. ligerina | Prunus spinosa prol. lucens | Prunus spinosa prol. lucida | Prunus spinosa prol. microstigma | Prunus spinosa prol. ovata | Prunus spinosa prol. parviflora | Prunus spinosa prol. pubescens | Prunus spinosa prol. ramburii | Prunus spinosa prol. subcylindrica | Prunus spinosa prol. subinermis | Prunus spinosa prol. typica | Prunus spinosa prol. vulgatus | Prunus spinosa subf. macrocarpa | Prunus spinosa unranked arborescens | Prunus spinosa unranked chlorocarpa | Prunus spinosa unranked florepleno | Prunus spinosa unranked florerubro | Prunus spinosa unranked frutescens | Prunus spinosa unranked genuina,accepted | synonym | unchecked,wfo-0000985585 | wfo-0001005292 | wfo-0001007437,Prunus × fruticans | Prunus ramburii | Prunus spinosa,Rosaceae,Prunus,species,TRUE,TRUE,TRUE,multiple_accepted_names_same_family
psophocarpus tetragonolobus,2,2,2,2,1,Psophocarpus tetragonolobus,accepted | synonym,wfo-0000183752 | wfo-0000183795,Psophocarpus scandens | Psophocarpus tetragonolobus,Fabaceae,Psophocarpus,species,TRUE,TRUE,TRUE,multiple_accepted_names_same_family
pteris multifida,2,2,2,2,1,Pteris multifida,accepted | synonym,wfo-0001038988 | wfo-0001109294,Calciphilopteris ludens | Pteris multifida,Pteridaceae,Calciphilopteris | Pteris,species,TRUE,TRUE,TRUE,multiple_accepted_names_same_family
pterocarpus erinaceus,2,2,2,2,1,Pterocarpus erinaceus,accepted | synonym,wfo-0000172693 | wfo-0000205991,Pterocarpus erinaceus | Pterocarpus vidalianus,Fabaceae,Pterocarpus,species,TRUE,TRUE,TRUE,multiple_accepted_names_same_family
pterocarpus indicus,2,2,2,2,1,Pterocarpus indicus,accepted | synonym,wfo-0000172738 | wfo-0000185931,Derris canarensis | Pterocarpus indicus,Fabaceae,Derris | Pterocarpus,species,TRUE,TRUE,TRUE,multiple_accepted_names_same_family
pterocarpus santalinus,3,3,3,3,1,Pterocarpus santalinus,accepted | synonym,wfo-0000172738 | wfo-0000185973 | wfo-0000204517,Pterocarpus indicus | Pterocarpus marsupium subsp. marsupium | Pterocarpus santalinus,Fabaceae,Pterocarpus,species | subspecies,TRUE,TRUE,TRUE,multiple_accepted_names_same_family
pulicaria crispa,2,2,2,2,1,Pulicaria crispa,accepted | synonym,wfo-0000069642 | wfo-0000132536,Pulicaria crispa | Pulicaria undulata,Asteraceae,Pulicaria,species,TRUE,TRUE,TRUE,multiple_accepted_names_same_family
pyrus communis,23,23,4,4,1,Pyrus communis | Pyrus communis lus. tricolor | Pyrus communis prol. achras | Pyrus communis prol. boraeana | Pyrus communis prol. bourgaeana | Pyrus communis prol. brachypoda | Pyrus communis prol. cultrensis | Pyrus communis prol. mariana | Pyrus communis prol. pyraster | Pyrus communis prol. sativa | Pyrus communis unranked domestica | Pyrus communis unranked elliptica | Pyrus communis unranked glabra | Pyrus communis unranked grandifolia | Pyrus communis unranked tomentosa | Pyrus communis unranked typica,accepted | synonym | unchecked,wfo-0000984439 | wfo-0000992574 | wfo-0001015799 | wfo-0001018703,Pyrus bourgaeana | Pyrus communis | Pyrus communis subsp. communis | Pyrus turcomanica,Rosaceae,Pyrus,species | subspecies,TRUE,TRUE,TRUE,multiple_accepted_names_same_family
quercus dentata,3,3,3,3,1,Quercus dentata,accepted | synonym,wfo-0000290462 | wfo-0000291114 | wfo-0000292146,Quercus × hispanica | Quercus dentata | Quercus nigra,Fagaceae,Quercus,species,TRUE,TRUE,TRUE,multiple_accepted_names_same_family
quercus glauca,4,4,4,4,1,Quercus glauca,accepted | synonym,wfo-0000229939 | wfo-0000290946 | wfo-0000291202 | wfo-0000291789,Lithocarpus glaber | Quercus glauca | Quercus ilex | Quercus lusitanica,Fagaceae,Lithocarpus | Quercus,species,TRUE,TRUE,TRUE,multiple_accepted_names_same_family
quercus ilex,2,2,2,2,1,Quercus ilex,accepted | synonym,wfo-0000291077 | wfo-0000291202,Quercus helferiana | Quercus ilex,Fagaceae,Quercus,species,TRUE,TRUE,TRUE,multiple_accepted_names_same_family
quercus robur,2,2,2,2,1,Quercus robur,accepted | synonym,wfo-0000292858 | wfo-0000292879,Quercus robur | Quercus robur subsp. brutia,Fagaceae,Quercus,species | subspecies,TRUE,TRUE,TRUE,multiple_accepted_names_same_family
raphanus sativus,2,2,2,2,1,Raphanus sativus | Raphanus sativus subf. silvester,accepted | synonym,wfo-0000402430 | wfo-0001217985,Raphanus raphanistrum subsp. sativus | Raphanus sativus,Brassicaceae,Raphanus,species | subspecies,TRUE,TRUE,TRUE,multiple_accepted_names_same_family
rhododendron leptanthum,2,2,2,2,1,Rhododendron leptanthum,accepted | synonym,wfo-0001229749 | wfo-1000040577,Rhododendron latoucheae | Rhododendron leptanthum,Ericaceae,Rhododendron,species,TRUE,TRUE,TRUE,multiple_accepted_names_same_family
rhododendron ponticum,2,2,2,2,1,Rhododendron ponticum,accepted | synonym,wfo-0000399990 | wfo-0000400178,Rhododendron luteum | Rhododendron ponticum,Ericaceae,Rhododendron,species,TRUE,TRUE,TRUE,multiple_accepted_names_same_family
rhododendron stenophyllum,2,2,2,2,1,Rhododendron stenophyllum,accepted | synonym,wfo-0000400004 | wfo-0000405420,Rhododendron makinoi | Rhododendron stenophyllum,Ericaceae,Rhododendron,species,TRUE,TRUE,TRUE,multiple_accepted_names_same_family
rhus undulata,3,3,2,2,1,Rhus undulata,synonym | unchecked,wfo-0000434846 | wfo-0000434853,Searsia quartiniana | Searsia undulata,Anacardiaceae,Searsia,species,TRUE,TRUE,FALSE,multiple_accepted_names_same_family
rhynchosia densiflora,2,2,2,2,1,Rhynchosia densiflora,accepted | synonym,wfo-0000186167 | wfo-0000203982,Rhynchosia aurea | Rhynchosia densiflora,Fabaceae,Rhynchosia,species,TRUE,TRUE,TRUE,multiple_accepted_names_same_family
rhynchosia volubilis,2,2,2,2,1,Rhynchosia volubilis,accepted | synonym,wfo-0000179472 | wfo-0000192389,Rhynchosia tomentosa var. tomentosa | Rhynchosia volubilis,Fabaceae,Rhynchosia,species | variety,TRUE,TRUE,TRUE,multiple_accepted_names_same_family
ribes alpinum,4,4,3,3,1,Ribes alpinum | Ribes alpinum unranked aureum,accepted | synonym,wfo-0000404909 | wfo-0000405122 | wfo-0001135957,Ribes alpinum | Ribes orientale | Ribes saxatile,Grossulariaceae,Ribes,species,TRUE,TRUE,TRUE,multiple_accepted_names_same_family
ribes nigrum,2,2,2,2,1,Ribes nigrum | Ribes nigrum unranked variegatum,accepted | synonym,wfo-0000405161 | wfo-1200064516,Ribes nigrum | Ribes nigrum var. nigrum,Grossulariaceae,Ribes,species | variety,TRUE,TRUE,TRUE,multiple_accepted_names_same_family
ribes petraeum,2,2,2,2,1,Ribes petraeum,accepted | synonym,wfo-0000405142 | wfo-1200064518,Ribes petraeum | Ribes spicatum subsp. spicatum,Grossulariaceae,Ribes,species | subspecies,TRUE,TRUE,TRUE,multiple_accepted_names_same_family
rosa *,6,6,6,6,1,Rosa × alba | Rosa × andegavensis | Rosa × dumalis | Rosa × dumetorum | Rosa × hibernica | Rosa × paulii,accepted,wfo-0000983589 | wfo-0000987561 | wfo-0001006319 | wfo-0001006361 | wfo-0001013515 | wfo-0001018796,Rosa × alba | Rosa × andegavensis | Rosa × dumalis | Rosa × dumetorum | Rosa × hibernica | Rosa × paulii,Rosaceae,Rosa,species,FALSE,FALSE,TRUE,multiple_accepted_names_same_family
rosa canina,42,42,7,7,1,Rosa canina | Rosa canina prol. dumalis | Rosa canina unranked andegavensis | Rosa canina unranked burboniana | Rosa canina unranked corylicola | Rosa canina unranked dumetorum | Rosa canina unranked emarginata | Rosa canina unranked flexuosa | Rosa canina unranked fusiformis | Rosa canina unranked genuina | Rosa canina unranked glabra | Rosa canina unranked glabrescens | Rosa canina unranked glauciformis | Rosa canina unranked globularis | Rosa canina unranked hirtella | Rosa canina unranked insubrica | Rosa canina unranked macrophylla | Rosa canina unranked major | Rosa canina unranked microphylla | Rosa canina unranked nuda | Rosa canina unranked oreogeton | Rosa canina unranked psilophylla | Rosa canina unranked pyriformis | Rosa canina unranked rubiginosa | Rosa canina unranked rubra | Rosa canina unranked sarmentosa | Rosa canina unranked semiduplex | Rosa canina unranked separabilis | Rosa canina unranked sphaerica | Rosa canina unranked subnitens | Rosa canina unranked subobtusa | Rosa canina unranked trachyphylla | Rosa canina unranked typica | Rosa canina unranked urbica | Rosa canina unranked variegata | Rosa canina unranked villosula | Rosa canina unranked vulgaris,accepted | synonym | unchecked,wfo-0000983589 | wfo-0000989840 | wfo-0000994975 | wfo-0001005999 | wfo-0001006319 | wfo-0001013515 | wfo-0001018851,Rosa × andegavensis | Rosa × dumalis | Rosa × dumetorum | Rosa balsamica | Rosa canina | Rosa corymbifera | Rosa marginata,Rosaceae,Rosa,species,TRUE,TRUE,TRUE,multiple_accepted_names_same_family
rosa davurica,2,2,2,2,1,Rosa davurica,accepted | synonym,wfo-0001001863 | wfo-0001007078,Rosa davurica | Rosa davurica var. alpestris,Rosaceae,Rosa,species | variety,TRUE,TRUE,TRUE,multiple_accepted_names_same_family
rosa gallica,13,13,2,2,1,Rosa gallica | Rosa gallica prol. cordata | Rosa gallica prol. gallorum | Rosa gallica prol. incarnata | Rosa gallica prol. officinalis | Rosa gallica prol. provincialis | Rosa gallica prol. rubra | Rosa gallica unranked agatha | Rosa gallica unranked axmannii | Rosa gallica unranked burboniana | Rosa gallica unranked maheka | Rosa gallica unranked officinalis | Rosa gallica unranked vulgaris,accepted | synonym | unchecked,wfo-0000983164 | wfo-0001018796,Rosa × alba | Rosa gallica,Rosaceae,Rosa,species,TRUE,TRUE,TRUE,multiple_accepted_names_same_family
rosa laevigata,4,4,2,2,1,Rosa laevigata,accepted | synonym | unchecked,wfo-0001006361 | wfo-0001014407,Rosa × hibernica | Rosa laevigata,Rosaceae,Rosa,species,TRUE,TRUE,TRUE,multiple_accepted_names_same_family
rosa roxburghii,3,3,2,2,1,Rosa roxburghii,accepted | synonym | unchecked,wfo-0000983365 | wfo-0001006243,Rosa hirtula | Rosa roxburghii,Rosaceae,Rosa,species,TRUE,TRUE,TRUE,multiple_accepted_names_same_family
rosa rugosa,6,6,2,2,1,Rosa rugosa | Rosa rugosa unranked alba | Rosa rugosa unranked calocarpa | Rosa rugosa unranked repens-alba | Rosa rugosa unranked repens-rosea,accepted | synonym | unchecked,wfo-0000987561 | wfo-0001017421,Rosa × paulii | Rosa rugosa,Rosaceae,Rosa,species,TRUE,TRUE,TRUE,multiple_accepted_names_same_family
rubus,2,2,2,2,1,Rubus | Rubus non-spinosus,accepted | synonym,wfo-0000985000 | wfo-4000033581,Rubus | Rubus ulmifolius,Rosaceae,Rubus,genus | species,TRUE,TRUE,TRUE,multiple_accepted_names_same_family
rubus idaeus,15,15,2,2,1,Rubus idaeus | Rubus idaeus unranked aculeatus | Rubus idaeus unranked chrysocarpus | Rubus idaeus unranked erythrocarpa | Rubus idaeus unranked inermis | Rubus idaeus unranked laevigatus | Rubus idaeus unranked leucocarpa | Rubus idaeus unranked ruber | Rubus idaeus unranked silvestris | Rubus idaeus unranked spinulosus,accepted | synonym | unchecked,wfo-0001000827 | wfo-0001006864,Rubus idaeus | Rubus idaeus subsp. idaeus,Rosaceae,Rubus,species | subspecies,TRUE,TRUE,TRUE,multiple_accepted_names_same_family
rubus laciniatus,2,2,2,2,1,Rubus laciniatus,synonym,wfo-0000985000 | wfo-0001012948,Rubus nemoralis | Rubus ulmifolius,Rosaceae,Rubus,species,TRUE,TRUE,FALSE,multiple_accepted_names_same_family
rubus parviflorus,6,6,3,3,1,Rubus parviflorus,accepted | synonym | unchecked,wfo-0001016292 | wfo-0001017757 | wfo-0001271862,Rubus creticus | Rubus parviflorus | Rubus parvifolius,Rosaceae,Rubus,species,TRUE,TRUE,TRUE,multiple_accepted_names_same_family
salvia mexicana,4,4,3,3,1,Salvia mexicana,accepted | synonym | unchecked,wfo-0000300369 | wfo-0000300870 | wfo-0000301583,Salvia azurea | Salvia discolor | Salvia mexicana,Lamiaceae,Salvia,species,TRUE,TRUE,TRUE,multiple_accepted_names_same_family
salvia officinalis,4,4,3,3,1,Salvia officinalis | Salvia officinalis prol. lavandulifolia | Salvia officinalis unranked tricolor | Salvia officinalis unranked variegata,accepted | synonym,wfo-0000301765 | wfo-0000301779 | wfo-0000838966,Salvia officinalis | Salvia officinalis subsp. lavandulifolia | Salvia officinalis subsp. officinalis,Lamiaceae,Salvia,species | subspecies,TRUE,TRUE,TRUE,multiple_accepted_names_same_family
sarothamnus patens,4,4,2,2,1,Sarothamnus patens | Sarothamnus patens prol. procerum | Sarothamnus patens prol. procerus,synonym,wfo-0000213301 | wfo-0001445562,Cytisus striatus | Cytisus striatus subsp. striatus,Fabaceae,Cytisus,species | subspecies,TRUE,TRUE,FALSE,multiple_accepted_names_same_family
sarracenia purpurea,2,2,2,2,1,Sarracenia purpurea | Sarracenia purpurea unranked rubra,accepted | synonym,wfo-0000493544 | wfo-0001135360,Sarracenia purpurea | Sarracenia purpurea f. purpurea,Sarraceniaceae,Sarracenia,form | species,TRUE,TRUE,TRUE,multiple_accepted_names_same_family
saxifraga cuneifolia,2,2,2,2,1,Saxifraga cuneifolia,accepted | synonym,wfo-0000494447 | wfo-0000494450,Saxifraga cuneata | Saxifraga cuneifolia,Saxifragaceae,Saxifraga,species,TRUE,TRUE,TRUE,multiple_accepted_names_same_family
schoenus falcatus,2,2,2,2,1,Schoenus falcatus,accepted | synonym,wfo-0000463785 | wfo-0000530412,Machaerina acuta | Schoenus falcatus,Cyperaceae,Machaerina | Schoenus,species,TRUE,TRUE,TRUE,multiple_accepted_names_same_family
scutellaria indica,2,2,2,2,1,Scutellaria indica,accepted | synonym,wfo-0000307936 | wfo-0000308605,Scutellaria indica | Scutellaria violacea var. violacea,Lamiaceae,Scutellaria,species | variety,TRUE,TRUE,TRUE,multiple_accepted_names_same_family
sedum rupestre,2,2,2,2,1,Sedum rupestre,synonym,wfo-0000396537 | wfo-0000438109,Petrosedum rupestre | Sedum annuum,Crassulaceae,Petrosedum | Sedum,species,TRUE,TRUE,FALSE,multiple_accepted_names_same_family
smilax china,3,3,3,3,1,Smilax china,accepted | synonym,wfo-0000740545 | wfo-0000742011 | wfo-0000742594,Smilax china | Smilax fluminensis | Smilax walteri,Smilacaceae,Smilax,species,TRUE,TRUE,TRUE,multiple_accepted_names_same_family
smilax excelsa,2,2,2,2,1,Smilax excelsa,accepted | synonym,wfo-0000740704 | wfo-0000742607,Smilax aspera | Smilax excelsa,Smilacaceae,Smilax,species,TRUE,TRUE,TRUE,multiple_accepted_names_same_family
smilax perfoliata,2,2,2,2,1,Smilax perfoliata,accepted | synonym,wfo-0000740748 | wfo-0000741873,Smilax blumei | Smilax perfoliata,Smilacaceae,Smilax,species,TRUE,TRUE,TRUE,multiple_accepted_names_same_family
solanum melongena,2,2,2,2,1,Solanum melongena,accepted | synonym,wfo-0001029464 | wfo-4000035688,Solanum | Solanum melongena,Solanaceae,Solanum,genus | species,TRUE,TRUE,TRUE,multiple_accepted_names_same_family
sophora microphylla,2,2,2,2,1,Sophora microphylla,accepted | synonym,wfo-0000174272 | wfo-0000178495,Balsamocarpon brevifolium | Sophora microphylla,Fabaceae,Balsamocarpon | Sophora,species,TRUE,TRUE,TRUE,multiple_accepted_names_same_family
sophora mollis,2,2,2,2,1,Sophora mollis,accepted | synonym,wfo-0000185553 | wfo-0001448821,Sophora mollis | Sophora velutina subsp. velutina,Fabaceae,Sophora,species | subspecies,TRUE,TRUE,TRUE,multiple_accepted_names_same_family
sorghum bicolor,2,2,2,2,1,Sorghum bicolor,accepted | synonym,wfo-0000875228 | wfo-0000900184,Hyparrhenia dichroa | Sorghum bicolor,Poaceae,Hyparrhenia | Sorghum,species,TRUE,TRUE,TRUE,multiple_accepted_names_same_family
spiraea hypericifolia,12,12,3,3,1,Spiraea hypericifolia | Spiraea hypericifolia prol. obovata | Spiraea hypericifolia prol. typica,accepted | synonym | unchecked,wfo-0000984416 | wfo-0000985818 | wfo-0001007659,Spiraea hypericifolia | Spiraea hypericifolia subsp. hypericifolia | Spiraea hypericifolia subsp. obovata,Rosaceae,Spiraea,species | subspecies,TRUE,TRUE,TRUE,multiple_accepted_names_same_family
stellaria dichotoma,2,2,2,2,1,Stellaria dichotoma | Stellaria dichotoma unranked lanceolata,accepted | synonym,wfo-0000436256 | wfo-1200111815,Mesostemma dichotomum var. lanceolatum | Stellaria dichotoma,Caryophyllaceae,Mesostemma | Stellaria,species | variety,TRUE,TRUE,TRUE,multiple_accepted_names_same_family
symplocos uniflora,2,2,2,2,1,Symplocos uniflora,accepted | synonym,wfo-0000491265 | wfo-0001141557,Symplocos anamallayana | Symplocos uniflora,Symplocaceae,Symplocos,species,TRUE,TRUE,TRUE,multiple_accepted_names_same_family
tephrosia angustissima,3,3,2,2,1,Tephrosia angustissima,accepted | synonym | unchecked,wfo-0000203095 | wfo-0001049779,Tephrosia angustissima | Tephrosia lurida,Fabaceae,Tephrosia,species,TRUE,TRUE,TRUE,multiple_accepted_names_same_family
tephrosia apollinea,3,3,2,2,1,Tephrosia apollinea,synonym | unchecked,wfo-0001061581 | wfo-0001366468,Tephrosia purpurea subsp. apollinea | Tephrosia uniflora subsp. uniflora,Fabaceae,Tephrosia,subspecies,TRUE,TRUE,FALSE,multiple_accepted_names_same_family
tephrosia elongata,2,2,2,2,1,Tephrosia elongata,accepted | synonym,wfo-0000185884 | wfo-0000202252,Tephrosia bracteolata var. bracteolata | Tephrosia elongata,Fabaceae,Tephrosia,species | variety,TRUE,TRUE,TRUE,multiple_accepted_names_same_family
tephrosia procumbens,3,3,2,2,1,Tephrosia procumbens,synonym,wfo-0000164219 | wfo-0000203766,Tephrosia cinerea | Tephrosia pumila,Fabaceae,Tephrosia,species,TRUE,TRUE,FALSE,multiple_accepted_names_same_family
tephrosia tinctoria,2,2,2,2,1,Tephrosia tinctoria,accepted | synonym,wfo-0000185864 | wfo-0000203871,Tephrosia purpurea subsp. purpurea | Tephrosia tinctoria,Fabaceae,Tephrosia,species | subspecies,TRUE,TRUE,TRUE,multiple_accepted_names_same_family
tephrosia villosa,2,2,2,2,1,Tephrosia villosa,accepted | synonym,wfo-0000186993 | wfo-0000204506,Tephrosia luzoniensis | Tephrosia villosa,Fabaceae,Tephrosia,species,TRUE,TRUE,TRUE,multiple_accepted_names_same_family
tephrosia woodii,2,2,2,2,1,Tephrosia woodii,synonym,wfo-0001273986 | wfo-0001421339,Tephrosia capensis var. angustifolia | Tephrosia carrollii,Fabaceae,Tephrosia,species | variety,TRUE,TRUE,FALSE,multiple_accepted_names_same_family
terminalia alata,3,3,2,2,1,Terminalia alata,synonym | unchecked,wfo-0000408759 | wfo-0000408820,Terminalia elliptica | Terminalia paniculata,Combretaceae,Terminalia,species,TRUE,TRUE,FALSE,multiple_accepted_names_same_family
teucrium chamaedrys,2,2,2,2,1,Teucrium chamaedrys | Teucrium chamaedrys prol. albarracinii,accepted | synonym,wfo-0000321975 | wfo-0000321976,Teucrium chamaedrys | Teucrium chamaedrys subsp. albarracinii,Lamiaceae,Teucrium,species | subspecies,TRUE,TRUE,TRUE,multiple_accepted_names_same_family
teucrium tomentosum,4,4,4,4,1,Teucrium tomentosum,synonym,wfo-0000322139 | wfo-0000322488 | wfo-0000322735 | wfo-0001346987,Teucrium fruticans | Teucrium heynei | Teucrium polium subsp. polium | Teucrium wightii,Lamiaceae,Teucrium,species | subspecies,TRUE,TRUE,FALSE,multiple_accepted_names_same_family
thermopsis fabacea,2,2,2,2,1,Thermopsis fabacea,synonym,wfo-0000194920 | wfo-0000213939,Thermopsis californica var. californica | Thermopsis lanceolata,Fabaceae,Thermopsis,species | variety,TRUE,TRUE,FALSE,multiple_accepted_names_same_family
thymus piperella,3,3,3,3,1,Thymus piperella,accepted | synonym,wfo-0000243210 | wfo-0000243354 | wfo-0000324542,Micromeria croatica | Micromeria marginata | Thymus piperella,Lamiaceae,Micromeria | Thymus,species,TRUE,TRUE,TRUE,multiple_accepted_names_same_family
thymus vulgaris,2,2,2,2,1,Thymus vulgaris | Thymus vulgaris unranked variegatus,accepted | synonym,wfo-0000324951 | wfo-0000324955,Thymus vulgaris | Thymus vulgaris subsp. vulgaris,Lamiaceae,Thymus,species | subspecies,TRUE,TRUE,TRUE,multiple_accepted_names_same_family
tillandsia recurvata,2,2,2,2,1,Tillandsia recurvata,accepted | synonym,wfo-0000583812 | wfo-0000604493,Tillandsia recurvata | Vriesea recurvata,Bromeliaceae,Tillandsia | Vriesea,species,TRUE,TRUE,TRUE,multiple_accepted_names_same_family
trifolium alexandrinum,3,3,2,2,1,Trifolium alexandrinum,accepted | synonym | unchecked,wfo-0000212963 | wfo-0000212987,Trifolium alexandrinum | Trifolium constantinopolitanum,Fabaceae,Trifolium,species,TRUE,TRUE,TRUE,multiple_accepted_names_same_family
trifolium alpestre,3,3,2,2,1,Trifolium alpestre | Trifolium alpestre subf. monostachyum,accepted | synonym,wfo-0000213941 | wfo-0000213979,Trifolium alpestre | Trifolium medium,Fabaceae,Trifolium,species,TRUE,TRUE,TRUE,multiple_accepted_names_same_family
trifolium alpinum,3,3,3,3,1,Trifolium alpinum,accepted | synonym,wfo-0000213941 | wfo-0000213942 | wfo-0001055180,Trifolium alpestre | Trifolium alpinum | Trifolium eximium,Fabaceae,Trifolium,species,TRUE,TRUE,TRUE,multiple_accepted_names_same_family
trifolium angulatum,2,2,2,2,1,Trifolium angulatum,accepted | synonym,wfo-0000213101 | wfo-0000213944,Trifolium angulatum | Trifolium thalii,Fabaceae,Trifolium,species,TRUE,TRUE,TRUE,multiple_accepted_names_same_family
trifolium angustifolium,3,3,2,2,1,Trifolium angustifolium | Trifolium angustifolium subf. nanum,accepted | synonym,wfo-0000212964 | wfo-0000213977,Trifolium angustifolium | Trifolium lupinaster,Fabaceae,Trifolium,species,TRUE,TRUE,TRUE,multiple_accepted_names_same_family
trifolium arvense,6,6,2,2,1,Trifolium arvense | Trifolium arvense prol. agrestinum | Trifolium arvense prol. brittingeri | Trifolium arvense prol. gracile | Trifolium arvense prol. longisetosum,accepted | synonym,wfo-0000174309 | wfo-0000212967,Trifolium arvense | Trifolium carolinianum,Fabaceae,Trifolium,species,TRUE,TRUE,TRUE,multiple_accepted_names_same_family
trifolium aureum,3,3,3,3,1,Trifolium aureum,accepted | synonym,wfo-0000213044 | wfo-0000213947 | wfo-0001425806,Trifolium aureum | Trifolium badium subsp. badium | Trifolium patens,Fabaceae,Trifolium,species | subspecies,TRUE,TRUE,TRUE,multiple_accepted_names_same_family
trifolium campestre,2,2,2,2,1,Trifolium campestre,accepted | synonym,wfo-0000212979 | wfo-0000213947,Trifolium aureum | Trifolium campestre,Fabaceae,Trifolium,species,TRUE,TRUE,TRUE,multiple_accepted_names_same_family
trifolium canescens,2,2,2,2,1,Trifolium canescens,accepted | synonym,wfo-0000186249 | wfo-0000213956,Trifolium canescens | Trifolium trichocephalum,Fabaceae,Trifolium,species,TRUE,TRUE,TRUE,multiple_accepted_names_same_family
trifolium clypeatum,2,2,2,2,1,Trifolium clypeatum,accepted | synonym,wfo-0000213082 | wfo-0000213960,Trifolium clypeatum | Trifolium squamosum,Fabaceae,Trifolium,species,TRUE,TRUE,TRUE,multiple_accepted_names_same_family
trifolium congestum,2,2,2,2,1,Trifolium congestum,accepted | synonym,wfo-0000212986 | wfo-0001426056,Trifolium congestum | Trifolium fragiferum var. fragiferum,Fabaceae,Trifolium,species | variety,TRUE,TRUE,TRUE,multiple_accepted_names_same_family
trifolium diffusum,2,2,2,2,1,Trifolium diffusum,accepted | synonym,wfo-0000213963 | wfo-1000058750,Leobordea capensis | Trifolium diffusum,Fabaceae,Leobordea | Trifolium,species,TRUE,TRUE,TRUE,multiple_accepted_names_same_family
trifolium globosum,2,2,2,2,1,Trifolium globosum,accepted | synonym,wfo-0000213967 | wfo-0000213995,Trifolium globosum | Trifolium pauciflorum,Fabaceae,Trifolium,species,TRUE,TRUE,TRUE,multiple_accepted_names_same_family
trifolium incarnatum,3,3,2,2,1,Trifolium incarnatum | Trifolium incarnatum prol. molinerii,accepted | synonym,wfo-0000213010 | wfo-0000213941,Trifolium alpestre | Trifolium incarnatum,Fabaceae,Trifolium,species,TRUE,TRUE,TRUE,multiple_accepted_names_same_family
trifolium lupinaster,2,2,2,2,1,Trifolium lupinaster,accepted | synonym,wfo-0000209346 | wfo-0000213977,Lotus dorycnium | Trifolium lupinaster,Fabaceae,Lotus | Trifolium,species,TRUE,TRUE,TRUE,multiple_accepted_names_same_family
trifolium montanum,3,3,3,3,1,Trifolium montanum | Trifolium montanum prol. endressii,accepted | synonym,wfo-0000185253 | wfo-0000185255 | wfo-0000213031,Trifolium montanum | Trifolium montanum subsp. montanum | Trifolium montanum var. gayanum,Fabaceae,Trifolium,species | subspecies | variety,TRUE,TRUE,TRUE,multiple_accepted_names_same_family
trifolium ochroleucon,3,3,3,3,1,Trifolium ochroleucon | Trifolium ochroleucon prol. pallidulum | Trifolium ochroleucon prol. roseum,accepted | synonym,wfo-0000193857 | wfo-0000213988 | wfo-0001425809,Trifolium ochroleucon | Trifolium ochroleucon subsp. ochroleucon | Trifolium ochroleucon subsp. roseum,Fabaceae,Trifolium,species | subspecies,TRUE,TRUE,TRUE,multiple_accepted_names_same_family
trifolium pallidum,2,2,2,2,1,Trifolium pallidum,accepted | synonym,wfo-0000213043 | wfo-0000213996,Trifolium pallidum | Trifolium pignantii,Fabaceae,Trifolium,species,TRUE,TRUE,TRUE,multiple_accepted_names_same_family
trifolium pauciflorum,5,5,3,3,1,Trifolium pauciflorum,accepted | synonym,wfo-0000174327 | wfo-0000183568 | wfo-0000213995,Trifolium oliganthum | Trifolium pauciflorum | Trifolium variegatum var. variegatum,Fabaceae,Trifolium,species | variety,TRUE,TRUE,TRUE,multiple_accepted_names_same_family
trifolium polyphyllum,3,3,2,2,1,Trifolium polyphyllum,accepted | synonym | unchecked,wfo-0000185272 | wfo-0001055208,Trifolium polyphyllum | Trifolium willdenovii,Fabaceae,Trifolium,species,TRUE,TRUE,TRUE,multiple_accepted_names_same_family
trifolium pratense,8,8,2,2,1,Trifolium pratense | Trifolium pratense prol. borderei | Trifolium pratense prol. borderi | Trifolium pratense prol. brachyanthum | Trifolium pratense prol. bracteatum | Trifolium pratense prol. nivale | Trifolium pratense prol. sativum | Trifolium pratense unranked sativum,accepted | synonym,wfo-0000213053 | wfo-0001316393,Trifolium pratense | Trifolium pratense subsp. pratense,Fabaceae,Trifolium,species | subspecies,TRUE,TRUE,TRUE,multiple_accepted_names_same_family
trifolium purpureum,2,2,2,2,1,Trifolium purpureum,accepted | synonym,wfo-0000213055 | wfo-0001316393,Trifolium pratense subsp. pratense | Trifolium purpureum,Fabaceae,Trifolium,species | subspecies,TRUE,TRUE,TRUE,multiple_accepted_names_same_family
trifolium repens,2,2,2,2,1,Trifolium repens | Trifolium repens prol. biasolettii,accepted | synonym,wfo-0000213062 | wfo-0000214203,Trifolium repens | Trifolium repens subsp. prostratum,Fabaceae,Trifolium,species | subspecies,TRUE,TRUE,TRUE,multiple_accepted_names_same_family
trifolium resupinatum,3,3,3,3,1,Trifolium resupinatum | Trifolium resupinatum prol. clusii | Trifolium resupinatum prol. suaveolens,accepted | synonym,wfo-0000212985 | wfo-0000213063 | wfo-1200001164,Trifolium clusii | Trifolium resupinatum | Trifolium resupinatum var. majus,Fabaceae,Trifolium,species | variety,TRUE,TRUE,TRUE,multiple_accepted_names_same_family
trifolium rubens,2,2,2,2,1,Trifolium rubens,accepted | synonym,wfo-0000213941 | wfo-0000214000,Trifolium alpestre | Trifolium rubens,Fabaceae,Trifolium,species,TRUE,TRUE,TRUE,multiple_accepted_names_same_family
trigonella corniculata,3,3,2,2,1,Trigonella corniculata | Trigonella corniculata prol. elatior,synonym | unchecked,wfo-0000212940 | wfo-0000214018,Trigonella balansae | Trigonella esculenta,Fabaceae,Trigonella,species,TRUE,TRUE,FALSE,multiple_accepted_names_same_family
trigonella foenum-graecum,2,2,2,2,1,Trigonella foenum-graecum | Trigonella foenum-graecum unranked gladiata,accepted | synonym,wfo-0000212944 | wfo-0000212945,Trigonella foenum-graecum | Trigonella gladiata,Fabaceae,Trigonella,species,TRUE,TRUE,TRUE,multiple_accepted_names_same_family
triticum aestivum,2,2,2,2,1,Triticum aestivum | Triticum aestivum prol. compactum,accepted | synonym,wfo-0000905667 | wfo-0001096302,Triticum aestivum | Triticum aestivum subsp. compactum,Poaceae,Triticum,species | subspecies,TRUE,TRUE,TRUE,multiple_accepted_names_same_family
ulex europaeus,6,6,4,4,1,Ulex europaeus | Ulex europaeus prol. gallii | Ulex europaeus prol. lagrezii | Ulex europaeus prol. nanus | Ulex europaeus prol. richteri,accepted | synonym,wfo-0000213410 | wfo-0000214035 | wfo-0000214037 | wfo-1200096336,Ulex europaeus | Ulex gallii | Ulex gallii subsp. gallii | Ulex minor,Fabaceae,Ulex,species | subspecies,TRUE,TRUE,TRUE,multiple_accepted_names_same_family
ulex parviflorus,2,2,2,2,1,Ulex parviflorus | Ulex parviflorus prol. welwitschianus,accepted | synonym,wfo-0000213411 | wfo-0001366858,Ulex australis subsp. welwitschianus | Ulex parviflorus,Fabaceae,Ulex,species | subspecies,TRUE,TRUE,TRUE,multiple_accepted_names_same_family
uraria picta,3,3,2,2,1,Uraria picta,accepted | synonym | unchecked,wfo-0000178000 | wfo-0000192244,Uraria crinita | Uraria picta,Fabaceae,Uraria,species,TRUE,TRUE,TRUE,multiple_accepted_names_same_family
uvaria ferruginea,2,2,2,2,1,Uvaria ferruginea,accepted | synonym,wfo-0001065746 | wfo-1000041775,Uvaria ferruginea | Xylopia cuspidata,Annonaceae,Uvaria | Xylopia,species,TRUE,TRUE,TRUE,multiple_accepted_names_same_family
uvaria grandiflora,2,2,2,2,1,Uvaria grandiflora,accepted | synonym,wfo-0000416394 | wfo-0001066584,Uvaria grandiflora | Uvaria hamiltonii,Annonaceae,Uvaria,species,TRUE,TRUE,TRUE,multiple_accepted_names_same_family
uvaria rufa,2,2,2,2,1,Uvaria rufa,accepted | synonym,wfo-0000393937 | wfo-0001066290,Pyramidanthe prismatica | Uvaria rufa,Annonaceae,Pyramidanthe | Uvaria,species,TRUE,TRUE,TRUE,multiple_accepted_names_same_family
vaccinium angustifolium,2,2,2,2,1,Vaccinium angustifolium,accepted | synonym,wfo-0000422502 | wfo-0000422967,Vaccinium angustifolium | Vaccinium stenophyllum,Ericaceae,Vaccinium,species,TRUE,TRUE,TRUE,multiple_accepted_names_same_family
vaccinium padifolium,2,2,2,2,1,Vaccinium padifolium,accepted | synonym,wfo-0000421931 | wfo-0000423051,Vaccinium cylindraceum | Vaccinium padifolium,Ericaceae,Vaccinium,species,TRUE,TRUE,TRUE,multiple_accepted_names_same_family
vaccinium uliginosum,2,2,2,2,1,Vaccinium uliginosum | Vaccinium uliginosum unranked microphyllum,accepted | synonym,wfo-0000422453 | wfo-0001046872,Vaccinium uliginosum | Vaccinium uliginosum subsp. uliginosum,Ericaceae,Vaccinium,species | subspecies,TRUE,TRUE,TRUE,multiple_accepted_names_same_family
verbascum phlomoides,3,3,2,2,1,Verbascum phlomoides | Verbascum phlomoides prol. macranthum | Verbascum phlomoides prol. nemorosum,accepted | synonym,wfo-0000418920 | wfo-0000419193,Verbascum phlomoides | Verbascum simplex,Scrophulariaceae,Verbascum,species,TRUE,TRUE,TRUE,multiple_accepted_names_same_family
vernonia angustifolia,2,2,2,2,1,Vernonia angustifolia,accepted | synonym,wfo-0000134016 | wfo-0000136997,Vernonanthura nudiflora | Vernonia angustifolia,Asteraceae,Vernonanthura | Vernonia,species,TRUE,TRUE,TRUE,multiple_accepted_names_same_family
vismia micrantha,2,2,2,2,1,Vismia micrantha,accepted | synonym,wfo-0001251910 | wfo-0001295804,Vismia micrantha | Vismia parviflora,Hypericaceae,Vismia,species,TRUE,TRUE,TRUE,multiple_accepted_names_same_family
vitis cinerea,2,2,2,2,1,Vitis cinerea,accepted | synonym,wfo-0001145269 | wfo-0001145740,Vitis cinerea | Vitis flexuosa var. flexuosa,Vitaceae,Vitis,species | variety,TRUE,TRUE,TRUE,multiple_accepted_names_same_family
wedelia asperrima,2,2,2,2,1,Wedelia asperrima,accepted | synonym,wfo-0000074325 | wfo-0000132007,Aspilia attenuata | Wedelia asperrima,Asteraceae,Aspilia | Wedelia,species,TRUE,TRUE,TRUE,multiple_accepted_names_same_family
wikstroemia canescens,2,2,2,2,1,Wikstroemia canescens,accepted | synonym,wfo-0001142389 | wfo-0001142517,Stellera chamaejasme | Wikstroemia canescens,Thymelaeaceae,Stellera | Wikstroemia,species,TRUE,TRUE,TRUE,multiple_accepted_names_same_family
zanthoxylum caribaeum,2,2,2,2,1,Zanthoxylum caribaeum,accepted | synonym,wfo-0000429511 | wfo-0001132898,Zanthoxylum americanum | Zanthoxylum caribaeum,Rutaceae,Zanthoxylum,species,TRUE,TRUE,TRUE,multiple_accepted_names_same_family
zanthoxylum nitidum,4,4,4,4,1,Zanthoxylum nitidum,accepted | synonym,wfo-0000429249 | wfo-0000429522 | wfo-0001132752 | wfo-1000008156,Zanthoxylum asiaticum | Zanthoxylum bungeanum | Zanthoxylum nitidum | Zanthoxylum tingoassuiba,Rutaceae,Zanthoxylum,species,TRUE,TRUE,TRUE,multiple_accepted_names_same_family
zanthoxylum piperitum,3,3,3,3,1,Zanthoxylum piperitum,accepted | synonym,wfo-0000429522 | wfo-0000430342 | wfo-0001428991,Zanthoxylum beecheyanum | Zanthoxylum bungeanum | Zanthoxylum piperitum,Rutaceae,Zanthoxylum,species,TRUE,TRUE,TRUE,multiple_accepted_names_same_family
ziziphus spina-christi,3,3,2,2,1,Ziziphus spina-christi,accepted | synonym | unchecked,wfo-0000471780 | wfo-0001131308,Paliurus spina-christi | Ziziphus spina-christi,Rhamnaceae,Paliurus | Ziziphus,species,TRUE,TRUE,TRUE,multiple_accepted_names_same_family
acer glabrum,2,2,2,1,1,Acer glabrum,accepted,wfo-0000514267 | wfo-0001078668,Acer glabrum,Sapindaceae,Acer,species,TRUE,TRUE,TRUE,multiple_ids_same_taxonomy
adenocarpus complicatus,2,2,2,1,1,Adenocarpus complicatus,accepted,wfo-0000204387 | wfo-0001033772,Adenocarpus complicatus,Fabaceae,Adenocarpus,species,TRUE,TRUE,TRUE,multiple_ids_same_taxonomy
asplenium viride,3,3,2,1,1,Asplenium viride,accepted | synonym,wfo-0000161624 | wfo-0001109866,Asplenium viride,Aspleniaceae,Asplenium,species,TRUE,TRUE,TRUE,multiple_ids_same_taxonomy
baptisia tinctoria,2,2,2,1,1,Baptisia tinctoria,accepted,wfo-0000179156 | wfo-0001417157,Baptisia tinctoria,Fabaceae,Baptisia,species,TRUE,TRUE,TRUE,multiple_ids_same_taxonomy
cajanus cajan,2,2,2,1,1,Cajanus cajan,accepted,wfo-0000179103 | wfo-0000203743,Cajanus cajan,Fabaceae,Cajanus,species,TRUE,TRUE,TRUE,multiple_ids_same_taxonomy
calophyllum polyanthum,2,2,2,1,1,Calophyllum polyanthum,accepted,wfo-0000581286 | wfo-0001296210,Calophyllum polyanthum,Calophyllaceae,Calophyllum,species,TRUE,TRUE,TRUE,multiple_ids_same_taxonomy
campylospermum sulcatum,2,2,2,1,1,Campylospermum sulcatum,accepted,wfo-0000583297 | wfo-0001087151,Campylospermum sulcatum,Ochnaceae,Campylospermum,species,TRUE,TRUE,TRUE,multiple_ids_same_taxonomy
dalbergia sissoides,2,2,2,1,1,Dalbergia sissoides,accepted,wfo-0000194811 | wfo-0001053386,Dalbergia sissoides,Fabaceae,Dalbergia,species,TRUE,TRUE,TRUE,multiple_ids_same_taxonomy
erythrina abyssinica,2,2,2,1,1,Erythrina abyssinica,accepted,wfo-0000180423 | wfo-0001054737,Erythrina abyssinica,Fabaceae,Erythrina,species,TRUE,TRUE,TRUE,multiple_ids_same_taxonomy
flourensia retinophylla,2,2,2,1,1,Flourensia retinophylla,accepted,wfo-0000096733 | wfo-0000123776,Flourensia retinophylla,Asteraceae,Flourensia,species,TRUE,TRUE,TRUE,multiple_ids_same_taxonomy
gentiana pedicellata,2,2,2,1,1,Gentiana pedicellata,accepted,wfo-0000698214 | wfo-0001063443,Gentiana pedicellata,Gentianaceae,Gentiana,species,TRUE,TRUE,TRUE,multiple_ids_same_taxonomy
helichrysum cymosum,2,2,2,1,1,Helichrysum cymosum,accepted,wfo-0000089954 | wfo-0001130567,Helichrysum cymosum,Asteraceae,Helichrysum,species,TRUE,TRUE,TRUE,multiple_ids_same_taxonomy
helichrysum maracandicum,2,2,2,1,1,Helichrysum maracandicum,accepted,wfo-0000018877 | wfo-0000073665,Helichrysum maracandicum,Asteraceae,Helichrysum,species,TRUE,TRUE,TRUE,multiple_ids_same_taxonomy
helichrysum stoechas,2,2,2,1,1,Helichrysum stoechas,accepted,wfo-0000000535 | wfo-0000029899,Helichrysum stoechas,Asteraceae,Helichrysum,species,TRUE,TRUE,TRUE,multiple_ids_same_taxonomy
huperzia lucidula,2,2,2,1,1,Huperzia lucidula,accepted,wfo-0001115040 | wfo-0001274877,Huperzia lucidula,Lycopodiaceae,Huperzia,species,TRUE,TRUE,TRUE,multiple_ids_same_taxonomy
hymenoxys integrifolia,2,2,2,1,1,Hymenoxys integrifolia,accepted,wfo-0000114654 | wfo-0000132982,Hymenoxys integrifolia,Asteraceae,Hymenoxys,species,TRUE,TRUE,TRUE,multiple_ids_same_taxonomy
marshallia obovata,2,2,2,1,1,Marshallia obovata,accepted,wfo-0000024351 | wfo-0000092033,Marshallia obovata,Asteraceae,Marshallia,species,TRUE,TRUE,TRUE,multiple_ids_same_taxonomy
millettia extensa,2,2,2,1,1,Millettia extensa,accepted,wfo-0000185910 | wfo-0001055387,Millettia extensa,Fabaceae,Millettia,species,TRUE,TRUE,TRUE,multiple_ids_same_taxonomy
murraya paniculata,2,2,2,1,1,Murraya paniculata,accepted,wfo-0000453279 | wfo-0001253685,Murraya paniculata,Rutaceae,Murraya,species,TRUE,TRUE,TRUE,multiple_ids_same_taxonomy
myracrodruon urundeuva,2,2,2,1,1,Myracrodruon urundeuva,accepted,wfo-0001050974 | wfo-1000080335,Myracrodruon urundeuva,Anacardiaceae,Myracrodruon,species,TRUE,TRUE,TRUE,multiple_ids_same_taxonomy
neoraputia alba,2,2,2,1,1,Neoraputia alba,accepted,wfo-0001276752 | wfo-1000080575,Neoraputia alba,Rutaceae,Neoraputia,species,FALSE,TRUE,TRUE,multiple_ids_same_taxonomy
patrinia rupestris,3,3,2,1,1,Patrinia rupestris,accepted | unchecked,wfo-0001143746 | wfo-0001225089,Patrinia rupestris,Caprifoliaceae,Patrinia,species,TRUE,TRUE,TRUE,multiple_ids_same_taxonomy
patrinia villosa,2,2,2,1,1,Patrinia villosa,accepted,wfo-0001042177 | wfo-0001143747,Patrinia villosa,Caprifoliaceae,Patrinia,species,TRUE,TRUE,TRUE,multiple_ids_same_taxonomy
piptanthus nepalensis,2,2,2,1,1,Piptanthus nepalensis,accepted,wfo-0000186282 | wfo-0001058099,Piptanthus nepalensis,Fabaceae,Piptanthus,species,TRUE,TRUE,TRUE,multiple_ids_same_taxonomy
prinsepia utilis,2,2,2,1,1,Prinsepia utilis,accepted,wfo-0000985975 | wfo-0001013333,Prinsepia utilis,Rosaceae,Prinsepia,species,TRUE,TRUE,TRUE,multiple_ids_same_taxonomy
prunus speciosa,2,2,2,1,1,Prunus speciosa,accepted,wfo-0000995957 | wfo-0000996351,Prunus speciosa,Rosaceae,Prunus,species,TRUE,TRUE,TRUE,multiple_ids_same_taxonomy
purshia mexicana,2,2,2,1,1,Purshia mexicana,accepted,wfo-0000991554 | wfo-0001014247,Purshia mexicana,Rosaceae,Purshia,species,TRUE,TRUE,TRUE,multiple_ids_same_taxonomy
retama raetam,2,2,2,1,1,Retama raetam,accepted,wfo-0000213399 | wfo-0001058118,Retama raetam,Fabaceae,Retama,species,TRUE,TRUE,TRUE,multiple_ids_same_taxonomy
salix cinerea,2,2,2,1,1,Salix cinerea,accepted,wfo-0000929149 | wfo-0000930920,Salix cinerea,Salicaceae,Salix,species,TRUE,TRUE,TRUE,multiple_ids_same_taxonomy
saraca asoca,2,2,2,1,1,Saraca asoca,accepted,wfo-0000193380 | wfo-0001060024,Saraca asoca,Fabaceae,Saraca,species,TRUE,TRUE,TRUE,multiple_ids_same_taxonomy
schoenus calostachyus,2,2,2,1,1,Schoenus calostachyus,accepted,wfo-0000529555 | wfo-0001263008,Schoenus calostachyus,Cyperaceae,Schoenus,species,TRUE,TRUE,TRUE,multiple_ids_same_taxonomy
sophora davidii,2,2,2,1,1,Sophora davidii,accepted,wfo-0000212090 | wfo-0001056381,Sophora davidii,Fabaceae,Sophora,species,TRUE,TRUE,TRUE,multiple_ids_same_taxonomy
sophora moorcroftiana,2,2,2,1,1,Sophora moorcroftiana,accepted,wfo-0000185589 | wfo-0001060855,Sophora moorcroftiana,Fabaceae,Sophora,species,TRUE,TRUE,TRUE,multiple_ids_same_taxonomy
stelechocarpus cauliflorus,2,2,2,1,1,Stelechocarpus cauliflorus,accepted,wfo-0000435196 | wfo-1200027757,Stelechocarpus cauliflorus,Annonaceae,Stelechocarpus,species,TRUE,TRUE,TRUE,multiple_ids_same_taxonomy
thermopsis montana,2,2,2,1,1,Thermopsis montana,accepted,wfo-0000194928 | wfo-0001050100,Thermopsis montana,Fabaceae,Thermopsis,species,TRUE,TRUE,TRUE,multiple_ids_same_taxonomy
urospermum dalechampii,2,2,2,1,1,Urospermum dalechampii,accepted,wfo-0000096788 | wfo-0000136897,Urospermum dalechampii,Asteraceae,Urospermum,species,TRUE,TRUE,TRUE,multiple_ids_same_taxonomy
xanthium strumarium,3,3,2,1,1,Xanthium strumarium,accepted | unchecked,wfo-0000008369 | wfo-0000082132,Xanthium strumarium,Asteraceae,Xanthium,species,TRUE,TRUE,TRUE,multiple_ids_same_taxonomy
zinnia elegans,3,3,2,1,1,Zinnia elegans,accepted | unchecked,wfo-0000058494 | wfo-0000114531,Zinnia elegans,Asteraceae,Zinnia,species,TRUE,TRUE,TRUE,multiple_ids_same_taxonomy
acacia scleroxyla,1,1,0,0,0,Acacia scleroxyla,unchecked,,,,,,TRUE,TRUE,FALSE,no_resolved_accepted_target
aframomum cereum,1,1,0,0,0,Aframomum cereum,unchecked,,,,,,TRUE,TRUE,FALSE,no_resolved_accepted_target
anacheilium kaustkyi,1,1,0,0,0,Anacheilium kaustkyi,unchecked,,,,,,TRUE,TRUE,FALSE,no_resolved_accepted_target
antenoron filiforme,1,1,0,0,0,Antenoron filiforme,unchecked,,,,,,TRUE,TRUE,FALSE,no_resolved_accepted_target
cistus incanus,1,1,0,0,0,Cistus incanus,unchecked,,,,,,TRUE,TRUE,FALSE,no_resolved_accepted_target
citrus jambhiri,1,1,0,0,0,Citrus jambhiri,unchecked,,,,,,TRUE,TRUE,FALSE,no_resolved_accepted_target
citrus junos,2,2,0,0,0,Citrus junos,unchecked,,,,,,TRUE,TRUE,FALSE,no_resolved_accepted_target
citrus taitensis,1,1,0,0,0,Citrus taitensis,unchecked,,,,,,TRUE,TRUE,FALSE,no_resolved_accepted_target
citrus tamurana,1,1,0,0,0,Citrus tamurana,unchecked,,,,,,TRUE,TRUE,FALSE,no_resolved_accepted_target
citrus webberi,1,1,0,0,0,Citrus webberi,unchecked,,,,,,TRUE,TRUE,FALSE,no_resolved_accepted_target
citrus wilsonii,2,2,0,0,0,Citrus wilsonii,unchecked,,,,,,TRUE,TRUE,FALSE,no_resolved_accepted_target
cladrastis sikokiana,1,1,0,0,0,Cladrastis sikokiana,unchecked,,,,,,TRUE,TRUE,FALSE,no_resolved_accepted_target
clerodendrum phlomoides,1,1,0,0,0,Clerodendrum phlomoides,unchecked,,,,,,TRUE,TRUE,FALSE,no_resolved_accepted_target
coreopsis integrifolia,1,1,0,0,0,Coreopsis integrifolia,unchecked,,,,,,TRUE,TRUE,FALSE,no_resolved_accepted_target
coreopsis intermedia,1,1,0,0,0,Coreopsis intermedia,unchecked,,,,,,TRUE,TRUE,FALSE,no_resolved_accepted_target
cullen drupaceum,1,1,0,0,0,Cullen drupaceum,unchecked,,,,,,TRUE,TRUE,FALSE,no_resolved_accepted_target
dendroviguiera eriophora,1,1,0,0,0,Dendroviguiera eriophora,unchecked,,,,,,TRUE,TRUE,FALSE,no_resolved_accepted_target
dendroviguiera insignis,1,1,0,0,0,Dendroviguiera insignis,unchecked,,,,,,TRUE,TRUE,FALSE,no_resolved_accepted_target
dendroviguiera splendens,1,1,0,0,0,Dendroviguiera splendens,unchecked,,,,,,TRUE,TRUE,FALSE,no_resolved_accepted_target
dendroviguiera sylvatica,1,1,0,0,0,Dendroviguiera sylvatica,unchecked,,,,,,TRUE,TRUE,FALSE,no_resolved_accepted_target
dunbaria longiracemosa,1,1,0,0,0,Dunbaria longiracemosa,unchecked,,,,,,TRUE,TRUE,FALSE,no_resolved_accepted_target
electranthera cuneifolia,1,1,0,0,0,Electranthera cuneifolia,unchecked,,,,,,TRUE,TRUE,FALSE,no_resolved_accepted_target
electranthera parvifolia,1,1,0,0,0,Electranthera parvifolia,unchecked,,,,,,TRUE,TRUE,FALSE,no_resolved_accepted_target
erythroxylum gonocladum,1,1,0,0,0,Erythroxylum gonocladum,unchecked,,,,,,TRUE,TRUE,FALSE,no_resolved_accepted_target
fuchsia eucliandra,1,1,0,0,0,Fuchsia eucliandra,unchecked,,,,,,TRUE,TRUE,FALSE,no_resolved_accepted_target
halothamnus somalensis,1,1,0,0,0,Halothamnus somalensis,unchecked,,,,,,TRUE,TRUE,FALSE,no_resolved_accepted_target
heliotropium sclerocarpum,1,1,0,0,0,Heliotropium sclerocarpum,unchecked,,,,,,TRUE,TRUE,FALSE,no_resolved_accepted_target
heteroplexis microcephala,1,1,0,0,0,Heteroplexis microcephala,unchecked,,,,,,TRUE,TRUE,FALSE,no_resolved_accepted_target
homalocladium platycladum,1,1,0,0,0,Homalocladium platycladum,unchecked,,,,,,TRUE,TRUE,FALSE,no_resolved_accepted_target
kali collina,1,1,0,0,0,Kali collina,unchecked,,,,,,TRUE,TRUE,FALSE,no_resolved_accepted_target
laburnum anagyroides,1,1,0,0,0,Laburnum anagyroides,unchecked,,,,,,TRUE,TRUE,FALSE,no_resolved_accepted_target
malus domestica,1,1,0,0,0,Malus domestica,unchecked,,,,,,TRUE,TRUE,FALSE,no_resolved_accepted_target
malus floribunda,2,2,0,0,0,Malus floribunda | Malus floribunda unranked lemoinei,unchecked,,,,,,TRUE,TRUE,FALSE,no_resolved_accepted_target
muehlenbeckia platyclada,1,1,0,0,0,Muehlenbeckia platyclada,unchecked,,,,,,TRUE,TRUE,FALSE,no_resolved_accepted_target
neocheiropteris fortunei,1,1,0,0,0,Neocheiropteris fortunei,unchecked,,,,,,TRUE,TRUE,FALSE,no_resolved_accepted_target
nymphaea marliacea,1,1,0,0,0,Nymphaea marliacea,unchecked,,,,,,TRUE,TRUE,FALSE,no_resolved_accepted_target
origanum majoricum,1,1,0,0,0,Origanum majoricum,unchecked,,,,,,TRUE,TRUE,FALSE,no_resolved_accepted_target
persicaria nodosa,1,1,0,0,0,Persicaria nodosa,unchecked,,,,,,TRUE,TRUE,FALSE,no_resolved_accepted_target
persicaria spectabilis,2,2,0,0,0,Persicaria spectabilis,unchecked,,,,,,TRUE,TRUE,FALSE,no_resolved_accepted_target
pityrogramma calomela,1,1,0,0,0,Pityrogramma calomela,unchecked,,,,,,TRUE,TRUE,FALSE,no_resolved_accepted_target
platanus hispanica,2,2,0,0,0,Platanus hispanica,unchecked,,,,,,TRUE,TRUE,FALSE,no_resolved_accepted_target
platanus hybrida,1,1,0,0,0,Platanus hybrida,unchecked,,,,,,TRUE,TRUE,FALSE,no_resolved_accepted_target
polygala dalmaisiana,1,1,0,0,0,Polygala dalmaisiana,unchecked,,,,,,TRUE,TRUE,FALSE,no_resolved_accepted_target
populus szechuanica,1,1,0,0,0,Populus szechuanica,unchecked,,,,,,TRUE,TRUE,FALSE,no_resolved_accepted_target
populus tristis,3,3,0,0,0,Populus tristis,unchecked,,,,,,TRUE,TRUE,FALSE,no_resolved_accepted_target
rhamnus erythroxyloides,1,1,0,0,0,Rhamnus erythroxyloides,unchecked,,,,,,TRUE,TRUE,FALSE,no_resolved_accepted_target
rheum maximowiczii,1,1,0,0,0,Rheum maximowiczii,unchecked,,,,,,TRUE,TRUE,FALSE,no_resolved_accepted_target
rubus adenotrichus,1,1,0,0,0,Rubus adenotrichus,unchecked,,,,,,TRUE,TRUE,FALSE,no_resolved_accepted_target
scabrethia scabra,1,1,0,0,0,Scabrethia scabra,unchecked,,,,,,TRUE,TRUE,FALSE,no_resolved_accepted_target
spiraea formosa,1,1,0,0,0,Spiraea formosa,unchecked,,,,,,TRUE,TRUE,FALSE,no_resolved_accepted_target
taraxacum officinale,1,1,0,0,0,Taraxacum officinale,unchecked,,,,,,TRUE,TRUE,FALSE,no_resolved_accepted_target
trichogonia salviaefolia,1,1,0,0,0,Trichogonia salviaefolia,unchecked,,,,,,TRUE,TRUE,FALSE,no_resolved_accepted_target
trifolium parnassii,1,1,0,0,0,Trifolium parnassii,unchecked,,,,,,TRUE,TRUE,FALSE,no_resolved_accepted_target
trigastrotheca pentaphylla,1,1,0,0,0,Trigastrotheca pentaphylla,unchecked,,,,,,TRUE,TRUE,FALSE,no_resolved_accepted_target
wyethia glabra,1,1,0,0,0,Wyethia glabra,unchecked,,,,,,TRUE,TRUE,FALSE,no_resolved_accepted_target
xanthoceras sorbifolia,1,1,0,0,0,Xanthoceras sorbifolia,unchecked,,,,,,TRUE,TRUE,FALSE,no_resolved_accepted_target
abies nephrolepis,1,1,1,1,1,Abies nephrolepis,accepted,wfo-0000511289,Abies nephrolepis,Pinaceae,Abies,species,TRUE,TRUE,TRUE,single_accepted_id
abies pindrow,1,1,1,1,1,Abies pindrow,accepted,wfo-0000511353,Abies pindrow,Pinaceae,Abies,species,TRUE,TRUE,TRUE,single_accepted_id
abies sachalinensis,2,2,1,1,1,Abies sachalinensis,accepted | synonym,wfo-0000511384,Abies sachalinensis,Pinaceae,Abies,species,TRUE,TRUE,TRUE,single_accepted_id
abies sibirica,1,1,1,1,1,Abies sibirica,accepted,wfo-0000511396,Abies sibirica,Pinaceae,Abies,species,FALSE,FALSE,TRUE,single_accepted_id
abies spectabilis,2,2,1,1,1,Abies spectabilis,accepted | synonym,wfo-0000511410,Abies spectabilis,Pinaceae,Abies,species,TRUE,TRUE,TRUE,single_accepted_id
abildgaardia macrantha,1,1,1,1,1,Abildgaardia macrantha,accepted,wfo-1000025301,Abildgaardia macrantha,Cyperaceae,Abildgaardia,species,FALSE,FALSE,TRUE,single_accepted_id
abildgaardia pachyptera,1,1,1,1,1,Abildgaardia pachyptera,accepted,wfo-1000025304,Abildgaardia pachyptera,Cyperaceae,Abildgaardia,species,FALSE,FALSE,TRUE,single_accepted_id
abildgaardia schoenoides,1,1,1,1,1,Abildgaardia schoenoides,accepted,wfo-0000336904,Abildgaardia schoenoides,Cyperaceae,Abildgaardia,species,FALSE,FALSE,TRUE,single_accepted_id
abronia latifolia,1,1,1,1,1,Abronia latifolia,accepted,wfo-0000511550,Abronia latifolia,Nyctaginaceae,Abronia,species,TRUE,TRUE,TRUE,single_accepted_id
abronia villosa,1,1,1,1,1,Abronia villosa,accepted,wfo-0000511604,Abronia villosa,Nyctaginaceae,Abronia,species,TRUE,TRUE,TRUE,single_accepted_id
abrus melanospermus subsp. melanospermus,1,1,1,1,1,Abrus melanospermus subsp. melanospermus,accepted,wfo-0001444217,Abrus melanospermus subsp. melanospermus,Fabaceae,Abrus,subspecies,FALSE,FALSE,TRUE,single_accepted_id
abrus precatorius,1,1,1,1,1,Abrus precatorius,accepted,wfo-0000178702,Abrus precatorius,Fabaceae,Abrus,species,TRUE,TRUE,TRUE,single_accepted_id
abrus pulchellus,2,2,1,1,1,Abrus pulchellus,synonym | unchecked,wfo-0001444217,Abrus melanospermus subsp. melanospermus,Fabaceae,Abrus,subspecies,TRUE,TRUE,FALSE,single_accepted_id
abutilon theophrasti,1,1,1,1,1,Abutilon theophrasti,accepted,wfo-0000512325,Abutilon theophrasti,Malvaceae,Abutilon,species,TRUE,TRUE,TRUE,single_accepted_id
acacia,1,1,1,1,1,Acacia,accepted,wfo-4000000074,Acacia,Fabaceae,Acacia,genus,TRUE,TRUE,TRUE,single_accepted_id
acacia acuminata,1,1,1,1,1,Acacia acuminata,accepted,wfo-0000185281,Acacia acuminata,Fabaceae,Acacia,species,TRUE,TRUE,TRUE,single_accepted_id
acacia aneura,1,1,1,1,1,Acacia aneura,accepted,wfo-0001053991,Acacia aneura,Fabaceae,Acacia,species,TRUE,TRUE,TRUE,single_accepted_id
acacia aulacocarpa,1,1,1,1,1,Acacia aulacocarpa,accepted,wfo-0000202547,Acacia aulacocarpa,Fabaceae,Acacia,species,TRUE,TRUE,TRUE,single_accepted_id
acacia auriculiformis,1,1,1,1,1,Acacia auriculiformis,accepted,wfo-0000173754,Acacia auriculiformis,Fabaceae,Acacia,species,TRUE,TRUE,TRUE,single_accepted_id
acacia baileyana,1,1,1,1,1,Acacia baileyana,accepted,wfo-0000189913,Acacia baileyana,Fabaceae,Acacia,species,TRUE,TRUE,TRUE,single_accepted_id
acacia binervia,1,1,1,1,1,Acacia binervia,accepted,wfo-0000190121,Acacia binervia,Fabaceae,Acacia,species,FALSE,FALSE,TRUE,single_accepted_id
acacia burrowii,1,1,1,1,1,Acacia burrowii,accepted,wfo-0000202789,Acacia burrowii,Fabaceae,Acacia,species,TRUE,TRUE,TRUE,single_accepted_id
acacia buxifolia,1,1,1,1,1,Acacia buxifolia,accepted,wfo-0000185292,Acacia buxifolia,Fabaceae,Acacia,species,TRUE,TRUE,TRUE,single_accepted_id
acacia cardiophylla,1,1,1,1,1,Acacia cardiophylla,accepted,wfo-0000185298,Acacia cardiophylla,Fabaceae,Acacia,species,TRUE,TRUE,TRUE,single_accepted_id
acacia carneorum,1,1,1,1,1,Acacia carneorum,accepted,wfo-0000201400,Acacia carneorum,Fabaceae,Acacia,species,TRUE,TRUE,TRUE,single_accepted_id
acacia cheelii,1,1,1,1,1,Acacia cheelii,accepted,wfo-0001055536,Acacia cheelii,Fabaceae,Acacia,species,TRUE,TRUE,TRUE,single_accepted_id
acacia chrysotricha,1,1,1,1,1,Acacia chrysotricha,accepted,wfo-0000185299,Acacia chrysotricha,Fabaceae,Acacia,species,TRUE,TRUE,TRUE,single_accepted_id
acacia clunies-rossiae,1,1,1,1,1,Acacia clunies-rossiae,accepted,wfo-0000186344,Acacia clunies-rossiae,Fabaceae,Acacia,species,TRUE,TRUE,TRUE,single_accepted_id
acacia complanata,1,1,1,1,1,Acacia complanata,accepted,wfo-0000185282,Acacia complanata,Fabaceae,Acacia,species,FALSE,FALSE,TRUE,single_accepted_id
acacia concurrens,1,1,1,1,1,Acacia concurrens,accepted,wfo-0000185341,Acacia concurrens,Fabaceae,Acacia,species,TRUE,TRUE,TRUE,single_accepted_id
acacia confusa,1,1,1,1,1,Acacia confusa,accepted,wfo-0000186120,Acacia confusa,Fabaceae,Acacia,species,TRUE,TRUE,TRUE,single_accepted_id
acacia constablei,1,1,1,1,1,Acacia constablei,accepted,wfo-0000185300,Acacia constablei,Fabaceae,Acacia,species,TRUE,TRUE,TRUE,single_accepted_id
acacia constricta,1,1,1,1,1,Acacia constricta,synonym,wfo-0001277423,Vachellia constricta,Fabaceae,Vachellia,species,TRUE,TRUE,FALSE,single_accepted_id
acacia crombiei,1,1,1,1,1,Acacia crombiei,accepted,wfo-0000186425,Acacia crombiei,Fabaceae,Acacia,species,TRUE,TRUE,TRUE,single_accepted_id
acacia cultriformis,1,1,1,1,1,Acacia cultriformis,accepted,wfo-0000191942,Acacia cultriformis,Fabaceae,Acacia,species,TRUE,TRUE,TRUE,single_accepted_id
acacia cyperophylla,1,1,1,1,1,Acacia cyperophylla,accepted,wfo-0000202875,Acacia cyperophylla,Fabaceae,Acacia,species,TRUE,TRUE,TRUE,single_accepted_id
acacia deanei,1,1,1,1,1,Acacia deanei,accepted,wfo-0000201013,Acacia deanei,Fabaceae,Acacia,species,TRUE,TRUE,TRUE,single_accepted_id
acacia decora,1,1,1,1,1,Acacia decora,accepted,wfo-0000185302,Acacia decora,Fabaceae,Acacia,species,TRUE,TRUE,TRUE,single_accepted_id
acacia decurrens,1,1,1,1,1,Acacia decurrens,accepted,wfo-0000192434,Acacia decurrens,Fabaceae,Acacia,species,TRUE,TRUE,TRUE,single_accepted_id
acacia dentifera,1,1,1,1,1,Acacia dentifera,accepted,wfo-0000192739,Acacia dentifera,Fabaceae,Acacia,species,FALSE,FALSE,TRUE,single_accepted_id
acacia excelsa,1,1,1,1,1,Acacia excelsa,accepted,wfo-0000185283,Acacia excelsa,Fabaceae,Acacia,species,TRUE,TRUE,TRUE,single_accepted_id
acacia falciformis,1,1,1,1,1,Acacia falciformis,accepted,wfo-0000185304,Acacia falciformis,Fabaceae,Acacia,species,TRUE,TRUE,TRUE,single_accepted_id
acacia fasciculifera,1,1,1,1,1,Acacia fasciculifera,accepted,wfo-0000185303,Acacia fasciculifera,Fabaceae,Acacia,species,TRUE,TRUE,TRUE,single_accepted_id
acacia filicifolia,1,1,1,1,1,Acacia filicifolia,accepted,wfo-0000185848,Acacia filicifolia,Fabaceae,Acacia,species,TRUE,TRUE,TRUE,single_accepted_id
acacia fimbriata,1,1,1,1,1,Acacia fimbriata,accepted,wfo-0000195813,Acacia fimbriata,Fabaceae,Acacia,species,TRUE,TRUE,TRUE,single_accepted_id
acacia floribunda,1,1,1,1,1,Acacia floribunda,accepted,wfo-0000192754,Acacia floribunda,Fabaceae,Acacia,species,TRUE,TRUE,TRUE,single_accepted_id
acacia galpinii,1,1,1,1,1,Acacia galpinii,synonym,wfo-0000745786,Senegalia galpinii,Fabaceae,Senegalia,species,TRUE,TRUE,FALSE,single_accepted_id
acacia hamiltoniana,1,1,1,1,1,Acacia hamiltoniana,accepted,wfo-0000201188,Acacia hamiltoniana,Fabaceae,Acacia,species,FALSE,FALSE,TRUE,single_accepted_id
acacia harpophylla,1,1,1,1,1,Acacia harpophylla,accepted,wfo-0000186352,Acacia harpophylla,Fabaceae,Acacia,species,TRUE,TRUE,TRUE,single_accepted_id
acacia holosericea,2,2,1,1,1,Acacia holosericea,accepted | unchecked,wfo-0000186999,Acacia holosericea,Fabaceae,Acacia,species,TRUE,TRUE,TRUE,single_accepted_id
acacia homalophylla,2,2,1,1,1,Acacia homalophylla,synonym,wfo-0000202365,Acacia omalophylla,Fabaceae,Acacia,species,TRUE,TRUE,FALSE,single_accepted_id
acacia implexa,1,1,1,1,1,Acacia implexa,accepted,wfo-0000192743,Acacia implexa,Fabaceae,Acacia,species,TRUE,TRUE,TRUE,single_accepted_id
acacia intertexta,1,1,1,1,1,Acacia intertexta,synonym,wfo-0000185319,Acacia obtusifolia,Fabaceae,Acacia,species,TRUE,TRUE,FALSE,single_accepted_id
acacia irrorata,1,1,1,1,1,Acacia irrorata,accepted,wfo-0000186117,Acacia irrorata,Fabaceae,Acacia,species,TRUE,TRUE,TRUE,single_accepted_id
acacia ixiophylla,1,1,1,1,1,Acacia ixiophylla,accepted,wfo-0000185309,Acacia ixiophylla,Fabaceae,Acacia,species,TRUE,TRUE,TRUE,single_accepted_id
acacia karroo,1,1,1,1,1,Acacia karroo,synonym,wfo-0000510579,Vachellia karroo,Fabaceae,Vachellia,species,TRUE,TRUE,FALSE,single_accepted_id
acacia kempeana,1,1,1,1,1,Acacia kempeana,accepted,wfo-0000202890,Acacia kempeana,Fabaceae,Acacia,species,TRUE,TRUE,TRUE,single_accepted_id
acacia kettlewelliae,1,1,1,1,1,Acacia kettlewelliae,accepted,wfo-0000185286,Acacia kettlewelliae,Fabaceae,Acacia,species,TRUE,TRUE,TRUE,single_accepted_id
acacia lanigera,1,1,1,1,1,Acacia lanigera,accepted,wfo-0000185310,Acacia lanigera,Fabaceae,Acacia,species,TRUE,TRUE,TRUE,single_accepted_id
acacia leucoclada,1,1,1,1,1,Acacia leucoclada,accepted,wfo-0000201007,Acacia leucoclada,Fabaceae,Acacia,species,TRUE,TRUE,TRUE,single_accepted_id
acacia leucolobia,1,1,1,1,1,Acacia leucolobia,accepted,wfo-0000201295,Acacia leucolobia,Fabaceae,Acacia,species,FALSE,FALSE,TRUE,single_accepted_id
acacia linearifolia,1,1,1,1,1,Acacia linearifolia,accepted,wfo-1200001737,Acacia linearifolia,Fabaceae,Acacia,species,FALSE,FALSE,TRUE,single_accepted_id
acacia mabellae,1,1,1,1,1,Acacia mabellae,accepted,wfo-0000185316,Acacia mabellae,Fabaceae,Acacia,species,TRUE,TRUE,TRUE,single_accepted_id
acacia maidenii,1,1,1,1,1,Acacia maidenii,accepted,wfo-0000203359,Acacia maidenii,Fabaceae,Acacia,species,TRUE,TRUE,TRUE,single_accepted_id
acacia mearnsii,1,1,1,1,1,Acacia mearnsii,accepted,wfo-0000203882,Acacia mearnsii,Fabaceae,Acacia,species,TRUE,TRUE,TRUE,single_accepted_id
acacia melanoxylon,1,1,1,1,1,Acacia melanoxylon,accepted,wfo-0000204086,Acacia melanoxylon,Fabaceae,Acacia,species,TRUE,TRUE,TRUE,single_accepted_id
acacia mellifera,1,1,1,1,1,Acacia mellifera,synonym,wfo-0000745787,Senegalia mellifera,Fabaceae,Senegalia,species,TRUE,TRUE,FALSE,single_accepted_id
acacia mollifolia,1,1,1,1,1,Acacia mollifolia,accepted,wfo-0000185317,Acacia mollifolia,Fabaceae,Acacia,species,TRUE,TRUE,TRUE,single_accepted_id
acacia mollissima,1,1,1,1,1,Acacia mollissima,synonym,wfo-0000200993,Acacia pubescens,Fabaceae,Acacia,species,TRUE,TRUE,FALSE,single_accepted_id
acacia neovernicosa,1,1,1,1,1,Acacia neovernicosa,synonym,wfo-0001277463,Vachellia vernicosa,Fabaceae,Vachellia,species,TRUE,TRUE,FALSE,single_accepted_id
acacia neriifolia,1,1,1,1,1,Acacia neriifolia,accepted,wfo-0000182943,Acacia neriifolia,Fabaceae,Acacia,species,TRUE,TRUE,TRUE,single_accepted_id
acacia nigrescens,1,1,1,1,1,Acacia nigrescens,synonym,wfo-0001284771,Senegalia nigrescens,Fabaceae,Senegalia,species,TRUE,TRUE,FALSE,single_accepted_id
acacia nilotica,1,1,1,1,1,Acacia nilotica,synonym,wfo-0001284776,Vachellia nilotica,Fabaceae,Vachellia,species,TRUE,TRUE,FALSE,single_accepted_id
acacia obtusifolia,1,1,1,1,1,Acacia obtusifolia,accepted,wfo-0000185319,Acacia obtusifolia,Fabaceae,Acacia,species,TRUE,TRUE,TRUE,single_accepted_id
acacia omalophylla,1,1,1,1,1,Acacia omalophylla,accepted,wfo-0000202365,Acacia omalophylla,Fabaceae,Acacia,species,TRUE,TRUE,TRUE,single_accepted_id
acacia orites,1,1,1,1,1,Acacia orites,accepted,wfo-0000203086,Acacia orites,Fabaceae,Acacia,species,TRUE,TRUE,TRUE,single_accepted_id
acacia oshanesii,1,1,1,1,1,Acacia oshanesii,accepted,wfo-0000186342,Acacia oshanesii,Fabaceae,Acacia,species,TRUE,TRUE,TRUE,single_accepted_id
acacia oswaldii,1,1,1,1,1,Acacia oswaldii,accepted,wfo-0000185318,Acacia oswaldii,Fabaceae,Acacia,species,TRUE,TRUE,TRUE,single_accepted_id
acacia papyrocarpa,1,1,1,1,1,Acacia papyrocarpa,accepted,wfo-0000202357,Acacia papyrocarpa,Fabaceae,Acacia,species,TRUE,TRUE,TRUE,single_accepted_id
acacia parramattensis,1,1,1,1,1,Acacia parramattensis,accepted,wfo-0000185351,Acacia parramattensis,Fabaceae,Acacia,species,TRUE,TRUE,TRUE,single_accepted_id
acacia pendula,1,1,1,1,1,Acacia pendula,accepted,wfo-0000208640,Acacia pendula,Fabaceae,Acacia,species,TRUE,TRUE,TRUE,single_accepted_id
acacia pennatula,1,1,1,1,1,Acacia pennatula,synonym,wfo-0001277447,Vachellia pennatula,Fabaceae,Vachellia,species,TRUE,TRUE,FALSE,single_accepted_id
acacia peuce,1,1,1,1,1,Acacia peuce,accepted,wfo-0000185338,Acacia peuce,Fabaceae,Acacia,species,TRUE,TRUE,TRUE,single_accepted_id
acacia polyacantha,1,1,1,1,1,Acacia polyacantha,synonym,wfo-0000744649,Senegalia polyacantha,Fabaceae,Senegalia,species,TRUE,TRUE,FALSE,single_accepted_id
acacia pubescens,3,3,1,1,1,Acacia pubescens,accepted | unchecked,wfo-0000200993,Acacia pubescens,Fabaceae,Acacia,species,TRUE,TRUE,TRUE,single_accepted_id
acacia pubifolia,1,1,1,1,1,Acacia pubifolia,accepted,wfo-0000202808,Acacia pubifolia,Fabaceae,Acacia,species,TRUE,TRUE,TRUE,single_accepted_id
acacia pycnantha,1,1,1,1,1,Acacia pycnantha,accepted,wfo-0000210558,Acacia pycnantha,Fabaceae,Acacia,species,TRUE,TRUE,TRUE,single_accepted_id
acacia pycnostachya,2,2,1,1,1,Acacia pycnostachya,accepted | unchecked,wfo-0000202826,Acacia pycnostachya,Fabaceae,Acacia,species,TRUE,TRUE,TRUE,single_accepted_id
acacia quadrilateralis,1,1,1,1,1,Acacia quadrilateralis,accepted,wfo-0000201411,Acacia quadrilateralis,Fabaceae,Acacia,species,FALSE,FALSE,TRUE,single_accepted_id
acacia retinodes,1,1,1,1,1,Acacia retinodes,accepted,wfo-0000181109,Acacia retinodes,Fabaceae,Acacia,species,TRUE,TRUE,TRUE,single_accepted_id
acacia rhodoxylon,1,1,1,1,1,Acacia rhodoxylon,accepted,wfo-0000185322,Acacia rhodoxylon,Fabaceae,Acacia,species,TRUE,TRUE,TRUE,single_accepted_id
acacia rigens,1,1,1,1,1,Acacia rigens,accepted,wfo-0000185324,Acacia rigens,Fabaceae,Acacia,species,TRUE,TRUE,TRUE,single_accepted_id
acacia rubida,1,1,1,1,1,Acacia rubida,accepted,wfo-0000185323,Acacia rubida,Fabaceae,Acacia,species,TRUE,TRUE,TRUE,single_accepted_id
acacia saligna,1,1,1,1,1,Acacia saligna,accepted,wfo-0001054072,Acacia saligna,Fabaceae,Acacia,species,TRUE,TRUE,TRUE,single_accepted_id
acacia saxatilis,1,1,1,1,1,Acacia saxatilis,accepted,wfo-0000185329,Acacia saxatilis,Fabaceae,Acacia,species,TRUE,TRUE,TRUE,single_accepted_id
acacia silvestris,1,1,1,1,1,Acacia silvestris,accepted,wfo-0000185337,Acacia silvestris,Fabaceae,Acacia,species,TRUE,TRUE,TRUE,single_accepted_id
acacia sparsiflora,1,1,1,1,1,Acacia sparsiflora,accepted,wfo-0000186124,Acacia sparsiflora,Fabaceae,Acacia,species,TRUE,TRUE,TRUE,single_accepted_id
acacia terminalis,1,1,1,1,1,Acacia terminalis,accepted,wfo-0000186862,Acacia terminalis,Fabaceae,Acacia,species,TRUE,TRUE,TRUE,single_accepted_id
acacia tortilis,1,1,1,1,1,Acacia tortilis,synonym,wfo-0001285358,Vachellia tortilis,Fabaceae,Vachellia,species,TRUE,TRUE,FALSE,single_accepted_id
acacia trachyphloia,1,1,1,1,1,Acacia trachyphloia,accepted,wfo-0000185336,Acacia trachyphloia,Fabaceae,Acacia,species,TRUE,TRUE,TRUE,single_accepted_id
acacia trinervata,1,1,1,1,1,Acacia trinervata,accepted,wfo-0000202195,Acacia trinervata,Fabaceae,Acacia,species,TRUE,TRUE,TRUE,single_accepted_id
acacia trineura,1,1,1,1,1,Acacia trineura,accepted,wfo-0000202192,Acacia trineura,Fabaceae,Acacia,species,TRUE,TRUE,TRUE,single_accepted_id
acacia verniciflua,1,1,1,1,1,Acacia verniciflua,accepted,wfo-0000185333,Acacia verniciflua,Fabaceae,Acacia,species,TRUE,TRUE,TRUE,single_accepted_id
acacia vestita,1,1,1,1,1,Acacia vestita,accepted,wfo-0000211369,Acacia vestita,Fabaceae,Acacia,species,TRUE,TRUE,TRUE,single_accepted_id
acaena magellanica,1,1,1,1,1,Acaena magellanica,accepted,wfo-0000985090,Acaena magellanica,Rosaceae,Acaena,species,TRUE,TRUE,TRUE,single_accepted_id
acaena sericea,1,1,1,1,1,Acaena sericea,accepted,wfo-0000985858,Acaena sericea,Rosaceae,Acaena,species,FALSE,FALSE,TRUE,single_accepted_id
acaena trifida,1,1,1,1,1,Acaena trifida,accepted,wfo-0000985224,Acaena trifida,Rosaceae,Acaena,species,FALSE,FALSE,TRUE,single_accepted_id
acalypha integrifolia,1,1,1,1,1,Acalypha integrifolia,accepted,wfo-0000955390,Acalypha integrifolia,Euphorbiaceae,Acalypha,species,TRUE,TRUE,TRUE,single_accepted_id
acalypha lanceolata var. lanceolata,1,1,1,1,1,Acalypha lanceolata var. lanceolata,accepted,wfo-0000960215,Acalypha lanceolata var. lanceolata,Euphorbiaceae,Acalypha,variety,FALSE,FALSE,TRUE,single_accepted_id
acalypha poiretii,1,1,1,1,1,Acalypha poiretii,accepted,wfo-0000219111,Acalypha poiretii,Euphorbiaceae,Acalypha,species,FALSE,FALSE,TRUE,single_accepted_id
acalypha wilkesiana,1,1,1,1,1,Acalypha wilkesiana,accepted,wfo-0000254905,Acalypha wilkesiana,Euphorbiaceae,Acalypha,species,TRUE,TRUE,TRUE,single_accepted_id
acer barbinerve,1,1,1,1,1,Acer barbinerve,accepted,wfo-0000513991,Acer barbinerve,Sapindaceae,Acer,species,TRUE,TRUE,TRUE,single_accepted_id
acer griseum,1,1,1,1,1,Acer griseum,accepted,wfo-0000514296,Acer griseum,Sapindaceae,Acer,species,TRUE,TRUE,TRUE,single_accepted_id
acer mandshuricum,1,1,1,1,1,Acer mandshuricum,accepted,wfo-0000514524,Acer mandshuricum,Sapindaceae,Acer,species,TRUE,TRUE,TRUE,single_accepted_id
acer nikoense,1,1,1,1,1,Acer nikoense,synonym,wfo-0000474320,Parthenocissus tricuspidata,Vitaceae,Parthenocissus,species,TRUE,TRUE,FALSE,single_accepted_id
acer pictum,1,1,1,1,1,Acer pictum,accepted,wfo-0000514846,Acer pictum,Sapindaceae,Acer,species,TRUE,TRUE,TRUE,single_accepted_id
acer platanoides,1,1,1,1,1,Acer platanoides,accepted,wfo-0000514884,Acer platanoides,Sapindaceae,Acer,species,TRUE,TRUE,TRUE,single_accepted_id
achillea clypeolata,1,1,1,1,1,Achillea clypeolata,accepted,wfo-0000077945,Achillea clypeolata,Asteraceae,Achillea,species,TRUE,TRUE,TRUE,single_accepted_id
achlys triphylla,1,1,1,1,1,Achlys triphylla,accepted,wfo-0000516103,Achlys triphylla,Berberidaceae,Achlys,species,TRUE,TRUE,TRUE,single_accepted_id
achyrocline flaccida,1,1,1,1,1,Achyrocline flaccida,accepted,wfo-0000033502,Achyrocline flaccida,Asteraceae,Achyrocline,species,TRUE,TRUE,TRUE,single_accepted_id
achyrocline tomentosa,1,1,1,1,1,Achyrocline tomentosa,accepted,wfo-0000124689,Achyrocline tomentosa,Asteraceae,Achyrocline,species,TRUE,TRUE,TRUE,single_accepted_id
acinos alpinus,1,1,1,1,1,Acinos alpinus,synonym,wfo-0000890580,Clinopodium alpinum,Lamiaceae,Clinopodium,species,TRUE,TRUE,FALSE,single_accepted_id
acinos arvensis,1,1,1,1,1,Acinos arvensis,synonym,wfo-0000890516,Clinopodium acinos,Lamiaceae,Clinopodium,species,TRUE,TRUE,FALSE,single_accepted_id
aconitum kongboense,1,1,1,1,1,Aconitum kongboense,accepted,wfo-0000517487,Aconitum kongboense,Ranunculaceae,Aconitum,species,TRUE,TRUE,TRUE,single_accepted_id
acosmium bijugum,1,1,1,1,1,Acosmium bijugum,synonym,wfo-0000166612,Leptolobium bijugum,Fabaceae,Leptolobium,species,TRUE,TRUE,FALSE,single_accepted_id
acritopappus confertus,1,1,1,1,1,Acritopappus confertus,accepted,wfo-0000096440,Acritopappus confertus,Asteraceae,Acritopappus,species,TRUE,TRUE,TRUE,single_accepted_id
acrobolbus renifolius,1,1,1,1,1,Acrobolbus renifolius,accepted,wfo-1000009295,Acrobolbus renifolius,Acrobolbaceae,Acrobolbus,species,TRUE,TRUE,TRUE,single_accepted_id
actinidia arguta,1,1,1,1,1,Actinidia arguta,accepted,wfo-0000519157,Actinidia arguta,Actinidiaceae,Actinidia,species,TRUE,TRUE,TRUE,single_accepted_id
actinidia chinensis,1,1,1,1,1,Actinidia chinensis,accepted,wfo-0000519189,Actinidia chinensis,Actinidiaceae,Actinidia,species,TRUE,TRUE,TRUE,single_accepted_id
actinobole uliginosum,1,1,1,1,1,Actinobole uliginosum,accepted,wfo-0000014965,Actinobole uliginosum,Asteraceae,Actinobole,species,TRUE,TRUE,TRUE,single_accepted_id
actinoschoenus arthrostyloides,1,1,1,1,1,Actinoschoenus arthrostyloides,synonym,wfo-1000028940,Scleroschoenus arthrostyloides,Cyperaceae,Scleroschoenus,species,TRUE,TRUE,FALSE,single_accepted_id
actinoscirpus grossus,1,1,1,1,1,Actinoscirpus grossus,accepted,wfo-0000337413,Actinoscirpus grossus,Cyperaceae,Actinoscirpus,species,TRUE,TRUE,TRUE,single_accepted_id
adansonia digitata,1,1,1,1,1,Adansonia digitata,accepted,wfo-0000519672,Adansonia digitata,Malvaceae,Adansonia,species,TRUE,TRUE,TRUE,single_accepted_id
adenocarpus artemisiifolius,1,1,1,1,1,Adenocarpus artemisiifolius,accepted,wfo-0000213113,Adenocarpus artemisiifolius,Fabaceae,Adenocarpus,species,TRUE,TRUE,TRUE,single_accepted_id
adenocarpus decorticans,1,1,1,1,1,Adenocarpus decorticans,accepted,wfo-0000213118,Adenocarpus decorticans,Fabaceae,Adenocarpus,species,TRUE,TRUE,TRUE,single_accepted_id
adenostemma viscosum,1,1,1,1,1,Adenostemma viscosum,accepted,wfo-0000089902,Adenostemma viscosum,Asteraceae,Adenostemma,species,TRUE,TRUE,TRUE,single_accepted_id
adenostoma sparsifolium,1,1,1,1,1,Adenostoma sparsifolium,accepted,wfo-0001009090,Adenostoma sparsifolium,Rosaceae,Adenostoma,species,TRUE,TRUE,TRUE,single_accepted_id
adenothamnus validus,1,1,1,1,1,Adenothamnus validus,accepted,wfo-0000041337,Adenothamnus validus,Asteraceae,Adenothamnus,species,TRUE,TRUE,TRUE,single_accepted_id
adina cordifolia,2,2,1,1,1,Adina cordifolia,accepted | unchecked,wfo-0001132041,Adina cordifolia,Rubiaceae,Adina,species,TRUE,TRUE,TRUE,single_accepted_id
aegle marmelos,1,1,1,1,1,Aegle marmelos,accepted,wfo-0000521533,Aegle marmelos,Rutaceae,Aegle,species,TRUE,TRUE,TRUE,single_accepted_id
aeonium lindleyi,1,1,1,1,1,Aeonium lindleyi,accepted,wfo-0000521676,Aeonium lindleyi,Crassulaceae,Aeonium,species,TRUE,TRUE,TRUE,single_accepted_id
aesculus californica,1,1,1,1,1,Aesculus californica,accepted,wfo-0000522247,Aesculus californica,Sapindaceae,Aesculus,species,TRUE,TRUE,TRUE,single_accepted_id
aesculus hippocastanum,1,1,1,1,1,Aesculus hippocastanum,accepted,wfo-0000522287,Aesculus hippocastanum,Sapindaceae,Aesculus,species,TRUE,TRUE,TRUE,single_accepted_id
aframomum letestuanum,1,1,1,1,1,Aframomum letestuanum,accepted,wfo-0000338079,Aframomum letestuanum,Zingiberaceae,Aframomum,species,TRUE,TRUE,TRUE,single_accepted_id
aframomum pruinosum,1,1,1,1,1,Aframomum pruinosum,synonym,wfo-0000338079,Aframomum letestuanum,Zingiberaceae,Aframomum,species,TRUE,TRUE,FALSE,single_accepted_id
aframomum sceptrum,1,1,1,1,1,Aframomum sceptrum,accepted,wfo-0000338106,Aframomum sceptrum,Zingiberaceae,Aframomum,species,FALSE,FALSE,TRUE,single_accepted_id
afzelia bipindensis,1,1,1,1,1,Afzelia bipindensis,accepted,wfo-0000211767,Afzelia bipindensis,Fabaceae,Afzelia,species,TRUE,TRUE,TRUE,single_accepted_id
aganope heptaphylla,1,1,1,1,1,Aganope heptaphylla,accepted,wfo-0000185943,Aganope heptaphylla,Fabaceae,Aganope,species,FALSE,FALSE,TRUE,single_accepted_id
aganope thyrsiflora,1,1,1,1,1,Aganope thyrsiflora,accepted,wfo-0000186313,Aganope thyrsiflora,Fabaceae,Aganope,species,FALSE,FALSE,TRUE,single_accepted_id
agapanthus africanus,1,1,1,1,1,Agapanthus africanus,accepted,wfo-0000754060,Agapanthus africanus,Amaryllidaceae,Agapanthus,species,TRUE,TRUE,TRUE,single_accepted_id
agapetes incurvata,1,1,1,1,1,Agapetes incurvata,accepted,wfo-0000523046,Agapetes incurvata,Ericaceae,Agapetes,species,TRUE,TRUE,TRUE,single_accepted_id
agasthiyamalaia pauciflora,1,1,1,1,1,Agasthiyamalaia pauciflora,synonym,wfo-0000476094,Poeciloneuron pauciflorum,Calophyllaceae,Poeciloneuron,species,TRUE,TRUE,FALSE,single_accepted_id
agathosma betulina,1,1,1,1,1,Agathosma betulina,accepted,wfo-0000523353,Agathosma betulina,Rutaceae,Agathosma,species,TRUE,TRUE,TRUE,single_accepted_id
agave americana,1,1,1,1,1,Agave americana,accepted,wfo-0000754119,Agave americana,Asparagaceae,Agave,species,TRUE,TRUE,TRUE,single_accepted_id
agave barbadensis,1,1,1,1,1,Agave barbadensis,synonym,wfo-0000754488,Agave karatto,Asparagaceae,Agave,species,TRUE,TRUE,FALSE,single_accepted_id
agave karatto,1,1,1,1,1,Agave karatto,accepted,wfo-0000754488,Agave karatto,Asparagaceae,Agave,species,FALSE,FALSE,TRUE,single_accepted_id
ageratina altissima,1,1,1,1,1,Ageratina altissima,accepted,wfo-0000080123,Ageratina altissima,Asteraceae,Ageratina,species,TRUE,TRUE,TRUE,single_accepted_id
ageratina ligustrina,1,1,1,1,1,Ageratina ligustrina,accepted,wfo-0000067311,Ageratina ligustrina,Asteraceae,Ageratina,species,TRUE,TRUE,TRUE,single_accepted_id
ageratina tristis,1,1,1,1,1,Ageratina tristis,accepted,wfo-0000011969,Ageratina tristis,Asteraceae,Ageratina,species,TRUE,TRUE,TRUE,single_accepted_id
ageratum conyzoides,3,3,1,1,1,Ageratum conyzoides,accepted | unchecked,wfo-0000014938,Ageratum conyzoides,Asteraceae,Ageratum,species,TRUE,TRUE,TRUE,single_accepted_id
ageratum tomentosum,2,2,1,1,1,Ageratum tomentosum,accepted | synonym,wfo-0000054711,Ageratum tomentosum,Asteraceae,Ageratum,species,TRUE,TRUE,TRUE,single_accepted_id
aglaia forbesii,1,1,1,1,1,Aglaia forbesii,accepted,wfo-0000524077,Aglaia forbesii,Meliaceae,Aglaia,species,TRUE,TRUE,TRUE,single_accepted_id
aglaia foveolata,1,1,1,1,1,Aglaia foveolata,accepted,wfo-0000524080,Aglaia foveolata,Meliaceae,Aglaia,species,TRUE,TRUE,TRUE,single_accepted_id
aglaia laxiflora,1,1,1,1,1,Aglaia laxiflora,accepted,wfo-0000524166,Aglaia laxiflora,Meliaceae,Aglaia,species,TRUE,TRUE,TRUE,single_accepted_id
aglaia rimosa,1,1,1,1,1,Aglaia rimosa,accepted,wfo-0000524315,Aglaia rimosa,Meliaceae,Aglaia,species,TRUE,TRUE,TRUE,single_accepted_id
aglaia rubiginosa,1,1,1,1,1,Aglaia rubiginosa,accepted,wfo-0000524326,Aglaia rubiginosa,Meliaceae,Aglaia,species,TRUE,TRUE,TRUE,single_accepted_id
aglaia saltatorum,1,1,1,1,1,Aglaia saltatorum,accepted,wfo-0000524337,Aglaia saltatorum,Meliaceae,Aglaia,species,FALSE,FALSE,TRUE,single_accepted_id
aglaia samoensis,1,1,1,1,1,Aglaia samoensis,accepted,wfo-0000524339,Aglaia samoensis,Meliaceae,Aglaia,species,FALSE,FALSE,TRUE,single_accepted_id
aglaia spectabilis,1,1,1,1,1,Aglaia spectabilis,accepted,wfo-0000524369,Aglaia spectabilis,Meliaceae,Aglaia,species,TRUE,TRUE,TRUE,single_accepted_id
aglaomorpha fortunei,1,1,1,1,1,Aglaomorpha fortunei,synonym,wfo-0000748038,Drynaria roosii,Polypodiaceae,Drynaria,species,TRUE,TRUE,FALSE,single_accepted_id
aglaomorpha quercifolia,1,1,1,1,1,Aglaomorpha quercifolia,synonym,wfo-0001115919,Drynaria quercifolia,Polypodiaceae,Drynaria,species,TRUE,TRUE,FALSE,single_accepted_id
agnorhiza elata,1,1,1,1,1,Agnorhiza elata,accepted,wfo-0000116271,Agnorhiza elata,Asteraceae,Agnorhiza,species,TRUE,TRUE,TRUE,single_accepted_id
agnorhiza invenusta,1,1,1,1,1,Agnorhiza invenusta,accepted,wfo-0000077266,Agnorhiza invenusta,Asteraceae,Agnorhiza,species,TRUE,TRUE,TRUE,single_accepted_id
agnorhiza ovata,1,1,1,1,1,Agnorhiza ovata,accepted,wfo-0000042800,Agnorhiza ovata,Asteraceae,Agnorhiza,species,TRUE,TRUE,TRUE,single_accepted_id
agnorhiza reticulata,1,1,1,1,1,Agnorhiza reticulata,accepted,wfo-0000068889,Agnorhiza reticulata,Asteraceae,Agnorhiza,species,TRUE,TRUE,TRUE,single_accepted_id
agrimonia pilosa,3,3,1,1,1,Agrimonia pilosa,accepted | unchecked,wfo-0001017393,Agrimonia pilosa,Rosaceae,Agrimonia,species,TRUE,TRUE,TRUE,single_accepted_id
aiouea hammeliana,1,1,1,1,1,Aiouea hammeliana,accepted,wfo-0001426627,Aiouea hammeliana,Lauraceae,Aiouea,species,TRUE,TRUE,TRUE,single_accepted_id
aiouea montana,1,1,1,1,1,Aiouea montana,accepted,wfo-0001421696,Aiouea montana,Lauraceae,Aiouea,species,FALSE,FALSE,TRUE,single_accepted_id
aiouea tonduzii,1,1,1,1,1,Aiouea tonduzii,accepted,wfo-0001421687,Aiouea tonduzii,Lauraceae,Aiouea,species,TRUE,TRUE,TRUE,single_accepted_id
aizoon africanum,1,1,1,1,1,Aizoon africanum,accepted,wfo-0001434991,Aizoon africanum,Aizoaceae,Aizoon,species,TRUE,TRUE,TRUE,single_accepted_id
ajuga reptans,1,1,1,1,1,Ajuga reptans,accepted,wfo-0000935107,Ajuga reptans,Lamiaceae,Ajuga,species,TRUE,TRUE,TRUE,single_accepted_id
alantsilodendron pilosum,1,1,1,1,1,Alantsilodendron pilosum,accepted,wfo-0000195971,Alantsilodendron pilosum,Fabaceae,Alantsilodendron,species,FALSE,FALSE,TRUE,single_accepted_id
albizia adianthifolia,1,1,1,1,1,Albizia adianthifolia,accepted,wfo-0000179990,Albizia adianthifolia,Fabaceae,Albizia,species,TRUE,TRUE,TRUE,single_accepted_id
albizia lebbeck,1,1,1,1,1,Albizia lebbeck,accepted,wfo-0000184271,Albizia lebbeck,Fabaceae,Albizia,species,TRUE,TRUE,TRUE,single_accepted_id
albizia lebbekoides,1,1,1,1,1,Albizia lebbekoides,accepted,wfo-0000199752,Albizia lebbekoides,Fabaceae,Albizia,species,FALSE,FALSE,TRUE,single_accepted_id
albizia procera,1,1,1,1,1,Albizia procera,accepted,wfo-0000186098,Albizia procera,Fabaceae,Albizia,species,FALSE,FALSE,TRUE,single_accepted_id
albuca bracteata,1,1,1,1,1,Albuca bracteata,accepted,wfo-0000911272,Albuca bracteata,Asparagaceae,Albuca,species,TRUE,TRUE,TRUE,single_accepted_id
alcea rosea,1,1,1,1,1,Alcea rosea,accepted,wfo-0000525183,Alcea rosea,Malvaceae,Alcea,species,TRUE,TRUE,TRUE,single_accepted_id
alchemilla malyi,1,1,1,1,1,Alchemilla malyi,accepted,wfo-0001002002,Alchemilla malyi,Rosaceae,Alchemilla,species,FALSE,FALSE,TRUE,single_accepted_id
alchornea cordifolia,1,1,1,1,1,Alchornea cordifolia,accepted,wfo-0000938571,Alchornea cordifolia,Euphorbiaceae,Alchornea,species,TRUE,TRUE,TRUE,single_accepted_id
aldama canescens,1,1,1,1,1,Aldama canescens,accepted,wfo-0001331995,Aldama canescens,Asteraceae,Aldama,species,TRUE,TRUE,TRUE,single_accepted_id
aldina heterophylla,1,1,1,1,1,Aldina heterophylla,accepted,wfo-0000173799,Aldina heterophylla,Fabaceae,Aldina,species,TRUE,TRUE,TRUE,single_accepted_id
alhagi kirghisorum,1,1,1,1,1,Alhagi kirghisorum,synonym,wfo-0001444307,Alhagi pseudalhagi subsp. kirghisorum,Fabaceae,Alhagi,subspecies,TRUE,TRUE,FALSE,single_accepted_id
alhagi maurorum,1,1,1,1,1,Alhagi maurorum,accepted,wfo-0000212422,Alhagi maurorum,Fabaceae,Alhagi,species,TRUE,TRUE,TRUE,single_accepted_id
alhagi maurorum var. maurorum,1,1,1,1,1,Alhagi maurorum var. maurorum,accepted,wfo-0001444305,Alhagi maurorum var. maurorum,Fabaceae,Alhagi,variety,FALSE,FALSE,TRUE,single_accepted_id
alhagi pseudalhagi subsp. kirghisorum,1,1,1,1,1,Alhagi pseudalhagi subsp. kirghisorum,accepted,wfo-0001444307,Alhagi pseudalhagi subsp. kirghisorum,Fabaceae,Alhagi,subspecies,FALSE,FALSE,TRUE,single_accepted_id
alhagi sparsifolia,2,2,1,1,1,Alhagi sparsifolia,accepted | unchecked,wfo-0000198672,Alhagi sparsifolia,Fabaceae,Alhagi,species,TRUE,TRUE,TRUE,single_accepted_id
allagopappus canariensis,1,1,1,1,1,Allagopappus canariensis,accepted,wfo-0000001533,Allagopappus canariensis,Asteraceae,Allagopappus,species,TRUE,TRUE,TRUE,single_accepted_id
allagopappus viscosissimus,1,1,1,1,1,Allagopappus viscosissimus,accepted,wfo-0000000947,Allagopappus viscosissimus,Asteraceae,Allagopappus,species,TRUE,TRUE,TRUE,single_accepted_id
allanblackia gabonensis,1,1,1,1,1,Allanblackia gabonensis,accepted,wfo-0000525983,Allanblackia gabonensis,Clusiaceae,Allanblackia,species,TRUE,TRUE,TRUE,single_accepted_id
allanblackia monticola,2,2,1,1,1,Allanblackia monticola,synonym,wfo-0000525983,Allanblackia gabonensis,Clusiaceae,Allanblackia,species,TRUE,TRUE,FALSE,single_accepted_id
allanblackia stuhlmannii,1,1,1,1,1,Allanblackia stuhlmannii,accepted,wfo-0000525993,Allanblackia stuhlmannii,Clusiaceae,Allanblackia,species,TRUE,TRUE,TRUE,single_accepted_id
allium,1,1,1,1,1,Allium,accepted,wfo-4000001260,Allium,Amaryllidaceae,Allium,genus,TRUE,TRUE,TRUE,single_accepted_id
allium cepa,1,1,1,1,1,Allium cepa,accepted,wfo-0000755919,Allium cepa,Amaryllidaceae,Allium,species,TRUE,TRUE,TRUE,single_accepted_id
allium fistulosum,1,1,1,1,1,Allium fistulosum,accepted,wfo-0000756246,Allium fistulosum,Amaryllidaceae,Allium,species,TRUE,TRUE,TRUE,single_accepted_id
allium schoenoprasum,1,1,1,1,1,Allium schoenoprasum,accepted,wfo-0000757278,Allium schoenoprasum,Amaryllidaceae,Allium,species,TRUE,TRUE,TRUE,single_accepted_id
allium sphaerocephalon,1,1,1,1,1,Allium sphaerocephalon,accepted,wfo-0000757393,Allium sphaerocephalon,Amaryllidaceae,Allium,species,FALSE,FALSE,TRUE,single_accepted_id
allium tuberosum,1,1,1,1,1,Allium tuberosum,accepted,wfo-0000757641,Allium tuberosum,Amaryllidaceae,Allium,species,FALSE,FALSE,TRUE,single_accepted_id
alluaudia humbertii,1,1,1,1,1,Alluaudia humbertii,accepted,wfo-0000943930,Alluaudia humbertii,Didiereaceae,Alluaudia,species,TRUE,TRUE,TRUE,single_accepted_id
alluaudiopsis marnieriana,1,1,1,1,1,Alluaudiopsis marnieriana,accepted,wfo-0000943984,Alluaudiopsis marnieriana,Didiereaceae,Alluaudiopsis,species,TRUE,TRUE,TRUE,single_accepted_id
almeidea rubra,1,1,1,1,1,Almeidea rubra,synonym,wfo-1000001363,Conchocarpus ruber,Rutaceae,Conchocarpus,species,TRUE,TRUE,FALSE,single_accepted_id
alnus firma,1,1,1,1,1,Alnus firma,accepted,wfo-0000944965,Alnus firma,Betulaceae,Alnus,species,TRUE,TRUE,TRUE,single_accepted_id
alnus hirsuta,1,1,1,1,1,Alnus hirsuta,accepted,wfo-0000945674,Alnus hirsuta,Betulaceae,Alnus,species,TRUE,TRUE,TRUE,single_accepted_id
alnus maximowiczii,1,1,1,1,1,Alnus maximowiczii,accepted,wfo-0000946792,Alnus maximowiczii,Betulaceae,Alnus,species,TRUE,TRUE,TRUE,single_accepted_id
alnus sieboldiana,1,1,1,1,1,Alnus sieboldiana,accepted,wfo-0000947807,Alnus sieboldiana,Betulaceae,Alnus,species,TRUE,TRUE,TRUE,single_accepted_id
aloe castellorum,1,1,1,1,1,Aloe castellorum,accepted,wfo-0000758007,Aloe castellorum,Asphodelaceae,Aloe,species,TRUE,TRUE,TRUE,single_accepted_id
alphitonia incana,1,1,1,1,1,Alphitonia incana,accepted,wfo-0000527309,Alphitonia incana,Rhamnaceae,Alphitonia,species,FALSE,FALSE,TRUE,single_accepted_id
alphitonia petriei,1,1,1,1,1,Alphitonia petriei,accepted,wfo-0000527317,Alphitonia petriei,Rhamnaceae,Alphitonia,species,TRUE,TRUE,TRUE,single_accepted_id
alphitonia whitei,1,1,1,1,1,Alphitonia whitei,accepted,wfo-0000527330,Alphitonia whitei,Rhamnaceae,Alphitonia,species,TRUE,TRUE,TRUE,single_accepted_id
alpinia conchigera,1,1,1,1,1,Alpinia conchigera,accepted,wfo-0000338416,Alpinia conchigera,Zingiberaceae,Alpinia,species,TRUE,TRUE,TRUE,single_accepted_id
alpinia formosana,1,1,1,1,1,Alpinia formosana,accepted,wfo-0000338484,Alpinia formosana,Zingiberaceae,Alpinia,species,TRUE,TRUE,TRUE,single_accepted_id
alpinia hainanensis,1,1,1,1,1,Alpinia hainanensis,accepted,wfo-0000338515,Alpinia hainanensis,Zingiberaceae,Alpinia,species,FALSE,FALSE,TRUE,single_accepted_id
alpinia japonica,1,1,1,1,1,Alpinia japonica,accepted,wfo-0000338545,Alpinia japonica,Zingiberaceae,Alpinia,species,TRUE,TRUE,TRUE,single_accepted_id
alpinia katsumadai,1,1,1,1,1,Alpinia katsumadai,synonym,wfo-0000338515,Alpinia hainanensis,Zingiberaceae,Alpinia,species,TRUE,TRUE,FALSE,single_accepted_id
alpinia mutica,1,1,1,1,1,Alpinia mutica,accepted,wfo-0000338632,Alpinia mutica,Zingiberaceae,Alpinia,species,TRUE,TRUE,TRUE,single_accepted_id
alpinia oceanica,1,1,1,1,1,Alpinia oceanica,accepted,wfo-0000338652,Alpinia oceanica,Zingiberaceae,Alpinia,species,FALSE,FALSE,TRUE,single_accepted_id
alpinia officinarum,1,1,1,1,1,Alpinia officinarum,accepted,wfo-0000338655,Alpinia officinarum,Zingiberaceae,Alpinia,species,TRUE,TRUE,TRUE,single_accepted_id
alpinia pinnanensis,1,1,1,1,1,Alpinia pinnanensis,accepted,wfo-0000338688,Alpinia pinnanensis,Zingiberaceae,Alpinia,species,TRUE,TRUE,TRUE,single_accepted_id
alpinia pricei,1,1,1,1,1,Alpinia pricei,accepted,wfo-0000338700,Alpinia pricei,Zingiberaceae,Alpinia,species,TRUE,TRUE,TRUE,single_accepted_id
alpinia pulcherrima,1,1,1,1,1,Alpinia pulcherrima,accepted,wfo-0000338709,Alpinia pulcherrima,Zingiberaceae,Alpinia,species,TRUE,TRUE,TRUE,single_accepted_id
alpinia rafflesiana,1,1,1,1,1,Alpinia rafflesiana,accepted,wfo-0000338724,Alpinia rafflesiana,Zingiberaceae,Alpinia,species,TRUE,TRUE,TRUE,single_accepted_id
alpinia roxburghii,1,1,1,1,1,Alpinia roxburghii,accepted,wfo-0000338744,Alpinia roxburghii,Zingiberaceae,Alpinia,species,TRUE,TRUE,TRUE,single_accepted_id
alpinia zerumbet,1,1,1,1,1,Alpinia zerumbet,accepted,wfo-0000338850,Alpinia zerumbet,Zingiberaceae,Alpinia,species,TRUE,TRUE,TRUE,single_accepted_id
alsophila spinulosa,1,1,1,1,1,Alsophila spinulosa,accepted,wfo-0001126562,Alsophila spinulosa,Cyatheaceae,Alsophila,species,TRUE,TRUE,TRUE,single_accepted_id
alstonia scholaris,1,1,1,1,1,Alstonia scholaris,accepted,wfo-0001257712,Alstonia scholaris,Apocynaceae,Alstonia,species,TRUE,TRUE,TRUE,single_accepted_id
althaea armeniaca,1,1,1,1,1,Althaea armeniaca,accepted,wfo-0000528902,Althaea armeniaca,Malvaceae,Althaea,species,TRUE,TRUE,TRUE,single_accepted_id
althaea broussonetiifolia,1,1,1,1,1,Althaea broussonetiifolia,synonym,wfo-0000528902,Althaea armeniaca,Malvaceae,Althaea,species,TRUE,TRUE,FALSE,single_accepted_id
althaea cannabina,1,1,1,1,1,Althaea cannabina,accepted,wfo-0000528921,Althaea cannabina,Malvaceae,Althaea,species,TRUE,TRUE,TRUE,single_accepted_id
althaea narbonensis,1,1,1,1,1,Althaea narbonensis,synonym,wfo-0000528921,Althaea cannabina,Malvaceae,Althaea,species,TRUE,TRUE,FALSE,single_accepted_id
althaea officinalis,1,1,1,1,1,Althaea officinalis,accepted,wfo-0000529011,Althaea officinalis,Malvaceae,Althaea,species,TRUE,TRUE,TRUE,single_accepted_id
althaea rosea,1,1,1,1,1,Althaea rosea,synonym,wfo-0000525183,Alcea rosea,Malvaceae,Alcea,species,TRUE,TRUE,FALSE,single_accepted_id
ambrosia arborescens,1,1,1,1,1,Ambrosia arborescens,accepted,wfo-0000043582,Ambrosia arborescens,Asteraceae,Ambrosia,species,FALSE,FALSE,TRUE,single_accepted_id
ambrosia bidentata,1,1,1,1,1,Ambrosia bidentata,accepted,wfo-0000091698,Ambrosia bidentata,Asteraceae,Ambrosia,species,TRUE,TRUE,TRUE,single_accepted_id
ambrosia monogyra,1,1,1,1,1,Ambrosia monogyra,accepted,wfo-0000082686,Ambrosia monogyra,Asteraceae,Ambrosia,species,TRUE,TRUE,TRUE,single_accepted_id
ambrosia salsola,1,1,1,1,1,Ambrosia salsola,accepted,wfo-0000033506,Ambrosia salsola,Asteraceae,Ambrosia,species,TRUE,TRUE,TRUE,single_accepted_id
amburana cearensis,1,1,1,1,1,Amburana cearensis,accepted,wfo-0000182165,Amburana cearensis,Fabaceae,Amburana,species,TRUE,TRUE,TRUE,single_accepted_id
ammodendron bifolium,1,1,1,1,1,Ammodendron bifolium,accepted,wfo-0000185596,Ammodendron bifolium,Fabaceae,Ammodendron,species,TRUE,TRUE,TRUE,single_accepted_id
ammopiptanthus mongolicus,1,1,1,1,1,Ammopiptanthus mongolicus,accepted,wfo-0000186210,Ammopiptanthus mongolicus,Fabaceae,Ammopiptanthus,species,TRUE,TRUE,TRUE,single_accepted_id
amomum sceptrum,1,1,1,1,1,Amomum sceptrum,synonym,wfo-0000338106,Aframomum sceptrum,Zingiberaceae,Aframomum,species,TRUE,TRUE,FALSE,single_accepted_id
amomum subulatum,1,1,1,1,1,Amomum subulatum,accepted,wfo-0000339263,Amomum subulatum,Zingiberaceae,Amomum,species,TRUE,TRUE,TRUE,single_accepted_id
amorpha canescens,2,2,1,1,1,Amorpha canescens,accepted | unchecked,wfo-0000178822,Amorpha canescens,Fabaceae,Amorpha,species,TRUE,TRUE,TRUE,single_accepted_id
ampelopsis,1,1,1,1,1,Ampelopsis,accepted,wfo-4000001672,Ampelopsis,Vitaceae,Ampelopsis,genus,TRUE,TRUE,TRUE,single_accepted_id
ampelopsis glandulosa var. heterophylla,1,1,1,1,1,Ampelopsis glandulosa var. heterophylla,accepted,wfo-0000531675,Ampelopsis glandulosa var. heterophylla,Vitaceae,Ampelopsis,variety,FALSE,FALSE,TRUE,single_accepted_id
ampelopsis grossedentata,1,1,1,1,1,Ampelopsis grossedentata,synonym,wfo-0001340501,Nekemias grossedentata,Vitaceae,Nekemias,species,TRUE,TRUE,FALSE,single_accepted_id
ampelopsis japonica,1,1,1,1,1,Ampelopsis japonica,accepted,wfo-0000531708,Ampelopsis japonica,Vitaceae,Ampelopsis,species,TRUE,TRUE,TRUE,single_accepted_id
amphimas pterocarpoides,1,1,1,1,1,Amphimas pterocarpoides,accepted,wfo-0000211895,Amphimas pterocarpoides,Fabaceae,Amphimas,species,TRUE,TRUE,TRUE,single_accepted_id
anacardium nanum,1,1,1,1,1,Anacardium nanum,accepted,wfo-0000533070,Anacardium nanum,Anacardiaceae,Anacardium,species,FALSE,FALSE,TRUE,single_accepted_id
anacardium occidentale,1,1,1,1,1,Anacardium occidentale,accepted,wfo-0000533072,Anacardium occidentale,Anacardiaceae,Anacardium,species,TRUE,TRUE,TRUE,single_accepted_id
anadenanthera colubrina,1,1,1,1,1,Anadenanthera colubrina,accepted,wfo-0000169564,Anadenanthera colubrina,Fabaceae,Anadenanthera,species,TRUE,TRUE,TRUE,single_accepted_id
ananas comosus,1,1,1,1,1,Ananas comosus,accepted,wfo-0000339432,Ananas comosus,Bromeliaceae,Ananas,species,TRUE,TRUE,TRUE,single_accepted_id
anaphalis lactea,1,1,1,1,1,Anaphalis lactea,accepted,wfo-0000013395,Anaphalis lactea,Asteraceae,Anaphalis,species,TRUE,TRUE,TRUE,single_accepted_id
anaphalis subumbellata,1,1,1,1,1,Anaphalis subumbellata,accepted,wfo-0000004294,Anaphalis subumbellata,Asteraceae,Anaphalis,species,TRUE,TRUE,TRUE,single_accepted_id
anastatica hierochuntica,1,1,1,1,1,Anastatica hierochuntica,accepted,wfo-0000533427,Anastatica hierochuntica,Brassicaceae,Anastatica,species,TRUE,TRUE,TRUE,single_accepted_id
anaxagorea luzonensis,1,1,1,1,1,Anaxagorea luzonensis,accepted,wfo-0000533464,Anaxagorea luzonensis,Annonaceae,Anaxagorea,species,TRUE,TRUE,TRUE,single_accepted_id
anchomanes difformis,1,1,1,1,1,Anchomanes difformis,accepted,wfo-0000970027,Anchomanes difformis,Araceae,Anchomanes,species,TRUE,TRUE,TRUE,single_accepted_id
andira inermis,1,1,1,1,1,Andira inermis,accepted,wfo-0000171592,Andira inermis,Fabaceae,Andira,species,TRUE,TRUE,TRUE,single_accepted_id
andira parviflora,1,1,1,1,1,Andira parviflora,accepted,wfo-0000169585,Andira parviflora,Fabaceae,Andira,species,TRUE,TRUE,TRUE,single_accepted_id
andira surinamensis,1,1,1,1,1,Andira surinamensis,accepted,wfo-0000169589,Andira surinamensis,Fabaceae,Andira,species,TRUE,TRUE,TRUE,single_accepted_id
andrographis affinis,1,1,1,1,1,Andrographis affinis,accepted,wfo-0000534034,Andrographis affinis,Acanthaceae,Andrographis,species,TRUE,TRUE,TRUE,single_accepted_id
andrographis echioides,1,1,1,1,1,Andrographis echioides,accepted,wfo-0000534042,Andrographis echioides,Acanthaceae,Andrographis,species,TRUE,TRUE,TRUE,single_accepted_id
andrographis lineata,1,1,1,1,1,Andrographis lineata,accepted,wfo-0000534054,Andrographis lineata,Acanthaceae,Andrographis,species,TRUE,TRUE,TRUE,single_accepted_id
andrographis macrobotrys,1,1,1,1,1,Andrographis macrobotrys,accepted,wfo-0000534057,Andrographis macrobotrys,Acanthaceae,Andrographis,species,FALSE,FALSE,TRUE,single_accepted_id
andrographis paniculata,1,1,1,1,1,Andrographis paniculata,accepted,wfo-0000534069,Andrographis paniculata,Acanthaceae,Andrographis,species,TRUE,TRUE,TRUE,single_accepted_id
andrographis rothii,1,1,1,1,1,Andrographis rothii,accepted,wfo-0000534074,Andrographis rothii,Acanthaceae,Andrographis,species,TRUE,TRUE,TRUE,single_accepted_id
andrographis stellulata,1,1,1,1,1,Andrographis stellulata,accepted,wfo-0000534078,Andrographis stellulata,Acanthaceae,Andrographis,species,FALSE,FALSE,TRUE,single_accepted_id
andrographis stenophylla,1,1,1,1,1,Andrographis stenophylla,accepted,wfo-0000534079,Andrographis stenophylla,Acanthaceae,Andrographis,species,TRUE,TRUE,TRUE,single_accepted_id
andrographis viscosula,1,1,1,1,1,Andrographis viscosula,accepted,wfo-0000534085,Andrographis viscosula,Acanthaceae,Andrographis,species,FALSE,FALSE,TRUE,single_accepted_id
anemarrhena asphodeloides,1,1,1,1,1,Anemarrhena asphodeloides,accepted,wfo-0000760083,Anemarrhena asphodeloides,Asparagaceae,Anemarrhena,species,TRUE,TRUE,TRUE,single_accepted_id
anemone coronaria,1,1,1,1,1,Anemone coronaria,accepted,wfo-0000535196,Anemone coronaria,Ranunculaceae,Anemone,species,TRUE,TRUE,TRUE,single_accepted_id
anemopaegma arvense,1,1,1,1,1,Anemopaegma arvense,accepted,wfo-0000780963,Anemopaegma arvense,Bignoniaceae,Anemopaegma,species,FALSE,TRUE,TRUE,single_accepted_id
angelica keiskei,1,1,1,1,1,Angelica keiskei,accepted,wfo-0000536243,Angelica keiskei,Apiaceae,Angelica,species,TRUE,TRUE,TRUE,single_accepted_id
angophora costata,1,1,1,1,1,Angophora costata,accepted,wfo-0000973356,Angophora costata,Myrtaceae,Angophora,species,TRUE,TRUE,TRUE,single_accepted_id
angostura granulosa,1,1,1,1,1,Angostura granulosa,accepted,wfo-0000536561,Angostura granulosa,Rutaceae,Angostura,species,TRUE,TRUE,TRUE,single_accepted_id
aniba riparia,1,1,1,1,1,Aniba riparia,accepted,wfo-0000536888,Aniba riparia,Lauraceae,Aniba,species,TRUE,TRUE,TRUE,single_accepted_id
aniba rosaeodora,1,1,1,1,1,Aniba rosaeodora,accepted,wfo-0000536890,Aniba rosaeodora,Lauraceae,Aniba,species,TRUE,TRUE,TRUE,single_accepted_id
anisomeles indica,1,1,1,1,1,Anisomeles indica,accepted,wfo-0000982244,Anisomeles indica,Lamiaceae,Anisomeles,species,TRUE,TRUE,TRUE,single_accepted_id
annona ambotay,1,1,1,1,1,Annona ambotay,accepted,wfo-0000537666,Annona ambotay,Annonaceae,Annona,species,TRUE,TRUE,TRUE,single_accepted_id
annona mucosa,1,1,1,1,1,Annona mucosa,accepted,wfo-0000537847,Annona mucosa,Annonaceae,Annona,species,FALSE,FALSE,TRUE,single_accepted_id
anogeissus acuminata,1,1,1,1,1,Anogeissus acuminata,synonym,wfo-0001421875,Terminalia phillyreifolia,Combretaceae,Terminalia,species,TRUE,TRUE,FALSE,single_accepted_id
anthelepis paludosa,1,1,1,1,1,Anthelepis paludosa,accepted,wfo-1000020453,Anthelepis paludosa,Cyperaceae,Anthelepis,species,FALSE,FALSE,TRUE,single_accepted_id
anthelepis undulata,1,1,1,1,1,Anthelepis undulata,accepted,wfo-1000020454,Anthelepis undulata,Cyperaceae,Anthelepis,species,FALSE,FALSE,TRUE,single_accepted_id
anthemis auriculata,1,1,1,1,1,Anthemis auriculata,accepted,wfo-0000000365,Anthemis auriculata,Asteraceae,Anthemis,species,TRUE,TRUE,TRUE,single_accepted_id
anthemis candidissima,1,1,1,1,1,Anthemis candidissima,accepted,wfo-0000063579,Anthemis candidissima,Asteraceae,Anthemis,species,FALSE,FALSE,TRUE,single_accepted_id
antheroporum pierrei,1,1,1,1,1,Antheroporum pierrei,accepted,wfo-0000185939,Antheroporum pierrei,Fabaceae,Antheroporum,species,TRUE,TRUE,TRUE,single_accepted_id
anthyllis hermanniae,1,1,1,1,1,Anthyllis hermanniae,accepted,wfo-0000213515,Anthyllis hermanniae,Fabaceae,Anthyllis,species,TRUE,TRUE,TRUE,single_accepted_id
antiaris toxicaria,1,1,1,1,1,Antiaris toxicaria,accepted,wfo-0000538857,Antiaris toxicaria,Moraceae,Antiaris,species,TRUE,TRUE,TRUE,single_accepted_id
antiphiona fragrans,1,1,1,1,1,Antiphiona fragrans,accepted,wfo-0000115439,Antiphiona fragrans,Asteraceae,Antiphiona,species,TRUE,TRUE,TRUE,single_accepted_id
antiphiona pinnatisecta,1,1,1,1,1,Antiphiona pinnatisecta,accepted,wfo-0000125572,Antiphiona pinnatisecta,Asteraceae,Antiphiona,species,TRUE,TRUE,TRUE,single_accepted_id
antirrhinum majus,2,2,1,1,1,Antirrhinum majus | Antirrhinum majus unranked striatum,accepted | synonym,wfo-0000539365,Antirrhinum majus,Plantaginaceae,Antirrhinum,species,TRUE,TRUE,TRUE,single_accepted_id
apios americana,1,1,1,1,1,Apios americana,accepted,wfo-0000213520,Apios americana,Fabaceae,Apios,species,TRUE,TRUE,TRUE,single_accepted_id
apium graveolens,1,1,1,1,1,Apium graveolens,accepted,wfo-0000540626,Apium graveolens,Apiaceae,Apium,species,TRUE,TRUE,TRUE,single_accepted_id
apocynum venetum,1,1,1,1,1,Apocynum venetum,accepted,wfo-0000245931,Apocynum venetum,Apocynaceae,Apocynum,species,FALSE,FALSE,TRUE,single_accepted_id
apuleia leiocarpa,1,1,1,1,1,Apuleia leiocarpa,accepted,wfo-0000186778,Apuleia leiocarpa,Fabaceae,Apuleia,species,TRUE,TRUE,TRUE,single_accepted_id
aquilegia micrantha,1,1,1,1,1,Aquilegia micrantha,accepted,wfo-0000541439,Aquilegia micrantha,Ranunculaceae,Aquilegia,species,FALSE,FALSE,TRUE,single_accepted_id
aquilegia vulgaris,1,1,1,1,1,Aquilegia vulgaris,accepted,wfo-0000541607,Aquilegia vulgaris,Ranunculaceae,Aquilegia,species,FALSE,FALSE,TRUE,single_accepted_id
arabidopsis thaliana,2,2,1,1,1,Arabidopsis thaliana,accepted | unchecked,wfo-0000541830,Arabidopsis thaliana,Brassicaceae,Arabidopsis,species,TRUE,TRUE,TRUE,single_accepted_id
arachis hypogaea,1,1,1,1,1,Arachis hypogaea,accepted,wfo-0000174378,Arachis hypogaea,Fabaceae,Arachis,species,TRUE,TRUE,TRUE,single_accepted_id
arachniodes carvifolia,1,1,1,1,1,Arachniodes carvifolia,accepted,wfo-0001109163,Arachniodes carvifolia,Dryopteridaceae,Arachniodes,species,TRUE,TRUE,TRUE,single_accepted_id
arachniodes cornucervi,1,1,1,1,1,Arachniodes cornucervi,accepted,wfo-0001035850,Arachniodes cornucervi,Dryopteridaceae,Arachniodes,species,TRUE,TRUE,TRUE,single_accepted_id
arachniodes miqueliana,1,1,1,1,1,Arachniodes miqueliana,accepted,wfo-0001115733,Arachniodes miqueliana,Dryopteridaceae,Arachniodes,species,TRUE,TRUE,TRUE,single_accepted_id
araucaria angustifolia,2,2,1,1,1,Araucaria angustifolia,accepted | unchecked,wfo-0000260143,Araucaria angustifolia,Araucariaceae,Araucaria,species,TRUE,TRUE,TRUE,single_accepted_id
arbutus andrachne,1,1,1,1,1,Arbutus andrachne,accepted,wfo-0000543098,Arbutus andrachne,Ericaceae,Arbutus,species,TRUE,TRUE,TRUE,single_accepted_id
arbutus unedo,1,1,1,1,1,Arbutus unedo,accepted,wfo-0000543204,Arbutus unedo,Ericaceae,Arbutus,species,TRUE,TRUE,TRUE,single_accepted_id
archibaccharis schiedeana,1,1,1,1,1,Archibaccharis schiedeana,accepted,wfo-0000007759,Archibaccharis schiedeana,Asteraceae,Archibaccharis,species,FALSE,FALSE,TRUE,single_accepted_id
archidendron clypearia,1,1,1,1,1,Archidendron clypearia,accepted,wfo-0000185987,Archidendron clypearia,Fabaceae,Archidendron,species,TRUE,TRUE,TRUE,single_accepted_id
archidendron jiringa,1,1,1,1,1,Archidendron jiringa,accepted,wfo-0000199807,Archidendron jiringa,Fabaceae,Archidendron,species,TRUE,TRUE,TRUE,single_accepted_id
ardisia complanata,1,1,1,1,1,Ardisia complanata,accepted,wfo-0000544086,Ardisia complanata,Primulaceae,Ardisia,species,FALSE,FALSE,TRUE,single_accepted_id
ardisia sanguinolenta,1,1,1,1,1,Ardisia sanguinolenta,synonym,wfo-0000544086,Ardisia complanata,Primulaceae,Ardisia,species,TRUE,TRUE,FALSE,single_accepted_id
areca catechu,1,1,1,1,1,Areca catechu,accepted,wfo-0000262000,Areca catechu,Arecaceae,Areca,species,TRUE,TRUE,TRUE,single_accepted_id
argemone mexicana,1,1,1,1,1,Argemone mexicana,accepted,wfo-0000547034,Argemone mexicana,Papaveraceae,Argemone,species,TRUE,TRUE,TRUE,single_accepted_id
argentina anserina,1,1,1,1,1,Argentina anserina,accepted,wfo-0001009478,Argentina anserina,Rosaceae,Argentina,species,FALSE,FALSE,TRUE,single_accepted_id
argentina anserina subsp. anserina,1,1,1,1,1,Argentina anserina subsp. anserina,accepted,wfo-1200075009,Argentina anserina subsp. anserina,Rosaceae,Argentina,subspecies,FALSE,FALSE,TRUE,single_accepted_id
argentina anserina subsp. groenlandica,1,1,1,1,1,Argentina anserina subsp. groenlandica,accepted,wfo-0001009505,Argentina anserina subsp. groenlandica,Rosaceae,Argentina,subspecies,FALSE,FALSE,TRUE,single_accepted_id
argyrochosma dealbata,1,1,1,1,1,Argyrochosma dealbata,accepted,wfo-0001114268,Argyrochosma dealbata,Pteridaceae,Argyrochosma,species,TRUE,TRUE,TRUE,single_accepted_id
aristolochia ridicula,1,1,1,1,1,Aristolochia ridicula,accepted,wfo-0000548266,Aristolochia ridicula,Aristolochiaceae,Aristolochia,species,TRUE,TRUE,TRUE,single_accepted_id
arnica chamissonis,1,1,1,1,1,Arnica chamissonis,accepted,wfo-0000120344,Arnica chamissonis,Asteraceae,Arnica,species,TRUE,TRUE,TRUE,single_accepted_id
arnica longifolia,1,1,1,1,1,Arnica longifolia,accepted,wfo-0000004402,Arnica longifolia,Asteraceae,Arnica,species,TRUE,TRUE,TRUE,single_accepted_id
arnica viscosa,1,1,1,1,1,Arnica viscosa,accepted,wfo-0000015907,Arnica viscosa,Asteraceae,Arnica,species,TRUE,TRUE,TRUE,single_accepted_id
aronia melanocarpa,3,3,1,1,1,Aronia melanocarpa,accepted | unchecked,wfo-0001018304,Aronia melanocarpa,Rosaceae,Aronia,species,TRUE,TRUE,TRUE,single_accepted_id
artabotrys blumei,1,1,1,1,1,Artabotrys blumei,accepted,wfo-0000549733,Artabotrys blumei,Annonaceae,Artabotrys,species,FALSE,FALSE,TRUE,single_accepted_id
artabotrys hexapetalus,1,1,1,1,1,Artabotrys hexapetalus,accepted,wfo-0000549776,Artabotrys hexapetalus,Annonaceae,Artabotrys,species,TRUE,TRUE,TRUE,single_accepted_id
artemisia alba subsp. alba,1,1,1,1,1,Artemisia alba subsp. alba,accepted,wfo-0000052095,Artemisia alba subsp. alba,Asteraceae,Artemisia,subspecies,FALSE,FALSE,TRUE,single_accepted_id
artemisia anomala,1,1,1,1,1,Artemisia anomala,accepted,wfo-0000136001,Artemisia anomala,Asteraceae,Artemisia,species,TRUE,TRUE,TRUE,single_accepted_id
artemisia argyi,1,1,1,1,1,Artemisia argyi,accepted,wfo-0000052471,Artemisia argyi,Asteraceae,Artemisia,species,TRUE,TRUE,TRUE,single_accepted_id
artemisia barrelieri,1,1,1,1,1,Artemisia barrelieri,accepted,wfo-0000065475,Artemisia barrelieri,Asteraceae,Artemisia,species,FALSE,FALSE,TRUE,single_accepted_id
artemisia dracunculus,3,3,1,1,1,Artemisia dracunculus,accepted | synonym | unchecked,wfo-0000078900,Artemisia dracunculus,Asteraceae,Artemisia,species,TRUE,TRUE,TRUE,single_accepted_id
artemisia gmelinii,1,1,1,1,1,Artemisia gmelinii,accepted,wfo-0000084708,Artemisia gmelinii,Asteraceae,Artemisia,species,FALSE,FALSE,TRUE,single_accepted_id
artemisia halodendron,1,1,1,1,1,Artemisia halodendron,accepted,wfo-0000084249,Artemisia halodendron,Asteraceae,Artemisia,species,TRUE,TRUE,TRUE,single_accepted_id
artemisia indica,1,1,1,1,1,Artemisia indica,accepted,wfo-0000747726,Artemisia indica,Asteraceae,Artemisia,species,TRUE,TRUE,TRUE,single_accepted_id
artemisia ledebouriana,1,1,1,1,1,Artemisia ledebouriana,accepted,wfo-0000131225,Artemisia ledebouriana,Asteraceae,Artemisia,species,FALSE,FALSE,TRUE,single_accepted_id
artemisia loureiroi,1,1,1,1,1,Artemisia loureiroi,accepted,wfo-0000127822,Artemisia loureiroi,Asteraceae,Artemisia,species,FALSE,FALSE,TRUE,single_accepted_id
artemisia minor,1,1,1,1,1,Artemisia minor,accepted,wfo-0000131723,Artemisia minor,Asteraceae,Artemisia,species,TRUE,TRUE,TRUE,single_accepted_id
artemisia monosperma,1,1,1,1,1,Artemisia monosperma,accepted,wfo-0000025868,Artemisia monosperma,Asteraceae,Artemisia,species,TRUE,TRUE,TRUE,single_accepted_id
artemisia palustris,1,1,1,1,1,Artemisia palustris,accepted,wfo-0000060164,Artemisia palustris,Asteraceae,Artemisia,species,TRUE,TRUE,TRUE,single_accepted_id
artemisia pubescens,1,1,1,1,1,Artemisia pubescens,accepted,wfo-0000113945,Artemisia pubescens,Asteraceae,Artemisia,species,FALSE,FALSE,TRUE,single_accepted_id
artemisia scoparia,1,1,1,1,1,Artemisia scoparia,accepted,wfo-0000043717,Artemisia scoparia,Asteraceae,Artemisia,species,FALSE,FALSE,TRUE,single_accepted_id
artemisia xanthochroa,1,1,1,1,1,Artemisia xanthochroa,accepted,wfo-0000059482,Artemisia xanthochroa,Asteraceae,Artemisia,species,TRUE,TRUE,TRUE,single_accepted_id
artemisia xerophytica,1,1,1,1,1,Artemisia xerophytica,accepted,wfo-0000059890,Artemisia xerophytica,Asteraceae,Artemisia,species,TRUE,TRUE,TRUE,single_accepted_id
artocarpus,1,1,1,1,1,Artocarpus,accepted,wfo-4000003191,Artocarpus,Moraceae,Artocarpus,genus,TRUE,TRUE,TRUE,single_accepted_id
artocarpus altilis,2,2,1,1,1,Artocarpus altilis | Artocarpus altilis var. non-seminiferus,accepted | synonym,wfo-0000550425,Artocarpus altilis,Moraceae,Artocarpus,species,TRUE,TRUE,TRUE,single_accepted_id
artocarpus fretissi,1,1,1,1,1,Artocarpus fretissi,synonym,wfo-0000550516,Artocarpus lacucha,Moraceae,Artocarpus,species,TRUE,TRUE,FALSE,single_accepted_id
artocarpus gomezianus,1,1,1,1,1,Artocarpus gomezianus,accepted,wfo-0000550486,Artocarpus gomezianus,Moraceae,Artocarpus,species,TRUE,TRUE,TRUE,single_accepted_id
artocarpus heterophyllus,1,1,1,1,1,Artocarpus heterophyllus,accepted,wfo-0000550491,Artocarpus heterophyllus,Moraceae,Artocarpus,species,TRUE,TRUE,TRUE,single_accepted_id
artocarpus hypargyreus,1,1,1,1,1,Artocarpus hypargyreus,accepted,wfo-0000550497,Artocarpus hypargyreus,Moraceae,Artocarpus,species,TRUE,TRUE,TRUE,single_accepted_id
artocarpus integer,1,1,1,1,1,Artocarpus integer,accepted,wfo-0000550504,Artocarpus integer,Moraceae,Artocarpus,species,TRUE,TRUE,TRUE,single_accepted_id
artocarpus lacucha,1,1,1,1,1,Artocarpus lacucha,accepted,wfo-0000550516,Artocarpus lacucha,Moraceae,Artocarpus,species,TRUE,TRUE,TRUE,single_accepted_id
artocarpus lanceifolius,1,1,1,1,1,Artocarpus lanceifolius,accepted,wfo-0000550522,Artocarpus lanceifolius,Moraceae,Artocarpus,species,FALSE,FALSE,TRUE,single_accepted_id
artocarpus lowii,1,1,1,1,1,Artocarpus lowii,accepted,wfo-0000550530,Artocarpus lowii,Moraceae,Artocarpus,species,TRUE,TRUE,TRUE,single_accepted_id
artocarpus nobilis,1,1,1,1,1,Artocarpus nobilis,accepted,wfo-0000550554,Artocarpus nobilis,Moraceae,Artocarpus,species,TRUE,TRUE,TRUE,single_accepted_id
artocarpus petelotii,1,1,1,1,1,Artocarpus petelotii,accepted,wfo-0000550568,Artocarpus petelotii,Moraceae,Artocarpus,species,TRUE,TRUE,TRUE,single_accepted_id
artocarpus tonkinensis,1,1,1,1,1,Artocarpus tonkinensis,accepted,wfo-0000550620,Artocarpus tonkinensis,Moraceae,Artocarpus,species,TRUE,TRUE,TRUE,single_accepted_id
asarum canadense,1,1,1,1,1,Asarum canadense,accepted,wfo-0000550779,Asarum canadense,Aristolochiaceae,Asarum,species,TRUE,TRUE,TRUE,single_accepted_id
asarum shuttleworthii,1,1,1,1,1,Asarum shuttleworthii,accepted,wfo-0000550962,Asarum shuttleworthii,Aristolochiaceae,Asarum,species,FALSE,FALSE,TRUE,single_accepted_id
aspalathus linearis,1,1,1,1,1,Aspalathus linearis,accepted,wfo-0000211610,Aspalathus linearis,Fabaceae,Aspalathus,species,TRUE,TRUE,TRUE,single_accepted_id
asparagus racemosus,1,1,1,1,1,Asparagus racemosus,accepted,wfo-0000634415,Asparagus racemosus,Asparagaceae,Asparagus,species,TRUE,TRUE,TRUE,single_accepted_id
aspilia attenuata,1,1,1,1,1,Aspilia attenuata,accepted,wfo-0000074325,Aspilia attenuata,Asteraceae,Aspilia,species,FALSE,FALSE,TRUE,single_accepted_id
asplenium ceterach,1,1,1,1,1,Asplenium ceterach,accepted,wfo-0001115841,Asplenium ceterach,Aspleniaceae,Asplenium,species,TRUE,TRUE,TRUE,single_accepted_id
asplenium trichomanes-ramosum,1,1,1,1,1,Asplenium trichomanes-ramosum,synonym,wfo-0000161624,Asplenium viride,Aspleniaceae,Asplenium,species,TRUE,TRUE,FALSE,single_accepted_id
aster,1,1,1,1,1,Aster,accepted,wfo-4000003381,Aster,Asteraceae,Aster,genus,TRUE,TRUE,TRUE,single_accepted_id
aster heliopsis,1,1,1,1,1,Aster heliopsis,accepted,wfo-0000133314,Aster heliopsis,Asteraceae,Aster,species,TRUE,TRUE,TRUE,single_accepted_id
aster koraiensis,1,1,1,1,1,Aster koraiensis,synonym,wfo-0000087700,Miyamayomena koraiensis,Asteraceae,Miyamayomena,species,TRUE,TRUE,FALSE,single_accepted_id
aster souliei,1,1,1,1,1,Aster souliei,accepted,wfo-0000003517,Aster souliei,Asteraceae,Aster,species,TRUE,TRUE,TRUE,single_accepted_id
astilbe rubra,1,1,1,1,1,Astilbe rubra,accepted,wfo-0000552882,Astilbe rubra,Saxifragaceae,Astilbe,species,TRUE,TRUE,TRUE,single_accepted_id
astilbe thunbergii,1,1,1,1,1,Astilbe thunbergii,accepted,wfo-0000552894,Astilbe thunbergii,Saxifragaceae,Astilbe,species,TRUE,TRUE,TRUE,single_accepted_id
astragalus aksuensis,1,1,1,1,1,Astragalus aksuensis,accepted,wfo-0000189780,Astragalus aksuensis,Fabaceae,Astragalus,species,TRUE,TRUE,TRUE,single_accepted_id
astragalus caprinus subsp. huetii,1,1,1,1,1,Astragalus caprinus subsp. huetii,accepted,wfo-0000185730,Astragalus caprinus subsp. huetii,Fabaceae,Astragalus,subspecies,FALSE,FALSE,TRUE,single_accepted_id
astragalus caraganae,1,1,1,1,1,Astragalus caraganae,accepted,wfo-0000189479,Astragalus caraganae,Fabaceae,Astragalus,species,FALSE,FALSE,TRUE,single_accepted_id
astragalus cicer,1,1,1,1,1,Astragalus cicer,accepted,wfo-0000213547,Astragalus cicer,Fabaceae,Astragalus,species,TRUE,TRUE,TRUE,single_accepted_id
astragalus clusianus,1,1,1,1,1,Astragalus clusianus,accepted,wfo-0000553349,Astragalus clusianus,Fabaceae,Astragalus,species,FALSE,FALSE,TRUE,single_accepted_id
astragalus dasyanthus,1,1,1,1,1,Astragalus dasyanthus,accepted,wfo-0000213554,Astragalus dasyanthus,Fabaceae,Astragalus,species,FALSE,FALSE,TRUE,single_accepted_id
astragalus floccosifolius,1,1,1,1,1,Astragalus floccosifolius,accepted,wfo-0000185137,Astragalus floccosifolius,Fabaceae,Astragalus,species,TRUE,TRUE,TRUE,single_accepted_id
astragalus galegiformis,1,1,1,1,1,Astragalus galegiformis,accepted,wfo-0000213560,Astragalus galegiformis,Fabaceae,Astragalus,species,TRUE,TRUE,TRUE,single_accepted_id
astragalus glaux,1,1,1,1,1,Astragalus glaux,accepted,wfo-0000212503,Astragalus glaux,Fabaceae,Astragalus,species,FALSE,FALSE,TRUE,single_accepted_id
astragalus hamosus,1,1,1,1,1,Astragalus hamosus,accepted,wfo-0001054280,Astragalus hamosus,Fabaceae,Astragalus,species,FALSE,FALSE,TRUE,single_accepted_id
astragalus hoantchy,1,1,1,1,1,Astragalus hoantchy,accepted,wfo-0000198270,Astragalus hoantchy,Fabaceae,Astragalus,species,TRUE,TRUE,TRUE,single_accepted_id
astragalus hypoglottis subsp. hypoglottis,1,1,1,1,1,Astragalus hypoglottis subsp. hypoglottis,accepted,wfo-0000191796,Astragalus hypoglottis subsp. hypoglottis,Fabaceae,Astragalus,subspecies,FALSE,FALSE,TRUE,single_accepted_id
astragalus iodanthus var. iodanthus,1,1,1,1,1,Astragalus iodanthus var. iodanthus,accepted,wfo-0000179551,Astragalus iodanthus var. iodanthus,Fabaceae,Astragalus,variety,FALSE,FALSE,TRUE,single_accepted_id
astragalus kabadianus,1,1,1,1,1,Astragalus kabadianus,accepted,wfo-0000185967,Astragalus kabadianus,Fabaceae,Astragalus,species,TRUE,TRUE,TRUE,single_accepted_id
astragalus laxmannii subsp. laxmannii,1,1,1,1,1,Astragalus laxmannii subsp. laxmannii,accepted,wfo-0001444737,Astragalus laxmannii subsp. laxmannii,Fabaceae,Astragalus,subspecies,FALSE,FALSE,TRUE,single_accepted_id
astragalus laxmannii subsp. robustior,1,1,1,1,1,Astragalus laxmannii subsp. robustior,accepted,wfo-0001033987,Astragalus laxmannii subsp. robustior,Fabaceae,Astragalus,subspecies,FALSE,FALSE,TRUE,single_accepted_id
astragalus lehmannianus,1,1,1,1,1,Astragalus lehmannianus,accepted,wfo-0000198527,Astragalus lehmannianus,Fabaceae,Astragalus,species,TRUE,TRUE,TRUE,single_accepted_id
astragalus lepsensis,1,1,1,1,1,Astragalus lepsensis,accepted,wfo-0000198351,Astragalus lepsensis,Fabaceae,Astragalus,species,TRUE,TRUE,TRUE,single_accepted_id
astragalus microcephalus,1,1,1,1,1,Astragalus microcephalus,accepted,wfo-0000207511,Astragalus microcephalus,Fabaceae,Astragalus,species,TRUE,TRUE,TRUE,single_accepted_id
astragalus mongholicus,1,1,1,1,1,Astragalus mongholicus,accepted,wfo-0000185128,Astragalus mongholicus,Fabaceae,Astragalus,species,TRUE,TRUE,TRUE,single_accepted_id
astragalus orbiculatus,1,1,1,1,1,Astragalus orbiculatus,accepted,wfo-0000185971,Astragalus orbiculatus,Fabaceae,Astragalus,species,TRUE,TRUE,TRUE,single_accepted_id
astragalus pycnocephalus,1,1,1,1,1,Astragalus pycnocephalus,accepted,wfo-0000190422,Astragalus pycnocephalus,Fabaceae,Astragalus,species,TRUE,TRUE,TRUE,single_accepted_id
astragalus thracicus,1,1,1,1,1,Astragalus thracicus,accepted,wfo-0000213626,Astragalus thracicus,Fabaceae,Astragalus,species,TRUE,TRUE,TRUE,single_accepted_id
astragalus trimestris,1,1,1,1,1,Astragalus trimestris,accepted,wfo-0000185773,Astragalus trimestris,Fabaceae,Astragalus,species,TRUE,TRUE,TRUE,single_accepted_id
astragalus varius subsp. varius,1,1,1,1,1,Astragalus varius subsp. varius,accepted,wfo-0001444980,Astragalus varius subsp. varius,Fabaceae,Astragalus,subspecies,FALSE,FALSE,TRUE,single_accepted_id
astragalus verrucosus,1,1,1,1,1,Astragalus verrucosus,accepted,wfo-0000213633,Astragalus verrucosus,Fabaceae,Astragalus,species,TRUE,TRUE,TRUE,single_accepted_id
astragalus versicolor,1,1,1,1,1,Astragalus versicolor,accepted,wfo-0000208396,Astragalus versicolor,Fabaceae,Astragalus,species,FALSE,FALSE,TRUE,single_accepted_id
ateleia herbert-smithii,1,1,1,1,1,Ateleia herbert-smithii,accepted,wfo-0000170196,Ateleia herbert-smithii,Fabaceae,Ateleia,species,TRUE,TRUE,TRUE,single_accepted_id
atuna excelsa subsp. racemosa,1,1,1,1,1,Atuna excelsa subsp. racemosa,accepted,wfo-1200007302,Atuna excelsa subsp. racemosa,Chrysobalanaceae,Atuna,subspecies,FALSE,FALSE,TRUE,single_accepted_id
atuna racemosa,1,1,1,1,1,Atuna racemosa,synonym,wfo-1200007302,Atuna excelsa subsp. racemosa,Chrysobalanaceae,Atuna,subspecies,TRUE,TRUE,FALSE,single_accepted_id
aulacomnium,1,1,1,1,1,Aulacomnium,accepted,wfo-4000003661,Aulacomnium,Aulacomniaceae,Aulacomnium,genus,TRUE,TRUE,TRUE,single_accepted_id
aulacomnium androgynum,1,1,1,1,1,Aulacomnium androgynum,accepted,wfo-0001192470,Aulacomnium androgynum,Aulacomniaceae,Aulacomnium,species,TRUE,TRUE,TRUE,single_accepted_id
aulacomnium palustre,1,1,1,1,1,Aulacomnium palustre,accepted,wfo-0001192478,Aulacomnium palustre,Aulacomniaceae,Aulacomnium,species,TRUE,TRUE,TRUE,single_accepted_id
austrocedrus chilensis,1,1,1,1,1,Austrocedrus chilensis,accepted,wfo-0000557316,Austrocedrus chilensis,Cupressaceae,Austrocedrus,species,TRUE,TRUE,TRUE,single_accepted_id
avena sativa,2,2,1,1,1,Avena sativa | Avena sativa prol. grandiuscula,accepted | synonym,wfo-0000852231,Avena sativa,Poaceae,Avena,species,TRUE,TRUE,TRUE,single_accepted_id
averrhoa carambola,1,1,1,1,1,Averrhoa carambola,accepted,wfo-0000557405,Averrhoa carambola,Oxalidaceae,Averrhoa,species,TRUE,TRUE,TRUE,single_accepted_id
azadirachta indica,1,1,1,1,1,Azadirachta indica,accepted,wfo-0000557668,Azadirachta indica,Meliaceae,Azadirachta,species,TRUE,TRUE,TRUE,single_accepted_id
baccharis,1,1,1,1,1,Baccharis,accepted,wfo-4000003847,Baccharis,Asteraceae,Baccharis,genus,TRUE,TRUE,TRUE,single_accepted_id
baccharis aliena,1,1,1,1,1,Baccharis aliena,accepted,wfo-0000001085,Baccharis aliena,Asteraceae,Baccharis,species,TRUE,TRUE,TRUE,single_accepted_id
baccharis bigelovii,1,1,1,1,1,Baccharis bigelovii,accepted,wfo-0000114275,Baccharis bigelovii,Asteraceae,Baccharis,species,TRUE,TRUE,TRUE,single_accepted_id
baccharis brachylaenoides,1,1,1,1,1,Baccharis brachylaenoides,synonym,wfo-0000066239,Baccharis oblongifolia,Asteraceae,Baccharis,species,TRUE,TRUE,FALSE,single_accepted_id
baccharis conferta,1,1,1,1,1,Baccharis conferta,accepted,wfo-0000004046,Baccharis conferta,Asteraceae,Baccharis,species,TRUE,TRUE,TRUE,single_accepted_id
baccharis douglasii,1,1,1,1,1,Baccharis douglasii,synonym,wfo-0000000226,Baccharis glutinosa,Asteraceae,Baccharis,species,TRUE,TRUE,FALSE,single_accepted_id
baccharis dracunculifolia,1,1,1,1,1,Baccharis dracunculifolia,accepted,wfo-0000127667,Baccharis dracunculifolia,Asteraceae,Baccharis,species,TRUE,TRUE,TRUE,single_accepted_id
baccharis glutinosa,2,2,1,1,1,Baccharis glutinosa,accepted | unchecked,wfo-0000000226,Baccharis glutinosa,Asteraceae,Baccharis,species,TRUE,TRUE,TRUE,single_accepted_id
baccharis intermixta,1,1,1,1,1,Baccharis intermixta,accepted,wfo-0000041747,Baccharis intermixta,Asteraceae,Baccharis,species,TRUE,TRUE,TRUE,single_accepted_id
baccharis linearifolia,1,1,1,1,1,Baccharis linearifolia,accepted,wfo-0000085278,Baccharis linearifolia,Asteraceae,Baccharis,species,TRUE,TRUE,TRUE,single_accepted_id
baccharis magellanica,1,1,1,1,1,Baccharis magellanica,accepted,wfo-0000007632,Baccharis magellanica,Asteraceae,Baccharis,species,TRUE,TRUE,TRUE,single_accepted_id
baccharis microdonta,1,1,1,1,1,Baccharis microdonta,accepted,wfo-0000034125,Baccharis microdonta,Asteraceae,Baccharis,species,FALSE,FALSE,TRUE,single_accepted_id
baccharis oblongifolia,1,1,1,1,1,Baccharis oblongifolia,accepted,wfo-0000066239,Baccharis oblongifolia,Asteraceae,Baccharis,species,FALSE,FALSE,TRUE,single_accepted_id
baccharis paniculata,1,1,1,1,1,Baccharis paniculata,accepted,wfo-0000115994,Baccharis paniculata,Asteraceae,Baccharis,species,TRUE,TRUE,TRUE,single_accepted_id
baccharis phylicoides,1,1,1,1,1,Baccharis phylicoides,accepted,wfo-0000010784,Baccharis phylicoides,Asteraceae,Baccharis,species,TRUE,TRUE,TRUE,single_accepted_id
baccharis poeppigiana,1,1,1,1,1,Baccharis poeppigiana,accepted,wfo-0000128369,Baccharis poeppigiana,Asteraceae,Baccharis,species,TRUE,TRUE,TRUE,single_accepted_id
baccharis pseudovaccinioides,1,1,1,1,1,Baccharis pseudovaccinioides,accepted,wfo-0000003046,Baccharis pseudovaccinioides,Asteraceae,Baccharis,species,FALSE,FALSE,TRUE,single_accepted_id
baccharis pteronioides,1,1,1,1,1,Baccharis pteronioides,accepted,wfo-0000044918,Baccharis pteronioides,Asteraceae,Baccharis,species,TRUE,TRUE,TRUE,single_accepted_id
baccharis reticularia,1,1,1,1,1,Baccharis reticularia,accepted,wfo-0000114362,Baccharis reticularia,Asteraceae,Baccharis,species,TRUE,TRUE,TRUE,single_accepted_id
baccharis retusa,1,1,1,1,1,Baccharis retusa,accepted,wfo-0000083802,Baccharis retusa,Asteraceae,Baccharis,species,TRUE,TRUE,TRUE,single_accepted_id
baccharis rhomboidalis,1,1,1,1,1,Baccharis rhomboidalis,accepted,wfo-0000085941,Baccharis rhomboidalis,Asteraceae,Baccharis,species,TRUE,TRUE,TRUE,single_accepted_id
baccharis sagittalis,1,1,1,1,1,Baccharis sagittalis,accepted,wfo-0000021197,Baccharis sagittalis,Asteraceae,Baccharis,species,TRUE,TRUE,TRUE,single_accepted_id
baccharis salicina,1,1,1,1,1,Baccharis salicina,accepted,wfo-0000073911,Baccharis salicina,Asteraceae,Baccharis,species,FALSE,FALSE,TRUE,single_accepted_id
baccharis salzmannii,1,1,1,1,1,Baccharis salzmannii,synonym,wfo-0000083802,Baccharis retusa,Asteraceae,Baccharis,species,TRUE,TRUE,FALSE,single_accepted_id
baccharis sulcata,1,1,1,1,1,Baccharis sulcata,accepted,wfo-0000031062,Baccharis sulcata,Asteraceae,Baccharis,species,TRUE,TRUE,TRUE,single_accepted_id
baccharis thesioides,1,1,1,1,1,Baccharis thesioides,accepted,wfo-0000011638,Baccharis thesioides,Asteraceae,Baccharis,species,TRUE,TRUE,TRUE,single_accepted_id
baccharis tricuneata,1,1,1,1,1,Baccharis tricuneata,accepted,wfo-0000065501,Baccharis tricuneata,Asteraceae,Baccharis,species,TRUE,TRUE,TRUE,single_accepted_id
baccharis vaccinioides,1,1,1,1,1,Baccharis vaccinioides,synonym,wfo-0000003046,Baccharis pseudovaccinioides,Asteraceae,Baccharis,species,TRUE,TRUE,FALSE,single_accepted_id
baccharis varians,1,1,1,1,1,Baccharis varians,synonym,wfo-0000085278,Baccharis linearifolia,Asteraceae,Baccharis,species,TRUE,TRUE,FALSE,single_accepted_id
badilloa steetzii,1,1,1,1,1,Badilloa steetzii,accepted,wfo-0000093438,Badilloa steetzii,Asteraceae,Badilloa,species,TRUE,TRUE,TRUE,single_accepted_id
baeckea frutescens,1,1,1,1,1,Baeckea frutescens,accepted,wfo-0000310830,Baeckea frutescens,Myrtaceae,Baeckea,species,TRUE,TRUE,TRUE,single_accepted_id
bagassa guianensis,1,1,1,1,1,Bagassa guianensis,accepted,wfo-0000558480,Bagassa guianensis,Moraceae,Bagassa,species,TRUE,TRUE,TRUE,single_accepted_id
bahiopsis deltoidea,1,1,1,1,1,Bahiopsis deltoidea,synonym,wfo-0000034298,Viguiera deltoidea,Asteraceae,Viguiera,species,TRUE,TRUE,FALSE,single_accepted_id
bahiopsis laciniata,1,1,1,1,1,Bahiopsis laciniata,accepted,wfo-0000026157,Bahiopsis laciniata,Asteraceae,Bahiopsis,species,TRUE,TRUE,TRUE,single_accepted_id
bahiopsis lanata,1,1,1,1,1,Bahiopsis lanata,synonym,wfo-0000000625,Viguiera lanata,Asteraceae,Viguiera,species,TRUE,TRUE,FALSE,single_accepted_id
bahiopsis reticulata,1,1,1,1,1,Bahiopsis reticulata,accepted,wfo-0000006089,Bahiopsis reticulata,Asteraceae,Bahiopsis,species,TRUE,TRUE,TRUE,single_accepted_id
bahiopsis subincisa,1,1,1,1,1,Bahiopsis subincisa,accepted,wfo-0000088091,Bahiopsis subincisa,Asteraceae,Bahiopsis,species,TRUE,TRUE,TRUE,single_accepted_id
bahiopsis tomentosa,1,1,1,1,1,Bahiopsis tomentosa,accepted,wfo-0000083476,Bahiopsis tomentosa,Asteraceae,Bahiopsis,species,TRUE,TRUE,TRUE,single_accepted_id
balanophora,1,1,1,1,1,Balanophora,accepted,wfo-4000003929,Balanophora,Balanophoraceae,Balanophora,genus,TRUE,TRUE,TRUE,single_accepted_id
balanophora fungosa,1,1,1,1,1,Balanophora fungosa,accepted,wfo-0000558654,Balanophora fungosa,Balanophoraceae,Balanophora,species,TRUE,TRUE,TRUE,single_accepted_id
balanophora harlandii,1,1,1,1,1,Balanophora harlandii,accepted,wfo-0000558666,Balanophora harlandii,Balanophoraceae,Balanophora,species,TRUE,TRUE,TRUE,single_accepted_id
balanophora papuana,1,1,1,1,1,Balanophora papuana,accepted,wfo-0000558715,Balanophora papuana,Balanophoraceae,Balanophora,species,TRUE,TRUE,TRUE,single_accepted_id
balanophora tobiracola,1,1,1,1,1,Balanophora tobiracola,accepted,wfo-0000558738,Balanophora tobiracola,Balanophoraceae,Balanophora,species,TRUE,TRUE,TRUE,single_accepted_id
balsamocarpon brevifolium,1,1,1,1,1,Balsamocarpon brevifolium,accepted,wfo-0000178495,Balsamocarpon brevifolium,Fabaceae,Balsamocarpon,species,FALSE,FALSE,TRUE,single_accepted_id
bambusa emeiensis,1,1,1,1,1,Bambusa emeiensis,accepted,wfo-0000853147,Bambusa emeiensis,Poaceae,Bambusa,species,TRUE,TRUE,TRUE,single_accepted_id
banisteriopsis caapi,1,1,1,1,1,Banisteriopsis caapi,accepted,wfo-0000559408,Banisteriopsis caapi,Malpighiaceae,Banisteriopsis,species,TRUE,TRUE,TRUE,single_accepted_id
baphia nitida,1,1,1,1,1,Baphia nitida,accepted,wfo-0000212016,Baphia nitida,Fabaceae,Baphia,species,TRUE,TRUE,TRUE,single_accepted_id
baphia pubescens,1,1,1,1,1,Baphia pubescens,accepted,wfo-0000212030,Baphia pubescens,Fabaceae,Baphia,species,TRUE,TRUE,TRUE,single_accepted_id
baptisia alba,3,3,1,1,1,Baptisia alba,accepted | unchecked,wfo-0001349863,Baptisia alba,Fabaceae,Baptisia,species,TRUE,TRUE,TRUE,single_accepted_id
baptisia arachnifera,1,1,1,1,1,Baptisia arachnifera,accepted,wfo-0000163885,Baptisia arachnifera,Fabaceae,Baptisia,species,TRUE,TRUE,TRUE,single_accepted_id
baptisia australis var. minor,1,1,1,1,1,Baptisia australis var. minor,accepted,wfo-0000182256,Baptisia australis var. minor,Fabaceae,Baptisia,variety,FALSE,FALSE,TRUE,single_accepted_id
baptisia bracteata,1,1,1,1,1,Baptisia bracteata,accepted,wfo-0000182250,Baptisia bracteata,Fabaceae,Baptisia,species,TRUE,TRUE,TRUE,single_accepted_id
baptisia calycosa,1,1,1,1,1,Baptisia calycosa,accepted,wfo-1200001712,Baptisia calycosa,Fabaceae,Baptisia,species,TRUE,TRUE,TRUE,single_accepted_id
baptisia cinerea,1,1,1,1,1,Baptisia cinerea,accepted,wfo-0000163889,Baptisia cinerea,Fabaceae,Baptisia,species,TRUE,TRUE,TRUE,single_accepted_id
baptisia lanceolata,1,1,1,1,1,Baptisia lanceolata,accepted,wfo-0000174810,Baptisia lanceolata,Fabaceae,Baptisia,species,TRUE,TRUE,TRUE,single_accepted_id
baptisia lecontei,1,1,1,1,1,Baptisia lecontei,accepted,wfo-0000174809,Baptisia lecontei,Fabaceae,Baptisia,species,TRUE,TRUE,TRUE,single_accepted_id
baptisia megacarpa,1,1,1,1,1,Baptisia megacarpa,accepted,wfo-0000178781,Baptisia megacarpa,Fabaceae,Baptisia,species,TRUE,TRUE,TRUE,single_accepted_id
baptisia nuttalliana,1,1,1,1,1,Baptisia nuttalliana,accepted,wfo-0000163891,Baptisia nuttalliana,Fabaceae,Baptisia,species,TRUE,TRUE,TRUE,single_accepted_id
baptisia perfoliata,1,1,1,1,1,Baptisia perfoliata,accepted,wfo-0000178782,Baptisia perfoliata,Fabaceae,Baptisia,species,TRUE,TRUE,TRUE,single_accepted_id
baptisia simplicifolia,1,1,1,1,1,Baptisia simplicifolia,accepted,wfo-0000178783,Baptisia simplicifolia,Fabaceae,Baptisia,species,TRUE,TRUE,TRUE,single_accepted_id
baptisia sphaerocarpa,1,1,1,1,1,Baptisia sphaerocarpa,accepted,wfo-0000178539,Baptisia sphaerocarpa,Fabaceae,Baptisia,species,TRUE,TRUE,TRUE,single_accepted_id
basella alba,1,1,1,1,1,Basella alba,accepted,wfo-0000823202,Basella alba,Basellaceae,Basella,species,TRUE,TRUE,TRUE,single_accepted_id
bassia scoparia,3,3,1,1,1,Bassia scoparia,accepted | unchecked,wfo-0000561206,Bassia scoparia,Amaranthaceae,Bassia,species,TRUE,TRUE,TRUE,single_accepted_id
bauhinia divaricata,1,1,1,1,1,Bauhinia divaricata,accepted,wfo-0000183531,Bauhinia divaricata,Fabaceae,Bauhinia,species,FALSE,FALSE,TRUE,single_accepted_id
bauhinia glauca,1,1,1,1,1,Bauhinia glauca,synonym,wfo-0001421742,Cheniella glauca,Fabaceae,Cheniella,species,TRUE,TRUE,FALSE,single_accepted_id
bauhinia guianensis,2,2,1,1,1,Bauhinia guianensis,synonym,wfo-0001039685,Schnella guianensis,Fabaceae,Schnella,species,TRUE,TRUE,FALSE,single_accepted_id
bauhinia roxburghiana,1,1,1,1,1,Bauhinia roxburghiana,synonym,wfo-1000003003,Phanera roxburghiana,Fabaceae,Phanera,species,TRUE,TRUE,FALSE,single_accepted_id
bauhinia variegata,1,1,1,1,1,Bauhinia variegata,accepted,wfo-0000213330,Bauhinia variegata,Fabaceae,Bauhinia,species,TRUE,TRUE,TRUE,single_accepted_id
begonia,1,1,1,1,1,Begonia,accepted,wfo-4000004308,Begonia,Begoniaceae,Begonia,genus,TRUE,TRUE,TRUE,single_accepted_id
begonia fagifolia,1,1,1,1,1,Begonia fagifolia,accepted,wfo-0000823967,Begonia fagifolia,Begoniaceae,Begonia,species,TRUE,TRUE,TRUE,single_accepted_id
begonia glabra,3,3,1,1,1,Begonia glabra,accepted | unchecked,wfo-0000824136,Begonia glabra,Begoniaceae,Begonia,species,TRUE,TRUE,TRUE,single_accepted_id
begonia nantoensis,1,1,1,1,1,Begonia nantoensis,accepted,wfo-0000824893,Begonia nantoensis,Begoniaceae,Begonia,species,TRUE,TRUE,TRUE,single_accepted_id
beilschmiedia zenkeri,1,1,1,1,1,Beilschmiedia zenkeri,accepted,wfo-0000562165,Beilschmiedia zenkeri,Lauraceae,Beilschmiedia,species,TRUE,TRUE,TRUE,single_accepted_id
berberis canadensis,1,1,1,1,1,Berberis canadensis,accepted,wfo-0000562916,Berberis canadensis,Berberidaceae,Berberis,species,FALSE,FALSE,TRUE,single_accepted_id
berberis dictyota,1,1,1,1,1,Berberis dictyota,accepted,wfo-0000563082,Berberis dictyota,Berberidaceae,Berberis,species,TRUE,TRUE,TRUE,single_accepted_id
berberis duclouxiana,1,1,1,1,1,Berberis duclouxiana,synonym,wfo-1200094001,Berberis napaulensis var. napaulensis,Berberidaceae,Berberis,variety,TRUE,TRUE,FALSE,single_accepted_id
berberis heteropoda,1,1,1,1,1,Berberis heteropoda,accepted,wfo-0000563267,Berberis heteropoda,Berberidaceae,Berberis,species,TRUE,TRUE,TRUE,single_accepted_id
berberis jamesiana,1,1,1,1,1,Berberis jamesiana,accepted,wfo-0000563355,Berberis jamesiana,Berberidaceae,Berberis,species,FALSE,FALSE,TRUE,single_accepted_id
berberis napaulensis var. napaulensis,1,1,1,1,1,Berberis napaulensis var. napaulensis,accepted,wfo-1200094001,Berberis napaulensis var. napaulensis,Berberidaceae,Berberis,variety,FALSE,FALSE,TRUE,single_accepted_id
berchemia discolor,1,1,1,1,1,Berchemia discolor,accepted,wfo-0000564133,Berchemia discolor,Rhamnaceae,Berchemia,species,TRUE,TRUE,TRUE,single_accepted_id
berchemia floribunda,1,1,1,1,1,Berchemia floribunda,accepted,wfo-0000564139,Berchemia floribunda,Rhamnaceae,Berchemia,species,FALSE,FALSE,TRUE,single_accepted_id
berchemia formosana,1,1,1,1,1,Berchemia formosana,accepted,wfo-0000564142,Berchemia formosana,Rhamnaceae,Berchemia,species,TRUE,TRUE,TRUE,single_accepted_id
berchemia pakistanica,1,1,1,1,1,Berchemia pakistanica,accepted,wfo-0000564170,Berchemia pakistanica,Rhamnaceae,Berchemia,species,TRUE,TRUE,TRUE,single_accepted_id
berchemia racemosa,1,1,1,1,1,Berchemia racemosa,synonym,wfo-0000564139,Berchemia floribunda,Rhamnaceae,Berchemia,species,TRUE,TRUE,FALSE,single_accepted_id
bergenia crassifolia,1,1,1,1,1,Bergenia crassifolia,accepted,wfo-0000564227,Bergenia crassifolia,Saxifragaceae,Bergenia,species,TRUE,TRUE,TRUE,single_accepted_id
bergenia pacumbis,1,1,1,1,1,Bergenia pacumbis,accepted,wfo-0000564245,Bergenia pacumbis,Saxifragaceae,Bergenia,species,TRUE,TRUE,TRUE,single_accepted_id
bergenia purpurascens,1,1,1,1,1,Bergenia purpurascens,accepted,wfo-0000564246,Bergenia purpurascens,Saxifragaceae,Bergenia,species,TRUE,TRUE,TRUE,single_accepted_id
bergenia stracheyi,1,1,1,1,1,Bergenia stracheyi,accepted,wfo-0000564257,Bergenia stracheyi,Saxifragaceae,Bergenia,species,TRUE,TRUE,TRUE,single_accepted_id
bergia capensis,1,1,1,1,1,Bergia capensis,accepted,wfo-0000564313,Bergia capensis,Elatinaceae,Bergia,species,TRUE,TRUE,TRUE,single_accepted_id
berneuxia thibetica,1,1,1,1,1,Berneuxia thibetica,accepted,wfo-0000564405,Berneuxia thibetica,Diapensiaceae,Berneuxia,species,TRUE,TRUE,TRUE,single_accepted_id
bertholletia excelsa,1,1,1,1,1,Bertholletia excelsa,accepted,wfo-0000775013,Bertholletia excelsa,Lecythidaceae,Bertholletia,species,TRUE,TRUE,TRUE,single_accepted_id
beta corolliflora,2,2,1,1,1,Beta corolliflora,accepted | unchecked,wfo-0000564939,Beta corolliflora,Amaranthaceae,Beta,species,TRUE,TRUE,TRUE,single_accepted_id
beta lomatogona,1,1,1,1,1,Beta lomatogona,accepted,wfo-0000564952,Beta lomatogona,Amaranthaceae,Beta,species,TRUE,TRUE,TRUE,single_accepted_id
beta procumbens,2,2,1,1,1,Beta procumbens,synonym,wfo-0000395224,Patellifolia procumbens,Amaranthaceae,Patellifolia,species,TRUE,TRUE,FALSE,single_accepted_id
beta trigyna,1,1,1,1,1,Beta trigyna,accepted,wfo-0000564990,Beta trigyna,Amaranthaceae,Beta,species,TRUE,TRUE,TRUE,single_accepted_id
beta vulgaris,1,1,1,1,1,Beta vulgaris,accepted,wfo-0000564998,Beta vulgaris,Amaranthaceae,Beta,species,TRUE,TRUE,TRUE,single_accepted_id
betula,1,1,1,1,1,Betula,accepted,wfo-4000004547,Betula,Betulaceae,Betula,genus,TRUE,TRUE,TRUE,single_accepted_id
betula * var. intermedia,1,1,1,1,1,Betula × intermedia var. intermedia,accepted,wfo-0001426720,Betula × intermedia var. intermedia,Betulaceae,Betula,variety,FALSE,FALSE,TRUE,single_accepted_id
betula aurata,1,1,1,1,1,Betula aurata,accepted,wfo-0000331222,Betula aurata,Betulaceae,Betula,species,TRUE,TRUE,TRUE,single_accepted_id
betula dahurica,1,1,1,1,1,Betula dahurica,accepted,wfo-0000332124,Betula dahurica,Betulaceae,Betula,species,TRUE,TRUE,TRUE,single_accepted_id
betula davurica,1,1,1,1,1,Betula davurica,accepted,wfo-1000052197,Betula davurica,Betulaceae,Betula,species,TRUE,TRUE,TRUE,single_accepted_id
betula ermanii,1,1,1,1,1,Betula ermanii,accepted,wfo-0000332440,Betula ermanii,Betulaceae,Betula,species,TRUE,TRUE,TRUE,single_accepted_id
betula fruticosa,2,2,1,1,1,Betula fruticosa,accepted | synonym,wfo-0000804735,Betula fruticosa,Betulaceae,Betula,species,TRUE,TRUE,TRUE,single_accepted_id
betula lenta f. lenta,1,1,1,1,1,Betula lenta f. lenta,accepted,wfo-0001214756,Betula lenta f. lenta,Betulaceae,Betula,form,FALSE,FALSE,TRUE,single_accepted_id
betula maximowicziana,1,1,1,1,1,Betula maximowicziana,accepted,wfo-0000334427,Betula maximowicziana,Betulaceae,Betula,species,TRUE,TRUE,TRUE,single_accepted_id
betula papyrifera,1,1,1,1,1,Betula papyrifera,accepted,wfo-0000335192,Betula papyrifera,Betulaceae,Betula,species,TRUE,TRUE,TRUE,single_accepted_id
betula pendula,1,1,1,1,1,Betula pendula,accepted,wfo-0000335449,Betula pendula,Betulaceae,Betula,species,TRUE,TRUE,TRUE,single_accepted_id
betula pendula subsp. mandshurica,1,1,1,1,1,Betula pendula subsp. mandshurica,accepted,wfo-0001362562,Betula pendula subsp. mandshurica,Betulaceae,Betula,subspecies,FALSE,FALSE,TRUE,single_accepted_id
betula platyphylla,1,1,1,1,1,Betula platyphylla,synonym,wfo-0001362562,Betula pendula subsp. mandshurica,Betulaceae,Betula,subspecies,TRUE,TRUE,FALSE,single_accepted_id
betula pubescens var. pubescens,1,1,1,1,1,Betula pubescens var. pubescens,accepted,wfo-0000336212,Betula pubescens var. pubescens,Betulaceae,Betula,variety,FALSE,FALSE,TRUE,single_accepted_id
betula schmidtii,1,1,1,1,1,Betula schmidtii,accepted,wfo-0000336873,Betula schmidtii,Betulaceae,Betula,species,TRUE,TRUE,TRUE,single_accepted_id
biancaea decapetala,1,1,1,1,1,Biancaea decapetala,accepted,wfo-0001056568,Biancaea decapetala,Fabaceae,Biancaea,species,FALSE,FALSE,TRUE,single_accepted_id
biancaea millettii,1,1,1,1,1,Biancaea millettii,accepted,wfo-0001346735,Biancaea millettii,Fabaceae,Biancaea,species,FALSE,FALSE,TRUE,single_accepted_id
biancaea sappan,1,1,1,1,1,Biancaea sappan,accepted,wfo-0000192766,Biancaea sappan,Fabaceae,Biancaea,species,FALSE,FALSE,TRUE,single_accepted_id
bicuiba oleifera,1,1,1,1,1,Bicuiba oleifera,accepted,wfo-0000565132,Bicuiba oleifera,Myristicaceae,Bicuiba,species,TRUE,TRUE,TRUE,single_accepted_id
bidens,1,1,1,1,1,Bidens,accepted,wfo-4000004584,Bidens,Asteraceae,Bidens,genus,TRUE,TRUE,TRUE,single_accepted_id
bidens andicola,1,1,1,1,1,Bidens andicola,accepted,wfo-0000015136,Bidens andicola,Asteraceae,Bidens,species,TRUE,TRUE,TRUE,single_accepted_id
bidens aurea,1,1,1,1,1,Bidens aurea,accepted,wfo-0000035114,Bidens aurea,Asteraceae,Bidens,species,TRUE,TRUE,TRUE,single_accepted_id
bidens campylotheca,1,1,1,1,1,Bidens campylotheca,accepted,wfo-0000080111,Bidens campylotheca,Asteraceae,Bidens,species,TRUE,TRUE,TRUE,single_accepted_id
bidens frondosa,2,2,1,1,1,Bidens frondosa,accepted | unchecked,wfo-0000076245,Bidens frondosa,Asteraceae,Bidens,species,TRUE,TRUE,TRUE,single_accepted_id
bidens pilosa,1,1,1,1,1,Bidens pilosa,accepted,wfo-0000115943,Bidens pilosa,Asteraceae,Bidens,species,TRUE,TRUE,TRUE,single_accepted_id
bidens torta,1,1,1,1,1,Bidens torta,accepted,wfo-0000009171,Bidens torta,Asteraceae,Bidens,species,TRUE,TRUE,TRUE,single_accepted_id
bischofia javanica,1,1,1,1,1,Bischofia javanica,accepted,wfo-0000342237,Bischofia javanica,Phyllanthaceae,Bischofia,species,TRUE,TRUE,TRUE,single_accepted_id
bituminaria acaulis,1,1,1,1,1,Bituminaria acaulis,synonym,wfo-0001443883,Kartalinia acaulis,Fabaceae,Kartalinia,species,TRUE,TRUE,FALSE,single_accepted_id
bituminaria bituminosa,1,1,1,1,1,Bituminaria bituminosa,accepted,wfo-0000212280,Bituminaria bituminosa,Fabaceae,Bituminaria,species,TRUE,TRUE,TRUE,single_accepted_id
bituminaria morisiana,1,1,1,1,1,Bituminaria morisiana,accepted,wfo-0001062205,Bituminaria morisiana,Fabaceae,Bituminaria,species,TRUE,TRUE,TRUE,single_accepted_id
blainvillea acmella,1,1,1,1,1,Blainvillea acmella,accepted,wfo-0000066495,Blainvillea acmella,Asteraceae,Blainvillea,species,FALSE,FALSE,TRUE,single_accepted_id
bletilla striata,1,1,1,1,1,Bletilla striata,accepted,wfo-0000346630,Bletilla striata,Orchidaceae,Bletilla,species,TRUE,TRUE,TRUE,single_accepted_id
blumea balsamifera,1,1,1,1,1,Blumea balsamifera,accepted,wfo-0000002804,Blumea balsamifera,Asteraceae,Blumea,species,TRUE,TRUE,TRUE,single_accepted_id
blumea fistulosa,1,1,1,1,1,Blumea fistulosa,accepted,wfo-0000069656,Blumea fistulosa,Asteraceae,Blumea,species,TRUE,TRUE,TRUE,single_accepted_id
blumea glomerata,1,1,1,1,1,Blumea glomerata,synonym,wfo-0000069656,Blumea fistulosa,Asteraceae,Blumea,species,TRUE,TRUE,FALSE,single_accepted_id
blutaparon portulacoides,1,1,1,1,1,Blutaparon portulacoides,accepted,wfo-0000567004,Blutaparon portulacoides,Amaranthaceae,Blutaparon,species,TRUE,TRUE,TRUE,single_accepted_id
bobgunnia madagascariensis,1,1,1,1,1,Bobgunnia madagascariensis,accepted,wfo-0000192568,Bobgunnia madagascariensis,Fabaceae,Bobgunnia,species,TRUE,TRUE,TRUE,single_accepted_id
boerhavia diffusa,1,1,1,1,1,Boerhavia diffusa,accepted,wfo-0000567916,Boerhavia diffusa,Nyctaginaceae,Boerhavia,species,TRUE,TRUE,TRUE,single_accepted_id
boerhavia repens,1,1,1,1,1,Boerhavia repens,accepted,wfo-0000568062,Boerhavia repens,Nyctaginaceae,Boerhavia,species,TRUE,TRUE,TRUE,single_accepted_id
boesenbergia rotunda,1,1,1,1,1,Boesenbergia rotunda,accepted,wfo-0000341663,Boesenbergia rotunda,Zingiberaceae,Boesenbergia,species,TRUE,TRUE,TRUE,single_accepted_id
bolusanthus speciosus,1,1,1,1,1,Bolusanthus speciosus,accepted,wfo-0000212048,Bolusanthus speciosus,Fabaceae,Bolusanthus,species,TRUE,TRUE,TRUE,single_accepted_id
bombax ceiba,2,2,1,1,1,Bombax ceiba,accepted | synonym,wfo-0000568369,Bombax ceiba,Malvaceae,Bombax,species,TRUE,TRUE,TRUE,single_accepted_id
bonannia graeca,1,1,1,1,1,Bonannia graeca,accepted,wfo-0000568568,Bonannia graeca,Apiaceae,Bonannia,species,TRUE,TRUE,TRUE,single_accepted_id
bonnetia paniculata,1,1,1,1,1,Bonnetia paniculata,accepted,wfo-0000568785,Bonnetia paniculata,Bonnetiaceae,Bonnetia,species,TRUE,TRUE,TRUE,single_accepted_id
borago officinalis,1,1,1,1,1,Borago officinalis,accepted,wfo-0000568964,Borago officinalis,Boraginaceae,Borago,species,TRUE,TRUE,TRUE,single_accepted_id
borkhausenia intermedia,1,1,1,1,1,Borkhausenia intermedia,synonym,wfo-1000007507,Scandosorbus intermedia,Rosaceae,Scandosorbus,species,TRUE,TRUE,FALSE,single_accepted_id
boronia bipinnata,1,1,1,1,1,Boronia bipinnata,synonym,wfo-1000021907,Cyanothamnus bipinnatus,Rutaceae,Cyanothamnus,species,TRUE,TRUE,FALSE,single_accepted_id
boronia coerulescens,1,1,1,1,1,Boronia coerulescens,synonym,wfo-1000021909,Cyanothamnus coerulescens,Rutaceae,Cyanothamnus,species,TRUE,TRUE,FALSE,single_accepted_id
boronia inconspicua,1,1,1,1,1,Boronia inconspicua,synonym,wfo-1000021912,Cyanothamnus inconspicuus,Rutaceae,Cyanothamnus,species,TRUE,TRUE,FALSE,single_accepted_id
boronia ramosa,1,1,1,1,1,Boronia ramosa,synonym,wfo-0000631013,Cyanothamnus ramosus,Rutaceae,Cyanothamnus,species,TRUE,TRUE,FALSE,single_accepted_id
bosistoa medicinalis,1,1,1,1,1,Bosistoa medicinalis,accepted,wfo-0000569600,Bosistoa medicinalis,Rutaceae,Bosistoa,species,TRUE,TRUE,TRUE,single_accepted_id
bowdichia virgilioides,1,1,1,1,1,Bowdichia virgilioides,accepted,wfo-0000164496,Bowdichia virgilioides,Fabaceae,Bowdichia,species,TRUE,TRUE,TRUE,single_accepted_id
brachypterum robustum,1,1,1,1,1,Brachypterum robustum,accepted,wfo-0000205323,Brachypterum robustum,Fabaceae,Brachypterum,species,FALSE,FALSE,TRUE,single_accepted_id
brackenridgea zanguebarica,1,1,1,1,1,Brackenridgea zanguebarica,accepted,wfo-0000570716,Brackenridgea zanguebarica,Ochnaceae,Brackenridgea,species,TRUE,TRUE,TRUE,single_accepted_id
bracteantha acuminata,1,1,1,1,1,Bracteantha acuminata,synonym,wfo-0000130376,Xerochrysum subundulatum,Asteraceae,Xerochrysum,species,TRUE,TRUE,FALSE,single_accepted_id
bracteantha viscosa,2,2,1,1,1,Bracteantha viscosa,synonym,wfo-0000138174,Xerochrysum viscosum,Asteraceae,Xerochrysum,species,TRUE,TRUE,FALSE,single_accepted_id
brainea insignis,1,1,1,1,1,Brainea insignis,accepted,wfo-0001122823,Brainea insignis,Blechnaceae,Brainea,species,TRUE,TRUE,TRUE,single_accepted_id
brassica,1,1,1,1,1,Brassica,accepted,wfo-4000005345,Brassica,Brassicaceae,Brassica,genus,TRUE,TRUE,TRUE,single_accepted_id
brassica carinata,1,1,1,1,1,Brassica carinata,accepted,wfo-0000570995,Brassica carinata,Brassicaceae,Brassica,species,TRUE,TRUE,TRUE,single_accepted_id
brassica oleracea,1,1,1,1,1,Brassica oleracea,accepted,wfo-0000571350,Brassica oleracea,Brassicaceae,Brassica,species,TRUE,TRUE,TRUE,single_accepted_id
breynia disticha,1,1,1,1,1,Breynia disticha,accepted,wfo-0000412108,Breynia disticha,Phyllanthaceae,Breynia,species,FALSE,FALSE,TRUE,single_accepted_id
breynia fruticosa,1,1,1,1,1,Breynia fruticosa,accepted,wfo-0001049253,Breynia fruticosa,Phyllanthaceae,Breynia,species,TRUE,TRUE,TRUE,single_accepted_id
breynia vitis-idaea,1,1,1,1,1,Breynia vitis-idaea,accepted,wfo-0000415036,Breynia vitis-idaea,Phyllanthaceae,Breynia,species,TRUE,TRUE,TRUE,single_accepted_id
brickellia vernicosa,1,1,1,1,1,Brickellia vernicosa,accepted,wfo-0000073926,Brickellia vernicosa,Asteraceae,Brickellia,species,TRUE,TRUE,TRUE,single_accepted_id
bridelia ferruginea,1,1,1,1,1,Bridelia ferruginea,accepted,wfo-0000418247,Bridelia ferruginea,Phyllanthaceae,Bridelia,species,TRUE,TRUE,TRUE,single_accepted_id
bridelia retusa,1,1,1,1,1,Bridelia retusa,accepted,wfo-0000424897,Bridelia retusa,Phyllanthaceae,Bridelia,species,TRUE,TRUE,TRUE,single_accepted_id
brongniartia intermedia,1,1,1,1,1,Brongniartia intermedia,accepted,wfo-0001054422,Brongniartia intermedia,Fabaceae,Brongniartia,species,TRUE,TRUE,TRUE,single_accepted_id
brongniartia podalyrioides,1,1,1,1,1,Brongniartia podalyrioides,accepted,wfo-0000173956,Brongniartia podalyrioides,Fabaceae,Brongniartia,species,TRUE,TRUE,TRUE,single_accepted_id
brosimum acutifolium,1,1,1,1,1,Brosimum acutifolium,accepted,wfo-0000572376,Brosimum acutifolium,Moraceae,Brosimum,species,TRUE,TRUE,TRUE,single_accepted_id
brosimum gaudichaudii,1,1,1,1,1,Brosimum gaudichaudii,accepted,wfo-0000572399,Brosimum gaudichaudii,Moraceae,Brosimum,species,TRUE,TRUE,TRUE,single_accepted_id
brosimum lactescens,1,1,1,1,1,Brosimum lactescens,accepted,wfo-0000572414,Brosimum lactescens,Moraceae,Brosimum,species,TRUE,TRUE,TRUE,single_accepted_id
broussonetia kazinoki,1,1,1,1,1,Broussonetia kazinoki,accepted,wfo-0000572564,Broussonetia kazinoki,Moraceae,Broussonetia,species,TRUE,TRUE,TRUE,single_accepted_id
broussonetia papyrifera,1,1,1,1,1,Broussonetia papyrifera,accepted,wfo-0000572577,Broussonetia papyrifera,Moraceae,Broussonetia,species,TRUE,TRUE,TRUE,single_accepted_id
browallia,1,1,1,1,1,Browallia,accepted,wfo-4000005510,Browallia,Solanaceae,Browallia,genus,FALSE,FALSE,TRUE,single_accepted_id
brucea javanica,1,1,1,1,1,Brucea javanica,accepted,wfo-0000572705,Brucea javanica,Simaroubaceae,Brucea,species,TRUE,TRUE,TRUE,single_accepted_id
brya ebenus,1,1,1,1,1,Brya ebenus,accepted,wfo-0000173962,Brya ebenus,Fabaceae,Brya,species,TRUE,TRUE,TRUE,single_accepted_id
bryobium erioides,1,1,1,1,1,Bryobium erioides,accepted,wfo-0000341978,Bryobium erioides,Orchidaceae,Bryobium,species,FALSE,FALSE,TRUE,single_accepted_id
bryum capillare,1,1,1,1,1,Bryum capillare,synonym,wfo-0001201518,Rosulabryum capillare,Bryaceae,Rosulabryum,species,TRUE,TRUE,FALSE,single_accepted_id
bucida buceras,1,1,1,1,1,Bucida buceras,synonym,wfo-0001296365,Terminalia buceras,Combretaceae,Terminalia,species,TRUE,TRUE,FALSE,single_accepted_id
buddleja madagascariensis,1,1,1,1,1,Buddleja madagascariensis,accepted,wfo-0000574137,Buddleja madagascariensis,Scrophulariaceae,Buddleja,species,TRUE,TRUE,TRUE,single_accepted_id
buddleja parviflora,1,1,1,1,1,Buddleja parviflora,accepted,wfo-0000574189,Buddleja parviflora,Scrophulariaceae,Buddleja,species,TRUE,TRUE,TRUE,single_accepted_id
bulbophyllum kwangtungense,1,1,1,1,1,Bulbophyllum kwangtungense,accepted,wfo-0000525354,Bulbophyllum kwangtungense,Orchidaceae,Bulbophyllum,species,TRUE,TRUE,TRUE,single_accepted_id
bulbophyllum odoratissimum,2,2,1,1,1,Bulbophyllum odoratissimum,accepted | synonym,wfo-0000568969,Bulbophyllum odoratissimum,Orchidaceae,Bulbophyllum,species,FALSE,TRUE,TRUE,single_accepted_id
bulbostylis barbata,2,2,1,1,1,Bulbostylis barbata,accepted | unchecked,wfo-0000342079,Bulbostylis barbata,Cyperaceae,Bulbostylis,species,TRUE,TRUE,TRUE,single_accepted_id
bulbostylis densa,1,1,1,1,1,Bulbostylis densa,accepted,wfo-0000342153,Bulbostylis densa,Cyperaceae,Bulbostylis,species,TRUE,TRUE,TRUE,single_accepted_id
bulbostylis humilis,1,1,1,1,1,Bulbostylis humilis,accepted,wfo-0000342220,Bulbostylis humilis,Cyperaceae,Bulbostylis,species,FALSE,FALSE,TRUE,single_accepted_id
buphthalmum salicifolium,1,1,1,1,1,Buphthalmum salicifolium,accepted,wfo-0000082220,Buphthalmum salicifolium,Asteraceae,Buphthalmum,species,TRUE,TRUE,TRUE,single_accepted_id
bupleurum chinense,2,2,1,1,1,Bupleurum chinense,accepted | synonym,wfo-0000575152,Bupleurum chinense,Apiaceae,Bupleurum,species,TRUE,TRUE,TRUE,single_accepted_id
burkea africana,1,1,1,1,1,Burkea africana,accepted,wfo-0000214110,Burkea africana,Fabaceae,Burkea,species,TRUE,TRUE,TRUE,single_accepted_id
bursera leptophloeos,1,1,1,1,1,Bursera leptophloeos,synonym,wfo-0000617344,Commiphora leptophloeos,Burseraceae,Commiphora,species,TRUE,TRUE,FALSE,single_accepted_id
butea frondosa,2,2,1,1,1,Butea frondosa,synonym,wfo-0000184561,Butea monosperma,Fabaceae,Butea,species,TRUE,TRUE,FALSE,single_accepted_id
butea monosperma,2,2,1,1,1,Butea monosperma,accepted | unchecked,wfo-0000184561,Butea monosperma,Fabaceae,Butea,species,TRUE,TRUE,TRUE,single_accepted_id
byrsonima coccolobifolia,1,1,1,1,1,Byrsonima coccolobifolia,accepted,wfo-0000576768,Byrsonima coccolobifolia,Malpighiaceae,Byrsonima,species,TRUE,TRUE,TRUE,single_accepted_id
byrsonima microphylla,1,1,1,1,1,Byrsonima microphylla,accepted,wfo-0000576944,Byrsonima microphylla,Malpighiaceae,Byrsonima,species,TRUE,TRUE,TRUE,single_accepted_id
byrsonima verbascifolia,1,1,1,1,1,Byrsonima verbascifolia,accepted,wfo-0000577076,Byrsonima verbascifolia,Malpighiaceae,Byrsonima,species,FALSE,FALSE,TRUE,single_accepted_id
caesalpinia benthamiana,1,1,1,1,1,Caesalpinia benthamiana,synonym,wfo-0000195047,Mezoneuron benthamianum,Fabaceae,Mezoneuron,species,TRUE,TRUE,FALSE,single_accepted_id
caesalpinia decapetala,1,1,1,1,1,Caesalpinia decapetala,synonym,wfo-0001056568,Biancaea decapetala,Fabaceae,Biancaea,species,TRUE,TRUE,FALSE,single_accepted_id
caesalpinia millettii,1,1,1,1,1,Caesalpinia millettii,synonym,wfo-0001346735,Biancaea millettii,Fabaceae,Biancaea,species,TRUE,TRUE,FALSE,single_accepted_id
caesalpinia pulcherrima,1,1,1,1,1,Caesalpinia pulcherrima,accepted,wfo-0000214363,Caesalpinia pulcherrima,Fabaceae,Caesalpinia,species,TRUE,TRUE,TRUE,single_accepted_id
caesalpinia sappan,1,1,1,1,1,Caesalpinia sappan,synonym,wfo-0000192766,Biancaea sappan,Fabaceae,Biancaea,species,TRUE,TRUE,FALSE,single_accepted_id
calamus draco,1,1,1,1,1,Calamus draco,accepted,wfo-0000755403,Calamus draco,Arecaceae,Calamus,species,TRUE,TRUE,TRUE,single_accepted_id
calanticaria bicolor,1,1,1,1,1,Calanticaria bicolor,accepted,wfo-0000019742,Calanticaria bicolor,Asteraceae,Calanticaria,species,TRUE,TRUE,TRUE,single_accepted_id
calanticaria brevifolia,1,1,1,1,1,Calanticaria brevifolia,accepted,wfo-0000069779,Calanticaria brevifolia,Asteraceae,Calanticaria,species,TRUE,TRUE,TRUE,single_accepted_id
calanticaria greggii,1,1,1,1,1,Calanticaria greggii,accepted,wfo-0000028519,Calanticaria greggii,Asteraceae,Calanticaria,species,TRUE,TRUE,TRUE,single_accepted_id
calceolaria hypericina,1,1,1,1,1,Calceolaria hypericina,accepted,wfo-0000579600,Calceolaria hypericina,Calceolariaceae,Calceolaria,species,TRUE,TRUE,TRUE,single_accepted_id
calciphilopteris ludens,1,1,1,1,1,Calciphilopteris ludens,accepted,wfo-0001038988,Calciphilopteris ludens,Pteridaceae,Calciphilopteris,species,FALSE,FALSE,TRUE,single_accepted_id
calea cuneifolia,1,1,1,1,1,Calea cuneifolia,accepted,wfo-0000122967,Calea cuneifolia,Asteraceae,Calea,species,TRUE,TRUE,TRUE,single_accepted_id
calea mediterranea,1,1,1,1,1,Calea mediterranea,accepted,wfo-0000075720,Calea mediterranea,Asteraceae,Calea,species,TRUE,TRUE,TRUE,single_accepted_id
calea platylepis,1,1,1,1,1,Calea platylepis,synonym,wfo-0000075720,Calea mediterranea,Asteraceae,Calea,species,TRUE,TRUE,FALSE,single_accepted_id
calia secundiflora,2,2,1,1,1,Calia secundiflora,synonym,wfo-0001042783,Dermatophyllum secundiflorum,Fabaceae,Dermatophyllum,species,TRUE,TRUE,FALSE,single_accepted_id
calicotome villosa,1,1,1,1,1,Calicotome villosa,accepted,wfo-0000213265,Calicotome villosa,Fabaceae,Calicotome,species,TRUE,TRUE,TRUE,single_accepted_id
callerya nitida,1,1,1,1,1,Callerya nitida,accepted,wfo-0000193070,Callerya nitida,Fabaceae,Callerya,species,FALSE,FALSE,TRUE,single_accepted_id
callerya reticulata,1,1,1,1,1,Callerya reticulata,synonym,wfo-0001444210,Wisteriopsis reticulata,Fabaceae,Wisteriopsis,species,TRUE,TRUE,FALSE,single_accepted_id
callerya speciosa,1,1,1,1,1,Callerya speciosa,synonym,wfo-0001444004,Nanhaia speciosa,Fabaceae,Nanhaia,species,TRUE,TRUE,FALSE,single_accepted_id
calliandra haematocephala,1,1,1,1,1,Calliandra haematocephala,accepted,wfo-0000173553,Calliandra haematocephala,Fabaceae,Calliandra,species,TRUE,TRUE,TRUE,single_accepted_id
calliandra inermis,1,1,1,1,1,Calliandra inermis,synonym,wfo-0001427508,Vachellia leucophloea var. leucophloea,Fabaceae,Vachellia,variety,TRUE,TRUE,FALSE,single_accepted_id
callicarpa nudiflora,1,1,1,1,1,Callicarpa nudiflora,accepted,wfo-0000770265,Callicarpa nudiflora,Lamiaceae,Callicarpa,species,TRUE,TRUE,TRUE,single_accepted_id
calligonum leucocladum,1,1,1,1,1,Calligonum leucocladum,accepted,wfo-0000580446,Calligonum leucocladum,Polygonaceae,Calligonum,species,TRUE,TRUE,TRUE,single_accepted_id
callistemon speciosus,2,2,1,1,1,Callistemon speciosus,synonym,wfo-0001428941,Melaleuca glauca,Myrtaceae,Melaleuca,species,TRUE,TRUE,FALSE,single_accepted_id
calluna vulgaris,1,1,1,1,1,Calluna vulgaris,accepted,wfo-0000580837,Calluna vulgaris,Ericaceae,Calluna,species,TRUE,TRUE,TRUE,single_accepted_id
caloncoba glauca,1,1,1,1,1,Caloncoba glauca,accepted,wfo-0000923629,Caloncoba glauca,Achariaceae,Caloncoba,species,TRUE,TRUE,TRUE,single_accepted_id
calophyllum calaba var. bracteatum,1,1,1,1,1,Calophyllum calaba var. bracteatum,accepted,wfo-0000581075,Calophyllum calaba var. bracteatum,Calophyllaceae,Calophyllum,variety,FALSE,FALSE,TRUE,single_accepted_id
calophyllum dispar,1,1,1,1,1,Calophyllum dispar,accepted,wfo-0000581123,Calophyllum dispar,Calophyllaceae,Calophyllum,species,TRUE,TRUE,TRUE,single_accepted_id
calophyllum enervosum,1,1,1,1,1,Calophyllum enervosum,accepted,wfo-0000581135,Calophyllum enervosum,Calophyllaceae,Calophyllum,species,TRUE,TRUE,TRUE,single_accepted_id
calophyllum inophyllum,1,1,1,1,1,Calophyllum inophyllum,accepted,wfo-0000581184,Calophyllum inophyllum,Calophyllaceae,Calophyllum,species,TRUE,TRUE,TRUE,single_accepted_id
calophyllum pauciflorum,1,1,1,1,1,Calophyllum pauciflorum,accepted,wfo-0000581270,Calophyllum pauciflorum,Calophyllaceae,Calophyllum,species,TRUE,TRUE,TRUE,single_accepted_id
calopogonium,1,1,1,1,1,Calopogonium,accepted,wfo-4000006176,Calopogonium,Fabaceae,Calopogonium,genus,TRUE,TRUE,TRUE,single_accepted_id
calopogonium mucunoides,1,1,1,1,1,Calopogonium mucunoides,accepted,wfo-0000179119,Calopogonium mucunoides,Fabaceae,Calopogonium,species,TRUE,TRUE,TRUE,single_accepted_id
calycolpus warszewiczianus,1,1,1,1,1,Calycolpus warszewiczianus,accepted,wfo-0001086184,Calycolpus warszewiczianus,Myrtaceae,Calycolpus,species,TRUE,TRUE,TRUE,single_accepted_id
calycopteris floribunda,1,1,1,1,1,Calycopteris floribunda,synonym,wfo-0000702472,Getonia floribunda,Combretaceae,Getonia,species,TRUE,TRUE,FALSE,single_accepted_id
calytrix ecalycata,1,1,1,1,1,Calytrix ecalycata,accepted,wfo-0000789711,Calytrix ecalycata,Myrtaceae,Calytrix,species,TRUE,TRUE,TRUE,single_accepted_id
camellia crassicolumna,1,1,1,1,1,Camellia crassicolumna,synonym,wfo-0000582444,Camellia kwangsiensis var. kwangnanica,Theaceae,Camellia,variety,TRUE,TRUE,FALSE,single_accepted_id
camellia flavida var. flavida,1,1,1,1,1,Camellia flavida var. flavida,accepted,wfo-0001281906,Camellia flavida var. flavida,Theaceae,Camellia,variety,FALSE,FALSE,TRUE,single_accepted_id
camellia japonica,1,1,1,1,1,Camellia japonica,accepted,wfo-0000582404,Camellia japonica,Theaceae,Camellia,species,TRUE,TRUE,TRUE,single_accepted_id
camellia kwangsiensis var. kwangnanica,1,1,1,1,1,Camellia kwangsiensis var. kwangnanica,accepted,wfo-0000582444,Camellia kwangsiensis var. kwangnanica,Theaceae,Camellia,variety,FALSE,FALSE,TRUE,single_accepted_id
camellia oleifera,1,1,1,1,1,Camellia oleifera,accepted,wfo-0000582552,Camellia oleifera,Theaceae,Camellia,species,TRUE,TRUE,TRUE,single_accepted_id
camellia reticulata,1,1,1,1,1,Camellia reticulata,accepted,wfo-0000582626,Camellia reticulata,Theaceae,Camellia,species,TRUE,TRUE,TRUE,single_accepted_id
camellia sinensis,2,2,1,1,1,Camellia sinensis,accepted | unchecked,wfo-0000582676,Camellia sinensis,Theaceae,Camellia,species,TRUE,TRUE,TRUE,single_accepted_id
camellia taliensis,1,1,1,1,1,Camellia taliensis,accepted,wfo-0000582705,Camellia taliensis,Theaceae,Camellia,species,TRUE,TRUE,TRUE,single_accepted_id
campanula glomerata,1,1,1,1,1,Campanula glomerata,accepted,wfo-0000827269,Campanula glomerata,Campanulaceae,Campanula,species,FALSE,FALSE,TRUE,single_accepted_id
campanula speciosa,1,1,1,1,1,Campanula speciosa,accepted,wfo-0000829003,Campanula speciosa,Campanulaceae,Campanula,species,FALSE,FALSE,TRUE,single_accepted_id
campomanesia lineatifolia,1,1,1,1,1,Campomanesia lineatifolia,accepted,wfo-0000793396,Campomanesia lineatifolia,Myrtaceae,Campomanesia,species,TRUE,TRUE,TRUE,single_accepted_id
campylopus clavatus,1,1,1,1,1,Campylopus clavatus,accepted,wfo-0001178579,Campylopus clavatus,Leucobryaceae,Campylopus,species,TRUE,TRUE,TRUE,single_accepted_id
campylospermum flavum,1,1,1,1,1,Campylospermum flavum,accepted,wfo-0000583248,Campylospermum flavum,Ochnaceae,Campylospermum,species,TRUE,TRUE,TRUE,single_accepted_id
campylotropis hirtella,1,1,1,1,1,Campylotropis hirtella,accepted,wfo-0000197754,Campylotropis hirtella,Fabaceae,Campylotropis,species,TRUE,TRUE,TRUE,single_accepted_id
canarium luzonicum,1,1,1,1,1,Canarium luzonicum,accepted,wfo-0000583598,Canarium luzonicum,Burseraceae,Canarium,species,FALSE,FALSE,TRUE,single_accepted_id
canavalia rosea,1,1,1,1,1,Canavalia rosea,accepted,wfo-0000189858,Canavalia rosea,Fabaceae,Canavalia,species,TRUE,TRUE,TRUE,single_accepted_id
capsicum annuum,2,2,1,1,1,Capsicum annuum,accepted | synonym,wfo-0001019982,Capsicum annuum,Solanaceae,Capsicum,species,TRUE,TRUE,TRUE,single_accepted_id
caragana acanthophylla,1,1,1,1,1,Caragana acanthophylla,accepted,wfo-0000186882,Caragana acanthophylla,Fabaceae,Caragana,species,TRUE,TRUE,TRUE,single_accepted_id
caragana alaica,1,1,1,1,1,Caragana alaica,accepted,wfo-0000208437,Caragana alaica,Fabaceae,Caragana,species,TRUE,TRUE,TRUE,single_accepted_id
caragana ambigua,1,1,1,1,1,Caragana ambigua,accepted,wfo-0000186072,Caragana ambigua,Fabaceae,Caragana,species,TRUE,TRUE,TRUE,single_accepted_id
caragana arborescens,4,4,1,1,1,Caragana arborescens | Caragana arborescens lus. acuta | Caragana arborescens lus. angustifolia | Caragana arborescens lus. obovata,accepted | synonym,wfo-0000213639,Caragana arborescens,Fabaceae,Caragana,species,TRUE,TRUE,TRUE,single_accepted_id
caragana aurantiaca,1,1,1,1,1,Caragana aurantiaca,accepted,wfo-0000194793,Caragana aurantiaca,Fabaceae,Caragana,species,TRUE,TRUE,TRUE,single_accepted_id
caragana boisii,1,1,1,1,1,Caragana boisii,accepted,wfo-0000186884,Caragana boisii,Fabaceae,Caragana,species,TRUE,TRUE,TRUE,single_accepted_id
caragana brevispina,1,1,1,1,1,Caragana brevispina,accepted,wfo-0000186070,Caragana brevispina,Fabaceae,Caragana,species,TRUE,TRUE,TRUE,single_accepted_id
caragana conferta,1,1,1,1,1,Caragana conferta,accepted,wfo-0000186887,Caragana conferta,Fabaceae,Caragana,species,TRUE,TRUE,TRUE,single_accepted_id
caragana decorticans,1,1,1,1,1,Caragana decorticans,accepted,wfo-0000186067,Caragana decorticans,Fabaceae,Caragana,species,TRUE,TRUE,TRUE,single_accepted_id
caragana densa,1,1,1,1,1,Caragana densa,accepted,wfo-0000186077,Caragana densa,Fabaceae,Caragana,species,TRUE,TRUE,TRUE,single_accepted_id
caragana erinacea,1,1,1,1,1,Caragana erinacea,accepted,wfo-0000186606,Caragana erinacea,Fabaceae,Caragana,species,TRUE,TRUE,TRUE,single_accepted_id
caragana franchetiana,1,1,1,1,1,Caragana franchetiana,accepted,wfo-0000186078,Caragana franchetiana,Fabaceae,Caragana,species,TRUE,TRUE,TRUE,single_accepted_id
caragana frutex,1,1,1,1,1,Caragana frutex,accepted,wfo-0000213640,Caragana frutex,Fabaceae,Caragana,species,TRUE,TRUE,TRUE,single_accepted_id
caragana fruticosa,2,2,1,1,1,Caragana fruticosa,synonym,wfo-0000213639,Caragana arborescens,Fabaceae,Caragana,species,TRUE,TRUE,FALSE,single_accepted_id
caragana gerardiana,1,1,1,1,1,Caragana gerardiana,accepted,wfo-0000186890,Caragana gerardiana,Fabaceae,Caragana,species,TRUE,TRUE,TRUE,single_accepted_id
caragana grandiflora,1,1,1,1,1,Caragana grandiflora,accepted,wfo-0000213641,Caragana grandiflora,Fabaceae,Caragana,species,TRUE,TRUE,TRUE,single_accepted_id
caragana jubata,1,1,1,1,1,Caragana jubata,accepted,wfo-0000194798,Caragana jubata,Fabaceae,Caragana,species,TRUE,TRUE,TRUE,single_accepted_id
caragana kirghisorum,1,1,1,1,1,Caragana kirghisorum,accepted,wfo-0000186052,Caragana kirghisorum,Fabaceae,Caragana,species,TRUE,TRUE,TRUE,single_accepted_id
caragana laeta,1,1,1,1,1,Caragana laeta,accepted,wfo-0000186053,Caragana laeta,Fabaceae,Caragana,species,TRUE,TRUE,TRUE,single_accepted_id
caragana microphylla,1,1,1,1,1,Caragana microphylla,accepted,wfo-0000194800,Caragana microphylla,Fabaceae,Caragana,species,TRUE,TRUE,TRUE,single_accepted_id
caragana pekinensis,1,1,1,1,1,Caragana pekinensis,accepted,wfo-0000186076,Caragana pekinensis,Fabaceae,Caragana,species,TRUE,TRUE,TRUE,single_accepted_id
caragana pleiophylla,1,1,1,1,1,Caragana pleiophylla,accepted,wfo-0000186607,Caragana pleiophylla,Fabaceae,Caragana,species,TRUE,TRUE,TRUE,single_accepted_id
caragana pumila,1,1,1,1,1,Caragana pumila,accepted,wfo-0000186051,Caragana pumila,Fabaceae,Caragana,species,TRUE,TRUE,TRUE,single_accepted_id
caragana pygmaea,4,4,1,1,1,Caragana pygmaea | Caragana pygmaea lus. brevifolia | Caragana pygmaea lus. latifolia,accepted | synonym | unchecked,wfo-0000186050,Caragana pygmaea,Fabaceae,Caragana,species,TRUE,TRUE,TRUE,single_accepted_id
caragana sinica,1,1,1,1,1,Caragana sinica,accepted,wfo-0000186069,Caragana sinica,Fabaceae,Caragana,species,TRUE,TRUE,TRUE,single_accepted_id
caragana sophorifolia,1,1,1,1,1,Caragana sophorifolia,synonym,wfo-0000213639,Caragana arborescens,Fabaceae,Caragana,species,TRUE,TRUE,FALSE,single_accepted_id
caragana spinosa,2,2,1,1,1,Caragana spinosa,accepted | unchecked,wfo-0001061289,Caragana spinosa,Fabaceae,Caragana,species,TRUE,TRUE,TRUE,single_accepted_id
caragana stenophylla,1,1,1,1,1,Caragana stenophylla,accepted,wfo-0000186047,Caragana stenophylla,Fabaceae,Caragana,species,TRUE,TRUE,TRUE,single_accepted_id
caragana tangutica,2,2,1,1,1,Caragana tangutica,accepted | unchecked,wfo-0001059054,Caragana tangutica,Fabaceae,Caragana,species,TRUE,TRUE,TRUE,single_accepted_id
caragana tibetica,1,1,1,1,1,Caragana tibetica,accepted,wfo-0000186075,Caragana tibetica,Fabaceae,Caragana,species,TRUE,TRUE,TRUE,single_accepted_id
caragana turkestanica,1,1,1,1,1,Caragana turkestanica,accepted,wfo-0000186609,Caragana turkestanica,Fabaceae,Caragana,species,TRUE,TRUE,TRUE,single_accepted_id
caragana ussuriensis,1,1,1,1,1,Caragana ussuriensis,accepted,wfo-0000186045,Caragana ussuriensis,Fabaceae,Caragana,species,TRUE,TRUE,TRUE,single_accepted_id
caragana zahlbruckneri,2,2,1,1,1,Caragana zahlbruckneri,accepted | unchecked,wfo-0001060759,Caragana zahlbruckneri,Fabaceae,Caragana,species,TRUE,TRUE,TRUE,single_accepted_id
carallia brachiata,1,1,1,1,1,Carallia brachiata,accepted,wfo-0000586012,Carallia brachiata,Rhizophoraceae,Carallia,species,TRUE,TRUE,TRUE,single_accepted_id
carapa guianensis,1,1,1,1,1,Carapa guianensis,accepted,wfo-0000586378,Carapa guianensis,Meliaceae,Carapa,species,TRUE,TRUE,TRUE,single_accepted_id
carduus tenuiflorus,1,1,1,1,1,Carduus tenuiflorus,accepted,wfo-0000003240,Carduus tenuiflorus,Asteraceae,Carduus,species,TRUE,TRUE,TRUE,single_accepted_id
carex appressa,1,1,1,1,1,Carex appressa,accepted,wfo-0000344481,Carex appressa,Cyperaceae,Carex,species,TRUE,TRUE,TRUE,single_accepted_id
carlina acaulis,3,3,1,1,1,Carlina acaulis,accepted | unchecked,wfo-0000090349,Carlina acaulis,Asteraceae,Carlina,species,TRUE,TRUE,TRUE,single_accepted_id
carpesium lipskyi,1,1,1,1,1,Carpesium lipskyi,accepted,wfo-0000039860,Carpesium lipskyi,Asteraceae,Carpesium,species,TRUE,TRUE,TRUE,single_accepted_id
carpesium longifolium,1,1,1,1,1,Carpesium longifolium,accepted,wfo-0000043249,Carpesium longifolium,Asteraceae,Carpesium,species,TRUE,TRUE,TRUE,single_accepted_id
carpesium macrocephalum,1,1,1,1,1,Carpesium macrocephalum,accepted,wfo-0000074447,Carpesium macrocephalum,Asteraceae,Carpesium,species,TRUE,TRUE,TRUE,single_accepted_id
carpha nivicola,1,1,1,1,1,Carpha nivicola,accepted,wfo-0000352845,Carpha nivicola,Cyperaceae,Carpha,species,TRUE,TRUE,TRUE,single_accepted_id
carpinus cordata,1,1,1,1,1,Carpinus cordata,accepted,wfo-0000804828,Carpinus cordata,Betulaceae,Carpinus,species,TRUE,TRUE,TRUE,single_accepted_id
carpobrotus edulis,1,1,1,1,1,Carpobrotus edulis,accepted,wfo-0000588263,Carpobrotus edulis,Aizoaceae,Carpobrotus,species,TRUE,TRUE,TRUE,single_accepted_id
carthamus lanatus,1,1,1,1,1,Carthamus lanatus,accepted,wfo-0000116437,Carthamus lanatus,Asteraceae,Carthamus,species,TRUE,TRUE,TRUE,single_accepted_id
carthamus tinctorius,1,1,1,1,1,Carthamus tinctorius,accepted,wfo-0000024004,Carthamus tinctorius,Asteraceae,Carthamus,species,TRUE,TRUE,TRUE,single_accepted_id
carum carvi,1,1,1,1,1,Carum carvi,accepted,wfo-0000588460,Carum carvi,Apiaceae,Carum,species,TRUE,TRUE,TRUE,single_accepted_id
carya illinoinensis,1,1,1,1,1,Carya illinoinensis,accepted,wfo-0000588763,Carya illinoinensis,Juglandaceae,Carya,species,TRUE,TRUE,TRUE,single_accepted_id
cascabela thevetia,1,1,1,1,1,Cascabela thevetia,accepted,wfo-0000810099,Cascabela thevetia,Apocynaceae,Cascabela,species,FALSE,FALSE,TRUE,single_accepted_id
casearia clarkei,1,1,1,1,1,Casearia clarkei,accepted,wfo-0000923895,Casearia clarkei,Salicaceae,Casearia,species,TRUE,TRUE,TRUE,single_accepted_id
cassia,1,1,1,1,1,Cassia,accepted,wfo-4000006902,Cassia,Fabaceae,Cassia,genus,TRUE,TRUE,TRUE,single_accepted_id
cassia abbreviata,1,1,1,1,1,Cassia abbreviata,accepted,wfo-0000214576,Cassia abbreviata,Fabaceae,Cassia,species,TRUE,TRUE,TRUE,single_accepted_id
cassia ferruginea var. velloziana,1,1,1,1,1,Cassia ferruginea var. velloziana,accepted,wfo-0001319996,Cassia ferruginea var. velloziana,Fabaceae,Cassia,variety,FALSE,FALSE,TRUE,single_accepted_id
cassia fistula,1,1,1,1,1,Cassia fistula,accepted,wfo-0000163802,Cassia fistula,Fabaceae,Cassia,species,TRUE,TRUE,TRUE,single_accepted_id
cassia grandis,1,1,1,1,1,Cassia grandis,accepted,wfo-0000163908,Cassia grandis,Fabaceae,Cassia,species,TRUE,TRUE,TRUE,single_accepted_id
cassia javanica subsp. nodosa,1,1,1,1,1,Cassia javanica subsp. nodosa,accepted,wfo-0000164147,Cassia javanica subsp. nodosa,Fabaceae,Cassia,subspecies,FALSE,FALSE,TRUE,single_accepted_id
cassia javanica subsp. renigera,1,1,1,1,1,Cassia javanica subsp. renigera,accepted,wfo-0000203409,Cassia javanica subsp. renigera,Fabaceae,Cassia,subspecies,FALSE,FALSE,TRUE,single_accepted_id
cassia nodosa,1,1,1,1,1,Cassia nodosa,synonym,wfo-0000164147,Cassia javanica subsp. nodosa,Fabaceae,Cassia,subspecies,TRUE,TRUE,FALSE,single_accepted_id
cassia renigera,1,1,1,1,1,Cassia renigera,synonym,wfo-0000203409,Cassia javanica subsp. renigera,Fabaceae,Cassia,subspecies,TRUE,TRUE,FALSE,single_accepted_id
cassia roxburghii,1,1,1,1,1,Cassia roxburghii,accepted,wfo-0000164654,Cassia roxburghii,Fabaceae,Cassia,species,TRUE,TRUE,TRUE,single_accepted_id
cassia sieberi,1,1,1,1,1,Cassia sieberi,synonym,wfo-0000183557,Senna sulfurea,Fabaceae,Senna,species,TRUE,TRUE,FALSE,single_accepted_id
cassia sieberiana,1,1,1,1,1,Cassia sieberiana,accepted,wfo-0000164753,Cassia sieberiana,Fabaceae,Cassia,species,TRUE,TRUE,TRUE,single_accepted_id
cassia trachypus,1,1,1,1,1,Cassia trachypus,synonym,wfo-0000182235,Senna trachypus,Fabaceae,Senna,species,TRUE,TRUE,FALSE,single_accepted_id
cassinia arcuata,1,1,1,1,1,Cassinia arcuata,accepted,wfo-0000067092,Cassinia arcuata,Asteraceae,Cassinia,species,TRUE,TRUE,TRUE,single_accepted_id
cassipourea gummiflua,1,1,1,1,1,Cassipourea gummiflua,accepted,wfo-0000589636,Cassipourea gummiflua,Rhizophoraceae,Cassipourea,species,TRUE,TRUE,TRUE,single_accepted_id
cassipourea malosana,1,1,1,1,1,Cassipourea malosana,accepted,wfo-0000589662,Cassipourea malosana,Rhizophoraceae,Cassipourea,species,TRUE,TRUE,TRUE,single_accepted_id
castanea,2,2,1,1,1,Castanea,accepted | unchecked,wfo-4000006925,Castanea,Fagaceae,Castanea,genus,TRUE,TRUE,TRUE,single_accepted_id
castanea mollissima,1,1,1,1,1,Castanea mollissima,accepted,wfo-0000811992,Castanea mollissima,Fagaceae,Castanea,species,TRUE,TRUE,TRUE,single_accepted_id
castanea sativa,1,1,1,1,1,Castanea sativa,accepted,wfo-0000812271,Castanea sativa,Fagaceae,Castanea,species,TRUE,TRUE,TRUE,single_accepted_id
castanopsis kuchugouzhui,1,1,1,1,1,Castanopsis kuchugouzhui,accepted,wfo-0001062572,Castanopsis kuchugouzhui,Fagaceae,Castanopsis,species,FALSE,FALSE,TRUE,single_accepted_id
castanopsis purpurella,1,1,1,1,1,Castanopsis purpurella,accepted,wfo-0000814888,Castanopsis purpurella,Fagaceae,Castanopsis,species,TRUE,TRUE,TRUE,single_accepted_id
castanopsis purpurella subsp. purpurella,1,1,1,1,1,Castanopsis purpurella subsp. purpurella,accepted,wfo-0000814910,Castanopsis purpurella subsp. purpurella,Fagaceae,Castanopsis,subspecies,FALSE,FALSE,TRUE,single_accepted_id
castanospermum australe,2,2,1,1,1,Castanospermum australe,accepted | unchecked,wfo-0001034136,Castanospermum australe,Fabaceae,Castanospermum,species,TRUE,TRUE,TRUE,single_accepted_id
castela,1,1,1,1,1,Castela,accepted,wfo-4000006935,Castela,Simaroubaceae,Castela,genus,TRUE,TRUE,TRUE,single_accepted_id
castela erecta,1,1,1,1,1,Castela erecta,accepted,wfo-0000589932,Castela erecta,Simaroubaceae,Castela,species,TRUE,TRUE,TRUE,single_accepted_id
castela texana,1,1,1,1,1,Castela texana,synonym,wfo-0000589958,Castela tortuosa,Simaroubaceae,Castela,species,TRUE,TRUE,FALSE,single_accepted_id
castela tortuosa,1,1,1,1,1,Castela tortuosa,accepted,wfo-0000589958,Castela tortuosa,Simaroubaceae,Castela,species,TRUE,TRUE,TRUE,single_accepted_id
casuarina equisetifolia,1,1,1,1,1,Casuarina equisetifolia,accepted,wfo-0000590663,Casuarina equisetifolia,Casuarinaceae,Casuarina,species,TRUE,TRUE,TRUE,single_accepted_id
catha edulis,1,1,1,1,1,Catha edulis,accepted,wfo-0000590815,Catha edulis,Celastraceae,Catha,species,TRUE,TRUE,TRUE,single_accepted_id
catharanthus roseus,1,1,1,1,1,Catharanthus roseus,accepted,wfo-0000819442,Catharanthus roseus,Apocynaceae,Catharanthus,species,TRUE,TRUE,TRUE,single_accepted_id
cattleya coccinea,1,1,1,1,1,Cattleya coccinea,accepted,wfo-0000820898,Cattleya coccinea,Orchidaceae,Cattleya,species,TRUE,TRUE,TRUE,single_accepted_id
caustis blakei,1,1,1,1,1,Caustis blakei,accepted,wfo-0000353015,Caustis blakei,Cyperaceae,Caustis,species,TRUE,TRUE,TRUE,single_accepted_id
caustis dioica,1,1,1,1,1,Caustis dioica,accepted,wfo-0000353017,Caustis dioica,Cyperaceae,Caustis,species,TRUE,TRUE,TRUE,single_accepted_id
ceanothus americanus,1,1,1,1,1,Ceanothus americanus,accepted,wfo-0000591761,Ceanothus americanus,Rhamnaceae,Ceanothus,species,TRUE,TRUE,TRUE,single_accepted_id
ceanothus papillosus,1,1,1,1,1,Ceanothus papillosus,accepted,wfo-0000592016,Ceanothus papillosus,Rhamnaceae,Ceanothus,species,TRUE,TRUE,TRUE,single_accepted_id
cecropia glaziovii,1,1,1,1,1,Cecropia glaziovii,accepted,wfo-0000592227,Cecropia glaziovii,Urticaceae,Cecropia,species,TRUE,TRUE,TRUE,single_accepted_id
cecropia hololeuca,1,1,1,1,1,Cecropia hololeuca,accepted,wfo-0000592236,Cecropia hololeuca,Urticaceae,Cecropia,species,TRUE,TRUE,TRUE,single_accepted_id
cecropia pachystachya,1,1,1,1,1,Cecropia pachystachya,accepted,wfo-0000592291,Cecropia pachystachya,Urticaceae,Cecropia,species,TRUE,TRUE,TRUE,single_accepted_id
cedrela fissilis,1,1,1,1,1,Cedrela fissilis,accepted,wfo-0000592409,Cedrela fissilis,Meliaceae,Cedrela,species,TRUE,TRUE,TRUE,single_accepted_id
cedrela mexicana,1,1,1,1,1,Cedrela mexicana,synonym,wfo-0000592446,Cedrela odorata,Meliaceae,Cedrela,species,TRUE,TRUE,FALSE,single_accepted_id
cedrela odorata,2,2,1,1,1,Cedrela odorata,accepted | synonym,wfo-0000592446,Cedrela odorata,Meliaceae,Cedrela,species,TRUE,TRUE,TRUE,single_accepted_id
cedrela sinensis,1,1,1,1,1,Cedrela sinensis,synonym,wfo-0000455502,Toona sinensis,Meliaceae,Toona,species,TRUE,TRUE,FALSE,single_accepted_id
cedrelopsis,1,1,1,1,1,Cedrelopsis,accepted,wfo-4000007113,Cedrelopsis,Rutaceae,Cedrelopsis,genus,TRUE,TRUE,TRUE,single_accepted_id
cedrelopsis grevei,2,2,1,1,1,Cedrelopsis grevei,accepted | unchecked,wfo-0000592509,Cedrelopsis grevei,Rutaceae,Cedrelopsis,species,TRUE,TRUE,TRUE,single_accepted_id
cedrus deodara,1,1,1,1,1,Cedrus deodara,accepted,wfo-0000592532,Cedrus deodara,Pinaceae,Cedrus,species,TRUE,TRUE,TRUE,single_accepted_id
ceiba pentandra,1,1,1,1,1,Ceiba pentandra,accepted,wfo-0000592594,Ceiba pentandra,Malvaceae,Ceiba,species,TRUE,TRUE,TRUE,single_accepted_id
celastrus flagellaris,1,1,1,1,1,Celastrus flagellaris,accepted,wfo-0000592721,Celastrus flagellaris,Celastraceae,Celastrus,species,TRUE,TRUE,TRUE,single_accepted_id
celastrus orbiculatus,1,1,1,1,1,Celastrus orbiculatus,accepted,wfo-0000592852,Celastrus orbiculatus,Celastraceae,Celastrus,species,TRUE,TRUE,TRUE,single_accepted_id
celastrus paniculatus,1,1,1,1,1,Celastrus paniculatus,accepted,wfo-0000592859,Celastrus paniculatus,Celastraceae,Celastrus,species,TRUE,TRUE,TRUE,single_accepted_id
celosia argentea,1,1,1,1,1,Celosia argentea,accepted,wfo-0000593019,Celosia argentea,Amaranthaceae,Celosia,species,TRUE,TRUE,TRUE,single_accepted_id
celosia cristata,1,1,1,1,1,Celosia cristata,synonym,wfo-0000593019,Celosia argentea,Amaranthaceae,Celosia,species,TRUE,TRUE,FALSE,single_accepted_id
centaurea calcitrapa,2,2,1,1,1,Centaurea calcitrapa,accepted | unchecked,wfo-0000137211,Centaurea calcitrapa,Asteraceae,Centaurea,species,TRUE,TRUE,TRUE,single_accepted_id
centaurea cyanus,1,1,1,1,1,Centaurea cyanus,accepted,wfo-0000008997,Centaurea cyanus,Asteraceae,Centaurea,species,TRUE,TRUE,TRUE,single_accepted_id
centaurea diffusa,1,1,1,1,1,Centaurea diffusa,accepted,wfo-0000061575,Centaurea diffusa,Asteraceae,Centaurea,species,FALSE,FALSE,TRUE,single_accepted_id
centaurea hyalolepis,1,1,1,1,1,Centaurea hyalolepis,accepted,wfo-0000082897,Centaurea hyalolepis,Asteraceae,Centaurea,species,FALSE,FALSE,TRUE,single_accepted_id
centaurea pseudoscabiosa,1,1,1,1,1,Centaurea pseudoscabiosa,accepted,wfo-0000041189,Centaurea pseudoscabiosa,Asteraceae,Centaurea,species,TRUE,TRUE,TRUE,single_accepted_id
centaurea sicula,3,3,1,1,1,Centaurea sicula,accepted | unchecked,wfo-0000119562,Centaurea sicula,Asteraceae,Centaurea,species,TRUE,TRUE,TRUE,single_accepted_id
centaurea spruneri subsp. guicciardii,1,1,1,1,1,Centaurea spruneri subsp. guicciardii,accepted,wfo-0000110517,Centaurea spruneri subsp. guicciardii,Asteraceae,Centaurea,subspecies,FALSE,FALSE,TRUE,single_accepted_id
centaurea urvillei,1,1,1,1,1,Centaurea urvillei,accepted,wfo-0000078581,Centaurea urvillei,Asteraceae,Centaurea,species,TRUE,TRUE,TRUE,single_accepted_id
centipeda minima,1,1,1,1,1,Centipeda minima,accepted,wfo-0000113861,Centipeda minima,Asteraceae,Centipeda,species,TRUE,TRUE,TRUE,single_accepted_id
centrolobium,1,1,1,1,1,Centrolobium,accepted,wfo-4000007204,Centrolobium,Fabaceae,Centrolobium,genus,TRUE,TRUE,TRUE,single_accepted_id
centrolobium paraense,1,1,1,1,1,Centrolobium paraense,accepted,wfo-0000171654,Centrolobium paraense,Fabaceae,Centrolobium,species,TRUE,TRUE,TRUE,single_accepted_id
centrolobium robustum,1,1,1,1,1,Centrolobium robustum,accepted,wfo-0000174029,Centrolobium robustum,Fabaceae,Centrolobium,species,TRUE,TRUE,TRUE,single_accepted_id
centrolobium sclerophyllum,1,1,1,1,1,Centrolobium sclerophyllum,accepted,wfo-0000186728,Centrolobium sclerophyllum,Fabaceae,Centrolobium,species,TRUE,TRUE,TRUE,single_accepted_id
centrolobium tomentosum,1,1,1,1,1,Centrolobium tomentosum,accepted,wfo-0000174030,Centrolobium tomentosum,Fabaceae,Centrolobium,species,TRUE,TRUE,TRUE,single_accepted_id
centromadia,1,1,1,1,1,Centromadia,accepted,wfo-4000007205,Centromadia,Asteraceae,Centromadia,genus,TRUE,TRUE,TRUE,single_accepted_id
centromadia fitchii,1,1,1,1,1,Centromadia fitchii,accepted,wfo-0000042487,Centromadia fitchii,Asteraceae,Centromadia,species,TRUE,TRUE,TRUE,single_accepted_id
centromadia pungens,1,1,1,1,1,Centromadia pungens,accepted,wfo-0000127373,Centromadia pungens,Asteraceae,Centromadia,species,TRUE,TRUE,TRUE,single_accepted_id
centrosema haitiense,1,1,1,1,1,Centrosema haitiense,accepted,wfo-0000165557,Centrosema haitiense,Fabaceae,Centrosema,species,TRUE,TRUE,TRUE,single_accepted_id
centrosema pubescens,1,1,1,1,1,Centrosema pubescens,accepted,wfo-0000179155,Centrosema pubescens,Fabaceae,Centrosema,species,TRUE,TRUE,TRUE,single_accepted_id
centrosema schottii,1,1,1,1,1,Centrosema schottii,accepted,wfo-0000165570,Centrosema schottii,Fabaceae,Centrosema,species,TRUE,TRUE,TRUE,single_accepted_id
centrosema virginianum,1,1,1,1,1,Centrosema virginianum,accepted,wfo-0000179164,Centrosema virginianum,Fabaceae,Centrosema,species,TRUE,TRUE,TRUE,single_accepted_id
cephalocereus senilis,2,2,1,1,1,Cephalocereus senilis,accepted | synonym,wfo-0000594770,Cephalocereus senilis,Cactaceae,Cephalocereus,species,TRUE,TRUE,TRUE,single_accepted_id
cephalotaxus harringtonii,1,1,1,1,1,Cephalotaxus harringtonii,accepted,wfo-0000594960,Cephalotaxus harringtonii,Cephalotaxaceae,Cephalotaxus,species,TRUE,TRUE,TRUE,single_accepted_id
ceratiola ericoides,1,1,1,1,1,Ceratiola ericoides,accepted,wfo-0000596330,Ceratiola ericoides,Ericaceae,Ceratiola,species,TRUE,TRUE,TRUE,single_accepted_id
ceratostylis himalaica,1,1,1,1,1,Ceratostylis himalaica,accepted,wfo-0000833205,Ceratostylis himalaica,Orchidaceae,Ceratostylis,species,TRUE,TRUE,TRUE,single_accepted_id
cercidiphyllum japonicum,2,2,1,1,1,Cercidiphyllum japonicum,accepted | unchecked,wfo-0000834990,Cercidiphyllum japonicum,Cercidiphyllaceae,Cercidiphyllum,species,TRUE,TRUE,TRUE,single_accepted_id
cereus senilis,1,1,1,1,1,Cereus senilis,synonym,wfo-0000594770,Cephalocereus senilis,Cactaceae,Cephalocereus,species,TRUE,TRUE,FALSE,single_accepted_id
cestrum parqui,2,2,1,1,1,Cestrum parqui,accepted | synonym,wfo-0001020770,Cestrum parqui,Solanaceae,Cestrum,species,TRUE,TRUE,TRUE,single_accepted_id
chadsia grevei,1,1,1,1,1,Chadsia grevei,accepted,wfo-0000185938,Chadsia grevei,Fabaceae,Chadsia,species,TRUE,TRUE,TRUE,single_accepted_id
chaenomeles japonica,2,2,1,1,1,Chaenomeles japonica,accepted | unchecked,wfo-0001003367,Chaenomeles japonica,Rosaceae,Chaenomeles,species,TRUE,TRUE,TRUE,single_accepted_id
chaenomeles sinensis,1,1,1,1,1,Chaenomeles sinensis,synonym,wfo-0001014223,Pseudocydonia sinensis,Rosaceae,Pseudocydonia,species,TRUE,TRUE,FALSE,single_accepted_id
chaetospora curvifolia,1,1,1,1,1,Chaetospora curvifolia,accepted,wfo-0000353436,Chaetospora curvifolia,Cyperaceae,Chaetospora,species,FALSE,FALSE,TRUE,single_accepted_id
chamaebatiaria millefolium,1,1,1,1,1,Chamaebatiaria millefolium,accepted,wfo-0001003409,Chamaebatiaria millefolium,Rosaceae,Chamaebatiaria,species,FALSE,FALSE,TRUE,single_accepted_id
chamaecrista dimidiata,1,1,1,1,1,Chamaecrista dimidiata,synonym,wfo-0001445129,Chamaecrista nomame var. nomame,Fabaceae,Chamaecrista,variety,TRUE,TRUE,FALSE,single_accepted_id
chamaecrista nomame,1,1,1,1,1,Chamaecrista nomame,accepted,wfo-0000186843,Chamaecrista nomame,Fabaceae,Chamaecrista,species,TRUE,TRUE,TRUE,single_accepted_id
chamaecrista nomame var. nomame,1,1,1,1,1,Chamaecrista nomame var. nomame,accepted,wfo-0001445129,Chamaecrista nomame var. nomame,Fabaceae,Chamaecrista,variety,FALSE,FALSE,TRUE,single_accepted_id
chamaecyparis formosensis,1,1,1,1,1,Chamaecyparis formosensis,accepted,wfo-0000599448,Chamaecyparis formosensis,Cupressaceae,Chamaecyparis,species,TRUE,TRUE,TRUE,single_accepted_id
chamaecyparis obtusa,1,1,1,1,1,Chamaecyparis obtusa,accepted,wfo-0000599468,Chamaecyparis obtusa,Cupressaceae,Chamaecyparis,species,TRUE,TRUE,TRUE,single_accepted_id
chamaecyparis pisifera,1,1,1,1,1,Chamaecyparis pisifera,accepted,wfo-0000599479,Chamaecyparis pisifera,Cupressaceae,Chamaecyparis,species,TRUE,TRUE,TRUE,single_accepted_id
chamaecytisus austriacus,1,1,1,1,1,Chamaecytisus austriacus,accepted,wfo-0000213643,Chamaecytisus austriacus,Fabaceae,Chamaecytisus,species,FALSE,FALSE,TRUE,single_accepted_id
chamaecytisus eriocarpus,1,1,1,1,1,Chamaecytisus eriocarpus,accepted,wfo-0000213652,Chamaecytisus eriocarpus,Fabaceae,Chamaecytisus,species,FALSE,FALSE,TRUE,single_accepted_id
chamaecytisus hirsutus,1,1,1,1,1,Chamaecytisus hirsutus,accepted,wfo-0000213656,Chamaecytisus hirsutus,Fabaceae,Chamaecytisus,species,TRUE,TRUE,TRUE,single_accepted_id
chamaecytisus supinus,1,1,1,1,1,Chamaecytisus supinus,accepted,wfo-0000213676,Chamaecytisus supinus,Fabaceae,Chamaecytisus,species,TRUE,TRUE,TRUE,single_accepted_id
chamaecytisus triflorus subsp. triflorus,1,1,1,1,1,Chamaecytisus triflorus subsp. triflorus,accepted,wfo-0001445143,Chamaecytisus triflorus subsp. triflorus,Fabaceae,Chamaecytisus,subspecies,FALSE,FALSE,TRUE,single_accepted_id
chamerion,1,1,1,1,1,Chamerion,synonym,wfo-4000013609,Epilobium,Onagraceae,Epilobium,genus,TRUE,TRUE,FALSE,single_accepted_id
chamerion angustifolium,1,1,1,1,1,Chamerion angustifolium,synonym,wfo-0000668750,Epilobium angustifolium,Onagraceae,Epilobium,species,TRUE,TRUE,FALSE,single_accepted_id
cheirolophus sempervirens,1,1,1,1,1,Cheirolophus sempervirens,accepted,wfo-0000127150,Cheirolophus sempervirens,Asteraceae,Cheirolophus,species,FALSE,FALSE,TRUE,single_accepted_id
chengiopanax sciadophylloides,1,1,1,1,1,Chengiopanax sciadophylloides,accepted,wfo-0000843020,Chengiopanax sciadophylloides,Araliaceae,Chengiopanax,species,TRUE,TRUE,TRUE,single_accepted_id
cheniella glauca,1,1,1,1,1,Cheniella glauca,accepted,wfo-0001421742,Cheniella glauca,Fabaceae,Cheniella,species,FALSE,FALSE,TRUE,single_accepted_id
chenopodium ambrosioides,1,1,1,1,1,Chenopodium ambrosioides,synonym,wfo-0000658867,Dysphania ambrosioides,Amaranthaceae,Dysphania,species,TRUE,TRUE,FALSE,single_accepted_id
chenopodium incisum,1,1,1,1,1,Chenopodium incisum,accepted,wfo-0000601414,Chenopodium incisum,Amaranthaceae,Chenopodium,species,FALSE,FALSE,TRUE,single_accepted_id
chenopodium vulvaria,1,1,1,1,1,Chenopodium vulvaria,accepted,wfo-0000601914,Chenopodium vulvaria,Amaranthaceae,Chenopodium,species,TRUE,TRUE,TRUE,single_accepted_id
chesneya mongolica,1,1,1,1,1,Chesneya mongolica,accepted,wfo-0000198252,Chesneya mongolica,Fabaceae,Chesneya,species,FALSE,FALSE,TRUE,single_accepted_id
chesniella mongolica,1,1,1,1,1,Chesniella mongolica,synonym,wfo-0000198252,Chesneya mongolica,Fabaceae,Chesneya,species,TRUE,TRUE,FALSE,single_accepted_id
chimarrhis turbinata,1,1,1,1,1,Chimarrhis turbinata,accepted,wfo-0000844722,Chimarrhis turbinata,Rubiaceae,Chimarrhis,species,TRUE,TRUE,TRUE,single_accepted_id
chiococca alba,1,1,1,1,1,Chiococca alba,accepted,wfo-0000844784,Chiococca alba,Rubiaceae,Chiococca,species,TRUE,TRUE,TRUE,single_accepted_id
chionodoxa luciliae,1,1,1,1,1,Chionodoxa luciliae,synonym,wfo-0000741001,Scilla luciliae,Asparagaceae,Scilla,species,TRUE,TRUE,FALSE,single_accepted_id
christella acuminata,1,1,1,1,1,Christella acuminata,accepted,wfo-0001125964,Christella acuminata,Thelypteridaceae,Christella,species,FALSE,FALSE,TRUE,single_accepted_id
chromolaena connivens,1,1,1,1,1,Chromolaena connivens,accepted,wfo-0000037204,Chromolaena connivens,Asteraceae,Chromolaena,species,TRUE,TRUE,TRUE,single_accepted_id
chromolaena farinosa,1,1,1,1,1,Chromolaena farinosa,accepted,wfo-0000121177,Chromolaena farinosa,Asteraceae,Chromolaena,species,TRUE,TRUE,TRUE,single_accepted_id
chromolaena odorata,1,1,1,1,1,Chromolaena odorata,accepted,wfo-0000067484,Chromolaena odorata,Asteraceae,Chromolaena,species,TRUE,TRUE,TRUE,single_accepted_id
chromolaena subscandens,1,1,1,1,1,Chromolaena subscandens,accepted,wfo-0000116364,Chromolaena subscandens,Asteraceae,Chromolaena,species,TRUE,TRUE,TRUE,single_accepted_id
chromolaena tunariensis,1,1,1,1,1,Chromolaena tunariensis,accepted,wfo-0000023777,Chromolaena tunariensis,Asteraceae,Chromolaena,species,TRUE,TRUE,TRUE,single_accepted_id
chromolaena tyleri,1,1,1,1,1,Chromolaena tyleri,accepted,wfo-0000092425,Chromolaena tyleri,Asteraceae,Chromolaena,species,TRUE,TRUE,TRUE,single_accepted_id
chrozophora tinctoria,1,1,1,1,1,Chrozophora tinctoria,accepted,wfo-0000852775,Chrozophora tinctoria,Euphorbiaceae,Chrozophora,species,TRUE,TRUE,TRUE,single_accepted_id
chrysanthemum indicum,2,2,1,1,1,Chrysanthemum indicum,accepted | unchecked,wfo-0000041005,Chrysanthemum indicum,Asteraceae,Chrysanthemum,species,TRUE,TRUE,TRUE,single_accepted_id
chrysanthemum morifolium,1,1,1,1,1,Chrysanthemum morifolium,accepted,wfo-0000031162,Chrysanthemum morifolium,Asteraceae,Chrysanthemum,species,TRUE,TRUE,TRUE,single_accepted_id
chrysanthemum naktongense,1,1,1,1,1,Chrysanthemum naktongense,accepted,wfo-0000069207,Chrysanthemum naktongense,Asteraceae,Chrysanthemum,species,TRUE,TRUE,TRUE,single_accepted_id
chrysocephalum ambiguum,1,1,1,1,1,Chrysocephalum ambiguum,synonym,wfo-0000043559,Leiocarpa semicalva,Asteraceae,Leiocarpa,species,TRUE,TRUE,FALSE,single_accepted_id
chrysophyllum africanum,1,1,1,1,1,Chrysophyllum africanum,synonym,wfo-0000970690,Gambeya africana,Sapotaceae,Gambeya,species,TRUE,TRUE,FALSE,single_accepted_id
chrysophyllum cainito,1,1,1,1,1,Chrysophyllum cainito,accepted,wfo-0000854556,Chrysophyllum cainito,Sapotaceae,Chrysophyllum,species,TRUE,TRUE,TRUE,single_accepted_id
chrysophyllum marginatum,1,1,1,1,1,Chrysophyllum marginatum,accepted,wfo-0000856242,Chrysophyllum marginatum,Sapotaceae,Chrysophyllum,species,TRUE,TRUE,TRUE,single_accepted_id
chrysophyllum perpulchrum,1,1,1,1,1,Chrysophyllum perpulchrum,synonym,wfo-0000970711,Gambeya perpulchra,Sapotaceae,Gambeya,species,TRUE,TRUE,FALSE,single_accepted_id
chrysosplenium flagelliferum,1,1,1,1,1,Chrysosplenium flagelliferum,accepted,wfo-0000603963,Chrysosplenium flagelliferum,Saxifragaceae,Chrysosplenium,species,TRUE,TRUE,TRUE,single_accepted_id
chrysothamnus humilis,1,1,1,1,1,Chrysothamnus humilis,accepted,wfo-0000022738,Chrysothamnus humilis,Asteraceae,Chrysothamnus,species,TRUE,TRUE,TRUE,single_accepted_id
chrysothamnus viscidiflorus,1,1,1,1,1,Chrysothamnus viscidiflorus,accepted,wfo-0000062835,Chrysothamnus viscidiflorus,Asteraceae,Chrysothamnus,species,TRUE,TRUE,TRUE,single_accepted_id
cicer,1,1,1,1,1,Cicer,accepted,wfo-4000008302,Cicer,Fabaceae,Cicer,genus,TRUE,TRUE,TRUE,single_accepted_id
cicer anatolicum,1,1,1,1,1,Cicer anatolicum,accepted,wfo-0000185213,Cicer anatolicum,Fabaceae,Cicer,species,TRUE,TRUE,TRUE,single_accepted_id
cicer arietinum,1,1,1,1,1,Cicer arietinum,accepted,wfo-0000196617,Cicer arietinum,Fabaceae,Cicer,species,TRUE,TRUE,TRUE,single_accepted_id
cicer arietinum subsp. reticulatum,1,1,1,1,1,Cicer arietinum subsp. reticulatum,accepted,wfo-1200024028,Cicer arietinum subsp. reticulatum,Fabaceae,Cicer,subspecies,FALSE,FALSE,TRUE,single_accepted_id
cicer baldshuanicum,1,1,1,1,1,Cicer baldshuanicum,accepted,wfo-0000207351,Cicer baldshuanicum,Fabaceae,Cicer,species,TRUE,TRUE,TRUE,single_accepted_id
cicer bijugum,1,1,1,1,1,Cicer bijugum,accepted,wfo-0000185214,Cicer bijugum,Fabaceae,Cicer,species,TRUE,TRUE,TRUE,single_accepted_id
cicer canariense,1,1,1,1,1,Cicer canariense,accepted,wfo-0000196635,Cicer canariense,Fabaceae,Cicer,species,TRUE,TRUE,TRUE,single_accepted_id
cicer chorassanicum,1,1,1,1,1,Cicer chorassanicum,accepted,wfo-0001059057,Cicer chorassanicum,Fabaceae,Cicer,species,TRUE,TRUE,TRUE,single_accepted_id
cicer cuneatum,1,1,1,1,1,Cicer cuneatum,accepted,wfo-0000196646,Cicer cuneatum,Fabaceae,Cicer,species,TRUE,TRUE,TRUE,single_accepted_id
cicer echinospermum,1,1,1,1,1,Cicer echinospermum,accepted,wfo-0000185216,Cicer echinospermum,Fabaceae,Cicer,species,TRUE,TRUE,TRUE,single_accepted_id
cicer flexuosum,1,1,1,1,1,Cicer flexuosum,accepted,wfo-0000186162,Cicer flexuosum,Fabaceae,Cicer,species,TRUE,TRUE,TRUE,single_accepted_id
cicer judaicum,1,1,1,1,1,Cicer judaicum,accepted,wfo-0000185225,Cicer judaicum,Fabaceae,Cicer,species,TRUE,TRUE,TRUE,single_accepted_id
cicer macracanthum,1,1,1,1,1,Cicer macracanthum,accepted,wfo-0000185217,Cicer macracanthum,Fabaceae,Cicer,species,TRUE,TRUE,TRUE,single_accepted_id
cicer microphyllum,1,1,1,1,1,Cicer microphyllum,accepted,wfo-0000189150,Cicer microphyllum,Fabaceae,Cicer,species,TRUE,TRUE,TRUE,single_accepted_id
cicer mogoltavicum,1,1,1,1,1,Cicer mogoltavicum,accepted,wfo-0000207363,Cicer mogoltavicum,Fabaceae,Cicer,species,TRUE,TRUE,TRUE,single_accepted_id
cicer montbretii,1,1,1,1,1,Cicer montbretii,accepted,wfo-0000213682,Cicer montbretii,Fabaceae,Cicer,species,TRUE,TRUE,TRUE,single_accepted_id
cicer nuristanicum,1,1,1,1,1,Cicer nuristanicum,accepted,wfo-0000204289,Cicer nuristanicum,Fabaceae,Cicer,species,TRUE,TRUE,TRUE,single_accepted_id
cicer pinnatifidum,1,1,1,1,1,Cicer pinnatifidum,accepted,wfo-0000185221,Cicer pinnatifidum,Fabaceae,Cicer,species,TRUE,TRUE,TRUE,single_accepted_id
cicer pungens,1,1,1,1,1,Cicer pungens,accepted,wfo-0000185218,Cicer pungens,Fabaceae,Cicer,species,TRUE,TRUE,TRUE,single_accepted_id
cicer rechingeri,1,1,1,1,1,Cicer rechingeri,accepted,wfo-0000185219,Cicer rechingeri,Fabaceae,Cicer,species,TRUE,TRUE,TRUE,single_accepted_id
cicer reticulatum,1,1,1,1,1,Cicer reticulatum,synonym,wfo-1200024028,Cicer arietinum subsp. reticulatum,Fabaceae,Cicer,subspecies,TRUE,TRUE,FALSE,single_accepted_id
cicer tragacanthoides,1,1,1,1,1,Cicer tragacanthoides,accepted,wfo-0000189154,Cicer tragacanthoides,Fabaceae,Cicer,species,TRUE,TRUE,TRUE,single_accepted_id
cicer yamashitae,1,1,1,1,1,Cicer yamashitae,accepted,wfo-0000185220,Cicer yamashitae,Fabaceae,Cicer,species,TRUE,TRUE,TRUE,single_accepted_id
cinchona succirubra,1,1,1,1,1,Cinchona succirubra,synonym,wfo-0000862489,Cinchona pubescens,Rubiaceae,Cinchona,species,TRUE,TRUE,FALSE,single_accepted_id
cinnamomum,1,1,1,1,1,Cinnamomum,accepted,wfo-4000008342,Cinnamomum,Lauraceae,Cinnamomum,genus,TRUE,TRUE,TRUE,single_accepted_id
cinnamomum bejolghota,1,1,1,1,1,Cinnamomum bejolghota,accepted,wfo-0000604917,Cinnamomum bejolghota,Lauraceae,Cinnamomum,species,TRUE,TRUE,TRUE,single_accepted_id
cinnamomum burmanni,1,1,1,1,1,Cinnamomum burmanni,accepted,wfo-0000604944,Cinnamomum burmanni,Lauraceae,Cinnamomum,species,FALSE,FALSE,TRUE,single_accepted_id
cinnamomum camphora,1,1,1,1,1,Cinnamomum camphora,accepted,wfo-0000604955,Cinnamomum camphora,Lauraceae,Cinnamomum,species,TRUE,TRUE,TRUE,single_accepted_id
cinnamomum chekiangense,1,1,1,1,1,Cinnamomum chekiangense,accepted,wfo-0000604993,Cinnamomum chekiangense,Lauraceae,Cinnamomum,species,FALSE,FALSE,TRUE,single_accepted_id
cinnamomum kotoense,1,1,1,1,1,Cinnamomum kotoense,accepted,wfo-0000605164,Cinnamomum kotoense,Lauraceae,Cinnamomum,species,TRUE,TRUE,TRUE,single_accepted_id
cinnamomum philippinense,1,1,1,1,1,Cinnamomum philippinense,accepted,wfo-0000605336,Cinnamomum philippinense,Lauraceae,Cinnamomum,species,TRUE,TRUE,TRUE,single_accepted_id
cinnamomum subavenium,1,1,1,1,1,Cinnamomum subavenium,accepted,wfo-0000605450,Cinnamomum subavenium,Lauraceae,Cinnamomum,species,TRUE,TRUE,TRUE,single_accepted_id
cinnamomum tenuifolium,1,1,1,1,1,Cinnamomum tenuifolium,synonym,wfo-0000604993,Cinnamomum chekiangense,Lauraceae,Cinnamomum,species,TRUE,TRUE,FALSE,single_accepted_id
cinnamomum triplinerve,1,1,1,1,1,Cinnamomum triplinerve,synonym,wfo-0001421696,Aiouea montana,Lauraceae,Aiouea,species,TRUE,TRUE,FALSE,single_accepted_id
cinnamomum verum,1,1,1,1,1,Cinnamomum verum,accepted,wfo-0000605512,Cinnamomum verum,Lauraceae,Cinnamomum,species,TRUE,TRUE,TRUE,single_accepted_id
cinnamomum zeylanicum,3,3,1,1,1,Cinnamomum zeylanicum | Cinnamomum zeylanicum unranked chartaceum,synonym | unchecked,wfo-0000605512,Cinnamomum verum,Lauraceae,Cinnamomum,species,TRUE,TRUE,FALSE,single_accepted_id
cirsium arvense,1,1,1,1,1,Cirsium arvense,accepted,wfo-0000006870,Cirsium arvense,Asteraceae,Cirsium,species,TRUE,TRUE,TRUE,single_accepted_id
cissus discolor,1,1,1,1,1,Cissus discolor,accepted,wfo-0000606224,Cissus discolor,Vitaceae,Cissus,species,FALSE,FALSE,TRUE,single_accepted_id
cissus rheifolia,1,1,1,1,1,Cissus rheifolia,accepted,wfo-0000606761,Cissus rheifolia,Vitaceae,Cissus,species,TRUE,TRUE,TRUE,single_accepted_id
cissus verticillata,1,1,1,1,1,Cissus verticillata,accepted,wfo-0000607033,Cissus verticillata,Vitaceae,Cissus,species,TRUE,TRUE,TRUE,single_accepted_id
cissus verticillata subsp. verticillata,1,1,1,1,1,Cissus verticillata subsp. verticillata,accepted,wfo-0001240939,Cissus verticillata subsp. verticillata,Vitaceae,Cissus,subspecies,FALSE,FALSE,TRUE,single_accepted_id
cistus creticus,1,1,1,1,1,Cistus creticus,accepted,wfo-0000607281,Cistus creticus,Cistaceae,Cistus,species,TRUE,TRUE,TRUE,single_accepted_id
cistus laurifolius,1,1,1,1,1,Cistus laurifolius,accepted,wfo-0000607419,Cistus laurifolius,Cistaceae,Cistus,species,TRUE,TRUE,TRUE,single_accepted_id
citrus,1,1,1,1,1,Citrus,accepted,wfo-4000008411,Citrus,Rutaceae,Citrus,genus,TRUE,TRUE,TRUE,single_accepted_id
citrus aurantiifolia,1,1,1,1,1,Citrus aurantiifolia,accepted,wfo-0001242548,Citrus aurantiifolia,Rutaceae,Citrus,species,TRUE,TRUE,TRUE,single_accepted_id
citrus aurantium,25,25,1,1,1,Citrus aurantium subf. ampullacea | Citrus aurantium subf. anonyma | Citrus aurantium subf. asahikan | Citrus aurantium subf. banyu | Citrus aurantium subf. benikawa | Citrus aurantium subf. canaliculata | Citrus aurantium subf. cyathifera | Citrus aurantium subf. dulcis | Citrus aurantium subf. glaberrima | Citrus aurantium subf. hakunikuyu | Citrus aurantium subf. iyo | Citrus aurantium subf. jiyu | Citrus aurantium subf. medioglobosa | Citrus aurantium subf. mitsuyu | Citrus aurantium subf. omikanto | Citrus aurantium subf. pseudogulgul | Citrus aurantium subf. sekitoyu | Citrus aurantium subf. sinensis | Citrus aurantium subf. sinograndis | Citrus aurantium subf. soyu | Citrus aurantium subf. sulcata | Citrus aurantium subf. tengu | Citrus aurantium subf. tosa-asahi | Citrus aurantium subf. truncata | Citrus aurantium subf. yuge-hyokan,synonym,wfo-1200112333,Citrus × aurantium nothof. aurantium,Rutaceae,Citrus,form,FALSE,TRUE,FALSE,single_accepted_id
citrus australasica,1,1,1,1,1,Citrus australasica,accepted,wfo-0000607946,Citrus australasica,Rutaceae,Citrus,species,TRUE,TRUE,TRUE,single_accepted_id
citrus cavaleriei,1,1,1,1,1,Citrus cavaleriei,accepted,wfo-0000607966,Citrus cavaleriei,Rutaceae,Citrus,species,TRUE,TRUE,TRUE,single_accepted_id
citrus excelsa,1,1,1,1,1,Citrus excelsa,synonym,wfo-0001242548,Citrus aurantiifolia,Rutaceae,Citrus,species,TRUE,TRUE,FALSE,single_accepted_id
citrus funadoko,1,1,1,1,1,Citrus funadoko,synonym,wfo-1200112333,Citrus × aurantium nothof. aurantium,Rutaceae,Citrus,form,TRUE,TRUE,FALSE,single_accepted_id
citrus glauca,1,1,1,1,1,Citrus glauca,accepted,wfo-0000608023,Citrus glauca,Rutaceae,Citrus,species,TRUE,TRUE,TRUE,single_accepted_id
citrus grandis,1,1,1,1,1,Citrus grandis,synonym,wfo-0000608138,Citrus maxima,Rutaceae,Citrus,species,TRUE,TRUE,FALSE,single_accepted_id
citrus hassaku,1,1,1,1,1,Citrus hassaku,synonym,wfo-0000608140,Citrus medica,Rutaceae,Citrus,species,TRUE,TRUE,FALSE,single_accepted_id
citrus hystrix,1,1,1,1,1,Citrus hystrix,accepted,wfo-0000608056,Citrus hystrix,Rutaceae,Citrus,species,TRUE,TRUE,TRUE,single_accepted_id
citrus inodora,1,1,1,1,1,Citrus inodora,accepted,wfo-0000608072,Citrus inodora,Rutaceae,Citrus,species,TRUE,TRUE,TRUE,single_accepted_id
citrus japonica,3,3,1,1,1,Citrus japonica | Citrus japonica subf. crassifolia | Citrus japonica subf. hindsii,accepted | synonym,wfo-0000608080,Citrus japonica,Rutaceae,Citrus,species,TRUE,TRUE,TRUE,single_accepted_id
citrus limon,1,1,1,1,1,Citrus limon,accepted,wfo-0001133139,Citrus limon,Rutaceae,Citrus,species,TRUE,TRUE,TRUE,single_accepted_id
citrus limonia,1,1,1,1,1,Citrus limonia,synonym,wfo-0001133139,Citrus limon,Rutaceae,Citrus,species,TRUE,TRUE,FALSE,single_accepted_id
citrus longispina,1,1,1,1,1,Citrus longispina,synonym,wfo-0001242548,Citrus aurantiifolia,Rutaceae,Citrus,species,TRUE,TRUE,FALSE,single_accepted_id
citrus macrophylla,1,1,1,1,1,Citrus macrophylla,synonym,wfo-0001242548,Citrus aurantiifolia,Rutaceae,Citrus,species,TRUE,TRUE,FALSE,single_accepted_id
citrus maxima,1,1,1,1,1,Citrus maxima,accepted,wfo-0000608138,Citrus maxima,Rutaceae,Citrus,species,TRUE,TRUE,TRUE,single_accepted_id
citrus medica,7,7,1,1,1,Citrus medica | Citrus medica subf. aurea | Citrus medica subf. dulcis | Citrus medica subf. hassaku | Citrus medica subf. hiroshimana | Citrus medica subf. kizu | Citrus medica subf. pyriformis,accepted | synonym,wfo-0000608140,Citrus medica,Rutaceae,Citrus,species,TRUE,TRUE,TRUE,single_accepted_id
citrus microcarpa,2,2,1,1,1,Citrus microcarpa,synonym | unchecked,wfo-0000608080,Citrus japonica,Rutaceae,Citrus,species,TRUE,TRUE,FALSE,single_accepted_id
citrus natsudaidai,1,1,1,1,1,Citrus natsudaidai,synonym,wfo-1200112333,Citrus × aurantium nothof. aurantium,Rutaceae,Citrus,form,TRUE,TRUE,FALSE,single_accepted_id
citrus paradisi,1,1,1,1,1,Citrus paradisi,synonym,wfo-1200112333,Citrus × aurantium nothof. aurantium,Rutaceae,Citrus,form,TRUE,TRUE,FALSE,single_accepted_id
citrus reticulata,1,1,1,1,1,Citrus reticulata,accepted,wfo-0000608241,Citrus reticulata,Rutaceae,Citrus,species,TRUE,TRUE,TRUE,single_accepted_id
citrus sinensis,1,1,1,1,1,Citrus sinensis,synonym,wfo-1200112333,Citrus × aurantium nothof. aurantium,Rutaceae,Citrus,form,TRUE,TRUE,FALSE,single_accepted_id
citrus sulcata,2,2,1,1,1,Citrus sulcata,synonym | unchecked,wfo-0000607909,Citrus × aurantium,Rutaceae,Citrus,species,TRUE,TRUE,FALSE,single_accepted_id
citrus tengu,1,1,1,1,1,Citrus tengu,synonym,wfo-1200112333,Citrus × aurantium nothof. aurantium,Rutaceae,Citrus,form,TRUE,TRUE,FALSE,single_accepted_id
citrus trifoliata,2,2,1,1,1,Citrus trifoliata | Citrus trifoliata subf. monstrosa,accepted | synonym,wfo-0000608305,Citrus trifoliata,Rutaceae,Citrus,species,TRUE,TRUE,TRUE,single_accepted_id
citrus ujukitsu,1,1,1,1,1,Citrus ujukitsu,synonym,wfo-1200112333,Citrus × aurantium nothof. aurantium,Rutaceae,Citrus,form,TRUE,TRUE,FALSE,single_accepted_id
cladium mariscus,2,2,1,1,1,Cladium mariscus,accepted | unchecked,wfo-0000356458,Cladium mariscus,Cyperaceae,Cladium,species,TRUE,TRUE,TRUE,single_accepted_id
cladrastis,1,1,1,1,1,Cladrastis,accepted,wfo-4000008456,Cladrastis,Fabaceae,Cladrastis,genus,TRUE,TRUE,TRUE,single_accepted_id
cladrastis kentukea,1,1,1,1,1,Cladrastis kentukea,accepted,wfo-0000164323,Cladrastis kentukea,Fabaceae,Cladrastis,species,TRUE,TRUE,TRUE,single_accepted_id
cladrastis platycarpa,1,1,1,1,1,Cladrastis platycarpa,synonym,wfo-0000192412,Platyosprion platycarpum,Fabaceae,Platyosprion,species,TRUE,TRUE,FALSE,single_accepted_id
clarkia speciosa,1,1,1,1,1,Clarkia speciosa,accepted,wfo-0000608586,Clarkia speciosa,Onagraceae,Clarkia,species,TRUE,TRUE,TRUE,single_accepted_id
clausena excavata,1,1,1,1,1,Clausena excavata,accepted,wfo-0000608651,Clausena excavata,Rutaceae,Clausena,species,TRUE,TRUE,TRUE,single_accepted_id
clausena lansium,1,1,1,1,1,Clausena lansium,accepted,wfo-0000608677,Clausena lansium,Rutaceae,Clausena,species,TRUE,TRUE,TRUE,single_accepted_id
cleistopholis glauca,1,1,1,1,1,Cleistopholis glauca,accepted,wfo-0000609404,Cleistopholis glauca,Annonaceae,Cleistopholis,species,TRUE,TRUE,TRUE,single_accepted_id
clematis forsteri,1,1,1,1,1,Clematis forsteri,accepted,wfo-0000609923,Clematis forsteri,Ranunculaceae,Clematis,species,FALSE,FALSE,TRUE,single_accepted_id
cleome droserifolia,2,2,1,1,1,Cleome droserifolia,accepted | synonym,wfo-0000611246,Cleome droserifolia,Capparaceae,Cleome,species,TRUE,TRUE,TRUE,single_accepted_id
clinopodium acinos,1,1,1,1,1,Clinopodium acinos,accepted,wfo-0000890516,Clinopodium acinos,Lamiaceae,Clinopodium,species,TRUE,TRUE,TRUE,single_accepted_id
clinopodium alpinum,1,1,1,1,1,Clinopodium alpinum,accepted,wfo-0000890580,Clinopodium alpinum,Lamiaceae,Clinopodium,species,TRUE,TRUE,TRUE,single_accepted_id
clinopodium chinense,1,1,1,1,1,Clinopodium chinense,accepted,wfo-0000891104,Clinopodium chinense,Lamiaceae,Clinopodium,species,TRUE,TRUE,TRUE,single_accepted_id
clinopodium laxiflorum,2,2,1,1,1,Clinopodium laxiflorum,accepted | unchecked,wfo-0000892149,Clinopodium laxiflorum,Lamiaceae,Clinopodium,species,TRUE,TRUE,TRUE,single_accepted_id
clinopodium serpyllifolium,1,1,1,1,1,Clinopodium serpyllifolium,accepted,wfo-0000893113,Clinopodium serpyllifolium,Lamiaceae,Clinopodium,species,TRUE,TRUE,TRUE,single_accepted_id
clinopodium umbrosum,2,2,1,1,1,Clinopodium umbrosum,accepted | unchecked,wfo-0001069875,Clinopodium umbrosum,Lamiaceae,Clinopodium,species,TRUE,TRUE,TRUE,single_accepted_id
clitoria fairchildiana,1,1,1,1,1,Clitoria fairchildiana,accepted,wfo-0000164325,Clitoria fairchildiana,Fabaceae,Clitoria,species,TRUE,TRUE,TRUE,single_accepted_id
clitoria macrophylla,3,3,1,1,1,Clitoria macrophylla,accepted | unchecked,wfo-0000192669,Clitoria macrophylla,Fabaceae,Clitoria,species,TRUE,TRUE,TRUE,single_accepted_id
clitoria ternatea,1,1,1,1,1,Clitoria ternatea,accepted,wfo-0000179216,Clitoria ternatea,Fabaceae,Clitoria,species,TRUE,TRUE,TRUE,single_accepted_id
clusia columnaris,1,1,1,1,1,Clusia columnaris,accepted,wfo-0000612149,Clusia columnaris,Clusiaceae,Clusia,species,TRUE,TRUE,TRUE,single_accepted_id
clusia sandiensis,1,1,1,1,1,Clusia sandiensis,accepted,wfo-0000612447,Clusia sandiensis,Clusiaceae,Clusia,species,TRUE,TRUE,TRUE,single_accepted_id
coccoloba mollis,1,1,1,1,1,Coccoloba mollis,accepted,wfo-0000613229,Coccoloba mollis,Polygonaceae,Coccoloba,species,TRUE,TRUE,TRUE,single_accepted_id
cochlospermum gillivraei,1,1,1,1,1,Cochlospermum gillivraei,accepted,wfo-0000902346,Cochlospermum gillivraei,Bixaceae,Cochlospermum,species,TRUE,TRUE,TRUE,single_accepted_id
codonopsis lanceolata,1,1,1,1,1,Codonopsis lanceolata,accepted,wfo-0000830539,Codonopsis lanceolata,Campanulaceae,Codonopsis,species,TRUE,TRUE,TRUE,single_accepted_id
coelogyne chinensis,1,1,1,1,1,Coelogyne chinensis,accepted,wfo-0000907176,Coelogyne chinensis,Orchidaceae,Coelogyne,species,FALSE,FALSE,TRUE,single_accepted_id
coffea,1,1,1,1,1,Coffea,accepted,wfo-4000008851,Coffea,Rubiaceae,Coffea,genus,TRUE,TRUE,TRUE,single_accepted_id
cola acuminata,1,1,1,1,1,Cola acuminata,accepted,wfo-0000614368,Cola acuminata,Malvaceae,Cola,species,TRUE,TRUE,TRUE,single_accepted_id
cola nitida,1,1,1,1,1,Cola nitida,accepted,wfo-0000614491,Cola nitida,Malvaceae,Cola,species,TRUE,TRUE,TRUE,single_accepted_id
coleogyne ramosissima,1,1,1,1,1,Coleogyne ramosissima,accepted,wfo-0001003495,Coleogyne ramosissima,Rosaceae,Coleogyne,species,TRUE,TRUE,TRUE,single_accepted_id
collinsonia canadensis,1,1,1,1,1,Collinsonia canadensis,accepted,wfo-0000916928,Collinsonia canadensis,Lamiaceae,Collinsonia,species,TRUE,TRUE,TRUE,single_accepted_id
colophospermum mopane,2,2,1,1,1,Colophospermum mopane,accepted | unchecked,wfo-0001057638,Colophospermum mopane,Fabaceae,Colophospermum,species,TRUE,TRUE,TRUE,single_accepted_id
colutea brevialata,1,1,1,1,1,Colutea brevialata,accepted,wfo-0000191045,Colutea brevialata,Fabaceae,Colutea,species,FALSE,FALSE,TRUE,single_accepted_id
combretum albopunctatum,1,1,1,1,1,Combretum albopunctatum,accepted,wfo-0000616058,Combretum albopunctatum,Combretaceae,Combretum,species,TRUE,TRUE,TRUE,single_accepted_id
combretum apiculatum,1,1,1,1,1,Combretum apiculatum,accepted,wfo-0000616083,Combretum apiculatum,Combretaceae,Combretum,species,TRUE,TRUE,TRUE,single_accepted_id
combretum griffithii,1,1,1,1,1,Combretum griffithii,accepted,wfo-0000616351,Combretum griffithii,Combretaceae,Combretum,species,TRUE,TRUE,TRUE,single_accepted_id
combretum imberbe,1,1,1,1,1,Combretum imberbe,accepted,wfo-0000616388,Combretum imberbe,Combretaceae,Combretum,species,TRUE,TRUE,TRUE,single_accepted_id
combretum quadrangulare,1,1,1,1,1,Combretum quadrangulare,accepted,wfo-0000616706,Combretum quadrangulare,Combretaceae,Combretum,species,TRUE,TRUE,TRUE,single_accepted_id
commiphora africana,2,2,1,1,1,Commiphora africana,accepted | unchecked,wfo-0001328094,Commiphora africana,Burseraceae,Commiphora,species,TRUE,TRUE,TRUE,single_accepted_id
commiphora leptophloeos,1,1,1,1,1,Commiphora leptophloeos,accepted,wfo-0000617344,Commiphora leptophloeos,Burseraceae,Commiphora,species,FALSE,FALSE,TRUE,single_accepted_id
commiphora socotrana,1,1,1,1,1,Commiphora socotrana,accepted,wfo-0000617476,Commiphora socotrana,Burseraceae,Commiphora,species,TRUE,TRUE,TRUE,single_accepted_id
commiphora wightii,1,1,1,1,1,Commiphora wightii,accepted,wfo-0000617524,Commiphora wightii,Burseraceae,Commiphora,species,TRUE,TRUE,TRUE,single_accepted_id
comptonia peregrina,1,1,1,1,1,Comptonia peregrina,accepted,wfo-0000617626,Comptonia peregrina,Myricaceae,Comptonia,species,TRUE,TRUE,TRUE,single_accepted_id
conchidium japonicum,1,1,1,1,1,Conchidium japonicum,synonym,wfo-0001333668,Pinalia japonica,Orchidaceae,Pinalia,species,TRUE,TRUE,FALSE,single_accepted_id
conchocarpus ruber,1,1,1,1,1,Conchocarpus ruber,accepted,wfo-1000001363,Conchocarpus ruber,Rutaceae,Conchocarpus,species,FALSE,FALSE,TRUE,single_accepted_id
conioselinum anthriscoides,2,2,1,1,1,Conioselinum anthriscoides,accepted | unchecked,wfo-0001342043,Conioselinum anthriscoides,Apiaceae,Conioselinum,species,TRUE,TRUE,TRUE,single_accepted_id
convolvulus prostratus,1,1,1,1,1,Convolvulus prostratus,accepted,wfo-0001298821,Convolvulus prostratus,Convolvulaceae,Convolvulus,species,TRUE,TRUE,TRUE,single_accepted_id
conyza canadensis,1,1,1,1,1,Conyza canadensis,synonym,wfo-0000015917,Erigeron canadensis,Asteraceae,Erigeron,species,TRUE,TRUE,FALSE,single_accepted_id
conyza pallidiflora,1,1,1,1,1,Conyza pallidiflora,accepted,wfo-0000041246,Conyza pallidiflora,Asteraceae,Conyza,species,TRUE,TRUE,TRUE,single_accepted_id
coptis japonica,1,1,1,1,1,Coptis japonica,accepted,wfo-0000619855,Coptis japonica,Ranunculaceae,Coptis,species,TRUE,TRUE,TRUE,single_accepted_id
cordia dichotoma,1,1,1,1,1,Cordia dichotoma,accepted,wfo-0000620417,Cordia dichotoma,Cordiaceae,Cordia,species,FALSE,FALSE,TRUE,single_accepted_id
cordia goetzei,1,1,1,1,1,Cordia goetzei,accepted,wfo-0000620530,Cordia goetzei,Cordiaceae,Cordia,species,TRUE,TRUE,TRUE,single_accepted_id
cordia magnoliifolia,1,1,1,1,1,Cordia magnoliifolia,accepted,wfo-0000620712,Cordia magnoliifolia,Cordiaceae,Cordia,species,FALSE,FALSE,TRUE,single_accepted_id
cordyla africana,1,1,1,1,1,Cordyla africana,accepted,wfo-0000171442,Cordyla africana,Fabaceae,Cordyla,species,TRUE,TRUE,TRUE,single_accepted_id
cordyloblaste pendula,1,1,1,1,1,Cordyloblaste pendula,synonym,wfo-0001141680,Symplocos pendula,Symplocaceae,Symplocos,species,TRUE,TRUE,FALSE,single_accepted_id
coreopsis,1,1,1,1,1,Coreopsis,accepted,wfo-4000009296,Coreopsis,Asteraceae,Coreopsis,genus,TRUE,TRUE,TRUE,single_accepted_id
coreopsis auriculata,2,2,1,1,1,Coreopsis auriculata,accepted | unchecked,wfo-0000026034,Coreopsis auriculata,Asteraceae,Coreopsis,species,TRUE,TRUE,TRUE,single_accepted_id
coreopsis basalis,1,1,1,1,1,Coreopsis basalis,accepted,wfo-0000089037,Coreopsis basalis,Asteraceae,Coreopsis,species,TRUE,TRUE,TRUE,single_accepted_id
coreopsis bigelovii,2,2,1,1,1,Coreopsis bigelovii,accepted | synonym,wfo-0000037800,Coreopsis bigelovii,Asteraceae,Coreopsis,species,TRUE,TRUE,TRUE,single_accepted_id
coreopsis californica,1,1,1,1,1,Coreopsis californica,accepted,wfo-0000135446,Coreopsis californica,Asteraceae,Coreopsis,species,TRUE,TRUE,TRUE,single_accepted_id
coreopsis calliopsidea,1,1,1,1,1,Coreopsis calliopsidea,accepted,wfo-0000134287,Coreopsis calliopsidea,Asteraceae,Coreopsis,species,TRUE,TRUE,TRUE,single_accepted_id
coreopsis delphiniifolia,1,1,1,1,1,Coreopsis delphiniifolia,accepted,wfo-0000016454,Coreopsis delphiniifolia,Asteraceae,Coreopsis,species,FALSE,FALSE,TRUE,single_accepted_id
coreopsis douglasii,1,1,1,1,1,Coreopsis douglasii,accepted,wfo-0000045312,Coreopsis douglasii,Asteraceae,Coreopsis,species,TRUE,TRUE,TRUE,single_accepted_id
coreopsis gigantea,1,1,1,1,1,Coreopsis gigantea,accepted,wfo-0000004771,Coreopsis gigantea,Asteraceae,Coreopsis,species,TRUE,TRUE,TRUE,single_accepted_id
coreopsis gladiata,1,1,1,1,1,Coreopsis gladiata,accepted,wfo-0000015130,Coreopsis gladiata,Asteraceae,Coreopsis,species,TRUE,TRUE,TRUE,single_accepted_id
coreopsis grandiflora,2,2,1,1,1,Coreopsis grandiflora,accepted | unchecked,wfo-0000069965,Coreopsis grandiflora,Asteraceae,Coreopsis,species,TRUE,TRUE,TRUE,single_accepted_id
coreopsis hamiltonii,1,1,1,1,1,Coreopsis hamiltonii,accepted,wfo-0000031592,Coreopsis hamiltonii,Asteraceae,Coreopsis,species,TRUE,TRUE,TRUE,single_accepted_id
coreopsis lanceolata,1,1,1,1,1,Coreopsis lanceolata,accepted,wfo-0000046514,Coreopsis lanceolata,Asteraceae,Coreopsis,species,TRUE,TRUE,TRUE,single_accepted_id
coreopsis latifolia,1,1,1,1,1,Coreopsis latifolia,accepted,wfo-0000019444,Coreopsis latifolia,Asteraceae,Coreopsis,species,TRUE,TRUE,TRUE,single_accepted_id
coreopsis leavenworthii,1,1,1,1,1,Coreopsis leavenworthii,accepted,wfo-0000137822,Coreopsis leavenworthii,Asteraceae,Coreopsis,species,TRUE,TRUE,TRUE,single_accepted_id
coreopsis major,1,1,1,1,1,Coreopsis major,accepted,wfo-0000138758,Coreopsis major,Asteraceae,Coreopsis,species,TRUE,TRUE,TRUE,single_accepted_id
coreopsis maritima,1,1,1,1,1,Coreopsis maritima,accepted,wfo-0000060852,Coreopsis maritima,Asteraceae,Coreopsis,species,TRUE,TRUE,TRUE,single_accepted_id
coreopsis mcvaughii,1,1,1,1,1,Coreopsis mcvaughii,accepted,wfo-0000128936,Coreopsis mcvaughii,Asteraceae,Coreopsis,species,TRUE,TRUE,TRUE,single_accepted_id
coreopsis nodosa,1,1,1,1,1,Coreopsis nodosa,accepted,wfo-0000034302,Coreopsis nodosa,Asteraceae,Coreopsis,species,TRUE,TRUE,TRUE,single_accepted_id
coreopsis nudata,1,1,1,1,1,Coreopsis nudata,accepted,wfo-0000020487,Coreopsis nudata,Asteraceae,Coreopsis,species,TRUE,TRUE,TRUE,single_accepted_id
coreopsis nuecensis,1,1,1,1,1,Coreopsis nuecensis,accepted,wfo-0000035068,Coreopsis nuecensis,Asteraceae,Coreopsis,species,TRUE,TRUE,TRUE,single_accepted_id
coreopsis nuecensoides,1,1,1,1,1,Coreopsis nuecensoides,synonym,wfo-0000035068,Coreopsis nuecensis,Asteraceae,Coreopsis,species,TRUE,TRUE,FALSE,single_accepted_id
coreopsis palmata,1,1,1,1,1,Coreopsis palmata,accepted,wfo-0000044527,Coreopsis palmata,Asteraceae,Coreopsis,species,TRUE,TRUE,TRUE,single_accepted_id
coreopsis paludosa,1,1,1,1,1,Coreopsis paludosa,accepted,wfo-0000028470,Coreopsis paludosa,Asteraceae,Coreopsis,species,TRUE,TRUE,TRUE,single_accepted_id
coreopsis petrophila,1,1,1,1,1,Coreopsis petrophila,accepted,wfo-0000081788,Coreopsis petrophila,Asteraceae,Coreopsis,species,TRUE,TRUE,TRUE,single_accepted_id
coreopsis petrophiloides,1,1,1,1,1,Coreopsis petrophiloides,accepted,wfo-0000098726,Coreopsis petrophiloides,Asteraceae,Coreopsis,species,TRUE,TRUE,TRUE,single_accepted_id
coreopsis pringlei,1,1,1,1,1,Coreopsis pringlei,accepted,wfo-0000031286,Coreopsis pringlei,Asteraceae,Coreopsis,species,TRUE,TRUE,TRUE,single_accepted_id
coreopsis pubescens,1,1,1,1,1,Coreopsis pubescens,accepted,wfo-0000009404,Coreopsis pubescens,Asteraceae,Coreopsis,species,TRUE,TRUE,TRUE,single_accepted_id
coreopsis pulchra,1,1,1,1,1,Coreopsis pulchra,accepted,wfo-0000080856,Coreopsis pulchra,Asteraceae,Coreopsis,species,TRUE,TRUE,TRUE,single_accepted_id
coreopsis rhyacophila,1,1,1,1,1,Coreopsis rhyacophila,accepted,wfo-0000064104,Coreopsis rhyacophila,Asteraceae,Coreopsis,species,TRUE,TRUE,TRUE,single_accepted_id
coreopsis rosea,1,1,1,1,1,Coreopsis rosea,accepted,wfo-0000015938,Coreopsis rosea,Asteraceae,Coreopsis,species,TRUE,TRUE,TRUE,single_accepted_id
coreopsis stillmanii,1,1,1,1,1,Coreopsis stillmanii,accepted,wfo-0000032623,Coreopsis stillmanii,Asteraceae,Coreopsis,species,TRUE,TRUE,TRUE,single_accepted_id
coreopsis tinctoria,1,1,1,1,1,Coreopsis tinctoria,accepted,wfo-0000069050,Coreopsis tinctoria,Asteraceae,Coreopsis,species,TRUE,TRUE,TRUE,single_accepted_id
coreopsis tripteris,1,1,1,1,1,Coreopsis tripteris,accepted,wfo-0000088275,Coreopsis tripteris,Asteraceae,Coreopsis,species,TRUE,TRUE,TRUE,single_accepted_id
corethrodendron multijugum,1,1,1,1,1,Corethrodendron multijugum,accepted,wfo-0001034249,Corethrodendron multijugum,Fabaceae,Corethrodendron,species,FALSE,FALSE,TRUE,single_accepted_id
corethrodendron scoparium,1,1,1,1,1,Corethrodendron scoparium,accepted,wfo-0001272343,Corethrodendron scoparium,Fabaceae,Corethrodendron,species,FALSE,FALSE,TRUE,single_accepted_id
coriandrum sativum,1,1,1,1,1,Coriandrum sativum,accepted,wfo-0000621274,Coriandrum sativum,Apiaceae,Coriandrum,species,TRUE,TRUE,TRUE,single_accepted_id
coriaria japonica,1,1,1,1,1,Coriaria japonica,accepted,wfo-0000924517,Coriaria japonica,Coriariaceae,Coriaria,species,TRUE,TRUE,TRUE,single_accepted_id
cornus kousa,2,2,1,1,1,Cornus kousa,accepted | unchecked,wfo-0000924739,Cornus kousa,Cornaceae,Cornus,species,TRUE,TRUE,TRUE,single_accepted_id
cornus mas,1,1,1,1,1,Cornus mas,accepted,wfo-0000924760,Cornus mas,Cornaceae,Cornus,species,TRUE,TRUE,TRUE,single_accepted_id
coronilla emerus,1,1,1,1,1,Coronilla emerus,synonym,wfo-0000205514,Hippocrepis emerus,Fabaceae,Hippocrepis,species,TRUE,TRUE,FALSE,single_accepted_id
corsinia coriandrina,1,1,1,1,1,Corsinia coriandrina,accepted,wfo-0001196280,Corsinia coriandrina,Corsiniaceae,Corsinia,species,TRUE,TRUE,TRUE,single_accepted_id
corydalis bulbosa,1,1,1,1,1,Corydalis bulbosa,synonym,wfo-0000622894,Corydalis solida,Papaveraceae,Corydalis,species,TRUE,TRUE,FALSE,single_accepted_id
corydalis solida,1,1,1,1,1,Corydalis solida,accepted,wfo-0000622894,Corydalis solida,Papaveraceae,Corydalis,species,TRUE,TRUE,TRUE,single_accepted_id
corylus,1,1,1,1,1,Corylus,accepted,wfo-4000009390,Corylus,Betulaceae,Corylus,genus,TRUE,TRUE,TRUE,single_accepted_id
corymbia citriodora,1,1,1,1,1,Corymbia citriodora,accepted,wfo-0000925431,Corymbia citriodora,Myrtaceae,Corymbia,species,TRUE,TRUE,TRUE,single_accepted_id
corymbia maculata,1,1,1,1,1,Corymbia maculata,accepted,wfo-0000925549,Corymbia maculata,Myrtaceae,Corymbia,species,TRUE,TRUE,TRUE,single_accepted_id
corymbia peltata,1,1,1,1,1,Corymbia peltata,accepted,wfo-0000925567,Corymbia peltata,Myrtaceae,Corymbia,species,TRUE,TRUE,TRUE,single_accepted_id
coryphopteris japonica,1,1,1,1,1,Coryphopteris japonica,accepted,wfo-0001335486,Coryphopteris japonica,Thelypteridaceae,Coryphopteris,species,FALSE,FALSE,TRUE,single_accepted_id
cosmos bipinnatus,1,1,1,1,1,Cosmos bipinnatus,accepted,wfo-0000066682,Cosmos bipinnatus,Asteraceae,Cosmos,species,FALSE,FALSE,TRUE,single_accepted_id
cosmos sulphureus,1,1,1,1,1,Cosmos sulphureus,accepted,wfo-0000030713,Cosmos sulphureus,Asteraceae,Cosmos,species,TRUE,TRUE,TRUE,single_accepted_id
cota altissima,1,1,1,1,1,Cota altissima,accepted,wfo-0000086301,Cota altissima,Asteraceae,Cota,species,TRUE,TRUE,TRUE,single_accepted_id
cota coelopoda,1,1,1,1,1,Cota coelopoda,accepted,wfo-0000077255,Cota coelopoda,Asteraceae,Cota,species,FALSE,FALSE,TRUE,single_accepted_id
cota palaestina,1,1,1,1,1,Cota palaestina,accepted,wfo-0000133617,Cota palaestina,Asteraceae,Cota,species,TRUE,TRUE,TRUE,single_accepted_id
cotinus coggygria,1,1,1,1,1,Cotinus coggygria,accepted,wfo-0000623618,Cotinus coggygria,Anacardiaceae,Cotinus,species,TRUE,TRUE,TRUE,single_accepted_id
cotoneaster integrifolius,1,1,1,1,1,Cotoneaster integrifolius,accepted,wfo-0000999681,Cotoneaster integrifolius,Rosaceae,Cotoneaster,species,FALSE,FALSE,TRUE,single_accepted_id
cotoneaster orbicularis,1,1,1,1,1,Cotoneaster orbicularis,accepted,wfo-0001002632,Cotoneaster orbicularis,Rosaceae,Cotoneaster,species,TRUE,TRUE,TRUE,single_accepted_id
cotoneaster simonsii,1,1,1,1,1,Cotoneaster simonsii,accepted,wfo-0001012041,Cotoneaster simonsii,Rosaceae,Cotoneaster,species,TRUE,TRUE,TRUE,single_accepted_id
cotoneaster symondsii,1,1,1,1,1,Cotoneaster symondsii,synonym,wfo-0000999681,Cotoneaster integrifolius,Rosaceae,Cotoneaster,species,TRUE,TRUE,FALSE,single_accepted_id
couepia paraensis,2,2,1,1,1,Couepia paraensis,accepted | synonym,wfo-0000830700,Couepia paraensis,Chrysobalanaceae,Couepia,species,TRUE,TRUE,TRUE,single_accepted_id
coutarea hexandra,1,1,1,1,1,Coutarea hexandra,accepted,wfo-0000926501,Coutarea hexandra,Rubiaceae,Coutarea,species,TRUE,TRUE,TRUE,single_accepted_id
coutarea latiflora,1,1,1,1,1,Coutarea latiflora,synonym,wfo-0000982487,Hintonia latiflora,Rubiaceae,Hintonia,species,TRUE,TRUE,FALSE,single_accepted_id
cowania mexicana,2,2,1,1,1,Cowania mexicana,synonym | unchecked,wfo-0000991554,Purshia mexicana,Rosaceae,Purshia,species,TRUE,TRUE,FALSE,single_accepted_id
craspedolobium schochii,1,1,1,1,1,Craspedolobium schochii,synonym,wfo-0001035482,Craspedolobium unijugum,Fabaceae,Craspedolobium,species,TRUE,TRUE,FALSE,single_accepted_id
craspedolobium unijugum,1,1,1,1,1,Craspedolobium unijugum,accepted,wfo-0001035482,Craspedolobium unijugum,Fabaceae,Craspedolobium,species,FALSE,FALSE,TRUE,single_accepted_id
crassocephalum vitellinum,1,1,1,1,1,Crassocephalum vitellinum,accepted,wfo-0000020399,Crassocephalum vitellinum,Asteraceae,Crassocephalum,species,FALSE,FALSE,TRUE,single_accepted_id
crassula argentea,1,1,1,1,1,Crassula argentea,synonym,wfo-0000625299,Crassula ovata,Crassulaceae,Crassula,species,TRUE,TRUE,FALSE,single_accepted_id
crassula sarmentosa,1,1,1,1,1,Crassula sarmentosa,accepted,wfo-0000625441,Crassula sarmentosa,Crassulaceae,Crassula,species,FALSE,FALSE,TRUE,single_accepted_id
crataegus,1,1,1,1,1,Crataegus,accepted,wfo-4000009592,Crataegus,Rosaceae,Crataegus,genus,TRUE,TRUE,TRUE,single_accepted_id
crataegus coccinea var. coccinea,1,1,1,1,1,Crataegus coccinea var. coccinea,accepted,wfo-1200075021,Crataegus coccinea var. coccinea,Rosaceae,Crataegus,variety,FALSE,FALSE,TRUE,single_accepted_id
crataegus germanica,2,2,1,1,1,Crataegus germanica,accepted | unchecked,wfo-0000990421,Crataegus germanica,Rosaceae,Crataegus,species,TRUE,TRUE,TRUE,single_accepted_id
crataegus kyrtostyla var. kyrtostyla,1,1,1,1,1,Crataegus kyrtostyla var. kyrtostyla,accepted,wfo-1200075022,Crataegus kyrtostyla var. kyrtostyla,Rosaceae,Crataegus,variety,FALSE,FALSE,TRUE,single_accepted_id
crataegus laevigata,1,1,1,1,1,Crataegus laevigata,accepted,wfo-0001009174,Crataegus laevigata,Rosaceae,Crataegus,species,TRUE,TRUE,TRUE,single_accepted_id
crataegus marshallii,1,1,1,1,1,Crataegus marshallii,accepted,wfo-0001010488,Crataegus marshallii,Rosaceae,Crataegus,species,FALSE,FALSE,TRUE,single_accepted_id
crataegus phaenopyrum,2,2,1,1,1,Crataegus phaenopyrum,accepted | unchecked,wfo-0001010531,Crataegus phaenopyrum,Rosaceae,Crataegus,species,TRUE,TRUE,TRUE,single_accepted_id
crataegus pinnatifida,2,2,1,1,1,Crataegus pinnatifida,accepted | unchecked,wfo-0000988959,Crataegus pinnatifida,Rosaceae,Crataegus,species,TRUE,TRUE,TRUE,single_accepted_id
crataegus punctata,1,1,1,1,1,Crataegus punctata,accepted,wfo-0001010545,Crataegus punctata,Rosaceae,Crataegus,species,FALSE,FALSE,TRUE,single_accepted_id
crataegus rhipidophylla,1,1,1,1,1,Crataegus rhipidophylla,accepted,wfo-0000989083,Crataegus rhipidophylla,Rosaceae,Crataegus,species,TRUE,TRUE,TRUE,single_accepted_id
crataegus rhipidophylla var. rhipidophylla,1,1,1,1,1,Crataegus rhipidophylla var. rhipidophylla,accepted,wfo-0000987339,Crataegus rhipidophylla var. rhipidophylla,Rosaceae,Crataegus,variety,FALSE,FALSE,TRUE,single_accepted_id
crataegus sinaica,1,1,1,1,1,Crataegus sinaica,accepted,wfo-0000989856,Crataegus sinaica,Rosaceae,Crataegus,species,TRUE,TRUE,TRUE,single_accepted_id
cratoxylum arborescens,1,1,1,1,1,Cratoxylum arborescens,accepted,wfo-0000625744,Cratoxylum arborescens,Hypericaceae,Cratoxylum,species,TRUE,TRUE,TRUE,single_accepted_id
cratoxylum cochinchinense,1,1,1,1,1,Cratoxylum cochinchinense,accepted,wfo-0000625754,Cratoxylum cochinchinense,Hypericaceae,Cratoxylum,species,TRUE,TRUE,TRUE,single_accepted_id
cratoxylum formosum,1,1,1,1,1,Cratoxylum formosum,accepted,wfo-0000625758,Cratoxylum formosum,Hypericaceae,Cratoxylum,species,FALSE,TRUE,TRUE,single_accepted_id
crinum *,1,1,1,1,1,Crinum × amabile,accepted,wfo-0001046857,Crinum × amabile,Amaryllidaceae,Crinum,species,FALSE,FALSE,TRUE,single_accepted_id
crinum asiaticum,1,1,1,1,1,Crinum asiaticum,accepted,wfo-0000764396,Crinum asiaticum,Amaryllidaceae,Crinum,species,TRUE,TRUE,TRUE,single_accepted_id
crinum augustum,1,1,1,1,1,Crinum augustum,synonym,wfo-0001046857,Crinum × amabile,Amaryllidaceae,Crinum,species,TRUE,TRUE,FALSE,single_accepted_id
crinum bulbispermum,1,1,1,1,1,Crinum bulbispermum,accepted,wfo-0000764436,Crinum bulbispermum,Amaryllidaceae,Crinum,species,TRUE,TRUE,TRUE,single_accepted_id
crocanthemum glomeratum,1,1,1,1,1,Crocanthemum glomeratum,accepted,wfo-0000626256,Crocanthemum glomeratum,Cistaceae,Crocanthemum,species,TRUE,TRUE,TRUE,single_accepted_id
crocus chrysanthus,1,1,1,1,1,Crocus chrysanthus,accepted,wfo-0000788600,Crocus chrysanthus,Iridaceae,Crocus,species,TRUE,TRUE,TRUE,single_accepted_id
crocus sativus,1,1,1,1,1,Crocus sativus,accepted,wfo-0000788844,Crocus sativus,Iridaceae,Crocus,species,TRUE,TRUE,TRUE,single_accepted_id
crossopetalum gaumeri,1,1,1,1,1,Crossopetalum gaumeri,accepted,wfo-0000626441,Crossopetalum gaumeri,Celastraceae,Crossopetalum,species,TRUE,TRUE,TRUE,single_accepted_id
crossopteryx febrifuga,1,1,1,1,1,Crossopteryx febrifuga,accepted,wfo-0000927185,Crossopteryx febrifuga,Rubiaceae,Crossopteryx,species,TRUE,TRUE,TRUE,single_accepted_id
crotalaria,1,1,1,1,1,Crotalaria,accepted,wfo-4000009787,Crotalaria,Fabaceae,Crotalaria,genus,TRUE,TRUE,TRUE,single_accepted_id
crotalaria assamica,1,1,1,1,1,Crotalaria assamica,synonym,wfo-1200113051,Crotalaria sericea var. sericea,Fabaceae,Crotalaria,variety,TRUE,TRUE,FALSE,single_accepted_id
crotalaria barbata,1,1,1,1,1,Crotalaria barbata,accepted,wfo-0000185071,Crotalaria barbata,Fabaceae,Crotalaria,species,TRUE,TRUE,TRUE,single_accepted_id
crotalaria crispata,1,1,1,1,1,Crotalaria crispata,accepted,wfo-0000185074,Crotalaria crispata,Fabaceae,Crotalaria,species,FALSE,FALSE,TRUE,single_accepted_id
crotalaria huillensis,1,1,1,1,1,Crotalaria huillensis,accepted,wfo-0000207960,Crotalaria huillensis,Fabaceae,Crotalaria,species,FALSE,FALSE,TRUE,single_accepted_id
crotalaria lachnophora,1,1,1,1,1,Crotalaria lachnophora,accepted,wfo-0000207514,Crotalaria lachnophora,Fabaceae,Crotalaria,species,TRUE,TRUE,TRUE,single_accepted_id
crotalaria linifolia,1,1,1,1,1,Crotalaria linifolia,accepted,wfo-0000184569,Crotalaria linifolia,Fabaceae,Crotalaria,species,FALSE,FALSE,TRUE,single_accepted_id
crotalaria madurensis,1,1,1,1,1,Crotalaria madurensis,accepted,wfo-0000185076,Crotalaria madurensis,Fabaceae,Crotalaria,species,TRUE,TRUE,TRUE,single_accepted_id
crotalaria nitens,1,1,1,1,1,Crotalaria nitens,accepted,wfo-0000174075,Crotalaria nitens,Fabaceae,Crotalaria,species,TRUE,TRUE,TRUE,single_accepted_id
crotalaria orixensis,1,1,1,1,1,Crotalaria orixensis,accepted,wfo-0000210581,Crotalaria orixensis,Fabaceae,Crotalaria,species,TRUE,TRUE,TRUE,single_accepted_id
crotalaria prostrata,3,3,1,1,1,Crotalaria prostrata,accepted | unchecked,wfo-0000198706,Crotalaria prostrata,Fabaceae,Crotalaria,species,TRUE,TRUE,TRUE,single_accepted_id
crotalaria retusa,1,1,1,1,1,Crotalaria retusa,accepted,wfo-0000210930,Crotalaria retusa,Fabaceae,Crotalaria,species,TRUE,TRUE,TRUE,single_accepted_id
crotalaria saltiana,1,1,1,1,1,Crotalaria saltiana,accepted,wfo-0001249541,Crotalaria saltiana,Fabaceae,Crotalaria,species,FALSE,FALSE,TRUE,single_accepted_id
crotalaria sericea var. sericea,1,1,1,1,1,Crotalaria sericea var. sericea,accepted,wfo-1200113051,Crotalaria sericea var. sericea,Fabaceae,Crotalaria,variety,FALSE,FALSE,TRUE,single_accepted_id
crotalaria sessiliflora,1,1,1,1,1,Crotalaria sessiliflora,accepted,wfo-0000185954,Crotalaria sessiliflora,Fabaceae,Crotalaria,species,TRUE,TRUE,TRUE,single_accepted_id
crotalaria thebaica,1,1,1,1,1,Crotalaria thebaica,accepted,wfo-0000210585,Crotalaria thebaica,Fabaceae,Crotalaria,species,TRUE,TRUE,TRUE,single_accepted_id
crotalaria trichotoma,1,1,1,1,1,Crotalaria trichotoma,accepted,wfo-0000186157,Crotalaria trichotoma,Fabaceae,Crotalaria,species,TRUE,TRUE,TRUE,single_accepted_id
crotalaria trifoliastrum,1,1,1,1,1,Crotalaria trifoliastrum,accepted,wfo-0000186515,Crotalaria trifoliastrum,Fabaceae,Crotalaria,species,TRUE,TRUE,TRUE,single_accepted_id
crotalaria verrucosa,1,1,1,1,1,Crotalaria verrucosa,accepted,wfo-0000210929,Crotalaria verrucosa,Fabaceae,Crotalaria,species,TRUE,TRUE,TRUE,single_accepted_id
croton draconoides,1,1,1,1,1,Croton draconoides,accepted,wfo-0000927869,Croton draconoides,Euphorbiaceae,Croton,species,TRUE,TRUE,TRUE,single_accepted_id
croton hieronymi,1,1,1,1,1,Croton hieronymi,accepted,wfo-0000931237,Croton hieronymi,Euphorbiaceae,Croton,species,TRUE,TRUE,TRUE,single_accepted_id
croton insularis,1,1,1,1,1,Croton insularis,accepted,wfo-0000931310,Croton insularis,Euphorbiaceae,Croton,species,TRUE,TRUE,TRUE,single_accepted_id
croton lechleri,1,1,1,1,1,Croton lechleri,accepted,wfo-0000931464,Croton lechleri,Euphorbiaceae,Croton,species,TRUE,TRUE,TRUE,single_accepted_id
croton steenkampianus,1,1,1,1,1,Croton steenkampianus,accepted,wfo-0000932431,Croton steenkampianus,Euphorbiaceae,Croton,species,TRUE,TRUE,TRUE,single_accepted_id
croton urucurana,1,1,1,1,1,Croton urucurana,accepted,wfo-0000932652,Croton urucurana,Euphorbiaceae,Croton,species,TRUE,TRUE,TRUE,single_accepted_id
cryptocarya chartacea,1,1,1,1,1,Cryptocarya chartacea,accepted,wfo-0000627834,Cryptocarya chartacea,Lauraceae,Cryptocarya,species,TRUE,TRUE,TRUE,single_accepted_id
cryptocarya chinensis,1,1,1,1,1,Cryptocarya chinensis,accepted,wfo-0000627835,Cryptocarya chinensis,Lauraceae,Cryptocarya,species,TRUE,TRUE,TRUE,single_accepted_id
cryptocarya concinna,1,1,1,1,1,Cryptocarya concinna,accepted,wfo-0000627846,Cryptocarya concinna,Lauraceae,Cryptocarya,species,TRUE,TRUE,TRUE,single_accepted_id
cryptocarya griffithiana,1,1,1,1,1,Cryptocarya griffithiana,accepted,wfo-0000627947,Cryptocarya griffithiana,Lauraceae,Cryptocarya,species,FALSE,FALSE,TRUE,single_accepted_id
cryptocarya idenburgensis,1,1,1,1,1,Cryptocarya idenburgensis,accepted,wfo-0000627966,Cryptocarya idenburgensis,Lauraceae,Cryptocarya,species,TRUE,TRUE,TRUE,single_accepted_id
cryptocarya infectoria,1,1,1,1,1,Cryptocarya infectoria,synonym,wfo-0000627947,Cryptocarya griffithiana,Lauraceae,Cryptocarya,species,TRUE,TRUE,FALSE,single_accepted_id
cryptocarya kurzii,1,1,1,1,1,Cryptocarya kurzii,accepted,wfo-0000627985,Cryptocarya kurzii,Lauraceae,Cryptocarya,species,TRUE,TRUE,TRUE,single_accepted_id
cryptocarya obovata,1,1,1,1,1,Cryptocarya obovata,accepted,wfo-0000628097,Cryptocarya obovata,Lauraceae,Cryptocarya,species,TRUE,TRUE,TRUE,single_accepted_id
cryptocarya pleurosperma,1,1,1,1,1,Cryptocarya pleurosperma,accepted,wfo-0000628151,Cryptocarya pleurosperma,Lauraceae,Cryptocarya,species,TRUE,TRUE,TRUE,single_accepted_id
cryptocarya rugulosa,1,1,1,1,1,Cryptocarya rugulosa,accepted,wfo-0000628187,Cryptocarya rugulosa,Lauraceae,Cryptocarya,species,TRUE,TRUE,TRUE,single_accepted_id
cryptocarya strictifolia,1,1,1,1,1,Cryptocarya strictifolia,accepted,wfo-0000628212,Cryptocarya strictifolia,Lauraceae,Cryptocarya,species,TRUE,TRUE,TRUE,single_accepted_id
cryptomeria japonica,1,1,1,1,1,Cryptomeria japonica,accepted,wfo-0000628423,Cryptomeria japonica,Cupressaceae,Cryptomeria,species,TRUE,TRUE,TRUE,single_accepted_id
cucurbita pepo,1,1,1,1,1,Cucurbita pepo,accepted,wfo-0000629123,Cucurbita pepo,Cucurbitaceae,Cucurbita,species,TRUE,TRUE,TRUE,single_accepted_id
cudrania,1,1,1,1,1,Cudrania,synonym,wfo-4000022646,Maclura,Moraceae,Maclura,genus,TRUE,TRUE,FALSE,single_accepted_id
cudrania cochinchinensis,1,1,1,1,1,Cudrania cochinchinensis,synonym,wfo-0000448071,Maclura cochinchinensis,Moraceae,Maclura,species,TRUE,TRUE,FALSE,single_accepted_id
cudrania fruticosa,1,1,1,1,1,Cudrania fruticosa,synonym,wfo-0000448071,Maclura cochinchinensis,Moraceae,Maclura,species,TRUE,TRUE,FALSE,single_accepted_id
cudrania tricuspidata,1,1,1,1,1,Cudrania tricuspidata,synonym,wfo-0001085025,Maclura tricuspidata,Moraceae,Maclura,species,TRUE,TRUE,FALSE,single_accepted_id
cullen corylifolia,1,1,1,1,1,Cullen corylifolia,synonym,wfo-0000186158,Cullen corylifolium,Fabaceae,Cullen,species,TRUE,TRUE,FALSE,single_accepted_id
cullen corylifolium,1,1,1,1,1,Cullen corylifolium,accepted,wfo-0000186158,Cullen corylifolium,Fabaceae,Cullen,species,TRUE,TRUE,TRUE,single_accepted_id
cullen plicatum,1,1,1,1,1,Cullen plicatum,accepted,wfo-0000186161,Cullen plicatum,Fabaceae,Cullen,species,TRUE,TRUE,TRUE,single_accepted_id
cuminum cyminum,1,1,1,1,1,Cuminum cyminum,accepted,wfo-0000629277,Cuminum cyminum,Apiaceae,Cuminum,species,TRUE,TRUE,TRUE,single_accepted_id
cupania glabra,1,1,1,1,1,Cupania glabra,accepted,wfo-0000629476,Cupania glabra,Sapindaceae,Cupania,species,FALSE,FALSE,TRUE,single_accepted_id
cupania latifolia,1,1,1,1,1,Cupania latifolia,accepted,wfo-0000629512,Cupania latifolia,Sapindaceae,Cupania,species,TRUE,TRUE,TRUE,single_accepted_id
cupressus sempervirens,1,1,1,1,1,Cupressus sempervirens,accepted,wfo-0000630789,Cupressus sempervirens,Cupressaceae,Cupressus,species,TRUE,TRUE,TRUE,single_accepted_id
cuscuta reflexa,1,1,1,1,1,Cuscuta reflexa,accepted,wfo-0001296658,Cuscuta reflexa,Convolvulaceae,Cuscuta,species,TRUE,TRUE,TRUE,single_accepted_id
cyanothamnus bipinnatus,1,1,1,1,1,Cyanothamnus bipinnatus,accepted,wfo-1000021907,Cyanothamnus bipinnatus,Rutaceae,Cyanothamnus,species,FALSE,FALSE,TRUE,single_accepted_id
cyanothamnus coerulescens,1,1,1,1,1,Cyanothamnus coerulescens,accepted,wfo-1000021909,Cyanothamnus coerulescens,Rutaceae,Cyanothamnus,species,FALSE,FALSE,TRUE,single_accepted_id
cyanothamnus inconspicuus,1,1,1,1,1,Cyanothamnus inconspicuus,accepted,wfo-1000021912,Cyanothamnus inconspicuus,Rutaceae,Cyanothamnus,species,FALSE,FALSE,TRUE,single_accepted_id
cyanothamnus ramosus,1,1,1,1,1,Cyanothamnus ramosus,accepted,wfo-0000631013,Cyanothamnus ramosus,Rutaceae,Cyanothamnus,species,FALSE,FALSE,TRUE,single_accepted_id
cyanthillium cinereum,1,1,1,1,1,Cyanthillium cinereum,accepted,wfo-0000051035,Cyanthillium cinereum,Asteraceae,Cyanthillium,species,TRUE,TRUE,TRUE,single_accepted_id
cyathochaeta diandra,1,1,1,1,1,Cyathochaeta diandra,accepted,wfo-0000367175,Cyathochaeta diandra,Cyperaceae,Cyathochaeta,species,TRUE,TRUE,TRUE,single_accepted_id
cycas beddomei,1,1,1,1,1,Cycas beddomei,accepted,wfo-0000631499,Cycas beddomei,Cycadaceae,Cycas,species,TRUE,TRUE,TRUE,single_accepted_id
cycas circinalis,1,1,1,1,1,Cycas circinalis,accepted,wfo-0000631521,Cycas circinalis,Cycadaceae,Cycas,species,TRUE,TRUE,TRUE,single_accepted_id
cycas revoluta,1,1,1,1,1,Cycas revoluta,accepted,wfo-0000631639,Cycas revoluta,Cycadaceae,Cycas,species,TRUE,TRUE,TRUE,single_accepted_id
cyclamen persicum,1,1,1,1,1,Cyclamen persicum,accepted,wfo-0000631834,Cyclamen persicum,Primulaceae,Cyclamen,species,TRUE,TRUE,TRUE,single_accepted_id
cyclolobium brasiliense,1,1,1,1,1,Cyclolobium brasiliense,accepted,wfo-0000174090,Cyclolobium brasiliense,Fabaceae,Cyclolobium,species,FALSE,FALSE,TRUE,single_accepted_id
cyclolobium claussenii,1,1,1,1,1,Cyclolobium claussenii,synonym,wfo-0000174090,Cyclolobium brasiliense,Fabaceae,Cyclolobium,species,TRUE,TRUE,FALSE,single_accepted_id
cyclopia falcata,1,1,1,1,1,Cyclopia falcata,accepted,wfo-0000197696,Cyclopia falcata,Fabaceae,Cyclopia,species,TRUE,TRUE,TRUE,single_accepted_id
cyclopia intermedia,1,1,1,1,1,Cyclopia intermedia,accepted,wfo-0000197746,Cyclopia intermedia,Fabaceae,Cyclopia,species,TRUE,TRUE,TRUE,single_accepted_id
cyclopia meyeriana,1,1,1,1,1,Cyclopia meyeriana,accepted,wfo-0000197790,Cyclopia meyeriana,Fabaceae,Cyclopia,species,FALSE,FALSE,TRUE,single_accepted_id
cyclosorus acuminatus,2,2,1,1,1,Cyclosorus acuminatus,synonym,wfo-0001125964,Christella acuminata,Thelypteridaceae,Christella,species,FALSE,TRUE,FALSE,single_accepted_id
cyclosorus interruptus,2,2,1,1,1,Cyclosorus interruptus,accepted | synonym,wfo-0001110853,Cyclosorus interruptus,Thelypteridaceae,Cyclosorus,species,TRUE,TRUE,TRUE,single_accepted_id
cyclotrichium niveum,1,1,1,1,1,Cyclotrichium niveum,accepted,wfo-0000934157,Cyclotrichium niveum,Lamiaceae,Cyclotrichium,species,TRUE,TRUE,TRUE,single_accepted_id
cydonia,2,2,1,1,1,Cydonia,accepted | unchecked,wfo-4000010308,Cydonia,Rosaceae,Cydonia,genus,TRUE,TRUE,TRUE,single_accepted_id
cynara cardunculus,1,1,1,1,1,Cynara cardunculus,accepted,wfo-0000013358,Cynara cardunculus,Asteraceae,Cynara,species,TRUE,TRUE,TRUE,single_accepted_id
cynara cornigera,1,1,1,1,1,Cynara cornigera,accepted,wfo-0000070364,Cynara cornigera,Asteraceae,Cynara,species,TRUE,TRUE,TRUE,single_accepted_id
cynara scolymus,1,1,1,1,1,Cynara scolymus,accepted,wfo-0000131895,Cynara scolymus,Asteraceae,Cynara,species,TRUE,TRUE,TRUE,single_accepted_id
cynomorium coccineum,1,1,1,1,1,Cynomorium coccineum,accepted,wfo-0000934734,Cynomorium coccineum,Cynomoriaceae,Cynomorium,species,TRUE,TRUE,TRUE,single_accepted_id
cyperus,1,1,1,1,1,Cyperus,accepted,wfo-4000010449,Cyperus,Cyperaceae,Cyperus,genus,TRUE,TRUE,TRUE,single_accepted_id
cyperus aristulatus,1,1,1,1,1,Cyperus aristulatus,accepted,wfo-0001429153,Cyperus aristulatus,Cyperaceae,Cyperus,species,TRUE,TRUE,TRUE,single_accepted_id
cyperus compactus,1,1,1,1,1,Cyperus compactus,accepted,wfo-0000369738,Cyperus compactus,Cyperaceae,Cyperus,species,FALSE,FALSE,TRUE,single_accepted_id
cyperus conglomeratus,1,1,1,1,1,Cyperus conglomeratus,accepted,wfo-0000369935,Cyperus conglomeratus,Cyperaceae,Cyperus,species,TRUE,TRUE,TRUE,single_accepted_id
cyperus cuspidatus,1,1,1,1,1,Cyperus cuspidatus,accepted,wfo-0000370828,Cyperus cuspidatus,Cyperaceae,Cyperus,species,FALSE,FALSE,TRUE,single_accepted_id
cyperus dubius var. dubius,1,1,1,1,1,Cyperus dubius var. dubius,accepted,wfo-0000372269,Cyperus dubius var. dubius,Cyperaceae,Cyperus,variety,FALSE,FALSE,TRUE,single_accepted_id
cyperus gunnii,1,1,1,1,1,Cyperus gunnii,accepted,wfo-0000374314,Cyperus gunnii,Cyperaceae,Cyperus,species,TRUE,TRUE,TRUE,single_accepted_id
cyperus iria,1,1,1,1,1,Cyperus iria,accepted,wfo-0000375442,Cyperus iria,Cyperaceae,Cyperus,species,TRUE,TRUE,TRUE,single_accepted_id
cyperus leptocarpus,1,1,1,1,1,Cyperus leptocarpus,accepted,wfo-0001339762,Cyperus leptocarpus,Cyperaceae,Cyperus,species,TRUE,TRUE,TRUE,single_accepted_id
cyperus longus subsp. longus,1,1,1,1,1,Cyperus longus subsp. longus,accepted,wfo-0000377263,Cyperus longus subsp. longus,Cyperaceae,Cyperus,subspecies,FALSE,FALSE,TRUE,single_accepted_id
cyperus microcephalus,1,1,1,1,1,Cyperus microcephalus,accepted,wfo-0000377752,Cyperus microcephalus,Cyperaceae,Cyperus,species,TRUE,TRUE,TRUE,single_accepted_id
cyperus oxycarpus,1,1,1,1,1,Cyperus oxycarpus,accepted,wfo-0000378892,Cyperus oxycarpus,Cyperaceae,Cyperus,species,TRUE,TRUE,TRUE,single_accepted_id
cyperus pluribracteatus,1,1,1,1,1,Cyperus pluribracteatus,synonym,wfo-0000384152,Cyperus trigonellus,Cyperaceae,Cyperus,species,TRUE,TRUE,FALSE,single_accepted_id
cyperus rotundus,1,1,1,1,1,Cyperus rotundus,accepted,wfo-0000381487,Cyperus rotundus,Cyperaceae,Cyperus,species,FALSE,FALSE,TRUE,single_accepted_id
cyperus rubicundus,1,1,1,1,1,Cyperus rubicundus,accepted,wfo-0000381675,Cyperus rubicundus,Cyperaceae,Cyperus,species,FALSE,FALSE,TRUE,single_accepted_id
cyperus scariosus,1,1,1,1,1,Cyperus scariosus,accepted,wfo-0000382088,Cyperus scariosus,Cyperaceae,Cyperus,species,TRUE,TRUE,TRUE,single_accepted_id
cyperus teneriffae,1,1,1,1,1,Cyperus teneriffae,synonym,wfo-0000381675,Cyperus rubicundus,Cyperaceae,Cyperus,species,TRUE,TRUE,FALSE,single_accepted_id
cyperus trigonellus,1,1,1,1,1,Cyperus trigonellus,accepted,wfo-0000384152,Cyperus trigonellus,Cyperaceae,Cyperus,species,FALSE,FALSE,TRUE,single_accepted_id
cyphostemma digitatum,1,1,1,1,1,Cyphostemma digitatum,accepted,wfo-0000634523,Cyphostemma digitatum,Vitaceae,Cyphostemma,species,TRUE,TRUE,TRUE,single_accepted_id
cytisophyllum,1,1,1,1,1,Cytisophyllum,accepted,wfo-4000010593,Cytisophyllum,Fabaceae,Cytisophyllum,genus,FALSE,FALSE,TRUE,single_accepted_id
cytisophyllum sessilifolium,1,1,1,1,1,Cytisophyllum sessilifolium,accepted,wfo-0000213268,Cytisophyllum sessilifolium,Fabaceae,Cytisophyllum,species,FALSE,FALSE,TRUE,single_accepted_id
cytisus austriacus,1,1,1,1,1,Cytisus austriacus,synonym,wfo-0000213643,Chamaecytisus austriacus,Fabaceae,Chamaecytisus,species,TRUE,TRUE,FALSE,single_accepted_id
cytisus scoparius,1,1,1,1,1,Cytisus scoparius,accepted,wfo-0000213711,Cytisus scoparius,Fabaceae,Cytisus,species,TRUE,TRUE,TRUE,single_accepted_id
cytisus striatus,1,1,1,1,1,Cytisus striatus,accepted,wfo-0000213301,Cytisus striatus,Fabaceae,Cytisus,species,FALSE,FALSE,TRUE,single_accepted_id
cytisus striatus subsp. striatus,1,1,1,1,1,Cytisus striatus subsp. striatus,accepted,wfo-0001445562,Cytisus striatus subsp. striatus,Fabaceae,Cytisus,subspecies,FALSE,FALSE,TRUE,single_accepted_id
dacrycarpus dacrydioides,1,1,1,1,1,Dacrycarpus dacrydioides,accepted,wfo-0000636634,Dacrycarpus dacrydioides,Podocarpaceae,Dacrycarpus,species,TRUE,TRUE,TRUE,single_accepted_id
dahlia pinnata,1,1,1,1,1,Dahlia pinnata,accepted,wfo-0000064103,Dahlia pinnata,Asteraceae,Dahlia,species,TRUE,TRUE,TRUE,single_accepted_id
dahlia tenuicaulis,1,1,1,1,1,Dahlia tenuicaulis,accepted,wfo-0000018447,Dahlia tenuicaulis,Asteraceae,Dahlia,species,TRUE,TRUE,TRUE,single_accepted_id
dahlia variabilis,2,2,1,1,1,Dahlia variabilis,synonym | unchecked,wfo-0000064103,Dahlia pinnata,Asteraceae,Dahlia,species,TRUE,TRUE,FALSE,single_accepted_id
dahlstedtia araripensis,1,1,1,1,1,Dahlstedtia araripensis,accepted,wfo-0001317444,Dahlstedtia araripensis,Fabaceae,Dahlstedtia,species,FALSE,FALSE,TRUE,single_accepted_id
dahlstedtia pinnata,1,1,1,1,1,Dahlstedtia pinnata,accepted,wfo-0000168982,Dahlstedtia pinnata,Fabaceae,Dahlstedtia,species,TRUE,TRUE,TRUE,single_accepted_id
dalbergia,1,1,1,1,1,Dalbergia,accepted,wfo-4000010678,Dalbergia,Fabaceae,Dalbergia,genus,TRUE,TRUE,TRUE,single_accepted_id
dalbergia assamica,1,1,1,1,1,Dalbergia assamica,accepted,wfo-0000197964,Dalbergia assamica,Fabaceae,Dalbergia,species,TRUE,TRUE,TRUE,single_accepted_id
dalbergia baronii,1,1,1,1,1,Dalbergia baronii,accepted,wfo-0000197986,Dalbergia baronii,Fabaceae,Dalbergia,species,TRUE,TRUE,TRUE,single_accepted_id
dalbergia candenatensis,1,1,1,1,1,Dalbergia candenatensis,accepted,wfo-0000194807,Dalbergia candenatensis,Fabaceae,Dalbergia,species,TRUE,TRUE,TRUE,single_accepted_id
dalbergia cearensis,1,1,1,1,1,Dalbergia cearensis,accepted,wfo-0000168991,Dalbergia cearensis,Fabaceae,Dalbergia,species,TRUE,TRUE,TRUE,single_accepted_id
dalbergia cochinchinensis,2,2,1,1,1,Dalbergia cochinchinensis,accepted | synonym,wfo-0000199943,Dalbergia cochinchinensis,Fabaceae,Dalbergia,species,TRUE,TRUE,TRUE,single_accepted_id
dalbergia coromandeliana,1,1,1,1,1,Dalbergia coromandeliana,accepted,wfo-0000204440,Dalbergia coromandeliana,Fabaceae,Dalbergia,species,TRUE,TRUE,TRUE,single_accepted_id
dalbergia cultrata,2,2,1,1,1,Dalbergia cultrata,accepted | unchecked,wfo-0000199944,Dalbergia cultrata,Fabaceae,Dalbergia,species,TRUE,TRUE,TRUE,single_accepted_id
dalbergia decipularis,1,1,1,1,1,Dalbergia decipularis,accepted,wfo-0000173750,Dalbergia decipularis,Fabaceae,Dalbergia,species,TRUE,TRUE,TRUE,single_accepted_id
dalbergia ecastaphyllum,1,1,1,1,1,Dalbergia ecastaphyllum,accepted,wfo-0000172030,Dalbergia ecastaphyllum,Fabaceae,Dalbergia,species,TRUE,TRUE,TRUE,single_accepted_id
dalbergia frutescens,1,1,1,1,1,Dalbergia frutescens,accepted,wfo-0000169003,Dalbergia frutescens,Fabaceae,Dalbergia,species,TRUE,TRUE,TRUE,single_accepted_id
dalbergia horrida,2,2,1,1,1,Dalbergia horrida,accepted | unchecked,wfo-0000199960,Dalbergia horrida,Fabaceae,Dalbergia,species,TRUE,TRUE,TRUE,single_accepted_id
dalbergia horrida var. horrida,1,1,1,1,1,Dalbergia horrida var. horrida,accepted,wfo-0000199962,Dalbergia horrida var. horrida,Fabaceae,Dalbergia,variety,FALSE,FALSE,TRUE,single_accepted_id
dalbergia hupeana,1,1,1,1,1,Dalbergia hupeana,accepted,wfo-0000194809,Dalbergia hupeana,Fabaceae,Dalbergia,species,TRUE,TRUE,TRUE,single_accepted_id
dalbergia inundata,1,1,1,1,1,Dalbergia inundata,accepted,wfo-0000169014,Dalbergia inundata,Fabaceae,Dalbergia,species,TRUE,TRUE,TRUE,single_accepted_id
dalbergia latifolia,1,1,1,1,1,Dalbergia latifolia,accepted,wfo-0000172240,Dalbergia latifolia,Fabaceae,Dalbergia,species,TRUE,TRUE,TRUE,single_accepted_id
dalbergia louvelii,1,1,1,1,1,Dalbergia louvelii,accepted,wfo-0000196181,Dalbergia louvelii,Fabaceae,Dalbergia,species,TRUE,TRUE,TRUE,single_accepted_id
dalbergia malabarica,1,1,1,1,1,Dalbergia malabarica,accepted,wfo-0000204457,Dalbergia malabarica,Fabaceae,Dalbergia,species,TRUE,TRUE,TRUE,single_accepted_id
dalbergia melanoxylon,1,1,1,1,1,Dalbergia melanoxylon,accepted,wfo-0000172325,Dalbergia melanoxylon,Fabaceae,Dalbergia,species,TRUE,TRUE,TRUE,single_accepted_id
dalbergia mimosella,1,1,1,1,1,Dalbergia mimosella,accepted,wfo-0000205944,Dalbergia mimosella,Fabaceae,Dalbergia,species,FALSE,FALSE,TRUE,single_accepted_id
dalbergia miscolobium,1,1,1,1,1,Dalbergia miscolobium,accepted,wfo-0000170461,Dalbergia miscolobium,Fabaceae,Dalbergia,species,TRUE,TRUE,TRUE,single_accepted_id
dalbergia monetaria,1,1,1,1,1,Dalbergia monetaria,accepted,wfo-0000170462,Dalbergia monetaria,Fabaceae,Dalbergia,species,TRUE,TRUE,TRUE,single_accepted_id
dalbergia nigra,1,1,1,1,1,Dalbergia nigra,accepted,wfo-0000170463,Dalbergia nigra,Fabaceae,Dalbergia,species,TRUE,TRUE,TRUE,single_accepted_id
dalbergia nitidula,1,1,1,1,1,Dalbergia nitidula,accepted,wfo-0000172371,Dalbergia nitidula,Fabaceae,Dalbergia,species,TRUE,TRUE,TRUE,single_accepted_id
dalbergia odorifera,1,1,1,1,1,Dalbergia odorifera,accepted,wfo-0000194810,Dalbergia odorifera,Fabaceae,Dalbergia,species,TRUE,TRUE,TRUE,single_accepted_id
dalbergia oliveri,1,1,1,1,1,Dalbergia oliveri,accepted,wfo-0000199984,Dalbergia oliveri,Fabaceae,Dalbergia,species,TRUE,TRUE,TRUE,single_accepted_id
dalbergia parviflora,1,1,1,1,1,Dalbergia parviflora,accepted,wfo-0000185087,Dalbergia parviflora,Fabaceae,Dalbergia,species,TRUE,TRUE,TRUE,single_accepted_id
dalbergia pervillei,1,1,1,1,1,Dalbergia pervillei,accepted,wfo-0000196202,Dalbergia pervillei,Fabaceae,Dalbergia,species,FALSE,FALSE,TRUE,single_accepted_id
dalbergia riparia,1,1,1,1,1,Dalbergia riparia,accepted,wfo-0000170464,Dalbergia riparia,Fabaceae,Dalbergia,species,TRUE,TRUE,TRUE,single_accepted_id
dalbergia sissoo,2,2,1,1,1,Dalbergia sissoo,accepted | unchecked,wfo-0000172499,Dalbergia sissoo,Fabaceae,Dalbergia,species,TRUE,TRUE,TRUE,single_accepted_id
dalbergia spinosa,2,2,1,1,1,Dalbergia spinosa,synonym | unchecked,wfo-0000199962,Dalbergia horrida var. horrida,Fabaceae,Dalbergia,variety,TRUE,TRUE,FALSE,single_accepted_id
dalbergia spruceana,1,1,1,1,1,Dalbergia spruceana,accepted,wfo-0000182181,Dalbergia spruceana,Fabaceae,Dalbergia,species,TRUE,TRUE,TRUE,single_accepted_id
dalbergia stevensonii,1,1,1,1,1,Dalbergia stevensonii,accepted,wfo-0000169029,Dalbergia stevensonii,Fabaceae,Dalbergia,species,TRUE,TRUE,TRUE,single_accepted_id
dalbergia stipulacea,1,1,1,1,1,Dalbergia stipulacea,accepted,wfo-0000185857,Dalbergia stipulacea,Fabaceae,Dalbergia,species,TRUE,TRUE,TRUE,single_accepted_id
dalea aurea,1,1,1,1,1,Dalea aurea,accepted,wfo-0000169036,Dalea aurea,Fabaceae,Dalea,species,TRUE,TRUE,TRUE,single_accepted_id
dalea boliviana,1,1,1,1,1,Dalea boliviana,accepted,wfo-0000182157,Dalea boliviana,Fabaceae,Dalea,species,TRUE,TRUE,TRUE,single_accepted_id
dalea cliffortiana,1,1,1,1,1,Dalea cliffortiana,accepted,wfo-0000169045,Dalea cliffortiana,Fabaceae,Dalea,species,FALSE,FALSE,TRUE,single_accepted_id
dalea filiciformis,2,2,1,1,1,Dalea filiciformis,synonym | unchecked,wfo-1000064738,Marina filiciformis,Fabaceae,Marina,species,TRUE,TRUE,FALSE,single_accepted_id
dalea purpurea,1,1,1,1,1,Dalea purpurea,accepted,wfo-0000169115,Dalea purpurea,Fabaceae,Dalea,species,TRUE,TRUE,TRUE,single_accepted_id
dalea scandens,1,1,1,1,1,Dalea scandens,accepted,wfo-0000169124,Dalea scandens,Fabaceae,Dalea,species,TRUE,TRUE,TRUE,single_accepted_id
dalea versicolor,1,1,1,1,1,Dalea versicolor,accepted,wfo-0000170205,Dalea versicolor,Fabaceae,Dalea,species,TRUE,TRUE,TRUE,single_accepted_id
dalenia magnibracteata,1,1,1,1,1,Dalenia magnibracteata,accepted,wfo-1000026669,Dalenia magnibracteata,Melastomataceae,Dalenia,species,FALSE,FALSE,TRUE,single_accepted_id
daphne acutiloba,1,1,1,1,1,Daphne acutiloba,accepted,wfo-0000637436,Daphne acutiloba,Thymelaeaceae,Daphne,species,TRUE,TRUE,TRUE,single_accepted_id
daphne aurantiaca,1,1,1,1,1,Daphne aurantiaca,accepted,wfo-0000637474,Daphne aurantiaca,Thymelaeaceae,Daphne,species,TRUE,TRUE,TRUE,single_accepted_id
daphne feddei,1,1,1,1,1,Daphne feddei,accepted,wfo-0000637596,Daphne feddei,Thymelaeaceae,Daphne,species,TRUE,TRUE,TRUE,single_accepted_id
daphne genkwa,1,1,1,1,1,Daphne genkwa,accepted,wfo-0000637613,Daphne genkwa,Thymelaeaceae,Daphne,species,TRUE,TRUE,TRUE,single_accepted_id
daphne giraldii,1,1,1,1,1,Daphne giraldii,accepted,wfo-0000637616,Daphne giraldii,Thymelaeaceae,Daphne,species,TRUE,TRUE,TRUE,single_accepted_id
daphne holosericea,1,1,1,1,1,Daphne holosericea,accepted,wfo-0000637646,Daphne holosericea,Thymelaeaceae,Daphne,species,TRUE,TRUE,TRUE,single_accepted_id
daphne mezereum,1,1,1,1,1,Daphne mezereum,accepted,wfo-0000637755,Daphne mezereum,Thymelaeaceae,Daphne,species,TRUE,TRUE,TRUE,single_accepted_id
daphne odora,1,1,1,1,1,Daphne odora,accepted,wfo-0000637782,Daphne odora,Thymelaeaceae,Daphne,species,TRUE,TRUE,TRUE,single_accepted_id
daphne papyracea,1,1,1,1,1,Daphne papyracea,accepted,wfo-0000637816,Daphne papyracea,Thymelaeaceae,Daphne,species,TRUE,TRUE,TRUE,single_accepted_id
daphne pedunculata,1,1,1,1,1,Daphne pedunculata,accepted,wfo-0000637831,Daphne pedunculata,Thymelaeaceae,Daphne,species,TRUE,TRUE,TRUE,single_accepted_id
daphniphyllum himalayense,1,1,1,1,1,Daphniphyllum himalayense,accepted,wfo-0000937739,Daphniphyllum himalayense,Daphniphyllaceae,Daphniphyllum,species,TRUE,TRUE,TRUE,single_accepted_id
dasiphora fruticosa,1,1,1,1,1,Dasiphora fruticosa,accepted,wfo-0001017396,Dasiphora fruticosa,Rosaceae,Dasiphora,species,TRUE,TRUE,TRUE,single_accepted_id
daucus carota,1,1,1,1,1,Daucus carota,accepted,wfo-0000638442,Daucus carota,Apiaceae,Daucus,species,TRUE,TRUE,TRUE,single_accepted_id
davallia bullata,2,2,1,1,1,Davallia bullata,accepted | synonym,wfo-0001124797,Davallia bullata,Davalliaceae,Davallia,species,TRUE,TRUE,TRUE,single_accepted_id
davallia mariesii,1,1,1,1,1,Davallia mariesii,synonym,wfo-0001124797,Davallia bullata,Davalliaceae,Davallia,species,TRUE,TRUE,FALSE,single_accepted_id
decaspermum blancoi,1,1,1,1,1,Decaspermum blancoi,accepted,wfo-0000937986,Decaspermum blancoi,Myrtaceae,Decaspermum,species,FALSE,FALSE,TRUE,single_accepted_id
deguelia amazonica,1,1,1,1,1,Deguelia amazonica,accepted,wfo-0000173321,Deguelia amazonica,Fabaceae,Deguelia,species,FALSE,FALSE,TRUE,single_accepted_id
deguelia hatschbachii,1,1,1,1,1,Deguelia hatschbachii,accepted,wfo-0001253332,Deguelia hatschbachii,Fabaceae,Deguelia,species,TRUE,TRUE,TRUE,single_accepted_id
deguelia nitidula,1,1,1,1,1,Deguelia nitidula,accepted,wfo-0001340818,Deguelia nitidula,Fabaceae,Deguelia,species,FALSE,FALSE,TRUE,single_accepted_id
deguelia rariflora,1,1,1,1,1,Deguelia rariflora,accepted,wfo-0000186707,Deguelia rariflora,Fabaceae,Deguelia,species,TRUE,TRUE,TRUE,single_accepted_id
deguelia rufescens,1,1,1,1,1,Deguelia rufescens,accepted,wfo-0001423602,Deguelia rufescens,Fabaceae,Deguelia,species,TRUE,TRUE,TRUE,single_accepted_id
deguelia scandens,1,1,1,1,1,Deguelia scandens,accepted,wfo-0000182170,Deguelia scandens,Fabaceae,Deguelia,species,TRUE,TRUE,TRUE,single_accepted_id
deguelia spruceana,1,1,1,1,1,Deguelia spruceana,accepted,wfo-0000186771,Deguelia spruceana,Fabaceae,Deguelia,species,TRUE,TRUE,TRUE,single_accepted_id
deguelia utilis,1,1,1,1,1,Deguelia utilis,accepted,wfo-0001286043,Deguelia utilis,Fabaceae,Deguelia,species,FALSE,FALSE,TRUE,single_accepted_id
deinandra arida,1,1,1,1,1,Deinandra arida,accepted,wfo-0000114451,Deinandra arida,Asteraceae,Deinandra,species,TRUE,TRUE,TRUE,single_accepted_id
deinandra corymbosa,1,1,1,1,1,Deinandra corymbosa,accepted,wfo-0000036297,Deinandra corymbosa,Asteraceae,Deinandra,species,TRUE,TRUE,TRUE,single_accepted_id
deinandra greeneana,1,1,1,1,1,Deinandra greeneana,accepted,wfo-0000006775,Deinandra greeneana,Asteraceae,Deinandra,species,TRUE,TRUE,TRUE,single_accepted_id
deinandra halliana,1,1,1,1,1,Deinandra halliana,accepted,wfo-0000089128,Deinandra halliana,Asteraceae,Deinandra,species,TRUE,TRUE,TRUE,single_accepted_id
deinandra increscens,1,1,1,1,1,Deinandra increscens,accepted,wfo-0000059006,Deinandra increscens,Asteraceae,Deinandra,species,TRUE,TRUE,TRUE,single_accepted_id
deinandra kelloggii,1,1,1,1,1,Deinandra kelloggii,accepted,wfo-0000114541,Deinandra kelloggii,Asteraceae,Deinandra,species,TRUE,TRUE,TRUE,single_accepted_id
deinandra lobbii,1,1,1,1,1,Deinandra lobbii,accepted,wfo-0000030097,Deinandra lobbii,Asteraceae,Deinandra,species,TRUE,TRUE,TRUE,single_accepted_id
deinandra minthornii,1,1,1,1,1,Deinandra minthornii,accepted,wfo-0000030419,Deinandra minthornii,Asteraceae,Deinandra,species,TRUE,TRUE,TRUE,single_accepted_id
deinandra pallida,1,1,1,1,1,Deinandra pallida,accepted,wfo-0000014573,Deinandra pallida,Asteraceae,Deinandra,species,TRUE,TRUE,TRUE,single_accepted_id
deinandra paniculata,1,1,1,1,1,Deinandra paniculata,accepted,wfo-0000044476,Deinandra paniculata,Asteraceae,Deinandra,species,TRUE,TRUE,TRUE,single_accepted_id
deinandra pentactis,1,1,1,1,1,Deinandra pentactis,accepted,wfo-0000021878,Deinandra pentactis,Asteraceae,Deinandra,species,TRUE,TRUE,TRUE,single_accepted_id
deinandra streetsii,1,1,1,1,1,Deinandra streetsii,accepted,wfo-0000002524,Deinandra streetsii,Asteraceae,Deinandra,species,TRUE,TRUE,TRUE,single_accepted_id
delavaya toxocarpa,1,1,1,1,1,Delavaya toxocarpa,accepted,wfo-0000639405,Delavaya toxocarpa,Sapindaceae,Delavaya,species,TRUE,TRUE,TRUE,single_accepted_id
dendranthema indicum,1,1,1,1,1,Dendranthema indicum,synonym,wfo-0000041005,Chrysanthemum indicum,Asteraceae,Chrysanthemum,species,TRUE,TRUE,FALSE,single_accepted_id
dendrobium densiflorum,1,1,1,1,1,Dendrobium densiflorum,accepted,wfo-0000938987,Dendrobium densiflorum,Orchidaceae,Dendrobium,species,TRUE,TRUE,TRUE,single_accepted_id
dendrobium loddigesii,1,1,1,1,1,Dendrobium loddigesii,accepted,wfo-0000939702,Dendrobium loddigesii,Orchidaceae,Dendrobium,species,TRUE,TRUE,TRUE,single_accepted_id
dendrobium moniliforme,1,1,1,1,1,Dendrobium moniliforme,accepted,wfo-0000939888,Dendrobium moniliforme,Orchidaceae,Dendrobium,species,FALSE,FALSE,TRUE,single_accepted_id
dendrolobium lanceolatum,1,1,1,1,1,Dendrolobium lanceolatum,accepted,wfo-0000197603,Dendrolobium lanceolatum,Fabaceae,Dendrolobium,species,TRUE,TRUE,TRUE,single_accepted_id
dendroviguiera quinqueradiata,1,1,1,1,1,Dendroviguiera quinqueradiata,synonym,wfo-0000072831,Viguiera quinqueradiata,Asteraceae,Viguiera,species,TRUE,TRUE,FALSE,single_accepted_id
dennstaedtia zeylanica,1,1,1,1,1,Dennstaedtia zeylanica,synonym,wfo-1000044503,Sitobolium zeylanicum,Dennstaedtiaceae,Sitobolium,species,FALSE,TRUE,FALSE,single_accepted_id
dermatophyllum arizonicum,1,1,1,1,1,Dermatophyllum arizonicum,accepted,wfo-0001042781,Dermatophyllum arizonicum,Fabaceae,Dermatophyllum,species,TRUE,TRUE,TRUE,single_accepted_id
dermatophyllum gypsophilum,1,1,1,1,1,Dermatophyllum gypsophilum,accepted,wfo-0001042782,Dermatophyllum gypsophilum,Fabaceae,Dermatophyllum,species,TRUE,TRUE,TRUE,single_accepted_id
dermatophyllum secundiflorum,1,1,1,1,1,Dermatophyllum secundiflorum,accepted,wfo-0001042783,Dermatophyllum secundiflorum,Fabaceae,Dermatophyllum,species,TRUE,TRUE,TRUE,single_accepted_id
derris,1,1,1,1,1,Derris,accepted,wfo-4000011178,Derris,Fabaceae,Derris,genus,TRUE,TRUE,TRUE,single_accepted_id
derris canarensis,1,1,1,1,1,Derris canarensis,accepted,wfo-0000185931,Derris canarensis,Fabaceae,Derris,species,FALSE,FALSE,TRUE,single_accepted_id
derris cuneifolia,1,1,1,1,1,Derris cuneifolia,accepted,wfo-0000185928,Derris cuneifolia,Fabaceae,Derris,species,FALSE,FALSE,TRUE,single_accepted_id
derris elliptica,1,1,1,1,1,Derris elliptica,accepted,wfo-0000186905,Derris elliptica,Fabaceae,Derris,species,TRUE,TRUE,TRUE,single_accepted_id
derris hainesiana,1,1,1,1,1,Derris hainesiana,accepted,wfo-0000186506,Derris hainesiana,Fabaceae,Derris,species,TRUE,TRUE,TRUE,single_accepted_id
derris malaccensis,1,1,1,1,1,Derris malaccensis,synonym,wfo-0000206771,Derris montana,Fabaceae,Derris,species,TRUE,TRUE,FALSE,single_accepted_id
derris montana,1,1,1,1,1,Derris montana,accepted,wfo-0000206771,Derris montana,Fabaceae,Derris,species,FALSE,FALSE,TRUE,single_accepted_id
derris ovalifolia,1,1,1,1,1,Derris ovalifolia,accepted,wfo-0000205317,Derris ovalifolia,Fabaceae,Derris,species,TRUE,TRUE,TRUE,single_accepted_id
derris reticulata,1,1,1,1,1,Derris reticulata,accepted,wfo-0000200311,Derris reticulata,Fabaceae,Derris,species,TRUE,TRUE,TRUE,single_accepted_id
derris robusta,1,1,1,1,1,Derris robusta,synonym,wfo-0000205323,Brachypterum robustum,Fabaceae,Brachypterum,species,TRUE,TRUE,FALSE,single_accepted_id
derris taiwaniana,1,1,1,1,1,Derris taiwaniana,accepted,wfo-1200008664,Derris taiwaniana,Fabaceae,Derris,species,FALSE,FALSE,TRUE,single_accepted_id
derris trifoliata,1,1,1,1,1,Derris trifoliata,accepted,wfo-0000198908,Derris trifoliata,Fabaceae,Derris,species,TRUE,TRUE,TRUE,single_accepted_id
derris utilis,1,1,1,1,1,Derris utilis,synonym,wfo-0001286043,Deguelia utilis,Fabaceae,Deguelia,species,TRUE,TRUE,FALSE,single_accepted_id
desmodium adscendens,1,1,1,1,1,Desmodium adscendens,synonym,wfo-0001423669,Grona adscendens,Fabaceae,Grona,species,TRUE,TRUE,FALSE,single_accepted_id
desmodium gangeticum,1,1,1,1,1,Desmodium gangeticum,synonym,wfo-0000170608,Pleurolobus gangeticus,Fabaceae,Pleurolobus,species,TRUE,TRUE,FALSE,single_accepted_id
desmodium incanum,1,1,1,1,1,Desmodium incanum,accepted,wfo-0000184175,Desmodium incanum,Fabaceae,Desmodium,species,TRUE,TRUE,TRUE,single_accepted_id
desmodium oojeinense,1,1,1,1,1,Desmodium oojeinense,synonym,wfo-0000186403,Ougeinia oojeinensis,Fabaceae,Ougeinia,species,TRUE,TRUE,FALSE,single_accepted_id
desmodium sandwicense,1,1,1,1,1,Desmodium sandwicense,synonym,wfo-0000177526,Desmodium uncinatum,Fabaceae,Desmodium,species,TRUE,TRUE,FALSE,single_accepted_id
desmodium styracifolium,1,1,1,1,1,Desmodium styracifolium,synonym,wfo-0001423688,Grona styracifolia,Fabaceae,Grona,species,TRUE,TRUE,FALSE,single_accepted_id
desmodium uncinatum,1,1,1,1,1,Desmodium uncinatum,accepted,wfo-0000177526,Desmodium uncinatum,Fabaceae,Desmodium,species,TRUE,TRUE,TRUE,single_accepted_id
desmodium velutinum,1,1,1,1,1,Desmodium velutinum,synonym,wfo-0001444087,Polhillides velutina,Fabaceae,Polhillides,species,TRUE,TRUE,FALSE,single_accepted_id
desmos chinensis,1,1,1,1,1,Desmos chinensis,accepted,wfo-0000642348,Desmos chinensis,Annonaceae,Desmos,species,TRUE,TRUE,TRUE,single_accepted_id
desmos cochinchinensis,1,1,1,1,1,Desmos cochinchinensis,accepted,wfo-0000642354,Desmos cochinchinensis,Annonaceae,Desmos,species,TRUE,TRUE,TRUE,single_accepted_id
desmos dumosus,1,1,1,1,1,Desmos dumosus,accepted,wfo-0000642365,Desmos dumosus,Annonaceae,Desmos,species,TRUE,TRUE,TRUE,single_accepted_id
desmos dunalii,1,1,1,1,1,Desmos dunalii,accepted,wfo-0000642366,Desmos dunalii,Annonaceae,Desmos,species,TRUE,TRUE,TRUE,single_accepted_id
detarium microcarpum,1,1,1,1,1,Detarium microcarpum,accepted,wfo-0000166421,Detarium microcarpum,Fabaceae,Detarium,species,TRUE,TRUE,TRUE,single_accepted_id
dianella nigra,1,1,1,1,1,Dianella nigra,accepted,wfo-0000765232,Dianella nigra,Asphodelaceae,Dianella,species,TRUE,TRUE,TRUE,single_accepted_id
dianella revoluta,1,1,1,1,1,Dianella revoluta,accepted,wfo-0000765248,Dianella revoluta,Asphodelaceae,Dianella,species,TRUE,TRUE,TRUE,single_accepted_id
dianella tasmanica,1,1,1,1,1,Dianella tasmanica,accepted,wfo-0000765262,Dianella tasmanica,Asphodelaceae,Dianella,species,TRUE,TRUE,TRUE,single_accepted_id
dianthus caryophyllus,2,2,1,1,1,Dianthus caryophyllus | Dianthus caryophyllus unranked minor,accepted | unchecked,wfo-0000643278,Dianthus caryophyllus,Caryophyllaceae,Dianthus,species,TRUE,TRUE,TRUE,single_accepted_id
dianthus superbus,1,1,1,1,1,Dianthus superbus,accepted,wfo-0000644338,Dianthus superbus,Caryophyllaceae,Dianthus,species,TRUE,TRUE,TRUE,single_accepted_id
dicranoloma robustum,1,1,1,1,1,Dicranoloma robustum,accepted,wfo-0001158970,Dicranoloma robustum,Dicranaceae,Dicranoloma,species,TRUE,TRUE,TRUE,single_accepted_id
dicranopteris pedata,1,1,1,1,1,Dicranopteris pedata,accepted,wfo-0001114654,Dicranopteris pedata,Gleicheniaceae,Dicranopteris,species,TRUE,TRUE,TRUE,single_accepted_id
didymocarpus albicalyx,1,1,1,1,1,Didymocarpus albicalyx,accepted,wfo-0001041801,Didymocarpus albicalyx,Gesneriaceae,Didymocarpus,species,TRUE,TRUE,TRUE,single_accepted_id
dillenia pentagyna,1,1,1,1,1,Dillenia pentagyna,accepted,wfo-0000647615,Dillenia pentagyna,Dilleniaceae,Dillenia,species,TRUE,TRUE,TRUE,single_accepted_id
dimocarpus longan,1,1,1,1,1,Dimocarpus longan,accepted,wfo-0000647787,Dimocarpus longan,Sapindaceae,Dimocarpus,species,TRUE,TRUE,TRUE,single_accepted_id
dimorphandra mollis,1,1,1,1,1,Dimorphandra mollis,accepted,wfo-0000170526,Dimorphandra mollis,Fabaceae,Dimorphandra,species,TRUE,TRUE,TRUE,single_accepted_id
dioclea grandiflora,1,1,1,1,1,Dioclea grandiflora,synonym,wfo-0001443939,Macropsychanthus grandiflorus,Fabaceae,Macropsychanthus,species,TRUE,TRUE,FALSE,single_accepted_id
dioclea guianensis,1,1,1,1,1,Dioclea guianensis,accepted,wfo-0000170537,Dioclea guianensis,Fabaceae,Dioclea,species,TRUE,TRUE,TRUE,single_accepted_id
dioscorea alata,1,1,1,1,1,Dioscorea alata,accepted,wfo-0000388864,Dioscorea alata,Dioscoreaceae,Dioscorea,species,TRUE,TRUE,TRUE,single_accepted_id
dioscorea antaly,1,1,1,1,1,Dioscorea antaly,accepted,wfo-0000389050,Dioscorea antaly,Dioscoreaceae,Dioscorea,species,TRUE,TRUE,TRUE,single_accepted_id
dioscorea bulbifera,1,1,1,1,1,Dioscorea bulbifera,accepted,wfo-0000389411,Dioscorea bulbifera,Dioscoreaceae,Dioscorea,species,TRUE,TRUE,TRUE,single_accepted_id
dioscorea cirrhosa,1,1,1,1,1,Dioscorea cirrhosa,accepted,wfo-0000389893,Dioscorea cirrhosa,Dioscoreaceae,Dioscorea,species,TRUE,TRUE,TRUE,single_accepted_id
dioscorea nipponica,1,1,1,1,1,Dioscorea nipponica,accepted,wfo-0000392863,Dioscorea nipponica,Dioscoreaceae,Dioscorea,species,TRUE,TRUE,TRUE,single_accepted_id
dioscorea oppositifolia,1,1,1,1,1,Dioscorea oppositifolia,accepted,wfo-0000393046,Dioscorea oppositifolia,Dioscoreaceae,Dioscorea,species,TRUE,TRUE,TRUE,single_accepted_id
diospyros kaki,1,1,1,1,1,Diospyros kaki,accepted,wfo-0000649136,Diospyros kaki,Ebenaceae,Diospyros,species,TRUE,TRUE,TRUE,single_accepted_id
diphysa americana,1,1,1,1,1,Diphysa americana,accepted,wfo-0000210419,Diphysa americana,Fabaceae,Diphysa,species,TRUE,TRUE,TRUE,single_accepted_id
diplacrum pygmaeum,1,1,1,1,1,Diplacrum pygmaeum,accepted,wfo-0000396917,Diplacrum pygmaeum,Cyperaceae,Diplacrum,species,FALSE,FALSE,TRUE,single_accepted_id
diplacus aurantiacus,1,1,1,1,1,Diplacus aurantiacus,accepted,wfo-0000650077,Diplacus aurantiacus,Phrymaceae,Diplacus,species,TRUE,TRUE,TRUE,single_accepted_id
diplacus clevelandii,1,1,1,1,1,Diplacus clevelandii,accepted,wfo-0000650084,Diplacus clevelandii,Phrymaceae,Diplacus,species,TRUE,TRUE,TRUE,single_accepted_id
diplazium esculentum,1,1,1,1,1,Diplazium esculentum,accepted,wfo-0001109577,Diplazium esculentum,Athyriaceae,Diplazium,species,TRUE,TRUE,TRUE,single_accepted_id
diplostephium cinereum,1,1,1,1,1,Diplostephium cinereum,accepted,wfo-0000136503,Diplostephium cinereum,Asteraceae,Diplostephium,species,TRUE,TRUE,TRUE,single_accepted_id
diplotropis ferruginea,1,1,1,1,1,Diplotropis ferruginea,accepted,wfo-0000163859,Diplotropis ferruginea,Fabaceae,Diplotropis,species,TRUE,TRUE,TRUE,single_accepted_id
diplotropis purpurea,1,1,1,1,1,Diplotropis purpurea,accepted,wfo-0000163862,Diplotropis purpurea,Fabaceae,Diplotropis,species,TRUE,TRUE,TRUE,single_accepted_id
diplusodon astictus,1,1,1,1,1,Diplusodon astictus,accepted,wfo-0000650583,Diplusodon astictus,Lythraceae,Diplusodon,species,TRUE,TRUE,TRUE,single_accepted_id
dipteryx lacunifera,1,1,1,1,1,Dipteryx lacunifera,accepted,wfo-0000163868,Dipteryx lacunifera,Fabaceae,Dipteryx,species,TRUE,TRUE,TRUE,single_accepted_id
dipteryx odorata,1,1,1,1,1,Dipteryx odorata,accepted,wfo-0000170550,Dipteryx odorata,Fabaceae,Dipteryx,species,TRUE,TRUE,TRUE,single_accepted_id
dissochaeta beccariana,1,1,1,1,1,Dissochaeta beccariana,synonym,wfo-1000026669,Dalenia magnibracteata,Melastomataceae,Dalenia,species,TRUE,TRUE,FALSE,single_accepted_id
distylium racemosum,1,1,1,1,1,Distylium racemosum,accepted,wfo-0000652434,Distylium racemosum,Hamamelidaceae,Distylium,species,TRUE,TRUE,TRUE,single_accepted_id
dittrichia,1,1,1,1,1,Dittrichia,accepted,wfo-4000012294,Dittrichia,Asteraceae,Dittrichia,genus,TRUE,TRUE,TRUE,single_accepted_id
dittrichia graveolens,1,1,1,1,1,Dittrichia graveolens,accepted,wfo-0000003319,Dittrichia graveolens,Asteraceae,Dittrichia,species,TRUE,TRUE,TRUE,single_accepted_id
dittrichia viscosa,1,1,1,1,1,Dittrichia viscosa,accepted,wfo-0000059214,Dittrichia viscosa,Asteraceae,Dittrichia,species,TRUE,TRUE,TRUE,single_accepted_id
dodonaea viscosa,1,1,1,1,1,Dodonaea viscosa,accepted,wfo-0000653170,Dodonaea viscosa,Sapindaceae,Dodonaea,species,TRUE,TRUE,TRUE,single_accepted_id
dolichandra unguis-cati,1,1,1,1,1,Dolichandra unguis-cati,accepted,wfo-0000782438,Dolichandra unguis-cati,Bignoniaceae,Dolichandra,species,TRUE,TRUE,TRUE,single_accepted_id
dolichlasium lagascae,1,1,1,1,1,Dolichlasium lagascae,accepted,wfo-0000069936,Dolichlasium lagascae,Asteraceae,Dolichlasium,species,TRUE,TRUE,TRUE,single_accepted_id
dolichos,1,1,1,1,1,Dolichos,accepted,wfo-4000012369,Dolichos,Fabaceae,Dolichos,genus,TRUE,TRUE,TRUE,single_accepted_id
dorstenia barteri,1,1,1,1,1,Dorstenia barteri,accepted,wfo-0000654289,Dorstenia barteri,Moraceae,Dorstenia,species,TRUE,TRUE,TRUE,single_accepted_id
dorstenia contrajerva,1,1,1,1,1,Dorstenia contrajerva,accepted,wfo-0000654354,Dorstenia contrajerva,Moraceae,Dorstenia,species,TRUE,TRUE,TRUE,single_accepted_id
dorstenia dinklagei,1,1,1,1,1,Dorstenia dinklagei,accepted,wfo-0000654384,Dorstenia dinklagei,Moraceae,Dorstenia,species,TRUE,TRUE,TRUE,single_accepted_id
dorstenia elliptica,1,1,1,1,1,Dorstenia elliptica,accepted,wfo-0000654402,Dorstenia elliptica,Moraceae,Dorstenia,species,TRUE,TRUE,TRUE,single_accepted_id
dorstenia kameruniana,1,1,1,1,1,Dorstenia kameruniana,accepted,wfo-0000654469,Dorstenia kameruniana,Moraceae,Dorstenia,species,TRUE,TRUE,TRUE,single_accepted_id
dorstenia mannii,1,1,1,1,1,Dorstenia mannii,accepted,wfo-0000654502,Dorstenia mannii,Moraceae,Dorstenia,species,TRUE,TRUE,TRUE,single_accepted_id
dorstenia prorepens,1,1,1,1,1,Dorstenia prorepens,accepted,wfo-0000654602,Dorstenia prorepens,Moraceae,Dorstenia,species,TRUE,TRUE,TRUE,single_accepted_id
dorstenia turbinata,1,1,1,1,1,Dorstenia turbinata,synonym,wfo-0001344826,Hijmania turbinata,Moraceae,Hijmania,species,TRUE,TRUE,FALSE,single_accepted_id
dorstenia zenkeri,1,1,1,1,1,Dorstenia zenkeri,accepted,wfo-0000654725,Dorstenia zenkeri,Moraceae,Dorstenia,species,TRUE,TRUE,TRUE,single_accepted_id
dorycnium hirsutum,1,1,1,1,1,Dorycnium hirsutum,synonym,wfo-0000212135,Lotus hirsutus,Fabaceae,Lotus,species,TRUE,TRUE,FALSE,single_accepted_id
dorycnium rectum,1,1,1,1,1,Dorycnium rectum,synonym,wfo-0000212142,Lotus rectus,Fabaceae,Lotus,species,TRUE,TRUE,FALSE,single_accepted_id
doryopteris decipiens,1,1,1,1,1,Doryopteris decipiens,accepted,wfo-0001127417,Doryopteris decipiens,Pteridaceae,Doryopteris,species,TRUE,TRUE,TRUE,single_accepted_id
dracaena angolensis,1,1,1,1,1,Dracaena angolensis,accepted,wfo-0001424811,Dracaena angolensis,Asparagaceae,Dracaena,species,FALSE,FALSE,TRUE,single_accepted_id
dracaena cambodiana,1,1,1,1,1,Dracaena cambodiana,accepted,wfo-0000765700,Dracaena cambodiana,Asparagaceae,Dracaena,species,TRUE,TRUE,TRUE,single_accepted_id
dracaena cinnabari,1,1,1,1,1,Dracaena cinnabari,accepted,wfo-0000765713,Dracaena cinnabari,Asparagaceae,Dracaena,species,TRUE,TRUE,TRUE,single_accepted_id
dracaena cochinchinensis,1,1,1,1,1,Dracaena cochinchinensis,accepted,wfo-0000765715,Dracaena cochinchinensis,Asparagaceae,Dracaena,species,TRUE,TRUE,TRUE,single_accepted_id
dracaena draco,1,1,1,1,1,Dracaena draco,accepted,wfo-0000765739,Dracaena draco,Asparagaceae,Dracaena,species,TRUE,TRUE,TRUE,single_accepted_id
dracocephalum tanguticum,1,1,1,1,1,Dracocephalum tanguticum,accepted,wfo-0000945484,Dracocephalum tanguticum,Lamiaceae,Dracocephalum,species,TRUE,TRUE,TRUE,single_accepted_id
drimia delagoensis,1,1,1,1,1,Drimia delagoensis,accepted,wfo-0000766098,Drimia delagoensis,Asparagaceae,Drimia,species,TRUE,TRUE,TRUE,single_accepted_id
drimia indica,1,1,1,1,1,Drimia indica,accepted,wfo-0000766126,Drimia indica,Asparagaceae,Drimia,species,TRUE,TRUE,TRUE,single_accepted_id
drimiopsis maculata,1,1,1,1,1,Drimiopsis maculata,accepted,wfo-0000766226,Drimiopsis maculata,Asparagaceae,Drimiopsis,species,TRUE,TRUE,TRUE,single_accepted_id
drimys granadensis,1,1,1,1,1,Drimys granadensis,accepted,wfo-0000656687,Drimys granadensis,Winteraceae,Drimys,species,TRUE,TRUE,TRUE,single_accepted_id
drimys winteri,1,1,1,1,1,Drimys winteri,accepted,wfo-0000656761,Drimys winteri,Winteraceae,Drimys,species,TRUE,TRUE,TRUE,single_accepted_id
drummondita calida,1,1,1,1,1,Drummondita calida,accepted,wfo-0000657022,Drummondita calida,Rutaceae,Drummondita,species,TRUE,TRUE,TRUE,single_accepted_id
drynaria propinqua,2,2,1,1,1,Drynaria propinqua,accepted | synonym,wfo-0001122949,Drynaria propinqua,Polypodiaceae,Drynaria,species,TRUE,TRUE,TRUE,single_accepted_id
drynaria quercifolia,1,1,1,1,1,Drynaria quercifolia,accepted,wfo-0001115919,Drynaria quercifolia,Polypodiaceae,Drynaria,species,FALSE,FALSE,TRUE,single_accepted_id
drynaria roosii,1,1,1,1,1,Drynaria roosii,accepted,wfo-0000748038,Drynaria roosii,Polypodiaceae,Drynaria,species,FALSE,FALSE,TRUE,single_accepted_id
dryopteris crassirhizoma,1,1,1,1,1,Dryopteris crassirhizoma,accepted,wfo-0000748044,Dryopteris crassirhizoma,Dryopteridaceae,Dryopteris,species,TRUE,TRUE,TRUE,single_accepted_id
dubautia arborea,1,1,1,1,1,Dubautia arborea,accepted,wfo-0000087018,Dubautia arborea,Asteraceae,Dubautia,species,TRUE,TRUE,TRUE,single_accepted_id
dysphania ambrosioides,1,1,1,1,1,Dysphania ambrosioides,accepted,wfo-0000658867,Dysphania ambrosioides,Amaranthaceae,Dysphania,species,TRUE,TRUE,TRUE,single_accepted_id
dysphania graveolens,2,2,1,1,1,Dysphania graveolens,synonym | unchecked,wfo-0000601414,Chenopodium incisum,Amaranthaceae,Chenopodium,species,TRUE,TRUE,FALSE,single_accepted_id
dysphania procera,1,1,1,1,1,Dysphania procera,accepted,wfo-0000743795,Dysphania procera,Amaranthaceae,Dysphania,species,TRUE,TRUE,TRUE,single_accepted_id
ecbolium ligustrinum var. ligustrinum,1,1,1,1,1,Ecbolium ligustrinum var. ligustrinum,accepted,wfo-1200029553,Ecbolium ligustrinum var. ligustrinum,Acanthaceae,Ecbolium,variety,FALSE,FALSE,TRUE,single_accepted_id
echinocereus coccineus,1,1,1,1,1,Echinocereus coccineus,accepted,wfo-0000661214,Echinocereus coccineus,Cactaceae,Echinocereus,species,TRUE,TRUE,TRUE,single_accepted_id
echinocereus triglochidiatus,1,1,1,1,1,Echinocereus triglochidiatus,accepted,wfo-0000661560,Echinocereus triglochidiatus,Cactaceae,Echinocereus,species,TRUE,TRUE,TRUE,single_accepted_id
echinops niveus,3,3,1,1,1,Echinops niveus,accepted | unchecked,wfo-0000066135,Echinops niveus,Asteraceae,Echinops,species,TRUE,TRUE,TRUE,single_accepted_id
echinospartum horridum,2,2,1,1,1,Echinospartum horridum,accepted | unchecked,wfo-0000186911,Echinospartum horridum,Fabaceae,Echinospartum,species,TRUE,TRUE,TRUE,single_accepted_id
echiochilon fruticosum,1,1,1,1,1,Echiochilon fruticosum,accepted,wfo-0000662596,Echiochilon fruticosum,Boraginaceae,Echiochilon,species,TRUE,TRUE,TRUE,single_accepted_id
eclipta alba,2,2,1,1,1,Eclipta alba,synonym | unchecked,wfo-0000108811,Eclipta prostrata,Asteraceae,Eclipta,species,TRUE,TRUE,FALSE,single_accepted_id
eichhornia crassipes,1,1,1,1,1,Eichhornia crassipes,synonym,wfo-0000501039,Pontederia crassipes,Pontederiaceae,Pontederia,species,TRUE,TRUE,FALSE,single_accepted_id
ekebergia capensis,1,1,1,1,1,Ekebergia capensis,accepted,wfo-0000663623,Ekebergia capensis,Meliaceae,Ekebergia,species,TRUE,TRUE,TRUE,single_accepted_id
elaeagnus commutata,1,1,1,1,1,Elaeagnus commutata,accepted,wfo-0000663703,Elaeagnus commutata,Elaeagnaceae,Elaeagnus,species,FALSE,FALSE,TRUE,single_accepted_id
elaeodendron croceum,1,1,1,1,1,Elaeodendron croceum,accepted,wfo-0000664930,Elaeodendron croceum,Celastraceae,Elaeodendron,species,TRUE,TRUE,TRUE,single_accepted_id
elaeodendron transvaalense,1,1,1,1,1,Elaeodendron transvaalense,accepted,wfo-0000665029,Elaeodendron transvaalense,Celastraceae,Elaeodendron,species,TRUE,TRUE,TRUE,single_accepted_id
electranthera mutica,1,1,1,1,1,Electranthera mutica,accepted,wfo-0001330568,Electranthera mutica,Asteraceae,Electranthera,species,TRUE,TRUE,TRUE,single_accepted_id
eleocharis brassii,1,1,1,1,1,Eleocharis brassii,accepted,wfo-0000403141,Eleocharis brassii,Cyperaceae,Eleocharis,species,TRUE,TRUE,TRUE,single_accepted_id
eleocharis cylindrostachys,1,1,1,1,1,Eleocharis cylindrostachys,accepted,wfo-0000403669,Eleocharis cylindrostachys,Cyperaceae,Eleocharis,species,TRUE,TRUE,TRUE,single_accepted_id
eleocharis dulcis,1,1,1,1,1,Eleocharis dulcis,accepted,wfo-0000403815,Eleocharis dulcis,Cyperaceae,Eleocharis,species,TRUE,TRUE,TRUE,single_accepted_id
eleocharis geniculata,1,1,1,1,1,Eleocharis geniculata,accepted,wfo-0000404186,Eleocharis geniculata,Cyperaceae,Eleocharis,species,FALSE,FALSE,TRUE,single_accepted_id
eleocharis pallens,1,1,1,1,1,Eleocharis pallens,accepted,wfo-0000405576,Eleocharis pallens,Cyperaceae,Eleocharis,species,TRUE,TRUE,TRUE,single_accepted_id
eleocharis sphacelata,1,1,1,1,1,Eleocharis sphacelata,accepted,wfo-0000406131,Eleocharis sphacelata,Cyperaceae,Eleocharis,species,TRUE,TRUE,TRUE,single_accepted_id
elephantorrhiza goetzei,1,1,1,1,1,Elephantorrhiza goetzei,synonym,wfo-1000040053,Entada goetzei,Fabaceae,Entada,species,TRUE,TRUE,FALSE,single_accepted_id
eleutherococcus brachypus,1,1,1,1,1,Eleutherococcus brachypus,accepted,wfo-0000948048,Eleutherococcus brachypus,Araliaceae,Eleutherococcus,species,TRUE,TRUE,TRUE,single_accepted_id
elsholtzia bodinieri,1,1,1,1,1,Elsholtzia bodinieri,accepted,wfo-0000948358,Elsholtzia bodinieri,Lamiaceae,Elsholtzia,species,TRUE,TRUE,TRUE,single_accepted_id
embelia ribes,1,1,1,1,1,Embelia ribes,accepted,wfo-0000666970,Embelia ribes,Primulaceae,Embelia,species,TRUE,TRUE,TRUE,single_accepted_id
embothrium coccineum,1,1,1,1,1,Embothrium coccineum,accepted,wfo-0000667056,Embothrium coccineum,Proteaceae,Embothrium,species,FALSE,FALSE,TRUE,single_accepted_id
empetrum nigrum,1,1,1,1,1,Empetrum nigrum,accepted,wfo-0000667231,Empetrum nigrum,Ericaceae,Empetrum,species,TRUE,TRUE,TRUE,single_accepted_id
encelia,1,1,1,1,1,Encelia,accepted,wfo-4000013357,Encelia,Asteraceae,Encelia,genus,TRUE,TRUE,TRUE,single_accepted_id
encelia actonii,1,1,1,1,1,Encelia actonii,accepted,wfo-1000040481,Encelia actonii,Asteraceae,Encelia,species,TRUE,TRUE,TRUE,single_accepted_id
encelia asperifolia,1,1,1,1,1,Encelia asperifolia,accepted,wfo-0000058930,Encelia asperifolia,Asteraceae,Encelia,species,TRUE,TRUE,TRUE,single_accepted_id
encelia canescens,2,2,1,1,1,Encelia canescens,accepted | unchecked,wfo-0000131052,Encelia canescens,Asteraceae,Encelia,species,TRUE,TRUE,TRUE,single_accepted_id
encelia frutescens,1,1,1,1,1,Encelia frutescens,accepted,wfo-0000109223,Encelia frutescens,Asteraceae,Encelia,species,TRUE,TRUE,TRUE,single_accepted_id
encelia laciniata,1,1,1,1,1,Encelia laciniata,accepted,wfo-0000122986,Encelia laciniata,Asteraceae,Encelia,species,TRUE,TRUE,TRUE,single_accepted_id
encelia stenophylla,1,1,1,1,1,Encelia stenophylla,accepted,wfo-0000024104,Encelia stenophylla,Asteraceae,Encelia,species,TRUE,TRUE,TRUE,single_accepted_id
encelia ventorum,1,1,1,1,1,Encelia ventorum,accepted,wfo-0000071719,Encelia ventorum,Asteraceae,Encelia,species,TRUE,TRUE,TRUE,single_accepted_id
encelia virginensis,1,1,1,1,1,Encelia virginensis,accepted,wfo-0000014822,Encelia virginensis,Asteraceae,Encelia,species,TRUE,TRUE,TRUE,single_accepted_id
enceliopsis nudicaulis,1,1,1,1,1,Enceliopsis nudicaulis,accepted,wfo-0000128841,Enceliopsis nudicaulis,Asteraceae,Enceliopsis,species,TRUE,TRUE,TRUE,single_accepted_id
endodesmia calophylloides,1,1,1,1,1,Endodesmia calophylloides,accepted,wfo-0000667843,Endodesmia calophylloides,Calophyllaceae,Endodesmia,species,TRUE,TRUE,TRUE,single_accepted_id
endosamara racemosa,1,1,1,1,1,Endosamara racemosa,accepted,wfo-0000193220,Endosamara racemosa,Fabaceae,Endosamara,species,TRUE,TRUE,TRUE,single_accepted_id
enkianthus nudipes,1,1,1,1,1,Enkianthus nudipes,accepted,wfo-0000668083,Enkianthus nudipes,Ericaceae,Enkianthus,species,TRUE,TRUE,TRUE,single_accepted_id
enkleia malaccensis,1,1,1,1,1,Enkleia malaccensis,accepted,wfo-0000668118,Enkleia malaccensis,Thymelaeaceae,Enkleia,species,TRUE,TRUE,TRUE,single_accepted_id
entada goetzei,1,1,1,1,1,Entada goetzei,accepted,wfo-1000040053,Entada goetzei,Fabaceae,Entada,species,FALSE,FALSE,TRUE,single_accepted_id
entada pervillei,1,1,1,1,1,Entada pervillei,accepted,wfo-0000195894,Entada pervillei,Fabaceae,Entada,species,TRUE,TRUE,TRUE,single_accepted_id
entada phaseoloides,1,1,1,1,1,Entada phaseoloides,accepted,wfo-0000192476,Entada phaseoloides,Fabaceae,Entada,species,TRUE,TRUE,TRUE,single_accepted_id
entandrophragma cylindricum,1,1,1,1,1,Entandrophragma cylindricum,accepted,wfo-0000668215,Entandrophragma cylindricum,Meliaceae,Entandrophragma,species,TRUE,TRUE,TRUE,single_accepted_id
ephedra,1,1,1,1,1,Ephedra,accepted,wfo-4000013540,Ephedra,Ephedraceae,Ephedra,genus,TRUE,TRUE,TRUE,single_accepted_id
ephedra frustillata,1,1,1,1,1,Ephedra frustillata,accepted,wfo-0000794369,Ephedra frustillata,Ephedraceae,Ephedra,species,TRUE,TRUE,TRUE,single_accepted_id
ephedra sinica,1,1,1,1,1,Ephedra sinica,accepted,wfo-0000794481,Ephedra sinica,Ephedraceae,Ephedra,species,TRUE,TRUE,TRUE,single_accepted_id
epilobium,1,1,1,1,1,Epilobium,accepted,wfo-4000013609,Epilobium,Onagraceae,Epilobium,genus,FALSE,FALSE,TRUE,single_accepted_id
epilobium alsinoides subsp. atriplicifolium,1,1,1,1,1,Epilobium alsinoides subsp. atriplicifolium,accepted,wfo-0000668722,Epilobium alsinoides subsp. atriplicifolium,Onagraceae,Epilobium,subspecies,FALSE,FALSE,TRUE,single_accepted_id
epilobium angustifolium,1,1,1,1,1,Epilobium angustifolium,accepted,wfo-0000668750,Epilobium angustifolium,Onagraceae,Epilobium,species,TRUE,TRUE,TRUE,single_accepted_id
epimedium davidii,1,1,1,1,1,Epimedium davidii,accepted,wfo-0000669973,Epimedium davidii,Berberidaceae,Epimedium,species,TRUE,TRUE,TRUE,single_accepted_id
epimedium grandiflorum,1,1,1,1,1,Epimedium grandiflorum,accepted,wfo-0000669993,Epimedium grandiflorum,Berberidaceae,Epimedium,species,TRUE,TRUE,TRUE,single_accepted_id
epimedium pubescens,1,1,1,1,1,Epimedium pubescens,accepted,wfo-0000670064,Epimedium pubescens,Berberidaceae,Epimedium,species,TRUE,TRUE,TRUE,single_accepted_id
epimedium sagittatum,1,1,1,1,1,Epimedium sagittatum,accepted,wfo-0000670078,Epimedium sagittatum,Berberidaceae,Epimedium,species,TRUE,TRUE,TRUE,single_accepted_id
equisetum arvense subsp. arvense,1,1,1,1,1,Equisetum arvense subsp. arvense,accepted,wfo-1200105072,Equisetum arvense subsp. arvense,Equisetaceae,Equisetum,subspecies,FALSE,FALSE,TRUE,single_accepted_id
eragrostis tef,1,1,1,1,1,Eragrostis tef,accepted,wfo-0000868504,Eragrostis tef,Poaceae,Eragrostis,species,TRUE,TRUE,TRUE,single_accepted_id
eremocitrus glauca,1,1,1,1,1,Eremocitrus glauca,synonym,wfo-0000608023,Citrus glauca,Rutaceae,Citrus,species,TRUE,TRUE,FALSE,single_accepted_id
eremophila flaccida,1,1,1,1,1,Eremophila flaccida,accepted,wfo-0000507151,Eremophila flaccida,Scrophulariaceae,Eremophila,species,TRUE,TRUE,TRUE,single_accepted_id
eria parviflora,1,1,1,1,1,Eria parviflora,synonym,wfo-0000341978,Bryobium erioides,Orchidaceae,Bryobium,species,TRUE,TRUE,FALSE,single_accepted_id
erica cinerea,1,1,1,1,1,Erica cinerea,accepted,wfo-0000671681,Erica cinerea,Ericaceae,Erica,species,TRUE,TRUE,TRUE,single_accepted_id
erica kingaensis,1,1,1,1,1,Erica kingaensis,accepted,wfo-0000672378,Erica kingaensis,Ericaceae,Erica,species,FALSE,FALSE,TRUE,single_accepted_id
erica lusitanica,1,1,1,1,1,Erica lusitanica,accepted,wfo-0000672516,Erica lusitanica,Ericaceae,Erica,species,FALSE,FALSE,TRUE,single_accepted_id
erica strigosa,1,1,1,1,1,Erica strigosa,accepted,wfo-0000673332,Erica strigosa,Ericaceae,Erica,species,FALSE,FALSE,TRUE,single_accepted_id
erigeron bonariensis,1,1,1,1,1,Erigeron bonariensis,accepted,wfo-0000075344,Erigeron bonariensis,Asteraceae,Erigeron,species,FALSE,FALSE,TRUE,single_accepted_id
erigeron rufescens,1,1,1,1,1,Erigeron rufescens,accepted,wfo-0000090635,Erigeron rufescens,Asteraceae,Erigeron,species,FALSE,FALSE,TRUE,single_accepted_id
eriobotrya japonica,1,1,1,1,1,Eriobotrya japonica,accepted,wfo-0000986002,Eriobotrya japonica,Rosaceae,Eriobotrya,species,TRUE,TRUE,TRUE,single_accepted_id
eriocaulon buergerianum,1,1,1,1,1,Eriocaulon buergerianum,accepted,wfo-0000409554,Eriocaulon buergerianum,Eriocaulaceae,Eriocaulon,species,TRUE,TRUE,TRUE,single_accepted_id
eriocaulon cinereum,1,1,1,1,1,Eriocaulon cinereum,accepted,wfo-0000409845,Eriocaulon cinereum,Eriocaulaceae,Eriocaulon,species,TRUE,TRUE,TRUE,single_accepted_id
eriodictyon angustifolium,1,1,1,1,1,Eriodictyon angustifolium,accepted,wfo-0000674362,Eriodictyon angustifolium,Namaceae,Eriodictyon,species,TRUE,TRUE,TRUE,single_accepted_id
eriodictyon californicum,3,3,1,1,1,Eriodictyon californicum,accepted | synonym,wfo-0001066643,Eriodictyon californicum,Namaceae,Eriodictyon,species,TRUE,TRUE,TRUE,single_accepted_id
eriolobus trilobatus,2,2,1,1,1,Eriolobus trilobatus,accepted | unchecked,wfo-0000997960,Eriolobus trilobatus,Rosaceae,Eriolobus,species,TRUE,TRUE,TRUE,single_accepted_id
eriophorum scheuchzeri,1,1,1,1,1,Eriophorum scheuchzeri,accepted,wfo-0000415114,Eriophorum scheuchzeri,Cyperaceae,Eriophorum,species,TRUE,TRUE,TRUE,single_accepted_id
eriosema chinense,1,1,1,1,1,Eriosema chinense,accepted,wfo-0000188411,Eriosema chinense,Fabaceae,Eriosema,species,TRUE,TRUE,TRUE,single_accepted_id
eriosema kraussianum,1,1,1,1,1,Eriosema kraussianum,accepted,wfo-0000195450,Eriosema kraussianum,Fabaceae,Eriosema,species,TRUE,TRUE,TRUE,single_accepted_id
eriostemon cynobiformis,1,1,1,1,1,Eriostemon cynobiformis,accepted,wfo-0000675886,Eriostemon cynobiformis,Rutaceae,Eriostemon,species,TRUE,TRUE,TRUE,single_accepted_id
erodium *,1,1,1,1,1,Erodium × fallax,accepted,wfo-0000676844,Erodium × fallax,Geraniaceae,Erodium,species,FALSE,FALSE,TRUE,single_accepted_id
erodium acaule,1,1,1,1,1,Erodium acaule,accepted,wfo-0000676689,Erodium acaule,Geraniaceae,Erodium,species,FALSE,FALSE,TRUE,single_accepted_id
erodium aethiopicum,1,1,1,1,1,Erodium aethiopicum,accepted,wfo-0000676692,Erodium aethiopicum,Geraniaceae,Erodium,species,FALSE,FALSE,TRUE,single_accepted_id
erycibe expansa,1,1,1,1,1,Erycibe expansa,accepted,wfo-0001298936,Erycibe expansa,Convolvulaceae,Erycibe,species,TRUE,TRUE,TRUE,single_accepted_id
erythrina addisoniae,1,1,1,1,1,Erythrina addisoniae,accepted,wfo-0000180521,Erythrina addisoniae,Fabaceae,Erythrina,species,TRUE,TRUE,TRUE,single_accepted_id
erythrina berteroana,1,1,1,1,1,Erythrina berteroana,accepted,wfo-0000180543,Erythrina berteroana,Fabaceae,Erythrina,species,TRUE,TRUE,TRUE,single_accepted_id
erythrina burana,1,1,1,1,1,Erythrina burana,accepted,wfo-0000180575,Erythrina burana,Fabaceae,Erythrina,species,TRUE,TRUE,TRUE,single_accepted_id
erythrina burttii,1,1,1,1,1,Erythrina burttii,accepted,wfo-0000180586,Erythrina burttii,Fabaceae,Erythrina,species,TRUE,TRUE,TRUE,single_accepted_id
erythrina costaricensis,1,1,1,1,1,Erythrina costaricensis,accepted,wfo-0000165885,Erythrina costaricensis,Fabaceae,Erythrina,species,TRUE,TRUE,TRUE,single_accepted_id
erythrina crista-galli,1,1,1,1,1,Erythrina crista-galli,accepted,wfo-0000180641,Erythrina crista-galli,Fabaceae,Erythrina,species,TRUE,TRUE,TRUE,single_accepted_id
erythrina excelsa,1,1,1,1,1,Erythrina excelsa,accepted,wfo-0000180715,Erythrina excelsa,Fabaceae,Erythrina,species,TRUE,TRUE,TRUE,single_accepted_id
erythrina fusca,1,1,1,1,1,Erythrina fusca,accepted,wfo-0000180759,Erythrina fusca,Fabaceae,Erythrina,species,TRUE,TRUE,TRUE,single_accepted_id
erythrina herbacea,1,1,1,1,1,Erythrina herbacea,accepted,wfo-0000165896,Erythrina herbacea,Fabaceae,Erythrina,species,TRUE,TRUE,TRUE,single_accepted_id
erythrina indica,1,1,1,1,1,Erythrina indica,synonym,wfo-0000181193,Erythrina variegata,Fabaceae,Erythrina,species,TRUE,TRUE,FALSE,single_accepted_id
erythrina latissima,1,1,1,1,1,Erythrina latissima,accepted,wfo-0000180886,Erythrina latissima,Fabaceae,Erythrina,species,TRUE,TRUE,TRUE,single_accepted_id
erythrina lysistemon,1,1,1,1,1,Erythrina lysistemon,accepted,wfo-0000180919,Erythrina lysistemon,Fabaceae,Erythrina,species,TRUE,TRUE,TRUE,single_accepted_id
erythrina mildbraedii,1,1,1,1,1,Erythrina mildbraedii,accepted,wfo-0000181003,Erythrina mildbraedii,Fabaceae,Erythrina,species,TRUE,TRUE,TRUE,single_accepted_id
erythrina poeppigiana,1,1,1,1,1,Erythrina poeppigiana,accepted,wfo-0000165906,Erythrina poeppigiana,Fabaceae,Erythrina,species,TRUE,TRUE,TRUE,single_accepted_id
erythrina sacleuxii,1,1,1,1,1,Erythrina sacleuxii,accepted,wfo-0000181098,Erythrina sacleuxii,Fabaceae,Erythrina,species,TRUE,TRUE,TRUE,single_accepted_id
erythrina sandwicensis,1,1,1,1,1,Erythrina sandwicensis,accepted,wfo-0000186915,Erythrina sandwicensis,Fabaceae,Erythrina,species,TRUE,TRUE,TRUE,single_accepted_id
erythrina senegalensis,1,1,1,1,1,Erythrina senegalensis,accepted,wfo-0000181131,Erythrina senegalensis,Fabaceae,Erythrina,species,TRUE,TRUE,TRUE,single_accepted_id
erythrina sigmoidea,1,1,1,1,1,Erythrina sigmoidea,accepted,wfo-0000181143,Erythrina sigmoidea,Fabaceae,Erythrina,species,TRUE,TRUE,TRUE,single_accepted_id
erythrina subumbrans,1,1,1,1,1,Erythrina subumbrans,accepted,wfo-0000185021,Erythrina subumbrans,Fabaceae,Erythrina,species,TRUE,TRUE,TRUE,single_accepted_id
erythrina variegata,1,1,1,1,1,Erythrina variegata,accepted,wfo-0000181193,Erythrina variegata,Fabaceae,Erythrina,species,TRUE,TRUE,TRUE,single_accepted_id
erythrina velutina,1,1,1,1,1,Erythrina velutina,accepted,wfo-0000181214,Erythrina velutina,Fabaceae,Erythrina,species,TRUE,TRUE,TRUE,single_accepted_id
erythrina vogelii,1,1,1,1,1,Erythrina vogelii,accepted,wfo-0000181225,Erythrina vogelii,Fabaceae,Erythrina,species,TRUE,TRUE,TRUE,single_accepted_id
erythrina zeyheri,1,1,1,1,1,Erythrina zeyheri,accepted,wfo-0000181259,Erythrina zeyheri,Fabaceae,Erythrina,species,TRUE,TRUE,TRUE,single_accepted_id
erythroxylum barbatum,1,1,1,1,1,Erythroxylum barbatum,accepted,wfo-0000679703,Erythroxylum barbatum,Erythroxylaceae,Erythroxylum,species,TRUE,TRUE,TRUE,single_accepted_id
erythroxylum cambodianum,1,1,1,1,1,Erythroxylum cambodianum,accepted,wfo-0000679732,Erythroxylum cambodianum,Erythroxylaceae,Erythroxylum,species,TRUE,TRUE,TRUE,single_accepted_id
erythroxylum campestre,1,1,1,1,1,Erythroxylum campestre,accepted,wfo-0000679734,Erythroxylum campestre,Erythroxylaceae,Erythroxylum,species,TRUE,TRUE,TRUE,single_accepted_id
erythroxylum cuspidifolium,1,1,1,1,1,Erythroxylum cuspidifolium,accepted,wfo-0000679793,Erythroxylum cuspidifolium,Erythroxylaceae,Erythroxylum,species,TRUE,TRUE,TRUE,single_accepted_id
erythroxylum leal-costae,1,1,1,1,1,Erythroxylum leal-costae,accepted,wfo-0000679926,Erythroxylum leal-costae,Erythroxylaceae,Erythroxylum,species,TRUE,TRUE,TRUE,single_accepted_id
erythroxylum novogranatense,1,1,1,1,1,Erythroxylum novogranatense,accepted,wfo-0000680010,Erythroxylum novogranatense,Erythroxylaceae,Erythroxylum,species,TRUE,TRUE,TRUE,single_accepted_id
erythroxylum passerinum,1,1,1,1,1,Erythroxylum passerinum,accepted,wfo-0000680040,Erythroxylum passerinum,Erythroxylaceae,Erythroxylum,species,TRUE,TRUE,TRUE,single_accepted_id
erythroxylum pruinosum,1,1,1,1,1,Erythroxylum pruinosum,accepted,wfo-0000680067,Erythroxylum pruinosum,Erythroxylaceae,Erythroxylum,species,TRUE,TRUE,TRUE,single_accepted_id
erythroxylum rufum,1,1,1,1,1,Erythroxylum rufum,accepted,wfo-0000680092,Erythroxylum rufum,Erythroxylaceae,Erythroxylum,species,TRUE,TRUE,TRUE,single_accepted_id
erythroxylum suberosum,1,1,1,1,1,Erythroxylum suberosum,accepted,wfo-0000680133,Erythroxylum suberosum,Erythroxylaceae,Erythroxylum,species,TRUE,TRUE,TRUE,single_accepted_id
erythroxylum ulei,1,1,1,1,1,Erythroxylum ulei,accepted,wfo-0000680156,Erythroxylum ulei,Erythroxylaceae,Erythroxylum,species,TRUE,TRUE,TRUE,single_accepted_id
eschenbachia blinii,1,1,1,1,1,Eschenbachia blinii,accepted,wfo-0000750792,Eschenbachia blinii,Asteraceae,Eschenbachia,species,TRUE,TRUE,TRUE,single_accepted_id
eschscholzia californica,1,1,1,1,1,Eschscholzia californica,accepted,wfo-0000680430,Eschscholzia californica,Papaveraceae,Eschscholzia,species,TRUE,TRUE,TRUE,single_accepted_id
eschweilera coriacea,1,1,1,1,1,Eschweilera coriacea,accepted,wfo-0000775226,Eschweilera coriacea,Lecythidaceae,Eschweilera,species,TRUE,TRUE,TRUE,single_accepted_id
esenbeckia berlandieri,1,1,1,1,1,Esenbeckia berlandieri,accepted,wfo-0000680772,Esenbeckia berlandieri,Rutaceae,Esenbeckia,species,TRUE,TRUE,TRUE,single_accepted_id
esenbeckia grandiflora,1,1,1,1,1,Esenbeckia grandiflora,accepted,wfo-0000680797,Esenbeckia grandiflora,Rutaceae,Esenbeckia,species,TRUE,TRUE,TRUE,single_accepted_id
etlingera littoralis,1,1,1,1,1,Etlingera littoralis,accepted,wfo-0000415636,Etlingera littoralis,Zingiberaceae,Etlingera,species,TRUE,TRUE,TRUE,single_accepted_id
eucalyptus alba,1,1,1,1,1,Eucalyptus alba,accepted,wfo-0000954367,Eucalyptus alba,Myrtaceae,Eucalyptus,species,TRUE,TRUE,TRUE,single_accepted_id
eucalyptus camaldulensis,1,1,1,1,1,Eucalyptus camaldulensis,accepted,wfo-0000954597,Eucalyptus camaldulensis,Myrtaceae,Eucalyptus,species,TRUE,TRUE,TRUE,single_accepted_id
eucalyptus consideniana,1,1,1,1,1,Eucalyptus consideniana,accepted,wfo-0000954699,Eucalyptus consideniana,Myrtaceae,Eucalyptus,species,TRUE,TRUE,TRUE,single_accepted_id
eucalyptus cypellocarpa,1,1,1,1,1,Eucalyptus cypellocarpa,accepted,wfo-0000954770,Eucalyptus cypellocarpa,Myrtaceae,Eucalyptus,species,TRUE,TRUE,TRUE,single_accepted_id
eucalyptus globulus,1,1,1,1,1,Eucalyptus globulus,accepted,wfo-0000954998,Eucalyptus globulus,Myrtaceae,Eucalyptus,species,TRUE,TRUE,TRUE,single_accepted_id
eucalyptus loxophleba,1,1,1,1,1,Eucalyptus loxophleba,accepted,wfo-0000955280,Eucalyptus loxophleba,Myrtaceae,Eucalyptus,species,TRUE,TRUE,TRUE,single_accepted_id
eucalyptus maculata,1,1,1,1,1,Eucalyptus maculata,synonym,wfo-0000925549,Corymbia maculata,Myrtaceae,Corymbia,species,TRUE,TRUE,FALSE,single_accepted_id
eucalyptus nitens,1,1,1,1,1,Eucalyptus nitens,accepted,wfo-0000955429,Eucalyptus nitens,Myrtaceae,Eucalyptus,species,TRUE,TRUE,TRUE,single_accepted_id
eucalyptus ovata,1,1,1,1,1,Eucalyptus ovata,accepted,wfo-0000955524,Eucalyptus ovata,Myrtaceae,Eucalyptus,species,TRUE,TRUE,TRUE,single_accepted_id
eucalyptus sieberi,1,1,1,1,1,Eucalyptus sieberi,accepted,wfo-0000955901,Eucalyptus sieberi,Myrtaceae,Eucalyptus,species,TRUE,TRUE,TRUE,single_accepted_id
eucalyptus tereticornis,1,1,1,1,1,Eucalyptus tereticornis,accepted,wfo-0000956012,Eucalyptus tereticornis,Myrtaceae,Eucalyptus,species,TRUE,TRUE,TRUE,single_accepted_id
euchresta formosana,2,2,1,1,1,Euchresta formosana,accepted | synonym,wfo-0000186114,Euchresta formosana,Fabaceae,Euchresta,species,TRUE,TRUE,TRUE,single_accepted_id
euchresta horsfieldii,1,1,1,1,1,Euchresta horsfieldii,accepted,wfo-0000186315,Euchresta horsfieldii,Fabaceae,Euchresta,species,TRUE,TRUE,TRUE,single_accepted_id
euchresta japonica,3,3,1,1,1,Euchresta japonica,accepted | synonym,wfo-0000192259,Euchresta japonica,Fabaceae,Euchresta,species,TRUE,TRUE,TRUE,single_accepted_id
euchresta tubulosa,1,1,1,1,1,Euchresta tubulosa,accepted,wfo-0000198724,Euchresta tubulosa,Fabaceae,Euchresta,species,TRUE,TRUE,TRUE,single_accepted_id
euclea crispa,1,1,1,1,1,Euclea crispa,accepted,wfo-0000681074,Euclea crispa,Ebenaceae,Euclea,species,TRUE,TRUE,TRUE,single_accepted_id
euclea divinorum,1,1,1,1,1,Euclea divinorum,accepted,wfo-0000681081,Euclea divinorum,Ebenaceae,Euclea,species,TRUE,TRUE,TRUE,single_accepted_id
eucomis bicolor,1,1,1,1,1,Eucomis bicolor,accepted,wfo-0000767045,Eucomis bicolor,Asparagaceae,Eucomis,species,TRUE,TRUE,TRUE,single_accepted_id
eucomis comosa,1,1,1,1,1,Eucomis comosa,accepted,wfo-0000767049,Eucomis comosa,Asparagaceae,Eucomis,species,TRUE,TRUE,TRUE,single_accepted_id
eucomis montana,1,1,1,1,1,Eucomis montana,accepted,wfo-0000767053,Eucomis montana,Asparagaceae,Eucomis,species,TRUE,TRUE,TRUE,single_accepted_id
eucommia ulmoides,1,1,1,1,1,Eucommia ulmoides,accepted,wfo-0000681176,Eucommia ulmoides,Eucommiaceae,Eucommia,species,TRUE,TRUE,TRUE,single_accepted_id
eucryphia glutinosa,1,1,1,1,1,Eucryphia glutinosa,accepted,wfo-0000681180,Eucryphia glutinosa,Cunoniaceae,Eucryphia,species,TRUE,TRUE,TRUE,single_accepted_id
eugenia bergii,1,1,1,1,1,Eugenia bergii,accepted,wfo-0000336714,Eugenia bergii,Myrtaceae,Eugenia,species,FALSE,FALSE,TRUE,single_accepted_id
eugenia brasiliensis,1,1,1,1,1,Eugenia brasiliensis,accepted,wfo-0000956594,Eugenia brasiliensis,Myrtaceae,Eugenia,species,TRUE,TRUE,TRUE,single_accepted_id
eugenia choapamensis,1,1,1,1,1,Eugenia choapamensis,accepted,wfo-0000956804,Eugenia choapamensis,Myrtaceae,Eugenia,species,TRUE,TRUE,TRUE,single_accepted_id
eugenia doubledayi,1,1,1,1,1,Eugenia doubledayi,accepted,wfo-0000957162,Eugenia doubledayi,Myrtaceae,Eugenia,species,TRUE,TRUE,TRUE,single_accepted_id
eugenia hirta,1,1,1,1,1,Eugenia hirta,accepted,wfo-0000957562,Eugenia hirta,Myrtaceae,Eugenia,species,TRUE,TRUE,TRUE,single_accepted_id
eugenia myrcianthes,1,1,1,1,1,Eugenia myrcianthes,accepted,wfo-0000958228,Eugenia myrcianthes,Myrtaceae,Eugenia,species,TRUE,TRUE,TRUE,single_accepted_id
eugenia prasina,1,1,1,1,1,Eugenia prasina,accepted,wfo-0000958664,Eugenia prasina,Myrtaceae,Eugenia,species,TRUE,TRUE,TRUE,single_accepted_id
eugenia punicifolia,1,1,1,1,1,Eugenia punicifolia,accepted,wfo-0000958741,Eugenia punicifolia,Myrtaceae,Eugenia,species,TRUE,TRUE,TRUE,single_accepted_id
eugenia selloi,1,1,1,1,1,Eugenia selloi,accepted,wfo-0000959028,Eugenia selloi,Myrtaceae,Eugenia,species,TRUE,TRUE,TRUE,single_accepted_id
eugenia spicata,1,1,1,1,1,Eugenia spicata,synonym,wfo-0000319677,Syzygium zeylanicum,Myrtaceae,Syzygium,species,TRUE,TRUE,FALSE,single_accepted_id
eugenia subglomerata,1,1,1,1,1,Eugenia subglomerata,accepted,wfo-0001424476,Eugenia subglomerata,Myrtaceae,Eugenia,species,FALSE,FALSE,TRUE,single_accepted_id
eupatorium capillifolium,1,1,1,1,1,Eupatorium capillifolium,accepted,wfo-0000116399,Eupatorium capillifolium,Asteraceae,Eupatorium,species,TRUE,TRUE,TRUE,single_accepted_id
eupatorium chinense,1,1,1,1,1,Eupatorium chinense,accepted,wfo-0000135891,Eupatorium chinense,Asteraceae,Eupatorium,species,FALSE,FALSE,TRUE,single_accepted_id
eupatorium hyssopifolium,2,2,1,1,1,Eupatorium hyssopifolium,accepted | unchecked,wfo-0000035601,Eupatorium hyssopifolium,Asteraceae,Eupatorium,species,TRUE,TRUE,TRUE,single_accepted_id
eupatorium ligustrinum,1,1,1,1,1,Eupatorium ligustrinum,synonym,wfo-0000067311,Ageratina ligustrina,Asteraceae,Ageratina,species,TRUE,TRUE,FALSE,single_accepted_id
eupatorium pilosum,1,1,1,1,1,Eupatorium pilosum,accepted,wfo-0000089682,Eupatorium pilosum,Asteraceae,Eupatorium,species,TRUE,TRUE,TRUE,single_accepted_id
eupatorium rotundifolium,2,2,1,1,1,Eupatorium rotundifolium,accepted | synonym,wfo-0000087303,Eupatorium rotundifolium,Asteraceae,Eupatorium,species,TRUE,TRUE,TRUE,single_accepted_id
eupatorium semiserratum,1,1,1,1,1,Eupatorium semiserratum,accepted,wfo-0000033206,Eupatorium semiserratum,Asteraceae,Eupatorium,species,TRUE,TRUE,TRUE,single_accepted_id
eupatorium serotinum,1,1,1,1,1,Eupatorium serotinum,accepted,wfo-0000055753,Eupatorium serotinum,Asteraceae,Eupatorium,species,TRUE,TRUE,TRUE,single_accepted_id
euphorbia condylocarpa,1,1,1,1,1,Euphorbia condylocarpa,accepted,wfo-0000961452,Euphorbia condylocarpa,Euphorbiaceae,Euphorbia,species,TRUE,TRUE,TRUE,single_accepted_id
euphorbia helioscopia subsp. helioscopioides,1,1,1,1,1,Euphorbia helioscopia subsp. helioscopioides,accepted,wfo-0000962475,Euphorbia helioscopia subsp. helioscopioides,Euphorbiaceae,Euphorbia,subspecies,FALSE,FALSE,TRUE,single_accepted_id
euphorbia hirta,1,1,1,1,1,Euphorbia hirta,accepted,wfo-0000962575,Euphorbia hirta,Euphorbiaceae,Euphorbia,species,TRUE,TRUE,TRUE,single_accepted_id
euphorbia meyeniana,1,1,1,1,1,Euphorbia meyeniana,accepted,wfo-0000963338,Euphorbia meyeniana,Euphorbiaceae,Euphorbia,species,FALSE,FALSE,TRUE,single_accepted_id
euphorbia nutans,1,1,1,1,1,Euphorbia nutans,accepted,wfo-0000963628,Euphorbia nutans,Euphorbiaceae,Euphorbia,species,TRUE,TRUE,TRUE,single_accepted_id
euphorbia polycaulis,1,1,1,1,1,Euphorbia polycaulis,accepted,wfo-0000964102,Euphorbia polycaulis,Euphorbiaceae,Euphorbia,species,TRUE,TRUE,TRUE,single_accepted_id
euphorbia stepposa,1,1,1,1,1,Euphorbia stepposa,accepted,wfo-0000964888,Euphorbia stepposa,Euphorbiaceae,Euphorbia,species,TRUE,TRUE,TRUE,single_accepted_id
euphorbia tithymaloides,1,1,1,1,1,Euphorbia tithymaloides,accepted,wfo-0000965119,Euphorbia tithymaloides,Euphorbiaceae,Euphorbia,species,TRUE,TRUE,TRUE,single_accepted_id
euptelea polyandra,1,1,1,1,1,Euptelea polyandra,accepted,wfo-0000682839,Euptelea polyandra,Eupteleaceae,Euptelea,species,TRUE,TRUE,TRUE,single_accepted_id
euterpe precatoria var. precatoria,1,1,1,1,1,Euterpe precatoria var. precatoria,accepted,wfo-0000965700,Euterpe precatoria var. precatoria,Arecaceae,Euterpe,variety,FALSE,FALSE,TRUE,single_accepted_id
eutrochium fistulosum,1,1,1,1,1,Eutrochium fistulosum,accepted,wfo-0000127334,Eutrochium fistulosum,Asteraceae,Eutrochium,species,TRUE,TRUE,TRUE,single_accepted_id
evandra aristata,1,1,1,1,1,Evandra aristata,accepted,wfo-0000417259,Evandra aristata,Cyperaceae,Evandra,species,TRUE,TRUE,TRUE,single_accepted_id
evolvulus nuttallianus,1,1,1,1,1,Evolvulus nuttallianus,accepted,wfo-0001297929,Evolvulus nuttallianus,Convolvulaceae,Evolvulus,species,TRUE,TRUE,TRUE,single_accepted_id
excoecaria agallocha,1,1,1,1,1,Excoecaria agallocha,accepted,wfo-0000965883,Excoecaria agallocha,Euphorbiaceae,Excoecaria,species,TRUE,TRUE,TRUE,single_accepted_id
exocarya sclerioides,1,1,1,1,1,Exocarya sclerioides,accepted,wfo-0000417435,Exocarya sclerioides,Cyperaceae,Exocarya,species,TRUE,TRUE,TRUE,single_accepted_id
exostema acuminatum,1,1,1,1,1,Exostema acuminatum,accepted,wfo-0000966130,Exostema acuminatum,Rubiaceae,Exostema,species,TRUE,TRUE,TRUE,single_accepted_id
exostema caribaeum,1,1,1,1,1,Exostema caribaeum,accepted,wfo-0000966139,Exostema caribaeum,Rubiaceae,Exostema,species,TRUE,TRUE,TRUE,single_accepted_id
exostema mexicanum,1,1,1,1,1,Exostema mexicanum,synonym,wfo-0000336427,Solenandra mexicana,Rubiaceae,Solenandra,species,TRUE,TRUE,FALSE,single_accepted_id
eysenhardtia platycarpa,1,1,1,1,1,Eysenhardtia platycarpa,accepted,wfo-0000165920,Eysenhardtia platycarpa,Fabaceae,Eysenhardtia,species,TRUE,TRUE,TRUE,single_accepted_id
eysenhardtia polystachya,1,1,1,1,1,Eysenhardtia polystachya,accepted,wfo-0000165921,Eysenhardtia polystachya,Fabaceae,Eysenhardtia,species,TRUE,TRUE,TRUE,single_accepted_id
eysenhardtia subcoriacea,1,1,1,1,1,Eysenhardtia subcoriacea,accepted,wfo-0000165925,Eysenhardtia subcoriacea,Fabaceae,Eysenhardtia,species,TRUE,TRUE,TRUE,single_accepted_id
eysenhardtia texana,1,1,1,1,1,Eysenhardtia texana,accepted,wfo-0000174145,Eysenhardtia texana,Fabaceae,Eysenhardtia,species,TRUE,TRUE,TRUE,single_accepted_id
fadogia ancylantha,1,1,1,1,1,Fadogia ancylantha,accepted,wfo-0000966252,Fadogia ancylantha,Rubiaceae,Fadogia,species,TRUE,TRUE,TRUE,single_accepted_id
fagopyrum acutatum,1,1,1,1,1,Fagopyrum acutatum,accepted,wfo-0000685440,Fagopyrum acutatum,Polygonaceae,Fagopyrum,species,TRUE,TRUE,TRUE,single_accepted_id
fagopyrum esculentum,1,1,1,1,1,Fagopyrum esculentum,accepted,wfo-0000685460,Fagopyrum esculentum,Polygonaceae,Fagopyrum,species,TRUE,TRUE,TRUE,single_accepted_id
fagopyrum megacarpum,1,1,1,1,1,Fagopyrum megacarpum,accepted,wfo-0000685475,Fagopyrum megacarpum,Polygonaceae,Fagopyrum,species,TRUE,TRUE,TRUE,single_accepted_id
fagraea ceilanica,1,1,1,1,1,Fagraea ceilanica,accepted,wfo-0000685540,Fagraea ceilanica,Gentianaceae,Fagraea,species,TRUE,TRUE,TRUE,single_accepted_id
fagus sylvatica,1,1,1,1,1,Fagus sylvatica,accepted,wfo-0000966507,Fagus sylvatica,Fagaceae,Fagus,species,TRUE,TRUE,TRUE,single_accepted_id
fallopia convolvulus,1,1,1,1,1,Fallopia convolvulus,accepted,wfo-0000685786,Fallopia convolvulus,Polygonaceae,Fallopia,species,TRUE,TRUE,TRUE,single_accepted_id
fallopia dumetorum,1,1,1,1,1,Fallopia dumetorum,accepted,wfo-0000685794,Fallopia dumetorum,Polygonaceae,Fallopia,species,TRUE,TRUE,TRUE,single_accepted_id
fallopia japonica,1,1,1,1,1,Fallopia japonica,synonym,wfo-0000406106,Reynoutria japonica,Polygonaceae,Reynoutria,species,TRUE,TRUE,FALSE,single_accepted_id
fallopia multiflora,2,2,1,1,1,Fallopia multiflora,synonym,wfo-0000404395,Reynoutria multiflora,Polygonaceae,Reynoutria,species,TRUE,TRUE,FALSE,single_accepted_id
fallopia scandens,1,1,1,1,1,Fallopia scandens,accepted,wfo-0000685812,Fallopia scandens,Polygonaceae,Fallopia,species,TRUE,TRUE,TRUE,single_accepted_id
faramea guianensis,1,1,1,1,1,Faramea guianensis,accepted,wfo-0000966698,Faramea guianensis,Rubiaceae,Faramea,species,TRUE,TRUE,TRUE,single_accepted_id
fatoua villosa,1,1,1,1,1,Fatoua villosa,accepted,wfo-0000685953,Fatoua villosa,Moraceae,Fatoua,species,TRUE,TRUE,TRUE,single_accepted_id
ferula communis,1,1,1,1,1,Ferula communis,accepted,wfo-0000686505,Ferula communis,Apiaceae,Ferula,species,TRUE,TRUE,TRUE,single_accepted_id
ficinia nodosa,1,1,1,1,1,Ficinia nodosa,accepted,wfo-0000418195,Ficinia nodosa,Cyperaceae,Ficinia,species,TRUE,TRUE,TRUE,single_accepted_id
ficus carica,1,1,1,1,1,Ficus carica,accepted,wfo-0000687690,Ficus carica,Moraceae,Ficus,species,TRUE,TRUE,TRUE,single_accepted_id
ficus conraui,1,1,1,1,1,Ficus conraui,accepted,wfo-0000687901,Ficus conraui,Moraceae,Ficus,species,TRUE,TRUE,TRUE,single_accepted_id
ficus elastica,1,1,1,1,1,Ficus elastica,accepted,wfo-0000688216,Ficus elastica,Moraceae,Ficus,species,FALSE,FALSE,TRUE,single_accepted_id
ficus erecta,1,1,1,1,1,Ficus erecta,accepted,wfo-0000688248,Ficus erecta,Moraceae,Ficus,species,TRUE,TRUE,TRUE,single_accepted_id
ficus formosana,1,1,1,1,1,Ficus formosana,accepted,wfo-0000688363,Ficus formosana,Moraceae,Ficus,species,TRUE,TRUE,TRUE,single_accepted_id
ficus glumosa,1,1,1,1,1,Ficus glumosa,accepted,wfo-0000688513,Ficus glumosa,Moraceae,Ficus,species,TRUE,TRUE,TRUE,single_accepted_id
ficus lyrata,1,1,1,1,1,Ficus lyrata,accepted,wfo-0001084874,Ficus lyrata,Moraceae,Ficus,species,TRUE,TRUE,TRUE,single_accepted_id
ficus mucuso,1,1,1,1,1,Ficus mucuso,accepted,wfo-0000689380,Ficus mucuso,Moraceae,Ficus,species,TRUE,TRUE,TRUE,single_accepted_id
ficus nervosa,1,1,1,1,1,Ficus nervosa,accepted,wfo-0000689442,Ficus nervosa,Moraceae,Ficus,species,TRUE,TRUE,TRUE,single_accepted_id
ficus nymphaeifolia,1,1,1,1,1,Ficus nymphaeifolia,accepted,wfo-0000689484,Ficus nymphaeifolia,Moraceae,Ficus,species,TRUE,TRUE,TRUE,single_accepted_id
ficus punctata,1,1,1,1,1,Ficus punctata,accepted,wfo-0000689925,Ficus punctata,Moraceae,Ficus,species,FALSE,FALSE,TRUE,single_accepted_id
ficus sagittata,1,1,1,1,1,Ficus sagittata,accepted,wfo-0000690167,Ficus sagittata,Moraceae,Ficus,species,TRUE,TRUE,TRUE,single_accepted_id
ficus septica,1,1,1,1,1,Ficus septica,accepted,wfo-0000690291,Ficus septica,Moraceae,Ficus,species,TRUE,TRUE,TRUE,single_accepted_id
ficus subcuneata,1,1,1,1,1,Ficus subcuneata,accepted,wfo-0000690452,Ficus subcuneata,Moraceae,Ficus,species,TRUE,TRUE,TRUE,single_accepted_id
ficus thonningii,1,1,1,1,1,Ficus thonningii,accepted,wfo-0000690599,Ficus thonningii,Moraceae,Ficus,species,FALSE,FALSE,TRUE,single_accepted_id
ficus triloba,1,1,1,1,1,Ficus triloba,accepted,wfo-0000690698,Ficus triloba,Moraceae,Ficus,species,FALSE,FALSE,TRUE,single_accepted_id
filifolium sibiricum,1,1,1,1,1,Filifolium sibiricum,accepted,wfo-0000099453,Filifolium sibiricum,Asteraceae,Filifolium,species,FALSE,FALSE,TRUE,single_accepted_id
fimbristylis caespitosa,1,1,1,1,1,Fimbristylis caespitosa,accepted,wfo-0000419071,Fimbristylis caespitosa,Cyperaceae,Fimbristylis,species,TRUE,TRUE,TRUE,single_accepted_id
fimbristylis cephalophora,1,1,1,1,1,Fimbristylis cephalophora,accepted,wfo-0000419303,Fimbristylis cephalophora,Cyperaceae,Fimbristylis,species,TRUE,TRUE,TRUE,single_accepted_id
fimbristylis dichotoma,1,1,1,1,1,Fimbristylis dichotoma,accepted,wfo-0000420095,Fimbristylis dichotoma,Cyperaceae,Fimbristylis,species,TRUE,TRUE,TRUE,single_accepted_id
fimbristylis eremophila,1,1,1,1,1,Fimbristylis eremophila,accepted,wfo-0000420678,Fimbristylis eremophila,Cyperaceae,Fimbristylis,species,TRUE,TRUE,TRUE,single_accepted_id
fimbristylis ferruginea,1,1,1,1,1,Fimbristylis ferruginea,accepted,wfo-0000420815,Fimbristylis ferruginea,Cyperaceae,Fimbristylis,species,TRUE,TRUE,TRUE,single_accepted_id
fimbristylis macrantha,1,1,1,1,1,Fimbristylis macrantha,synonym,wfo-1000025301,Abildgaardia macrantha,Cyperaceae,Abildgaardia,species,TRUE,TRUE,FALSE,single_accepted_id
fimbristylis nutans,1,1,1,1,1,Fimbristylis nutans,accepted,wfo-0000422275,Fimbristylis nutans,Cyperaceae,Fimbristylis,species,TRUE,TRUE,TRUE,single_accepted_id
fimbristylis pachyptera,1,1,1,1,1,Fimbristylis pachyptera,synonym,wfo-1000025304,Abildgaardia pachyptera,Cyperaceae,Abildgaardia,species,TRUE,TRUE,FALSE,single_accepted_id
fimbristylis squarrulosa,1,1,1,1,1,Fimbristylis squarrulosa,synonym,wfo-0000336904,Abildgaardia schoenoides,Cyperaceae,Abildgaardia,species,TRUE,TRUE,FALSE,single_accepted_id
fissistigma bracteolatum,1,1,1,1,1,Fissistigma bracteolatum,synonym,wfo-0000691178,Fissistigma oblongum,Annonaceae,Fissistigma,species,TRUE,TRUE,FALSE,single_accepted_id
fissistigma latifolium,1,1,1,1,1,Fissistigma latifolium,accepted,wfo-0000691163,Fissistigma latifolium,Annonaceae,Fissistigma,species,TRUE,TRUE,TRUE,single_accepted_id
fissistigma oblongum,1,1,1,1,1,Fissistigma oblongum,accepted,wfo-0000691178,Fissistigma oblongum,Annonaceae,Fissistigma,species,FALSE,FALSE,TRUE,single_accepted_id
fissistigma oldhamii,1,1,1,1,1,Fissistigma oldhamii,accepted,wfo-0000691180,Fissistigma oldhamii,Annonaceae,Fissistigma,species,TRUE,TRUE,TRUE,single_accepted_id
flacourtia indica,1,1,1,1,1,Flacourtia indica,accepted,wfo-0000925655,Flacourtia indica,Salicaceae,Flacourtia,species,TRUE,TRUE,TRUE,single_accepted_id
flemingia chappar,1,1,1,1,1,Flemingia chappar,accepted,wfo-0000194835,Flemingia chappar,Fabaceae,Flemingia,species,TRUE,TRUE,TRUE,single_accepted_id
flemingia congesta,1,1,1,1,1,Flemingia congesta,synonym,wfo-0000194840,Flemingia macrophylla,Fabaceae,Flemingia,species,TRUE,TRUE,FALSE,single_accepted_id
flemingia grahamiana,1,1,1,1,1,Flemingia grahamiana,accepted,wfo-0000181342,Flemingia grahamiana,Fabaceae,Flemingia,species,TRUE,TRUE,TRUE,single_accepted_id
flemingia javanica,1,1,1,1,1,Flemingia javanica,accepted,wfo-0000691302,Flemingia javanica,Fabaceae,Flemingia,species,FALSE,FALSE,TRUE,single_accepted_id
flemingia paniculata,1,1,1,1,1,Flemingia paniculata,accepted,wfo-0000198109,Flemingia paniculata,Fabaceae,Flemingia,species,TRUE,TRUE,TRUE,single_accepted_id
flemingia prostrata,1,1,1,1,1,Flemingia prostrata,accepted,wfo-0000194834,Flemingia prostrata,Fabaceae,Flemingia,species,TRUE,TRUE,TRUE,single_accepted_id
flemingia stricta,1,1,1,1,1,Flemingia stricta,accepted,wfo-0001057607,Flemingia stricta,Fabaceae,Flemingia,species,TRUE,TRUE,TRUE,single_accepted_id
flemingia strobilifera,1,1,1,1,1,Flemingia strobilifera,accepted,wfo-0001057147,Flemingia strobilifera,Fabaceae,Flemingia,species,TRUE,TRUE,TRUE,single_accepted_id
flindersia acuminata,1,1,1,1,1,Flindersia acuminata,accepted,wfo-0000691368,Flindersia acuminata,Rutaceae,Flindersia,species,TRUE,TRUE,TRUE,single_accepted_id
flindersia australis,1,1,1,1,1,Flindersia australis,accepted,wfo-0000691370,Flindersia australis,Rutaceae,Flindersia,species,TRUE,TRUE,TRUE,single_accepted_id
flindersia brassii,1,1,1,1,1,Flindersia brassii,accepted,wfo-0000691375,Flindersia brassii,Rutaceae,Flindersia,species,TRUE,TRUE,TRUE,single_accepted_id
flindersia collina,1,1,1,1,1,Flindersia collina,accepted,wfo-0000691379,Flindersia collina,Rutaceae,Flindersia,species,TRUE,TRUE,TRUE,single_accepted_id
flindersia laevicarpa,1,1,1,1,1,Flindersia laevicarpa,accepted,wfo-0000691387,Flindersia laevicarpa,Rutaceae,Flindersia,species,TRUE,TRUE,TRUE,single_accepted_id
flindersia xanthoxyla,1,1,1,1,1,Flindersia xanthoxyla,accepted,wfo-0000691410,Flindersia xanthoxyla,Rutaceae,Flindersia,species,TRUE,TRUE,TRUE,single_accepted_id
flourensia,1,1,1,1,1,Flourensia,accepted,wfo-4000014876,Flourensia,Asteraceae,Flourensia,genus,TRUE,TRUE,TRUE,single_accepted_id
flourensia campestris,1,1,1,1,1,Flourensia campestris,accepted,wfo-0000124081,Flourensia campestris,Asteraceae,Flourensia,species,TRUE,TRUE,TRUE,single_accepted_id
flourensia fiebrigii,1,1,1,1,1,Flourensia fiebrigii,accepted,wfo-0000002132,Flourensia fiebrigii,Asteraceae,Flourensia,species,TRUE,TRUE,TRUE,single_accepted_id
flourensia heterolepis,1,1,1,1,1,Flourensia heterolepis,accepted,wfo-0000064307,Flourensia heterolepis,Asteraceae,Flourensia,species,TRUE,TRUE,TRUE,single_accepted_id
flourensia ilicifolia,1,1,1,1,1,Flourensia ilicifolia,accepted,wfo-0000008946,Flourensia ilicifolia,Asteraceae,Flourensia,species,TRUE,TRUE,TRUE,single_accepted_id
flourensia oolepis,1,1,1,1,1,Flourensia oolepis,accepted,wfo-0000027768,Flourensia oolepis,Asteraceae,Flourensia,species,TRUE,TRUE,TRUE,single_accepted_id
flourensia riparia,1,1,1,1,1,Flourensia riparia,accepted,wfo-0000134380,Flourensia riparia,Asteraceae,Flourensia,species,TRUE,TRUE,TRUE,single_accepted_id
fordia cauliflora,1,1,1,1,1,Fordia cauliflora,accepted,wfo-0000185921,Fordia cauliflora,Fabaceae,Fordia,species,TRUE,TRUE,TRUE,single_accepted_id
fortunella,1,1,1,1,1,Fortunella,synonym,wfo-4000008411,Citrus,Rutaceae,Citrus,genus,TRUE,TRUE,FALSE,single_accepted_id
fortunella japonica,1,1,1,1,1,Fortunella japonica,synonym,wfo-0000608080,Citrus japonica,Rutaceae,Citrus,species,TRUE,TRUE,FALSE,single_accepted_id
fortunella margarita,1,1,1,1,1,Fortunella margarita,synonym,wfo-0000608080,Citrus japonica,Rutaceae,Citrus,species,TRUE,TRUE,FALSE,single_accepted_id
fragaria,1,1,1,1,1,Fragaria,accepted,wfo-4000014995,Fragaria,Rosaceae,Fragaria,genus,TRUE,TRUE,TRUE,single_accepted_id
fragaria *,1,1,1,1,1,Fragaria × ananassa,accepted,wfo-0001005541,Fragaria × ananassa,Rosaceae,Fragaria,species,FALSE,FALSE,TRUE,single_accepted_id
fragaria ananassa,2,2,1,1,1,Fragaria ananassa,synonym | unchecked,wfo-0001005541,Fragaria × ananassa,Rosaceae,Fragaria,species,TRUE,TRUE,FALSE,single_accepted_id
fragaria intermedia,1,1,1,1,1,Fragaria intermedia,accepted,wfo-0001007905,Fragaria intermedia,Rosaceae,Fragaria,species,FALSE,FALSE,TRUE,single_accepted_id
fragaria moschata,1,1,1,1,1,Fragaria moschata,accepted,wfo-0001006915,Fragaria moschata,Rosaceae,Fragaria,species,FALSE,FALSE,TRUE,single_accepted_id
fragaria moschata subsp. moschata,1,1,1,1,1,Fragaria moschata subsp. moschata,accepted,wfo-1200075326,Fragaria moschata subsp. moschata,Rosaceae,Fragaria,subspecies,FALSE,FALSE,TRUE,single_accepted_id
fragaria vesca subsp. vesca,1,1,1,1,1,Fragaria vesca subsp. vesca,accepted,wfo-0001012808,Fragaria vesca subsp. vesca,Rosaceae,Fragaria,subspecies,FALSE,FALSE,TRUE,single_accepted_id
fridericia platyphylla,1,1,1,1,1,Fridericia platyphylla,accepted,wfo-0000778656,Fridericia platyphylla,Bignoniaceae,Fridericia,species,TRUE,TRUE,TRUE,single_accepted_id
fridericia triplinervia,1,1,1,1,1,Fridericia triplinervia,accepted,wfo-0000782570,Fridericia triplinervia,Bignoniaceae,Fridericia,species,TRUE,TRUE,TRUE,single_accepted_id
friesodielsia enghiana,1,1,1,1,1,Friesodielsia enghiana,synonym,wfo-0001421793,Monanthotaxis enghiana,Annonaceae,Monanthotaxis,species,FALSE,TRUE,FALSE,single_accepted_id
friesodielsia velutina,1,1,1,1,1,Friesodielsia velutina,synonym,wfo-0001421801,Monanthotaxis velutina,Annonaceae,Monanthotaxis,species,TRUE,TRUE,FALSE,single_accepted_id
froelichia floridana,1,1,1,1,1,Froelichia floridana,accepted,wfo-0000692565,Froelichia floridana,Amaranthaceae,Froelichia,species,TRUE,TRUE,TRUE,single_accepted_id
fuchsia coccinea,1,1,1,1,1,Fuchsia coccinea,accepted,wfo-0000692686,Fuchsia coccinea,Onagraceae,Fuchsia,species,TRUE,TRUE,TRUE,single_accepted_id
fuchsia cyrtandroides,1,1,1,1,1,Fuchsia cyrtandroides,accepted,wfo-0000692707,Fuchsia cyrtandroides,Onagraceae,Fuchsia,species,TRUE,TRUE,TRUE,single_accepted_id
fuchsia decidua,1,1,1,1,1,Fuchsia decidua,accepted,wfo-0000692708,Fuchsia decidua,Onagraceae,Fuchsia,species,TRUE,TRUE,TRUE,single_accepted_id
fuchsia dependens,1,1,1,1,1,Fuchsia dependens,accepted,wfo-0000692712,Fuchsia dependens,Onagraceae,Fuchsia,species,TRUE,TRUE,TRUE,single_accepted_id
fuchsia excorticata,1,1,1,1,1,Fuchsia excorticata,accepted,wfo-0000692719,Fuchsia excorticata,Onagraceae,Fuchsia,species,TRUE,TRUE,TRUE,single_accepted_id
fuchsia ferreyrae,1,1,1,1,1,Fuchsia ferreyrae,accepted,wfo-0000692722,Fuchsia ferreyrae,Onagraceae,Fuchsia,species,TRUE,TRUE,TRUE,single_accepted_id
fuchsia fulgens,1,1,1,1,1,Fuchsia fulgens,accepted,wfo-0000692728,Fuchsia fulgens,Onagraceae,Fuchsia,species,TRUE,TRUE,TRUE,single_accepted_id
fuchsia gehrigeri,1,1,1,1,1,Fuchsia gehrigeri,accepted,wfo-0000692732,Fuchsia gehrigeri,Onagraceae,Fuchsia,species,TRUE,TRUE,TRUE,single_accepted_id
fuchsia jimenezii,1,1,1,1,1,Fuchsia jimenezii,accepted,wfo-0000692761,Fuchsia jimenezii,Onagraceae,Fuchsia,species,TRUE,TRUE,TRUE,single_accepted_id
fuchsia lehmannii,1,1,1,1,1,Fuchsia lehmannii,accepted,wfo-0000692766,Fuchsia lehmannii,Onagraceae,Fuchsia,species,TRUE,TRUE,TRUE,single_accepted_id
fuchsia loxensis,1,1,1,1,1,Fuchsia loxensis,accepted,wfo-0000692773,Fuchsia loxensis,Onagraceae,Fuchsia,species,TRUE,TRUE,TRUE,single_accepted_id
fuchsia microphylla,1,1,1,1,1,Fuchsia microphylla,accepted,wfo-0000692810,Fuchsia microphylla,Onagraceae,Fuchsia,species,TRUE,TRUE,TRUE,single_accepted_id
fuchsia nigricans,1,1,1,1,1,Fuchsia nigricans,accepted,wfo-0000692827,Fuchsia nigricans,Onagraceae,Fuchsia,species,TRUE,TRUE,TRUE,single_accepted_id
fuchsia paniculata,1,1,1,1,1,Fuchsia paniculata,accepted,wfo-0000692840,Fuchsia paniculata,Onagraceae,Fuchsia,species,TRUE,TRUE,TRUE,single_accepted_id
fuchsia polyantha,1,1,1,1,1,Fuchsia polyantha,accepted,wfo-0000692855,Fuchsia polyantha,Onagraceae,Fuchsia,species,TRUE,TRUE,TRUE,single_accepted_id
fuchsia pringsheimii,1,1,1,1,1,Fuchsia pringsheimii,accepted,wfo-0000692858,Fuchsia pringsheimii,Onagraceae,Fuchsia,species,TRUE,TRUE,TRUE,single_accepted_id
fuchsia procumbens,1,1,1,1,1,Fuchsia procumbens,accepted,wfo-0000692859,Fuchsia procumbens,Onagraceae,Fuchsia,species,TRUE,TRUE,TRUE,single_accepted_id
fuchsia regia,1,1,1,1,1,Fuchsia regia,accepted,wfo-0000692875,Fuchsia regia,Onagraceae,Fuchsia,species,TRUE,TRUE,TRUE,single_accepted_id
fuchsia rivularis,1,1,1,1,1,Fuchsia rivularis,accepted,wfo-0000692883,Fuchsia rivularis,Onagraceae,Fuchsia,species,TRUE,TRUE,TRUE,single_accepted_id
fuchsia sanctae-rosae,1,1,1,1,1,Fuchsia sanctae-rosae,accepted,wfo-0000692888,Fuchsia sanctae-rosae,Onagraceae,Fuchsia,species,FALSE,FALSE,TRUE,single_accepted_id
fuchsia scabriuscula,1,1,1,1,1,Fuchsia scabriuscula,accepted,wfo-0000692891,Fuchsia scabriuscula,Onagraceae,Fuchsia,species,TRUE,TRUE,TRUE,single_accepted_id
fuchsia splendens,1,1,1,1,1,Fuchsia splendens,accepted,wfo-0000692907,Fuchsia splendens,Onagraceae,Fuchsia,species,TRUE,TRUE,TRUE,single_accepted_id
fuchsia sylvatica,1,1,1,1,1,Fuchsia sylvatica,accepted,wfo-0000692915,Fuchsia sylvatica,Onagraceae,Fuchsia,species,TRUE,TRUE,TRUE,single_accepted_id
fuchsia triphylla,1,1,1,1,1,Fuchsia triphylla,accepted,wfo-0000692928,Fuchsia triphylla,Onagraceae,Fuchsia,species,TRUE,TRUE,TRUE,single_accepted_id
fumaria vaillantii var. schrammii,1,1,1,1,1,Fumaria vaillantii var. schrammii,accepted,wfo-0000693484,Fumaria vaillantii var. schrammii,Papaveraceae,Fumaria,variety,FALSE,FALSE,TRUE,single_accepted_id
fusifilum depressum,1,1,1,1,1,Fusifilum depressum,accepted,wfo-0000768310,Fusifilum depressum,Asparagaceae,Fusifilum,species,TRUE,TRUE,TRUE,single_accepted_id
gahnia deusta,1,1,1,1,1,Gahnia deusta,accepted,wfo-0000426955,Gahnia deusta,Cyperaceae,Gahnia,species,TRUE,TRUE,TRUE,single_accepted_id
gahnia filifolia,1,1,1,1,1,Gahnia filifolia,accepted,wfo-0000426978,Gahnia filifolia,Cyperaceae,Gahnia,species,TRUE,TRUE,TRUE,single_accepted_id
gahnia lanigera,1,1,1,1,1,Gahnia lanigera,accepted,wfo-0000427153,Gahnia lanigera,Cyperaceae,Gahnia,species,TRUE,TRUE,TRUE,single_accepted_id
gahnia radula,1,1,1,1,1,Gahnia radula,accepted,wfo-0000427271,Gahnia radula,Cyperaceae,Gahnia,species,TRUE,TRUE,TRUE,single_accepted_id
gahnia sieberiana,1,1,1,1,1,Gahnia sieberiana,accepted,wfo-0000427322,Gahnia sieberiana,Cyperaceae,Gahnia,species,TRUE,TRUE,TRUE,single_accepted_id
gahnia subaequiglumis,1,1,1,1,1,Gahnia subaequiglumis,accepted,wfo-0000427345,Gahnia subaequiglumis,Cyperaceae,Gahnia,species,TRUE,TRUE,TRUE,single_accepted_id
gaillardia suavis,2,2,1,1,1,Gaillardia suavis,accepted | unchecked,wfo-0000042381,Gaillardia suavis,Asteraceae,Gaillardia,species,TRUE,TRUE,TRUE,single_accepted_id
gaillardia tontalensis,1,1,1,1,1,Gaillardia tontalensis,accepted,wfo-0000035551,Gaillardia tontalensis,Asteraceae,Gaillardia,species,TRUE,TRUE,TRUE,single_accepted_id
galega officinalis,1,1,1,1,1,Galega officinalis,accepted,wfo-0000212597,Galega officinalis,Fabaceae,Galega,species,TRUE,TRUE,TRUE,single_accepted_id
gambeya africana,1,1,1,1,1,Gambeya africana,accepted,wfo-0000970690,Gambeya africana,Sapotaceae,Gambeya,species,FALSE,FALSE,TRUE,single_accepted_id
gambeya perpulchra,1,1,1,1,1,Gambeya perpulchra,accepted,wfo-0000970711,Gambeya perpulchra,Sapotaceae,Gambeya,species,FALSE,FALSE,TRUE,single_accepted_id
gamochaeta affinis,1,1,1,1,1,Gamochaeta affinis,accepted,wfo-0000122402,Gamochaeta affinis,Asteraceae,Gamochaeta,species,FALSE,FALSE,TRUE,single_accepted_id
gamochaeta malvinensis,1,1,1,1,1,Gamochaeta malvinensis,synonym,wfo-0000122402,Gamochaeta affinis,Asteraceae,Gamochaeta,species,TRUE,TRUE,FALSE,single_accepted_id
garcinia atroviridis,1,1,1,1,1,Garcinia atroviridis,accepted,wfo-0000694142,Garcinia atroviridis,Clusiaceae,Garcinia,species,TRUE,TRUE,TRUE,single_accepted_id
garcinia benthamiana,1,1,1,1,1,Garcinia benthamiana,accepted,wfo-0000743916,Garcinia benthamiana,Clusiaceae,Garcinia,species,TRUE,TRUE,TRUE,single_accepted_id
garcinia brasiliensis,1,1,1,1,1,Garcinia brasiliensis,accepted,wfo-0000694180,Garcinia brasiliensis,Clusiaceae,Garcinia,species,TRUE,TRUE,TRUE,single_accepted_id
garcinia brevirostris,1,1,1,1,1,Garcinia brevirostris,accepted,wfo-0000694185,Garcinia brevirostris,Clusiaceae,Garcinia,species,TRUE,TRUE,TRUE,single_accepted_id
garcinia buchananii,1,1,1,1,1,Garcinia buchananii,accepted,wfo-0000694189,Garcinia buchananii,Clusiaceae,Garcinia,species,TRUE,TRUE,TRUE,single_accepted_id
garcinia cambogioides var. cambogioides,1,1,1,1,1,Garcinia cambogioides var. cambogioides,accepted,wfo-1200094414,Garcinia cambogioides var. cambogioides,Clusiaceae,Garcinia,variety,FALSE,FALSE,TRUE,single_accepted_id
garcinia celebica,1,1,1,1,1,Garcinia celebica,accepted,wfo-0000694214,Garcinia celebica,Clusiaceae,Garcinia,species,FALSE,FALSE,TRUE,single_accepted_id
garcinia conrauana,1,1,1,1,1,Garcinia conrauana,synonym,wfo-0000694394,Garcinia kola,Clusiaceae,Garcinia,species,TRUE,TRUE,FALSE,single_accepted_id
garcinia cowa,1,1,1,1,1,Garcinia cowa,accepted,wfo-1000040941,Garcinia cowa,Clusiaceae,Garcinia,species,FALSE,FALSE,TRUE,single_accepted_id
garcinia cymosa,1,1,1,1,1,Garcinia cymosa,accepted,wfo-0000694258,Garcinia cymosa,Clusiaceae,Garcinia,species,TRUE,TRUE,TRUE,single_accepted_id
garcinia densivenia,1,1,1,1,1,Garcinia densivenia,accepted,wfo-0000694275,Garcinia densivenia,Clusiaceae,Garcinia,species,TRUE,TRUE,TRUE,single_accepted_id
garcinia dulcis,1,1,1,1,1,Garcinia dulcis,accepted,wfo-0000694287,Garcinia dulcis,Clusiaceae,Garcinia,species,TRUE,TRUE,TRUE,single_accepted_id
garcinia echinocarpa,1,1,1,1,1,Garcinia echinocarpa,accepted,wfo-0000694290,Garcinia echinocarpa,Clusiaceae,Garcinia,species,TRUE,TRUE,TRUE,single_accepted_id
garcinia epunctata,1,1,1,1,1,Garcinia epunctata,accepted,wfo-0000694303,Garcinia epunctata,Clusiaceae,Garcinia,species,TRUE,TRUE,TRUE,single_accepted_id
garcinia gardneriana,1,1,1,1,1,Garcinia gardneriana,accepted,wfo-0000694322,Garcinia gardneriana,Clusiaceae,Garcinia,species,TRUE,TRUE,TRUE,single_accepted_id
garcinia humilis,1,1,1,1,1,Garcinia humilis,accepted,wfo-0000694370,Garcinia humilis,Clusiaceae,Garcinia,species,FALSE,FALSE,TRUE,single_accepted_id
garcinia indica,1,1,1,1,1,Garcinia indica,accepted,wfo-0000694375,Garcinia indica,Clusiaceae,Garcinia,species,TRUE,TRUE,TRUE,single_accepted_id
garcinia intermedia,1,1,1,1,1,Garcinia intermedia,accepted,wfo-0000694376,Garcinia intermedia,Clusiaceae,Garcinia,species,TRUE,TRUE,TRUE,single_accepted_id
garcinia kola,1,1,1,1,1,Garcinia kola,accepted,wfo-0000694394,Garcinia kola,Clusiaceae,Garcinia,species,TRUE,TRUE,TRUE,single_accepted_id
garcinia livingstonei,1,1,1,1,1,Garcinia livingstonei,accepted,wfo-0000694422,Garcinia livingstonei,Clusiaceae,Garcinia,species,TRUE,TRUE,TRUE,single_accepted_id
garcinia madruno,1,1,1,1,1,Garcinia madruno,accepted,wfo-0000694442,Garcinia madruno,Clusiaceae,Garcinia,species,TRUE,TRUE,TRUE,single_accepted_id
garcinia mangostana,1,1,1,1,1,Garcinia mangostana,accepted,wfo-0000694452,Garcinia mangostana,Clusiaceae,Garcinia,species,TRUE,TRUE,TRUE,single_accepted_id
garcinia mannii,1,1,1,1,1,Garcinia mannii,accepted,wfo-0000694455,Garcinia mannii,Clusiaceae,Garcinia,species,TRUE,TRUE,TRUE,single_accepted_id
garcinia morella,1,1,1,1,1,Garcinia morella,synonym,wfo-1200094414,Garcinia cambogioides var. cambogioides,Clusiaceae,Garcinia,variety,TRUE,TRUE,FALSE,single_accepted_id
garcinia multiflora,1,1,1,1,1,Garcinia multiflora,accepted,wfo-0000694499,Garcinia multiflora,Clusiaceae,Garcinia,species,TRUE,TRUE,TRUE,single_accepted_id
garcinia nervosa,1,1,1,1,1,Garcinia nervosa,accepted,wfo-0000694510,Garcinia nervosa,Clusiaceae,Garcinia,species,TRUE,TRUE,TRUE,single_accepted_id
garcinia nervosa var. nervosa,1,1,1,1,1,Garcinia nervosa var. nervosa,accepted,wfo-1200094409,Garcinia nervosa var. nervosa,Clusiaceae,Garcinia,variety,FALSE,FALSE,TRUE,single_accepted_id
garcinia nigrolineata,1,1,1,1,1,Garcinia nigrolineata,accepted,wfo-0000694513,Garcinia nigrolineata,Clusiaceae,Garcinia,species,TRUE,TRUE,TRUE,single_accepted_id
garcinia ovalifolia,1,1,1,1,1,Garcinia ovalifolia,accepted,wfo-0000694536,Garcinia ovalifolia,Clusiaceae,Garcinia,species,FALSE,FALSE,TRUE,single_accepted_id
garcinia portoricensis,1,1,1,1,1,Garcinia portoricensis,accepted,wfo-0000694585,Garcinia portoricensis,Clusiaceae,Garcinia,species,TRUE,TRUE,TRUE,single_accepted_id
garcinia prainiana,1,1,1,1,1,Garcinia prainiana,accepted,wfo-0000694586,Garcinia prainiana,Clusiaceae,Garcinia,species,TRUE,TRUE,TRUE,single_accepted_id
garcinia quadrilocularis,1,1,1,1,1,Garcinia quadrilocularis,accepted,wfo-0000694601,Garcinia quadrilocularis,Clusiaceae,Garcinia,species,FALSE,FALSE,TRUE,single_accepted_id
garcinia speciosa,1,1,1,1,1,Garcinia speciosa,synonym,wfo-0000694214,Garcinia celebica,Clusiaceae,Garcinia,species,TRUE,TRUE,FALSE,single_accepted_id
garcinia spicata,1,1,1,1,1,Garcinia spicata,accepted,wfo-0000694663,Garcinia spicata,Clusiaceae,Garcinia,species,TRUE,TRUE,TRUE,single_accepted_id
garcinia subelliptica,1,1,1,1,1,Garcinia subelliptica,accepted,wfo-0000694671,Garcinia subelliptica,Clusiaceae,Garcinia,species,TRUE,TRUE,TRUE,single_accepted_id
garcinia terpnophylla,1,1,1,1,1,Garcinia terpnophylla,accepted,wfo-0000694684,Garcinia terpnophylla,Clusiaceae,Garcinia,species,TRUE,TRUE,TRUE,single_accepted_id
garcinia thwaitesii,1,1,1,1,1,Garcinia thwaitesii,accepted,wfo-0000694691,Garcinia thwaitesii,Clusiaceae,Garcinia,species,TRUE,TRUE,TRUE,single_accepted_id
garcinia xanthochymus,1,1,1,1,1,Garcinia xanthochymus,accepted,wfo-0000694747,Garcinia xanthochymus,Clusiaceae,Garcinia,species,TRUE,TRUE,TRUE,single_accepted_id
garovaglia,1,1,1,1,1,Garovaglia,accepted,wfo-4000015338,Garovaglia,Ptychomniaceae,Garovaglia,genus,FALSE,FALSE,TRUE,single_accepted_id
genista burdurensis,1,1,1,1,1,Genista burdurensis,accepted,wfo-0000185508,Genista burdurensis,Fabaceae,Genista,species,TRUE,TRUE,TRUE,single_accepted_id
genista cadasonensis,1,1,1,1,1,Genista cadasonensis,accepted,wfo-0000185509,Genista cadasonensis,Fabaceae,Genista,species,TRUE,TRUE,TRUE,single_accepted_id
genista cinerea,1,1,1,1,1,Genista cinerea,accepted,wfo-0000186918,Genista cinerea,Fabaceae,Genista,species,TRUE,TRUE,TRUE,single_accepted_id
genista compacta,1,1,1,1,1,Genista compacta,accepted,wfo-0000186464,Genista compacta,Fabaceae,Genista,species,TRUE,TRUE,TRUE,single_accepted_id
genista corsica,1,1,1,1,1,Genista corsica,accepted,wfo-0000213730,Genista corsica,Fabaceae,Genista,species,TRUE,TRUE,TRUE,single_accepted_id
genista ephedroides,1,1,1,1,1,Genista ephedroides,accepted,wfo-0000213735,Genista ephedroides,Fabaceae,Genista,species,TRUE,TRUE,TRUE,single_accepted_id
genista lydia,1,1,1,1,1,Genista lydia,accepted,wfo-0000213748,Genista lydia,Fabaceae,Genista,species,TRUE,TRUE,TRUE,single_accepted_id
genista morisii,1,1,1,1,1,Genista morisii,accepted,wfo-0000213752,Genista morisii,Fabaceae,Genista,species,TRUE,TRUE,TRUE,single_accepted_id
genista pichisermolliana,1,1,1,1,1,Genista pichisermolliana,accepted,wfo-0000696577,Genista pichisermolliana,Fabaceae,Genista,species,TRUE,TRUE,TRUE,single_accepted_id
genista tinctoria,1,1,1,1,1,Genista tinctoria,accepted,wfo-0000213769,Genista tinctoria,Fabaceae,Genista,species,TRUE,TRUE,TRUE,single_accepted_id
genista tricuspidata,1,1,1,1,1,Genista tricuspidata,accepted,wfo-0000213376,Genista tricuspidata,Fabaceae,Genista,species,TRUE,TRUE,TRUE,single_accepted_id
genista tridentata,1,1,1,1,1,Genista tridentata,accepted,wfo-0000213379,Genista tridentata,Fabaceae,Genista,species,FALSE,FALSE,TRUE,single_accepted_id
gentiana burseri subsp. villarsii,1,1,1,1,1,Gentiana burseri subsp. villarsii,accepted,wfo-0000697095,Gentiana burseri subsp. villarsii,Gentianaceae,Gentiana,subspecies,FALSE,FALSE,TRUE,single_accepted_id
geoffroea decorticans,1,1,1,1,1,Geoffroea decorticans,accepted,wfo-0000163989,Geoffroea decorticans,Fabaceae,Geoffroea,species,TRUE,TRUE,TRUE,single_accepted_id
geraea canescens,1,1,1,1,1,Geraea canescens,accepted,wfo-0000118208,Geraea canescens,Asteraceae,Geraea,species,TRUE,TRUE,TRUE,single_accepted_id
geranium niveum,1,1,1,1,1,Geranium niveum,accepted,wfo-0000700937,Geranium niveum,Geraniaceae,Geranium,species,TRUE,TRUE,TRUE,single_accepted_id
geranium pratense,1,1,1,1,1,Geranium pratense,accepted,wfo-0000701108,Geranium pratense,Geraniaceae,Geranium,species,TRUE,TRUE,TRUE,single_accepted_id
geranium sanguineum,1,1,1,1,1,Geranium sanguineum,accepted,wfo-0000701279,Geranium sanguineum,Geraniaceae,Geranium,species,TRUE,TRUE,TRUE,single_accepted_id
geranium sylvaticum,1,1,1,1,1,Geranium sylvaticum,accepted,wfo-0000701427,Geranium sylvaticum,Geraniaceae,Geranium,species,TRUE,TRUE,TRUE,single_accepted_id
geranium thunbergii,2,2,1,1,1,Geranium thunbergii,accepted | unchecked,wfo-1200096065,Geranium thunbergii,Geraniaceae,Geranium,species,TRUE,TRUE,TRUE,single_accepted_id
getonia floribunda,1,1,1,1,1,Getonia floribunda,accepted,wfo-0000702472,Getonia floribunda,Combretaceae,Getonia,species,FALSE,FALSE,TRUE,single_accepted_id
ginkgo biloba,1,1,1,1,1,Ginkgo biloba,accepted,wfo-0000795526,Ginkgo biloba,Ginkgoaceae,Ginkgo,species,TRUE,TRUE,TRUE,single_accepted_id
glebionis coronaria,2,2,1,1,1,Glebionis coronaria,accepted | synonym,wfo-0000072121,Glebionis coronaria,Asteraceae,Glebionis,species,TRUE,TRUE,TRUE,single_accepted_id
gleditsia sinensis,1,1,1,1,1,Gleditsia sinensis,accepted,wfo-0000186270,Gleditsia sinensis,Fabaceae,Gleditsia,species,FALSE,FALSE,TRUE,single_accepted_id
glehnia littoralis,1,1,1,1,1,Glehnia littoralis,accepted,wfo-0000703677,Glehnia littoralis,Apiaceae,Glehnia,species,TRUE,TRUE,TRUE,single_accepted_id
gliricidia sepium,1,1,1,1,1,Gliricidia sepium,accepted,wfo-0000178022,Gliricidia sepium,Fabaceae,Gliricidia,species,TRUE,TRUE,TRUE,single_accepted_id
globularia alypum,1,1,1,1,1,Globularia alypum,accepted,wfo-0000703791,Globularia alypum,Plantaginaceae,Globularia,species,TRUE,TRUE,TRUE,single_accepted_id
glochidion zeylanicum,1,1,1,1,1,Glochidion zeylanicum,accepted,wfo-0000973663,Glochidion zeylanicum,Phyllanthaceae,Glochidion,species,TRUE,TRUE,TRUE,single_accepted_id
glycine canescens,1,1,1,1,1,Glycine canescens,accepted,wfo-0000187275,Glycine canescens,Fabaceae,Glycine,species,TRUE,TRUE,TRUE,single_accepted_id
glycine clandestina,1,1,1,1,1,Glycine clandestina,accepted,wfo-0001053577,Glycine clandestina,Fabaceae,Glycine,species,TRUE,TRUE,TRUE,single_accepted_id
glycine falcata,1,1,1,1,1,Glycine falcata,accepted,wfo-0000187286,Glycine falcata,Fabaceae,Glycine,species,TRUE,TRUE,TRUE,single_accepted_id
glycine latifolia,1,1,1,1,1,Glycine latifolia,accepted,wfo-0000187287,Glycine latifolia,Fabaceae,Glycine,species,TRUE,TRUE,TRUE,single_accepted_id
glycine latrobeana,1,1,1,1,1,Glycine latrobeana,accepted,wfo-0000187290,Glycine latrobeana,Fabaceae,Glycine,species,TRUE,TRUE,TRUE,single_accepted_id
glycine max,1,1,1,1,1,Glycine max,accepted,wfo-0000181462,Glycine max,Fabaceae,Glycine,species,TRUE,TRUE,TRUE,single_accepted_id
glycine tabacina,1,1,1,1,1,Glycine tabacina,accepted,wfo-0000181473,Glycine tabacina,Fabaceae,Glycine,species,TRUE,TRUE,TRUE,single_accepted_id
glycine tomentella,1,1,1,1,1,Glycine tomentella,accepted,wfo-0000194832,Glycine tomentella,Fabaceae,Glycine,species,TRUE,TRUE,TRUE,single_accepted_id
glycosmis,1,1,1,1,1,Glycosmis,accepted,wfo-4000015850,Glycosmis,Rutaceae,Glycosmis,genus,TRUE,TRUE,TRUE,single_accepted_id
glycosmis chlorosperma,1,1,1,1,1,Glycosmis chlorosperma,accepted,wfo-0000704476,Glycosmis chlorosperma,Rutaceae,Glycosmis,species,TRUE,TRUE,TRUE,single_accepted_id
glycosmis craibii,1,1,1,1,1,Glycosmis craibii,accepted,wfo-0000704486,Glycosmis craibii,Rutaceae,Glycosmis,species,TRUE,TRUE,TRUE,single_accepted_id
glycosmis lanceolata,1,1,1,1,1,Glycosmis lanceolata,accepted,wfo-0000704518,Glycosmis lanceolata,Rutaceae,Glycosmis,species,FALSE,FALSE,TRUE,single_accepted_id
glycosmis macrophylla,1,1,1,1,1,Glycosmis macrophylla,accepted,wfo-0000704527,Glycosmis macrophylla,Rutaceae,Glycosmis,species,TRUE,TRUE,TRUE,single_accepted_id
glycosmis macrophylla var. macrophylla,1,1,1,1,1,Glycosmis macrophylla var. macrophylla,accepted,wfo-1200097147,Glycosmis macrophylla var. macrophylla,Rutaceae,Glycosmis,variety,FALSE,FALSE,TRUE,single_accepted_id
glycosmis montana,1,1,1,1,1,Glycosmis montana,synonym,wfo-0000704518,Glycosmis lanceolata,Rutaceae,Glycosmis,species,TRUE,TRUE,FALSE,single_accepted_id
glycosmis parviflora,1,1,1,1,1,Glycosmis parviflora,accepted,wfo-0000704556,Glycosmis parviflora,Rutaceae,Glycosmis,species,TRUE,TRUE,TRUE,single_accepted_id
glycosmis pentaphylla,1,1,1,1,1,Glycosmis pentaphylla,accepted,wfo-0000704558,Glycosmis pentaphylla,Rutaceae,Glycosmis,species,TRUE,TRUE,TRUE,single_accepted_id
glycosmis pseudoracemosa,1,1,1,1,1,Glycosmis pseudoracemosa,accepted,wfo-0000704569,Glycosmis pseudoracemosa,Rutaceae,Glycosmis,species,TRUE,TRUE,TRUE,single_accepted_id
glycosmis sapindoides,1,1,1,1,1,Glycosmis sapindoides,synonym,wfo-1200097147,Glycosmis macrophylla var. macrophylla,Rutaceae,Glycosmis,variety,TRUE,TRUE,FALSE,single_accepted_id
glycyrrhiza,1,1,1,1,1,Glycyrrhiza,accepted,wfo-4000015856,Glycyrrhiza,Fabaceae,Glycyrrhiza,genus,TRUE,TRUE,TRUE,single_accepted_id
glycyrrhiza aspera,1,1,1,1,1,Glycyrrhiza aspera,accepted,wfo-0000213772,Glycyrrhiza aspera,Fabaceae,Glycyrrhiza,species,TRUE,TRUE,TRUE,single_accepted_id
glycyrrhiza astragalina,1,1,1,1,1,Glycyrrhiza astragalina,accepted,wfo-0000170581,Glycyrrhiza astragalina,Fabaceae,Glycyrrhiza,species,TRUE,TRUE,TRUE,single_accepted_id
glycyrrhiza eurycarpa,1,1,1,1,1,Glycyrrhiza eurycarpa,synonym,wfo-0000186032,Glycyrrhiza inflata,Fabaceae,Glycyrrhiza,species,TRUE,TRUE,FALSE,single_accepted_id
glycyrrhiza glabra,1,1,1,1,1,Glycyrrhiza glabra,accepted,wfo-0000212813,Glycyrrhiza glabra,Fabaceae,Glycyrrhiza,species,TRUE,TRUE,TRUE,single_accepted_id
glycyrrhiza inflata,1,1,1,1,1,Glycyrrhiza inflata,accepted,wfo-0000186032,Glycyrrhiza inflata,Fabaceae,Glycyrrhiza,species,TRUE,TRUE,TRUE,single_accepted_id
glycyrrhiza lepidota,2,2,1,1,1,Glycyrrhiza lepidota,accepted | unchecked,wfo-0000170582,Glycyrrhiza lepidota,Fabaceae,Glycyrrhiza,species,TRUE,TRUE,TRUE,single_accepted_id
glycyrrhiza pallidiflora,1,1,1,1,1,Glycyrrhiza pallidiflora,accepted,wfo-0000186030,Glycyrrhiza pallidiflora,Fabaceae,Glycyrrhiza,species,TRUE,TRUE,TRUE,single_accepted_id
glycyrrhiza uralensis,2,2,1,1,1,Glycyrrhiza uralensis,accepted | unchecked,wfo-0001053609,Glycyrrhiza uralensis,Fabaceae,Glycyrrhiza,species,TRUE,TRUE,TRUE,single_accepted_id
gnaphalium robustum,1,1,1,1,1,Gnaphalium robustum,accepted,wfo-0000091138,Gnaphalium robustum,Asteraceae,Gnaphalium,species,FALSE,FALSE,TRUE,single_accepted_id
gnetum africanum,1,1,1,1,1,Gnetum africanum,accepted,wfo-0000795564,Gnetum africanum,Gnetaceae,Gnetum,species,TRUE,TRUE,TRUE,single_accepted_id
gnetum edule,1,1,1,1,1,Gnetum edule,accepted,wfo-0001065145,Gnetum edule,Gnetaceae,Gnetum,species,FALSE,FALSE,TRUE,single_accepted_id
gnetum gnemon,1,1,1,1,1,Gnetum gnemon,accepted,wfo-0000795591,Gnetum gnemon,Gnetaceae,Gnetum,species,TRUE,TRUE,TRUE,single_accepted_id
gnetum klossii,1,1,1,1,1,Gnetum klossii,accepted,wfo-0000795610,Gnetum klossii,Gnetaceae,Gnetum,species,TRUE,TRUE,TRUE,single_accepted_id
gnetum macrostachyum,1,1,1,1,1,Gnetum macrostachyum,accepted,wfo-0000795633,Gnetum macrostachyum,Gnetaceae,Gnetum,species,TRUE,TRUE,TRUE,single_accepted_id
gnetum montanum,1,1,1,1,1,Gnetum montanum,accepted,wfo-0000795644,Gnetum montanum,Gnetaceae,Gnetum,species,TRUE,TRUE,TRUE,single_accepted_id
gnetum ula,1,1,1,1,1,Gnetum ula,synonym,wfo-0001065145,Gnetum edule,Gnetaceae,Gnetum,species,TRUE,TRUE,FALSE,single_accepted_id
gnidia glauca,1,1,1,1,1,Gnidia glauca,synonym,wfo-0000445422,Lasiosiphon glaucus,Thymelaeaceae,Lasiosiphon,species,TRUE,TRUE,FALSE,single_accepted_id
gnidia involucrata,1,1,1,1,1,Gnidia involucrata,accepted,wfo-0000704854,Gnidia involucrata,Thymelaeaceae,Gnidia,species,TRUE,TRUE,TRUE,single_accepted_id
gochnatia glutinosa,2,2,1,1,1,Gochnatia glutinosa,accepted | synonym,wfo-0000067831,Gochnatia glutinosa,Asteraceae,Gochnatia,species,TRUE,TRUE,TRUE,single_accepted_id
gochnatia vernonioides,1,1,1,1,1,Gochnatia vernonioides,accepted,wfo-0000051824,Gochnatia vernonioides,Asteraceae,Gochnatia,species,TRUE,TRUE,TRUE,single_accepted_id
goniophlebium amoenum,1,1,1,1,1,Goniophlebium amoenum,accepted,wfo-1200105074,Goniophlebium amoenum,Polypodiaceae,Goniophlebium,species,FALSE,FALSE,TRUE,single_accepted_id
goniorrhachis marginata,1,1,1,1,1,Goniorrhachis marginata,accepted,wfo-0000163993,Goniorrhachis marginata,Fabaceae,Goniorrhachis,species,TRUE,TRUE,TRUE,single_accepted_id
goniothalamus borneensis,1,1,1,1,1,Goniothalamus borneensis,accepted,wfo-0000706435,Goniothalamus borneensis,Annonaceae,Goniothalamus,species,TRUE,TRUE,TRUE,single_accepted_id
goniothalamus cheliensis,1,1,1,1,1,Goniothalamus cheliensis,accepted,wfo-0000706452,Goniothalamus cheliensis,Annonaceae,Goniothalamus,species,TRUE,TRUE,TRUE,single_accepted_id
goniothalamus gardneri,1,1,1,1,1,Goniothalamus gardneri,accepted,wfo-0000706484,Goniothalamus gardneri,Annonaceae,Goniothalamus,species,TRUE,TRUE,TRUE,single_accepted_id
goniothalamus griffithii,1,1,1,1,1,Goniothalamus griffithii,accepted,wfo-0000706491,Goniothalamus griffithii,Annonaceae,Goniothalamus,species,TRUE,TRUE,TRUE,single_accepted_id
goniothalamus leiocarpus,1,1,1,1,1,Goniothalamus leiocarpus,accepted,wfo-0000706511,Goniothalamus leiocarpus,Annonaceae,Goniothalamus,species,TRUE,TRUE,TRUE,single_accepted_id
gossypium hirsutum var. hirsutum,1,1,1,1,1,Gossypium hirsutum var. hirsutum,accepted,wfo-0001394146,Gossypium hirsutum var. hirsutum,Malvaceae,Gossypium,variety,FALSE,FALSE,TRUE,single_accepted_id
goyazianthus tetrastichus,2,2,1,1,1,Goyazianthus tetrastichus,accepted | unchecked,wfo-0000081714,Goyazianthus tetrastichus,Asteraceae,Goyazianthus,species,TRUE,TRUE,TRUE,single_accepted_id
grangea maderaspatana,2,2,1,1,1,Grangea maderaspatana,accepted | unchecked,wfo-0000075063,Grangea maderaspatana,Asteraceae,Grangea,species,TRUE,TRUE,TRUE,single_accepted_id
greigia sphacelata,1,1,1,1,1,Greigia sphacelata,accepted,wfo-0000431236,Greigia sphacelata,Bromeliaceae,Greigia,species,TRUE,TRUE,TRUE,single_accepted_id
grevillea robusta,1,1,1,1,1,Grevillea robusta,accepted,wfo-0000709544,Grevillea robusta,Proteaceae,Grevillea,species,TRUE,TRUE,TRUE,single_accepted_id
greyia flanaganii,1,1,1,1,1,Greyia flanaganii,accepted,wfo-0000710418,Greyia flanaganii,Francoaceae,Greyia,species,TRUE,TRUE,TRUE,single_accepted_id
griffitharia vestita,1,1,1,1,1,Griffitharia vestita,accepted,wfo-1000004221,Griffitharia vestita,Rosaceae,Griffitharia,species,FALSE,FALSE,TRUE,single_accepted_id
grindelia hirsutula,1,1,1,1,1,Grindelia hirsutula,accepted,wfo-0000035575,Grindelia hirsutula,Asteraceae,Grindelia,species,TRUE,TRUE,TRUE,single_accepted_id
grona adscendens,1,1,1,1,1,Grona adscendens,accepted,wfo-0001423669,Grona adscendens,Fabaceae,Grona,species,FALSE,FALSE,TRUE,single_accepted_id
grona heterophylla,1,1,1,1,1,Grona heterophylla,accepted,wfo-0001423655,Grona heterophylla,Fabaceae,Grona,species,FALSE,FALSE,TRUE,single_accepted_id
grona styracifolia,1,1,1,1,1,Grona styracifolia,accepted,wfo-0001423688,Grona styracifolia,Fabaceae,Grona,species,FALSE,FALSE,TRUE,single_accepted_id
grona triflora,1,1,1,1,1,Grona triflora,accepted,wfo-0001423675,Grona triflora,Fabaceae,Grona,species,FALSE,FALSE,TRUE,single_accepted_id
grypothrix triphylla,1,1,1,1,1,Grypothrix triphylla,accepted,wfo-1000027251,Grypothrix triphylla,Thelypteridaceae,Grypothrix,species,FALSE,FALSE,TRUE,single_accepted_id
guazuma ulmifolia,1,1,1,1,1,Guazuma ulmifolia,accepted,wfo-0000711645,Guazuma ulmifolia,Malvaceae,Guazuma,species,TRUE,TRUE,TRUE,single_accepted_id
gueldenstaedtia verna,1,1,1,1,1,Gueldenstaedtia verna,accepted,wfo-0000198763,Gueldenstaedtia verna,Fabaceae,Gueldenstaedtia,species,TRUE,TRUE,TRUE,single_accepted_id
guibourtia coleosperma,1,1,1,1,1,Guibourtia coleosperma,accepted,wfo-0000168307,Guibourtia coleosperma,Fabaceae,Guibourtia,species,TRUE,TRUE,TRUE,single_accepted_id
guibourtia tessmannii,1,1,1,1,1,Guibourtia tessmannii,accepted,wfo-0000168514,Guibourtia tessmannii,Fabaceae,Guibourtia,species,TRUE,TRUE,TRUE,single_accepted_id
guioa crenulata,1,1,1,1,1,Guioa crenulata,accepted,wfo-0000711813,Guioa crenulata,Sapindaceae,Guioa,species,TRUE,TRUE,TRUE,single_accepted_id
gutierrezia microcephala,1,1,1,1,1,Gutierrezia microcephala,accepted,wfo-0000019536,Gutierrezia microcephala,Asteraceae,Gutierrezia,species,TRUE,TRUE,TRUE,single_accepted_id
gutierrezia sphaerocephala,1,1,1,1,1,Gutierrezia sphaerocephala,accepted,wfo-0000005924,Gutierrezia sphaerocephala,Asteraceae,Gutierrezia,species,TRUE,TRUE,TRUE,single_accepted_id
gymnosperma glutinosum,1,1,1,1,1,Gymnosperma glutinosum,accepted,wfo-0000094649,Gymnosperma glutinosum,Asteraceae,Gymnosperma,species,TRUE,TRUE,TRUE,single_accepted_id
gymnosporia pyria,1,1,1,1,1,Gymnosporia pyria,accepted,wfo-0000713031,Gymnosporia pyria,Celastraceae,Gymnosporia,species,TRUE,TRUE,TRUE,single_accepted_id
gymnosporia senegalensis,1,1,1,1,1,Gymnosporia senegalensis,accepted,wfo-0000713049,Gymnosporia senegalensis,Celastraceae,Gymnosporia,species,TRUE,TRUE,TRUE,single_accepted_id
gynerium sagittatum,1,1,1,1,1,Gynerium sagittatum,accepted,wfo-0000873721,Gynerium sagittatum,Poaceae,Gynerium,species,TRUE,TRUE,TRUE,single_accepted_id
habranthus brachyandrus,1,1,1,1,1,Habranthus brachyandrus,accepted,wfo-0000645851,Habranthus brachyandrus,Amaryllidaceae,Habranthus,species,TRUE,TRUE,TRUE,single_accepted_id
haeckeria punctulata,1,1,1,1,1,Haeckeria punctulata,accepted,wfo-0000018922,Haeckeria punctulata,Asteraceae,Haeckeria,species,FALSE,FALSE,TRUE,single_accepted_id
haematoxylum campechianum,1,1,1,1,1,Haematoxylum campechianum,accepted,wfo-0000168536,Haematoxylum campechianum,Fabaceae,Haematoxylum,species,TRUE,TRUE,TRUE,single_accepted_id
haloxylon scoparium,1,1,1,1,1,Haloxylon scoparium,accepted,wfo-0000715248,Haloxylon scoparium,Amaranthaceae,Haloxylon,species,TRUE,TRUE,TRUE,single_accepted_id
hamamelis virginiana,1,1,1,1,1,Hamamelis virginiana,accepted,wfo-0001065240,Hamamelis virginiana,Hamamelidaceae,Hamamelis,species,TRUE,TRUE,TRUE,single_accepted_id
hamelia patens,1,1,1,1,1,Hamelia patens,accepted,wfo-0000979110,Hamelia patens,Rubiaceae,Hamelia,species,TRUE,TRUE,TRUE,single_accepted_id
haplopappus pulchellus,1,1,1,1,1,Haplopappus pulchellus,accepted,wfo-0000083286,Haplopappus pulchellus,Asteraceae,Haplopappus,species,FALSE,FALSE,TRUE,single_accepted_id
haplopappus remyanus,1,1,1,1,1,Haplopappus remyanus,accepted,wfo-0000005727,Haplopappus remyanus,Asteraceae,Haplopappus,species,TRUE,TRUE,TRUE,single_accepted_id
harpalyce brasiliana,1,1,1,1,1,Harpalyce brasiliana,accepted,wfo-0000170586,Harpalyce brasiliana,Fabaceae,Harpalyce,species,TRUE,TRUE,TRUE,single_accepted_id
harungana madagascariensis,2,2,1,1,1,Harungana madagascariensis,accepted | unchecked,wfo-0000716096,Harungana madagascariensis,Hypericaceae,Harungana,species,TRUE,TRUE,TRUE,single_accepted_id
hazardia squarrosa,1,1,1,1,1,Hazardia squarrosa,accepted,wfo-0000063376,Hazardia squarrosa,Asteraceae,Hazardia,species,TRUE,TRUE,TRUE,single_accepted_id
hedera colchica,1,1,1,1,1,Hedera colchica,accepted,wfo-0000979673,Hedera colchica,Araliaceae,Hedera,species,TRUE,TRUE,TRUE,single_accepted_id
hedychium gardnerianum,2,2,1,1,1,Hedychium gardnerianum,accepted | unchecked,wfo-0000435987,Hedychium gardnerianum,Zingiberaceae,Hedychium,species,TRUE,TRUE,TRUE,single_accepted_id
hedysarum multijugum,1,1,1,1,1,Hedysarum multijugum,synonym,wfo-0001034249,Corethrodendron multijugum,Fabaceae,Corethrodendron,species,TRUE,TRUE,FALSE,single_accepted_id
hedysarum polybotrys,1,1,1,1,1,Hedysarum polybotrys,accepted,wfo-0000186005,Hedysarum polybotrys,Fabaceae,Hedysarum,species,TRUE,TRUE,TRUE,single_accepted_id
hedysarum scoparium,1,1,1,1,1,Hedysarum scoparium,synonym,wfo-0001272343,Corethrodendron scoparium,Fabaceae,Corethrodendron,species,TRUE,TRUE,FALSE,single_accepted_id
hedysarum sikkimense,1,1,1,1,1,Hedysarum sikkimense,accepted,wfo-0000198854,Hedysarum sikkimense,Fabaceae,Hedysarum,species,TRUE,TRUE,TRUE,single_accepted_id
hedysarum theinum,1,1,1,1,1,Hedysarum theinum,accepted,wfo-0000209188,Hedysarum theinum,Fabaceae,Hedysarum,species,TRUE,TRUE,TRUE,single_accepted_id
heisteria acuminata,1,1,1,1,1,Heisteria acuminata,accepted,wfo-0000717098,Heisteria acuminata,Olacaceae,Heisteria,species,TRUE,TRUE,TRUE,single_accepted_id
heisteria nitida,1,1,1,1,1,Heisteria nitida,accepted,wfo-0000717140,Heisteria nitida,Olacaceae,Heisteria,species,TRUE,TRUE,TRUE,single_accepted_id
helianthemum glomeratum,1,1,1,1,1,Helianthemum glomeratum,synonym,wfo-0000626256,Crocanthemum glomeratum,Cistaceae,Crocanthemum,species,TRUE,TRUE,FALSE,single_accepted_id
helianthus angustifolius,2,2,1,1,1,Helianthus angustifolius,accepted | unchecked,wfo-0000066553,Helianthus angustifolius,Asteraceae,Helianthus,species,TRUE,TRUE,TRUE,single_accepted_id
helianthus annuus,1,1,1,1,1,Helianthus annuus,accepted,wfo-0000088131,Helianthus annuus,Asteraceae,Helianthus,species,TRUE,TRUE,TRUE,single_accepted_id
helianthus carnosus,1,1,1,1,1,Helianthus carnosus,accepted,wfo-0000037051,Helianthus carnosus,Asteraceae,Helianthus,species,TRUE,TRUE,TRUE,single_accepted_id
helianthus floridanus,1,1,1,1,1,Helianthus floridanus,accepted,wfo-0000035057,Helianthus floridanus,Asteraceae,Helianthus,species,TRUE,TRUE,TRUE,single_accepted_id
helianthus heterophyllus,2,2,1,1,1,Helianthus heterophyllus,accepted | unchecked,wfo-0000105698,Helianthus heterophyllus,Asteraceae,Helianthus,species,TRUE,TRUE,TRUE,single_accepted_id
helianthus longifolius,2,2,1,1,1,Helianthus longifolius,accepted | unchecked,wfo-0000116623,Helianthus longifolius,Asteraceae,Helianthus,species,TRUE,TRUE,TRUE,single_accepted_id
helianthus radula,1,1,1,1,1,Helianthus radula,accepted,wfo-0000045849,Helianthus radula,Asteraceae,Helianthus,species,TRUE,TRUE,TRUE,single_accepted_id
helianthus simulans,1,1,1,1,1,Helianthus simulans,accepted,wfo-0000003305,Helianthus simulans,Asteraceae,Helianthus,species,TRUE,TRUE,TRUE,single_accepted_id
helichrysum,1,1,1,1,1,Helichrysum,accepted,wfo-4000017214,Helichrysum,Asteraceae,Helichrysum,genus,TRUE,TRUE,TRUE,single_accepted_id
helichrysum acutatum,1,1,1,1,1,Helichrysum acutatum,accepted,wfo-0000093390,Helichrysum acutatum,Asteraceae,Helichrysum,species,TRUE,TRUE,TRUE,single_accepted_id
helichrysum arenarium,2,2,1,1,1,Helichrysum arenarium,accepted | synonym,wfo-0000090226,Helichrysum arenarium,Asteraceae,Helichrysum,species,TRUE,TRUE,TRUE,single_accepted_id
helichrysum argyrolepis,1,1,1,1,1,Helichrysum argyrolepis,accepted,wfo-0000011244,Helichrysum argyrolepis,Asteraceae,Helichrysum,species,TRUE,TRUE,TRUE,single_accepted_id
helichrysum armenium,1,1,1,1,1,Helichrysum armenium,accepted,wfo-0000008912,Helichrysum armenium,Asteraceae,Helichrysum,species,TRUE,TRUE,TRUE,single_accepted_id
helichrysum athrixiifolium,2,2,1,1,1,Helichrysum athrixiifolium,accepted | unchecked,wfo-0000086735,Helichrysum athrixiifolium,Asteraceae,Helichrysum,species,TRUE,TRUE,TRUE,single_accepted_id
helichrysum cephaloideum,1,1,1,1,1,Helichrysum cephaloideum,accepted,wfo-0000117459,Helichrysum cephaloideum,Asteraceae,Helichrysum,species,TRUE,TRUE,TRUE,single_accepted_id
helichrysum dregeanum,1,1,1,1,1,Helichrysum dregeanum,accepted,wfo-0000105578,Helichrysum dregeanum,Asteraceae,Helichrysum,species,TRUE,TRUE,TRUE,single_accepted_id
helichrysum felinum,1,1,1,1,1,Helichrysum felinum,accepted,wfo-0000123397,Helichrysum felinum,Asteraceae,Helichrysum,species,TRUE,TRUE,TRUE,single_accepted_id
helichrysum formosissimum,1,1,1,1,1,Helichrysum formosissimum,accepted,wfo-0000109302,Helichrysum formosissimum,Asteraceae,Helichrysum,species,TRUE,TRUE,TRUE,single_accepted_id
helichrysum gymnocomum,1,1,1,1,1,Helichrysum gymnocomum,accepted,wfo-0000060989,Helichrysum gymnocomum,Asteraceae,Helichrysum,species,TRUE,TRUE,TRUE,single_accepted_id
helichrysum heterolasium,1,1,1,1,1,Helichrysum heterolasium,accepted,wfo-0000106508,Helichrysum heterolasium,Asteraceae,Helichrysum,species,TRUE,TRUE,TRUE,single_accepted_id
helichrysum italicum,1,1,1,1,1,Helichrysum italicum,accepted,wfo-0000077691,Helichrysum italicum,Asteraceae,Helichrysum,species,TRUE,TRUE,TRUE,single_accepted_id
helichrysum kraussii,1,1,1,1,1,Helichrysum kraussii,accepted,wfo-0000129831,Helichrysum kraussii,Asteraceae,Helichrysum,species,TRUE,TRUE,TRUE,single_accepted_id
helichrysum lepidissimum,1,1,1,1,1,Helichrysum lepidissimum,accepted,wfo-0000026500,Helichrysum lepidissimum,Asteraceae,Helichrysum,species,TRUE,TRUE,TRUE,single_accepted_id
helichrysum luteoalbum,1,1,1,1,1,Helichrysum luteoalbum,synonym,wfo-0000076089,Laphangium luteoalbum,Asteraceae,Laphangium,species,TRUE,TRUE,FALSE,single_accepted_id
helichrysum melanacme,1,1,1,1,1,Helichrysum melanacme,accepted,wfo-0000035694,Helichrysum melanacme,Asteraceae,Helichrysum,species,TRUE,TRUE,TRUE,single_accepted_id
helichrysum mimetes,1,1,1,1,1,Helichrysum mimetes,accepted,wfo-0000096776,Helichrysum mimetes,Asteraceae,Helichrysum,species,TRUE,TRUE,TRUE,single_accepted_id
helichrysum monticola,1,1,1,1,1,Helichrysum monticola,accepted,wfo-0000035013,Helichrysum monticola,Asteraceae,Helichrysum,species,TRUE,TRUE,TRUE,single_accepted_id
helichrysum nudifolium,1,1,1,1,1,Helichrysum nudifolium,accepted,wfo-0000011583,Helichrysum nudifolium,Asteraceae,Helichrysum,species,TRUE,TRUE,TRUE,single_accepted_id
helichrysum platypterum,1,1,1,1,1,Helichrysum platypterum,accepted,wfo-0000019491,Helichrysum platypterum,Asteraceae,Helichrysum,species,TRUE,TRUE,TRUE,single_accepted_id
helichrysum polycladum,1,1,1,1,1,Helichrysum polycladum,accepted,wfo-0000077914,Helichrysum polycladum,Asteraceae,Helichrysum,species,TRUE,TRUE,TRUE,single_accepted_id
helichrysum retortum,1,1,1,1,1,Helichrysum retortum,accepted,wfo-0000000521,Helichrysum retortum,Asteraceae,Helichrysum,species,TRUE,TRUE,TRUE,single_accepted_id
helichrysum revolutum,1,1,1,1,1,Helichrysum revolutum,accepted,wfo-0000028119,Helichrysum revolutum,Asteraceae,Helichrysum,species,TRUE,TRUE,TRUE,single_accepted_id
helichrysum rugulosum,1,1,1,1,1,Helichrysum rugulosum,accepted,wfo-0000062669,Helichrysum rugulosum,Asteraceae,Helichrysum,species,TRUE,TRUE,TRUE,single_accepted_id
helichrysum subglomeratum,1,1,1,1,1,Helichrysum subglomeratum,accepted,wfo-0000000337,Helichrysum subglomeratum,Asteraceae,Helichrysum,species,TRUE,TRUE,TRUE,single_accepted_id
helichrysum sutherlandii,1,1,1,1,1,Helichrysum sutherlandii,accepted,wfo-0000015336,Helichrysum sutherlandii,Asteraceae,Helichrysum,species,TRUE,TRUE,TRUE,single_accepted_id
helichrysum thapsus,2,2,1,1,1,Helichrysum thapsus,accepted | unchecked,wfo-0000026704,Helichrysum thapsus,Asteraceae,Helichrysum,species,TRUE,TRUE,TRUE,single_accepted_id
helichrysum tomentosulum,1,1,1,1,1,Helichrysum tomentosulum,accepted,wfo-0000001339,Helichrysum tomentosulum,Asteraceae,Helichrysum,species,TRUE,TRUE,TRUE,single_accepted_id
helichrysum trilineatum,1,1,1,1,1,Helichrysum trilineatum,accepted,wfo-0000035459,Helichrysum trilineatum,Asteraceae,Helichrysum,species,TRUE,TRUE,TRUE,single_accepted_id
helichrysum umbraculigerum,1,1,1,1,1,Helichrysum umbraculigerum,accepted,wfo-0000018095,Helichrysum umbraculigerum,Asteraceae,Helichrysum,species,TRUE,TRUE,TRUE,single_accepted_id
helichrysum zeyheri,1,1,1,1,1,Helichrysum zeyheri,accepted,wfo-0000059588,Helichrysum zeyheri,Asteraceae,Helichrysum,species,TRUE,TRUE,TRUE,single_accepted_id
helicia cochinchinensis,1,1,1,1,1,Helicia cochinchinensis,accepted,wfo-0001107165,Helicia cochinchinensis,Proteaceae,Helicia,species,TRUE,TRUE,TRUE,single_accepted_id
heliomeris multiflora,1,1,1,1,1,Heliomeris multiflora,accepted,wfo-0000010726,Heliomeris multiflora,Asteraceae,Heliomeris,species,TRUE,TRUE,TRUE,single_accepted_id
heliotropium chenopodiaceum,2,2,1,1,1,Heliotropium chenopodiaceum,accepted | unchecked,wfo-0000718461,Heliotropium chenopodiaceum,Heliotropiaceae,Heliotropium,species,TRUE,TRUE,TRUE,single_accepted_id
heliotropium curassavicum,1,1,1,1,1,Heliotropium curassavicum,accepted,wfo-0000718508,Heliotropium curassavicum,Heliotropiaceae,Heliotropium,species,TRUE,TRUE,TRUE,single_accepted_id
heliotropium glutinosum,1,1,1,1,1,Heliotropium glutinosum,accepted,wfo-0001215159,Heliotropium glutinosum,Heliotropiaceae,Heliotropium,species,TRUE,TRUE,TRUE,single_accepted_id
heliotropium huascoense,1,1,1,1,1,Heliotropium huascoense,synonym,wfo-0001215523,Heliotropium stenophyllum,Heliotropiaceae,Heliotropium,species,TRUE,TRUE,FALSE,single_accepted_id
heliotropium indicum,1,1,1,1,1,Heliotropium indicum,accepted,wfo-0000718658,Heliotropium indicum,Heliotropiaceae,Heliotropium,species,TRUE,TRUE,TRUE,single_accepted_id
heliotropium sarmentosum,1,1,1,1,1,Heliotropium sarmentosum,accepted,wfo-0000718904,Heliotropium sarmentosum,Heliotropiaceae,Heliotropium,species,TRUE,TRUE,TRUE,single_accepted_id
heliotropium sinuatum,1,1,1,1,1,Heliotropium sinuatum,accepted,wfo-0000718932,Heliotropium sinuatum,Heliotropiaceae,Heliotropium,species,TRUE,TRUE,TRUE,single_accepted_id
heliotropium stenophyllum,1,1,1,1,1,Heliotropium stenophyllum,accepted,wfo-0001215523,Heliotropium stenophyllum,Heliotropiaceae,Heliotropium,species,FALSE,FALSE,TRUE,single_accepted_id
heliotropium taltalense,1,1,1,1,1,Heliotropium taltalense,accepted,wfo-0000718974,Heliotropium taltalense,Heliotropiaceae,Heliotropium,species,TRUE,TRUE,TRUE,single_accepted_id
helminthostachys zeylanica,1,1,1,1,1,Helminthostachys zeylanica,accepted,wfo-0001107319,Helminthostachys zeylanica,Ophioglossaceae,Helminthostachys,species,TRUE,TRUE,TRUE,single_accepted_id
henriettea fascicularis,1,1,1,1,1,Henriettea fascicularis,accepted,wfo-0001081064,Henriettea fascicularis,Melastomataceae,Henriettea,species,TRUE,TRUE,TRUE,single_accepted_id
hernandia nymphaeifolia,1,1,1,1,1,Hernandia nymphaeifolia,accepted,wfo-0000720609,Hernandia nymphaeifolia,Hernandiaceae,Hernandia,species,TRUE,TRUE,TRUE,single_accepted_id
herniaria fontanesii,1,1,1,1,1,Herniaria fontanesii,accepted,wfo-0000720671,Herniaria fontanesii,Caryophyllaceae,Herniaria,species,TRUE,TRUE,TRUE,single_accepted_id
heterosperma mexicanum,1,1,1,1,1,Heterosperma mexicanum,accepted,wfo-0001423694,Heterosperma mexicanum,Asteraceae,Heterosperma,species,TRUE,TRUE,TRUE,single_accepted_id
heterotheca,1,1,1,1,1,Heterotheca,accepted,wfo-4000017788,Heterotheca,Asteraceae,Heterotheca,genus,TRUE,TRUE,TRUE,single_accepted_id
heterotheca inuloides,2,2,1,1,1,Heterotheca inuloides,accepted | unchecked,wfo-0000038445,Heterotheca inuloides,Asteraceae,Heterotheca,species,TRUE,TRUE,TRUE,single_accepted_id
hibiscus cannabinus,1,1,1,1,1,Hibiscus cannabinus,accepted,wfo-0000722400,Hibiscus cannabinus,Malvaceae,Hibiscus,species,TRUE,TRUE,TRUE,single_accepted_id
hibiscus mutabilis,1,1,1,1,1,Hibiscus mutabilis,accepted,wfo-0000722828,Hibiscus mutabilis,Malvaceae,Hibiscus,species,TRUE,TRUE,TRUE,single_accepted_id
hibiscus syriacus,1,1,1,1,1,Hibiscus syriacus,accepted,wfo-0000723127,Hibiscus syriacus,Malvaceae,Hibiscus,species,TRUE,TRUE,TRUE,single_accepted_id
hieracium amplexicaule,3,3,1,1,1,Hieracium amplexicaule,accepted | unchecked,wfo-0000117103,Hieracium amplexicaule,Asteraceae,Hieracium,species,TRUE,TRUE,TRUE,single_accepted_id
hijmania angusticornis,1,1,1,1,1,Hijmania angusticornis,accepted,wfo-0001344824,Hijmania angusticornis,Moraceae,Hijmania,species,TRUE,TRUE,TRUE,single_accepted_id
hijmania turbinata,1,1,1,1,1,Hijmania turbinata,accepted,wfo-0001344826,Hijmania turbinata,Moraceae,Hijmania,species,FALSE,FALSE,TRUE,single_accepted_id
hildegardia barteri,1,1,1,1,1,Hildegardia barteri,accepted,wfo-0000723302,Hildegardia barteri,Malvaceae,Hildegardia,species,TRUE,TRUE,TRUE,single_accepted_id
hintonia latiflora,1,1,1,1,1,Hintonia latiflora,accepted,wfo-0000982487,Hintonia latiflora,Rubiaceae,Hintonia,species,TRUE,TRUE,TRUE,single_accepted_id
hippocrepis,1,1,1,1,1,Hippocrepis,accepted,wfo-4000017961,Hippocrepis,Fabaceae,Hippocrepis,genus,TRUE,TRUE,TRUE,single_accepted_id
hippocrepis emerus,1,1,1,1,1,Hippocrepis emerus,accepted,wfo-0000205514,Hippocrepis emerus,Fabaceae,Hippocrepis,species,TRUE,TRUE,TRUE,single_accepted_id
hippophae rhamnoides,1,1,1,1,1,Hippophae rhamnoides,accepted,wfo-0000723743,Hippophae rhamnoides,Elaeagnaceae,Hippophae,species,TRUE,TRUE,TRUE,single_accepted_id
hoffmannseggia intricata,1,1,1,1,1,Hoffmannseggia intricata,accepted,wfo-0000164024,Hoffmannseggia intricata,Fabaceae,Hoffmannseggia,species,TRUE,TRUE,TRUE,single_accepted_id
hofmeisteria,1,1,1,1,1,Hofmeisteria,accepted,wfo-4000018037,Hofmeisteria,Asteraceae,Hofmeisteria,genus,TRUE,TRUE,TRUE,single_accepted_id
hofmeisteria schaffneri,1,1,1,1,1,Hofmeisteria schaffneri,accepted,wfo-0000107781,Hofmeisteria schaffneri,Asteraceae,Hofmeisteria,species,TRUE,TRUE,TRUE,single_accepted_id
holarrhena pubescens,1,1,1,1,1,Holarrhena pubescens,accepted,wfo-0000982782,Holarrhena pubescens,Apocynaceae,Holarrhena,species,TRUE,TRUE,TRUE,single_accepted_id
holocarpha obconica,1,1,1,1,1,Holocarpha obconica,accepted,wfo-0000007927,Holocarpha obconica,Asteraceae,Holocarpha,species,TRUE,TRUE,TRUE,single_accepted_id
hoppea dichotoma,1,1,1,1,1,Hoppea dichotoma,accepted,wfo-0000724692,Hoppea dichotoma,Gentianaceae,Hoppea,species,TRUE,TRUE,TRUE,single_accepted_id
hordeum vulgare,7,7,1,1,1,Hordeum vulgare | Hordeum vulgare prol. angulosum | Hordeum vulgare prol. globosum | Hordeum vulgare prol. glumaceum | Hordeum vulgare prol. lanatum | Hordeum vulgare prol. lublinense | Hordeum vulgare prol. sempolowskyi,accepted | unchecked,wfo-0000875054,Hordeum vulgare,Poaceae,Hordeum,species,TRUE,TRUE,TRUE,single_accepted_id
hosta plantaginea,1,1,1,1,1,Hosta plantaginea,accepted,wfo-0000663320,Hosta plantaginea,Asparagaceae,Hosta,species,FALSE,FALSE,TRUE,single_accepted_id
houttuynia cordata,1,1,1,1,1,Houttuynia cordata,accepted,wfo-0000725055,Houttuynia cordata,Saururaceae,Houttuynia,species,TRUE,TRUE,TRUE,single_accepted_id
hovea parvicalyx,1,1,1,1,1,Hovea parvicalyx,accepted,wfo-0000194949,Hovea parvicalyx,Fabaceae,Hovea,species,TRUE,TRUE,TRUE,single_accepted_id
hovenia dulcis,1,1,1,1,1,Hovenia dulcis,accepted,wfo-0000725083,Hovenia dulcis,Rhamnaceae,Hovenia,species,TRUE,TRUE,TRUE,single_accepted_id
hovenia trichocarpa,1,1,1,1,1,Hovenia trichocarpa,accepted,wfo-0001131358,Hovenia trichocarpa,Rhamnaceae,Hovenia,species,TRUE,TRUE,TRUE,single_accepted_id
huchimingia ichthyochtona,1,1,1,1,1,Huchimingia ichthyochtona,accepted,wfo-1000030199,Huchimingia ichthyochtona,Fabaceae,Huchimingia,species,FALSE,FALSE,TRUE,single_accepted_id
hultholia mimosoides,1,1,1,1,1,Hultholia mimosoides,accepted,wfo-0001346732,Hultholia mimosoides,Fabaceae,Hultholia,species,FALSE,FALSE,TRUE,single_accepted_id
humulus,1,1,1,1,1,Humulus,accepted,wfo-4000018428,Humulus,Cannabaceae,Humulus,genus,TRUE,TRUE,TRUE,single_accepted_id
humulus lupulus,1,1,1,1,1,Humulus lupulus,accepted,wfo-0000725866,Humulus lupulus,Cannabaceae,Humulus,species,TRUE,TRUE,TRUE,single_accepted_id
hyacinthoides hispanica,1,1,1,1,1,Hyacinthoides hispanica,accepted,wfo-0000664208,Hyacinthoides hispanica,Asparagaceae,Hyacinthoides,species,FALSE,FALSE,TRUE,single_accepted_id
hyacinthus orientalis,1,1,1,1,1,Hyacinthus orientalis,accepted,wfo-0000665369,Hyacinthus orientalis,Asparagaceae,Hyacinthus,species,TRUE,TRUE,TRUE,single_accepted_id
hydnophytum formicarum,6,6,1,1,1,Hydnophytum formicarum | Hydnophytum formicarum unranked blumei | Hydnophytum formicarum unranked dubium | Hydnophytum formicarum unranked montanum | Hydnophytum formicarum unranked zollingeri,accepted | synonym,wfo-0000215798,Hydnophytum formicarum,Rubiaceae,Hydnophytum,species,TRUE,TRUE,TRUE,single_accepted_id
hydnora abyssinica,1,1,1,1,1,Hydnora abyssinica,accepted,wfo-0000726153,Hydnora abyssinica,Aristolochiaceae,Hydnora,species,FALSE,FALSE,TRUE,single_accepted_id
hydnora johannis,1,1,1,1,1,Hydnora johannis,synonym,wfo-0000726153,Hydnora abyssinica,Aristolochiaceae,Hydnora,species,TRUE,TRUE,FALSE,single_accepted_id
hydrangea macrophylla,1,1,1,1,1,Hydrangea macrophylla,accepted,wfo-0000726228,Hydrangea macrophylla,Hydrangeaceae,Hydrangea,species,TRUE,TRUE,TRUE,single_accepted_id
hylocereus undatus,1,1,1,1,1,Hylocereus undatus,synonym,wfo-0001434109,Selenicereus undatus,Cactaceae,Selenicereus,species,TRUE,TRUE,FALSE,single_accepted_id
hylodesmum podocarpum,1,1,1,1,1,Hylodesmum podocarpum,accepted,wfo-0000205445,Hylodesmum podocarpum,Fabaceae,Hylodesmum,species,TRUE,TRUE,TRUE,single_accepted_id
hymenaea martiana,1,1,1,1,1,Hymenaea martiana,accepted,wfo-0000173638,Hymenaea martiana,Fabaceae,Hymenaea,species,TRUE,TRUE,TRUE,single_accepted_id
hymenaea oblongifolia,1,1,1,1,1,Hymenaea oblongifolia,accepted,wfo-0000165122,Hymenaea oblongifolia,Fabaceae,Hymenaea,species,TRUE,TRUE,TRUE,single_accepted_id
hymenaea parvifolia,1,1,1,1,1,Hymenaea parvifolia,accepted,wfo-0000165123,Hymenaea parvifolia,Fabaceae,Hymenaea,species,TRUE,TRUE,TRUE,single_accepted_id
hymenaea verrucosa,1,1,1,1,1,Hymenaea verrucosa,accepted,wfo-0000168651,Hymenaea verrucosa,Fabaceae,Hymenaea,species,TRUE,TRUE,TRUE,single_accepted_id
hymenocallis littoralis,1,1,1,1,1,Hymenocallis littoralis,accepted,wfo-0000667199,Hymenocallis littoralis,Amaryllidaceae,Hymenocallis,species,TRUE,TRUE,TRUE,single_accepted_id
hymenoxys turneri,1,1,1,1,1,Hymenoxys turneri,synonym,wfo-0000029175,Tetraneuris turneri,Asteraceae,Tetraneuris,species,TRUE,TRUE,FALSE,single_accepted_id
hyparrhenia dichroa,1,1,1,1,1,Hyparrhenia dichroa,accepted,wfo-0000875228,Hyparrhenia dichroa,Poaceae,Hyparrhenia,species,FALSE,FALSE,TRUE,single_accepted_id
hypenia salzmannii,1,1,1,1,1,Hypenia salzmannii,accepted,wfo-0000216208,Hypenia salzmannii,Lamiaceae,Hypenia,species,TRUE,TRUE,TRUE,single_accepted_id
hypericum androsaemum,1,1,1,1,1,Hypericum androsaemum,accepted,wfo-0000727341,Hypericum androsaemum,Hypericaceae,Hypericum,species,TRUE,TRUE,TRUE,single_accepted_id
hypericum aucheri,1,1,1,1,1,Hypericum aucheri,accepted,wfo-0000727382,Hypericum aucheri,Hypericaceae,Hypericum,species,TRUE,TRUE,TRUE,single_accepted_id
hypericum caprifolium,1,1,1,1,1,Hypericum caprifolium,accepted,wfo-0000727454,Hypericum caprifolium,Hypericaceae,Hypericum,species,FALSE,FALSE,TRUE,single_accepted_id
hypericum erectum f. vaniotii,1,1,1,1,1,Hypericum erectum f. vaniotii,accepted,wfo-0000748341,Hypericum erectum f. vaniotii,Hypericaceae,Hypericum,form,FALSE,FALSE,TRUE,single_accepted_id
hypericum fauriei,1,1,1,1,1,Hypericum fauriei,accepted,wfo-0001296235,Hypericum fauriei,Hypericaceae,Hypericum,species,FALSE,FALSE,TRUE,single_accepted_id
hypericum geminiflorum,1,1,1,1,1,Hypericum geminiflorum,accepted,wfo-0000727669,Hypericum geminiflorum,Hypericaceae,Hypericum,species,TRUE,TRUE,TRUE,single_accepted_id
hypericum grandifolium,1,1,1,1,1,Hypericum grandifolium,accepted,wfo-0000727692,Hypericum grandifolium,Hypericaceae,Hypericum,species,FALSE,FALSE,TRUE,single_accepted_id
hypericum hircinum,1,1,1,1,1,Hypericum hircinum,accepted,wfo-0000727735,Hypericum hircinum,Hypericaceae,Hypericum,species,TRUE,TRUE,TRUE,single_accepted_id
hypericum japonicum,1,1,1,1,1,Hypericum japonicum,accepted,wfo-0000727778,Hypericum japonicum,Hypericaceae,Hypericum,species,TRUE,TRUE,TRUE,single_accepted_id
hypericum maculatum subsp. obtusiusculum,1,1,1,1,1,Hypericum maculatum subsp. obtusiusculum,accepted,wfo-0000727921,Hypericum maculatum subsp. obtusiusculum,Hypericaceae,Hypericum,subspecies,FALSE,FALSE,TRUE,single_accepted_id
hypericum monogynum,1,1,1,1,1,Hypericum monogynum,accepted,wfo-0000727973,Hypericum monogynum,Hypericaceae,Hypericum,species,TRUE,TRUE,TRUE,single_accepted_id
hypericum montbretii,1,1,1,1,1,Hypericum montbretii,accepted,wfo-0000727975,Hypericum montbretii,Hypericaceae,Hypericum,species,TRUE,TRUE,TRUE,single_accepted_id
hypericum patulum,1,1,1,1,1,Hypericum patulum,accepted,wfo-0000728083,Hypericum patulum,Hypericaceae,Hypericum,species,TRUE,TRUE,TRUE,single_accepted_id
hypericum perforatum,1,1,1,1,1,Hypericum perforatum,accepted,wfo-0000728093,Hypericum perforatum,Hypericaceae,Hypericum,species,TRUE,TRUE,TRUE,single_accepted_id
hypericum punctatum,1,1,1,1,1,Hypericum punctatum,accepted,wfo-0000728173,Hypericum punctatum,Hypericaceae,Hypericum,species,FALSE,FALSE,TRUE,single_accepted_id
hypericum scabrum,2,2,1,1,1,Hypericum scabrum | Hypericum scabrum lus. citrinum,accepted | synonym,wfo-0000728279,Hypericum scabrum,Hypericaceae,Hypericum,species,TRUE,TRUE,TRUE,single_accepted_id
hypericum triquetrifolium,1,1,1,1,1,Hypericum triquetrifolium,accepted,wfo-0000728420,Hypericum triquetrifolium,Hypericaceae,Hypericum,species,TRUE,TRUE,TRUE,single_accepted_id
hyphear kaoi,1,1,1,1,1,Hyphear kaoi,synonym,wfo-0001224442,Loranthus kaoi,Loranthaceae,Loranthus,species,TRUE,TRUE,FALSE,single_accepted_id
hypnum cupressiforme,1,1,1,1,1,Hypnum cupressiforme,accepted,wfo-0001148980,Hypnum cupressiforme,Hypnaceae,Hypnum,species,TRUE,TRUE,TRUE,single_accepted_id
hypoestes forskaolii,1,1,1,1,1,Hypoestes forskaolii,accepted,wfo-1000051269,Hypoestes forskaolii,Acanthaceae,Hypoestes,species,FALSE,FALSE,TRUE,single_accepted_id
hyssopus officinalis subsp. aristatus,1,1,1,1,1,Hyssopus officinalis subsp. aristatus,accepted,wfo-0000217208,Hyssopus officinalis subsp. aristatus,Lamiaceae,Hyssopus,subspecies,FALSE,FALSE,TRUE,single_accepted_id
hyssopus officinalis subsp. canescens,1,1,1,1,1,Hyssopus officinalis subsp. canescens,accepted,wfo-0000217210,Hyssopus officinalis subsp. canescens,Lamiaceae,Hyssopus,subspecies,FALSE,FALSE,TRUE,single_accepted_id
hyssopus officinalis subsp. montanus,1,1,1,1,1,Hyssopus officinalis subsp. montanus,accepted,wfo-0000217215,Hyssopus officinalis subsp. montanus,Lamiaceae,Hyssopus,subspecies,FALSE,FALSE,TRUE,single_accepted_id
hyssopus officinalis subsp. officinalis,1,1,1,1,1,Hyssopus officinalis subsp. officinalis,accepted,wfo-0000217216,Hyssopus officinalis subsp. officinalis,Lamiaceae,Hyssopus,subspecies,FALSE,FALSE,TRUE,single_accepted_id
ichthyothere terminalis,2,2,1,1,1,Ichthyothere terminalis,accepted | synonym,wfo-0000053347,Ichthyothere terminalis,Asteraceae,Ichthyothere,species,TRUE,TRUE,TRUE,single_accepted_id
ilex centrochinensis,1,1,1,1,1,Ilex centrochinensis,accepted,wfo-0001219486,Ilex centrochinensis,Aquifoliaceae,Ilex,species,TRUE,TRUE,TRUE,single_accepted_id
ilex hainanensis,1,1,1,1,1,Ilex hainanensis,accepted,wfo-0001078611,Ilex hainanensis,Aquifoliaceae,Ilex,species,TRUE,TRUE,TRUE,single_accepted_id
illicium anisatum,2,2,1,1,1,Illicium anisatum,accepted | unchecked,wfo-1000047335,Illicium anisatum,Schisandraceae,Illicium,species,TRUE,TRUE,TRUE,single_accepted_id
illicium difengpi,1,1,1,1,1,Illicium difengpi,accepted,wfo-0000730081,Illicium difengpi,Schisandraceae,Illicium,species,TRUE,TRUE,TRUE,single_accepted_id
illicium verum,1,1,1,1,1,Illicium verum,accepted,wfo-0000730107,Illicium verum,Schisandraceae,Illicium,species,TRUE,TRUE,TRUE,single_accepted_id
imbralyx leucanthus,1,1,1,1,1,Imbralyx leucanthus,accepted,wfo-1000002933,Imbralyx leucanthus,Fabaceae,Imbralyx,species,FALSE,FALSE,TRUE,single_accepted_id
imbralyx leucanthus var. leucanthus,1,1,1,1,1,Imbralyx leucanthus var. leucanthus,accepted,wfo-1200002228,Imbralyx leucanthus var. leucanthus,Fabaceae,Imbralyx,variety,FALSE,FALSE,TRUE,single_accepted_id
impatiens balsamina,1,1,1,1,1,Impatiens balsamina,accepted,wfo-0000730261,Impatiens balsamina,Balsaminaceae,Impatiens,species,TRUE,TRUE,TRUE,single_accepted_id
imperata cylindrica,1,1,1,1,1,Imperata cylindrica,accepted,wfo-0000875631,Imperata cylindrica,Poaceae,Imperata,species,TRUE,TRUE,TRUE,single_accepted_id
indigofera aspalathoides,1,1,1,1,1,Indigofera aspalathoides,accepted,wfo-0000205129,Indigofera aspalathoides,Fabaceae,Indigofera,species,TRUE,TRUE,TRUE,single_accepted_id
indigofera tinctoria var. tinctoria,1,1,1,1,1,Indigofera tinctoria var. tinctoria,accepted,wfo-0001061583,Indigofera tinctoria var. tinctoria,Fabaceae,Indigofera,variety,FALSE,FALSE,TRUE,single_accepted_id
inga umbellifera,2,2,1,1,1,Inga umbellifera,accepted | unchecked,wfo-0001053728,Inga umbellifera,Fabaceae,Inga,species,TRUE,TRUE,TRUE,single_accepted_id
intsia bijuga,1,1,1,1,1,Intsia bijuga,accepted,wfo-0000168901,Intsia bijuga,Fabaceae,Intsia,species,TRUE,TRUE,TRUE,single_accepted_id
inula grandis,1,1,1,1,1,Inula grandis,accepted,wfo-0000126359,Inula grandis,Asteraceae,Inula,species,FALSE,FALSE,TRUE,single_accepted_id
inula paniculata,1,1,1,1,1,Inula paniculata,accepted,wfo-0000068893,Inula paniculata,Asteraceae,Inula,species,FALSE,FALSE,TRUE,single_accepted_id
inula salsoloides,1,1,1,1,1,Inula salsoloides,accepted,wfo-0000137181,Inula salsoloides,Asteraceae,Inula,species,TRUE,TRUE,TRUE,single_accepted_id
inulanthera dregeana,1,1,1,1,1,Inulanthera dregeana,accepted,wfo-0000081802,Inulanthera dregeana,Asteraceae,Inulanthera,species,TRUE,TRUE,TRUE,single_accepted_id
ipomoea nil,1,1,1,1,1,Ipomoea nil,accepted,wfo-0000747940,Ipomoea nil,Convolvulaceae,Ipomoea,species,TRUE,TRUE,TRUE,single_accepted_id
ipomoea purpurea,1,1,1,1,1,Ipomoea purpurea,accepted,wfo-0001296676,Ipomoea purpurea,Convolvulaceae,Ipomoea,species,TRUE,TRUE,TRUE,single_accepted_id
ipomoea tricolor,1,1,1,1,1,Ipomoea tricolor,accepted,wfo-0001297050,Ipomoea tricolor,Convolvulaceae,Ipomoea,species,TRUE,TRUE,TRUE,single_accepted_id
iresine angustifolia,1,1,1,1,1,Iresine angustifolia,accepted,wfo-0000732125,Iresine angustifolia,Amaranthaceae,Iresine,species,TRUE,TRUE,TRUE,single_accepted_id
iresine diffusa,1,1,1,1,1,Iresine diffusa,accepted,wfo-0000732153,Iresine diffusa,Amaranthaceae,Iresine,species,TRUE,TRUE,TRUE,single_accepted_id
iris *,1,1,1,1,1,Iris × germanica,accepted,wfo-0000783371,Iris × germanica,Iridaceae,Iris,species,FALSE,FALSE,TRUE,single_accepted_id
iris bungei,1,1,1,1,1,Iris bungei,accepted,wfo-0000783170,Iris bungei,Iridaceae,Iris,species,TRUE,TRUE,TRUE,single_accepted_id
iris cengialti,2,2,1,1,1,Iris cengialti,synonym | unchecked,wfo-0000790595,Iris pallida subsp. cengialti,Iridaceae,Iris,subspecies,TRUE,TRUE,FALSE,single_accepted_id
iris crocea,1,1,1,1,1,Iris crocea,accepted,wfo-0000783242,Iris crocea,Iridaceae,Iris,species,TRUE,TRUE,TRUE,single_accepted_id
iris decora,1,1,1,1,1,Iris decora,accepted,wfo-0000783257,Iris decora,Iridaceae,Iris,species,TRUE,TRUE,TRUE,single_accepted_id
iris domestica,1,1,1,1,1,Iris domestica,accepted,wfo-0000796076,Iris domestica,Iridaceae,Iris,species,TRUE,TRUE,TRUE,single_accepted_id
iris foetidissima,1,1,1,1,1,Iris foetidissima,accepted,wfo-0000783342,Iris foetidissima,Iridaceae,Iris,species,TRUE,TRUE,TRUE,single_accepted_id
iris germanica,1,1,1,1,1,Iris germanica unranked variegata,synonym,wfo-0000783371,Iris × germanica,Iridaceae,Iris,species,FALSE,TRUE,FALSE,single_accepted_id
iris halophila,1,1,1,1,1,Iris halophila,accepted,wfo-0000783416,Iris halophila,Iridaceae,Iris,species,FALSE,FALSE,TRUE,single_accepted_id
iris hookeriana,1,1,1,1,1,Iris hookeriana,accepted,wfo-0000783453,Iris hookeriana,Iridaceae,Iris,species,TRUE,TRUE,TRUE,single_accepted_id
iris japonica,1,1,1,1,1,Iris japonica,accepted,wfo-0000783488,Iris japonica,Iridaceae,Iris,species,TRUE,TRUE,TRUE,single_accepted_id
iris kashmiriana,1,1,1,1,1,Iris kashmiriana,accepted,wfo-0000783501,Iris kashmiriana,Iridaceae,Iris,species,TRUE,TRUE,TRUE,single_accepted_id
iris kemaonensis,1,1,1,1,1,Iris kemaonensis,accepted,wfo-0000783503,Iris kemaonensis,Iridaceae,Iris,species,TRUE,TRUE,TRUE,single_accepted_id
iris leptophylla,1,1,1,1,1,Iris leptophylla,accepted,wfo-0000783540,Iris leptophylla,Iridaceae,Iris,species,TRUE,TRUE,TRUE,single_accepted_id
iris milesii,1,1,1,1,1,Iris milesii,accepted,wfo-0000783626,Iris milesii,Iridaceae,Iris,species,TRUE,TRUE,TRUE,single_accepted_id
iris missouriensis,1,1,1,1,1,Iris missouriensis,accepted,wfo-0000783633,Iris missouriensis,Iridaceae,Iris,species,TRUE,TRUE,TRUE,single_accepted_id
iris nigricans,1,1,1,1,1,Iris nigricans,accepted,wfo-0000783669,Iris nigricans,Iridaceae,Iris,species,TRUE,TRUE,TRUE,single_accepted_id
iris pallida subsp. cengialti,1,1,1,1,1,Iris pallida subsp. cengialti,accepted,wfo-0000790595,Iris pallida subsp. cengialti,Iridaceae,Iris,subspecies,FALSE,FALSE,TRUE,single_accepted_id
iris potaninii,1,1,1,1,1,Iris potaninii,accepted,wfo-0000783741,Iris potaninii,Iridaceae,Iris,species,TRUE,TRUE,TRUE,single_accepted_id
iris pseudacorus,1,1,1,1,1,Iris pseudacorus,accepted,wfo-0000783754,Iris pseudacorus,Iridaceae,Iris,species,TRUE,TRUE,TRUE,single_accepted_id
iris pseudopumila,1,1,1,1,1,Iris pseudopumila,accepted,wfo-0000783760,Iris pseudopumila,Iridaceae,Iris,species,TRUE,TRUE,TRUE,single_accepted_id
iris sibirica,1,1,1,1,1,Iris sibirica,accepted,wfo-0000783854,Iris sibirica,Iridaceae,Iris,species,TRUE,TRUE,TRUE,single_accepted_id
iris songarica,1,1,1,1,1,Iris songarica,accepted,wfo-0000783871,Iris songarica,Iridaceae,Iris,species,TRUE,TRUE,TRUE,single_accepted_id
iris spuria,1,1,1,1,1,Iris spuria,accepted,wfo-0000783889,Iris spuria,Iridaceae,Iris,species,TRUE,TRUE,TRUE,single_accepted_id
iris susiana,1,1,1,1,1,Iris susiana,accepted,wfo-0000783925,Iris susiana,Iridaceae,Iris,species,TRUE,TRUE,TRUE,single_accepted_id
iris tectorum,1,1,1,1,1,Iris tectorum,accepted,wfo-0000783940,Iris tectorum,Iridaceae,Iris,species,TRUE,TRUE,TRUE,single_accepted_id
iris tenuifolia,1,1,1,1,1,Iris tenuifolia,accepted,wfo-0000783952,Iris tenuifolia,Iridaceae,Iris,species,TRUE,TRUE,TRUE,single_accepted_id
iris tingitana,1,1,1,1,1,Iris tingitana,accepted,wfo-0000783967,Iris tingitana,Iridaceae,Iris,species,TRUE,TRUE,TRUE,single_accepted_id
iris unguicularis,1,1,1,1,1,Iris unguicularis,accepted,wfo-0000783994,Iris unguicularis,Iridaceae,Iris,species,TRUE,TRUE,TRUE,single_accepted_id
iryanthera coriacea,1,1,1,1,1,Iryanthera coriacea,accepted,wfo-0001085227,Iryanthera coriacea,Myristicaceae,Iryanthera,species,TRUE,TRUE,TRUE,single_accepted_id
iryanthera elliptica,1,1,1,1,1,Iryanthera elliptica,accepted,wfo-0000732327,Iryanthera elliptica,Myristicaceae,Iryanthera,species,TRUE,TRUE,TRUE,single_accepted_id
iryanthera grandis,1,1,1,1,1,Iryanthera grandis,accepted,wfo-0001085222,Iryanthera grandis,Myristicaceae,Iryanthera,species,TRUE,TRUE,TRUE,single_accepted_id
iryanthera hostmannii,1,1,1,1,1,Iryanthera hostmannii,accepted,wfo-0000732329,Iryanthera hostmannii,Myristicaceae,Iryanthera,species,FALSE,FALSE,TRUE,single_accepted_id
iryanthera juruensis,1,1,1,1,1,Iryanthera juruensis,accepted,wfo-0000732330,Iryanthera juruensis,Myristicaceae,Iryanthera,species,TRUE,TRUE,TRUE,single_accepted_id
iryanthera laevis,1,1,1,1,1,Iryanthera laevis,accepted,wfo-0000732332,Iryanthera laevis,Myristicaceae,Iryanthera,species,TRUE,TRUE,TRUE,single_accepted_id
iryanthera lancifolia,1,1,1,1,1,Iryanthera lancifolia,accepted,wfo-0000732333,Iryanthera lancifolia,Myristicaceae,Iryanthera,species,TRUE,TRUE,TRUE,single_accepted_id
iryanthera megistophylla,1,1,1,1,1,Iryanthera megistophylla,accepted,wfo-0000732338,Iryanthera megistophylla,Myristicaceae,Iryanthera,species,TRUE,TRUE,TRUE,single_accepted_id
iryanthera paraensis,1,1,1,1,1,Iryanthera paraensis,accepted,wfo-0000732342,Iryanthera paraensis,Myristicaceae,Iryanthera,species,TRUE,TRUE,TRUE,single_accepted_id
iryanthera polyneura,1,1,1,1,1,Iryanthera polyneura,accepted,wfo-0001085223,Iryanthera polyneura,Myristicaceae,Iryanthera,species,TRUE,TRUE,TRUE,single_accepted_id
iryanthera sagotiana,1,1,1,1,1,Iryanthera sagotiana,accepted,wfo-0001085166,Iryanthera sagotiana,Myristicaceae,Iryanthera,species,TRUE,TRUE,TRUE,single_accepted_id
iryanthera ulei,1,1,1,1,1,Iryanthera ulei,synonym,wfo-0000732329,Iryanthera hostmannii,Myristicaceae,Iryanthera,species,TRUE,TRUE,FALSE,single_accepted_id
isatis tinctoria,1,1,1,1,1,Isatis tinctoria,accepted,wfo-0000732433,Isatis tinctoria,Brassicaceae,Isatis,species,TRUE,TRUE,TRUE,single_accepted_id
isocoma coronopifolia,1,1,1,1,1,Isocoma coronopifolia,accepted,wfo-0000126309,Isocoma coronopifolia,Asteraceae,Isocoma,species,TRUE,TRUE,TRUE,single_accepted_id
isodon,1,1,1,1,1,Isodon,accepted,wfo-4000019270,Isodon,Lamiaceae,Isodon,genus,TRUE,TRUE,TRUE,single_accepted_id
isodon japonicus,1,1,1,1,1,Isodon japonicus,accepted,wfo-0000217877,Isodon japonicus,Lamiaceae,Isodon,species,TRUE,TRUE,TRUE,single_accepted_id
isodon oresbius,1,1,1,1,1,Isodon oresbius,accepted,wfo-0000217929,Isodon oresbius,Lamiaceae,Isodon,species,TRUE,TRUE,TRUE,single_accepted_id
isodon sculponeatus,1,1,1,1,1,Isodon sculponeatus,accepted,wfo-0000217962,Isodon sculponeatus,Lamiaceae,Isodon,species,TRUE,TRUE,TRUE,single_accepted_id
isodon trichocarpus,1,1,1,1,1,Isodon trichocarpus,accepted,wfo-0000217986,Isodon trichocarpus,Lamiaceae,Isodon,species,TRUE,TRUE,TRUE,single_accepted_id
isolepis bicolor,1,1,1,1,1,Isolepis bicolor,accepted,wfo-0000448180,Isolepis bicolor,Cyperaceae,Isolepis,species,FALSE,FALSE,TRUE,single_accepted_id
isolepis cernua,1,1,1,1,1,Isolepis cernua,accepted,wfo-0000448337,Isolepis cernua,Cyperaceae,Isolepis,species,TRUE,TRUE,TRUE,single_accepted_id
isolepis cernua var. cernua,1,1,1,1,1,Isolepis cernua var. cernua,accepted,wfo-0000448360,Isolepis cernua var. cernua,Cyperaceae,Isolepis,variety,FALSE,FALSE,TRUE,single_accepted_id
isolepis distigmatosa,1,1,1,1,1,Isolepis distigmatosa,accepted,wfo-0000448648,Isolepis distigmatosa,Cyperaceae,Isolepis,species,FALSE,FALSE,TRUE,single_accepted_id
isolepis inundata,1,1,1,1,1,Isolepis inundata,accepted,wfo-0000449223,Isolepis inundata,Cyperaceae,Isolepis,species,TRUE,TRUE,TRUE,single_accepted_id
isolepis nigricans,1,1,1,1,1,Isolepis nigricans,accepted,wfo-0000449672,Isolepis nigricans,Cyperaceae,Isolepis,species,TRUE,TRUE,TRUE,single_accepted_id
iva frutescens,1,1,1,1,1,Iva frutescens,accepted,wfo-0000044620,Iva frutescens,Asteraceae,Iva,species,TRUE,TRUE,TRUE,single_accepted_id
ixora chinensis,1,1,1,1,1,Ixora chinensis,accepted,wfo-0000218302,Ixora chinensis,Rubiaceae,Ixora,species,FALSE,FALSE,TRUE,single_accepted_id
jamesia americana,1,1,1,1,1,Jamesia americana,accepted,wfo-0001135533,Jamesia americana,Hydrangeaceae,Jamesia,species,TRUE,TRUE,TRUE,single_accepted_id
joannesia princeps,1,1,1,1,1,Joannesia princeps,accepted,wfo-0000220129,Joannesia princeps,Euphorbiaceae,Joannesia,species,TRUE,TRUE,TRUE,single_accepted_id
juglans mandshurica,1,1,1,1,1,Juglans mandshurica,accepted,wfo-0001067447,Juglans mandshurica,Juglandaceae,Juglans,species,TRUE,TRUE,TRUE,single_accepted_id
juglans regia,8,8,1,1,1,Juglans regia | Juglans regia lus. heterophylla | Juglans regia lus. laciniata | Juglans regia unranked asplenifolia | Juglans regia unranked gibbosa | Juglans regia unranked heterophylla | Juglans regia unranked laciniata | Juglans regia unranked pendula,accepted | synonym | unchecked,wfo-0000355051,Juglans regia,Juglandaceae,Juglans,species,TRUE,TRUE,TRUE,single_accepted_id
juglans sigillata,1,1,1,1,1,Juglans sigillata,accepted,wfo-0001067481,Juglans sigillata,Juglandaceae,Juglans,species,TRUE,TRUE,TRUE,single_accepted_id
juniperus,1,1,1,1,1,Juniperus,accepted,wfo-4000019723,Juniperus,Cupressaceae,Juniperus,genus,TRUE,TRUE,TRUE,single_accepted_id
juniperus excelsa subsp. polycarpos,1,1,1,1,1,Juniperus excelsa subsp. polycarpos,accepted,wfo-0000355503,Juniperus excelsa subsp. polycarpos,Cupressaceae,Juniperus,subspecies,FALSE,FALSE,TRUE,single_accepted_id
juniperus foetidissima,1,1,1,1,1,Juniperus foetidissima,accepted,wfo-0000355516,Juniperus foetidissima,Cupressaceae,Juniperus,species,FALSE,FALSE,TRUE,single_accepted_id
juniperus pseudosabina,1,1,1,1,1,Juniperus pseudosabina,accepted,wfo-0000355734,Juniperus pseudosabina,Cupressaceae,Juniperus,species,FALSE,FALSE,TRUE,single_accepted_id
juniperus rigida,1,1,1,1,1,Juniperus rigida,accepted,wfo-0000354956,Juniperus rigida,Cupressaceae,Juniperus,species,FALSE,FALSE,TRUE,single_accepted_id
juniperus scopulorum,1,1,1,1,1,Juniperus scopulorum,accepted,wfo-0000354991,Juniperus scopulorum,Cupressaceae,Juniperus,species,FALSE,FALSE,TRUE,single_accepted_id
juniperus semiglobosa,1,1,1,1,1,Juniperus semiglobosa,accepted,wfo-0000354992,Juniperus semiglobosa,Cupressaceae,Juniperus,species,FALSE,FALSE,TRUE,single_accepted_id
juniperus virginiana,1,1,1,1,1,Juniperus virginiana,accepted,wfo-0000354923,Juniperus virginiana,Cupressaceae,Juniperus,species,TRUE,TRUE,TRUE,single_accepted_id
justicia salviiflora,1,1,1,1,1,Justicia salviiflora,accepted,wfo-0000354046,Justicia salviiflora,Acanthaceae,Justicia,species,FALSE,FALSE,TRUE,single_accepted_id
kadsura heteroclita,1,1,1,1,1,Kadsura heteroclita,accepted,wfo-0000357309,Kadsura heteroclita,Schisandraceae,Kadsura,species,TRUE,TRUE,TRUE,single_accepted_id
kaempferia angustifolia,2,2,1,1,1,Kaempferia angustifolia,accepted | synonym,wfo-0000451523,Kaempferia angustifolia,Zingiberaceae,Kaempferia,species,TRUE,TRUE,TRUE,single_accepted_id
kaempferia parviflora,1,1,1,1,1,Kaempferia parviflora,accepted,wfo-0000451985,Kaempferia parviflora,Zingiberaceae,Kaempferia,species,TRUE,TRUE,TRUE,single_accepted_id
kalmia angustifolia,1,1,1,1,1,Kalmia angustifolia,accepted,wfo-0000356149,Kalmia angustifolia,Ericaceae,Kalmia,species,TRUE,TRUE,TRUE,single_accepted_id
kalmia latifolia,1,1,1,1,1,Kalmia latifolia,accepted,wfo-0000356132,Kalmia latifolia,Ericaceae,Kalmia,species,TRUE,TRUE,TRUE,single_accepted_id
kalmia polifolia,1,1,1,1,1,Kalmia polifolia,accepted,wfo-0000356138,Kalmia polifolia,Ericaceae,Kalmia,species,TRUE,TRUE,TRUE,single_accepted_id
kalmia procumbens,1,1,1,1,1,Kalmia procumbens,accepted,wfo-0001280881,Kalmia procumbens,Ericaceae,Kalmia,species,TRUE,TRUE,TRUE,single_accepted_id
kandelia candel,1,1,1,1,1,Kandelia candel,accepted,wfo-0001131563,Kandelia candel,Rhizophoraceae,Kandelia,species,TRUE,TRUE,TRUE,single_accepted_id
kartalinia acaulis,1,1,1,1,1,Kartalinia acaulis,accepted,wfo-0001443883,Kartalinia acaulis,Fabaceae,Kartalinia,species,FALSE,FALSE,TRUE,single_accepted_id
khaya grandifoliola,2,2,1,1,1,Khaya grandifoliola,accepted | unchecked,wfo-0000357001,Khaya grandifoliola,Meliaceae,Khaya,species,TRUE,TRUE,TRUE,single_accepted_id
knema austrosiamensis,1,1,1,1,1,Knema austrosiamensis,accepted,wfo-0000356938,Knema austrosiamensis,Myristicaceae,Knema,species,TRUE,TRUE,TRUE,single_accepted_id
knema furfuracea,1,1,1,1,1,Knema furfuracea,accepted,wfo-0001085240,Knema furfuracea,Myristicaceae,Knema,species,TRUE,TRUE,TRUE,single_accepted_id
knema glomerata,1,1,1,1,1,Knema glomerata,accepted,wfo-0001262709,Knema glomerata,Myristicaceae,Knema,species,TRUE,TRUE,TRUE,single_accepted_id
kochia scoparia,1,1,1,1,1,Kochia scoparia,synonym,wfo-0000561206,Bassia scoparia,Amaranthaceae,Bassia,species,TRUE,TRUE,FALSE,single_accepted_id
koelreuteria paniculata,1,1,1,1,1,Koelreuteria paniculata,accepted,wfo-0000357203,Koelreuteria paniculata,Sapindaceae,Koelreuteria,species,TRUE,TRUE,TRUE,single_accepted_id
koompassia malaccensis,1,1,1,1,1,Koompassia malaccensis,accepted,wfo-0000193202,Koompassia malaccensis,Fabaceae,Koompassia,species,TRUE,TRUE,TRUE,single_accepted_id
kopsia dasyrachis,1,1,1,1,1,Kopsia dasyrachis,accepted,wfo-0000221358,Kopsia dasyrachis,Apocynaceae,Kopsia,species,TRUE,TRUE,TRUE,single_accepted_id
krameria bicolor,1,1,1,1,1,Krameria bicolor,accepted,wfo-0001069509,Krameria bicolor,Krameriaceae,Krameria,species,TRUE,TRUE,TRUE,single_accepted_id
krameria cytisoides,1,1,1,1,1,Krameria cytisoides,accepted,wfo-0001069512,Krameria cytisoides,Krameriaceae,Krameria,species,TRUE,TRUE,TRUE,single_accepted_id
krameria erecta,1,1,1,1,1,Krameria erecta,accepted,wfo-0001069516,Krameria erecta,Krameriaceae,Krameria,species,TRUE,TRUE,TRUE,single_accepted_id
krameria grayi,1,1,1,1,1,Krameria grayi,synonym,wfo-0001069509,Krameria bicolor,Krameriaceae,Krameria,species,TRUE,TRUE,FALSE,single_accepted_id
krameria ixine,1,1,1,1,1,Krameria ixine,accepted,wfo-0000357679,Krameria ixine,Krameriaceae,Krameria,species,FALSE,FALSE,TRUE,single_accepted_id
krameria lappacea,1,1,1,1,1,Krameria lappacea,accepted,wfo-0001069555,Krameria lappacea,Krameriaceae,Krameria,species,TRUE,TRUE,TRUE,single_accepted_id
krameria paucifolia,1,1,1,1,1,Krameria paucifolia,accepted,wfo-0001069532,Krameria paucifolia,Krameriaceae,Krameria,species,TRUE,TRUE,TRUE,single_accepted_id
krameria ramosissima,1,1,1,1,1,Krameria ramosissima,accepted,wfo-0001069535,Krameria ramosissima,Krameriaceae,Krameria,species,TRUE,TRUE,TRUE,single_accepted_id
krameria sonorae,1,1,1,1,1,Krameria sonorae,synonym,wfo-0001069509,Krameria bicolor,Krameriaceae,Krameria,species,TRUE,TRUE,FALSE,single_accepted_id
krameria tomentosa,1,1,1,1,1,Krameria tomentosa,accepted,wfo-0001069540,Krameria tomentosa,Krameriaceae,Krameria,species,TRUE,TRUE,TRUE,single_accepted_id
kummerowia stipulacea,1,1,1,1,1,Kummerowia stipulacea,accepted,wfo-0000192126,Kummerowia stipulacea,Fabaceae,Kummerowia,species,TRUE,TRUE,TRUE,single_accepted_id
kunzea ambigua,1,1,1,1,1,Kunzea ambigua,accepted,wfo-0000221558,Kunzea ambigua,Myrtaceae,Kunzea,species,TRUE,TRUE,TRUE,single_accepted_id
kunzea baxteri,1,1,1,1,1,Kunzea baxteri,accepted,wfo-0000221559,Kunzea baxteri,Myrtaceae,Kunzea,species,TRUE,TRUE,TRUE,single_accepted_id
kydia glabrescens,1,1,1,1,1,Kydia glabrescens,accepted,wfo-0001078160,Kydia glabrescens,Malvaceae,Kydia,species,TRUE,TRUE,TRUE,single_accepted_id
lablab purpureus,1,1,1,1,1,Lablab purpureus,accepted,wfo-0000181603,Lablab purpureus,Fabaceae,Lablab,species,TRUE,TRUE,TRUE,single_accepted_id
laburnum alpinum,2,2,1,1,1,Laburnum alpinum,accepted | unchecked,wfo-0000213799,Laburnum alpinum,Fabaceae,Laburnum,species,TRUE,TRUE,TRUE,single_accepted_id
lachenalia punctata,1,1,1,1,1,Lachenalia punctata,accepted,wfo-0000686005,Lachenalia punctata,Asparagaceae,Lachenalia,species,TRUE,TRUE,TRUE,single_accepted_id
lactuca sativa,1,1,1,1,1,Lactuca sativa,accepted,wfo-0000128816,Lactuca sativa,Asteraceae,Lactuca,species,TRUE,TRUE,TRUE,single_accepted_id
laennecia filaginoides,1,1,1,1,1,Laennecia filaginoides,accepted,wfo-0000026913,Laennecia filaginoides,Asteraceae,Laennecia,species,TRUE,TRUE,TRUE,single_accepted_id
laggera crispata,1,1,1,1,1,Laggera crispata,accepted,wfo-0000093042,Laggera crispata,Asteraceae,Laggera,species,TRUE,TRUE,TRUE,single_accepted_id
lagochilus leiacanthus,1,1,1,1,1,Lagochilus leiacanthus,accepted,wfo-0000222341,Lagochilus leiacanthus,Lamiaceae,Lagochilus,species,TRUE,TRUE,TRUE,single_accepted_id
laguncularia racemosa,1,1,1,1,1,Laguncularia racemosa,accepted,wfo-0000358854,Laguncularia racemosa,Combretaceae,Laguncularia,species,TRUE,TRUE,TRUE,single_accepted_id
lamyropsis cynaroides,1,1,1,1,1,Lamyropsis cynaroides,accepted,wfo-0000096555,Lamyropsis cynaroides,Asteraceae,Lamyropsis,species,TRUE,TRUE,TRUE,single_accepted_id
lannea coromandelica,1,1,1,1,1,Lannea coromandelica,accepted,wfo-0001050697,Lannea coromandelica,Anacardiaceae,Lannea,species,TRUE,TRUE,TRUE,single_accepted_id
laphangium luteoalbum,1,1,1,1,1,Laphangium luteoalbum,accepted,wfo-0000076089,Laphangium luteoalbum,Asteraceae,Laphangium,species,FALSE,FALSE,TRUE,single_accepted_id
larix decidua,1,1,1,1,1,Larix decidua,accepted,wfo-0000443338,Larix decidua,Pinaceae,Larix,species,TRUE,TRUE,TRUE,single_accepted_id
larix gmelinii,1,1,1,1,1,Larix gmelinii,accepted,wfo-0000509693,Larix gmelinii,Pinaceae,Larix,species,TRUE,TRUE,TRUE,single_accepted_id
larix kaempferi,1,1,1,1,1,Larix kaempferi,accepted,wfo-0000443374,Larix kaempferi,Pinaceae,Larix,species,TRUE,TRUE,TRUE,single_accepted_id
larix laricina,1,1,1,1,1,Larix laricina,accepted,wfo-0000443246,Larix laricina,Pinaceae,Larix,species,TRUE,TRUE,TRUE,single_accepted_id
larix sibirica,1,1,1,1,1,Larix sibirica,accepted,wfo-0000443388,Larix sibirica,Pinaceae,Larix,species,TRUE,TRUE,TRUE,single_accepted_id
larrea tridentata,1,1,1,1,1,Larrea tridentata,accepted,wfo-0001146325,Larrea tridentata,Zygophyllaceae,Larrea,species,TRUE,TRUE,TRUE,single_accepted_id
lasiolaena morii,1,1,1,1,1,Lasiolaena morii,accepted,wfo-0000021031,Lasiolaena morii,Asteraceae,Lasiolaena,species,TRUE,TRUE,TRUE,single_accepted_id
lasiosiphon glaucus,1,1,1,1,1,Lasiosiphon glaucus,accepted,wfo-0000445422,Lasiosiphon glaucus,Thymelaeaceae,Lasiosiphon,species,FALSE,FALSE,TRUE,single_accepted_id
lasthenia,1,1,1,1,1,Lasthenia,accepted,wfo-4000020701,Lasthenia,Asteraceae,Lasthenia,genus,TRUE,TRUE,TRUE,single_accepted_id
lasthenia californica,1,1,1,1,1,Lasthenia californica,accepted,wfo-0000092923,Lasthenia californica,Asteraceae,Lasthenia,species,TRUE,TRUE,TRUE,single_accepted_id
lathyrus aphaca,2,2,1,1,1,Lathyrus aphaca | Lathyrus aphaca prol. affinis,accepted | synonym,wfo-0000212673,Lathyrus aphaca,Fabaceae,Lathyrus,species,TRUE,TRUE,TRUE,single_accepted_id
lathyrus articulatus,1,1,1,1,1,Lathyrus articulatus,accepted,wfo-0000212677,Lathyrus articulatus,Fabaceae,Lathyrus,species,FALSE,FALSE,TRUE,single_accepted_id
lathyrus clymenum,1,1,1,1,1,Lathyrus clymenum,accepted,wfo-0000212676,Lathyrus clymenum,Fabaceae,Lathyrus,species,FALSE,FALSE,TRUE,single_accepted_id
lathyrus hirsutus,1,1,1,1,1,Lathyrus hirsutus,accepted,wfo-0000212684,Lathyrus hirsutus,Fabaceae,Lathyrus,species,TRUE,TRUE,TRUE,single_accepted_id
lathyrus hookeri,1,1,1,1,1,Lathyrus hookeri,accepted,wfo-0000182187,Lathyrus hookeri,Fabaceae,Lathyrus,species,FALSE,FALSE,TRUE,single_accepted_id
lathyrus laxiflorus,1,1,1,1,1,Lathyrus laxiflorus,accepted,wfo-0000186926,Lathyrus laxiflorus,Fabaceae,Lathyrus,species,TRUE,TRUE,TRUE,single_accepted_id
lathyrus linifolius,3,3,1,1,1,Lathyrus linifolius | Lathyrus linifolius lus. albiflorus | Lathyrus linifolius lus. variegatus,accepted | synonym,wfo-0000212690,Lathyrus linifolius,Fabaceae,Lathyrus,species,TRUE,TRUE,TRUE,single_accepted_id
lathyrus nissolia,1,1,1,1,1,Lathyrus nissolia,accepted,wfo-0000212696,Lathyrus nissolia,Fabaceae,Lathyrus,species,TRUE,TRUE,TRUE,single_accepted_id
lathyrus ochrus,1,1,1,1,1,Lathyrus ochrus,accepted,wfo-0000212699,Lathyrus ochrus,Fabaceae,Lathyrus,species,TRUE,TRUE,TRUE,single_accepted_id
lathyrus odoratus,1,1,1,1,1,Lathyrus odoratus,accepted,wfo-0000212700,Lathyrus odoratus,Fabaceae,Lathyrus,species,TRUE,TRUE,TRUE,single_accepted_id
lathyrus oleraceus,1,1,1,1,1,Lathyrus oleraceus,accepted,wfo-0000214337,Lathyrus oleraceus,Fabaceae,Lathyrus,species,FALSE,FALSE,TRUE,single_accepted_id
lathyrus pratensis,1,1,1,1,1,Lathyrus pratensis,accepted,wfo-0000212701,Lathyrus pratensis,Fabaceae,Lathyrus,species,TRUE,TRUE,TRUE,single_accepted_id
lathyrus sativus,1,1,1,1,1,Lathyrus sativus,accepted,wfo-0000212703,Lathyrus sativus,Fabaceae,Lathyrus,species,TRUE,TRUE,TRUE,single_accepted_id
lathyrus sylvestris,2,2,1,1,1,Lathyrus sylvestris | Lathyrus sylvestris prol. pyrenaicus,accepted | synonym,wfo-0000213824,Lathyrus sylvestris,Fabaceae,Lathyrus,species,TRUE,TRUE,TRUE,single_accepted_id
lathyrus tuberosus,1,1,1,1,1,Lathyrus tuberosus,accepted,wfo-0000213826,Lathyrus tuberosus,Fabaceae,Lathyrus,species,TRUE,TRUE,TRUE,single_accepted_id
laurus nobilis,1,1,1,1,1,Laurus nobilis,accepted,wfo-0000364153,Laurus nobilis,Lauraceae,Laurus,species,TRUE,TRUE,TRUE,single_accepted_id
lawsonia inermis,1,1,1,1,1,Lawsonia inermis,accepted,wfo-0000366658,Lawsonia inermis,Lythraceae,Lawsonia,species,TRUE,TRUE,TRUE,single_accepted_id
ledebouria floribunda,1,1,1,1,1,Ledebouria floribunda,accepted,wfo-0000686569,Ledebouria floribunda,Asparagaceae,Ledebouria,species,TRUE,TRUE,TRUE,single_accepted_id
ledebouria leptophylla,1,1,1,1,1,Ledebouria leptophylla,accepted,wfo-0000913090,Ledebouria leptophylla,Asparagaceae,Ledebouria,species,TRUE,TRUE,TRUE,single_accepted_id
ledebouria zebrina,1,1,1,1,1,Ledebouria zebrina,accepted,wfo-0000913099,Ledebouria zebrina,Asparagaceae,Ledebouria,species,TRUE,TRUE,TRUE,single_accepted_id
leiocarpa semicalva,1,1,1,1,1,Leiocarpa semicalva,accepted,wfo-0000043559,Leiocarpa semicalva,Asteraceae,Leiocarpa,species,TRUE,TRUE,TRUE,single_accepted_id
leiothrix curvifolia,1,1,1,1,1,Leiothrix curvifolia,accepted,wfo-0000458210,Leiothrix curvifolia,Eriocaulaceae,Leiothrix,species,TRUE,TRUE,TRUE,single_accepted_id
lens culinaris,1,1,1,1,1,Lens culinaris,synonym,wfo-0000212728,Vicia lens,Fabaceae,Vicia,species,TRUE,TRUE,FALSE,single_accepted_id
leobordea capensis,1,1,1,1,1,Leobordea capensis,accepted,wfo-1000058750,Leobordea capensis,Fabaceae,Leobordea,species,FALSE,FALSE,TRUE,single_accepted_id
leopoldia comosa,1,1,1,1,1,Leopoldia comosa,accepted,wfo-0000686250,Leopoldia comosa,Asparagaceae,Leopoldia,species,TRUE,TRUE,TRUE,single_accepted_id
lepidium sativum,1,1,1,1,1,Lepidium sativum,accepted,wfo-0000358699,Lepidium sativum,Brassicaceae,Lepidium,species,TRUE,TRUE,TRUE,single_accepted_id
lepidosperma,1,1,1,1,1,Lepidosperma,accepted,wfo-4000021135,Lepidosperma,Cyperaceae,Lepidosperma,genus,TRUE,TRUE,TRUE,single_accepted_id
lepidosperma laterale,1,1,1,1,1,Lepidosperma laterale,accepted,wfo-0000459657,Lepidosperma laterale,Cyperaceae,Lepidosperma,species,TRUE,TRUE,TRUE,single_accepted_id
lepironia articulata,1,1,1,1,1,Lepironia articulata,accepted,wfo-0000459843,Lepironia articulata,Cyperaceae,Lepironia,species,TRUE,TRUE,TRUE,single_accepted_id
leptarrhena pyrolifolia,1,1,1,1,1,Leptarrhena pyrolifolia,accepted,wfo-0001135538,Leptarrhena pyrolifolia,Saxifragaceae,Leptarrhena,species,TRUE,TRUE,TRUE,single_accepted_id
leptobalanus apetalus,1,1,1,1,1,Leptobalanus apetalus,accepted,wfo-0001354198,Leptobalanus apetalus,Chrysobalanaceae,Leptobalanus,species,FALSE,FALSE,TRUE,single_accepted_id
leptolobium bijugum,1,1,1,1,1,Leptolobium bijugum,accepted,wfo-0000166612,Leptolobium bijugum,Fabaceae,Leptolobium,species,FALSE,FALSE,TRUE,single_accepted_id
leptospermum polygalifolium,1,1,1,1,1,Leptospermum polygalifolium,accepted,wfo-0000226708,Leptospermum polygalifolium,Myrtaceae,Leptospermum,species,TRUE,TRUE,TRUE,single_accepted_id
leptospermum recurvum,1,1,1,1,1,Leptospermum recurvum,accepted,wfo-0000226734,Leptospermum recurvum,Myrtaceae,Leptospermum,species,TRUE,TRUE,TRUE,single_accepted_id
leptospermum scoparium,3,3,1,1,1,Leptospermum scoparium | Leptospermum scoparium unranked roseum | Leptospermum scoparium unranked rubrum-pygmaeum,accepted | synonym,wfo-0000226751,Leptospermum scoparium,Myrtaceae,Leptospermum,species,TRUE,TRUE,TRUE,single_accepted_id
leptothyrsa sprucei,1,1,1,1,1,Leptothyrsa sprucei,accepted,wfo-0001132701,Leptothyrsa sprucei,Rutaceae,Leptothyrsa,species,TRUE,TRUE,TRUE,single_accepted_id
lespedeza bicolor,2,2,1,1,1,Lespedeza bicolor,accepted | unchecked,wfo-0000185056,Lespedeza bicolor,Fabaceae,Lespedeza,species,TRUE,TRUE,TRUE,single_accepted_id
lespedeza capitata,1,1,1,1,1,Lespedeza capitata,accepted,wfo-0000164446,Lespedeza capitata,Fabaceae,Lespedeza,species,TRUE,TRUE,TRUE,single_accepted_id
lespedeza cyrtobotrya,1,1,1,1,1,Lespedeza cyrtobotrya,accepted,wfo-0000185058,Lespedeza cyrtobotrya,Fabaceae,Lespedeza,species,TRUE,TRUE,TRUE,single_accepted_id
lespedeza davidii,1,1,1,1,1,Lespedeza davidii,accepted,wfo-0000186113,Lespedeza davidii,Fabaceae,Lespedeza,species,TRUE,TRUE,TRUE,single_accepted_id
lespedeza floribunda,1,1,1,1,1,Lespedeza floribunda,accepted,wfo-0000197885,Lespedeza floribunda,Fabaceae,Lespedeza,species,TRUE,TRUE,TRUE,single_accepted_id
lespedeza formosa,1,1,1,1,1,Lespedeza formosa,synonym,wfo-0001359458,Lespedeza thunbergii subsp. formosa,Fabaceae,Lespedeza,subspecies,TRUE,TRUE,FALSE,single_accepted_id
lespedeza homoloba,1,1,1,1,1,Lespedeza homoloba,accepted,wfo-0000185060,Lespedeza homoloba,Fabaceae,Lespedeza,species,TRUE,TRUE,TRUE,single_accepted_id
lespedeza stuevei,1,1,1,1,1,Lespedeza stuevei,accepted,wfo-0000173704,Lespedeza stuevei,Fabaceae,Lespedeza,species,FALSE,FALSE,TRUE,single_accepted_id
lespedeza thunbergii,1,1,1,1,1,Lespedeza thunbergii,accepted,wfo-0000185059,Lespedeza thunbergii,Fabaceae,Lespedeza,species,TRUE,TRUE,TRUE,single_accepted_id
lespedeza thunbergii subsp. formosa,1,1,1,1,1,Lespedeza thunbergii subsp. formosa,accepted,wfo-0001359458,Lespedeza thunbergii subsp. formosa,Fabaceae,Lespedeza,subspecies,FALSE,FALSE,TRUE,single_accepted_id
leucaena leucocephala,1,1,1,1,1,Leucaena leucocephala,accepted,wfo-0000164084,Leucaena leucocephala,Fabaceae,Leucaena,species,TRUE,TRUE,TRUE,single_accepted_id
leucas aspera,1,1,1,1,1,Leucas aspera,accepted,wfo-0000226906,Leucas aspera,Lamiaceae,Leucas,species,TRUE,TRUE,TRUE,single_accepted_id
leucas urticifolia,2,2,1,1,1,Leucas urticifolia,accepted | unchecked,wfo-0000227199,Leucas urticifolia,Lamiaceae,Leucas,species,TRUE,TRUE,TRUE,single_accepted_id
leucothoe keiskei,1,1,1,1,1,Leucothoe keiskei,accepted,wfo-0000364575,Leucothoe keiskei,Ericaceae,Leucothoe,species,TRUE,TRUE,TRUE,single_accepted_id
leuzea carthamoides,1,1,1,1,1,Leuzea carthamoides,accepted,wfo-0000135169,Leuzea carthamoides,Asteraceae,Leuzea,species,FALSE,FALSE,TRUE,single_accepted_id
leuzea uniflora,1,1,1,1,1,Leuzea uniflora,accepted,wfo-0000123686,Leuzea uniflora,Asteraceae,Leuzea,species,FALSE,FALSE,TRUE,single_accepted_id
levisticum officinale,1,1,1,1,1,Levisticum officinale,accepted,wfo-0000360816,Levisticum officinale,Apiaceae,Levisticum,species,TRUE,TRUE,TRUE,single_accepted_id
libocedrus bidwillii,1,1,1,1,1,Libocedrus bidwillii,accepted,wfo-0000358614,Libocedrus bidwillii,Cupressaceae,Libocedrus,species,TRUE,TRUE,TRUE,single_accepted_id
licania apetala,1,1,1,1,1,Licania apetala,synonym,wfo-0001354198,Leptobalanus apetalus,Chrysobalanaceae,Leptobalanus,species,TRUE,TRUE,FALSE,single_accepted_id
licania densiflora,1,1,1,1,1,Licania densiflora,accepted,wfo-0000816265,Licania densiflora,Chrysobalanaceae,Licania,species,TRUE,TRUE,TRUE,single_accepted_id
licania pittieri,1,1,1,1,1,Licania pittieri,accepted,wfo-0000814345,Licania pittieri,Chrysobalanaceae,Licania,species,TRUE,TRUE,TRUE,single_accepted_id
licania pyrifolia,1,1,1,1,1,Licania pyrifolia,synonym,wfo-0000816402,Moquilea pyrifolia,Chrysobalanaceae,Moquilea,species,TRUE,TRUE,FALSE,single_accepted_id
ligaria cuneifolia,1,1,1,1,1,Ligaria cuneifolia,accepted,wfo-0001074748,Ligaria cuneifolia,Loranthaceae,Ligaria,species,TRUE,TRUE,TRUE,single_accepted_id
ligularia macrophylla,1,1,1,1,1,Ligularia macrophylla,accepted,wfo-0000080191,Ligularia macrophylla,Asteraceae,Ligularia,species,TRUE,TRUE,TRUE,single_accepted_id
ligularia odontomanes,1,1,1,1,1,Ligularia odontomanes,accepted,wfo-0000000028,Ligularia odontomanes,Asteraceae,Ligularia,species,TRUE,TRUE,TRUE,single_accepted_id
limnophila indica,1,1,1,1,1,Limnophila indica,accepted,wfo-0000445814,Limnophila indica,Plantaginaceae,Limnophila,species,TRUE,TRUE,TRUE,single_accepted_id
limonia acidissima,2,2,1,1,1,Limonia acidissima,accepted | unchecked,wfo-1000080432,Limonia acidissima,Rutaceae,Limonia,species,TRUE,TRUE,TRUE,single_accepted_id
limoniastrum guyonianum,1,1,1,1,1,Limoniastrum guyonianum,accepted,wfo-0000444466,Limoniastrum guyonianum,Plumbaginaceae,Limoniastrum,species,TRUE,TRUE,TRUE,single_accepted_id
limonium,2,2,1,1,1,Limonium,accepted | synonym,wfo-4000021808,Limonium,Plumbaginaceae,Limonium,genus,TRUE,TRUE,TRUE,single_accepted_id
limonium aureum,3,3,1,1,1,Limonium aureum,accepted | synonym,wfo-0001303480,Limonium aureum,Plumbaginaceae,Limonium,species,TRUE,TRUE,TRUE,single_accepted_id
limonium bicolor,1,1,1,1,1,Limonium bicolor,accepted,wfo-0001095308,Limonium bicolor,Plumbaginaceae,Limonium,species,TRUE,TRUE,TRUE,single_accepted_id
limonium gmelini,1,1,1,1,1,Limonium gmelini,accepted,wfo-0000444657,Limonium gmelini,Plumbaginaceae,Limonium,species,FALSE,FALSE,TRUE,single_accepted_id
limonium gmelinii,1,1,1,1,1,Limonium gmelinii,synonym,wfo-0000444657,Limonium gmelini,Plumbaginaceae,Limonium,species,TRUE,TRUE,FALSE,single_accepted_id
limonium sinense,1,1,1,1,1,Limonium sinense,accepted,wfo-0001095301,Limonium sinense,Plumbaginaceae,Limonium,species,TRUE,TRUE,TRUE,single_accepted_id
lindera aggregata,1,1,1,1,1,Lindera aggregata,accepted,wfo-0000365428,Lindera aggregata,Lauraceae,Lindera,species,TRUE,TRUE,TRUE,single_accepted_id
lindera erythrocarpa,1,1,1,1,1,Lindera erythrocarpa,accepted,wfo-0001070580,Lindera erythrocarpa,Lauraceae,Lindera,species,TRUE,TRUE,TRUE,single_accepted_id
lindera lucida,1,1,1,1,1,Lindera lucida,accepted,wfo-0000365480,Lindera lucida,Lauraceae,Lindera,species,TRUE,TRUE,TRUE,single_accepted_id
lindera neesiana,2,2,1,1,1,Lindera neesiana,accepted | unchecked,wfo-0001070756,Lindera neesiana,Lauraceae,Lindera,species,TRUE,TRUE,TRUE,single_accepted_id
lindera sericea,1,1,1,1,1,Lindera sericea,accepted,wfo-0001070369,Lindera sericea,Lauraceae,Lindera,species,TRUE,TRUE,TRUE,single_accepted_id
lindera umbellata,1,1,1,1,1,Lindera umbellata,accepted,wfo-0001070371,Lindera umbellata,Lauraceae,Lindera,species,TRUE,TRUE,TRUE,single_accepted_id
linzia glabra,1,1,1,1,1,Linzia glabra,accepted,wfo-0000086483,Linzia glabra,Asteraceae,Linzia,species,TRUE,TRUE,TRUE,single_accepted_id
lipocarpha aristulata,1,1,1,1,1,Lipocarpha aristulata,synonym,wfo-0001429153,Cyperus aristulatus,Cyperaceae,Cyperus,species,TRUE,TRUE,FALSE,single_accepted_id
lipocarpha microcephala,1,1,1,1,1,Lipocarpha microcephala,synonym,wfo-0001339762,Cyperus leptocarpus,Cyperaceae,Cyperus,species,TRUE,TRUE,FALSE,single_accepted_id
lippia dulcis,1,1,1,1,1,Lippia dulcis,accepted,wfo-0000228801,Lippia dulcis,Verbenaceae,Lippia,species,TRUE,TRUE,TRUE,single_accepted_id
lippia graveolens,1,1,1,1,1,Lippia graveolens,synonym,wfo-0000229041,Lippia origanoides,Verbenaceae,Lippia,species,TRUE,TRUE,FALSE,single_accepted_id
lippia origanoides,1,1,1,1,1,Lippia origanoides,accepted,wfo-0000229041,Lippia origanoides,Verbenaceae,Lippia,species,TRUE,TRUE,TRUE,single_accepted_id
liquidambar formosana,1,1,1,1,1,Liquidambar formosana,accepted,wfo-0000364066,Liquidambar formosana,Altingiaceae,Liquidambar,species,TRUE,TRUE,TRUE,single_accepted_id
liquidambar styraciflua,1,1,1,1,1,Liquidambar styraciflua,accepted,wfo-0000364015,Liquidambar styraciflua,Altingiaceae,Liquidambar,species,TRUE,TRUE,TRUE,single_accepted_id
litchi chinensis,1,1,1,1,1,Litchi chinensis,accepted,wfo-0000446283,Litchi chinensis,Sapindaceae,Litchi,species,TRUE,TRUE,TRUE,single_accepted_id
lithocarpus glaber,1,1,1,1,1,Lithocarpus glaber,accepted,wfo-0000229939,Lithocarpus glaber,Fagaceae,Lithocarpus,species,FALSE,FALSE,TRUE,single_accepted_id
lithocarpus litseifolius,1,1,1,1,1,Lithocarpus litseifolius,accepted,wfo-0000230050,Lithocarpus litseifolius,Fagaceae,Lithocarpus,species,TRUE,TRUE,TRUE,single_accepted_id
lithocarpus pachyphyllus,1,1,1,1,1,Lithocarpus pachyphyllus,accepted,wfo-0000230140,Lithocarpus pachyphyllus,Fagaceae,Lithocarpus,species,TRUE,TRUE,TRUE,single_accepted_id
lithocarpus polystachyus,1,1,1,1,1,Lithocarpus polystachyus,accepted,wfo-0000230171,Lithocarpus polystachyus,Fagaceae,Lithocarpus,species,TRUE,TRUE,TRUE,single_accepted_id
litsea acutivena,1,1,1,1,1,Litsea acutivena,accepted,wfo-0001070638,Litsea acutivena,Lauraceae,Litsea,species,TRUE,TRUE,TRUE,single_accepted_id
litsea glaucescens,2,2,1,1,1,Litsea glaucescens,accepted | unchecked,wfo-0000365712,Litsea glaucescens,Lauraceae,Litsea,species,TRUE,TRUE,TRUE,single_accepted_id
litsea glutinosa,1,1,1,1,1,Litsea glutinosa,accepted,wfo-0000365695,Litsea glutinosa,Lauraceae,Litsea,species,TRUE,TRUE,TRUE,single_accepted_id
litsea pedunculata,1,1,1,1,1,Litsea pedunculata,accepted,wfo-0001071896,Litsea pedunculata,Lauraceae,Litsea,species,TRUE,TRUE,TRUE,single_accepted_id
litsea rotundifolia,1,1,1,1,1,Litsea rotundifolia,accepted,wfo-0001070312,Litsea rotundifolia,Lauraceae,Litsea,species,TRUE,TRUE,TRUE,single_accepted_id
litsea rubescens,1,1,1,1,1,Litsea rubescens,accepted,wfo-0001070705,Litsea rubescens,Lauraceae,Litsea,species,TRUE,TRUE,TRUE,single_accepted_id
litsea sericea,1,1,1,1,1,Litsea sericea,accepted,wfo-0001070314,Litsea sericea,Lauraceae,Litsea,species,TRUE,TRUE,TRUE,single_accepted_id
litsea szemaois,1,1,1,1,1,Litsea szemaois,accepted,wfo-0001278607,Litsea szemaois,Lauraceae,Litsea,species,TRUE,TRUE,TRUE,single_accepted_id
lonchocarpus,1,1,1,1,1,Lonchocarpus,accepted,wfo-4000022154,Lonchocarpus,Fabaceae,Lonchocarpus,genus,TRUE,TRUE,TRUE,single_accepted_id
lonchocarpus araripensis,1,1,1,1,1,Lonchocarpus araripensis,synonym,wfo-0001317444,Dahlstedtia araripensis,Fabaceae,Dahlstedtia,species,TRUE,TRUE,FALSE,single_accepted_id
lonchocarpus atropurpureus,1,1,1,1,1,Lonchocarpus atropurpureus,accepted,wfo-0000173710,Lonchocarpus atropurpureus,Fabaceae,Lonchocarpus,species,TRUE,TRUE,TRUE,single_accepted_id
lonchocarpus campestris,1,1,1,1,1,Lonchocarpus campestris,synonym,wfo-0001332654,Muellera campestris,Fabaceae,Muellera,species,TRUE,TRUE,FALSE,single_accepted_id
lonchocarpus castilloi,1,1,1,1,1,Lonchocarpus castilloi,accepted,wfo-0000164462,Lonchocarpus castilloi,Fabaceae,Lonchocarpus,species,TRUE,TRUE,TRUE,single_accepted_id
lonchocarpus costaricensis,1,1,1,1,1,Lonchocarpus costaricensis,accepted,wfo-0000164467,Lonchocarpus costaricensis,Fabaceae,Lonchocarpus,species,TRUE,TRUE,TRUE,single_accepted_id
lonchocarpus eriocarinalis,1,1,1,1,1,Lonchocarpus eriocarinalis,accepted,wfo-0000164476,Lonchocarpus eriocarinalis,Fabaceae,Lonchocarpus,species,TRUE,TRUE,TRUE,single_accepted_id
lonchocarpus fluvialis,1,1,1,1,1,Lonchocarpus fluvialis,synonym,wfo-0001052481,Muellera fluvialis,Fabaceae,Muellera,species,TRUE,TRUE,FALSE,single_accepted_id
lonchocarpus guatemalensis,1,1,1,1,1,Lonchocarpus guatemalensis,accepted,wfo-0000173718,Lonchocarpus guatemalensis,Fabaceae,Lonchocarpus,species,TRUE,TRUE,TRUE,single_accepted_id
lonchocarpus heptaphyllus,1,1,1,1,1,Lonchocarpus heptaphyllus,accepted,wfo-0000210427,Lonchocarpus heptaphyllus,Fabaceae,Lonchocarpus,species,TRUE,TRUE,TRUE,single_accepted_id
lonchocarpus latifolius,2,2,1,1,1,Lonchocarpus latifolius,synonym,wfo-0000210427,Lonchocarpus heptaphyllus,Fabaceae,Lonchocarpus,species,TRUE,TRUE,FALSE,single_accepted_id
lonchocarpus laxiflorus,1,1,1,1,1,Lonchocarpus laxiflorus,synonym,wfo-0000199463,Philenoptera laxiflora,Fabaceae,Philenoptera,species,TRUE,TRUE,FALSE,single_accepted_id
lonchocarpus minimiflorus,1,1,1,1,1,Lonchocarpus minimiflorus,accepted,wfo-0000165939,Lonchocarpus minimiflorus,Fabaceae,Lonchocarpus,species,TRUE,TRUE,TRUE,single_accepted_id
lonchocarpus negrensis,1,1,1,1,1,Lonchocarpus negrensis,synonym,wfo-0000173321,Deguelia amazonica,Fabaceae,Deguelia,species,TRUE,TRUE,FALSE,single_accepted_id
lonchocarpus oaxacensis,1,1,1,1,1,Lonchocarpus oaxacensis,accepted,wfo-0000165946,Lonchocarpus oaxacensis,Fabaceae,Lonchocarpus,species,TRUE,TRUE,TRUE,single_accepted_id
lonchocarpus obtusus,1,1,1,1,1,Lonchocarpus obtusus,synonym,wfo-0001318198,Muellera obtusa,Fabaceae,Muellera,species,TRUE,TRUE,FALSE,single_accepted_id
lonchocarpus orotinus,2,2,1,1,1,Lonchocarpus orotinus,synonym,wfo-0000173727,Lonchocarpus parviflorus,Fabaceae,Lonchocarpus,species,TRUE,TRUE,FALSE,single_accepted_id
lonchocarpus parviflorus,1,1,1,1,1,Lonchocarpus parviflorus,accepted,wfo-0000173727,Lonchocarpus parviflorus,Fabaceae,Lonchocarpus,species,FALSE,FALSE,TRUE,single_accepted_id
lonchocarpus salvadorensis,1,1,1,1,1,Lonchocarpus salvadorensis,accepted,wfo-0000165958,Lonchocarpus salvadorensis,Fabaceae,Lonchocarpus,species,TRUE,TRUE,TRUE,single_accepted_id
lonchocarpus sericeus,1,1,1,1,1,Lonchocarpus sericeus,accepted,wfo-0000183559,Lonchocarpus sericeus,Fabaceae,Lonchocarpus,species,FALSE,TRUE,TRUE,single_accepted_id
lonchocarpus subglaucescens,1,1,1,1,1,Lonchocarpus subglaucescens,accepted,wfo-0000173736,Lonchocarpus subglaucescens,Fabaceae,Lonchocarpus,species,TRUE,TRUE,TRUE,single_accepted_id
lonchocarpus unifoliolatus,1,1,1,1,1,Lonchocarpus unifoliolatus,synonym,wfo-0001329356,Muellera unifoliolata,Fabaceae,Muellera,species,TRUE,TRUE,FALSE,single_accepted_id
lonchocarpus utilis,1,1,1,1,1,Lonchocarpus utilis,synonym,wfo-0001286043,Deguelia utilis,Fabaceae,Deguelia,species,TRUE,TRUE,FALSE,single_accepted_id
lonchocarpus yucatanensis,1,1,1,1,1,Lonchocarpus yucatanensis,accepted,wfo-0000165972,Lonchocarpus yucatanensis,Fabaceae,Lonchocarpus,species,TRUE,TRUE,TRUE,single_accepted_id
lophira alata,1,1,1,1,1,Lophira alata,accepted,wfo-0000443232,Lophira alata,Ochnaceae,Lophira,species,TRUE,TRUE,TRUE,single_accepted_id
lophira lanceolata,1,1,1,1,1,Lophira lanceolata,accepted,wfo-0000443230,Lophira lanceolata,Ochnaceae,Lophira,species,TRUE,TRUE,TRUE,single_accepted_id
lophopappus tarapacanus,1,1,1,1,1,Lophopappus tarapacanus,accepted,wfo-0000089159,Lophopappus tarapacanus,Asteraceae,Lophopappus,species,TRUE,TRUE,TRUE,single_accepted_id
loranthus kaoi,1,1,1,1,1,Loranthus kaoi,accepted,wfo-0001224442,Loranthus kaoi,Loranthaceae,Loranthus,species,FALSE,FALSE,TRUE,single_accepted_id
lotus,1,1,1,1,1,Lotus,accepted,wfo-4000022302,Lotus,Fabaceae,Lotus,genus,TRUE,TRUE,TRUE,single_accepted_id
lotus angustissimus,1,1,1,1,1,Lotus angustissimus,accepted,wfo-0001060764,Lotus angustissimus,Fabaceae,Lotus,species,TRUE,TRUE,TRUE,single_accepted_id
lotus corniculatus subsp. corniculatus,1,1,1,1,1,Lotus corniculatus subsp. corniculatus,accepted,wfo-0000214146,Lotus corniculatus subsp. corniculatus,Fabaceae,Lotus,subspecies,FALSE,FALSE,TRUE,single_accepted_id
lotus cytisoides,1,1,1,1,1,Lotus cytisoides,accepted,wfo-0000212184,Lotus cytisoides,Fabaceae,Lotus,species,FALSE,FALSE,TRUE,single_accepted_id
lotus dorycnium,1,1,1,1,1,Lotus dorycnium,accepted,wfo-0000209346,Lotus dorycnium,Fabaceae,Lotus,species,FALSE,FALSE,TRUE,single_accepted_id
lotus edulis,1,1,1,1,1,Lotus edulis,accepted,wfo-0000212191,Lotus edulis,Fabaceae,Lotus,species,TRUE,TRUE,TRUE,single_accepted_id
lotus hirsutus,1,1,1,1,1,Lotus hirsutus,accepted,wfo-0000212135,Lotus hirsutus,Fabaceae,Lotus,species,FALSE,FALSE,TRUE,single_accepted_id
lotus pedunculatus,1,1,1,1,1,Lotus pedunculatus,accepted,wfo-0000212230,Lotus pedunculatus,Fabaceae,Lotus,species,TRUE,TRUE,TRUE,single_accepted_id
lotus pedunculatus subsp. pedunculatus,1,1,1,1,1,Lotus pedunculatus subsp. pedunculatus,accepted,wfo-0001425600,Lotus pedunculatus subsp. pedunculatus,Fabaceae,Lotus,subspecies,FALSE,FALSE,TRUE,single_accepted_id
lotus rectus,1,1,1,1,1,Lotus rectus,accepted,wfo-0000212142,Lotus rectus,Fabaceae,Lotus,species,FALSE,FALSE,TRUE,single_accepted_id
lotus tenuis,1,1,1,1,1,Lotus tenuis,accepted,wfo-0001053826,Lotus tenuis,Fabaceae,Lotus,species,TRUE,TRUE,TRUE,single_accepted_id
luehea candicans,1,1,1,1,1,Luehea candicans,accepted,wfo-0000445189,Luehea candicans,Malvaceae,Luehea,species,TRUE,TRUE,TRUE,single_accepted_id
luetkea pectinata,1,1,1,1,1,Luetkea pectinata,accepted,wfo-0001013556,Luetkea pectinata,Rosaceae,Luetkea,species,TRUE,TRUE,TRUE,single_accepted_id
luisia volucris,1,1,1,1,1,Luisia volucris,accepted,wfo-0000231052,Luisia volucris,Orchidaceae,Luisia,species,TRUE,TRUE,TRUE,single_accepted_id
luma chequen,1,1,1,1,1,Luma chequen,accepted,wfo-0000231083,Luma chequen,Myrtaceae,Luma,species,TRUE,TRUE,TRUE,single_accepted_id
lupinus,1,1,1,1,1,Lupinus,accepted,wfo-4000022442,Lupinus,Fabaceae,Lupinus,genus,TRUE,TRUE,TRUE,single_accepted_id
lupinus albicaulis,1,1,1,1,1,Lupinus albicaulis,accepted,wfo-0001055502,Lupinus albicaulis,Fabaceae,Lupinus,species,FALSE,FALSE,TRUE,single_accepted_id
lupinus albus subsp. albus,1,1,1,1,1,Lupinus albus subsp. albus,accepted,wfo-0000213484,Lupinus albus subsp. albus,Fabaceae,Lupinus,subspecies,FALSE,FALSE,TRUE,single_accepted_id
lupinus ananeanus,1,1,1,1,1,Lupinus ananeanus,accepted,wfo-0000168047,Lupinus ananeanus,Fabaceae,Lupinus,species,TRUE,TRUE,TRUE,single_accepted_id
lupinus arboreus,1,1,1,1,1,Lupinus arboreus,accepted,wfo-0000213844,Lupinus arboreus,Fabaceae,Lupinus,species,TRUE,TRUE,TRUE,single_accepted_id
lupinus arcticus,1,1,1,1,1,Lupinus arcticus,accepted,wfo-0000168060,Lupinus arcticus,Fabaceae,Lupinus,species,TRUE,TRUE,TRUE,single_accepted_id
lupinus argenteus subsp. argenteus,1,1,1,1,1,Lupinus argenteus subsp. argenteus,accepted,wfo-0001425602,Lupinus argenteus subsp. argenteus,Fabaceae,Lupinus,subspecies,FALSE,FALSE,TRUE,single_accepted_id
lupinus bicolor,1,1,1,1,1,Lupinus bicolor,accepted,wfo-0000168077,Lupinus bicolor,Fabaceae,Lupinus,species,FALSE,FALSE,TRUE,single_accepted_id
lupinus chamissonis,1,1,1,1,1,Lupinus chamissonis,accepted,wfo-0001055506,Lupinus chamissonis,Fabaceae,Lupinus,species,FALSE,FALSE,TRUE,single_accepted_id
lupinus cosentinii,1,1,1,1,1,Lupinus cosentinii,accepted,wfo-0000213488,Lupinus cosentinii,Fabaceae,Lupinus,species,FALSE,FALSE,TRUE,single_accepted_id
lupinus ehrenbergii var. ehrenbergii,1,1,1,1,1,Lupinus ehrenbergii var. ehrenbergii,accepted,wfo-0001425997,Lupinus ehrenbergii var. ehrenbergii,Fabaceae,Lupinus,variety,FALSE,FALSE,TRUE,single_accepted_id
lupinus elegans,1,1,1,1,1,Lupinus elegans,accepted,wfo-0000183547,Lupinus elegans,Fabaceae,Lupinus,species,TRUE,TRUE,TRUE,single_accepted_id
lupinus gussoneanus,1,1,1,1,1,Lupinus gussoneanus,accepted,wfo-0000363797,Lupinus gussoneanus,Fabaceae,Lupinus,species,FALSE,FALSE,TRUE,single_accepted_id
lupinus hartwegii,1,1,1,1,1,Lupinus hartwegii,synonym,wfo-0001425997,Lupinus ehrenbergii var. ehrenbergii,Fabaceae,Lupinus,variety,TRUE,TRUE,FALSE,single_accepted_id
lupinus luteus,1,1,1,1,1,Lupinus luteus,accepted,wfo-0000213494,Lupinus luteus,Fabaceae,Lupinus,species,TRUE,TRUE,TRUE,single_accepted_id
lupinus mutabilis,1,1,1,1,1,Lupinus mutabilis,accepted,wfo-0000213497,Lupinus mutabilis,Fabaceae,Lupinus,species,TRUE,TRUE,TRUE,single_accepted_id
lupinus nanus,1,1,1,1,1,Lupinus nanus,accepted,wfo-0000174742,Lupinus nanus,Fabaceae,Lupinus,species,TRUE,TRUE,TRUE,single_accepted_id
lupinus polycarpus,1,1,1,1,1,Lupinus polycarpus,synonym,wfo-0000168077,Lupinus bicolor,Fabaceae,Lupinus,species,TRUE,TRUE,FALSE,single_accepted_id
lupinus polyphyllus,1,1,1,1,1,Lupinus polyphyllus,accepted,wfo-0000213847,Lupinus polyphyllus,Fabaceae,Lupinus,species,TRUE,TRUE,TRUE,single_accepted_id
lupinus pubescens,1,1,1,1,1,Lupinus pubescens,accepted,wfo-0000213501,Lupinus pubescens,Fabaceae,Lupinus,species,TRUE,TRUE,TRUE,single_accepted_id
lupinus subcarnosus,1,1,1,1,1,Lupinus subcarnosus,accepted,wfo-0000174768,Lupinus subcarnosus,Fabaceae,Lupinus,species,TRUE,TRUE,TRUE,single_accepted_id
lupinus texensis,1,1,1,1,1,Lupinus texensis,accepted,wfo-0000174773,Lupinus texensis,Fabaceae,Lupinus,species,TRUE,TRUE,TRUE,single_accepted_id
lupinus villosus,1,1,1,1,1,Lupinus villosus,accepted,wfo-0000174783,Lupinus villosus,Fabaceae,Lupinus,species,FALSE,FALSE,TRUE,single_accepted_id
luxemburgia nobilis,1,1,1,1,1,Luxemburgia nobilis,accepted,wfo-0001265867,Luxemburgia nobilis,Ochnaceae,Luxemburgia,species,TRUE,TRUE,TRUE,single_accepted_id
luxemburgia octandra,1,1,1,1,1,Luxemburgia octandra,accepted,wfo-0001086964,Luxemburgia octandra,Ochnaceae,Luxemburgia,species,TRUE,TRUE,TRUE,single_accepted_id
lychnophora diamantinana,1,1,1,1,1,Lychnophora diamantinana,accepted,wfo-0000064682,Lychnophora diamantinana,Asteraceae,Lychnophora,species,TRUE,TRUE,TRUE,single_accepted_id
lychnophora ericoides,1,1,1,1,1,Lychnophora ericoides,accepted,wfo-0000069018,Lychnophora ericoides,Asteraceae,Lychnophora,species,TRUE,TRUE,TRUE,single_accepted_id
lychnophora markgravii,1,1,1,1,1,Lychnophora markgravii,accepted,wfo-0000009680,Lychnophora markgravii,Asteraceae,Lychnophora,species,TRUE,TRUE,TRUE,single_accepted_id
lychnophora pinaster,1,1,1,1,1,Lychnophora pinaster,synonym,wfo-0000069018,Lychnophora ericoides,Asteraceae,Lychnophora,species,TRUE,TRUE,FALSE,single_accepted_id
lychnophora pohlii,1,1,1,1,1,Lychnophora pohlii,accepted,wfo-0000027003,Lychnophora pohlii,Asteraceae,Lychnophora,species,TRUE,TRUE,TRUE,single_accepted_id
lychnophora staavioides,1,1,1,1,1,Lychnophora staavioides,accepted,wfo-0000018167,Lychnophora staavioides,Asteraceae,Lychnophora,species,TRUE,TRUE,TRUE,single_accepted_id
lycium bridgesii,1,1,1,1,1,Lycium bridgesii,accepted,wfo-0001022702,Lycium bridgesii,Solanaceae,Lycium,species,TRUE,TRUE,TRUE,single_accepted_id
lycium chinense,3,3,1,1,1,Lycium chinense | Lycium chinense subf. lanceolatum | Lycium chinense subf. trewiana,accepted | synonym | unchecked,wfo-0001022784,Lycium chinense,Solanaceae,Lycium,species,TRUE,TRUE,TRUE,single_accepted_id
lycopus europaeus,2,2,1,1,1,Lycopus europaeus | Lycopus europaeus prol. menthifolius,accepted | synonym,wfo-0000231391,Lycopus europaeus,Lamiaceae,Lycopus,species,TRUE,TRUE,TRUE,single_accepted_id
lycoris traubii,1,1,1,1,1,Lycoris traubii,accepted,wfo-0000683514,Lycoris traubii,Amaryllidaceae,Lycoris,species,TRUE,TRUE,TRUE,single_accepted_id
lyonia ovalifolia,1,1,1,1,1,Lyonia ovalifolia,accepted,wfo-0001047539,Lyonia ovalifolia,Ericaceae,Lyonia,species,TRUE,TRUE,TRUE,single_accepted_id
lysidice brevicalyx,2,2,1,1,1,Lysidice brevicalyx,accepted | unchecked,wfo-0001061579,Lysidice brevicalyx,Fabaceae,Lysidice,species,TRUE,TRUE,TRUE,single_accepted_id
lysimachia daphnoides,1,1,1,1,1,Lysimachia daphnoides,accepted,wfo-0001105363,Lysimachia daphnoides,Primulaceae,Lysimachia,species,TRUE,TRUE,TRUE,single_accepted_id
lysimachia hillebrandii,1,1,1,1,1,Lysimachia hillebrandii,accepted,wfo-0001105366,Lysimachia hillebrandii,Primulaceae,Lysimachia,species,TRUE,TRUE,TRUE,single_accepted_id
lysimachia kalalauensis,1,1,1,1,1,Lysimachia kalalauensis,accepted,wfo-0001105367,Lysimachia kalalauensis,Primulaceae,Lysimachia,species,TRUE,TRUE,TRUE,single_accepted_id
lysimachia maxima,1,1,1,1,1,Lysimachia maxima,synonym,wfo-0001362634,Lysimachia remyi subsp. maxima,Primulaceae,Lysimachia,subspecies,TRUE,TRUE,FALSE,single_accepted_id
lysimachia remyi,1,1,1,1,1,Lysimachia remyi,accepted,wfo-0001105377,Lysimachia remyi,Primulaceae,Lysimachia,species,TRUE,TRUE,TRUE,single_accepted_id
lysimachia remyi subsp. maxima,1,1,1,1,1,Lysimachia remyi subsp. maxima,accepted,wfo-0001362634,Lysimachia remyi subsp. maxima,Primulaceae,Lysimachia,subspecies,FALSE,FALSE,TRUE,single_accepted_id
maackia amurensis,1,1,1,1,1,Maackia amurensis,accepted,wfo-0000186143,Maackia amurensis,Fabaceae,Maackia,species,TRUE,TRUE,TRUE,single_accepted_id
maackia amurensis var. amurensis,1,1,1,1,1,Maackia amurensis var. amurensis,accepted,wfo-0001426001,Maackia amurensis var. amurensis,Fabaceae,Maackia,variety,FALSE,FALSE,TRUE,single_accepted_id
maackia floribunda,1,1,1,1,1,Maackia floribunda,accepted,wfo-0000192419,Maackia floribunda,Fabaceae,Maackia,species,TRUE,TRUE,TRUE,single_accepted_id
maackia tenuifolia,1,1,1,1,1,Maackia tenuifolia,accepted,wfo-0000197209,Maackia tenuifolia,Fabaceae,Maackia,species,TRUE,TRUE,TRUE,single_accepted_id
mabea angustifolia,1,1,1,1,1,Mabea angustifolia,accepted,wfo-0000231621,Mabea angustifolia,Euphorbiaceae,Mabea,species,FALSE,FALSE,TRUE,single_accepted_id
mabea caudata,1,1,1,1,1,Mabea caudata,synonym,wfo-0000231722,Mabea speciosa,Euphorbiaceae,Mabea,species,TRUE,TRUE,FALSE,single_accepted_id
mabea speciosa,1,1,1,1,1,Mabea speciosa,accepted,wfo-0000231722,Mabea speciosa,Euphorbiaceae,Mabea,species,FALSE,FALSE,TRUE,single_accepted_id
macadamia,1,1,1,1,1,Macadamia,accepted,wfo-4000022597,Macadamia,Proteaceae,Macadamia,genus,TRUE,TRUE,TRUE,single_accepted_id
macaranga,1,1,1,1,1,Macaranga,accepted,wfo-4000022602,Macaranga,Euphorbiaceae,Macaranga,genus,TRUE,TRUE,TRUE,single_accepted_id
macaranga alnifolia,1,1,1,1,1,Macaranga alnifolia,accepted,wfo-0000231795,Macaranga alnifolia,Euphorbiaceae,Macaranga,species,TRUE,TRUE,TRUE,single_accepted_id
macaranga conifera,1,1,1,1,1,Macaranga conifera,accepted,wfo-0000231884,Macaranga conifera,Euphorbiaceae,Macaranga,species,TRUE,TRUE,TRUE,single_accepted_id
macaranga denticulata,1,1,1,1,1,Macaranga denticulata,accepted,wfo-0000231917,Macaranga denticulata,Euphorbiaceae,Macaranga,species,TRUE,TRUE,TRUE,single_accepted_id
macaranga indica,1,1,1,1,1,Macaranga indica,accepted,wfo-0000232018,Macaranga indica,Euphorbiaceae,Macaranga,species,TRUE,TRUE,TRUE,single_accepted_id
macaranga pleiostemon,1,1,1,1,1,Macaranga pleiostemon,accepted,wfo-0000232164,Macaranga pleiostemon,Euphorbiaceae,Macaranga,species,TRUE,TRUE,TRUE,single_accepted_id
macaranga tanarius,1,1,1,1,1,Macaranga tanarius,accepted,wfo-0000232270,Macaranga tanarius,Euphorbiaceae,Macaranga,species,TRUE,TRUE,TRUE,single_accepted_id
macaranga triloba,1,1,1,1,1,Macaranga triloba,accepted,wfo-0000232292,Macaranga triloba,Euphorbiaceae,Macaranga,species,TRUE,TRUE,TRUE,single_accepted_id
macfadyena unguis-cati,1,1,1,1,1,Macfadyena unguis-cati,synonym,wfo-0000782438,Dolichandra unguis-cati,Bignoniaceae,Dolichandra,species,TRUE,TRUE,FALSE,single_accepted_id
machaerina acuta,1,1,1,1,1,Machaerina acuta,accepted,wfo-0000463785,Machaerina acuta,Cyperaceae,Machaerina,species,FALSE,FALSE,TRUE,single_accepted_id
machaerina juncea,1,1,1,1,1,Machaerina juncea,accepted,wfo-0000464094,Machaerina juncea,Cyperaceae,Machaerina,species,TRUE,TRUE,TRUE,single_accepted_id
machaerium,1,1,1,1,1,Machaerium,accepted,wfo-4000022623,Machaerium,Fabaceae,Machaerium,genus,TRUE,TRUE,TRUE,single_accepted_id
machaerium acutifolium,1,1,1,1,1,Machaerium acutifolium,accepted,wfo-0000186947,Machaerium acutifolium,Fabaceae,Machaerium,species,TRUE,TRUE,TRUE,single_accepted_id
machaerium aristulatum,1,1,1,1,1,Machaerium aristulatum,accepted,wfo-0000169275,Machaerium aristulatum,Fabaceae,Machaerium,species,TRUE,TRUE,TRUE,single_accepted_id
machaerium brasiliense,1,1,1,1,1,Machaerium brasiliense,accepted,wfo-0000179078,Machaerium brasiliense,Fabaceae,Machaerium,species,FALSE,FALSE,TRUE,single_accepted_id
machaerium kuhlmannii,1,1,1,1,1,Machaerium kuhlmannii,synonym,wfo-0000179680,Machaerium nyctitans var. nyctitans,Fabaceae,Machaerium,variety,TRUE,TRUE,FALSE,single_accepted_id
machaerium mucronulatum,1,1,1,1,1,Machaerium mucronulatum,accepted,wfo-0000174403,Machaerium mucronulatum,Fabaceae,Machaerium,species,TRUE,TRUE,TRUE,single_accepted_id
machaerium nyctitans,1,1,1,1,1,Machaerium nyctitans,accepted,wfo-0000174405,Machaerium nyctitans,Fabaceae,Machaerium,species,TRUE,TRUE,TRUE,single_accepted_id
machaerium nyctitans var. nyctitans,1,1,1,1,1,Machaerium nyctitans var. nyctitans,accepted,wfo-0000179680,Machaerium nyctitans var. nyctitans,Fabaceae,Machaerium,variety,FALSE,FALSE,TRUE,single_accepted_id
machaerium pedicellatum,1,1,1,1,1,Machaerium pedicellatum,accepted,wfo-0000186714,Machaerium pedicellatum,Fabaceae,Machaerium,species,TRUE,TRUE,TRUE,single_accepted_id
machaerium vestitum,1,1,1,1,1,Machaerium vestitum,synonym,wfo-0000179078,Machaerium brasiliense,Fabaceae,Machaerium,species,TRUE,TRUE,FALSE,single_accepted_id
machaerium villosum,1,1,1,1,1,Machaerium villosum,accepted,wfo-0000186715,Machaerium villosum,Fabaceae,Machaerium,species,TRUE,TRUE,TRUE,single_accepted_id
machilus thunbergii,1,1,1,1,1,Machilus thunbergii,accepted,wfo-0000373778,Machilus thunbergii,Lauraceae,Machilus,species,TRUE,TRUE,TRUE,single_accepted_id
maclura,1,1,1,1,1,Maclura,accepted,wfo-4000022646,Maclura,Moraceae,Maclura,genus,TRUE,TRUE,TRUE,single_accepted_id
maclura aurantiaca,1,1,1,1,1,Maclura aurantiaca,synonym,wfo-0000447854,Maclura pomifera,Moraceae,Maclura,species,TRUE,TRUE,FALSE,single_accepted_id
maclura cochinchinensis,1,1,1,1,1,Maclura cochinchinensis,accepted,wfo-0000448071,Maclura cochinchinensis,Moraceae,Maclura,species,FALSE,FALSE,TRUE,single_accepted_id
maclura pomifera,1,1,1,1,1,Maclura pomifera,accepted,wfo-0000447854,Maclura pomifera,Moraceae,Maclura,species,TRUE,TRUE,TRUE,single_accepted_id
maclura tinctoria,2,2,1,1,1,Maclura tinctoria,accepted | unchecked,wfo-0000447821,Maclura tinctoria,Moraceae,Maclura,species,TRUE,TRUE,TRUE,single_accepted_id
maclura tricuspidata,1,1,1,1,1,Maclura tricuspidata,accepted,wfo-0001085025,Maclura tricuspidata,Moraceae,Maclura,species,TRUE,TRUE,TRUE,single_accepted_id
macropsychanthus grandiflorus,1,1,1,1,1,Macropsychanthus grandiflorus,accepted,wfo-0001443939,Macropsychanthus grandiflorus,Fabaceae,Macropsychanthus,species,FALSE,FALSE,TRUE,single_accepted_id
macrosolen globosus,1,1,1,1,1,Macrosolen globosus,accepted,wfo-0000378016,Macrosolen globosus,Loranthaceae,Macrosolen,species,TRUE,TRUE,TRUE,single_accepted_id
macrothelypteris torresiana,2,2,1,1,1,Macrothelypteris torresiana,accepted | synonym,wfo-0001107352,Macrothelypteris torresiana,Thelypteridaceae,Macrothelypteris,species,TRUE,TRUE,TRUE,single_accepted_id
macrotyloma uniflorum,1,1,1,1,1,Macrotyloma uniflorum,accepted,wfo-0000182309,Macrotyloma uniflorum,Fabaceae,Macrotyloma,species,TRUE,TRUE,TRUE,single_accepted_id
madhuca longifolia,1,1,1,1,1,Madhuca longifolia,accepted,wfo-0000232785,Madhuca longifolia,Sapotaceae,Madhuca,species,TRUE,TRUE,TRUE,single_accepted_id
madhuca pasquieri,1,1,1,1,1,Madhuca pasquieri,accepted,wfo-0000232822,Madhuca pasquieri,Sapotaceae,Madhuca,species,TRUE,TRUE,TRUE,single_accepted_id
mallotus apelta,1,1,1,1,1,Mallotus apelta,accepted,wfo-0000234436,Mallotus apelta,Euphorbiaceae,Mallotus,species,TRUE,TRUE,TRUE,single_accepted_id
mallotus japonicus,1,1,1,1,1,Mallotus japonicus,accepted,wfo-0000234575,Mallotus japonicus,Euphorbiaceae,Mallotus,species,TRUE,TRUE,TRUE,single_accepted_id
mallotus metcalfianus,1,1,1,1,1,Mallotus metcalfianus,accepted,wfo-0000234620,Mallotus metcalfianus,Euphorbiaceae,Mallotus,species,TRUE,TRUE,TRUE,single_accepted_id
mallotus nudiflorus,1,1,1,1,1,Mallotus nudiflorus,accepted,wfo-0000809063,Mallotus nudiflorus,Euphorbiaceae,Mallotus,species,TRUE,TRUE,TRUE,single_accepted_id
mallotus philippensis,1,1,1,1,1,Mallotus philippensis,accepted,wfo-0000234691,Mallotus philippensis,Euphorbiaceae,Mallotus,species,TRUE,TRUE,TRUE,single_accepted_id
malpighia emarginata,1,1,1,1,1,Malpighia emarginata,accepted,wfo-0000449743,Malpighia emarginata,Malpighiaceae,Malpighia,species,TRUE,TRUE,TRUE,single_accepted_id
malus,1,1,1,1,1,Malus,accepted,wfo-4000022982,Malus,Rosaceae,Malus,genus,TRUE,TRUE,TRUE,single_accepted_id
malus *,1,1,1,1,1,Malus × domestica,accepted,wfo-0001008355,Malus × domestica,Rosaceae,Malus,species,FALSE,FALSE,TRUE,single_accepted_id
malus pumila,4,4,1,1,1,Malus pumila,synonym | unchecked,wfo-0001008355,Malus × domestica,Rosaceae,Malus,species,TRUE,TRUE,FALSE,single_accepted_id
malus sargentii,2,2,1,1,1,Malus sargentii,synonym | unchecked,wfo-0001004789,Malus toringo,Rosaceae,Malus,species,TRUE,TRUE,FALSE,single_accepted_id
malus sieboldii,5,5,1,1,1,Malus sieboldii | Malus sieboldii unranked incisa | Malus sieboldii unranked megarantha | Malus sieboldii unranked sargentii | Malus sieboldii unranked vulgaris,synonym,wfo-0001004789,Malus toringo,Rosaceae,Malus,species,TRUE,TRUE,FALSE,single_accepted_id
malus sylvestris,1,1,1,1,1,Malus sylvestris,accepted,wfo-0001016475,Malus sylvestris,Rosaceae,Malus,species,TRUE,TRUE,TRUE,single_accepted_id
malus toringo,3,3,1,1,1,Malus toringo,accepted | unchecked,wfo-0001004789,Malus toringo,Rosaceae,Malus,species,TRUE,TRUE,TRUE,single_accepted_id
malvaviscus arboreus,1,1,1,1,1,Malvaviscus arboreus,accepted,wfo-0000449492,Malvaviscus arboreus,Malvaceae,Malvaviscus,species,TRUE,TRUE,TRUE,single_accepted_id
mammea acuminata,1,1,1,1,1,Mammea acuminata,accepted,wfo-0000375051,Mammea acuminata,Calophyllaceae,Mammea,species,TRUE,TRUE,TRUE,single_accepted_id
mammea americana,1,1,1,1,1,Mammea americana,accepted,wfo-0000375040,Mammea americana,Calophyllaceae,Mammea,species,TRUE,TRUE,TRUE,single_accepted_id
mandevilla hirsuta,1,1,1,1,1,Mandevilla hirsuta,accepted,wfo-0000234939,Mandevilla hirsuta,Apocynaceae,Mandevilla,species,TRUE,TRUE,TRUE,single_accepted_id
mandevilla martiana,1,1,1,1,1,Mandevilla martiana,accepted,wfo-0000234977,Mandevilla martiana,Apocynaceae,Mandevilla,species,TRUE,TRUE,TRUE,single_accepted_id
mangifera indica,1,1,1,1,1,Mangifera indica,accepted,wfo-0000371248,Mangifera indica,Anacardiaceae,Mangifera,species,TRUE,TRUE,TRUE,single_accepted_id
manilkara kauki,1,1,1,1,1,Manilkara kauki,accepted,wfo-0000235898,Manilkara kauki,Sapotaceae,Manilkara,species,TRUE,TRUE,TRUE,single_accepted_id
manilkara zapota,1,1,1,1,1,Manilkara zapota,accepted,wfo-0000235995,Manilkara zapota,Sapotaceae,Manilkara,species,TRUE,TRUE,TRUE,single_accepted_id
maranthes glabra,1,1,1,1,1,Maranthes glabra,accepted,wfo-0000816522,Maranthes glabra,Chrysobalanaceae,Maranthes,species,FALSE,FALSE,TRUE,single_accepted_id
marchantia polymorpha subsp. montivagans,1,1,1,1,1,Marchantia polymorpha subsp. montivagans,accepted,wfo-1200005048,Marchantia polymorpha subsp. montivagans,Marchantiaceae,Marchantia,subspecies,FALSE,FALSE,TRUE,single_accepted_id
marchantia polymorpha subsp. ruderalis,1,1,1,1,1,Marchantia polymorpha subsp. ruderalis,accepted,wfo-0001442147,Marchantia polymorpha subsp. ruderalis,Marchantiaceae,Marchantia,subspecies,FALSE,FALSE,TRUE,single_accepted_id
margyricarpus pinnatus,1,1,1,1,1,Margyricarpus pinnatus,accepted,wfo-0000991503,Margyricarpus pinnatus,Rosaceae,Margyricarpus,species,TRUE,TRUE,TRUE,single_accepted_id
margyricarpus setosus,2,2,1,1,1,Margyricarpus setosus,synonym | unchecked,wfo-0000991503,Margyricarpus pinnatus,Rosaceae,Margyricarpus,species,TRUE,TRUE,FALSE,single_accepted_id
marina filiciformis,1,1,1,1,1,Marina filiciformis,accepted,wfo-1000064738,Marina filiciformis,Fabaceae,Marina,species,FALSE,FALSE,TRUE,single_accepted_id
marrubium friwaldskyanum,1,1,1,1,1,Marrubium friwaldskyanum,accepted,wfo-0000236597,Marrubium friwaldskyanum,Lamiaceae,Marrubium,species,TRUE,TRUE,TRUE,single_accepted_id
marshallia graminifolia,1,1,1,1,1,Marshallia graminifolia,accepted,wfo-0000043587,Marshallia graminifolia,Asteraceae,Marshallia,species,TRUE,TRUE,TRUE,single_accepted_id
marshallia grandiflora,1,1,1,1,1,Marshallia grandiflora,accepted,wfo-0000044654,Marshallia grandiflora,Asteraceae,Marshallia,species,TRUE,TRUE,TRUE,single_accepted_id
marshallia mohrii,1,1,1,1,1,Marshallia mohrii,accepted,wfo-0000058797,Marshallia mohrii,Asteraceae,Marshallia,species,TRUE,TRUE,TRUE,single_accepted_id
marshallia ramosa,1,1,1,1,1,Marshallia ramosa,accepted,wfo-0000125353,Marshallia ramosa,Asteraceae,Marshallia,species,TRUE,TRUE,TRUE,single_accepted_id
mascarenhasia arborescens,1,1,1,1,1,Mascarenhasia arborescens,accepted,wfo-0000236781,Mascarenhasia arborescens,Apocynaceae,Mascarenhasia,species,TRUE,TRUE,TRUE,single_accepted_id
matricaria chamomilla,2,2,1,1,1,Matricaria chamomilla,accepted | unchecked,wfo-0000003146,Matricaria chamomilla,Asteraceae,Matricaria,species,TRUE,TRUE,TRUE,single_accepted_id
matteuccia orientalis,1,1,1,1,1,Matteuccia orientalis,synonym,wfo-0001232479,Pentarhizidium orientale,Onocleaceae,Pentarhizidium,species,TRUE,TRUE,FALSE,single_accepted_id
matteuccia struthiopteris,1,1,1,1,1,Matteuccia struthiopteris,accepted,wfo-0001109164,Matteuccia struthiopteris,Onocleaceae,Matteuccia,species,TRUE,TRUE,TRUE,single_accepted_id
matthiola incana,1,1,1,1,1,Matthiola incana,accepted,wfo-0000368988,Matthiola incana,Brassicaceae,Matthiola,species,TRUE,TRUE,TRUE,single_accepted_id
maytenus,1,1,1,1,1,Maytenus,accepted,wfo-4000023399,Maytenus,Celastraceae,Maytenus,genus,TRUE,TRUE,TRUE,single_accepted_id
maytenus aquifolium,1,1,1,1,1,Maytenus aquifolium,accepted,wfo-0000369450,Maytenus aquifolium,Celastraceae,Maytenus,species,FALSE,FALSE,TRUE,single_accepted_id
maytenus boaria,1,1,1,1,1,Maytenus boaria,accepted,wfo-0000375129,Maytenus boaria,Celastraceae,Maytenus,species,TRUE,TRUE,TRUE,single_accepted_id
maytenus chubutensis,1,1,1,1,1,Maytenus chubutensis,accepted,wfo-0000375067,Maytenus chubutensis,Celastraceae,Maytenus,species,TRUE,TRUE,TRUE,single_accepted_id
maytenus disticha,1,1,1,1,1,Maytenus disticha,accepted,wfo-0000375085,Maytenus disticha,Celastraceae,Maytenus,species,TRUE,TRUE,TRUE,single_accepted_id
maytenus ilicifolia,1,1,1,1,1,Maytenus ilicifolia,accepted,wfo-0000375199,Maytenus ilicifolia,Celastraceae,Maytenus,species,FALSE,FALSE,TRUE,single_accepted_id
maytenus laevis,1,1,1,1,1,Maytenus laevis,accepted,wfo-0000375144,Maytenus laevis,Celastraceae,Maytenus,species,FALSE,FALSE,TRUE,single_accepted_id
maytenus rigida,1,1,1,1,1,Maytenus rigida,accepted,wfo-0001292537,Maytenus rigida,Celastraceae,Maytenus,species,FALSE,FALSE,TRUE,single_accepted_id
maytenus senegalensis,1,1,1,1,1,Maytenus senegalensis,synonym,wfo-0000713049,Gymnosporia senegalensis,Celastraceae,Gymnosporia,species,TRUE,TRUE,FALSE,single_accepted_id
medicago *,1,1,1,1,1,Medicago × varia,accepted,wfo-0000214252,Medicago × varia,Fabaceae,Medicago,species,FALSE,FALSE,TRUE,single_accepted_id
medicago arabica,1,1,1,1,1,Medicago arabica,accepted,wfo-0000213417,Medicago arabica,Fabaceae,Medicago,species,TRUE,TRUE,TRUE,single_accepted_id
medicago arborea,1,1,1,1,1,Medicago arborea,accepted,wfo-0000213419,Medicago arborea,Fabaceae,Medicago,species,TRUE,TRUE,TRUE,single_accepted_id
medicago brachycarpa,1,1,1,1,1,Medicago brachycarpa,accepted,wfo-0000185583,Medicago brachycarpa,Fabaceae,Medicago,species,FALSE,FALSE,TRUE,single_accepted_id
medicago doliata,1,1,1,1,1,Medicago doliata,accepted,wfo-0000213423,Medicago doliata,Fabaceae,Medicago,species,TRUE,TRUE,TRUE,single_accepted_id
medicago falcata subsp. falcata,1,1,1,1,1,Medicago falcata subsp. falcata,accepted,wfo-0000213427,Medicago falcata subsp. falcata,Fabaceae,Medicago,subspecies,FALSE,FALSE,TRUE,single_accepted_id
medicago hypogaea,1,1,1,1,1,Medicago hypogaea,accepted,wfo-0000213432,Medicago hypogaea,Fabaceae,Medicago,species,TRUE,TRUE,TRUE,single_accepted_id
medicago intertexta,1,1,1,1,1,Medicago intertexta,accepted,wfo-0000213437,Medicago intertexta,Fabaceae,Medicago,species,TRUE,TRUE,TRUE,single_accepted_id
medicago laciniata,1,1,1,1,1,Medicago laciniata,accepted,wfo-0000213448,Medicago laciniata,Fabaceae,Medicago,species,TRUE,TRUE,TRUE,single_accepted_id
medicago littoralis,3,3,1,1,1,Medicago littoralis | Medicago littoralis prol. cylindracea,accepted | synonym | unchecked,wfo-0000213450,Medicago littoralis,Fabaceae,Medicago,species,TRUE,TRUE,TRUE,single_accepted_id
medicago minima,1,1,1,1,1,Medicago minima,accepted,wfo-0000188776,Medicago minima,Fabaceae,Medicago,species,TRUE,TRUE,TRUE,single_accepted_id
medicago orbicularis,3,3,1,1,1,Medicago orbicularis | Medicago orbicularis prol. marginata,accepted | synonym,wfo-0000213459,Medicago orbicularis,Fabaceae,Medicago,species,TRUE,TRUE,TRUE,single_accepted_id
medicago platycarpa,1,1,1,1,1,Medicago platycarpa,accepted,wfo-0000186245,Medicago platycarpa,Fabaceae,Medicago,species,TRUE,TRUE,TRUE,single_accepted_id
medicago polyceratia,1,1,1,1,1,Medicago polyceratia,accepted,wfo-0000185446,Medicago polyceratia,Fabaceae,Medicago,species,TRUE,TRUE,TRUE,single_accepted_id
medicago radiata,1,1,1,1,1,Medicago radiata,accepted,wfo-0000186242,Medicago radiata,Fabaceae,Medicago,species,TRUE,TRUE,TRUE,single_accepted_id
medicago rigidula,1,1,1,1,1,Medicago rigidula,accepted,wfo-0000213465,Medicago rigidula,Fabaceae,Medicago,species,TRUE,TRUE,TRUE,single_accepted_id
medicago sativa,1,1,1,1,1,Medicago sativa,accepted,wfo-0000213468,Medicago sativa,Fabaceae,Medicago,species,TRUE,TRUE,TRUE,single_accepted_id
medicago sativa subsp. glomerata,1,1,1,1,1,Medicago sativa subsp. glomerata,accepted,wfo-0000186621,Medicago sativa subsp. glomerata,Fabaceae,Medicago,subspecies,FALSE,FALSE,TRUE,single_accepted_id
medicago truncatula,1,1,1,1,1,Medicago truncatula,accepted,wfo-0000213477,Medicago truncatula,Fabaceae,Medicago,species,TRUE,TRUE,TRUE,single_accepted_id
medicago turbinata,1,1,1,1,1,Medicago turbinata,accepted,wfo-0001055366,Medicago turbinata,Fabaceae,Medicago,species,FALSE,FALSE,TRUE,single_accepted_id
melaleuca glauca,1,1,1,1,1,Melaleuca glauca,accepted,wfo-0001428941,Melaleuca glauca,Myrtaceae,Melaleuca,species,FALSE,FALSE,TRUE,single_accepted_id
melaleuca leucadendra,1,1,1,1,1,Melaleuca leucadendra,accepted,wfo-0000239679,Melaleuca leucadendra,Myrtaceae,Melaleuca,species,TRUE,TRUE,TRUE,single_accepted_id
melaleuca squarrosa,1,1,1,1,1,Melaleuca squarrosa,accepted,wfo-0000239847,Melaleuca squarrosa,Myrtaceae,Melaleuca,species,TRUE,TRUE,TRUE,single_accepted_id
melanopsidium nigrum,1,1,1,1,1,Melanopsidium nigrum,accepted,wfo-0000239947,Melanopsidium nigrum,Rubiaceae,Melanopsidium,species,FALSE,FALSE,TRUE,single_accepted_id
melastoma candidum,1,1,1,1,1,Melastoma candidum,synonym,wfo-0001266359,Melastoma malabathricum subsp. malabathricum,Melastomataceae,Melastoma,subspecies,TRUE,TRUE,FALSE,single_accepted_id
melastoma malabathricum,1,1,1,1,1,Melastoma malabathricum,accepted,wfo-0001080544,Melastoma malabathricum,Melastomataceae,Melastoma,species,TRUE,TRUE,TRUE,single_accepted_id
melastoma malabathricum subsp. malabathricum,1,1,1,1,1,Melastoma malabathricum subsp. malabathricum,accepted,wfo-0001266359,Melastoma malabathricum subsp. malabathricum,Melastomataceae,Melastoma,subspecies,FALSE,FALSE,TRUE,single_accepted_id
melastoma septemnervium,2,2,1,1,1,Melastoma septemnervium,synonym | unchecked,wfo-0001266359,Melastoma malabathricum subsp. malabathricum,Melastomataceae,Melastoma,subspecies,TRUE,TRUE,FALSE,single_accepted_id
melicope durifolia,1,1,1,1,1,Melicope durifolia,accepted,wfo-0001272966,Melicope durifolia,Rutaceae,Melicope,species,TRUE,TRUE,TRUE,single_accepted_id
melicope madagascariensis,1,1,1,1,1,Melicope madagascariensis,accepted,wfo-0001258701,Melicope madagascariensis,Rutaceae,Melicope,species,TRUE,TRUE,TRUE,single_accepted_id
melilotus albus,2,2,1,1,1,Melilotus albus,accepted | synonym,wfo-0000212815,Melilotus albus,Fabaceae,Melilotus,species,TRUE,TRUE,TRUE,single_accepted_id
melilotus altissimus,2,2,1,1,1,Melilotus altissimus | Melilotus altissimus prol. macrorhizus,accepted | synonym,wfo-0000185371,Melilotus altissimus,Fabaceae,Melilotus,species,TRUE,TRUE,TRUE,single_accepted_id
melilotus dentatus,2,2,1,1,1,Melilotus dentatus,accepted | unchecked,wfo-0000185374,Melilotus dentatus,Fabaceae,Melilotus,species,TRUE,TRUE,TRUE,single_accepted_id
melilotus elegans,1,1,1,1,1,Melilotus elegans,accepted,wfo-0000212816,Melilotus elegans,Fabaceae,Melilotus,species,TRUE,TRUE,TRUE,single_accepted_id
melilotus indicus,1,1,1,1,1,Melilotus indicus,accepted,wfo-0000185378,Melilotus indicus,Fabaceae,Melilotus,species,TRUE,TRUE,TRUE,single_accepted_id
melilotus infestus,1,1,1,1,1,Melilotus infestus,accepted,wfo-0000185382,Melilotus infestus,Fabaceae,Melilotus,species,TRUE,TRUE,TRUE,single_accepted_id
melilotus messanensis,1,1,1,1,1,Melilotus messanensis,synonym,wfo-0000185386,Melilotus siculus,Fabaceae,Melilotus,species,TRUE,TRUE,FALSE,single_accepted_id
melilotus neapolitanus,1,1,1,1,1,Melilotus neapolitanus,accepted,wfo-0000185391,Melilotus neapolitanus,Fabaceae,Melilotus,species,TRUE,TRUE,TRUE,single_accepted_id
melilotus polonicus,2,2,1,1,1,Melilotus polonicus,accepted | unchecked,wfo-0000185392,Melilotus polonicus,Fabaceae,Melilotus,species,TRUE,TRUE,TRUE,single_accepted_id
melilotus segetalis,1,1,1,1,1,Melilotus segetalis,accepted,wfo-0000212824,Melilotus segetalis,Fabaceae,Melilotus,species,FALSE,FALSE,TRUE,single_accepted_id
melilotus siculus,2,2,1,1,1,Melilotus siculus,accepted | unchecked,wfo-0000185386,Melilotus siculus,Fabaceae,Melilotus,species,TRUE,TRUE,TRUE,single_accepted_id
melilotus suaveolens,1,1,1,1,1,Melilotus suaveolens,accepted,wfo-0000212825,Melilotus suaveolens,Fabaceae,Melilotus,species,TRUE,TRUE,TRUE,single_accepted_id
melilotus tauricus,1,1,1,1,1,Melilotus tauricus,accepted,wfo-0000185399,Melilotus tauricus,Fabaceae,Melilotus,species,TRUE,TRUE,TRUE,single_accepted_id
melilotus wolgicus,1,1,1,1,1,Melilotus wolgicus,accepted,wfo-0000185401,Melilotus wolgicus,Fabaceae,Melilotus,species,TRUE,TRUE,TRUE,single_accepted_id
melissa officinalis,1,1,1,1,1,Melissa officinalis,accepted,wfo-0000240053,Melissa officinalis,Lamiaceae,Melissa,species,TRUE,TRUE,TRUE,single_accepted_id
melochia chamaedrys,1,1,1,1,1,Melochia chamaedrys,accepted,wfo-0001140630,Melochia chamaedrys,Malvaceae,Melochia,species,TRUE,TRUE,TRUE,single_accepted_id
melodorum fruticosum,1,1,1,1,1,Melodorum fruticosum,synonym,wfo-0000744968,Uvaria siamensis,Annonaceae,Uvaria,species,TRUE,TRUE,FALSE,single_accepted_id
menisciopsis penangiana,1,1,1,1,1,Menisciopsis penangiana,accepted,wfo-1000027860,Menisciopsis penangiana,Thelypteridaceae,Menisciopsis,species,FALSE,FALSE,TRUE,single_accepted_id
mentha,1,1,1,1,1,Mentha,accepted,wfo-4000023748,Mentha,Lamiaceae,Mentha,genus,TRUE,TRUE,TRUE,single_accepted_id
mentha longifolia subsp. longifolia,1,1,1,1,1,Mentha longifolia subsp. longifolia,accepted,wfo-0000240950,Mentha longifolia subsp. longifolia,Lamiaceae,Mentha,subspecies,FALSE,FALSE,TRUE,single_accepted_id
mentha spicata,1,1,1,1,1,Mentha spicata,accepted,wfo-0000241390,Mentha spicata,Lamiaceae,Mentha,species,TRUE,TRUE,TRUE,single_accepted_id
merrillia caloxylon,1,1,1,1,1,Merrillia caloxylon,synonym,wfo-0001039028,Murraya caloxylon,Rutaceae,Murraya,species,TRUE,TRUE,FALSE,single_accepted_id
merwilla dracomontana,1,1,1,1,1,Merwilla dracomontana,accepted,wfo-0000690158,Merwilla dracomontana,Asparagaceae,Merwilla,species,TRUE,TRUE,TRUE,single_accepted_id
merwilla plumbea,1,1,1,1,1,Merwilla plumbea,accepted,wfo-0000689696,Merwilla plumbea,Asparagaceae,Merwilla,species,TRUE,TRUE,TRUE,single_accepted_id
mesomelaena graciliceps,1,1,1,1,1,Mesomelaena graciliceps,accepted,wfo-0000471627,Mesomelaena graciliceps,Cyperaceae,Mesomelaena,species,TRUE,TRUE,TRUE,single_accepted_id
mesomelaena pseudostygia,1,1,1,1,1,Mesomelaena pseudostygia,accepted,wfo-0000471648,Mesomelaena pseudostygia,Cyperaceae,Mesomelaena,species,TRUE,TRUE,TRUE,single_accepted_id
mesostemma dichotomum var. lanceolatum,1,1,1,1,1,Mesostemma dichotomum var. lanceolatum,accepted,wfo-1200111815,Mesostemma dichotomum var. lanceolatum,Caryophyllaceae,Mesostemma,variety,FALSE,FALSE,TRUE,single_accepted_id
mespilus germanica,3,3,1,1,1,Mespilus germanica | Mespilus germanica unranked maliformis | Mespilus germanica unranked pyriformis,synonym,wfo-0000990421,Crataegus germanica,Rosaceae,Crataegus,species,TRUE,TRUE,FALSE,single_accepted_id
mesua ferrea,1,1,1,1,1,Mesua ferrea,accepted,wfo-0001296121,Mesua ferrea,Calophyllaceae,Mesua,species,TRUE,TRUE,TRUE,single_accepted_id
metalasia cymbifolia,1,1,1,1,1,Metalasia cymbifolia,accepted,wfo-0000030968,Metalasia cymbifolia,Asteraceae,Metalasia,species,TRUE,TRUE,TRUE,single_accepted_id
metasequoia glyptostroboides,1,1,1,1,1,Metasequoia glyptostroboides,accepted,wfo-0000452120,Metasequoia glyptostroboides,Cupressaceae,Metasequoia,species,TRUE,TRUE,TRUE,single_accepted_id
metrodorea nigra,1,1,1,1,1,Metrodorea nigra,accepted,wfo-0001247514,Metrodorea nigra,Rutaceae,Metrodorea,species,TRUE,TRUE,TRUE,single_accepted_id
metrodorea stipularis,1,1,1,1,1,Metrodorea stipularis,accepted,wfo-0001247519,Metrodorea stipularis,Rutaceae,Metrodorea,species,TRUE,TRUE,TRUE,single_accepted_id
mezoneuron benthamianum,1,1,1,1,1,Mezoneuron benthamianum,accepted,wfo-0000195047,Mezoneuron benthamianum,Fabaceae,Mezoneuron,species,FALSE,FALSE,TRUE,single_accepted_id
miconia myriantha,1,1,1,1,1,Miconia myriantha,accepted,wfo-0001080855,Miconia myriantha,Melastomataceae,Miconia,species,TRUE,TRUE,TRUE,single_accepted_id
miconia traillii,1,1,1,1,1,Miconia traillii,accepted,wfo-0001079886,Miconia traillii,Melastomataceae,Miconia,species,TRUE,TRUE,TRUE,single_accepted_id
microcitrus australasica,1,1,1,1,1,Microcitrus australasica,synonym,wfo-0000607946,Citrus australasica,Rutaceae,Citrus,species,TRUE,TRUE,FALSE,single_accepted_id
microcos paniculata,1,1,1,1,1,Microcos paniculata,accepted,wfo-0000451652,Microcos paniculata,Malvaceae,Microcos,species,TRUE,TRUE,TRUE,single_accepted_id
microdesmis keayana,1,1,1,1,1,Microdesmis keayana,accepted,wfo-0000243099,Microdesmis keayana,Pandaceae,Microdesmis,species,TRUE,TRUE,TRUE,single_accepted_id
microdon,1,1,1,1,1,Microdon,accepted,wfo-4000024102,Microdon,Scrophulariaceae,Microdon,genus,FALSE,FALSE,TRUE,single_accepted_id
microglossa pyrifolia,1,1,1,1,1,Microglossa pyrifolia,accepted,wfo-0000069777,Microglossa pyrifolia,Asteraceae,Microglossa,species,TRUE,TRUE,TRUE,single_accepted_id
microlepia marginata,1,1,1,1,1,Microlepia marginata,accepted,wfo-0001107360,Microlepia marginata,Dennstaedtiaceae,Microlepia,species,TRUE,TRUE,TRUE,single_accepted_id
micromeles ferruginea,1,1,1,1,1,Micromeles ferruginea,synonym,wfo-1000007916,Thomsonaria ferruginea,Rosaceae,Thomsonaria,species,TRUE,TRUE,FALSE,single_accepted_id
micromelum compressum,1,1,1,1,1,Micromelum compressum,accepted,wfo-0000452950,Micromelum compressum,Rutaceae,Micromelum,species,TRUE,TRUE,TRUE,single_accepted_id
micromelum minutum,1,1,1,1,1,Micromelum minutum,accepted,wfo-0000452910,Micromelum minutum,Rutaceae,Micromelum,species,TRUE,TRUE,TRUE,single_accepted_id
micromeria cristata,1,1,1,1,1,Micromeria cristata,accepted,wfo-0000243200,Micromeria cristata,Lamiaceae,Micromeria,species,TRUE,TRUE,TRUE,single_accepted_id
micromeria croatica,1,1,1,1,1,Micromeria croatica,accepted,wfo-0000243210,Micromeria croatica,Lamiaceae,Micromeria,species,FALSE,FALSE,TRUE,single_accepted_id
micromeria graeca,2,2,1,1,1,Micromeria graeca,accepted | unchecked,wfo-0000243277,Micromeria graeca,Lamiaceae,Micromeria,species,TRUE,TRUE,TRUE,single_accepted_id
micromeria marginata,1,1,1,1,1,Micromeria marginata,accepted,wfo-0000243354,Micromeria marginata,Lamiaceae,Micromeria,species,FALSE,FALSE,TRUE,single_accepted_id
microseris paludosa,1,1,1,1,1,Microseris paludosa,accepted,wfo-0000065695,Microseris paludosa,Asteraceae,Microseris,species,TRUE,TRUE,TRUE,single_accepted_id
microtropis fokienensis,1,1,1,1,1,Microtropis fokienensis,accepted,wfo-0001292770,Microtropis fokienensis,Celastraceae,Microtropis,species,TRUE,TRUE,TRUE,single_accepted_id
microtropis japonica,1,1,1,1,1,Microtropis japonica,accepted,wfo-0001275842,Microtropis japonica,Celastraceae,Microtropis,species,TRUE,TRUE,TRUE,single_accepted_id
mikania cynanchifolia,1,1,1,1,1,Mikania cynanchifolia,accepted,wfo-0000057823,Mikania cynanchifolia,Asteraceae,Mikania,species,FALSE,FALSE,TRUE,single_accepted_id
mikania grazielae,1,1,1,1,1,Mikania grazielae,accepted,wfo-0000087758,Mikania grazielae,Asteraceae,Mikania,species,TRUE,TRUE,TRUE,single_accepted_id
mikania purpurascens,2,2,1,1,1,Mikania purpurascens,accepted | synonym,wfo-0000115939,Mikania purpurascens,Asteraceae,Mikania,species,TRUE,TRUE,TRUE,single_accepted_id
milicia excelsa,1,1,1,1,1,Milicia excelsa,accepted,wfo-0000447908,Milicia excelsa,Moraceae,Milicia,species,TRUE,TRUE,TRUE,single_accepted_id
miliusa balansae,1,1,1,1,1,Miliusa balansae,accepted,wfo-0001032905,Miliusa balansae,Annonaceae,Miliusa,species,TRUE,TRUE,TRUE,single_accepted_id
miliusa sinensis,1,1,1,1,1,Miliusa sinensis,synonym,wfo-0001032905,Miliusa balansae,Annonaceae,Miliusa,species,TRUE,TRUE,FALSE,single_accepted_id
millettia,1,1,1,1,1,Millettia,accepted,wfo-4000024305,Millettia,Fabaceae,Millettia,genus,TRUE,TRUE,TRUE,single_accepted_id
millettia brandisiana,1,1,1,1,1,Millettia brandisiana,accepted,wfo-0000185916,Millettia brandisiana,Fabaceae,Millettia,species,TRUE,TRUE,TRUE,single_accepted_id
millettia conraui,1,1,1,1,1,Millettia conraui,accepted,wfo-0000199801,Millettia conraui,Fabaceae,Millettia,species,TRUE,TRUE,TRUE,single_accepted_id
millettia duchesnei,1,1,1,1,1,Millettia duchesnei,accepted,wfo-0000199865,Millettia duchesnei,Fabaceae,Millettia,species,TRUE,TRUE,TRUE,single_accepted_id
millettia dura,1,1,1,1,1,Millettia dura,accepted,wfo-0000199876,Millettia dura,Fabaceae,Millettia,species,TRUE,TRUE,TRUE,single_accepted_id
millettia erythrocalyx,1,1,1,1,1,Millettia erythrocalyx,accepted,wfo-0000187008,Millettia erythrocalyx,Fabaceae,Millettia,species,TRUE,TRUE,TRUE,single_accepted_id
millettia ferruginea,1,1,1,1,1,Millettia ferruginea,accepted,wfo-0000199980,Millettia ferruginea,Fabaceae,Millettia,species,TRUE,TRUE,TRUE,single_accepted_id
millettia griffoniana,1,1,1,1,1,Millettia griffoniana,accepted,wfo-0000200088,Millettia griffoniana,Fabaceae,Millettia,species,TRUE,TRUE,TRUE,single_accepted_id
millettia hemsleyana,1,1,1,1,1,Millettia hemsleyana,synonym,wfo-0000185891,Millettia xylocarpa,Fabaceae,Millettia,species,TRUE,TRUE,FALSE,single_accepted_id
millettia ichthyochtona,1,1,1,1,1,Millettia ichthyochtona,synonym,wfo-1000030199,Huchimingia ichthyochtona,Fabaceae,Huchimingia,species,TRUE,TRUE,FALSE,single_accepted_id
millettia laurentii,1,1,1,1,1,Millettia laurentii,accepted,wfo-0000200277,Millettia laurentii,Fabaceae,Millettia,species,TRUE,TRUE,TRUE,single_accepted_id
millettia nitida,2,2,1,1,1,Millettia nitida,synonym,wfo-0000193070,Callerya nitida,Fabaceae,Callerya,species,TRUE,TRUE,FALSE,single_accepted_id
millettia oblata,1,1,1,1,1,Millettia oblata,accepted,wfo-0000200477,Millettia oblata,Fabaceae,Millettia,species,TRUE,TRUE,TRUE,single_accepted_id
millettia ovalifolia,1,1,1,1,1,Millettia ovalifolia,synonym,wfo-0000205317,Derris ovalifolia,Fabaceae,Derris,species,TRUE,TRUE,FALSE,single_accepted_id
millettia pachycarpa,1,1,1,1,1,Millettia pachycarpa,synonym,wfo-1200008664,Derris taiwaniana,Fabaceae,Derris,species,TRUE,TRUE,FALSE,single_accepted_id
millettia pachyloba,1,1,1,1,1,Millettia pachyloba,accepted,wfo-0000197342,Millettia pachyloba,Fabaceae,Millettia,species,TRUE,TRUE,TRUE,single_accepted_id
millettia peguensis,1,1,1,1,1,Millettia peguensis,accepted,wfo-0000185904,Millettia peguensis,Fabaceae,Millettia,species,TRUE,TRUE,TRUE,single_accepted_id
millettia pendula,2,2,1,1,1,Millettia pendula,synonym | unchecked,wfo-1200002228,Imbralyx leucanthus var. leucanthus,Fabaceae,Imbralyx,variety,TRUE,TRUE,FALSE,single_accepted_id
millettia pinnata,1,1,1,1,1,Millettia pinnata,synonym,wfo-0000201168,Pongamia pinnata,Fabaceae,Pongamia,species,TRUE,TRUE,FALSE,single_accepted_id
millettia puguensis,1,1,1,1,1,Millettia puguensis,accepted,wfo-0000200593,Millettia puguensis,Fabaceae,Millettia,species,TRUE,TRUE,TRUE,single_accepted_id
millettia pulchra,2,2,1,1,1,Millettia pulchra,accepted | unchecked,wfo-0000186140,Millettia pulchra,Fabaceae,Millettia,species,TRUE,TRUE,TRUE,single_accepted_id
millettia rubiginosa,1,1,1,1,1,Millettia rubiginosa,accepted,wfo-0000185898,Millettia rubiginosa,Fabaceae,Millettia,species,TRUE,TRUE,TRUE,single_accepted_id
millettia sanagana,1,1,1,1,1,Millettia sanagana,accepted,wfo-0000200625,Millettia sanagana,Fabaceae,Millettia,species,TRUE,TRUE,TRUE,single_accepted_id
millettia sericea,1,1,1,1,1,Millettia sericea,accepted,wfo-1200041840,Millettia sericea,Fabaceae,Millettia,species,FALSE,FALSE,TRUE,single_accepted_id
millettia thonningii,1,1,1,1,1,Millettia thonningii,accepted,wfo-0000200787,Millettia thonningii,Fabaceae,Millettia,species,TRUE,TRUE,TRUE,single_accepted_id
millettia usaramensis,1,1,1,1,1,Millettia usaramensis,accepted,wfo-0000200818,Millettia usaramensis,Fabaceae,Millettia,species,TRUE,TRUE,TRUE,single_accepted_id
millettia vatkei,1,1,1,1,1,Millettia vatkei,accepted,wfo-0000374059,Millettia vatkei,Fabaceae,Millettia,species,FALSE,FALSE,TRUE,single_accepted_id
millettia xylocarpa,1,1,1,1,1,Millettia xylocarpa,accepted,wfo-0000185891,Millettia xylocarpa,Fabaceae,Millettia,species,FALSE,FALSE,TRUE,single_accepted_id
millingtonia hortensis,1,1,1,1,1,Millingtonia hortensis,accepted,wfo-0000778968,Millingtonia hortensis,Bignoniaceae,Millingtonia,species,TRUE,TRUE,TRUE,single_accepted_id
mimosa debilis var. debilis,1,1,1,1,1,Mimosa debilis var. debilis,accepted,wfo-0001062351,Mimosa debilis var. debilis,Fabaceae,Mimosa,variety,FALSE,FALSE,TRUE,single_accepted_id
mimosa diplotricha,2,2,1,1,1,Mimosa diplotricha,accepted | unchecked,wfo-0001053831,Mimosa diplotricha,Fabaceae,Mimosa,species,TRUE,TRUE,TRUE,single_accepted_id
mimosa zimapanensis,1,1,1,1,1,Mimosa zimapanensis,accepted,wfo-0001053233,Mimosa zimapanensis,Fabaceae,Mimosa,species,FALSE,FALSE,TRUE,single_accepted_id
mimulus aurantiacus,2,2,1,1,1,Mimulus aurantiacus,synonym | unchecked,wfo-0000650077,Diplacus aurantiacus,Phrymaceae,Diplacus,species,TRUE,TRUE,FALSE,single_accepted_id
minthostachys spicata,1,1,1,1,1,Minthostachys spicata,accepted,wfo-0000244772,Minthostachys spicata,Lamiaceae,Minthostachys,species,TRUE,TRUE,TRUE,single_accepted_id
mirabilis jalapa,1,1,1,1,1,Mirabilis jalapa,accepted,wfo-0000448428,Mirabilis jalapa,Nyctaginaceae,Mirabilis,species,TRUE,TRUE,TRUE,single_accepted_id
mitragyna speciosa,2,2,1,1,1,Mitragyna speciosa,accepted | unchecked,wfo-0000244943,Mitragyna speciosa,Rubiaceae,Mitragyna,species,TRUE,TRUE,TRUE,single_accepted_id
mitrella kentii,1,1,1,1,1,Mitrella kentii,synonym,wfo-1000028671,Pyramidanthe kentii,Annonaceae,Pyramidanthe,species,TRUE,TRUE,FALSE,single_accepted_id
miyamayomena koraiensis,1,1,1,1,1,Miyamayomena koraiensis,accepted,wfo-0000087700,Miyamayomena koraiensis,Asteraceae,Miyamayomena,species,FALSE,FALSE,TRUE,single_accepted_id
mnium hornum,1,1,1,1,1,Mnium hornum,accepted,wfo-0001187550,Mnium hornum,Mniaceae,Mnium,species,TRUE,TRUE,TRUE,single_accepted_id
mollugo pentaphylla,1,1,1,1,1,Mollugo pentaphylla,accepted,wfo-0001294503,Mollugo pentaphylla,Molluginaceae,Mollugo,species,TRUE,TRUE,TRUE,single_accepted_id
momordica foetida,1,1,1,1,1,Momordica foetida,accepted,wfo-0000377030,Momordica foetida,Cucurbitaceae,Momordica,species,TRUE,TRUE,TRUE,single_accepted_id
monachosorum henryi,1,1,1,1,1,Monachosorum henryi,accepted,wfo-0001124700,Monachosorum henryi,Dennstaedtiaceae,Monachosorum,species,TRUE,TRUE,TRUE,single_accepted_id
monanthotaxis cauliflora,1,1,1,1,1,Monanthotaxis cauliflora,accepted,wfo-0000372978,Monanthotaxis cauliflora,Annonaceae,Monanthotaxis,species,TRUE,TRUE,TRUE,single_accepted_id
monanthotaxis enghiana,1,1,1,1,1,Monanthotaxis enghiana,accepted,wfo-0001421793,Monanthotaxis enghiana,Annonaceae,Monanthotaxis,species,FALSE,FALSE,TRUE,single_accepted_id
monanthotaxis velutina,1,1,1,1,1,Monanthotaxis velutina,accepted,wfo-0001421801,Monanthotaxis velutina,Annonaceae,Monanthotaxis,species,FALSE,FALSE,TRUE,single_accepted_id
monarda didyma,1,1,1,1,1,Monarda didyma,accepted,wfo-0000245316,Monarda didyma,Lamiaceae,Monarda,species,TRUE,TRUE,TRUE,single_accepted_id
monopteryx inpae,2,2,1,1,1,Monopteryx inpae,accepted | unchecked,wfo-0000168729,Monopteryx inpae,Fabaceae,Monopteryx,species,TRUE,TRUE,TRUE,single_accepted_id
monotes africanus,1,1,1,1,1,Monotes africanus,accepted,wfo-0000377166,Monotes africanus,Dipterocarpaceae,Monotes,species,TRUE,TRUE,TRUE,single_accepted_id
monotes engleri,1,1,1,1,1,Monotes engleri,accepted,wfo-0001221376,Monotes engleri,Dipterocarpaceae,Monotes,species,TRUE,TRUE,TRUE,single_accepted_id
monteverdia aquifolium,1,1,1,1,1,Monteverdia aquifolium,synonym,wfo-0000369450,Maytenus aquifolium,Celastraceae,Maytenus,species,TRUE,TRUE,FALSE,single_accepted_id
monteverdia ilicifolia,1,1,1,1,1,Monteverdia ilicifolia,synonym,wfo-0000375199,Maytenus ilicifolia,Celastraceae,Maytenus,species,TRUE,TRUE,FALSE,single_accepted_id
monteverdia laevis,1,1,1,1,1,Monteverdia laevis,synonym,wfo-0000375144,Maytenus laevis,Celastraceae,Maytenus,species,TRUE,TRUE,FALSE,single_accepted_id
monteverdia rigida,1,1,1,1,1,Monteverdia rigida,synonym,wfo-0001292537,Maytenus rigida,Celastraceae,Maytenus,species,TRUE,TRUE,FALSE,single_accepted_id
monticalia vaccinioides,1,1,1,1,1,Monticalia vaccinioides,synonym,wfo-0000117662,Pentacalia vaccinioides,Asteraceae,Pentacalia,species,TRUE,TRUE,FALSE,single_accepted_id
moquilea pyrifolia,1,1,1,1,1,Moquilea pyrifolia,accepted,wfo-0000816402,Moquilea pyrifolia,Chrysobalanaceae,Moquilea,species,FALSE,FALSE,TRUE,single_accepted_id
moquiniastrum paniculatum,1,1,1,1,1,Moquiniastrum paniculatum,accepted,wfo-0001318544,Moquiniastrum paniculatum,Asteraceae,Moquiniastrum,species,TRUE,TRUE,TRUE,single_accepted_id
morella cerifera,1,1,1,1,1,Morella cerifera,synonym,wfo-0000447382,Myrica cerifera,Myricaceae,Myrica,species,TRUE,TRUE,FALSE,single_accepted_id
morella esculenta,1,1,1,1,1,Morella esculenta,synonym,wfo-0001229003,Myrica esculenta,Myricaceae,Myrica,species,TRUE,TRUE,FALSE,single_accepted_id
morella pensylvanica,1,1,1,1,1,Morella pensylvanica,synonym,wfo-0001085143,Myrica pensylvanica,Myricaceae,Myrica,species,TRUE,TRUE,FALSE,single_accepted_id
morella rubra,1,1,1,1,1,Morella rubra,synonym,wfo-0001085136,Myrica rubra,Myricaceae,Myrica,species,TRUE,TRUE,FALSE,single_accepted_id
morella serrata,1,1,1,1,1,Morella serrata,synonym,wfo-0000447295,Myrica serrata,Myricaceae,Myrica,species,TRUE,TRUE,FALSE,single_accepted_id
morinda citrifolia,1,1,1,1,1,Morinda citrifolia,accepted,wfo-0000245941,Morinda citrifolia,Rubiaceae,Morinda,species,TRUE,TRUE,TRUE,single_accepted_id
morus alba,1,1,1,1,1,Morus alba,accepted,wfo-0000447905,Morus alba,Moraceae,Morus,species,TRUE,TRUE,TRUE,single_accepted_id
morus australis,1,1,1,1,1,Morus australis,synonym,wfo-0000447884,Morus indica,Moraceae,Morus,species,TRUE,TRUE,FALSE,single_accepted_id
morus cathayana,1,1,1,1,1,Morus cathayana,accepted,wfo-0001228795,Morus cathayana,Moraceae,Morus,species,TRUE,TRUE,TRUE,single_accepted_id
morus indica,1,1,1,1,1,Morus indica,accepted,wfo-0000447884,Morus indica,Moraceae,Morus,species,FALSE,FALSE,TRUE,single_accepted_id
morus insignis,1,1,1,1,1,Morus insignis,accepted,wfo-0000447882,Morus insignis,Moraceae,Morus,species,TRUE,TRUE,TRUE,single_accepted_id
morus macroura,1,1,1,1,1,Morus macroura,accepted,wfo-0001245087,Morus macroura,Moraceae,Morus,species,TRUE,TRUE,TRUE,single_accepted_id
morus mesozygia,1,1,1,1,1,Morus mesozygia,accepted,wfo-0000447924,Morus mesozygia,Moraceae,Morus,species,TRUE,TRUE,TRUE,single_accepted_id
morus mongolica,1,1,1,1,1,Morus mongolica,accepted,wfo-0001230837,Morus mongolica,Moraceae,Morus,species,TRUE,TRUE,TRUE,single_accepted_id
morus multicaulis,1,1,1,1,1,Morus multicaulis,synonym,wfo-0000447905,Morus alba,Moraceae,Morus,species,TRUE,TRUE,FALSE,single_accepted_id
morus nigra,1,1,1,1,1,Morus nigra,accepted,wfo-0000447931,Morus nigra,Moraceae,Morus,species,TRUE,TRUE,TRUE,single_accepted_id
morus notabilis,1,1,1,1,1,Morus notabilis,accepted,wfo-0001240250,Morus notabilis,Moraceae,Morus,species,TRUE,TRUE,TRUE,single_accepted_id
morus wittiorum,1,1,1,1,1,Morus wittiorum,accepted,wfo-0001240094,Morus wittiorum,Moraceae,Morus,species,TRUE,TRUE,TRUE,single_accepted_id
mosla soochouensis,1,1,1,1,1,Mosla soochouensis,accepted,wfo-0000246376,Mosla soochouensis,Lamiaceae,Mosla,species,TRUE,TRUE,TRUE,single_accepted_id
moullava spicata,1,1,1,1,1,Moullava spicata,accepted,wfo-0000186810,Moullava spicata,Fabaceae,Moullava,species,FALSE,FALSE,TRUE,single_accepted_id
mucuna birdwoodiana,1,1,1,1,1,Mucuna birdwoodiana,accepted,wfo-0000185575,Mucuna birdwoodiana,Fabaceae,Mucuna,species,TRUE,TRUE,TRUE,single_accepted_id
mucuna membranacea,1,1,1,1,1,Mucuna membranacea,accepted,wfo-0000192373,Mucuna membranacea,Fabaceae,Mucuna,species,TRUE,TRUE,TRUE,single_accepted_id
muehlenbeckia hastulata,1,1,1,1,1,Muehlenbeckia hastulata,accepted,wfo-0000452355,Muehlenbeckia hastulata,Polygonaceae,Muehlenbeckia,species,TRUE,TRUE,TRUE,single_accepted_id
muehlenbeckia platyclados,1,1,1,1,1,Muehlenbeckia platyclados,accepted,wfo-0000452312,Muehlenbeckia platyclados,Polygonaceae,Muehlenbeckia,species,TRUE,TRUE,TRUE,single_accepted_id
muellera campestris,1,1,1,1,1,Muellera campestris,accepted,wfo-0001332654,Muellera campestris,Fabaceae,Muellera,species,FALSE,FALSE,TRUE,single_accepted_id
muellera fluvialis,1,1,1,1,1,Muellera fluvialis,accepted,wfo-0001052481,Muellera fluvialis,Fabaceae,Muellera,species,FALSE,FALSE,TRUE,single_accepted_id
muellera obtusa,1,1,1,1,1,Muellera obtusa,accepted,wfo-0001318198,Muellera obtusa,Fabaceae,Muellera,species,FALSE,FALSE,TRUE,single_accepted_id
muellera unifoliolata,1,1,1,1,1,Muellera unifoliolata,accepted,wfo-0001329356,Muellera unifoliolata,Fabaceae,Muellera,species,FALSE,FALSE,TRUE,single_accepted_id
mundulea chapelieri,2,2,1,1,1,Mundulea chapelieri,accepted | unchecked,wfo-0000196351,Mundulea chapelieri,Fabaceae,Mundulea,species,FALSE,TRUE,TRUE,single_accepted_id
mundulea sericea,1,1,1,1,1,Mundulea sericea,accepted,wfo-0000200952,Mundulea sericea,Fabaceae,Mundulea,species,TRUE,TRUE,TRUE,single_accepted_id
muntingia calabura,1,1,1,1,1,Muntingia calabura,accepted,wfo-0000451606,Muntingia calabura,Muntingiaceae,Muntingia,species,TRUE,TRUE,TRUE,single_accepted_id
murraya caloxylon,1,1,1,1,1,Murraya caloxylon,accepted,wfo-0001039028,Murraya caloxylon,Rutaceae,Murraya,species,FALSE,FALSE,TRUE,single_accepted_id
musa,1,1,1,1,1,Musa,accepted,wfo-4000025011,Musa,Musaceae,Musa,genus,TRUE,TRUE,TRUE,single_accepted_id
musa acuminata,1,1,1,1,1,Musa acuminata,accepted,wfo-0000473834,Musa acuminata,Musaceae,Musa,species,TRUE,TRUE,TRUE,single_accepted_id
musa balbisiana,1,1,1,1,1,Musa balbisiana,accepted,wfo-0000473990,Musa balbisiana,Musaceae,Musa,species,TRUE,TRUE,TRUE,single_accepted_id
musanga cecropioides,1,1,1,1,1,Musanga cecropioides,accepted,wfo-0000374733,Musanga cecropioides,Urticaceae,Musanga,species,TRUE,TRUE,TRUE,single_accepted_id
muscari armeniacum,1,1,1,1,1,Muscari armeniacum,accepted,wfo-0000694251,Muscari armeniacum,Asparagaceae,Muscari,species,TRUE,TRUE,TRUE,single_accepted_id
muscari comosum,1,1,1,1,1,Muscari comosum,synonym,wfo-0000686250,Leopoldia comosa,Asparagaceae,Leopoldia,species,TRUE,TRUE,FALSE,single_accepted_id
muscari neglectum,2,2,1,1,1,Muscari neglectum,accepted | unchecked,wfo-0000694909,Muscari neglectum,Asparagaceae,Muscari,species,TRUE,TRUE,TRUE,single_accepted_id
mussaenda hirsutissima,1,1,1,1,1,Mussaenda hirsutissima,accepted,wfo-0000246592,Mussaenda hirsutissima,Rubiaceae,Mussaenda,species,FALSE,TRUE,TRUE,single_accepted_id
mycaranthes angustifolia,1,1,1,1,1,Mycaranthes angustifolia,accepted,wfo-0001424929,Mycaranthes angustifolia,Orchidaceae,Mycaranthes,species,FALSE,FALSE,TRUE,single_accepted_id
myrcia chytraculia var. zuzygium,1,1,1,1,1,Myrcia chytraculia var. zuzygium,accepted,wfo-1200008288,Myrcia chytraculia var. zuzygium,Myrtaceae,Myrcia,variety,FALSE,FALSE,TRUE,single_accepted_id
myrcia multiflora,1,1,1,1,1,Myrcia multiflora,accepted,wfo-0000247667,Myrcia multiflora,Myrtaceae,Myrcia,species,TRUE,TRUE,TRUE,single_accepted_id
myrica cerifera,1,1,1,1,1,Myrica cerifera,accepted,wfo-0000447382,Myrica cerifera,Myricaceae,Myrica,species,TRUE,TRUE,TRUE,single_accepted_id
myrica esculenta,1,1,1,1,1,Myrica esculenta,accepted,wfo-0001229003,Myrica esculenta,Myricaceae,Myrica,species,FALSE,FALSE,TRUE,single_accepted_id
myrica gale,1,1,1,1,1,Myrica gale,accepted,wfo-0000447393,Myrica gale,Myricaceae,Myrica,species,TRUE,TRUE,TRUE,single_accepted_id
myrica pensylvanica,1,1,1,1,1,Myrica pensylvanica,accepted,wfo-0001085143,Myrica pensylvanica,Myricaceae,Myrica,species,FALSE,FALSE,TRUE,single_accepted_id
myrica rubra,1,1,1,1,1,Myrica rubra,accepted,wfo-0001085136,Myrica rubra,Myricaceae,Myrica,species,TRUE,TRUE,TRUE,single_accepted_id
myrica serrata,1,1,1,1,1,Myrica serrata,accepted,wfo-0000447295,Myrica serrata,Myricaceae,Myrica,species,FALSE,FALSE,TRUE,single_accepted_id
myriophyllum aquaticum,1,1,1,1,1,Myriophyllum aquaticum,accepted,wfo-0000373510,Myriophyllum aquaticum,Haloragaceae,Myriophyllum,species,TRUE,TRUE,TRUE,single_accepted_id
myristica ceylanica,1,1,1,1,1,Myristica ceylanica,accepted,wfo-0000447345,Myristica ceylanica,Myristicaceae,Myristica,species,TRUE,TRUE,TRUE,single_accepted_id
myristica fragrans,1,1,1,1,1,Myristica fragrans,accepted,wfo-0000447317,Myristica fragrans,Myristicaceae,Myristica,species,TRUE,TRUE,TRUE,single_accepted_id
myristica malabarica,1,1,1,1,1,Myristica malabarica,accepted,wfo-0000447776,Myristica malabarica,Myristicaceae,Myristica,species,TRUE,TRUE,TRUE,single_accepted_id
myroxylon balsamum,1,1,1,1,1,Myroxylon balsamum,accepted,wfo-0000212074,Myroxylon balsamum,Fabaceae,Myroxylon,species,TRUE,TRUE,TRUE,single_accepted_id
myroxylon peruiferum,1,1,1,1,1,Myroxylon peruiferum,accepted,wfo-0000174448,Myroxylon peruiferum,Fabaceae,Myroxylon,species,TRUE,TRUE,TRUE,single_accepted_id
myrsine ovalis var. ovalis,1,1,1,1,1,Myrsine ovalis var. ovalis,accepted,wfo-1200070233,Myrsine ovalis var. ovalis,Primulaceae,Myrsine,variety,FALSE,FALSE,TRUE,single_accepted_id
myrtus communis subsp. communis,1,1,1,1,1,Myrtus communis subsp. communis,accepted,wfo-0000248721,Myrtus communis subsp. communis,Myrtaceae,Myrtus,subspecies,FALSE,FALSE,TRUE,single_accepted_id
nageia nagi,1,1,1,1,1,Nageia nagi,accepted,wfo-0000380933,Nageia nagi,Podocarpaceae,Nageia,species,TRUE,TRUE,TRUE,single_accepted_id
nanhaia speciosa,1,1,1,1,1,Nanhaia speciosa,accepted,wfo-0001444004,Nanhaia speciosa,Fabaceae,Nanhaia,species,FALSE,FALSE,TRUE,single_accepted_id
nasturtium officinale,1,1,1,1,1,Nasturtium officinale,accepted,wfo-0000380323,Nasturtium officinale,Brassicaceae,Nasturtium,species,TRUE,TRUE,TRUE,single_accepted_id
neesia,1,1,1,1,1,Neesia,accepted,wfo-4000025487,Neesia,Malvaceae,Neesia,genus,FALSE,FALSE,TRUE,single_accepted_id
nekemias cantoniensis,1,1,1,1,1,Nekemias cantoniensis,accepted,wfo-0001340494,Nekemias cantoniensis,Vitaceae,Nekemias,species,FALSE,FALSE,TRUE,single_accepted_id
nekemias grossedentata,1,1,1,1,1,Nekemias grossedentata,accepted,wfo-0001340501,Nekemias grossedentata,Vitaceae,Nekemias,species,FALSE,FALSE,TRUE,single_accepted_id
nelia pillansii,1,1,1,1,1,Nelia pillansii,accepted,wfo-0001293672,Nelia pillansii,Aizoaceae,Nelia,species,TRUE,TRUE,TRUE,single_accepted_id
neltuma glandulosa,1,1,1,1,1,Neltuma glandulosa,accepted,wfo-0000170593,Neltuma glandulosa,Fabaceae,Neltuma,species,FALSE,FALSE,TRUE,single_accepted_id
neltuma juliflora,1,1,1,1,1,Neltuma juliflora,accepted,wfo-0000184288,Neltuma juliflora,Fabaceae,Neltuma,species,FALSE,FALSE,TRUE,single_accepted_id
nelumbo nucifera,1,1,1,1,1,Nelumbo nucifera,accepted,wfo-0000382378,Nelumbo nucifera,Nelumbonaceae,Nelumbo,species,TRUE,TRUE,TRUE,single_accepted_id
neolitsea aurata,1,1,1,1,1,Neolitsea aurata,accepted,wfo-0001071585,Neolitsea aurata,Lauraceae,Neolitsea,species,TRUE,TRUE,TRUE,single_accepted_id
neolitsea cassia,1,1,1,1,1,Neolitsea cassia,accepted,wfo-0001248993,Neolitsea cassia,Lauraceae,Neolitsea,species,FALSE,FALSE,TRUE,single_accepted_id
neolitsea daibuensis,1,1,1,1,1,Neolitsea daibuensis,accepted,wfo-0001071974,Neolitsea daibuensis,Lauraceae,Neolitsea,species,TRUE,TRUE,TRUE,single_accepted_id
neolitsea parvigemma,1,1,1,1,1,Neolitsea parvigemma,accepted,wfo-0001071959,Neolitsea parvigemma,Lauraceae,Neolitsea,species,TRUE,TRUE,TRUE,single_accepted_id
neolitsea sericea,1,1,1,1,1,Neolitsea sericea,accepted,wfo-0001071933,Neolitsea sericea,Lauraceae,Neolitsea,species,TRUE,TRUE,TRUE,single_accepted_id
neomirandea angularis,1,1,1,1,1,Neomirandea angularis,accepted,wfo-0000115358,Neomirandea angularis,Asteraceae,Neomirandea,species,TRUE,TRUE,TRUE,single_accepted_id
neoraputia magnifica,2,2,1,1,1,Neoraputia magnifica,accepted | synonym,wfo-0000744331,Neoraputia magnifica,Rutaceae,Neoraputia,species,TRUE,TRUE,TRUE,single_accepted_id
neorautanenia,1,1,1,1,1,Neorautanenia,accepted,wfo-4000025822,Neorautanenia,Fabaceae,Neorautanenia,genus,TRUE,TRUE,TRUE,single_accepted_id
neorautanenia amboensis,1,1,1,1,1,Neorautanenia amboensis,synonym,wfo-0000182738,Neorautanenia mitis,Fabaceae,Neorautanenia,species,TRUE,TRUE,FALSE,single_accepted_id
neorautanenia mitis,1,1,1,1,1,Neorautanenia mitis,accepted,wfo-0000182738,Neorautanenia mitis,Fabaceae,Neorautanenia,species,TRUE,TRUE,TRUE,single_accepted_id
nepeta tenuifolia,1,1,1,1,1,Nepeta tenuifolia,accepted,wfo-0000251404,Nepeta tenuifolia,Lamiaceae,Nepeta,species,TRUE,TRUE,TRUE,single_accepted_id
neustanthus phaseoloides,1,1,1,1,1,Neustanthus phaseoloides,accepted,wfo-0000183176,Neustanthus phaseoloides,Fabaceae,Neustanthus,species,FALSE,FALSE,TRUE,single_accepted_id
nierembergia hippomanica,1,1,1,1,1,Nierembergia hippomanica,synonym,wfo-0001024101,Nierembergia linariifolia,Solanaceae,Nierembergia,species,TRUE,TRUE,FALSE,single_accepted_id
nierembergia linariifolia,1,1,1,1,1,Nierembergia linariifolia,accepted,wfo-0001024101,Nierembergia linariifolia,Solanaceae,Nierembergia,species,TRUE,TRUE,TRUE,single_accepted_id
norantea guianensis,1,1,1,1,1,Norantea guianensis,accepted,wfo-0000382227,Norantea guianensis,Marcgraviaceae,Norantea,species,TRUE,TRUE,TRUE,single_accepted_id
nothofagus alpina,1,1,1,1,1,Nothofagus alpina,accepted,wfo-0000252103,Nothofagus alpina,Nothofagaceae,Nothofagus,species,TRUE,TRUE,TRUE,single_accepted_id
nothofagus fusca,1,1,1,1,1,Nothofagus fusca,accepted,wfo-0000252131,Nothofagus fusca,Nothofagaceae,Nothofagus,species,TRUE,TRUE,TRUE,single_accepted_id
nothofagus pumilio,2,2,1,1,1,Nothofagus pumilio,accepted | synonym,wfo-0000252158,Nothofagus pumilio,Nothofagaceae,Nothofagus,species,TRUE,TRUE,TRUE,single_accepted_id
notholaena neglecta,1,1,1,1,1,Notholaena neglecta,accepted,wfo-0001109196,Notholaena neglecta,Pteridaceae,Notholaena,species,TRUE,TRUE,TRUE,single_accepted_id
nymphaea ampla,1,1,1,1,1,Nymphaea ampla,accepted,wfo-0000381455,Nymphaea ampla,Nymphaeaceae,Nymphaea,species,TRUE,TRUE,TRUE,single_accepted_id
nymphaea caerulea,1,1,1,1,1,Nymphaea caerulea,synonym,wfo-0000382052,Nymphaea nouchali var. caerulea,Nymphaeaceae,Nymphaea,variety,TRUE,TRUE,FALSE,single_accepted_id
nymphaea micrantha,1,1,1,1,1,Nymphaea micrantha,accepted,wfo-0000382046,Nymphaea micrantha,Nymphaeaceae,Nymphaea,species,TRUE,TRUE,TRUE,single_accepted_id
nymphaea nouchali var. caerulea,1,1,1,1,1,Nymphaea nouchali var. caerulea,accepted,wfo-0000382052,Nymphaea nouchali var. caerulea,Nymphaeaceae,Nymphaea,variety,FALSE,FALSE,TRUE,single_accepted_id
ochna afzelii,1,1,1,1,1,Ochna afzelii,accepted,wfo-0000388902,Ochna afzelii,Ochnaceae,Ochna,species,TRUE,TRUE,TRUE,single_accepted_id
ochna calodendron,1,1,1,1,1,Ochna calodendron,accepted,wfo-0000388934,Ochna calodendron,Ochnaceae,Ochna,species,TRUE,TRUE,TRUE,single_accepted_id
ochna gamblei,1,1,1,1,1,Ochna gamblei,accepted,wfo-0000389999,Ochna gamblei,Ochnaceae,Ochna,species,TRUE,TRUE,TRUE,single_accepted_id
ochna integerrima,1,1,1,1,1,Ochna integerrima,accepted,wfo-0001087253,Ochna integerrima,Ochnaceae,Ochna,species,TRUE,TRUE,TRUE,single_accepted_id
ochna macrocalyx,1,1,1,1,1,Ochna macrocalyx,accepted,wfo-0001087202,Ochna macrocalyx,Ochnaceae,Ochna,species,TRUE,TRUE,TRUE,single_accepted_id
ochna obtusata,1,1,1,1,1,Ochna obtusata,accepted,wfo-0000389154,Ochna obtusata,Ochnaceae,Ochna,species,TRUE,TRUE,TRUE,single_accepted_id
ocimum basilicum,1,1,1,1,1,Ocimum basilicum,accepted,wfo-0000253230,Ocimum basilicum,Lamiaceae,Ocimum,species,TRUE,TRUE,TRUE,single_accepted_id
ocotea,1,1,1,1,1,Ocotea,accepted,wfo-4000026514,Ocotea,Lauraceae,Ocotea,genus,TRUE,TRUE,TRUE,single_accepted_id
ocotea porosa,1,1,1,1,1,Ocotea porosa,accepted,wfo-0000383291,Ocotea porosa,Lauraceae,Ocotea,species,TRUE,TRUE,TRUE,single_accepted_id
ocotea porphyria,1,1,1,1,1,Ocotea porphyria,accepted,wfo-0001231380,Ocotea porphyria,Lauraceae,Ocotea,species,TRUE,TRUE,TRUE,single_accepted_id
odontosoria schlechtendalii,1,1,1,1,1,Odontosoria schlechtendalii,accepted,wfo-0001113068,Odontosoria schlechtendalii,Lindsaeaceae,Odontosoria,species,FALSE,FALSE,TRUE,single_accepted_id
oenothera biennis,2,2,1,1,1,Oenothera biennis | Oenothera biennis subf. latifolia,accepted | synonym,wfo-0000389564,Oenothera biennis,Onagraceae,Oenothera,species,TRUE,TRUE,TRUE,single_accepted_id
oenothera fruticosa,1,1,1,1,1,Oenothera fruticosa,accepted,wfo-0001087414,Oenothera fruticosa,Onagraceae,Oenothera,species,TRUE,TRUE,TRUE,single_accepted_id
oenothera spachiana,1,1,1,1,1,Oenothera spachiana,accepted,wfo-0001087553,Oenothera spachiana,Onagraceae,Oenothera,species,TRUE,TRUE,TRUE,single_accepted_id
oenothera speciosa,1,1,1,1,1,Oenothera speciosa,accepted,wfo-0000389747,Oenothera speciosa,Onagraceae,Oenothera,species,TRUE,TRUE,TRUE,single_accepted_id
okoubaka aubrevillei,1,1,1,1,1,Okoubaka aubrevillei,accepted,wfo-0000388170,Okoubaka aubrevillei,Santalaceae,Okoubaka,species,TRUE,TRUE,TRUE,single_accepted_id
olea europaea subsp. europaea,1,1,1,1,1,Olea europaea subsp. europaea,accepted,wfo-0000834630,Olea europaea subsp. europaea,Oleaceae,Olea,subspecies,FALSE,FALSE,TRUE,single_accepted_id
olearia brachyphylla,1,1,1,1,1,Olearia brachyphylla,accepted,wfo-0000037141,Olearia brachyphylla,Asteraceae,Olearia,species,TRUE,TRUE,TRUE,single_accepted_id
onobrychis cyri,1,1,1,1,1,Onobrychis cyri,accepted,wfo-0000213873,Onobrychis cyri,Fabaceae,Onobrychis,species,TRUE,TRUE,TRUE,single_accepted_id
onobrychis ebenoides,1,1,1,1,1,Onobrychis ebenoides,accepted,wfo-0000213876,Onobrychis ebenoides,Fabaceae,Onobrychis,species,TRUE,TRUE,TRUE,single_accepted_id
onobrychis montana,1,1,1,1,1,Onobrychis montana,accepted,wfo-0000213879,Onobrychis montana,Fabaceae,Onobrychis,species,FALSE,FALSE,TRUE,single_accepted_id
onoclea orientalis,1,1,1,1,1,Onoclea orientalis,synonym,wfo-0001232479,Pentarhizidium orientale,Onocleaceae,Pentarhizidium,species,TRUE,TRUE,FALSE,single_accepted_id
ononis alopecuroides subsp. alopecuroides,1,1,1,1,1,Ononis alopecuroides subsp. alopecuroides,accepted,wfo-0000212835,Ononis alopecuroides subsp. alopecuroides,Fabaceae,Ononis,subspecies,FALSE,FALSE,TRUE,single_accepted_id
ononis arvensis,1,1,1,1,1,Ononis arvensis,accepted,wfo-0000183367,Ononis arvensis,Fabaceae,Ononis,species,TRUE,TRUE,TRUE,single_accepted_id
ononis baetica,1,1,1,1,1,Ononis baetica,accepted,wfo-0000213892,Ononis baetica,Fabaceae,Ononis,species,FALSE,FALSE,TRUE,single_accepted_id
ononis biflora,1,1,1,1,1,Ononis biflora,accepted,wfo-0000212849,Ononis biflora,Fabaceae,Ononis,species,TRUE,TRUE,TRUE,single_accepted_id
ononis cristata,1,1,1,1,1,Ononis cristata,accepted,wfo-0000212857,Ononis cristata,Fabaceae,Ononis,species,TRUE,TRUE,TRUE,single_accepted_id
ononis diffusa,1,1,1,1,1,Ononis diffusa,accepted,wfo-0000212860,Ononis diffusa,Fabaceae,Ononis,species,FALSE,FALSE,TRUE,single_accepted_id
ononis fruticosa,1,1,1,1,1,Ononis fruticosa,accepted,wfo-0000212865,Ononis fruticosa,Fabaceae,Ononis,species,TRUE,TRUE,TRUE,single_accepted_id
ononis hispida,1,1,1,1,1,Ononis hispida,accepted,wfo-0000212867,Ononis hispida,Fabaceae,Ononis,species,TRUE,TRUE,TRUE,single_accepted_id
ononis mitissima,1,1,1,1,1,Ononis mitissima,accepted,wfo-0000212877,Ononis mitissima,Fabaceae,Ononis,species,TRUE,TRUE,TRUE,single_accepted_id
ononis natrix subsp. hispanica,1,1,1,1,1,Ononis natrix subsp. hispanica,accepted,wfo-0000212886,Ononis natrix subsp. hispanica,Fabaceae,Ononis,subspecies,FALSE,FALSE,TRUE,single_accepted_id
ononis natrix subsp. natrix,1,1,1,1,1,Ononis natrix subsp. natrix,accepted,wfo-0000212887,Ononis natrix subsp. natrix,Fabaceae,Ononis,subspecies,FALSE,FALSE,TRUE,single_accepted_id
ononis oligophylla,1,1,1,1,1,Ononis oligophylla,accepted,wfo-0000213899,Ononis oligophylla,Fabaceae,Ononis,species,TRUE,TRUE,TRUE,single_accepted_id
ononis pinnata,1,1,1,1,1,Ononis pinnata,accepted,wfo-0000212901,Ononis pinnata,Fabaceae,Ononis,species,TRUE,TRUE,TRUE,single_accepted_id
ononis pubescens,1,1,1,1,1,Ononis pubescens,accepted,wfo-0000212906,Ononis pubescens,Fabaceae,Ononis,species,TRUE,TRUE,TRUE,single_accepted_id
ononis pusilla,1,1,1,1,1,Ononis pusilla,accepted,wfo-0000212907,Ononis pusilla,Fabaceae,Ononis,species,TRUE,TRUE,TRUE,single_accepted_id
ononis pusilla subsp. pusilla,1,1,1,1,1,Ononis pusilla subsp. pusilla,accepted,wfo-0000186148,Ononis pusilla subsp. pusilla,Fabaceae,Ononis,subspecies,FALSE,FALSE,TRUE,single_accepted_id
ononis ramosissima,1,1,1,1,1,Ononis ramosissima,accepted,wfo-0000214388,Ononis ramosissima,Fabaceae,Ononis,species,FALSE,FALSE,TRUE,single_accepted_id
ononis reclinata subsp. minor,1,1,1,1,1,Ononis reclinata subsp. minor,accepted,wfo-0001428327,Ononis reclinata subsp. minor,Fabaceae,Ononis,subspecies,FALSE,FALSE,TRUE,single_accepted_id
ononis rotundifolia,1,1,1,1,1,Ononis rotundifolia,accepted,wfo-0000213901,Ononis rotundifolia,Fabaceae,Ononis,species,TRUE,TRUE,TRUE,single_accepted_id
ononis speciosa,1,1,1,1,1,Ononis speciosa,accepted,wfo-0000212915,Ononis speciosa,Fabaceae,Ononis,species,TRUE,TRUE,TRUE,single_accepted_id
ononis spinosa subsp. antiquorum,1,1,1,1,1,Ononis spinosa subsp. antiquorum,accepted,wfo-0000212844,Ononis spinosa subsp. antiquorum,Fabaceae,Ononis,subspecies,FALSE,FALSE,TRUE,single_accepted_id
ononis subspicata,1,1,1,1,1,Ononis subspicata,synonym,wfo-0000213892,Ononis baetica,Fabaceae,Ononis,species,TRUE,TRUE,FALSE,single_accepted_id
ononis vaginalis,1,1,1,1,1,Ononis vaginalis,accepted,wfo-0000186976,Ononis vaginalis,Fabaceae,Ononis,species,TRUE,TRUE,TRUE,single_accepted_id
ononis variegata,1,1,1,1,1,Ononis variegata,accepted,wfo-0000212924,Ononis variegata,Fabaceae,Ononis,species,TRUE,TRUE,TRUE,single_accepted_id
ononis viscosa subsp. brachycarpa,1,1,1,1,1,Ononis viscosa subsp. brachycarpa,accepted,wfo-0000212927,Ononis viscosa subsp. brachycarpa,Fabaceae,Ononis,subspecies,FALSE,FALSE,TRUE,single_accepted_id
ononis viscosa subsp. breviflora,1,1,1,1,1,Ononis viscosa subsp. breviflora,accepted,wfo-0000212928,Ononis viscosa subsp. breviflora,Fabaceae,Ononis,subspecies,FALSE,FALSE,TRUE,single_accepted_id
ononis viscosa subsp. viscosa,1,1,1,1,1,Ononis viscosa subsp. viscosa,accepted,wfo-0000212929,Ononis viscosa subsp. viscosa,Fabaceae,Ononis,subspecies,FALSE,FALSE,TRUE,single_accepted_id
onopordum boissierianum,1,1,1,1,1,Onopordum boissierianum,accepted,wfo-0000016533,Onopordum boissierianum,Asteraceae,Onopordum,species,TRUE,TRUE,TRUE,single_accepted_id
onopordum illyricum,1,1,1,1,1,Onopordum illyricum,accepted,wfo-0000061670,Onopordum illyricum,Asteraceae,Onopordum,species,TRUE,TRUE,TRUE,single_accepted_id
onopordum laconicum,1,1,1,1,1,Onopordum laconicum,accepted,wfo-0000052252,Onopordum laconicum,Asteraceae,Onopordum,species,TRUE,TRUE,TRUE,single_accepted_id
onopordum myriacanthum,1,1,1,1,1,Onopordum myriacanthum,accepted,wfo-0000013604,Onopordum myriacanthum,Asteraceae,Onopordum,species,TRUE,TRUE,TRUE,single_accepted_id
onychium siliculosum,1,1,1,1,1,Onychium siliculosum,accepted,wfo-0001117710,Onychium siliculosum,Pteridaceae,Onychium,species,TRUE,TRUE,TRUE,single_accepted_id
ophiorrhiza blumeana,1,1,1,1,1,Ophiorrhiza blumeana,accepted,wfo-0000256913,Ophiorrhiza blumeana,Rubiaceae,Ophiorrhiza,species,TRUE,TRUE,TRUE,single_accepted_id
ophiorrhiza ridleyi,1,1,1,1,1,Ophiorrhiza ridleyi,accepted,wfo-0000257223,Ophiorrhiza ridleyi,Rubiaceae,Ophiorrhiza,species,FALSE,FALSE,TRUE,single_accepted_id
ophryosporus charua,1,1,1,1,1,Ophryosporus charua,accepted,wfo-0000127376,Ophryosporus charua,Asteraceae,Ophryosporus,species,TRUE,TRUE,TRUE,single_accepted_id
ophryosporus floribundus,1,1,1,1,1,Ophryosporus floribundus,accepted,wfo-0000089530,Ophryosporus floribundus,Asteraceae,Ophryosporus,species,TRUE,TRUE,TRUE,single_accepted_id
ophryosporus heptanthus,1,1,1,1,1,Ophryosporus heptanthus,accepted,wfo-0000017338,Ophryosporus heptanthus,Asteraceae,Ophryosporus,species,TRUE,TRUE,TRUE,single_accepted_id
ophryosporus macrodon,1,1,1,1,1,Ophryosporus macrodon,accepted,wfo-0000118441,Ophryosporus macrodon,Asteraceae,Ophryosporus,species,TRUE,TRUE,TRUE,single_accepted_id
opuntia ficus-indica,1,1,1,1,1,Opuntia ficus-indica,accepted,wfo-0000385761,Opuntia ficus-indica,Cactaceae,Opuntia,species,TRUE,TRUE,TRUE,single_accepted_id
oreobolus kuekenthalii,1,1,1,1,1,Oreobolus kuekenthalii,accepted,wfo-0000481355,Oreobolus kuekenthalii,Cyperaceae,Oreobolus,species,FALSE,FALSE,TRUE,single_accepted_id
oreobolus pumilio,1,1,1,1,1,Oreobolus pumilio,accepted,wfo-0000481465,Oreobolus pumilio,Cyperaceae,Oreobolus,species,TRUE,TRUE,TRUE,single_accepted_id
origanum compactum,1,1,1,1,1,Origanum compactum,accepted,wfo-0000260576,Origanum compactum,Lamiaceae,Origanum,species,TRUE,TRUE,TRUE,single_accepted_id
origanum dictamnus,1,1,1,1,1,Origanum dictamnus,accepted,wfo-0000260590,Origanum dictamnus,Lamiaceae,Origanum,species,TRUE,TRUE,TRUE,single_accepted_id
origanum vulgare subsp. viridulum,1,1,1,1,1,Origanum vulgare subsp. viridulum,accepted,wfo-0000260775,Origanum vulgare subsp. viridulum,Lamiaceae,Origanum,subspecies,FALSE,FALSE,TRUE,single_accepted_id
ormocarpum kirkii,1,1,1,1,1,Ormocarpum kirkii,accepted,wfo-0000175963,Ormocarpum kirkii,Fabaceae,Ormocarpum,species,TRUE,TRUE,TRUE,single_accepted_id
ormosia excelsa,1,1,1,1,1,Ormosia excelsa,accepted,wfo-0000174156,Ormosia excelsa,Fabaceae,Ormosia,species,TRUE,TRUE,TRUE,single_accepted_id
ormosia henryi,2,2,1,1,1,Ormosia henryi,accepted | synonym,wfo-0000197170,Ormosia henryi,Fabaceae,Ormosia,species,TRUE,TRUE,TRUE,single_accepted_id
ormosia monosperma,1,1,1,1,1,Ormosia monosperma,accepted,wfo-0000168281,Ormosia monosperma,Fabaceae,Ormosia,species,TRUE,TRUE,TRUE,single_accepted_id
ormosia sumatrana,1,1,1,1,1,Ormosia sumatrana,accepted,wfo-0000185591,Ormosia sumatrana,Fabaceae,Ormosia,species,TRUE,TRUE,TRUE,single_accepted_id
ornithogalum caudatum,1,1,1,1,1,Ornithogalum caudatum,synonym,wfo-0000911272,Albuca bracteata,Asparagaceae,Albuca,species,TRUE,TRUE,FALSE,single_accepted_id
ornithopus sativus,1,1,1,1,1,Ornithopus sativus,accepted,wfo-0000205829,Ornithopus sativus,Fabaceae,Ornithopus,species,TRUE,TRUE,TRUE,single_accepted_id
oroxylum indicum,1,1,1,1,1,Oroxylum indicum,accepted,wfo-0000779181,Oroxylum indicum,Bignoniaceae,Oroxylum,species,TRUE,TRUE,TRUE,single_accepted_id
orthosiphon aristatus var. aristatus,1,1,1,1,1,Orthosiphon aristatus var. aristatus,accepted,wfo-0000619648,Orthosiphon aristatus var. aristatus,Lamiaceae,Orthosiphon,variety,FALSE,FALSE,TRUE,single_accepted_id
orthosiphon grandiflorus,3,3,1,1,1,Orthosiphon grandiflorus,synonym | unchecked,wfo-0000619648,Orthosiphon aristatus var. aristatus,Lamiaceae,Orthosiphon,variety,TRUE,TRUE,FALSE,single_accepted_id
oryza aristata,2,2,1,1,1,Oryza aristata,synonym | unchecked,wfo-0000882438,Oryza sativa,Poaceae,Oryza,species,TRUE,TRUE,FALSE,single_accepted_id
oryza sativa,7,7,1,1,1,Oryza sativa | Oryza sativa prol. brevijaponica | Oryza sativa prol. nudijaponica | Oryza sativa prol. nudindojaponica | Oryza sativa prol. verindojaponicoides | Oryza sativa prol. verohumilojaponicoides | Oryza sativa prol. verojaponicoides,accepted | synonym,wfo-0000882438,Oryza sativa,Poaceae,Oryza,species,TRUE,TRUE,TRUE,single_accepted_id
osyris alba,1,1,1,1,1,Osyris alba,accepted,wfo-0000388250,Osyris alba,Santalaceae,Osyris,species,TRUE,TRUE,TRUE,single_accepted_id
ougeinia oojeinensis,1,1,1,1,1,Ougeinia oojeinensis,accepted,wfo-0000186403,Ougeinia oojeinensis,Fabaceae,Ougeinia,species,FALSE,FALSE,TRUE,single_accepted_id
ouratea hexasperma,1,1,1,1,1,Ouratea hexasperma,accepted,wfo-0001225500,Ouratea hexasperma,Ochnaceae,Ouratea,species,TRUE,TRUE,TRUE,single_accepted_id
ouratea multiflora,1,1,1,1,1,Ouratea multiflora,accepted,wfo-0001087211,Ouratea multiflora,Ochnaceae,Ouratea,species,TRUE,TRUE,TRUE,single_accepted_id
ouratea semiserrata,1,1,1,1,1,Ouratea semiserrata,accepted,wfo-0001087021,Ouratea semiserrata,Ochnaceae,Ouratea,species,TRUE,TRUE,TRUE,single_accepted_id
oxytropis argentata subsp. argentata,1,1,1,1,1,Oxytropis argentata subsp. argentata,accepted,wfo-0001425630,Oxytropis argentata subsp. argentata,Fabaceae,Oxytropis,subspecies,FALSE,FALSE,TRUE,single_accepted_id
oxytropis lambertii var. lambertii,1,1,1,1,1,Oxytropis lambertii var. lambertii,accepted,wfo-0000179376,Oxytropis lambertii var. lambertii,Fabaceae,Oxytropis,variety,FALSE,FALSE,TRUE,single_accepted_id
oxytropis muricata,1,1,1,1,1,Oxytropis muricata,accepted,wfo-0000186851,Oxytropis muricata,Fabaceae,Oxytropis,species,TRUE,TRUE,TRUE,single_accepted_id
oxytropis puberula,1,1,1,1,1,Oxytropis puberula,accepted,wfo-0000188967,Oxytropis puberula,Fabaceae,Oxytropis,species,TRUE,TRUE,TRUE,single_accepted_id
oxytropis racemosa,1,1,1,1,1,Oxytropis racemosa,accepted,wfo-0000199072,Oxytropis racemosa,Fabaceae,Oxytropis,species,TRUE,TRUE,TRUE,single_accepted_id
oxytropis trichophysa,1,1,1,1,1,Oxytropis trichophysa,accepted,wfo-0000199113,Oxytropis trichophysa,Fabaceae,Oxytropis,species,TRUE,TRUE,TRUE,single_accepted_id
ozothamnus stirlingii,1,1,1,1,1,Ozothamnus stirlingii,accepted,wfo-0000091572,Ozothamnus stirlingii,Asteraceae,Ozothamnus,species,TRUE,TRUE,TRUE,single_accepted_id
pachyrhizus,1,1,1,1,1,Pachyrhizus,accepted,wfo-4000027698,Pachyrhizus,Fabaceae,Pachyrhizus,genus,TRUE,TRUE,TRUE,single_accepted_id
pachyrhizus erosus,2,2,1,1,1,Pachyrhizus erosus,accepted | unchecked,wfo-0000183119,Pachyrhizus erosus,Fabaceae,Pachyrhizus,species,TRUE,TRUE,TRUE,single_accepted_id
pachyrhizus tuberosus,1,1,1,1,1,Pachyrhizus tuberosus,accepted,wfo-0000178282,Pachyrhizus tuberosus,Fabaceae,Pachyrhizus,species,TRUE,TRUE,TRUE,single_accepted_id
paeonia lactiflora,1,1,1,1,1,Paeonia lactiflora,accepted,wfo-0000480479,Paeonia lactiflora,Paeoniaceae,Paeonia,species,TRUE,TRUE,TRUE,single_accepted_id
paeonia obovata,1,1,1,1,1,Paeonia obovata,accepted,wfo-0000480650,Paeonia obovata,Paeoniaceae,Paeonia,species,TRUE,TRUE,TRUE,single_accepted_id
pakau pennigera,1,1,1,1,1,Pakau pennigera,accepted,wfo-1000028275,Pakau pennigera,Thelypteridaceae,Pakau,species,FALSE,FALSE,TRUE,single_accepted_id
paliurus spina-christi,1,1,1,1,1,Paliurus spina-christi,accepted,wfo-0000471780,Paliurus spina-christi,Rhamnaceae,Paliurus,species,FALSE,FALSE,TRUE,single_accepted_id
panax quinquefolius,1,1,1,1,1,Panax quinquefolius,accepted,wfo-0000263699,Panax quinquefolius,Araliaceae,Panax,species,TRUE,TRUE,TRUE,single_accepted_id
pancratium biflorum,1,1,1,1,1,Pancratium biflorum,accepted,wfo-0000728348,Pancratium biflorum,Amaryllidaceae,Pancratium,species,TRUE,TRUE,TRUE,single_accepted_id
pancratium maritimum,1,1,1,1,1,Pancratium maritimum,accepted,wfo-0000729569,Pancratium maritimum,Amaryllidaceae,Pancratium,species,TRUE,TRUE,TRUE,single_accepted_id
panda oleosa,1,1,1,1,1,Panda oleosa,accepted,wfo-0000263757,Panda oleosa,Pandaceae,Panda,species,TRUE,TRUE,TRUE,single_accepted_id
papaver somniferum,1,1,1,1,1,Papaver somniferum,accepted,wfo-0000480963,Papaver somniferum,Papaveraceae,Papaver,species,TRUE,TRUE,TRUE,single_accepted_id
parablechnum cordatum,1,1,1,1,1,Parablechnum cordatum,accepted,wfo-0001346882,Parablechnum cordatum,Blechnaceae,Parablechnum,species,TRUE,TRUE,TRUE,single_accepted_id
paracalyx,1,1,1,1,1,Paracalyx,accepted,wfo-4000027976,Paracalyx,Fabaceae,Paracalyx,genus,TRUE,TRUE,TRUE,single_accepted_id
paracalyx scariosus,1,1,1,1,1,Paracalyx scariosus,accepted,wfo-0000193473,Paracalyx scariosus,Fabaceae,Paracalyx,species,TRUE,TRUE,TRUE,single_accepted_id
paraderris elliptica,1,1,1,1,1,Paraderris elliptica,synonym,wfo-0000186905,Derris elliptica,Fabaceae,Derris,species,TRUE,TRUE,FALSE,single_accepted_id
parameria laevigata,1,1,1,1,1,Parameria laevigata,synonym,wfo-0001425303,Urceola laevigata,Apocynaceae,Urceola,species,TRUE,TRUE,FALSE,single_accepted_id
paramignya griffithii,1,1,1,1,1,Paramignya griffithii,synonym,wfo-1200112385,Paramignya scandens var. scandens,Rutaceae,Paramignya,variety,TRUE,TRUE,FALSE,single_accepted_id
paramignya scandens,2,2,1,1,1,Paramignya scandens,accepted | unchecked,wfo-0000470443,Paramignya scandens,Rutaceae,Paramignya,species,TRUE,TRUE,TRUE,single_accepted_id
paramignya scandens var. scandens,1,1,1,1,1,Paramignya scandens var. scandens,accepted,wfo-1200112385,Paramignya scandens var. scandens,Rutaceae,Paramignya,variety,FALSE,FALSE,TRUE,single_accepted_id
parapiptadenia rigida,1,1,1,1,1,Parapiptadenia rigida,accepted,wfo-0000168342,Parapiptadenia rigida,Fabaceae,Parapiptadenia,species,TRUE,TRUE,TRUE,single_accepted_id
parartocarpus bracteatus,1,1,1,1,1,Parartocarpus bracteatus,accepted,wfo-0000473944,Parartocarpus bracteatus,Moraceae,Parartocarpus,species,TRUE,TRUE,TRUE,single_accepted_id
parathelypteris japonica,1,1,1,1,1,Parathelypteris japonica,synonym,wfo-0001335486,Coryphopteris japonica,Thelypteridaceae,Coryphopteris,species,TRUE,TRUE,FALSE,single_accepted_id
parinari,1,1,1,1,1,Parinari,accepted,wfo-4000028205,Parinari,Chrysobalanaceae,Parinari,genus,TRUE,TRUE,TRUE,single_accepted_id
parinari anamensis,1,1,1,1,1,Parinari anamensis,accepted,wfo-0000817702,Parinari anamensis,Chrysobalanaceae,Parinari,species,TRUE,TRUE,TRUE,single_accepted_id
parinari brasiliensis,1,1,1,1,1,Parinari brasiliensis,accepted,wfo-0000817666,Parinari brasiliensis,Chrysobalanaceae,Parinari,species,TRUE,TRUE,TRUE,single_accepted_id
parinari campestris,1,1,1,1,1,Parinari campestris,accepted,wfo-0000817668,Parinari campestris,Chrysobalanaceae,Parinari,species,TRUE,TRUE,TRUE,single_accepted_id
parinari chocoensis,1,1,1,1,1,Parinari chocoensis,accepted,wfo-0000817889,Parinari chocoensis,Chrysobalanaceae,Parinari,species,TRUE,TRUE,TRUE,single_accepted_id
parinari congensis,1,1,1,1,1,Parinari congensis,accepted,wfo-0000817673,Parinari congensis,Chrysobalanaceae,Parinari,species,TRUE,TRUE,TRUE,single_accepted_id
parinari congolana,1,1,1,1,1,Parinari congolana,accepted,wfo-0000817674,Parinari congolana,Chrysobalanaceae,Parinari,species,TRUE,TRUE,TRUE,single_accepted_id
parinari costata,1,1,1,1,1,Parinari costata,accepted,wfo-0000817680,Parinari costata,Chrysobalanaceae,Parinari,species,TRUE,TRUE,TRUE,single_accepted_id
parinari curatellifolia,1,1,1,1,1,Parinari curatellifolia,accepted,wfo-0000817683,Parinari curatellifolia,Chrysobalanaceae,Parinari,species,TRUE,TRUE,TRUE,single_accepted_id
parinari excelsa,1,1,1,1,1,Parinari excelsa,accepted,wfo-0000817744,Parinari excelsa,Chrysobalanaceae,Parinari,species,TRUE,TRUE,TRUE,single_accepted_id
parinari insularum,1,1,1,1,1,Parinari insularum,accepted,wfo-0000818029,Parinari insularum,Chrysobalanaceae,Parinari,species,TRUE,TRUE,TRUE,single_accepted_id
parinari klugii,1,1,1,1,1,Parinari klugii,accepted,wfo-0000817883,Parinari klugii,Chrysobalanaceae,Parinari,species,TRUE,TRUE,TRUE,single_accepted_id
parinari littoralis,1,1,1,1,1,Parinari littoralis,accepted,wfo-0000817882,Parinari littoralis,Chrysobalanaceae,Parinari,species,TRUE,TRUE,TRUE,single_accepted_id
parinari maguirei,1,1,1,1,1,Parinari maguirei,accepted,wfo-0000817881,Parinari maguirei,Chrysobalanaceae,Parinari,species,TRUE,TRUE,TRUE,single_accepted_id
parinari nonda,1,1,1,1,1,Parinari nonda,accepted,wfo-0000817756,Parinari nonda,Chrysobalanaceae,Parinari,species,TRUE,TRUE,TRUE,single_accepted_id
parinari oblongifolia,1,1,1,1,1,Parinari oblongifolia,accepted,wfo-0000817758,Parinari oblongifolia,Chrysobalanaceae,Parinari,species,TRUE,TRUE,TRUE,single_accepted_id
parinari occidentalis,1,1,1,1,1,Parinari occidentalis,accepted,wfo-0000817878,Parinari occidentalis,Chrysobalanaceae,Parinari,species,TRUE,TRUE,TRUE,single_accepted_id
parinari pachyphylla,1,1,1,1,1,Parinari pachyphylla,accepted,wfo-0000817715,Parinari pachyphylla,Chrysobalanaceae,Parinari,species,TRUE,TRUE,TRUE,single_accepted_id
parinari parvifolia,1,1,1,1,1,Parinari parvifolia,accepted,wfo-0000817860,Parinari parvifolia,Chrysobalanaceae,Parinari,species,TRUE,TRUE,TRUE,single_accepted_id
parinari sprucei,1,1,1,1,1,Parinari sprucei,accepted,wfo-0000818046,Parinari sprucei,Chrysobalanaceae,Parinari,species,TRUE,TRUE,TRUE,single_accepted_id
parinari sumatrana,1,1,1,1,1,Parinari sumatrana,accepted,wfo-0000818062,Parinari sumatrana,Chrysobalanaceae,Parinari,species,TRUE,TRUE,TRUE,single_accepted_id
parkia timoriana,1,1,1,1,1,Parkia timoriana,accepted,wfo-0000178891,Parkia timoriana,Fabaceae,Parkia,species,FALSE,FALSE,TRUE,single_accepted_id
parnassia grandifolia,1,1,1,1,1,Parnassia grandifolia,accepted,wfo-0001135400,Parnassia grandifolia,Celastraceae,Parnassia,species,TRUE,TRUE,TRUE,single_accepted_id
paronychia argentea,1,1,1,1,1,Paronychia argentea,accepted,wfo-0000466806,Paronychia argentea,Caryophyllaceae,Paronychia,species,TRUE,TRUE,TRUE,single_accepted_id
parrotia persica,1,1,1,1,1,Parrotia persica,accepted,wfo-0000467450,Parrotia persica,Hamamelidaceae,Parrotia,species,TRUE,TRUE,TRUE,single_accepted_id
parthenocissus semicordata var. semicordata,1,1,1,1,1,Parthenocissus semicordata var. semicordata,accepted,wfo-0001245969,Parthenocissus semicordata var. semicordata,Vitaceae,Parthenocissus,variety,FALSE,FALSE,TRUE,single_accepted_id
parthenocissus tricuspidata,1,1,1,1,1,Parthenocissus tricuspidata,accepted,wfo-0000474320,Parthenocissus tricuspidata,Vitaceae,Parthenocissus,species,TRUE,TRUE,TRUE,single_accepted_id
passiflora serratodigitata,1,1,1,1,1,Passiflora serratodigitata,accepted,wfo-0001090767,Passiflora serratodigitata,Passifloraceae,Passiflora,species,TRUE,TRUE,TRUE,single_accepted_id
passiflora sexflora,1,1,1,1,1,Passiflora sexflora,accepted,wfo-0000480111,Passiflora sexflora,Passifloraceae,Passiflora,species,TRUE,TRUE,TRUE,single_accepted_id
patellifolia procumbens,1,1,1,1,1,Patellifolia procumbens,accepted,wfo-0000395224,Patellifolia procumbens,Amaranthaceae,Patellifolia,species,FALSE,FALSE,TRUE,single_accepted_id
patersonia fragilis,1,1,1,1,1,Patersonia fragilis,accepted,wfo-0000785824,Patersonia fragilis,Iridaceae,Patersonia,species,TRUE,TRUE,TRUE,single_accepted_id
patersonia glabrata,1,1,1,1,1,Patersonia glabrata,accepted,wfo-0000785825,Patersonia glabrata,Iridaceae,Patersonia,species,TRUE,TRUE,TRUE,single_accepted_id
patersonia occidentalis,1,1,1,1,1,Patersonia occidentalis,accepted,wfo-0000785685,Patersonia occidentalis,Iridaceae,Patersonia,species,TRUE,TRUE,TRUE,single_accepted_id
patersonia sericea,1,1,1,1,1,Patersonia sericea,accepted,wfo-0000785697,Patersonia sericea,Iridaceae,Patersonia,species,TRUE,TRUE,TRUE,single_accepted_id
patrinia scabra,1,1,1,1,1,Patrinia scabra,accepted,wfo-0001225090,Patrinia scabra,Caprifoliaceae,Patrinia,species,TRUE,TRUE,TRUE,single_accepted_id
paullinia cupana,1,1,1,1,1,Paullinia cupana,accepted,wfo-0000471124,Paullinia cupana,Sapindaceae,Paullinia,species,TRUE,TRUE,TRUE,single_accepted_id
paulownia tomentosa,2,2,1,1,1,Paulownia tomentosa,accepted | unchecked,wfo-0000470767,Paulownia tomentosa,Paulowniaceae,Paulownia,species,TRUE,TRUE,TRUE,single_accepted_id
pavetta owariensis,1,1,1,1,1,Pavetta owariensis,accepted,wfo-0000265725,Pavetta owariensis,Rubiaceae,Pavetta,species,TRUE,TRUE,TRUE,single_accepted_id
pelargonium reniforme,1,1,1,1,1,Pelargonium reniforme,accepted,wfo-0001064361,Pelargonium reniforme,Geraniaceae,Pelargonium,species,TRUE,TRUE,TRUE,single_accepted_id
pelargonium sidoides,1,1,1,1,1,Pelargonium sidoides,accepted,wfo-0001221559,Pelargonium sidoides,Geraniaceae,Pelargonium,species,TRUE,TRUE,TRUE,single_accepted_id
peltogyne catingae,1,1,1,1,1,Peltogyne catingae,accepted,wfo-0000168357,Peltogyne catingae,Fabaceae,Peltogyne,species,TRUE,TRUE,TRUE,single_accepted_id
peltogyne confertiflora,1,1,1,1,1,Peltogyne confertiflora,accepted,wfo-0000183518,Peltogyne confertiflora,Fabaceae,Peltogyne,species,TRUE,TRUE,TRUE,single_accepted_id
peltogyne floribunda,1,1,1,1,1,Peltogyne floribunda,accepted,wfo-0000168359,Peltogyne floribunda,Fabaceae,Peltogyne,species,TRUE,TRUE,TRUE,single_accepted_id
peltogyne paniculata,1,1,1,1,1,Peltogyne paniculata,accepted,wfo-0000174172,Peltogyne paniculata,Fabaceae,Peltogyne,species,TRUE,TRUE,TRUE,single_accepted_id
peltogyne porphyrocardia,1,1,1,1,1,Peltogyne porphyrocardia,synonym,wfo-0000168359,Peltogyne floribunda,Fabaceae,Peltogyne,species,TRUE,TRUE,FALSE,single_accepted_id
peltogyne recifensis,1,1,1,1,1,Peltogyne recifensis,accepted,wfo-0000168367,Peltogyne recifensis,Fabaceae,Peltogyne,species,TRUE,TRUE,TRUE,single_accepted_id
peltogyne venosa,1,1,1,1,1,Peltogyne venosa,accepted,wfo-0000186735,Peltogyne venosa,Fabaceae,Peltogyne,species,TRUE,TRUE,TRUE,single_accepted_id
peltophorum africanum,1,1,1,1,1,Peltophorum africanum,accepted,wfo-0000194865,Peltophorum africanum,Fabaceae,Peltophorum,species,TRUE,TRUE,TRUE,single_accepted_id
peltophorum pterocarpum,1,1,1,1,1,Peltophorum pterocarpum,accepted,wfo-0000178769,Peltophorum pterocarpum,Fabaceae,Peltophorum,species,TRUE,TRUE,TRUE,single_accepted_id
penstemon serrulatus,1,1,1,1,1,Penstemon serrulatus,accepted,wfo-0001136600,Penstemon serrulatus,Plantaginaceae,Penstemon,species,TRUE,TRUE,TRUE,single_accepted_id
pentacalia vaccinioides,1,1,1,1,1,Pentacalia vaccinioides,accepted,wfo-0000117662,Pentacalia vaccinioides,Asteraceae,Pentacalia,species,FALSE,FALSE,TRUE,single_accepted_id
pentadesma butyracea,1,1,1,1,1,Pentadesma butyracea,accepted,wfo-0000395230,Pentadesma butyracea,Clusiaceae,Pentadesma,species,TRUE,TRUE,TRUE,single_accepted_id
pentagramma,1,1,1,1,1,Pentagramma,accepted,wfo-4000028587,Pentagramma,Pteridaceae,Pentagramma,genus,TRUE,TRUE,TRUE,single_accepted_id
pentagramma pallida,1,1,1,1,1,Pentagramma pallida,accepted,wfo-0001114297,Pentagramma pallida,Pteridaceae,Pentagramma,species,TRUE,TRUE,TRUE,single_accepted_id
pentagramma triangularis,1,1,1,1,1,Pentagramma triangularis,accepted,wfo-0001114298,Pentagramma triangularis,Pteridaceae,Pentagramma,species,TRUE,TRUE,TRUE,single_accepted_id
pentarhizidium orientale,1,1,1,1,1,Pentarhizidium orientale,accepted,wfo-0001232479,Pentarhizidium orientale,Onocleaceae,Pentarhizidium,species,FALSE,FALSE,TRUE,single_accepted_id
peperomia acuminata,1,1,1,1,1,Peperomia acuminata,accepted,wfo-0000478224,Peperomia acuminata,Piperaceae,Peperomia,species,FALSE,FALSE,TRUE,single_accepted_id
peperomia blanda,1,1,1,1,1,Peperomia blanda,accepted,wfo-0000478029,Peperomia blanda,Piperaceae,Peperomia,species,TRUE,TRUE,TRUE,single_accepted_id
peperomia dimota,1,1,1,1,1,Peperomia dimota,accepted,wfo-0001263853,Peperomia dimota,Piperaceae,Peperomia,species,FALSE,FALSE,TRUE,single_accepted_id
peperomia emarginulata,1,1,1,1,1,Peperomia emarginulata,accepted,wfo-0000478562,Peperomia emarginulata,Piperaceae,Peperomia,species,FALSE,FALSE,TRUE,single_accepted_id
peperomia humilis var. cumulicola,1,1,1,1,1,Peperomia humilis var. cumulicola,accepted,wfo-0001411584,Peperomia humilis var. cumulicola,Piperaceae,Peperomia,variety,FALSE,FALSE,TRUE,single_accepted_id
peperomia obtusifolia var. obtusifolia,1,1,1,1,1,Peperomia obtusifolia var. obtusifolia,accepted,wfo-0001093056,Peperomia obtusifolia var. obtusifolia,Piperaceae,Peperomia,variety,FALSE,FALSE,TRUE,single_accepted_id
pericallis cruenta,2,2,1,1,1,Pericallis cruenta,accepted | unchecked,wfo-0000139031,Pericallis cruenta,Asteraceae,Pericallis,species,TRUE,TRUE,TRUE,single_accepted_id
pericallis hybrida,1,1,1,1,1,Pericallis hybrida,accepted,wfo-0000074849,Pericallis hybrida,Asteraceae,Pericallis,species,TRUE,TRUE,TRUE,single_accepted_id
pericopsis,1,1,1,1,1,Pericopsis,accepted,wfo-4000028753,Pericopsis,Fabaceae,Pericopsis,genus,TRUE,TRUE,TRUE,single_accepted_id
pericopsis angolensis,1,1,1,1,1,Pericopsis angolensis,accepted,wfo-0000212075,Pericopsis angolensis,Fabaceae,Pericopsis,species,TRUE,TRUE,TRUE,single_accepted_id
pericopsis elata,1,1,1,1,1,Pericopsis elata,accepted,wfo-0000212083,Pericopsis elata,Fabaceae,Pericopsis,species,TRUE,TRUE,TRUE,single_accepted_id
pericopsis laxiflora,1,1,1,1,1,Pericopsis laxiflora,accepted,wfo-0000212085,Pericopsis laxiflora,Fabaceae,Pericopsis,species,TRUE,TRUE,TRUE,single_accepted_id
pericopsis mooniana,1,1,1,1,1,Pericopsis mooniana,accepted,wfo-0000185594,Pericopsis mooniana,Fabaceae,Pericopsis,species,TRUE,TRUE,TRUE,single_accepted_id
perilla frutescens,1,1,1,1,1,Perilla frutescens,accepted,wfo-0000267281,Perilla frutescens,Lamiaceae,Perilla,species,TRUE,TRUE,TRUE,single_accepted_id
perityle vaseyi,1,1,1,1,1,Perityle vaseyi,accepted,wfo-0000073677,Perityle vaseyi,Asteraceae,Perityle,species,TRUE,TRUE,TRUE,single_accepted_id
perovskia abrotanoides,1,1,1,1,1,Perovskia abrotanoides,synonym,wfo-0001428614,Salvia abrotanoides,Lamiaceae,Salvia,species,TRUE,TRUE,FALSE,single_accepted_id
perovskia atriplicifolia,1,1,1,1,1,Perovskia atriplicifolia,synonym,wfo-0001427364,Salvia yangii,Lamiaceae,Salvia,species,TRUE,TRUE,FALSE,single_accepted_id
persea americana,1,1,1,1,1,Persea americana,accepted,wfo-0000465160,Persea americana,Lauraceae,Persea,species,TRUE,TRUE,TRUE,single_accepted_id
persicaria amphibia,1,1,1,1,1,Persicaria amphibia,accepted,wfo-0000488056,Persicaria amphibia,Polygonaceae,Persicaria,species,FALSE,FALSE,TRUE,single_accepted_id
persicaria barbata,1,1,1,1,1,Persicaria barbata,accepted,wfo-0000488084,Persicaria barbata,Polygonaceae,Persicaria,species,TRUE,TRUE,TRUE,single_accepted_id
persicaria decipiens,1,1,1,1,1,Persicaria decipiens,accepted,wfo-0000488020,Persicaria decipiens,Polygonaceae,Persicaria,species,TRUE,TRUE,TRUE,single_accepted_id
persicaria ferruginea,1,1,1,1,1,Persicaria ferruginea,accepted,wfo-0000488041,Persicaria ferruginea,Polygonaceae,Persicaria,species,TRUE,TRUE,TRUE,single_accepted_id
persicaria hydropiper,3,3,1,1,1,Persicaria hydropiper,accepted | synonym,wfo-0000488426,Persicaria hydropiper,Polygonaceae,Persicaria,species,TRUE,TRUE,TRUE,single_accepted_id
persicaria lapathifolia,2,2,1,1,1,Persicaria lapathifolia,accepted | synonym,wfo-0000488400,Persicaria lapathifolia,Polygonaceae,Persicaria,species,TRUE,TRUE,TRUE,single_accepted_id
persicaria limbata,2,2,1,1,1,Persicaria limbata,accepted | unchecked,wfo-0000488472,Persicaria limbata,Polygonaceae,Persicaria,species,TRUE,TRUE,TRUE,single_accepted_id
persicaria maculosa,1,1,1,1,1,Persicaria maculosa,accepted,wfo-0000488462,Persicaria maculosa,Polygonaceae,Persicaria,species,FALSE,FALSE,TRUE,single_accepted_id
persicaria muricata,1,1,1,1,1,Persicaria muricata,synonym,wfo-0001245700,Polygonum muricatum,Polygonaceae,Polygonum,species,TRUE,TRUE,FALSE,single_accepted_id
persicaria nepalensis,2,2,1,1,1,Persicaria nepalensis,accepted | synonym,wfo-0000488438,Persicaria nepalensis,Polygonaceae,Persicaria,species,TRUE,TRUE,TRUE,single_accepted_id
persicaria orientalis,2,2,1,1,1,Persicaria orientalis,accepted | unchecked,wfo-0000488434,Persicaria orientalis,Polygonaceae,Persicaria,species,TRUE,TRUE,TRUE,single_accepted_id
persicaria perfoliata,1,1,1,1,1,Persicaria perfoliata,synonym,wfo-0000489147,Polygonum perfoliatum,Polygonaceae,Polygonum,species,TRUE,TRUE,FALSE,single_accepted_id
persicaria senegalensis,1,1,1,1,1,Persicaria senegalensis,accepted,wfo-0000488300,Persicaria senegalensis,Polygonaceae,Persicaria,species,TRUE,TRUE,TRUE,single_accepted_id
perymenium hintonii,1,1,1,1,1,Perymenium hintonii,accepted,wfo-0000013649,Perymenium hintonii,Asteraceae,Perymenium,species,TRUE,TRUE,TRUE,single_accepted_id
petiveria alliacea,1,1,1,1,1,Petiveria alliacea,accepted,wfo-0000481950,Petiveria alliacea,Petiveriaceae,Petiveria,species,TRUE,TRUE,TRUE,single_accepted_id
petrorhagia dubia,1,1,1,1,1,Petrorhagia dubia,accepted,wfo-0000395411,Petrorhagia dubia,Caryophyllaceae,Petrorhagia,species,TRUE,TRUE,TRUE,single_accepted_id
petrosedum pruinatum,1,1,1,1,1,Petrosedum pruinatum,accepted,wfo-0000396514,Petrosedum pruinatum,Crassulaceae,Petrosedum,species,TRUE,TRUE,TRUE,single_accepted_id
petrosedum rupestre,1,1,1,1,1,Petrosedum rupestre,accepted,wfo-0000396537,Petrosedum rupestre,Crassulaceae,Petrosedum,species,FALSE,FALSE,TRUE,single_accepted_id
petrosedum sediforme,1,1,1,1,1,Petrosedum sediforme,accepted,wfo-0000396518,Petrosedum sediforme,Crassulaceae,Petrosedum,species,FALSE,FALSE,TRUE,single_accepted_id
petroselinum crispum,2,2,1,1,1,Petroselinum crispum,accepted | synonym,wfo-0000745326,Petroselinum crispum,Apiaceae,Petroselinum,species,TRUE,TRUE,TRUE,single_accepted_id
petunia,1,1,1,1,1,Petunia,accepted,wfo-4000028997,Petunia,Solanaceae,Petunia,genus,TRUE,TRUE,TRUE,single_accepted_id
petunia atkinsiana,1,1,1,1,1,Petunia atkinsiana,accepted,wfo-0001024407,Petunia atkinsiana,Solanaceae,Petunia,species,TRUE,TRUE,TRUE,single_accepted_id
petunia exserta,1,1,1,1,1,Petunia exserta,accepted,wfo-0001024427,Petunia exserta,Solanaceae,Petunia,species,TRUE,TRUE,TRUE,single_accepted_id
petunia hybrida,1,1,1,1,1,Petunia hybrida,synonym,wfo-0001024407,Petunia atkinsiana,Solanaceae,Petunia,species,TRUE,TRUE,FALSE,single_accepted_id
petunia inflata,1,1,1,1,1,Petunia inflata,accepted,wfo-0001024436,Petunia inflata,Solanaceae,Petunia,species,TRUE,TRUE,TRUE,single_accepted_id
peucephyllum schottii,1,1,1,1,1,Peucephyllum schottii,accepted,wfo-0000043931,Peucephyllum schottii,Asteraceae,Peucephyllum,species,TRUE,TRUE,TRUE,single_accepted_id
phalaenopsis equestris,1,1,1,1,1,Phalaenopsis equestris,accepted,wfo-0000268204,Phalaenopsis equestris,Orchidaceae,Phalaenopsis,species,TRUE,TRUE,TRUE,single_accepted_id
phalaenopsis sanderiana,1,1,1,1,1,Phalaenopsis sanderiana,accepted,wfo-0000268306,Phalaenopsis sanderiana,Orchidaceae,Phalaenopsis,species,TRUE,TRUE,TRUE,single_accepted_id
phalaenopsis schilleriana,1,1,1,1,1,Phalaenopsis schilleriana,accepted,wfo-0000268310,Phalaenopsis schilleriana,Orchidaceae,Phalaenopsis,species,TRUE,TRUE,TRUE,single_accepted_id
phanera roxburghiana,1,1,1,1,1,Phanera roxburghiana,accepted,wfo-1000003003,Phanera roxburghiana,Fabaceae,Phanera,species,FALSE,FALSE,TRUE,single_accepted_id
phanera vahlii,1,1,1,1,1,Phanera vahlii,accepted,wfo-0000186828,Phanera vahlii,Fabaceae,Phanera,species,FALSE,FALSE,TRUE,single_accepted_id
phaseolus coccineus,2,2,1,1,1,Phaseolus coccineus,accepted | synonym,wfo-0000183242,Phaseolus coccineus,Fabaceae,Phaseolus,species,TRUE,TRUE,TRUE,single_accepted_id
phaseolus lunatus,1,1,1,1,1,Phaseolus lunatus,accepted,wfo-0000183263,Phaseolus lunatus,Fabaceae,Phaseolus,species,TRUE,TRUE,TRUE,single_accepted_id
phedimus stolonifer,1,1,1,1,1,Phedimus stolonifer,accepted,wfo-0001277002,Phedimus stolonifer,Crassulaceae,Phedimus,species,FALSE,FALSE,TRUE,single_accepted_id
phedimus stoloniferus,1,1,1,1,1,Phedimus stoloniferus,accepted,wfo-0000396540,Phedimus stoloniferus,Crassulaceae,Phedimus,species,TRUE,TRUE,TRUE,single_accepted_id
phellodendron amurense,1,1,1,1,1,Phellodendron amurense,accepted,wfo-0000470314,Phellodendron amurense,Rutaceae,Phellodendron,species,TRUE,TRUE,TRUE,single_accepted_id
phellodendron chinense,1,1,1,1,1,Phellodendron chinense,accepted,wfo-0000470377,Phellodendron chinense,Rutaceae,Phellodendron,species,TRUE,TRUE,TRUE,single_accepted_id
philenoptera laxiflora,1,1,1,1,1,Philenoptera laxiflora,accepted,wfo-0000199463,Philenoptera laxiflora,Fabaceae,Philenoptera,species,FALSE,FALSE,TRUE,single_accepted_id
philotheca gardneri,1,1,1,1,1,Philotheca gardneri,accepted,wfo-0001263468,Philotheca gardneri,Rutaceae,Philotheca,species,TRUE,TRUE,TRUE,single_accepted_id
philotheca rhomboidea,1,1,1,1,1,Philotheca rhomboidea,accepted,wfo-0001263476,Philotheca rhomboidea,Rutaceae,Philotheca,species,TRUE,TRUE,TRUE,single_accepted_id
philotheca tomentella,1,1,1,1,1,Philotheca tomentella,accepted,wfo-0001263484,Philotheca tomentella,Rutaceae,Philotheca,species,TRUE,TRUE,TRUE,single_accepted_id
phlebodium aureum,1,1,1,1,1,Phlebodium aureum,accepted,wfo-0001109224,Phlebodium aureum,Polypodiaceae,Phlebodium,species,TRUE,TRUE,TRUE,single_accepted_id
phlebodium decumanum,1,1,1,1,1,Phlebodium decumanum,accepted,wfo-0001109225,Phlebodium decumanum,Polypodiaceae,Phlebodium,species,TRUE,TRUE,TRUE,single_accepted_id
phlebodium inaequale,1,1,1,1,1,Phlebodium inaequale,accepted,wfo-0001113817,Phlebodium inaequale,Polypodiaceae,Phlebodium,species,FALSE,FALSE,TRUE,single_accepted_id
phlomis aurea,1,1,1,1,1,Phlomis aurea,accepted,wfo-0000269191,Phlomis aurea,Lamiaceae,Phlomis,species,TRUE,TRUE,TRUE,single_accepted_id
phlomis floccosa,1,1,1,1,1,Phlomis floccosa,accepted,wfo-0000269294,Phlomis floccosa,Lamiaceae,Phlomis,species,TRUE,TRUE,TRUE,single_accepted_id
phlomis nissolii,1,1,1,1,1,Phlomis nissolii,accepted,wfo-0000269413,Phlomis nissolii,Lamiaceae,Phlomis,species,TRUE,TRUE,TRUE,single_accepted_id
phoebe formosana,1,1,1,1,1,Phoebe formosana,accepted,wfo-0001070680,Phoebe formosana,Lauraceae,Phoebe,species,TRUE,TRUE,TRUE,single_accepted_id
phoenix dactylifera,1,1,1,1,1,Phoenix dactylifera,accepted,wfo-0000269752,Phoenix dactylifera,Arecaceae,Phoenix,species,TRUE,TRUE,TRUE,single_accepted_id
phoenix loureiroi,1,1,1,1,1,Phoenix loureiroi,accepted,wfo-0000269784,Phoenix loureiroi,Arecaceae,Phoenix,species,TRUE,TRUE,TRUE,single_accepted_id
phoenix sylvestris,1,1,1,1,1,Phoenix sylvestris,accepted,wfo-0000269807,Phoenix sylvestris,Arecaceae,Phoenix,species,TRUE,TRUE,TRUE,single_accepted_id
pholidota chinensis,1,1,1,1,1,Pholidota chinensis,synonym,wfo-0000907176,Coelogyne chinensis,Orchidaceae,Coelogyne,species,TRUE,TRUE,FALSE,single_accepted_id
phonus arborescens,1,1,1,1,1,Phonus arborescens,accepted,wfo-0000032213,Phonus arborescens,Asteraceae,Phonus,species,TRUE,TRUE,TRUE,single_accepted_id
phyla dulcis,1,1,1,1,1,Phyla dulcis,synonym,wfo-0000228801,Lippia dulcis,Verbenaceae,Lippia,species,TRUE,TRUE,FALSE,single_accepted_id
phyllanthus amarus,1,1,1,1,1,Phyllanthus amarus,accepted,wfo-0000270441,Phyllanthus amarus,Phyllanthaceae,Phyllanthus,species,TRUE,TRUE,TRUE,single_accepted_id
phyllanthus atropurpureus,2,2,1,1,1,Phyllanthus atropurpureus,synonym | unchecked,wfo-0000412108,Breynia disticha,Phyllanthaceae,Breynia,species,TRUE,TRUE,FALSE,single_accepted_id
phyllanthus emblica,1,1,1,1,1,Phyllanthus emblica,accepted,wfo-0000270932,Phyllanthus emblica,Phyllanthaceae,Phyllanthus,species,TRUE,TRUE,TRUE,single_accepted_id
phyllanthus graveolens subsp. benthamianus,1,1,1,1,1,Phyllanthus graveolens subsp. benthamianus,accepted,wfo-0000492110,Phyllanthus graveolens subsp. benthamianus,Phyllanthaceae,Phyllanthus,subspecies,FALSE,FALSE,TRUE,single_accepted_id
phyllanthus klotzschianus,1,1,1,1,1,Phyllanthus klotzschianus,accepted,wfo-0000271281,Phyllanthus klotzschianus,Phyllanthaceae,Phyllanthus,species,TRUE,TRUE,TRUE,single_accepted_id
phyllanthus niruri,1,1,1,1,1,Phyllanthus niruri,accepted,wfo-0000271623,Phyllanthus niruri,Phyllanthaceae,Phyllanthus,species,TRUE,TRUE,TRUE,single_accepted_id
phyllanthus reticulatus,1,1,1,1,1,Phyllanthus reticulatus,accepted,wfo-0000271947,Phyllanthus reticulatus,Phyllanthaceae,Phyllanthus,species,TRUE,TRUE,TRUE,single_accepted_id
phyllanthus sellowianus,1,1,1,1,1,Phyllanthus sellowianus,accepted,wfo-0000272071,Phyllanthus sellowianus,Phyllanthaceae,Phyllanthus,species,TRUE,TRUE,TRUE,single_accepted_id
phyllocladus alpinus,1,1,1,1,1,Phyllocladus alpinus,synonym,wfo-0000735853,Phyllocladus trichomanoides var. alpinus,Podocarpaceae,Phyllocladus,variety,TRUE,TRUE,FALSE,single_accepted_id
phyllocladus trichomanoides,1,1,1,1,1,Phyllocladus trichomanoides,accepted,wfo-0000481971,Phyllocladus trichomanoides,Podocarpaceae,Phyllocladus,species,TRUE,TRUE,TRUE,single_accepted_id
phyllocladus trichomanoides var. alpinus,1,1,1,1,1,Phyllocladus trichomanoides var. alpinus,accepted,wfo-0000735853,Phyllocladus trichomanoides var. alpinus,Podocarpaceae,Phyllocladus,variety,FALSE,FALSE,TRUE,single_accepted_id
phyllodium pulchellum,1,1,1,1,1,Phyllodium pulchellum,accepted,wfo-0000186274,Phyllodium pulchellum,Fabaceae,Phyllodium,species,TRUE,TRUE,TRUE,single_accepted_id
phyllolobium chinense,1,1,1,1,1,Phyllolobium chinense,accepted,wfo-0000198325,Phyllolobium chinense,Fabaceae,Phyllolobium,species,TRUE,TRUE,TRUE,single_accepted_id
physena madagascariensis,2,2,1,1,1,Physena madagascariensis,accepted | synonym,wfo-0001315897,Physena madagascariensis,Physenaceae,Physena,species,TRUE,TRUE,TRUE,single_accepted_id
physochlaina physaloides,1,1,1,1,1,Physochlaina physaloides,accepted,wfo-0001025078,Physochlaina physaloides,Solanaceae,Physochlaina,species,TRUE,TRUE,TRUE,single_accepted_id
phytolacca americana,1,1,1,1,1,Phytolacca americana,accepted,wfo-0000482062,Phytolacca americana,Phytolaccaceae,Phytolacca,species,TRUE,TRUE,TRUE,single_accepted_id
picea abies,1,1,1,1,1,Picea abies,accepted,wfo-0000482030,Picea abies,Pinaceae,Picea,species,TRUE,TRUE,TRUE,single_accepted_id
picea jezoensis,1,1,1,1,1,Picea jezoensis,accepted,wfo-0000482440,Picea jezoensis,Pinaceae,Picea,species,TRUE,TRUE,TRUE,single_accepted_id
picea neoveitchii,1,1,1,1,1,Picea neoveitchii,accepted,wfo-0000482462,Picea neoveitchii,Pinaceae,Picea,species,TRUE,TRUE,TRUE,single_accepted_id
picradeniopsis bigelovii,1,1,1,1,1,Picradeniopsis bigelovii,accepted,wfo-0001347189,Picradeniopsis bigelovii,Asteraceae,Picradeniopsis,species,TRUE,TRUE,TRUE,single_accepted_id
picrasma quassioides,1,1,1,1,1,Picrasma quassioides,accepted,wfo-0000474766,Picrasma quassioides,Simaroubaceae,Picrasma,species,TRUE,TRUE,TRUE,single_accepted_id
pieris floribunda,1,1,1,1,1,Pieris floribunda,accepted,wfo-0001047057,Pieris floribunda,Ericaceae,Pieris,species,TRUE,TRUE,TRUE,single_accepted_id
pieris japonica,1,1,1,1,1,Pieris japonica,accepted,wfo-0001047846,Pieris japonica,Ericaceae,Pieris,species,TRUE,TRUE,TRUE,single_accepted_id
pilea cadierei,1,1,1,1,1,Pilea cadierei,accepted,wfo-0000472993,Pilea cadierei,Urticaceae,Pilea,species,TRUE,TRUE,TRUE,single_accepted_id
piliostigma malabaricum,1,1,1,1,1,Piliostigma malabaricum,accepted,wfo-0000170380,Piliostigma malabaricum,Fabaceae,Piliostigma,species,FALSE,FALSE,TRUE,single_accepted_id
pilocarpus trachylophus,1,1,1,1,1,Pilocarpus trachylophus,accepted,wfo-0001132714,Pilocarpus trachylophus,Rutaceae,Pilocarpus,species,TRUE,TRUE,TRUE,single_accepted_id
pilotrichella flexilis,1,1,1,1,1,Pilotrichella flexilis,accepted,wfo-0001151880,Pilotrichella flexilis,Lembophyllaceae,Pilotrichella,species,TRUE,TRUE,TRUE,single_accepted_id
pimenta dioica,1,1,1,1,1,Pimenta dioica,accepted,wfo-0000273391,Pimenta dioica,Myrtaceae,Pimenta,species,TRUE,TRUE,TRUE,single_accepted_id
pimpinella aromatica,1,1,1,1,1,Pimpinella aromatica,accepted,wfo-0000390918,Pimpinella aromatica,Apiaceae,Pimpinella,species,FALSE,FALSE,TRUE,single_accepted_id
pinalia angustifolia,1,1,1,1,1,Pinalia angustifolia,accepted,wfo-0000918453,Pinalia angustifolia,Orchidaceae,Pinalia,species,FALSE,FALSE,TRUE,single_accepted_id
pinalia floribunda,1,1,1,1,1,Pinalia floribunda,accepted,wfo-0000273499,Pinalia floribunda,Orchidaceae,Pinalia,species,TRUE,TRUE,TRUE,single_accepted_id
pinalia japonica,1,1,1,1,1,Pinalia japonica,accepted,wfo-0001333668,Pinalia japonica,Orchidaceae,Pinalia,species,FALSE,FALSE,TRUE,single_accepted_id
pinalia pandurata,1,1,1,1,1,Pinalia pandurata,accepted,wfo-0000922211,Pinalia pandurata,Orchidaceae,Pinalia,species,TRUE,TRUE,TRUE,single_accepted_id
pinus,1,1,1,1,1,Pinus,accepted,wfo-4000029794,Pinus,Pinaceae,Pinus,genus,TRUE,TRUE,TRUE,single_accepted_id
pinus aristata,1,1,1,1,1,Pinus aristata,accepted,wfo-0000482619,Pinus aristata,Pinaceae,Pinus,species,TRUE,TRUE,TRUE,single_accepted_id
pinus armandii,1,1,1,1,1,Pinus armandii,accepted,wfo-0000482309,Pinus armandii,Pinaceae,Pinus,species,TRUE,TRUE,TRUE,single_accepted_id
pinus banksiana,1,1,1,1,1,Pinus banksiana,accepted,wfo-0000482353,Pinus banksiana,Pinaceae,Pinus,species,TRUE,TRUE,TRUE,single_accepted_id
pinus brutia,1,1,1,1,1,Pinus brutia,accepted,wfo-0000482336,Pinus brutia,Pinaceae,Pinus,species,TRUE,TRUE,TRUE,single_accepted_id
pinus bungeana,1,1,1,1,1,Pinus bungeana,accepted,wfo-0000482252,Pinus bungeana,Pinaceae,Pinus,species,TRUE,TRUE,TRUE,single_accepted_id
pinus cembra,1,1,1,1,1,Pinus cembra,accepted,wfo-0000482273,Pinus cembra,Pinaceae,Pinus,species,FALSE,FALSE,TRUE,single_accepted_id
pinus clausa,1,1,1,1,1,Pinus clausa,accepted,wfo-0000481362,Pinus clausa,Pinaceae,Pinus,species,TRUE,TRUE,TRUE,single_accepted_id
pinus contorta,1,1,1,1,1,Pinus contorta,accepted,wfo-0000481330,Pinus contorta,Pinaceae,Pinus,species,TRUE,TRUE,TRUE,single_accepted_id
pinus halepensis,1,1,1,1,1,Pinus halepensis,accepted,wfo-0000481363,Pinus halepensis,Pinaceae,Pinus,species,TRUE,TRUE,TRUE,single_accepted_id
pinus hartwegii,1,1,1,1,1,Pinus hartwegii,accepted,wfo-0000481375,Pinus hartwegii,Pinaceae,Pinus,species,TRUE,TRUE,TRUE,single_accepted_id
pinus jeffreyi,1,1,1,1,1,Pinus jeffreyi,accepted,wfo-0000481099,Pinus jeffreyi,Pinaceae,Pinus,species,TRUE,TRUE,TRUE,single_accepted_id
pinus kesiya,1,1,1,1,1,Pinus kesiya,accepted,wfo-0000481052,Pinus kesiya,Pinaceae,Pinus,species,FALSE,FALSE,TRUE,single_accepted_id
pinus koraiensis,1,1,1,1,1,Pinus koraiensis,accepted,wfo-0000481082,Pinus koraiensis,Pinaceae,Pinus,species,FALSE,FALSE,TRUE,single_accepted_id
pinus krempfii,1,1,1,1,1,Pinus krempfii,accepted,wfo-0000481085,Pinus krempfii,Pinaceae,Pinus,species,TRUE,TRUE,TRUE,single_accepted_id
pinus lambertiana,1,1,1,1,1,Pinus lambertiana,accepted,wfo-0000481091,Pinus lambertiana,Pinaceae,Pinus,species,TRUE,TRUE,TRUE,single_accepted_id
pinus monticola,1,1,1,1,1,Pinus monticola,accepted,wfo-0000481790,Pinus monticola,Pinaceae,Pinus,species,TRUE,TRUE,TRUE,single_accepted_id
pinus morrisonicola,1,1,1,1,1,Pinus morrisonicola,accepted,wfo-0000481792,Pinus morrisonicola,Pinaceae,Pinus,species,TRUE,TRUE,TRUE,single_accepted_id
pinus mugo,1,1,1,1,1,Pinus mugo,accepted,wfo-0000481789,Pinus mugo,Pinaceae,Pinus,species,TRUE,TRUE,TRUE,single_accepted_id
pinus parviflora,1,1,1,1,1,Pinus parviflora,accepted,wfo-0000481883,Pinus parviflora,Pinaceae,Pinus,species,TRUE,TRUE,TRUE,single_accepted_id
pinus peuce,1,1,1,1,1,Pinus peuce,accepted,wfo-0000481889,Pinus peuce,Pinaceae,Pinus,species,TRUE,TRUE,TRUE,single_accepted_id
pinus pinaster,1,1,1,1,1,Pinus pinaster,accepted,wfo-0000481910,Pinus pinaster,Pinaceae,Pinus,species,TRUE,TRUE,TRUE,single_accepted_id
pinus pinea,1,1,1,1,1,Pinus pinea,accepted,wfo-0000481895,Pinus pinea,Pinaceae,Pinus,species,TRUE,TRUE,TRUE,single_accepted_id
pinus ponderosa,1,1,1,1,1,Pinus ponderosa,accepted,wfo-0000481903,Pinus ponderosa,Pinaceae,Pinus,species,TRUE,TRUE,TRUE,single_accepted_id
pinus radiata,1,1,1,1,1,Pinus radiata,accepted,wfo-0000481837,Pinus radiata,Pinaceae,Pinus,species,TRUE,TRUE,TRUE,single_accepted_id
pinus sylvestris var. sylvestris,1,1,1,1,1,Pinus sylvestris var. sylvestris,accepted,wfo-0001091635,Pinus sylvestris var. sylvestris,Pinaceae,Pinus,variety,FALSE,FALSE,TRUE,single_accepted_id
pinus thunbergii,1,1,1,1,1,Pinus thunbergii,accepted,wfo-0000481662,Pinus thunbergii,Pinaceae,Pinus,species,FALSE,FALSE,TRUE,single_accepted_id
pinus uncinata,1,1,1,1,1,Pinus uncinata,accepted,wfo-0000481563,Pinus uncinata,Pinaceae,Pinus,species,TRUE,TRUE,TRUE,single_accepted_id
pinus virginiana,1,1,1,1,1,Pinus virginiana,accepted,wfo-0000481611,Pinus virginiana,Pinaceae,Pinus,species,TRUE,TRUE,TRUE,single_accepted_id
pinus wallichiana,1,1,1,1,1,Pinus wallichiana,accepted,wfo-0000481612,Pinus wallichiana,Pinaceae,Pinus,species,TRUE,TRUE,TRUE,single_accepted_id
piper aduncum,2,2,1,1,1,Piper aduncum,accepted | unchecked,wfo-0000479665,Piper aduncum,Piperaceae,Piper,species,TRUE,TRUE,TRUE,single_accepted_id
piper auritum,1,1,1,1,1,Piper auritum,accepted,wfo-0000479549,Piper auritum,Piperaceae,Piper,species,FALSE,FALSE,TRUE,single_accepted_id
piper bowiei,1,1,1,1,1,Piper bowiei,accepted,wfo-0001254033,Piper bowiei,Piperaceae,Piper,species,TRUE,TRUE,TRUE,single_accepted_id
piper coruscans,1,1,1,1,1,Piper coruscans,accepted,wfo-0000478587,Piper coruscans,Piperaceae,Piper,species,TRUE,TRUE,TRUE,single_accepted_id
piper crassinervium,1,1,1,1,1,Piper crassinervium,accepted,wfo-0000478616,Piper crassinervium,Piperaceae,Piper,species,TRUE,TRUE,TRUE,single_accepted_id
piper cubeba,3,3,1,1,1,Piper cubeba,accepted | unchecked,wfo-0000478712,Piper cubeba,Piperaceae,Piper,species,TRUE,TRUE,TRUE,single_accepted_id
piper dilatatum,2,2,1,1,1,Piper dilatatum,accepted | unchecked,wfo-0000478691,Piper dilatatum,Piperaceae,Piper,species,TRUE,TRUE,TRUE,single_accepted_id
piper fadyenii,1,1,1,1,1,Piper fadyenii,accepted,wfo-0000479172,Piper fadyenii,Piperaceae,Piper,species,TRUE,TRUE,TRUE,single_accepted_id
piper gaudichaudianum,2,2,1,1,1,Piper gaudichaudianum,accepted | unchecked,wfo-0001092115,Piper gaudichaudianum,Piperaceae,Piper,species,TRUE,TRUE,TRUE,single_accepted_id
piper guanacostense,1,1,1,1,1,Piper guanacostense,accepted,wfo-0001092125,Piper guanacostense,Piperaceae,Piper,species,TRUE,TRUE,TRUE,single_accepted_id
piper hostmannianum,1,1,1,1,1,Piper hostmannianum,accepted,wfo-0000478999,Piper hostmannianum,Piperaceae,Piper,species,TRUE,TRUE,TRUE,single_accepted_id
piper latifolium,1,1,1,1,1,Piper latifolium,accepted,wfo-0001277147,Piper latifolium,Piperaceae,Piper,species,FALSE,FALSE,TRUE,single_accepted_id
piper lhotzkyanum,1,1,1,1,1,Piper lhotzkyanum,accepted,wfo-0001092156,Piper lhotzkyanum,Piperaceae,Piper,species,TRUE,TRUE,TRUE,single_accepted_id
piper longicaudatum,1,1,1,1,1,Piper longicaudatum,accepted,wfo-0001093825,Piper longicaudatum,Piperaceae,Piper,species,TRUE,TRUE,TRUE,single_accepted_id
piper longum,1,1,1,1,1,Piper longum,accepted,wfo-0000486013,Piper longum,Piperaceae,Piper,species,FALSE,FALSE,TRUE,single_accepted_id
piper mexicanum,1,1,1,1,1,Piper mexicanum,accepted,wfo-0001249130,Piper mexicanum,Piperaceae,Piper,species,FALSE,FALSE,TRUE,single_accepted_id
piper montealegreanum,1,1,1,1,1,Piper montealegreanum,accepted,wfo-0000486411,Piper montealegreanum,Piperaceae,Piper,species,TRUE,TRUE,TRUE,single_accepted_id
piper murrayanum,1,1,1,1,1,Piper murrayanum,accepted,wfo-0000486527,Piper murrayanum,Piperaceae,Piper,species,TRUE,TRUE,TRUE,single_accepted_id
piper nigrum,1,1,1,1,1,Piper nigrum,accepted,wfo-0000486494,Piper nigrum,Piperaceae,Piper,species,TRUE,TRUE,TRUE,single_accepted_id
piper permucronatum,1,1,1,1,1,Piper permucronatum,accepted,wfo-0001254038,Piper permucronatum,Piperaceae,Piper,species,TRUE,TRUE,TRUE,single_accepted_id
piper porphyrophyllum,1,1,1,1,1,Piper porphyrophyllum,accepted,wfo-0000485437,Piper porphyrophyllum,Piperaceae,Piper,species,TRUE,TRUE,TRUE,single_accepted_id
piper pseudofuligineum,1,1,1,1,1,Piper pseudofuligineum,accepted,wfo-0000485558,Piper pseudofuligineum,Piperaceae,Piper,species,TRUE,TRUE,TRUE,single_accepted_id
piper rusbyi,1,1,1,1,1,Piper rusbyi,accepted,wfo-0001093863,Piper rusbyi,Piperaceae,Piper,species,TRUE,TRUE,TRUE,single_accepted_id
piper sanctum,1,1,1,1,1,Piper sanctum,synonym,wfo-0000479549,Piper auritum,Piperaceae,Piper,species,TRUE,TRUE,FALSE,single_accepted_id
piper sintenense,1,1,1,1,1,Piper sintenense,accepted,wfo-0001094079,Piper sintenense,Piperaceae,Piper,species,FALSE,FALSE,TRUE,single_accepted_id
piper tuberculatum,1,1,1,1,1,Piper tuberculatum,accepted,wfo-0000487491,Piper tuberculatum,Piperaceae,Piper,species,FALSE,FALSE,TRUE,single_accepted_id
piper umbellatum,1,1,1,1,1,Piper umbellatum,accepted,wfo-0000487600,Piper umbellatum,Piperaceae,Piper,species,TRUE,TRUE,TRUE,single_accepted_id
piscidia piscipula,1,1,1,1,1,Piscidia piscipula,accepted,wfo-0000168417,Piscidia piscipula,Fabaceae,Piscidia,species,TRUE,TRUE,TRUE,single_accepted_id
pisonia aculeata,1,1,1,1,1,Pisonia aculeata,accepted,wfo-0000476234,Pisonia aculeata,Nyctaginaceae,Pisonia,species,TRUE,TRUE,TRUE,single_accepted_id
pisonia umbellifera,1,1,1,1,1,Pisonia umbellifera,accepted,wfo-0001086710,Pisonia umbellifera,Nyctaginaceae,Pisonia,species,TRUE,TRUE,TRUE,single_accepted_id
pistacia lentiscus,1,1,1,1,1,Pistacia lentiscus,accepted,wfo-0000394118,Pistacia lentiscus,Anacardiaceae,Pistacia,species,TRUE,TRUE,TRUE,single_accepted_id
pistacia vera,1,1,1,1,1,Pistacia vera,accepted,wfo-0000393766,Pistacia vera,Anacardiaceae,Pistacia,species,TRUE,TRUE,TRUE,single_accepted_id
pisum sativum,1,1,1,1,1,Pisum sativum,synonym,wfo-0000214337,Lathyrus oleraceus,Fabaceae,Lathyrus,species,TRUE,TRUE,FALSE,single_accepted_id
pithecellobium dulce,1,1,1,1,1,Pithecellobium dulce,accepted,wfo-0000178252,Pithecellobium dulce,Fabaceae,Pithecellobium,species,TRUE,TRUE,TRUE,single_accepted_id
pittocaulon praecox,1,1,1,1,1,Pittocaulon praecox,synonym,wfo-0000017618,Senecio praecox,Asteraceae,Senecio,species,TRUE,TRUE,FALSE,single_accepted_id
pittocaulon velatum,1,1,1,1,1,Pittocaulon velatum,accepted,wfo-0000036531,Pittocaulon velatum,Asteraceae,Pittocaulon,species,TRUE,TRUE,TRUE,single_accepted_id
pityrogramma,1,1,1,1,1,Pityrogramma,accepted,wfo-4000029942,Pityrogramma,Pteridaceae,Pityrogramma,genus,TRUE,TRUE,TRUE,single_accepted_id
pityrogramma calomelanos,1,1,1,1,1,Pityrogramma calomelanos,accepted,wfo-0001107385,Pityrogramma calomelanos,Pteridaceae,Pityrogramma,species,TRUE,TRUE,TRUE,single_accepted_id
pityrogramma chrysophylla,1,1,1,1,1,Pityrogramma chrysophylla,accepted,wfo-0001109227,Pityrogramma chrysophylla,Pteridaceae,Pityrogramma,species,TRUE,TRUE,TRUE,single_accepted_id
pityrogramma ebenea,1,1,1,1,1,Pityrogramma ebenea,accepted,wfo-0001109228,Pityrogramma ebenea,Pteridaceae,Pityrogramma,species,TRUE,TRUE,TRUE,single_accepted_id
pityrogramma tartarea,2,2,1,1,1,Pityrogramma tartarea,synonym,wfo-0001109228,Pityrogramma ebenea,Pteridaceae,Pityrogramma,species,TRUE,TRUE,FALSE,single_accepted_id
plagiomnium undulatum,1,1,1,1,1,Plagiomnium undulatum,accepted,wfo-0001186539,Plagiomnium undulatum,Mniaceae,Plagiomnium,species,TRUE,TRUE,TRUE,single_accepted_id
plagius grandis,1,1,1,1,1,Plagius grandis,accepted,wfo-0000062203,Plagius grandis,Asteraceae,Plagius,species,TRUE,TRUE,TRUE,single_accepted_id
plantago asiatica,1,1,1,1,1,Plantago asiatica,accepted,wfo-0000487709,Plantago asiatica,Plantaginaceae,Plantago,species,TRUE,TRUE,TRUE,single_accepted_id
plantago depressa,1,1,1,1,1,Plantago depressa,accepted,wfo-0000486802,Plantago depressa,Plantaginaceae,Plantago,species,TRUE,TRUE,TRUE,single_accepted_id
plantago major subsp. intermedia,1,1,1,1,1,Plantago major subsp. intermedia,accepted,wfo-0000745393,Plantago major subsp. intermedia,Plantaginaceae,Plantago,subspecies,FALSE,FALSE,TRUE,single_accepted_id
plantago major subsp. major,1,1,1,1,1,Plantago major subsp. major,accepted,wfo-0001316375,Plantago major subsp. major,Plantaginaceae,Plantago,subspecies,FALSE,FALSE,TRUE,single_accepted_id
platanus acerifolia,2,2,1,1,1,Platanus acerifolia,accepted | unchecked,wfo-0001095140,Platanus acerifolia,Platanaceae,Platanus,species,TRUE,TRUE,TRUE,single_accepted_id
platanus occidentalis,1,1,1,1,1,Platanus occidentalis,accepted,wfo-0000487082,Platanus occidentalis,Platanaceae,Platanus,species,TRUE,TRUE,TRUE,single_accepted_id
platanus orientalis,1,1,1,1,1,Platanus orientalis,accepted,wfo-0000487086,Platanus orientalis,Platanaceae,Platanus,species,TRUE,TRUE,TRUE,single_accepted_id
plathymenia reticulata,1,1,1,1,1,Plathymenia reticulata,accepted,wfo-0000182203,Plathymenia reticulata,Fabaceae,Plathymenia,species,TRUE,TRUE,TRUE,single_accepted_id
platycarya strobilacea,1,1,1,1,1,Platycarya strobilacea,accepted,wfo-0001067482,Platycarya strobilacea,Juglandaceae,Platycarya,species,TRUE,TRUE,TRUE,single_accepted_id
platycladus,1,1,1,1,1,Platycladus,accepted,wfo-4000030092,Platycladus,Cupressaceae,Platycladus,genus,TRUE,TRUE,TRUE,single_accepted_id
platycladus orientalis,1,1,1,1,1,Platycladus orientalis,accepted,wfo-0000396774,Platycladus orientalis,Cupressaceae,Platycladus,species,TRUE,TRUE,TRUE,single_accepted_id
platycodon grandiflorus,1,1,1,1,1,Platycodon grandiflorus,accepted,wfo-0000816758,Platycodon grandiflorus,Campanulaceae,Platycodon,species,TRUE,TRUE,TRUE,single_accepted_id
platymiscium floribundum,1,1,1,1,1,Platymiscium floribundum,accepted,wfo-0000174222,Platymiscium floribundum,Fabaceae,Platymiscium,species,TRUE,TRUE,TRUE,single_accepted_id
platymiscium floribundum var. floribundum,1,1,1,1,1,Platymiscium floribundum var. floribundum,accepted,wfo-0001061344,Platymiscium floribundum var. floribundum,Fabaceae,Platymiscium,variety,FALSE,FALSE,TRUE,single_accepted_id
platymiscium praecox,1,1,1,1,1,Platymiscium praecox,synonym,wfo-0001061344,Platymiscium floribundum var. floribundum,Fabaceae,Platymiscium,variety,TRUE,TRUE,FALSE,single_accepted_id
platymiscium trinitatis,1,1,1,1,1,Platymiscium trinitatis,accepted,wfo-0000174233,Platymiscium trinitatis,Fabaceae,Platymiscium,species,TRUE,TRUE,TRUE,single_accepted_id
platymiscium yucatanum,1,1,1,1,1,Platymiscium yucatanum,accepted,wfo-0000169448,Platymiscium yucatanum,Fabaceae,Platymiscium,species,TRUE,TRUE,TRUE,single_accepted_id
platyosprion platycarpum,1,1,1,1,1,Platyosprion platycarpum,accepted,wfo-0000192412,Platyosprion platycarpum,Fabaceae,Platyosprion,species,FALSE,FALSE,TRUE,single_accepted_id
platypodanthera melissifolia,1,1,1,1,1,Platypodanthera melissifolia,accepted,wfo-0000009205,Platypodanthera melissifolia,Asteraceae,Platypodanthera,species,TRUE,TRUE,TRUE,single_accepted_id
plazia daphnoides,1,1,1,1,1,Plazia daphnoides,accepted,wfo-0000044983,Plazia daphnoides,Asteraceae,Plazia,species,TRUE,TRUE,TRUE,single_accepted_id
plectocephalus chilensis,1,1,1,1,1,Plectocephalus chilensis,accepted,wfo-0000084143,Plectocephalus chilensis,Asteraceae,Plectocephalus,species,FALSE,FALSE,TRUE,single_accepted_id
plectranthus ecklonii,1,1,1,1,1,Plectranthus ecklonii,accepted,wfo-0000275391,Plectranthus ecklonii,Lamiaceae,Plectranthus,species,TRUE,TRUE,TRUE,single_accepted_id
pleione bulbocodioides,1,1,1,1,1,Pleione bulbocodioides,accepted,wfo-0000276360,Pleione bulbocodioides,Orchidaceae,Pleione,species,TRUE,TRUE,TRUE,single_accepted_id
pleione yunnanensis,1,1,1,1,1,Pleione yunnanensis,accepted,wfo-0000276501,Pleione yunnanensis,Orchidaceae,Pleione,species,TRUE,TRUE,TRUE,single_accepted_id
pleiotaxis rugosa,1,1,1,1,1,Pleiotaxis rugosa,accepted,wfo-0000024080,Pleiotaxis rugosa,Asteraceae,Pleiotaxis,species,TRUE,TRUE,TRUE,single_accepted_id
pleurolobus gangeticus,1,1,1,1,1,Pleurolobus gangeticus,accepted,wfo-0000170608,Pleurolobus gangeticus,Fabaceae,Pleurolobus,species,FALSE,FALSE,TRUE,single_accepted_id
plinia pinnata,1,1,1,1,1,Plinia pinnata,accepted,wfo-0000278931,Plinia pinnata,Myrtaceae,Plinia,species,TRUE,TRUE,TRUE,single_accepted_id
pluchea lanceolata,3,3,1,1,1,Pluchea lanceolata,accepted | synonym | unchecked,wfo-0000078455,Pluchea lanceolata,Asteraceae,Pluchea,species,TRUE,TRUE,TRUE,single_accepted_id
plumbago indica,1,1,1,1,1,Plumbago indica,accepted,wfo-0001095164,Plumbago indica,Plumbaginaceae,Plumbago,species,TRUE,TRUE,TRUE,single_accepted_id
plumeria rubra,1,1,1,1,1,Plumeria rubra,accepted,wfo-0000279184,Plumeria rubra,Apocynaceae,Plumeria,species,TRUE,TRUE,TRUE,single_accepted_id
pneumatopteris pennigera,1,1,1,1,1,Pneumatopteris pennigera,synonym,wfo-1000028275,Pakau pennigera,Thelypteridaceae,Pakau,species,TRUE,TRUE,FALSE,single_accepted_id
poacynum venetum,1,1,1,1,1,Poacynum venetum,synonym,wfo-0000245931,Apocynum venetum,Apocynaceae,Apocynum,species,TRUE,TRUE,FALSE,single_accepted_id
podocarpus fasciculus,1,1,1,1,1,Podocarpus fasciculus,accepted,wfo-0000485218,Podocarpus fasciculus,Podocarpaceae,Podocarpus,species,TRUE,TRUE,TRUE,single_accepted_id
podocarpus macrophyllus,1,1,1,1,1,Podocarpus macrophyllus,accepted,wfo-0000485230,Podocarpus macrophyllus,Podocarpaceae,Podocarpus,species,TRUE,TRUE,TRUE,single_accepted_id
podocarpus macrophyllus var. maki,1,1,1,1,1,Podocarpus macrophyllus var. maki,accepted,wfo-0000737073,Podocarpus macrophyllus var. maki,Podocarpaceae,Podocarpus,variety,FALSE,FALSE,TRUE,single_accepted_id
podocarpus nivalis,1,1,1,1,1,Podocarpus nivalis,accepted,wfo-0000485157,Podocarpus nivalis,Podocarpaceae,Podocarpus,species,TRUE,TRUE,TRUE,single_accepted_id
podocytisus caramanicus,1,1,1,1,1,Podocytisus caramanicus,accepted,wfo-0000213929,Podocytisus caramanicus,Fabaceae,Podocytisus,species,TRUE,TRUE,TRUE,single_accepted_id
poecilanthe parviflora,1,1,1,1,1,Poecilanthe parviflora,accepted,wfo-0000174234,Poecilanthe parviflora,Fabaceae,Poecilanthe,species,TRUE,TRUE,TRUE,single_accepted_id
poeciloneuron pauciflorum,1,1,1,1,1,Poeciloneuron pauciflorum,accepted,wfo-0000476094,Poeciloneuron pauciflorum,Calophyllaceae,Poeciloneuron,species,FALSE,FALSE,TRUE,single_accepted_id
pogostemon cablin,1,1,1,1,1,Pogostemon cablin,accepted,wfo-0000279652,Pogostemon cablin,Lamiaceae,Pogostemon,species,TRUE,TRUE,TRUE,single_accepted_id
pogostemon stellatus,1,1,1,1,1,Pogostemon stellatus,accepted,wfo-0000279750,Pogostemon stellatus,Lamiaceae,Pogostemon,species,TRUE,TRUE,TRUE,single_accepted_id
polhillides velutina,1,1,1,1,1,Polhillides velutina,accepted,wfo-0001444087,Polhillides velutina,Fabaceae,Polhillides,species,FALSE,FALSE,TRUE,single_accepted_id
polygala arvensis,1,1,1,1,1,Polygala arvensis,accepted,wfo-0001219818,Polygala arvensis,Polygalaceae,Polygala,species,TRUE,TRUE,TRUE,single_accepted_id
polygala caudata,1,1,1,1,1,Polygala caudata,accepted,wfo-0001100821,Polygala caudata,Polygalaceae,Polygala,species,TRUE,TRUE,TRUE,single_accepted_id
polygala myrtifolia,1,1,1,1,1,Polygala myrtifolia,accepted,wfo-0000488587,Polygala myrtifolia,Polygalaceae,Polygala,species,TRUE,TRUE,TRUE,single_accepted_id
polygala virgata,1,1,1,1,1,Polygala virgata,accepted,wfo-0001100419,Polygala virgata,Polygalaceae,Polygala,species,TRUE,TRUE,TRUE,single_accepted_id
polygonatum kingianum,1,1,1,1,1,Polygonatum kingianum,accepted,wfo-0000715810,Polygonatum kingianum,Asparagaceae,Polygonatum,species,TRUE,TRUE,TRUE,single_accepted_id
polygonatum odoratum,1,1,1,1,1,Polygonatum odoratum,accepted,wfo-0000716063,Polygonatum odoratum,Asparagaceae,Polygonatum,species,TRUE,TRUE,TRUE,single_accepted_id
polygonum aviculare,1,1,1,1,1,Polygonum aviculare,accepted,wfo-0000489656,Polygonum aviculare,Polygonaceae,Polygonum,species,TRUE,TRUE,TRUE,single_accepted_id
polygonum divaricatum,1,1,1,1,1,Polygonum divaricatum,accepted,wfo-0001100839,Polygonum divaricatum,Polygonaceae,Polygonum,species,TRUE,TRUE,TRUE,single_accepted_id
polygonum glaucum,1,1,1,1,1,Polygonum glaucum,accepted,wfo-0000489937,Polygonum glaucum,Polygonaceae,Polygonum,species,TRUE,TRUE,TRUE,single_accepted_id
polygonum hydropiper,1,1,1,1,1,Polygonum hydropiper,synonym,wfo-0000488426,Persicaria hydropiper,Polygonaceae,Persicaria,species,TRUE,TRUE,FALSE,single_accepted_id
polygonum lapathifolium,1,1,1,1,1,Polygonum lapathifolium,synonym,wfo-0000488400,Persicaria lapathifolia,Polygonaceae,Persicaria,species,TRUE,TRUE,FALSE,single_accepted_id
polygonum maritimum,1,1,1,1,1,Polygonum maritimum,accepted,wfo-0000489807,Polygonum maritimum,Polygonaceae,Polygonum,species,TRUE,TRUE,TRUE,single_accepted_id
polygonum multiflorum,1,1,1,1,1,Polygonum multiflorum,synonym,wfo-0000404395,Reynoutria multiflora,Polygonaceae,Reynoutria,species,TRUE,TRUE,FALSE,single_accepted_id
polygonum muricatum,1,1,1,1,1,Polygonum muricatum,accepted,wfo-0001245700,Polygonum muricatum,Polygonaceae,Polygonum,species,FALSE,FALSE,TRUE,single_accepted_id
polygonum orientale,1,1,1,1,1,Polygonum orientale,synonym,wfo-0000488434,Persicaria orientalis,Polygonaceae,Persicaria,species,TRUE,TRUE,FALSE,single_accepted_id
polygonum perfoliatum,1,1,1,1,1,Polygonum perfoliatum,accepted,wfo-0000489147,Polygonum perfoliatum,Polygonaceae,Polygonum,species,FALSE,FALSE,TRUE,single_accepted_id
polylepis incana,1,1,1,1,1,Polylepis incana,accepted,wfo-0000989076,Polylepis incana,Rosaceae,Polylepis,species,TRUE,TRUE,TRUE,single_accepted_id
polypodiodes amoena,1,1,1,1,1,Polypodiodes amoena,synonym,wfo-1200105074,Goniophlebium amoenum,Polypodiaceae,Goniophlebium,species,TRUE,TRUE,FALSE,single_accepted_id
polypodium pleurosorum,1,1,1,1,1,Polypodium pleurosorum,synonym,wfo-0001113817,Phlebodium inaequale,Polypodiaceae,Phlebodium,species,TRUE,TRUE,FALSE,single_accepted_id
polytrichastrum pallidisetum,1,1,1,1,1,Polytrichastrum pallidisetum,synonym,wfo-0001170208,Polytrichum pallidisetum,Polytrichaceae,Polytrichum,species,TRUE,TRUE,FALSE,single_accepted_id
polytrichum commune,1,1,1,1,1,Polytrichum commune,accepted,wfo-0001160523,Polytrichum commune,Polytrichaceae,Polytrichum,species,TRUE,TRUE,TRUE,single_accepted_id
polytrichum pallidisetum,1,1,1,1,1,Polytrichum pallidisetum,accepted,wfo-0001170208,Polytrichum pallidisetum,Polytrichaceae,Polytrichum,species,TRUE,TRUE,TRUE,single_accepted_id
poncirus trifoliata,1,1,1,1,1,Poncirus trifoliata,synonym,wfo-0000608305,Citrus trifoliata,Rutaceae,Citrus,species,TRUE,TRUE,FALSE,single_accepted_id
pongamia pinnata,2,2,1,1,1,Pongamia pinnata,accepted | unchecked,wfo-0000201168,Pongamia pinnata,Fabaceae,Pongamia,species,TRUE,TRUE,TRUE,single_accepted_id
pongamiopsis pervilleana,1,1,1,1,1,Pongamiopsis pervilleana,accepted,wfo-0000196269,Pongamiopsis pervilleana,Fabaceae,Pongamiopsis,species,TRUE,TRUE,TRUE,single_accepted_id
pontederia crassipes,1,1,1,1,1,Pontederia crassipes,accepted,wfo-0000501039,Pontederia crassipes,Pontederiaceae,Pontederia,species,FALSE,FALSE,TRUE,single_accepted_id
populus,1,1,1,1,1,Populus,accepted,wfo-4000030925,Populus,Salicaceae,Populus,genus,TRUE,TRUE,TRUE,single_accepted_id
populus alba,1,1,1,1,1,Populus alba,accepted,wfo-0000928384,Populus alba,Salicaceae,Populus,species,TRUE,TRUE,TRUE,single_accepted_id
populus balsamifera,1,1,1,1,1,Populus balsamifera,accepted,wfo-0000928157,Populus balsamifera,Salicaceae,Populus,species,TRUE,TRUE,TRUE,single_accepted_id
populus canadensis,3,3,1,1,1,Populus canadensis | Populus canadensis unranked aurea-vangeertii,synonym | unchecked,wfo-0000928240,Populus deltoides subsp. monilifera,Salicaceae,Populus,subspecies,TRUE,TRUE,FALSE,single_accepted_id
populus cathayana,1,1,1,1,1,Populus cathayana,accepted,wfo-0001133622,Populus cathayana,Salicaceae,Populus,species,TRUE,TRUE,TRUE,single_accepted_id
populus davidiana,1,1,1,1,1,Populus davidiana,synonym,wfo-0000930744,Populus tremula var. davidiana,Salicaceae,Populus,variety,TRUE,TRUE,FALSE,single_accepted_id
populus deltoides,1,1,1,1,1,Populus deltoides,accepted,wfo-0000928101,Populus deltoides,Salicaceae,Populus,species,TRUE,TRUE,TRUE,single_accepted_id
populus deltoides subsp. monilifera,1,1,1,1,1,Populus deltoides subsp. monilifera,accepted,wfo-0000928240,Populus deltoides subsp. monilifera,Salicaceae,Populus,subspecies,FALSE,FALSE,TRUE,single_accepted_id
populus grandidentata,1,1,1,1,1,Populus grandidentata,accepted,wfo-0000928328,Populus grandidentata,Salicaceae,Populus,species,TRUE,TRUE,TRUE,single_accepted_id
populus lasiocarpa,1,1,1,1,1,Populus lasiocarpa,accepted,wfo-0001133786,Populus lasiocarpa,Salicaceae,Populus,species,TRUE,TRUE,TRUE,single_accepted_id
populus laurifolia,1,1,1,1,1,Populus laurifolia,accepted,wfo-0001133649,Populus laurifolia,Salicaceae,Populus,species,TRUE,TRUE,TRUE,single_accepted_id
populus maximowiczii,1,1,1,1,1,Populus maximowiczii,synonym,wfo-0000928194,Populus suaveolens,Salicaceae,Populus,species,TRUE,TRUE,FALSE,single_accepted_id
populus nigra,1,1,1,1,1,Populus nigra,accepted,wfo-0000928297,Populus nigra,Salicaceae,Populus,species,TRUE,TRUE,TRUE,single_accepted_id
populus sieboldii,1,1,1,1,1,Populus sieboldii,synonym,wfo-0000928358,Populus tremula var. sieboldii,Salicaceae,Populus,variety,TRUE,TRUE,FALSE,single_accepted_id
populus simonii,1,1,1,1,1,Populus simonii,accepted,wfo-0000928187,Populus simonii,Salicaceae,Populus,species,TRUE,TRUE,TRUE,single_accepted_id
populus suaveolens,4,4,1,1,1,Populus suaveolens,accepted | unchecked,wfo-0000928194,Populus suaveolens,Salicaceae,Populus,species,TRUE,TRUE,TRUE,single_accepted_id
populus tomentosa,1,1,1,1,1,Populus tomentosa,accepted,wfo-0001133621,Populus tomentosa,Salicaceae,Populus,species,TRUE,TRUE,TRUE,single_accepted_id
populus tremula,1,1,1,1,1,Populus tremula,accepted,wfo-0000928205,Populus tremula,Salicaceae,Populus,species,TRUE,TRUE,TRUE,single_accepted_id
populus tremula var. davidiana,1,1,1,1,1,Populus tremula var. davidiana,accepted,wfo-0000930744,Populus tremula var. davidiana,Salicaceae,Populus,variety,FALSE,FALSE,TRUE,single_accepted_id
populus tremula var. sieboldii,1,1,1,1,1,Populus tremula var. sieboldii,accepted,wfo-0000928358,Populus tremula var. sieboldii,Salicaceae,Populus,variety,FALSE,FALSE,TRUE,single_accepted_id
populus tremuloides,1,1,1,1,1,Populus tremuloides,accepted,wfo-0000928260,Populus tremuloides,Salicaceae,Populus,species,TRUE,TRUE,TRUE,single_accepted_id
populus violascens,1,1,1,1,1,Populus violascens,accepted,wfo-0001133788,Populus violascens,Salicaceae,Populus,species,TRUE,TRUE,TRUE,single_accepted_id
populus yunnanensis,1,1,1,1,1,Populus yunnanensis,accepted,wfo-0001133818,Populus yunnanensis,Salicaceae,Populus,species,TRUE,TRUE,TRUE,single_accepted_id
porophyllum scoparium,1,1,1,1,1,Porophyllum scoparium,accepted,wfo-0000012501,Porophyllum scoparium,Asteraceae,Porophyllum,species,TRUE,TRUE,TRUE,single_accepted_id
portulaca oleracea,1,1,1,1,1,Portulaca oleracea,accepted,wfo-0000484425,Portulaca oleracea,Portulacaceae,Portulaca,species,TRUE,TRUE,TRUE,single_accepted_id
posidonia oceanica,1,1,1,1,1,Posidonia oceanica,accepted,wfo-0000769715,Posidonia oceanica,Posidoniaceae,Posidonia,species,TRUE,TRUE,TRUE,single_accepted_id
potentilla chrysantha subsp. amphibola,1,1,1,1,1,Potentilla chrysantha subsp. amphibola,accepted,wfo-0001004023,Potentilla chrysantha subsp. amphibola,Rosaceae,Potentilla,subspecies,FALSE,FALSE,TRUE,single_accepted_id
potentilla chrysantha subsp. chrysantha,1,1,1,1,1,Potentilla chrysantha subsp. chrysantha,accepted,wfo-0001005622,Potentilla chrysantha subsp. chrysantha,Rosaceae,Potentilla,subspecies,FALSE,FALSE,TRUE,single_accepted_id
potentilla dentata,1,1,1,1,1,Potentilla dentata,accepted,wfo-0001004432,Potentilla dentata,Rosaceae,Potentilla,species,FALSE,FALSE,TRUE,single_accepted_id
potentilla fruticosa,2,2,1,1,1,Potentilla fruticosa | Potentilla fruticosa unranked typica,synonym,wfo-0001017396,Dasiphora fruticosa,Rosaceae,Dasiphora,species,TRUE,TRUE,FALSE,single_accepted_id
potentilla gracilis var. gracilis,1,1,1,1,1,Potentilla gracilis var. gracilis,accepted,wfo-0001005483,Potentilla gracilis var. gracilis,Rosaceae,Potentilla,variety,FALSE,FALSE,TRUE,single_accepted_id
potentilla grammopetala,1,1,1,1,1,Potentilla grammopetala,accepted,wfo-0001004967,Potentilla grammopetala,Rosaceae,Potentilla,species,FALSE,FALSE,TRUE,single_accepted_id
potentilla pusilla,1,1,1,1,1,Potentilla pusilla,accepted,wfo-0001018785,Potentilla pusilla,Rosaceae,Potentilla,species,FALSE,FALSE,TRUE,single_accepted_id
potentilla recta subsp. recta,1,1,1,1,1,Potentilla recta subsp. recta,accepted,wfo-0001011319,Potentilla recta subsp. recta,Rosaceae,Potentilla,subspecies,FALSE,FALSE,TRUE,single_accepted_id
potentilla thuringiaca,1,1,1,1,1,Potentilla thuringiaca,accepted,wfo-0001018725,Potentilla thuringiaca,Rosaceae,Potentilla,species,FALSE,FALSE,TRUE,single_accepted_id
potentilla tormentilla,9,9,1,1,1,Potentilla tormentilla | Potentilla tormentilla prol. reducta | Potentilla tormentilla unranked elatior | Potentilla tormentilla unranked erecta | Potentilla tormentilla unranked fallax | Potentilla tormentilla unranked pinnatifida,synonym | unchecked,wfo-0000984938,Potentilla erecta,Rosaceae,Potentilla,species,TRUE,TRUE,FALSE,single_accepted_id
premna fulva,1,1,1,1,1,Premna fulva,accepted,wfo-0000282626,Premna fulva,Lamiaceae,Premna,species,TRUE,TRUE,TRUE,single_accepted_id
premna resinosa,1,1,1,1,1,Premna resinosa,accepted,wfo-0000282817,Premna resinosa,Lamiaceae,Premna,species,TRUE,TRUE,TRUE,single_accepted_id
primula auriculata,1,1,1,1,1,Primula auriculata,accepted,wfo-0000483501,Primula auriculata,Primulaceae,Primula,species,FALSE,FALSE,TRUE,single_accepted_id
primula praenitens,1,1,1,1,1,Primula praenitens,accepted,wfo-0001105925,Primula praenitens,Primulaceae,Primula,species,FALSE,FALSE,TRUE,single_accepted_id
primula pulverulenta,1,1,1,1,1,Primula pulverulenta,accepted,wfo-0001105481,Primula pulverulenta,Primulaceae,Primula,species,TRUE,TRUE,TRUE,single_accepted_id
primula sinensis,3,3,1,1,1,Primula sinensis | Primula sinensis unranked alba-plena-grandiflora,synonym | unchecked,wfo-0001105925,Primula praenitens,Primulaceae,Primula,species,TRUE,TRUE,FALSE,single_accepted_id
pronephrium penangianum,2,2,1,1,1,Pronephrium penangianum,synonym,wfo-1000027860,Menisciopsis penangiana,Thelypteridaceae,Menisciopsis,species,TRUE,TRUE,FALSE,single_accepted_id
pronephrium triphyllum,2,2,1,1,1,Pronephrium triphyllum,synonym,wfo-1000027251,Grypothrix triphylla,Thelypteridaceae,Grypothrix,species,TRUE,TRUE,FALSE,single_accepted_id
prosopidastrum globosum,1,1,1,1,1,Prosopidastrum globosum,accepted,wfo-0000169462,Prosopidastrum globosum,Fabaceae,Prosopidastrum,species,TRUE,TRUE,TRUE,single_accepted_id
prosopis cineraria,1,1,1,1,1,Prosopis cineraria,accepted,wfo-0000185047,Prosopis cineraria,Fabaceae,Prosopis,species,TRUE,TRUE,TRUE,single_accepted_id
prosopis glandulosa,1,1,1,1,1,Prosopis glandulosa,synonym,wfo-0000170593,Neltuma glandulosa,Fabaceae,Neltuma,species,TRUE,TRUE,FALSE,single_accepted_id
prosopis juliflora,1,1,1,1,1,Prosopis juliflora,synonym,wfo-0000184288,Neltuma juliflora,Fabaceae,Neltuma,species,TRUE,TRUE,FALSE,single_accepted_id
prosthechea alagoensis,1,1,1,1,1,Prosthechea alagoensis,accepted,wfo-0000283511,Prosthechea alagoensis,Orchidaceae,Prosthechea,species,TRUE,TRUE,TRUE,single_accepted_id
prosthechea allemanii,1,1,1,1,1,Prosthechea allemanii,accepted,wfo-0000283512,Prosthechea allemanii,Orchidaceae,Prosthechea,species,TRUE,TRUE,TRUE,single_accepted_id
prosthechea allemanoides,1,1,1,1,1,Prosthechea allemanoides,accepted,wfo-0000283513,Prosthechea allemanoides,Orchidaceae,Prosthechea,species,TRUE,TRUE,TRUE,single_accepted_id
prosthechea bulbosa,1,1,1,1,1,Prosthechea bulbosa,accepted,wfo-0000283526,Prosthechea bulbosa,Orchidaceae,Prosthechea,species,TRUE,TRUE,TRUE,single_accepted_id
prosthechea caetensis,1,1,1,1,1,Prosthechea caetensis,accepted,wfo-0000283527,Prosthechea caetensis,Orchidaceae,Prosthechea,species,TRUE,TRUE,TRUE,single_accepted_id
prosthechea calamaria,1,1,1,1,1,Prosthechea calamaria,accepted,wfo-0000283528,Prosthechea calamaria,Orchidaceae,Prosthechea,species,TRUE,TRUE,TRUE,single_accepted_id
prosthechea campos-portoi,1,1,1,1,1,Prosthechea campos-portoi,accepted,wfo-0000283529,Prosthechea campos-portoi,Orchidaceae,Prosthechea,species,TRUE,TRUE,TRUE,single_accepted_id
prosthechea cochleata,1,1,1,1,1,Prosthechea cochleata,accepted,wfo-0000283538,Prosthechea cochleata,Orchidaceae,Prosthechea,species,TRUE,TRUE,TRUE,single_accepted_id
prosthechea faresiana,1,1,1,1,1,Prosthechea faresiana,accepted,wfo-0000283545,Prosthechea faresiana,Orchidaceae,Prosthechea,species,TRUE,TRUE,TRUE,single_accepted_id
prosthechea fausta,1,1,1,1,1,Prosthechea fausta,accepted,wfo-0000283546,Prosthechea fausta,Orchidaceae,Prosthechea,species,TRUE,TRUE,TRUE,single_accepted_id
prosthechea fragrans,1,1,1,1,1,Prosthechea fragrans,accepted,wfo-0000283549,Prosthechea fragrans,Orchidaceae,Prosthechea,species,TRUE,TRUE,TRUE,single_accepted_id
prosthechea glumacea,1,1,1,1,1,Prosthechea glumacea,accepted,wfo-0000283556,Prosthechea glumacea,Orchidaceae,Prosthechea,species,TRUE,TRUE,TRUE,single_accepted_id
prosthechea grammatoglossa,1,1,1,1,1,Prosthechea grammatoglossa,accepted,wfo-0000283557,Prosthechea grammatoglossa,Orchidaceae,Prosthechea,species,TRUE,TRUE,TRUE,single_accepted_id
prosthechea hartwegii,1,1,1,1,1,Prosthechea hartwegii,accepted,wfo-0000283562,Prosthechea hartwegii,Orchidaceae,Prosthechea,species,TRUE,TRUE,TRUE,single_accepted_id
prosthechea livida,1,1,1,1,1,Prosthechea livida,accepted,wfo-0000283575,Prosthechea livida,Orchidaceae,Prosthechea,species,TRUE,TRUE,TRUE,single_accepted_id
prosthechea moojenii,1,1,1,1,1,Prosthechea moojenii,accepted,wfo-0000283581,Prosthechea moojenii,Orchidaceae,Prosthechea,species,TRUE,TRUE,TRUE,single_accepted_id
prosthechea papilio,1,1,1,1,1,Prosthechea papilio,accepted,wfo-0000283590,Prosthechea papilio,Orchidaceae,Prosthechea,species,TRUE,TRUE,TRUE,single_accepted_id
prosthechea pygmaea,1,1,1,1,1,Prosthechea pygmaea,accepted,wfo-0000283600,Prosthechea pygmaea,Orchidaceae,Prosthechea,species,TRUE,TRUE,TRUE,single_accepted_id
prosthechea radiata,1,1,1,1,1,Prosthechea radiata,accepted,wfo-0000283602,Prosthechea radiata,Orchidaceae,Prosthechea,species,TRUE,TRUE,TRUE,single_accepted_id
prosthechea sessiliflora,1,1,1,1,1,Prosthechea sessiliflora,accepted,wfo-0000283611,Prosthechea sessiliflora,Orchidaceae,Prosthechea,species,TRUE,TRUE,TRUE,single_accepted_id
prosthechea suzanensis,1,1,1,1,1,Prosthechea suzanensis,accepted,wfo-0000283615,Prosthechea suzanensis,Orchidaceae,Prosthechea,species,TRUE,TRUE,TRUE,single_accepted_id
prosthechea vespa,1,1,1,1,1,Prosthechea vespa,accepted,wfo-0000283624,Prosthechea vespa,Orchidaceae,Prosthechea,species,TRUE,TRUE,TRUE,single_accepted_id
prosthechea widgrenii,1,1,1,1,1,Prosthechea widgrenii,accepted,wfo-0000283629,Prosthechea widgrenii,Orchidaceae,Prosthechea,species,TRUE,TRUE,TRUE,single_accepted_id
proustia cuneifolia,1,1,1,1,1,Proustia cuneifolia,accepted,wfo-0000134760,Proustia cuneifolia,Asteraceae,Proustia,species,TRUE,TRUE,TRUE,single_accepted_id
prunus,1,1,1,1,1,Prunus,accepted,wfo-4000031284,Prunus,Rosaceae,Prunus,genus,TRUE,TRUE,TRUE,single_accepted_id
prunus amygdalus,3,3,1,1,1,Prunus amygdalus | Prunus amygdalus unranked persicoides,accepted | unchecked,wfo-0001015846,Prunus amygdalus,Rosaceae,Prunus,species,TRUE,TRUE,TRUE,single_accepted_id
prunus armeniaca var. armeniaca,1,1,1,1,1,Prunus armeniaca var. armeniaca,accepted,wfo-1200074995,Prunus armeniaca var. armeniaca,Rosaceae,Prunus,variety,FALSE,FALSE,TRUE,single_accepted_id
prunus campanulata,1,1,1,1,1,Prunus campanulata,accepted,wfo-0000985845,Prunus campanulata,Rosaceae,Prunus,species,TRUE,TRUE,TRUE,single_accepted_id
prunus cerasus,20,20,1,1,1,Prunus cerasus | Prunus cerasus lus. persiciflora | Prunus cerasus lus. semperflorens | Prunus cerasus prol. acida | Prunus cerasus prol. austera | Prunus cerasus prol. caproniana | Prunus cerasus prol. marasca | Prunus cerasus unranked aureovariegata | Prunus cerasus unranked flore-albopleno | Prunus cerasus unranked flore-pleno | Prunus cerasus unranked flore-roseo-pleno | Prunus cerasus unranked florepleno | Prunus cerasus unranked ienensis | Prunus cerasus unranked plena | Prunus cerasus unranked ranunculifera | Prunus cerasus unranked salicifolia | Prunus cerasus unranked semperflorens,accepted | synonym | unchecked,wfo-0001016331,Prunus cerasus,Rosaceae,Prunus,species,TRUE,TRUE,TRUE,single_accepted_id
prunus cornuta,1,1,1,1,1,Prunus cornuta,accepted,wfo-0000986027,Prunus cornuta,Rosaceae,Prunus,species,TRUE,TRUE,TRUE,single_accepted_id
prunus dasycarpa,1,1,1,1,1,Prunus dasycarpa,accepted,wfo-0001131954,Prunus dasycarpa,Rosaceae,Prunus,species,FALSE,FALSE,TRUE,single_accepted_id
prunus davidiana,2,2,1,1,1,Prunus davidiana,accepted | unchecked,wfo-0000986063,Prunus davidiana,Rosaceae,Prunus,species,TRUE,TRUE,TRUE,single_accepted_id
prunus domestica,7,7,1,1,1,Prunus domestica | Prunus domestica unranked maliformis | Prunus domestica unranked plantieri | Prunus domestica unranked vulgaris,accepted | synonym | unchecked,wfo-0000984349,Prunus domestica,Rosaceae,Prunus,species,TRUE,TRUE,TRUE,single_accepted_id
prunus fruticosa,2,2,1,1,1,Prunus fruticosa,accepted | unchecked,wfo-0001013852,Prunus fruticosa,Rosaceae,Prunus,species,TRUE,TRUE,TRUE,single_accepted_id
prunus grayana,2,2,1,1,1,Prunus grayana,accepted | unchecked,wfo-0000986014,Prunus grayana,Rosaceae,Prunus,species,TRUE,TRUE,TRUE,single_accepted_id
prunus itosakura,1,1,1,1,1,Prunus itosakura,accepted,wfo-0000996487,Prunus itosakura,Rosaceae,Prunus,species,FALSE,FALSE,TRUE,single_accepted_id
prunus jacquemontii,2,2,1,1,1,Prunus jacquemontii,accepted | unchecked,wfo-0001017680,Prunus jacquemontii,Rosaceae,Prunus,species,TRUE,TRUE,TRUE,single_accepted_id
prunus laurocerasus,4,4,1,1,1,Prunus laurocerasus | Prunus laurocerasus unranked fiesserana | Prunus laurocerasus unranked mischeana | Prunus laurocerasus unranked zabeliana,accepted | synonym,wfo-0001016516,Prunus laurocerasus,Rosaceae,Prunus,species,TRUE,TRUE,TRUE,single_accepted_id
prunus leveilleana,1,1,1,1,1,Prunus leveilleana,accepted,wfo-0001017529,Prunus leveilleana,Rosaceae,Prunus,species,TRUE,TRUE,TRUE,single_accepted_id
prunus maximowiczii,1,1,1,1,1,Prunus maximowiczii,accepted,wfo-0001002042,Prunus maximowiczii,Rosaceae,Prunus,species,TRUE,TRUE,TRUE,single_accepted_id
prunus mume var. mume,1,1,1,1,1,Prunus mume var. mume,accepted,wfo-1200074997,Prunus mume var. mume,Rosaceae,Prunus,variety,FALSE,FALSE,TRUE,single_accepted_id
prunus nipponica,1,1,1,1,1,Prunus nipponica,accepted,wfo-0000983575,Prunus nipponica,Rosaceae,Prunus,species,TRUE,TRUE,TRUE,single_accepted_id
prunus padus subsp. padus,1,1,1,1,1,Prunus padus subsp. padus,accepted,wfo-0000983726,Prunus padus subsp. padus,Rosaceae,Prunus,subspecies,FALSE,FALSE,TRUE,single_accepted_id
prunus padus var. borealis,1,1,1,1,1,Prunus padus var. borealis,accepted,wfo-0001428530,Prunus padus var. borealis,Rosaceae,Prunus,variety,FALSE,FALSE,TRUE,single_accepted_id
prunus persica,8,8,1,1,1,Prunus persica | Prunus persica lus. alba | Prunus persica lus. atripurpurea | Prunus persica lus. camelliiflora | Prunus persica lus. dianthiflora | Prunus persica lus. pendula | Prunus persica lus. pyramidalis,accepted | synonym | unchecked,wfo-0001005418,Prunus persica,Rosaceae,Prunus,species,TRUE,TRUE,TRUE,single_accepted_id
prunus prostrata,6,6,1,1,1,Prunus prostrata | Prunus prostrata prol. typica,accepted | synonym | unchecked,wfo-0000985802,Prunus prostrata,Rosaceae,Prunus,species,TRUE,TRUE,TRUE,single_accepted_id
prunus ramburii,1,1,1,1,1,Prunus ramburii,accepted,wfo-0001005292,Prunus ramburii,Rosaceae,Prunus,species,FALSE,FALSE,TRUE,single_accepted_id
prunus serrulata,30,30,1,1,1,Prunus serrulata | Prunus serrulata subf. albida | Prunus serrulata subf. alborosea | Prunus serrulata subf. pallida | Prunus serrulata subf. plena | Prunus serrulata subf. pulchra | Prunus serrulata subf. rosea | Prunus serrulata unranked ambigua | Prunus serrulata unranked ariake | Prunus serrulata unranked daikoku | Prunus serrulata unranked fudanzakura | Prunus serrulata unranked fugenzo | Prunus serrulata unranked geraldinae | Prunus serrulata unranked gioiko | Prunus serrulata unranked grandiflora | Prunus serrulata unranked hatazakura | Prunus serrulata unranked hokusai | Prunus serrulata unranked kabazakura | Prunus serrulata unranked kojima | Prunus serrulata unranked luteoides | Prunus serrulata unranked okiku | Prunus serrulata unranked ruiran | Prunus serrulata unranked sekiyama | Prunus serrulata unranked shujaku | Prunus serrulata unranked sumizome | Prunus serrulata unranked taihaku | Prunus serrulata unranked taoyoma | Prunus serrulata unranked temari | Prunus serrulata unranked wasinowo,accepted | synonym | unchecked,wfo-0000992061,Prunus serrulata,Rosaceae,Prunus,species,TRUE,TRUE,TRUE,single_accepted_id
prunus spachiana,1,1,1,1,1,Prunus spachiana,synonym,wfo-0000996487,Prunus itosakura,Rosaceae,Prunus,species,TRUE,TRUE,FALSE,single_accepted_id
prunus ssiori,1,1,1,1,1,Prunus ssiori,accepted,wfo-0000988088,Prunus ssiori,Rosaceae,Prunus,species,TRUE,TRUE,TRUE,single_accepted_id
prunus triloba,2,2,1,1,1,Prunus triloba,accepted | unchecked,wfo-0001013932,Prunus triloba,Rosaceae,Prunus,species,TRUE,TRUE,TRUE,single_accepted_id
prunus yedoensis,1,1,1,1,1,Prunus yedoensis unranked pendula,synonym,wfo-0000983576,Prunus × yedoensis,Rosaceae,Prunus,species,FALSE,TRUE,FALSE,single_accepted_id
psammosilene tunicoides,1,1,1,1,1,Psammosilene tunicoides,accepted,wfo-0000395656,Psammosilene tunicoides,Caryophyllaceae,Psammosilene,species,TRUE,TRUE,TRUE,single_accepted_id
pseudocedrela kotschyi,1,1,1,1,1,Pseudocedrela kotschyi,accepted,wfo-0000473666,Pseudocedrela kotschyi,Meliaceae,Pseudocedrela,species,TRUE,TRUE,TRUE,single_accepted_id
pseudocydonia sinensis,1,1,1,1,1,Pseudocydonia sinensis,accepted,wfo-0001014223,Pseudocydonia sinensis,Rosaceae,Pseudocydonia,species,TRUE,TRUE,TRUE,single_accepted_id
pseudognaphalium robustum,1,1,1,1,1,Pseudognaphalium robustum,synonym,wfo-0000091138,Gnaphalium robustum,Asteraceae,Gnaphalium,species,TRUE,TRUE,FALSE,single_accepted_id
pseudolarix amabilis,1,1,1,1,1,Pseudolarix amabilis,accepted,wfo-0000479701,Pseudolarix amabilis,Pinaceae,Pseudolarix,species,TRUE,TRUE,TRUE,single_accepted_id
pseudoprospero firmifolium,1,1,1,1,1,Pseudoprospero firmifolium,accepted,wfo-0000723079,Pseudoprospero firmifolium,Asparagaceae,Pseudoprospero,species,TRUE,TRUE,TRUE,single_accepted_id
pseudosophora alopecuroides,2,2,1,1,1,Pseudosophora alopecuroides,synonym,wfo-0000213933,Sophora alopecuroides,Fabaceae,Sophora,species,TRUE,TRUE,FALSE,single_accepted_id
pseudotsuga menziesii,1,1,1,1,1,Pseudotsuga menziesii,accepted,wfo-0000478194,Pseudotsuga menziesii,Pinaceae,Pseudotsuga,species,TRUE,TRUE,TRUE,single_accepted_id
pseudotsuga sinensis,1,1,1,1,1,Pseudotsuga sinensis,accepted,wfo-0000478196,Pseudotsuga sinensis,Pinaceae,Pseudotsuga,species,TRUE,TRUE,TRUE,single_accepted_id
psidium acutangulum,1,1,1,1,1,Psidium acutangulum,accepted,wfo-0000284273,Psidium acutangulum,Myrtaceae,Psidium,species,TRUE,TRUE,TRUE,single_accepted_id
psidium cattleyanum,1,1,1,1,1,Psidium cattleyanum,accepted,wfo-0001319200,Psidium cattleyanum,Myrtaceae,Psidium,species,TRUE,TRUE,TRUE,single_accepted_id
psidium guajava,1,1,1,1,1,Psidium guajava,accepted,wfo-0000284421,Psidium guajava,Myrtaceae,Psidium,species,TRUE,TRUE,TRUE,single_accepted_id
psophocarpus scandens,1,1,1,1,1,Psophocarpus scandens,accepted,wfo-0000183752,Psophocarpus scandens,Fabaceae,Psophocarpus,species,FALSE,FALSE,TRUE,single_accepted_id
psoralea,1,1,1,1,1,Psoralea,accepted,wfo-4000031821,Psoralea,Fabaceae,Psoralea,genus,TRUE,TRUE,TRUE,single_accepted_id
psorodendron arborescens,1,1,1,1,1,Psorodendron arborescens,accepted,wfo-0000181018,Psorodendron arborescens,Fabaceae,Psorodendron,species,FALSE,FALSE,TRUE,single_accepted_id
psorodendron fremontii,1,1,1,1,1,Psorodendron fremontii,accepted,wfo-0000181050,Psorodendron fremontii,Fabaceae,Psorodendron,species,FALSE,FALSE,TRUE,single_accepted_id
psorodendron spinosum,1,1,1,1,1,Psorodendron spinosum,accepted,wfo-0000180956,Psorodendron spinosum,Fabaceae,Psorodendron,species,FALSE,FALSE,TRUE,single_accepted_id
psorospermum androsaemifolium,1,1,1,1,1,Psorospermum androsaemifolium,accepted,wfo-0001295853,Psorospermum androsaemifolium,Hypericaceae,Psorospermum,species,TRUE,TRUE,TRUE,single_accepted_id
psorospermum febrifugum,1,1,1,1,1,Psorospermum febrifugum,accepted,wfo-0000465021,Psorospermum febrifugum,Hypericaceae,Psorospermum,species,TRUE,TRUE,TRUE,single_accepted_id
psorothamnus arborescens,1,1,1,1,1,Psorothamnus arborescens,synonym,wfo-0000181018,Psorodendron arborescens,Fabaceae,Psorodendron,species,TRUE,TRUE,FALSE,single_accepted_id
psorothamnus fremontii,1,1,1,1,1,Psorothamnus fremontii,synonym,wfo-0000181050,Psorodendron fremontii,Fabaceae,Psorodendron,species,TRUE,TRUE,FALSE,single_accepted_id
psorothamnus polydenius,1,1,1,1,1,Psorothamnus polydenius,accepted,wfo-0000169528,Psorothamnus polydenius,Fabaceae,Psorothamnus,species,TRUE,TRUE,TRUE,single_accepted_id
psorothamnus spinosus,1,1,1,1,1,Psorothamnus spinosus,synonym,wfo-0000180956,Psorodendron spinosum,Fabaceae,Psorodendron,species,TRUE,TRUE,FALSE,single_accepted_id
pterocarpus angolensis,1,1,1,1,1,Pterocarpus angolensis,accepted,wfo-0000172643,Pterocarpus angolensis,Fabaceae,Pterocarpus,species,TRUE,TRUE,TRUE,single_accepted_id
pterocarpus macrocarpus,1,1,1,1,1,Pterocarpus macrocarpus,accepted,wfo-0000194875,Pterocarpus macrocarpus,Fabaceae,Pterocarpus,species,TRUE,TRUE,TRUE,single_accepted_id
pterocarpus marsupium,1,1,1,1,1,Pterocarpus marsupium,accepted,wfo-0000185089,Pterocarpus marsupium,Fabaceae,Pterocarpus,species,TRUE,TRUE,TRUE,single_accepted_id
pterocarpus marsupium subsp. marsupium,1,1,1,1,1,Pterocarpus marsupium subsp. marsupium,accepted,wfo-0000204517,Pterocarpus marsupium subsp. marsupium,Fabaceae,Pterocarpus,subspecies,FALSE,FALSE,TRUE,single_accepted_id
pterocarpus soyauxii,1,1,1,1,1,Pterocarpus soyauxii,accepted,wfo-0000172858,Pterocarpus soyauxii,Fabaceae,Pterocarpus,species,TRUE,TRUE,TRUE,single_accepted_id
pterocarpus vidalianus,1,1,1,1,1,Pterocarpus vidalianus,accepted,wfo-0000205991,Pterocarpus vidalianus,Fabaceae,Pterocarpus,species,FALSE,FALSE,TRUE,single_accepted_id
pterocaulon alopecuroides,1,1,1,1,1,Pterocaulon alopecuroides,accepted,wfo-0000016722,Pterocaulon alopecuroides,Asteraceae,Pterocaulon,species,TRUE,TRUE,TRUE,single_accepted_id
pterocaulon serrulatum,1,1,1,1,1,Pterocaulon serrulatum,accepted,wfo-0000074834,Pterocaulon serrulatum,Asteraceae,Pterocaulon,species,TRUE,TRUE,TRUE,single_accepted_id
pterocaulon virgatum,1,1,1,1,1,Pterocaulon virgatum,accepted,wfo-0000135734,Pterocaulon virgatum,Asteraceae,Pterocaulon,species,TRUE,TRUE,TRUE,single_accepted_id
pterodon emarginatus,1,1,1,1,1,Pterodon emarginatus,accepted,wfo-0000186722,Pterodon emarginatus,Fabaceae,Pterodon,species,TRUE,TRUE,TRUE,single_accepted_id
pterogyne nitens,1,1,1,1,1,Pterogyne nitens,accepted,wfo-0000170614,Pterogyne nitens,Fabaceae,Pterogyne,species,TRUE,TRUE,TRUE,single_accepted_id
pterospartum tridentatum,1,1,1,1,1,Pterospartum tridentatum,synonym,wfo-0000213379,Genista tridentata,Fabaceae,Genista,species,TRUE,TRUE,FALSE,single_accepted_id
pteroxygonum giraldii,1,1,1,1,1,Pteroxygonum giraldii,accepted,wfo-0001230802,Pteroxygonum giraldii,Polygonaceae,Pteroxygonum,species,TRUE,TRUE,TRUE,single_accepted_id
ptilothrix deusta,1,1,1,1,1,Ptilothrix deusta,accepted,wfo-0000503454,Ptilothrix deusta,Cyperaceae,Ptilothrix,species,TRUE,TRUE,TRUE,single_accepted_id
pueraria,1,1,1,1,1,Pueraria,accepted,wfo-4000032154,Pueraria,Fabaceae,Pueraria,genus,TRUE,TRUE,TRUE,single_accepted_id
pueraria calycina,1,1,1,1,1,Pueraria calycina,accepted,wfo-0000197989,Pueraria calycina,Fabaceae,Pueraria,species,TRUE,TRUE,TRUE,single_accepted_id
pueraria candollei,1,1,1,1,1,Pueraria candollei,accepted,wfo-0000193845,Pueraria candollei,Fabaceae,Pueraria,species,TRUE,TRUE,TRUE,single_accepted_id
pueraria edulis,1,1,1,1,1,Pueraria edulis,accepted,wfo-0000197991,Pueraria edulis,Fabaceae,Pueraria,species,TRUE,TRUE,TRUE,single_accepted_id
pueraria montana,1,1,1,1,1,Pueraria montana,accepted,wfo-0000185101,Pueraria montana,Fabaceae,Pueraria,species,TRUE,TRUE,TRUE,single_accepted_id
pueraria peduncularis,1,1,1,1,1,Pueraria peduncularis,synonym,wfo-0001342972,Toxicopueraria peduncularis,Fabaceae,Toxicopueraria,species,FALSE,TRUE,FALSE,single_accepted_id
pueraria phaseoloides,1,1,1,1,1,Pueraria phaseoloides,synonym,wfo-0000183176,Neustanthus phaseoloides,Fabaceae,Neustanthus,species,TRUE,TRUE,FALSE,single_accepted_id
pueraria tuberosa,1,1,1,1,1,Pueraria tuberosa,accepted,wfo-0000185100,Pueraria tuberosa,Fabaceae,Pueraria,species,TRUE,TRUE,TRUE,single_accepted_id
pulicaria gnaphalodes,1,1,1,1,1,Pulicaria gnaphalodes,accepted,wfo-0000092918,Pulicaria gnaphalodes,Asteraceae,Pulicaria,species,TRUE,TRUE,TRUE,single_accepted_id
pulicaria undulata,2,2,1,1,1,Pulicaria undulata,accepted | unchecked,wfo-0000132536,Pulicaria undulata,Asteraceae,Pulicaria,species,TRUE,TRUE,TRUE,single_accepted_id
pulsatilla cernua,2,2,1,1,1,Pulsatilla cernua,accepted | unchecked,wfo-0001129290,Pulsatilla cernua,Ranunculaceae,Pulsatilla,species,TRUE,TRUE,TRUE,single_accepted_id
punica granatum,1,1,1,1,1,Punica granatum,accepted,wfo-0000468843,Punica granatum,Lythraceae,Punica,species,TRUE,TRUE,TRUE,single_accepted_id
pycnanthus angolensis,1,1,1,1,1,Pycnanthus angolensis,accepted,wfo-0000476435,Pycnanthus angolensis,Myristicaceae,Pycnanthus,species,TRUE,TRUE,TRUE,single_accepted_id
pyracantha coccinea,1,1,1,1,1,Pyracantha coccinea,accepted,wfo-0001008214,Pyracantha coccinea,Rosaceae,Pyracantha,species,TRUE,TRUE,TRUE,single_accepted_id
pyramidanthe kentii,1,1,1,1,1,Pyramidanthe kentii,accepted,wfo-1000028671,Pyramidanthe kentii,Annonaceae,Pyramidanthe,species,FALSE,FALSE,TRUE,single_accepted_id
pyramidanthe prismatica,1,1,1,1,1,Pyramidanthe prismatica,accepted,wfo-0000393937,Pyramidanthe prismatica,Annonaceae,Pyramidanthe,species,FALSE,FALSE,TRUE,single_accepted_id
pyrola,1,1,1,1,1,Pyrola,accepted,wfo-4000032303,Pyrola,Ericaceae,Pyrola,genus,TRUE,TRUE,TRUE,single_accepted_id
pyrola asarifolia,1,1,1,1,1,Pyrola asarifolia,accepted,wfo-0001128939,Pyrola asarifolia,Ericaceae,Pyrola,species,TRUE,TRUE,TRUE,single_accepted_id
pyrola chlorantha,1,1,1,1,1,Pyrola chlorantha,accepted,wfo-0000396274,Pyrola chlorantha,Ericaceae,Pyrola,species,TRUE,TRUE,TRUE,single_accepted_id
pyrola elliptica,1,1,1,1,1,Pyrola elliptica,accepted,wfo-0000396294,Pyrola elliptica,Ericaceae,Pyrola,species,TRUE,TRUE,TRUE,single_accepted_id
pyrola incarnata,1,1,1,1,1,Pyrola incarnata,synonym,wfo-0001128939,Pyrola asarifolia,Ericaceae,Pyrola,species,TRUE,TRUE,FALSE,single_accepted_id
pyrolirion flavum,1,1,1,1,1,Pyrolirion flavum,accepted,wfo-0000727083,Pyrolirion flavum,Amaryllidaceae,Pyrolirion,species,FALSE,FALSE,TRUE,single_accepted_id
pyrrosia linearifolia,2,2,1,1,1,Pyrrosia linearifolia | Pyrrosia linearifolia unranked cristata,accepted | synonym,wfo-0001107415,Pyrrosia linearifolia,Polypodiaceae,Pyrrosia,species,TRUE,TRUE,TRUE,single_accepted_id
pyrrosia serpens,1,1,1,1,1,Pyrrosia serpens,accepted,wfo-0000150260,Pyrrosia serpens,Polypodiaceae,Pyrrosia,species,TRUE,TRUE,TRUE,single_accepted_id
pyrus bourgaeana,1,1,1,1,1,Pyrus bourgaeana,accepted,wfo-0001018703,Pyrus bourgaeana,Rosaceae,Pyrus,species,FALSE,FALSE,TRUE,single_accepted_id
pyrus communis subsp. communis,1,1,1,1,1,Pyrus communis subsp. communis,accepted,wfo-0000984439,Pyrus communis subsp. communis,Rosaceae,Pyrus,subspecies,FALSE,FALSE,TRUE,single_accepted_id
pyrus turcomanica,1,1,1,1,1,Pyrus turcomanica,accepted,wfo-0000992574,Pyrus turcomanica,Rosaceae,Pyrus,species,FALSE,FALSE,TRUE,single_accepted_id
qualea labouriauana,1,1,1,1,1,Qualea labouriauana,accepted,wfo-0000733118,Qualea labouriauana,Vochysiaceae,Qualea,species,TRUE,TRUE,TRUE,single_accepted_id
qualea paraensis,1,1,1,1,1,Qualea paraensis,accepted,wfo-0000733145,Qualea paraensis,Vochysiaceae,Qualea,species,TRUE,TRUE,TRUE,single_accepted_id
quercus *,1,1,1,1,1,Quercus × hispanica,accepted,wfo-0000291114,Quercus × hispanica,Fagaceae,Quercus,species,FALSE,FALSE,TRUE,single_accepted_id
quercus acutissima,1,1,1,1,1,Quercus acutissima,accepted,wfo-0000289386,Quercus acutissima,Fagaceae,Quercus,species,TRUE,TRUE,TRUE,single_accepted_id
quercus coccifera,1,1,1,1,1,Quercus coccifera,accepted,wfo-0000290191,Quercus coccifera,Fagaceae,Quercus,species,TRUE,TRUE,TRUE,single_accepted_id
quercus helferiana,1,1,1,1,1,Quercus helferiana,accepted,wfo-0000291077,Quercus helferiana,Fagaceae,Quercus,species,FALSE,FALSE,TRUE,single_accepted_id
quercus lusitanica,1,1,1,1,1,Quercus lusitanica,accepted,wfo-0000291789,Quercus lusitanica,Fagaceae,Quercus,species,FALSE,FALSE,TRUE,single_accepted_id
quercus marilandica,1,1,1,1,1,Quercus marilandica,accepted,wfo-0000291931,Quercus marilandica,Fagaceae,Quercus,species,TRUE,TRUE,TRUE,single_accepted_id
quercus miyagii,1,1,1,1,1,Quercus miyagii,accepted,wfo-0000292037,Quercus miyagii,Fagaceae,Quercus,species,TRUE,TRUE,TRUE,single_accepted_id
quercus mongolica,1,1,1,1,1,Quercus mongolica,accepted,wfo-0000292048,Quercus mongolica,Fagaceae,Quercus,species,TRUE,TRUE,TRUE,single_accepted_id
quercus nigra,1,1,1,1,1,Quercus nigra,accepted,wfo-0000292146,Quercus nigra,Fagaceae,Quercus,species,FALSE,FALSE,TRUE,single_accepted_id
quercus petraea,1,1,1,1,1,Quercus petraea,accepted,wfo-0000292459,Quercus petraea,Fagaceae,Quercus,species,TRUE,TRUE,TRUE,single_accepted_id
quercus robur subsp. brutia,1,1,1,1,1,Quercus robur subsp. brutia,accepted,wfo-0000292879,Quercus robur subsp. brutia,Fagaceae,Quercus,subspecies,FALSE,FALSE,TRUE,single_accepted_id
quercus salicina,1,1,1,1,1,Quercus salicina,accepted,wfo-0000293064,Quercus salicina,Fagaceae,Quercus,species,TRUE,TRUE,TRUE,single_accepted_id
quintinia acutifolia,1,1,1,1,1,Quintinia acutifolia,synonym,wfo-0000733598,Quintinia serrata,Paracryphiaceae,Quintinia,species,TRUE,TRUE,FALSE,single_accepted_id
quintinia serrata,1,1,1,1,1,Quintinia serrata,accepted,wfo-0000733598,Quintinia serrata,Paracryphiaceae,Quintinia,species,FALSE,FALSE,TRUE,single_accepted_id
raphanus raphanistrum subsp. sativus,1,1,1,1,1,Raphanus raphanistrum subsp. sativus,accepted,wfo-0001217985,Raphanus raphanistrum subsp. sativus,Brassicaceae,Raphanus,subspecies,FALSE,FALSE,TRUE,single_accepted_id
ratibida columnifera,1,1,1,1,1,Ratibida columnifera,accepted,wfo-0000083837,Ratibida columnifera,Asteraceae,Ratibida,species,TRUE,TRUE,TRUE,single_accepted_id
renealmia nicolaioides,1,1,1,1,1,Renealmia nicolaioides,accepted,wfo-0000510879,Renealmia nicolaioides,Zingiberaceae,Renealmia,species,TRUE,TRUE,TRUE,single_accepted_id
resnova humifusa,1,1,1,1,1,Resnova humifusa,accepted,wfo-0000732462,Resnova humifusa,Asparagaceae,Resnova,species,TRUE,TRUE,TRUE,single_accepted_id
retama sphaerocarpa,1,1,1,1,1,Retama sphaerocarpa,accepted,wfo-0000213402,Retama sphaerocarpa,Fabaceae,Retama,species,TRUE,TRUE,TRUE,single_accepted_id
reynoutria japonica,1,1,1,1,1,Reynoutria japonica,accepted,wfo-0000406106,Reynoutria japonica,Polygonaceae,Reynoutria,species,TRUE,TRUE,TRUE,single_accepted_id
reynoutria multiflora,1,1,1,1,1,Reynoutria multiflora,accepted,wfo-0000404395,Reynoutria multiflora,Polygonaceae,Reynoutria,species,FALSE,FALSE,TRUE,single_accepted_id
rhamnus lycioides,1,1,1,1,1,Rhamnus lycioides,accepted,wfo-0000460322,Rhamnus lycioides,Rhamnaceae,Rhamnus,species,TRUE,TRUE,TRUE,single_accepted_id
rhamnus pallasii,1,1,1,1,1,Rhamnus pallasii,accepted,wfo-0001131291,Rhamnus pallasii,Rhamnaceae,Rhamnus,species,TRUE,TRUE,TRUE,single_accepted_id
rhaphiolepis indica,1,1,1,1,1,Rhaphiolepis indica,accepted,wfo-0001016273,Rhaphiolepis indica,Rosaceae,Rhaphiolepis,species,TRUE,TRUE,TRUE,single_accepted_id
rhaponticum carthamoides,1,1,1,1,1,Rhaponticum carthamoides,synonym,wfo-0000135169,Leuzea carthamoides,Asteraceae,Leuzea,species,TRUE,TRUE,FALSE,single_accepted_id
rhaponticum uniflorum,1,1,1,1,1,Rhaponticum uniflorum,synonym,wfo-0000123686,Leuzea uniflora,Asteraceae,Leuzea,species,TRUE,TRUE,FALSE,single_accepted_id
rheum,1,1,1,1,1,Rheum,accepted,wfo-4000032935,Rheum,Polygonaceae,Rheum,genus,TRUE,TRUE,TRUE,single_accepted_id
rheum australe,1,1,1,1,1,Rheum australe,accepted,wfo-0001101425,Rheum australe,Polygonaceae,Rheum,species,TRUE,TRUE,TRUE,single_accepted_id
rheum officinale,1,1,1,1,1,Rheum officinale,accepted,wfo-0000404454,Rheum officinale,Polygonaceae,Rheum,species,TRUE,TRUE,TRUE,single_accepted_id
rheum palmatum,1,1,1,1,1,Rheum palmatum,accepted,wfo-0000404474,Rheum palmatum,Polygonaceae,Rheum,species,TRUE,TRUE,TRUE,single_accepted_id
rhinanthus,1,1,1,1,1,Rhinanthus,accepted,wfo-4000032946,Rhinanthus,Orobanchaceae,Rhinanthus,genus,FALSE,FALSE,TRUE,single_accepted_id
rhizophora stylosa,1,1,1,1,1,Rhizophora stylosa,accepted,wfo-0001131597,Rhizophora stylosa,Rhizophoraceae,Rhizophora,species,TRUE,TRUE,TRUE,single_accepted_id
rhodiola chrysanthemifolia,1,1,1,1,1,Rhodiola chrysanthemifolia,accepted,wfo-0001300650,Rhodiola chrysanthemifolia,Crassulaceae,Rhodiola,species,TRUE,TRUE,TRUE,single_accepted_id
rhodiola crenulata,1,1,1,1,1,Rhodiola crenulata,accepted,wfo-0000399351,Rhodiola crenulata,Crassulaceae,Rhodiola,species,TRUE,TRUE,TRUE,single_accepted_id
rhodiola fastigiata,1,1,1,1,1,Rhodiola fastigiata,accepted,wfo-0001299894,Rhodiola fastigiata,Crassulaceae,Rhodiola,species,TRUE,TRUE,TRUE,single_accepted_id
rhodiola heterodonta,1,1,1,1,1,Rhodiola heterodonta,accepted,wfo-0001299897,Rhodiola heterodonta,Crassulaceae,Rhodiola,species,TRUE,TRUE,TRUE,single_accepted_id
rhodiola kirilowii,1,1,1,1,1,Rhodiola kirilowii,accepted,wfo-0001300617,Rhodiola kirilowii,Crassulaceae,Rhodiola,species,TRUE,TRUE,TRUE,single_accepted_id
rhodiola rosea,1,1,1,1,1,Rhodiola rosea,accepted,wfo-0000399342,Rhodiola rosea,Crassulaceae,Rhodiola,species,TRUE,TRUE,TRUE,single_accepted_id
rhodiola semenovii,1,1,1,1,1,Rhodiola semenovii,accepted,wfo-0001299870,Rhodiola semenovii,Crassulaceae,Rhodiola,species,TRUE,TRUE,TRUE,single_accepted_id
rhododendron,1,1,1,1,1,Rhododendron,accepted,wfo-4000033027,Rhododendron,Ericaceae,Rhododendron,genus,TRUE,TRUE,TRUE,single_accepted_id
rhododendron abietifolium,1,1,1,1,1,Rhododendron abietifolium,accepted,wfo-0000400488,Rhododendron abietifolium,Ericaceae,Rhododendron,species,TRUE,TRUE,TRUE,single_accepted_id
rhododendron acuminatum,1,1,1,1,1,Rhododendron acuminatum,accepted,wfo-0000400490,Rhododendron acuminatum,Ericaceae,Rhododendron,species,TRUE,TRUE,TRUE,single_accepted_id
rhododendron adenopodum,1,1,1,1,1,Rhododendron adenopodum,accepted,wfo-0001048903,Rhododendron adenopodum,Ericaceae,Rhododendron,species,TRUE,TRUE,TRUE,single_accepted_id
rhododendron aurigeranum,1,1,1,1,1,Rhododendron aurigeranum,accepted,wfo-0000400379,Rhododendron aurigeranum,Ericaceae,Rhododendron,species,TRUE,TRUE,TRUE,single_accepted_id
rhododendron bagobonum,1,1,1,1,1,Rhododendron bagobonum,accepted,wfo-0000400373,Rhododendron bagobonum,Ericaceae,Rhododendron,species,TRUE,TRUE,TRUE,single_accepted_id
rhododendron beyerinckianum,1,1,1,1,1,Rhododendron beyerinckianum,accepted,wfo-0000400398,Rhododendron beyerinckianum,Ericaceae,Rhododendron,species,TRUE,TRUE,TRUE,single_accepted_id
rhododendron brookeanum,1,1,1,1,1,Rhododendron brookeanum,synonym,wfo-0001365423,Rhododendron javanicum subsp. brookeanum,Ericaceae,Rhododendron,subspecies,TRUE,TRUE,FALSE,single_accepted_id
rhododendron buxifolium,1,1,1,1,1,Rhododendron buxifolium,accepted,wfo-0000400464,Rhododendron buxifolium,Ericaceae,Rhododendron,species,TRUE,TRUE,TRUE,single_accepted_id
rhododendron christianae,1,1,1,1,1,Rhododendron christianae,accepted,wfo-0000403055,Rhododendron christianae,Ericaceae,Rhododendron,species,TRUE,TRUE,TRUE,single_accepted_id
rhododendron crassifolium,1,1,1,1,1,Rhododendron crassifolium,accepted,wfo-0000403124,Rhododendron crassifolium,Ericaceae,Rhododendron,species,TRUE,TRUE,TRUE,single_accepted_id
rhododendron dauricum,1,1,1,1,1,Rhododendron dauricum,accepted,wfo-0000400762,Rhododendron dauricum,Ericaceae,Rhododendron,species,TRUE,TRUE,TRUE,single_accepted_id
rhododendron decorum,1,1,1,1,1,Rhododendron decorum,accepted,wfo-0001229320,Rhododendron decorum,Ericaceae,Rhododendron,species,TRUE,TRUE,TRUE,single_accepted_id
rhododendron dianthosmum,1,1,1,1,1,Rhododendron dianthosmum,accepted,wfo-0000400742,Rhododendron dianthosmum,Ericaceae,Rhododendron,species,TRUE,TRUE,TRUE,single_accepted_id
rhododendron durionifolium,1,1,1,1,1,Rhododendron durionifolium,accepted,wfo-0000400749,Rhododendron durionifolium,Ericaceae,Rhododendron,species,TRUE,TRUE,TRUE,single_accepted_id
rhododendron edanoi,1,1,1,1,1,Rhododendron edanoi,accepted,wfo-0000400746,Rhododendron edanoi,Ericaceae,Rhododendron,species,TRUE,TRUE,TRUE,single_accepted_id
rhododendron farrerae,1,1,1,1,1,Rhododendron farrerae,accepted,wfo-0000400820,Rhododendron farrerae,Ericaceae,Rhododendron,species,TRUE,TRUE,TRUE,single_accepted_id
rhododendron ferrugineum,1,1,1,1,1,Rhododendron ferrugineum,accepted,wfo-0000400806,Rhododendron ferrugineum,Ericaceae,Rhododendron,species,TRUE,TRUE,TRUE,single_accepted_id
rhododendron gracilentum,1,1,1,1,1,Rhododendron gracilentum,accepted,wfo-0000400656,Rhododendron gracilentum,Ericaceae,Rhododendron,species,TRUE,TRUE,TRUE,single_accepted_id
rhododendron hooglandii,1,1,1,1,1,Rhododendron hooglandii,accepted,wfo-0000400710,Rhododendron hooglandii,Ericaceae,Rhododendron,species,TRUE,TRUE,TRUE,single_accepted_id
rhododendron inconspicuum,1,1,1,1,1,Rhododendron inconspicuum,accepted,wfo-0000400686,Rhododendron inconspicuum,Ericaceae,Rhododendron,species,TRUE,TRUE,TRUE,single_accepted_id
rhododendron intranervatum,1,1,1,1,1,Rhododendron intranervatum,accepted,wfo-0000400674,Rhododendron intranervatum,Ericaceae,Rhododendron,species,TRUE,TRUE,TRUE,single_accepted_id
rhododendron jasminiflorum,2,2,1,1,1,Rhododendron jasminiflorum,accepted | unchecked,wfo-0000400691,Rhododendron jasminiflorum,Ericaceae,Rhododendron,species,TRUE,TRUE,TRUE,single_accepted_id
rhododendron javanicum,1,1,1,1,1,Rhododendron javanicum,accepted,wfo-0000400693,Rhododendron javanicum,Ericaceae,Rhododendron,species,TRUE,TRUE,TRUE,single_accepted_id
rhododendron javanicum subsp. brookeanum,1,1,1,1,1,Rhododendron javanicum subsp. brookeanum,accepted,wfo-0001365423,Rhododendron javanicum subsp. brookeanum,Ericaceae,Rhododendron,subspecies,FALSE,FALSE,TRUE,single_accepted_id
rhododendron kawakamii,1,1,1,1,1,Rhododendron kawakamii,accepted,wfo-0001048928,Rhododendron kawakamii,Ericaceae,Rhododendron,species,TRUE,TRUE,TRUE,single_accepted_id
rhododendron konori,1,1,1,1,1,Rhododendron konori,accepted,wfo-0000400056,Rhododendron konori,Ericaceae,Rhododendron,species,TRUE,TRUE,TRUE,single_accepted_id
rhododendron laetum,1,1,1,1,1,Rhododendron laetum,accepted,wfo-0000400104,Rhododendron laetum,Ericaceae,Rhododendron,species,TRUE,TRUE,TRUE,single_accepted_id
rhododendron lanceolatum,1,1,1,1,1,Rhododendron lanceolatum,accepted,wfo-0000400096,Rhododendron lanceolatum,Ericaceae,Rhododendron,species,TRUE,TRUE,TRUE,single_accepted_id
rhododendron latoucheae,1,1,1,1,1,Rhododendron latoucheae,accepted,wfo-0001229749,Rhododendron latoucheae,Ericaceae,Rhododendron,species,FALSE,FALSE,TRUE,single_accepted_id
rhododendron leucogigas,1,1,1,1,1,Rhododendron leucogigas,accepted,wfo-0000399954,Rhododendron leucogigas,Ericaceae,Rhododendron,species,TRUE,TRUE,TRUE,single_accepted_id
rhododendron luteum,1,1,1,1,1,Rhododendron luteum,accepted,wfo-0000399990,Rhododendron luteum,Ericaceae,Rhododendron,species,TRUE,TRUE,TRUE,single_accepted_id
rhododendron macgregoriae,1,1,1,1,1,Rhododendron macgregoriae,accepted,wfo-0000399989,Rhododendron macgregoriae,Ericaceae,Rhododendron,species,TRUE,TRUE,TRUE,single_accepted_id
rhododendron makinoi,1,1,1,1,1,Rhododendron makinoi,accepted,wfo-0000400004,Rhododendron makinoi,Ericaceae,Rhododendron,species,FALSE,FALSE,TRUE,single_accepted_id
rhododendron meijeri,1,1,1,1,1,Rhododendron meijeri,accepted,wfo-0000400177,Rhododendron meijeri,Ericaceae,Rhododendron,species,TRUE,TRUE,TRUE,single_accepted_id
rhododendron micromalayanum,1,1,1,1,1,Rhododendron micromalayanum,accepted,wfo-0000400282,Rhododendron micromalayanum,Ericaceae,Rhododendron,species,TRUE,TRUE,TRUE,single_accepted_id
rhododendron mucronatum,1,1,1,1,1,Rhododendron mucronatum,accepted,wfo-0001229801,Rhododendron mucronatum,Ericaceae,Rhododendron,species,TRUE,TRUE,TRUE,single_accepted_id
rhododendron nervosulum,1,1,1,1,1,Rhododendron nervosulum,accepted,wfo-0000400362,Rhododendron nervosulum,Ericaceae,Rhododendron,species,FALSE,FALSE,TRUE,single_accepted_id
rhododendron nervulosum,1,1,1,1,1,Rhododendron nervulosum,synonym,wfo-0000400362,Rhododendron nervosulum,Ericaceae,Rhododendron,species,TRUE,TRUE,FALSE,single_accepted_id
rhododendron nieuwenhuisii,1,1,1,1,1,Rhododendron nieuwenhuisii,accepted,wfo-0000400349,Rhododendron nieuwenhuisii,Ericaceae,Rhododendron,species,TRUE,TRUE,TRUE,single_accepted_id
rhododendron orbiculatum,1,1,1,1,1,Rhododendron orbiculatum,accepted,wfo-0000400314,Rhododendron orbiculatum,Ericaceae,Rhododendron,species,TRUE,TRUE,TRUE,single_accepted_id
rhododendron polyanthemum,1,1,1,1,1,Rhododendron polyanthemum,accepted,wfo-0000400159,Rhododendron polyanthemum,Ericaceae,Rhododendron,species,TRUE,TRUE,TRUE,single_accepted_id
rhododendron praetervisum,1,1,1,1,1,Rhododendron praetervisum,accepted,wfo-0000400183,Rhododendron praetervisum,Ericaceae,Rhododendron,species,TRUE,TRUE,TRUE,single_accepted_id
rhododendron rarum,1,1,1,1,1,Rhododendron rarum,accepted,wfo-0000405496,Rhododendron rarum,Ericaceae,Rhododendron,species,TRUE,TRUE,TRUE,single_accepted_id
rhododendron retusum,1,1,1,1,1,Rhododendron retusum,accepted,wfo-0001242988,Rhododendron retusum,Ericaceae,Rhododendron,species,TRUE,TRUE,TRUE,single_accepted_id
rhododendron robinsonii,1,1,1,1,1,Rhododendron robinsonii,accepted,wfo-0000405504,Rhododendron robinsonii,Ericaceae,Rhododendron,species,TRUE,TRUE,TRUE,single_accepted_id
rhododendron searleanum,1,1,1,1,1,Rhododendron searleanum,accepted,wfo-0000405383,Rhododendron searleanum,Ericaceae,Rhododendron,species,TRUE,TRUE,TRUE,single_accepted_id
rhododendron simsii,1,1,1,1,1,Rhododendron simsii,accepted,wfo-0000405453,Rhododendron simsii,Ericaceae,Rhododendron,species,TRUE,TRUE,TRUE,single_accepted_id
rhododendron spiciferum,1,1,1,1,1,Rhododendron spiciferum,accepted,wfo-0001048172,Rhododendron spiciferum,Ericaceae,Rhododendron,species,TRUE,TRUE,TRUE,single_accepted_id
rhododendron spinuliferum,1,1,1,1,1,Rhododendron spinuliferum,accepted,wfo-0001048174,Rhododendron spinuliferum,Ericaceae,Rhododendron,species,TRUE,TRUE,TRUE,single_accepted_id
rhododendron stapfianum,1,1,1,1,1,Rhododendron stapfianum,accepted,wfo-0000405429,Rhododendron stapfianum,Ericaceae,Rhododendron,species,TRUE,TRUE,TRUE,single_accepted_id
rhododendron suaveolens,1,1,1,1,1,Rhododendron suaveolens,accepted,wfo-0000405421,Rhododendron suaveolens,Ericaceae,Rhododendron,species,TRUE,TRUE,TRUE,single_accepted_id
rhododendron superbum,2,2,1,1,1,Rhododendron superbum,accepted | unchecked,wfo-0000405437,Rhododendron superbum,Ericaceae,Rhododendron,species,TRUE,TRUE,TRUE,single_accepted_id
rhododendron vandeursenii,1,1,1,1,1,Rhododendron vandeursenii,synonym,wfo-0000405687,Rhododendron vitis-idaea,Ericaceae,Rhododendron,species,TRUE,TRUE,FALSE,single_accepted_id
rhododendron vitis-idaea,1,1,1,1,1,Rhododendron vitis-idaea,accepted,wfo-0000405687,Rhododendron vitis-idaea,Ericaceae,Rhododendron,species,TRUE,TRUE,TRUE,single_accepted_id
rhododendron womersleyi,1,1,1,1,1,Rhododendron womersleyi,accepted,wfo-0000405700,Rhododendron womersleyi,Ericaceae,Rhododendron,species,TRUE,TRUE,TRUE,single_accepted_id
rhododendron wrightianum,1,1,1,1,1,Rhododendron wrightianum,accepted,wfo-0000405570,Rhododendron wrightianum,Ericaceae,Rhododendron,species,TRUE,TRUE,TRUE,single_accepted_id
rhododendron yelliottii,1,1,1,1,1,Rhododendron yelliottii,accepted,wfo-0000405539,Rhododendron yelliottii,Ericaceae,Rhododendron,species,TRUE,TRUE,TRUE,single_accepted_id
rhododendron zoelleri,1,1,1,1,1,Rhododendron zoelleri,accepted,wfo-0000405531,Rhododendron zoelleri,Ericaceae,Rhododendron,species,TRUE,TRUE,TRUE,single_accepted_id
rhodosphaera rhodanthema,1,1,1,1,1,Rhodosphaera rhodanthema,accepted,wfo-0001038494,Rhodosphaera rhodanthema,Anacardiaceae,Rhodosphaera,species,TRUE,TRUE,TRUE,single_accepted_id
rhus,1,1,1,1,1,Rhus,accepted,wfo-4000033095,Rhus,Anacardiaceae,Rhus,genus,TRUE,TRUE,TRUE,single_accepted_id
rhus glabra,1,1,1,1,1,Rhus glabra,accepted,wfo-0001049359,Rhus glabra,Anacardiaceae,Rhus,species,TRUE,TRUE,TRUE,single_accepted_id
rhus lancea,1,1,1,1,1,Rhus lancea,synonym,wfo-0000434904,Searsia lancea,Anacardiaceae,Searsia,species,TRUE,TRUE,FALSE,single_accepted_id
rhus typhina,1,1,1,1,1,Rhus typhina,accepted,wfo-0000403060,Rhus typhina,Anacardiaceae,Rhus,species,TRUE,TRUE,TRUE,single_accepted_id
rhynchosia aurea,1,1,1,1,1,Rhynchosia aurea,accepted,wfo-0000203982,Rhynchosia aurea,Fabaceae,Rhynchosia,species,FALSE,FALSE,TRUE,single_accepted_id
rhynchosia beddomei,1,1,1,1,1,Rhynchosia beddomei,accepted,wfo-0000185042,Rhynchosia beddomei,Fabaceae,Rhynchosia,species,TRUE,TRUE,TRUE,single_accepted_id
rhynchosia hirta,1,1,1,1,1,Rhynchosia hirta,accepted,wfo-0000186505,Rhynchosia hirta,Fabaceae,Rhynchosia,species,TRUE,TRUE,TRUE,single_accepted_id
rhynchosia precatoria,1,1,1,1,1,Rhynchosia precatoria,accepted,wfo-0000182088,Rhynchosia precatoria,Fabaceae,Rhynchosia,species,TRUE,TRUE,TRUE,single_accepted_id
rhynchosia tomentosa var. tomentosa,1,1,1,1,1,Rhynchosia tomentosa var. tomentosa,accepted,wfo-0000179472,Rhynchosia tomentosa var. tomentosa,Fabaceae,Rhynchosia,variety,FALSE,FALSE,TRUE,single_accepted_id
ribes cynosbati,1,1,1,1,1,Ribes cynosbati,accepted,wfo-0001135595,Ribes cynosbati,Grossulariaceae,Ribes,species,TRUE,TRUE,TRUE,single_accepted_id
ribes distans,1,1,1,1,1,Ribes distans,synonym,wfo-1000035503,Ribes maximoviczianum,Grossulariaceae,Ribes,species,TRUE,TRUE,FALSE,single_accepted_id
ribes maximoviczianum,1,1,1,1,1,Ribes maximoviczianum,accepted,wfo-1000035503,Ribes maximoviczianum,Grossulariaceae,Ribes,species,FALSE,FALSE,TRUE,single_accepted_id
ribes missouriense,1,1,1,1,1,Ribes missouriense,accepted,wfo-0001135616,Ribes missouriense,Grossulariaceae,Ribes,species,TRUE,TRUE,TRUE,single_accepted_id
ribes nigrum var. nigrum,1,1,1,1,1,Ribes nigrum var. nigrum,accepted,wfo-1200064516,Ribes nigrum var. nigrum,Grossulariaceae,Ribes,variety,FALSE,FALSE,TRUE,single_accepted_id
ribes orientale,1,1,1,1,1,Ribes orientale,accepted,wfo-0000405122,Ribes orientale,Grossulariaceae,Ribes,species,FALSE,FALSE,TRUE,single_accepted_id
ribes rubrum,1,1,1,1,1,Ribes rubrum,accepted,wfo-0000405218,Ribes rubrum,Grossulariaceae,Ribes,species,TRUE,TRUE,TRUE,single_accepted_id
ribes sanguineum,1,1,1,1,1,Ribes sanguineum,accepted,wfo-0000405232,Ribes sanguineum,Grossulariaceae,Ribes,species,TRUE,TRUE,TRUE,single_accepted_id
ribes saxatile,1,1,1,1,1,Ribes saxatile,accepted,wfo-0001135957,Ribes saxatile,Grossulariaceae,Ribes,species,FALSE,FALSE,TRUE,single_accepted_id
ribes spicatum subsp. spicatum,1,1,1,1,1,Ribes spicatum subsp. spicatum,accepted,wfo-1200064518,Ribes spicatum subsp. spicatum,Grossulariaceae,Ribes,subspecies,FALSE,FALSE,TRUE,single_accepted_id
ribes uva-crispa,1,1,1,1,1,Ribes uva-crispa,accepted,wfo-0000405193,Ribes uva-crispa,Grossulariaceae,Ribes,species,TRUE,TRUE,TRUE,single_accepted_id
ribes viscosissimum,1,1,1,1,1,Ribes viscosissimum,accepted,wfo-0001135640,Ribes viscosissimum,Grossulariaceae,Ribes,species,TRUE,TRUE,TRUE,single_accepted_id
ricinus communis,2,2,1,1,1,Ricinus communis | Ricinus communis prol. persicus,accepted | synonym,wfo-0000297077,Ricinus communis,Euphorbiaceae,Ricinus,species,TRUE,TRUE,TRUE,single_accepted_id
ridolfia segetum,1,1,1,1,1,Ridolfia segetum,accepted,wfo-0000402206,Ridolfia segetum,Apiaceae,Ridolfia,species,FALSE,FALSE,TRUE,single_accepted_id
robinia pseudoacacia,4,4,1,1,1,Robinia pseudoacacia | Robinia pseudoacacia unranked monophylla-fastigiata | Robinia pseudoacacia unranked monophylla-pendula | Robinia pseudoacacia unranked pyramidalis,accepted | synonym,wfo-0000213931,Robinia pseudoacacia,Fabaceae,Robinia,species,TRUE,TRUE,TRUE,single_accepted_id
robinsonia masafuerae,1,1,1,1,1,Robinsonia masafuerae,accepted,wfo-0000039915,Robinsonia masafuerae,Asteraceae,Robinsonia,species,TRUE,TRUE,TRUE,single_accepted_id
rodgersia sambucifolia,1,1,1,1,1,Rodgersia sambucifolia,accepted,wfo-0001005090,Rodgersia sambucifolia,Saxifragaceae,Rodgersia,species,TRUE,TRUE,TRUE,single_accepted_id
rohdea chinensis,1,1,1,1,1,Rohdea chinensis,synonym,wfo-0001424542,Rohdea fargesii,Asparagaceae,Rohdea,species,TRUE,TRUE,FALSE,single_accepted_id
rohdea fargesii,1,1,1,1,1,Rohdea fargesii,accepted,wfo-0001424542,Rohdea fargesii,Asparagaceae,Rohdea,species,FALSE,FALSE,TRUE,single_accepted_id
rosa,1,1,1,1,1,Rosa,accepted,wfo-4000033476,Rosa,Rosaceae,Rosa,genus,TRUE,TRUE,TRUE,single_accepted_id
rosa balsamica,1,1,1,1,1,Rosa balsamica,accepted,wfo-0000989840,Rosa balsamica,Rosaceae,Rosa,species,FALSE,FALSE,TRUE,single_accepted_id
rosa chinensis,8,8,1,1,1,Rosa chinensis | Rosa chinensis prol. indica | Rosa chinensis prol. semperflorens | Rosa chinensis unranked borbonica | Rosa chinensis unranked manettii | Rosa chinensis unranked semperflorens | Rosa chinensis unranked viridiflora,accepted | synonym | unchecked,wfo-0001014372,Rosa chinensis,Rosaceae,Rosa,species,TRUE,TRUE,TRUE,single_accepted_id
rosa corymbifera,1,1,1,1,1,Rosa corymbifera,accepted,wfo-0001018851,Rosa corymbifera,Rosaceae,Rosa,species,FALSE,FALSE,TRUE,single_accepted_id
rosa cymosa,2,2,1,1,1,Rosa cymosa,synonym | unchecked,wfo-0001014404,Rosa indica,Rosaceae,Rosa,species,TRUE,TRUE,FALSE,single_accepted_id
rosa damascena,7,7,1,1,1,Rosa damascena | Rosa damascena unranked aurora | Rosa damascena unranked celsiana | Rosa damascena unranked coccinea | Rosa damascena unranked italica | Rosa damascena unranked variegata | Rosa damascena unranked versicolor,accepted | unchecked,wfo-0001014673,Rosa damascena,Rosaceae,Rosa,species,TRUE,TRUE,TRUE,single_accepted_id
rosa davurica var. alpestris,1,1,1,1,1,Rosa davurica var. alpestris,accepted,wfo-0001001863,Rosa davurica var. alpestris,Rosaceae,Rosa,variety,FALSE,FALSE,TRUE,single_accepted_id
rosa henryi,1,1,1,1,1,Rosa henryi,synonym,wfo-0000997766,Rosa sambucina,Rosaceae,Rosa,species,TRUE,TRUE,FALSE,single_accepted_id
rosa hirtula,1,1,1,1,1,Rosa hirtula,accepted,wfo-0001006243,Rosa hirtula,Rosaceae,Rosa,species,FALSE,FALSE,TRUE,single_accepted_id
rosa indica,1,1,1,1,1,Rosa indica,accepted,wfo-0001014404,Rosa indica,Rosaceae,Rosa,species,FALSE,FALSE,TRUE,single_accepted_id
rosa marginata,1,1,1,1,1,Rosa marginata,accepted,wfo-0000994975,Rosa marginata,Rosaceae,Rosa,species,FALSE,FALSE,TRUE,single_accepted_id
rosa sambucina,1,1,1,1,1,Rosa sambucina,accepted,wfo-0000997766,Rosa sambucina,Rosaceae,Rosa,species,FALSE,FALSE,TRUE,single_accepted_id
rosa taiwanensis,1,1,1,1,1,Rosa taiwanensis,accepted,wfo-0000997764,Rosa taiwanensis,Rosaceae,Rosa,species,TRUE,TRUE,TRUE,single_accepted_id
rosa transmorrisonensis,1,1,1,1,1,Rosa transmorrisonensis,accepted,wfo-0000984831,Rosa transmorrisonensis,Rosaceae,Rosa,species,TRUE,TRUE,TRUE,single_accepted_id
rosmarinus officinalis,2,2,1,1,1,Rosmarinus officinalis | Rosmarinus officinalis prol. latifolius,synonym,wfo-0000302167,Salvia rosmarinus,Lamiaceae,Salvia,species,TRUE,TRUE,FALSE,single_accepted_id
rosulabryum capillare,1,1,1,1,1,Rosulabryum capillare,accepted,wfo-0001201518,Rosulabryum capillare,Bryaceae,Rosulabryum,species,TRUE,TRUE,TRUE,single_accepted_id
rubus chamaemorus,2,2,1,1,1,Rubus chamaemorus,accepted | unchecked,wfo-0001014280,Rubus chamaemorus,Rosaceae,Rubus,species,TRUE,TRUE,TRUE,single_accepted_id
rubus creticus,1,1,1,1,1,Rubus creticus,accepted,wfo-0001271862,Rubus creticus,Rosaceae,Rubus,species,FALSE,FALSE,TRUE,single_accepted_id
rubus glaucus,2,2,1,1,1,Rubus glaucus,accepted | unchecked,wfo-0001013149,Rubus glaucus,Rosaceae,Rubus,species,TRUE,TRUE,TRUE,single_accepted_id
rubus idaeus subsp. idaeus,1,1,1,1,1,Rubus idaeus subsp. idaeus,accepted,wfo-0001006864,Rubus idaeus subsp. idaeus,Rosaceae,Rubus,subspecies,FALSE,FALSE,TRUE,single_accepted_id
rubus irenaeus,1,1,1,1,1,Rubus irenaeus,accepted,wfo-0000994551,Rubus irenaeus,Rosaceae,Rubus,species,TRUE,TRUE,TRUE,single_accepted_id
rubus nemoralis,1,1,1,1,1,Rubus nemoralis,accepted,wfo-0001012948,Rubus nemoralis,Rosaceae,Rubus,species,FALSE,FALSE,TRUE,single_accepted_id
rubus parvifolius,1,1,1,1,1,Rubus parvifolius,accepted,wfo-0001017757,Rubus parvifolius,Rosaceae,Rubus,species,FALSE,FALSE,TRUE,single_accepted_id
rubus phoenicolasius,1,1,1,1,1,Rubus phoenicolasius,accepted,wfo-0001016934,Rubus phoenicolasius,Rosaceae,Rubus,species,TRUE,TRUE,TRUE,single_accepted_id
rubus ulmifolius,1,1,1,1,1,Rubus ulmifolius,accepted,wfo-0000985000,Rubus ulmifolius,Rosaceae,Rubus,species,FALSE,FALSE,TRUE,single_accepted_id
rumex acetosa,1,1,1,1,1,Rumex acetosa,accepted,wfo-0000403595,Rumex acetosa,Polygonaceae,Rumex,species,TRUE,TRUE,TRUE,single_accepted_id
rumex japonicus,1,1,1,1,1,Rumex japonicus,accepted,wfo-0001101700,Rumex japonicus,Polygonaceae,Rumex,species,TRUE,TRUE,TRUE,single_accepted_id
rumex patientia,1,1,1,1,1,Rumex patientia,accepted,wfo-0000403926,Rumex patientia,Polygonaceae,Rumex,species,TRUE,TRUE,TRUE,single_accepted_id
ruta chalepensis,1,1,1,1,1,Ruta chalepensis,accepted,wfo-0000463803,Ruta chalepensis,Rutaceae,Ruta,species,TRUE,TRUE,TRUE,single_accepted_id
salacia chinensis,1,1,1,1,1,Salacia chinensis,accepted,wfo-0001065503,Salacia chinensis,Celastraceae,Salacia,species,TRUE,TRUE,TRUE,single_accepted_id
salacia oblonga,2,2,1,1,1,Salacia oblonga,accepted | unchecked,wfo-1200025470,Salacia oblonga,Celastraceae,Salacia,species,TRUE,TRUE,TRUE,single_accepted_id
salacia reticulata,1,1,1,1,1,Salacia reticulata,accepted,wfo-0000435705,Salacia reticulata,Celastraceae,Salacia,species,TRUE,TRUE,TRUE,single_accepted_id
salix,1,1,1,1,1,Salix,accepted,wfo-4000033844,Salix,Salicaceae,Salix,genus,TRUE,TRUE,TRUE,single_accepted_id
salix caprea,1,1,1,1,1,Salix caprea,accepted,wfo-0000929313,Salix caprea,Salicaceae,Salix,species,TRUE,TRUE,TRUE,single_accepted_id
salix denticulata,1,1,1,1,1,Salix denticulata,accepted,wfo-0001133943,Salix denticulata,Salicaceae,Salix,species,TRUE,TRUE,TRUE,single_accepted_id
salix gilgiana,1,1,1,1,1,Salix gilgiana,accepted,wfo-0000928434,Salix gilgiana,Salicaceae,Salix,species,TRUE,TRUE,TRUE,single_accepted_id
salix interior,1,1,1,1,1,Salix interior,accepted,wfo-0000928909,Salix interior,Salicaceae,Salix,species,TRUE,TRUE,TRUE,single_accepted_id
salix myrsinifolia,1,1,1,1,1,Salix myrsinifolia,accepted,wfo-0000929897,Salix myrsinifolia,Salicaceae,Salix,species,TRUE,TRUE,TRUE,single_accepted_id
salix purpurea,1,1,1,1,1,Salix purpurea,accepted,wfo-0000930408,Salix purpurea,Salicaceae,Salix,species,TRUE,TRUE,TRUE,single_accepted_id
salix rubra,2,2,1,1,1,Salix rubra,synonym | unchecked,wfo-0000928909,Salix interior,Salicaceae,Salix,species,TRUE,TRUE,FALSE,single_accepted_id
salix sieboldiana,1,1,1,1,1,Salix sieboldiana,accepted,wfo-0000930242,Salix sieboldiana,Salicaceae,Salix,species,TRUE,TRUE,TRUE,single_accepted_id
salix udensis,1,1,1,1,1,Salix udensis,accepted,wfo-0000929566,Salix udensis,Salicaceae,Salix,species,TRUE,TRUE,TRUE,single_accepted_id
salsola collina,1,1,1,1,1,Salsola collina,accepted,wfo-0000436079,Salsola collina,Amaranthaceae,Salsola,species,TRUE,TRUE,TRUE,single_accepted_id
salsola tetrandra,1,1,1,1,1,Salsola tetrandra,accepted,wfo-0000437710,Salsola tetrandra,Amaranthaceae,Salsola,species,TRUE,TRUE,TRUE,single_accepted_id
salvia,1,1,1,1,1,Salvia,accepted,wfo-4000033888,Salvia,Lamiaceae,Salvia,genus,TRUE,TRUE,TRUE,single_accepted_id
salvia abrotanoides,1,1,1,1,1,Salvia abrotanoides,accepted,wfo-0001428614,Salvia abrotanoides,Lamiaceae,Salvia,species,FALSE,FALSE,TRUE,single_accepted_id
salvia azurea,1,1,1,1,1,Salvia azurea,accepted,wfo-0000300369,Salvia azurea,Lamiaceae,Salvia,species,FALSE,FALSE,TRUE,single_accepted_id
salvia coccinea,4,4,1,1,1,Salvia coccinea | Salvia coccinea unranked pumila,accepted | synonym | unchecked,wfo-0000300715,Salvia coccinea,Lamiaceae,Salvia,species,TRUE,TRUE,TRUE,single_accepted_id
salvia discolor,1,1,1,1,1,Salvia discolor,accepted,wfo-0000300870,Salvia discolor,Lamiaceae,Salvia,species,FALSE,FALSE,TRUE,single_accepted_id
salvia fruticosa,1,1,1,1,1,Salvia fruticosa,accepted,wfo-0000301042,Salvia fruticosa,Lamiaceae,Salvia,species,TRUE,TRUE,TRUE,single_accepted_id
salvia leucantha,1,1,1,1,1,Salvia leucantha,accepted,wfo-0000301425,Salvia leucantha,Lamiaceae,Salvia,species,TRUE,TRUE,TRUE,single_accepted_id
salvia miltiorrhiza,1,1,1,1,1,Salvia miltiorrhiza,accepted,wfo-0000301608,Salvia miltiorrhiza,Lamiaceae,Salvia,species,TRUE,TRUE,TRUE,single_accepted_id
salvia officinalis subsp. lavandulifolia,1,1,1,1,1,Salvia officinalis subsp. lavandulifolia,accepted,wfo-0000838966,Salvia officinalis subsp. lavandulifolia,Lamiaceae,Salvia,subspecies,FALSE,FALSE,TRUE,single_accepted_id
salvia officinalis subsp. officinalis,1,1,1,1,1,Salvia officinalis subsp. officinalis,accepted,wfo-0000301779,Salvia officinalis subsp. officinalis,Lamiaceae,Salvia,subspecies,FALSE,FALSE,TRUE,single_accepted_id
salvia rosmarinus,1,1,1,1,1,Salvia rosmarinus,accepted,wfo-0000302167,Salvia rosmarinus,Lamiaceae,Salvia,species,TRUE,TRUE,TRUE,single_accepted_id
salvia texana,1,1,1,1,1,Salvia texana,accepted,wfo-0000302454,Salvia texana,Lamiaceae,Salvia,species,TRUE,TRUE,TRUE,single_accepted_id
salvia xalapensis,1,1,1,1,1,Salvia xalapensis,accepted,wfo-0000302642,Salvia xalapensis,Lamiaceae,Salvia,species,TRUE,TRUE,TRUE,single_accepted_id
salvia yangii,1,1,1,1,1,Salvia yangii,accepted,wfo-0001427364,Salvia yangii,Lamiaceae,Salvia,species,FALSE,FALSE,TRUE,single_accepted_id
sambucus nigra,1,1,1,1,1,Sambucus nigra,accepted,wfo-0000439308,Sambucus nigra,Viburnaceae,Sambucus,species,TRUE,TRUE,TRUE,single_accepted_id
sanguisorba alpina,1,1,1,1,1,Sanguisorba alpina,accepted,wfo-0001015999,Sanguisorba alpina,Rosaceae,Sanguisorba,species,TRUE,TRUE,TRUE,single_accepted_id
sanguisorba officinalis,3,3,1,1,1,Sanguisorba officinalis | Sanguisorba officinalis prol. montana | Sanguisorba officinalis unranked cordata,accepted | synonym,wfo-0000983287,Sanguisorba officinalis,Rosaceae,Sanguisorba,species,TRUE,TRUE,TRUE,single_accepted_id
sansevieria cylindrica,1,1,1,1,1,Sansevieria cylindrica,synonym,wfo-0001424811,Dracaena angolensis,Asparagaceae,Dracaena,species,TRUE,TRUE,FALSE,single_accepted_id
santolina chamaecyparissus,1,1,1,1,1,Santolina chamaecyparissus,accepted,wfo-0000045085,Santolina chamaecyparissus,Asteraceae,Santolina,species,TRUE,TRUE,TRUE,single_accepted_id
sapium haematospermum,1,1,1,1,1,Sapium haematospermum,accepted,wfo-0000302812,Sapium haematospermum,Euphorbiaceae,Sapium,species,TRUE,TRUE,TRUE,single_accepted_id
sapium stylare,1,1,1,1,1,Sapium stylare,accepted,wfo-0000302987,Sapium stylare,Euphorbiaceae,Sapium,species,TRUE,TRUE,TRUE,single_accepted_id
saracha punctata,1,1,1,1,1,Saracha punctata,accepted,wfo-0001025330,Saracha punctata,Solanaceae,Saracha,species,TRUE,TRUE,TRUE,single_accepted_id
sarcandra glabra,1,1,1,1,1,Sarcandra glabra,accepted,wfo-0000438024,Sarcandra glabra,Chloranthaceae,Sarcandra,species,TRUE,TRUE,TRUE,single_accepted_id
sarcolobus globosus,1,1,1,1,1,Sarcolobus globosus,accepted,wfo-0000431188,Sarcolobus globosus,Apocynaceae,Sarcolobus,species,TRUE,TRUE,TRUE,single_accepted_id
sarcophyte,1,1,1,1,1,Sarcophyte,accepted,wfo-4000034069,Sarcophyte,Balanophoraceae,Sarcophyte,genus,TRUE,TRUE,TRUE,single_accepted_id
sarcophyte piriei,1,1,1,1,1,Sarcophyte piriei,accepted,wfo-0001140478,Sarcophyte piriei,Balanophoraceae,Sarcophyte,species,TRUE,TRUE,TRUE,single_accepted_id
sarcophyte sanguinea,1,1,1,1,1,Sarcophyte sanguinea,accepted,wfo-0001140462,Sarcophyte sanguinea,Balanophoraceae,Sarcophyte,species,TRUE,TRUE,TRUE,single_accepted_id
sarracenia alabamensis,1,1,1,1,1,Sarracenia alabamensis,accepted,wfo-0001135365,Sarracenia alabamensis,Sarraceniaceae,Sarracenia,species,TRUE,TRUE,TRUE,single_accepted_id
sarracenia alata,1,1,1,1,1,Sarracenia alata,accepted,wfo-0001135349,Sarracenia alata,Sarraceniaceae,Sarracenia,species,TRUE,TRUE,TRUE,single_accepted_id
sarracenia flava,1,1,1,1,1,Sarracenia flava,accepted,wfo-0000493567,Sarracenia flava,Sarraceniaceae,Sarracenia,species,TRUE,TRUE,TRUE,single_accepted_id
sarracenia jonesii,1,1,1,1,1,Sarracenia jonesii,accepted,wfo-0001135364,Sarracenia jonesii,Sarraceniaceae,Sarracenia,species,TRUE,TRUE,TRUE,single_accepted_id
sarracenia leucophylla,1,1,1,1,1,Sarracenia leucophylla,accepted,wfo-0001135351,Sarracenia leucophylla,Sarraceniaceae,Sarracenia,species,TRUE,TRUE,TRUE,single_accepted_id
sarracenia minor,1,1,1,1,1,Sarracenia minor,accepted,wfo-0001135353,Sarracenia minor,Sarraceniaceae,Sarracenia,species,TRUE,TRUE,TRUE,single_accepted_id
sarracenia oreophila,1,1,1,1,1,Sarracenia oreophila,accepted,wfo-0001135354,Sarracenia oreophila,Sarraceniaceae,Sarracenia,species,TRUE,TRUE,TRUE,single_accepted_id
sarracenia psittacina,1,1,1,1,1,Sarracenia psittacina,accepted,wfo-0001135355,Sarracenia psittacina,Sarraceniaceae,Sarracenia,species,TRUE,TRUE,TRUE,single_accepted_id
sarracenia purpurea f. purpurea,1,1,1,1,1,Sarracenia purpurea f. purpurea,accepted,wfo-0001135360,Sarracenia purpurea f. purpurea,Sarraceniaceae,Sarracenia,form,FALSE,FALSE,TRUE,single_accepted_id
sarracenia rubra,1,1,1,1,1,Sarracenia rubra,accepted,wfo-0001135357,Sarracenia rubra,Sarraceniaceae,Sarracenia,species,TRUE,TRUE,TRUE,single_accepted_id
satureja cuneifolia,1,1,1,1,1,Satureja cuneifolia,accepted,wfo-0000304084,Satureja cuneifolia,Lamiaceae,Satureja,species,TRUE,TRUE,TRUE,single_accepted_id
satureja montana,1,1,1,1,1,Satureja montana,accepted,wfo-0000304338,Satureja montana,Lamiaceae,Satureja,species,TRUE,TRUE,TRUE,single_accepted_id
sauromatum venosum,1,1,1,1,1,Sauromatum venosum,accepted,wfo-0000304979,Sauromatum venosum,Araceae,Sauromatum,species,TRUE,TRUE,TRUE,single_accepted_id
saussurea mongolica,1,1,1,1,1,Saussurea mongolica,accepted,wfo-0000006324,Saussurea mongolica,Asteraceae,Saussurea,species,TRUE,TRUE,TRUE,single_accepted_id
saxifraga cuneata,1,1,1,1,1,Saxifraga cuneata,accepted,wfo-0000494447,Saxifraga cuneata,Saxifragaceae,Saxifraga,species,FALSE,FALSE,TRUE,single_accepted_id
saxifraga stolonifera,2,2,1,1,1,Saxifraga stolonifera,accepted | unchecked,wfo-0000494724,Saxifraga stolonifera,Saxifragaceae,Saxifraga,species,TRUE,TRUE,TRUE,single_accepted_id
scalesia,1,1,1,1,1,Scalesia,accepted,wfo-4000034225,Scalesia,Asteraceae,Scalesia,genus,TRUE,TRUE,TRUE,single_accepted_id
scalesia baurii,1,1,1,1,1,Scalesia baurii,accepted,wfo-0000089800,Scalesia baurii,Asteraceae,Scalesia,species,TRUE,TRUE,TRUE,single_accepted_id
scandosorbus intermedia,1,1,1,1,1,Scandosorbus intermedia,accepted,wfo-1000007507,Scandosorbus intermedia,Rosaceae,Scandosorbus,species,FALSE,FALSE,TRUE,single_accepted_id
schinus areira,1,1,1,1,1,Schinus areira,accepted,wfo-0001051003,Schinus areira,Anacardiaceae,Schinus,species,TRUE,TRUE,TRUE,single_accepted_id
schinus molle,1,1,1,1,1,Schinus molle,accepted,wfo-0000435157,Schinus molle,Anacardiaceae,Schinus,species,TRUE,TRUE,TRUE,single_accepted_id
schisandra lancifolia,1,1,1,1,1,Schisandra lancifolia,accepted,wfo-0000495103,Schisandra lancifolia,Schisandraceae,Schisandra,species,TRUE,TRUE,TRUE,single_accepted_id
schisandra plena,1,1,1,1,1,Schisandra plena,accepted,wfo-0000495102,Schisandra plena,Schisandraceae,Schisandra,species,TRUE,TRUE,TRUE,single_accepted_id
schisandra propinqua,1,1,1,1,1,Schisandra propinqua,accepted,wfo-0000495084,Schisandra propinqua,Schisandraceae,Schisandra,species,TRUE,TRUE,TRUE,single_accepted_id
schizocarphus nervosus,1,1,1,1,1,Schizocarphus nervosus,accepted,wfo-0000734854,Schizocarphus nervosus,Asparagaceae,Schizocarphus,species,TRUE,TRUE,TRUE,single_accepted_id
schizolaena hystrix,1,1,1,1,1,Schizolaena hystrix,accepted,wfo-0000627787,Schizolaena hystrix,Sarcolaenaceae,Schizolaena,species,TRUE,TRUE,TRUE,single_accepted_id
schnella guianensis,1,1,1,1,1,Schnella guianensis,accepted,wfo-0001039685,Schnella guianensis,Fabaceae,Schnella,species,FALSE,FALSE,TRUE,single_accepted_id
schoenocaulon officinale,1,1,1,1,1,Schoenocaulon officinale,accepted,wfo-0000735101,Schoenocaulon officinale,Melanthiaceae,Schoenocaulon,species,TRUE,TRUE,TRUE,single_accepted_id
schoenoplectiella dissachantha,1,1,1,1,1,Schoenoplectiella dissachantha,accepted,wfo-0000526463,Schoenoplectiella dissachantha,Cyperaceae,Schoenoplectiella,species,TRUE,TRUE,TRUE,single_accepted_id
schoenoplectiella humillima,1,1,1,1,1,Schoenoplectiella humillima,accepted,wfo-0001427379,Schoenoplectiella humillima,Cyperaceae,Schoenoplectiella,species,FALSE,FALSE,TRUE,single_accepted_id
schoenoplectiella mucronata,1,1,1,1,1,Schoenoplectiella mucronata,accepted,wfo-0000916579,Schoenoplectiella mucronata,Cyperaceae,Schoenoplectiella,species,FALSE,FALSE,TRUE,single_accepted_id
schoenoplectus mucronatus,1,1,1,1,1,Schoenoplectus mucronatus,synonym,wfo-0000916579,Schoenoplectiella mucronata,Cyperaceae,Schoenoplectiella,species,TRUE,TRUE,FALSE,single_accepted_id
schoenoplectus triqueter,1,1,1,1,1,Schoenoplectus triqueter,accepted,wfo-0000528476,Schoenoplectus triqueter,Cyperaceae,Schoenoplectus,species,TRUE,TRUE,TRUE,single_accepted_id
schoenus apogon,1,1,1,1,1,Schoenus apogon,accepted,wfo-0000529165,Schoenus apogon,Cyperaceae,Schoenus,species,TRUE,TRUE,TRUE,single_accepted_id
schoenus asperocarpus,1,1,1,1,1,Schoenus asperocarpus,accepted,wfo-0000529262,Schoenus asperocarpus,Cyperaceae,Schoenus,species,TRUE,TRUE,TRUE,single_accepted_id
schoenus brevisetis,1,1,1,1,1,Schoenus brevisetis,accepted,wfo-0000529446,Schoenus brevisetis,Cyperaceae,Schoenus,species,TRUE,TRUE,TRUE,single_accepted_id
schoenus curvifolius,1,1,1,1,1,Schoenus curvifolius,synonym,wfo-0000353436,Chaetospora curvifolia,Cyperaceae,Chaetospora,species,TRUE,TRUE,FALSE,single_accepted_id
schoenus ericetorum,1,1,1,1,1,Schoenus ericetorum,accepted,wfo-0000530329,Schoenus ericetorum,Cyperaceae,Schoenus,species,TRUE,TRUE,TRUE,single_accepted_id
schoenus fluitans,1,1,1,1,1,Schoenus fluitans,accepted,wfo-0000530629,Schoenus fluitans,Cyperaceae,Schoenus,species,TRUE,TRUE,TRUE,single_accepted_id
schoenus nigricans,1,1,1,1,1,Schoenus nigricans,accepted,wfo-0000531591,Schoenus nigricans,Cyperaceae,Schoenus,species,TRUE,TRUE,TRUE,single_accepted_id
schoenus paludosus,1,1,1,1,1,Schoenus paludosus,synonym,wfo-1000020453,Anthelepis paludosa,Cyperaceae,Anthelepis,species,TRUE,TRUE,FALSE,single_accepted_id
schoenus scabripes,1,1,1,1,1,Schoenus scabripes,accepted,wfo-0000532134,Schoenus scabripes,Cyperaceae,Schoenus,species,TRUE,TRUE,TRUE,single_accepted_id
schoenus sparteus,1,1,1,1,1,Schoenus sparteus,accepted,wfo-0000532362,Schoenus sparteus,Cyperaceae,Schoenus,species,TRUE,TRUE,TRUE,single_accepted_id
schoenus subaphyllus,1,1,1,1,1,Schoenus subaphyllus,accepted,wfo-0000532468,Schoenus subaphyllus,Cyperaceae,Schoenus,species,TRUE,TRUE,TRUE,single_accepted_id
schoenus submicrostachyus,1,1,1,1,1,Schoenus submicrostachyus,accepted,wfo-0000532564,Schoenus submicrostachyus,Cyperaceae,Schoenus,species,TRUE,TRUE,TRUE,single_accepted_id
schoenus unispiculatus,1,1,1,1,1,Schoenus unispiculatus,accepted,wfo-0000532875,Schoenus unispiculatus,Cyperaceae,Schoenus,species,TRUE,TRUE,TRUE,single_accepted_id
schotia brachypetala,1,1,1,1,1,Schotia brachypetala,accepted,wfo-0000170688,Schotia brachypetala,Fabaceae,Schotia,species,TRUE,TRUE,TRUE,single_accepted_id
schotia latifolia,1,1,1,1,1,Schotia latifolia,accepted,wfo-0000170742,Schotia latifolia,Fabaceae,Schotia,species,TRUE,TRUE,TRUE,single_accepted_id
sciadopitys verticillata,1,1,1,1,1,Sciadopitys verticillata,accepted,wfo-0000496714,Sciadopitys verticillata,Sciadopityaceae,Sciadopitys,species,TRUE,TRUE,TRUE,single_accepted_id
scilla luciliae,1,1,1,1,1,Scilla luciliae,accepted,wfo-0000741001,Scilla luciliae,Asparagaceae,Scilla,species,TRUE,TRUE,TRUE,single_accepted_id
scilla nervosa,1,1,1,1,1,Scilla nervosa,synonym,wfo-0000734854,Schizocarphus nervosus,Asparagaceae,Schizocarphus,species,TRUE,TRUE,FALSE,single_accepted_id
scleria mackaviensis,1,1,1,1,1,Scleria mackaviensis,accepted,wfo-0000551418,Scleria mackaviensis,Cyperaceae,Scleria,species,TRUE,TRUE,TRUE,single_accepted_id
scleria novae-hollandiae,1,1,1,1,1,Scleria novae-hollandiae,accepted,wfo-0000552080,Scleria novae-hollandiae,Cyperaceae,Scleria,species,TRUE,TRUE,TRUE,single_accepted_id
scleria pygmaea,1,1,1,1,1,Scleria pygmaea,synonym,wfo-0000396917,Diplacrum pygmaeum,Cyperaceae,Diplacrum,species,TRUE,TRUE,FALSE,single_accepted_id
scleria sphacelata,1,1,1,1,1,Scleria sphacelata,accepted,wfo-0000552987,Scleria sphacelata,Cyperaceae,Scleria,species,TRUE,TRUE,TRUE,single_accepted_id
scleria tricuspidata,1,1,1,1,1,Scleria tricuspidata,accepted,wfo-0000553167,Scleria tricuspidata,Cyperaceae,Scleria,species,TRUE,TRUE,TRUE,single_accepted_id
sclerocarya birrea,1,1,1,1,1,Sclerocarya birrea,accepted,wfo-0000434908,Sclerocarya birrea,Anacardiaceae,Sclerocarya,species,TRUE,TRUE,TRUE,single_accepted_id
scleroschoenus arthrostyloides,1,1,1,1,1,Scleroschoenus arthrostyloides,accepted,wfo-1000028940,Scleroschoenus arthrostyloides,Cyperaceae,Scleroschoenus,species,FALSE,FALSE,TRUE,single_accepted_id
scolopia spinosa,1,1,1,1,1,Scolopia spinosa,accepted,wfo-0000913967,Scolopia spinosa,Salicaceae,Scolopia,species,TRUE,TRUE,TRUE,single_accepted_id
scoparia dulcis,1,1,1,1,1,Scoparia dulcis,accepted,wfo-0000495138,Scoparia dulcis,Plantaginaceae,Scoparia,species,TRUE,TRUE,TRUE,single_accepted_id
scurrula atropurpurea,1,1,1,1,1,Scurrula atropurpurea,accepted,wfo-0001271609,Scurrula atropurpurea,Loranthaceae,Scurrula,species,TRUE,TRUE,TRUE,single_accepted_id
scutellaria,1,1,1,1,1,Scutellaria,accepted,wfo-4000034856,Scutellaria,Lamiaceae,Scutellaria,genus,TRUE,TRUE,TRUE,single_accepted_id
scutellaria amabilis,1,1,1,1,1,Scutellaria amabilis,accepted,wfo-0000307584,Scutellaria amabilis,Lamiaceae,Scutellaria,species,TRUE,TRUE,TRUE,single_accepted_id
scutellaria amoena,1,1,1,1,1,Scutellaria amoena,accepted,wfo-0000307591,Scutellaria amoena,Lamiaceae,Scutellaria,species,TRUE,TRUE,TRUE,single_accepted_id
scutellaria baicalensis,1,1,1,1,1,Scutellaria baicalensis,accepted,wfo-0000307642,Scutellaria baicalensis,Lamiaceae,Scutellaria,species,TRUE,TRUE,TRUE,single_accepted_id
scutellaria barbata,1,1,1,1,1,Scutellaria barbata,accepted,wfo-0000307648,Scutellaria barbata,Lamiaceae,Scutellaria,species,TRUE,TRUE,TRUE,single_accepted_id
scutellaria comosa,1,1,1,1,1,Scutellaria comosa,accepted,wfo-0000307730,Scutellaria comosa,Lamiaceae,Scutellaria,species,TRUE,TRUE,TRUE,single_accepted_id
scutellaria cordifrons,1,1,1,1,1,Scutellaria cordifrons,accepted,wfo-0000307740,Scutellaria cordifrons,Lamiaceae,Scutellaria,species,TRUE,TRUE,TRUE,single_accepted_id
scutellaria discolor,2,2,1,1,1,Scutellaria discolor,accepted | unchecked,wfo-0001070043,Scutellaria discolor,Lamiaceae,Scutellaria,species,TRUE,TRUE,TRUE,single_accepted_id
scutellaria galericulata,1,1,1,1,1,Scutellaria galericulata,accepted,wfo-0000307828,Scutellaria galericulata,Lamiaceae,Scutellaria,species,TRUE,TRUE,TRUE,single_accepted_id
scutellaria grossa,1,1,1,1,1,Scutellaria grossa,accepted,wfo-0000307861,Scutellaria grossa,Lamiaceae,Scutellaria,species,TRUE,TRUE,TRUE,single_accepted_id
scutellaria immaculata,1,1,1,1,1,Scutellaria immaculata,accepted,wfo-0000307923,Scutellaria immaculata,Lamiaceae,Scutellaria,species,TRUE,TRUE,TRUE,single_accepted_id
scutellaria lateriflora,1,1,1,1,1,Scutellaria lateriflora,accepted,wfo-0000308029,Scutellaria lateriflora,Lamiaceae,Scutellaria,species,TRUE,TRUE,TRUE,single_accepted_id
scutellaria phyllostachya,1,1,1,1,1,Scutellaria phyllostachya,accepted,wfo-0000308280,Scutellaria phyllostachya,Lamiaceae,Scutellaria,species,TRUE,TRUE,TRUE,single_accepted_id
scutellaria ramosissima,1,1,1,1,1,Scutellaria ramosissima,accepted,wfo-0000308367,Scutellaria ramosissima,Lamiaceae,Scutellaria,species,TRUE,TRUE,TRUE,single_accepted_id
scutellaria rehderiana,1,1,1,1,1,Scutellaria rehderiana,accepted,wfo-0000308372,Scutellaria rehderiana,Lamiaceae,Scutellaria,species,TRUE,TRUE,TRUE,single_accepted_id
scutellaria scandens,1,1,1,1,1,Scutellaria scandens,accepted,wfo-0000308430,Scutellaria scandens,Lamiaceae,Scutellaria,species,TRUE,TRUE,TRUE,single_accepted_id
scutellaria strigillosa,1,1,1,1,1,Scutellaria strigillosa,accepted,wfo-0000308496,Scutellaria strigillosa,Lamiaceae,Scutellaria,species,TRUE,TRUE,TRUE,single_accepted_id
scutellaria violacea var. violacea,1,1,1,1,1,Scutellaria violacea var. violacea,accepted,wfo-0000308605,Scutellaria violacea var. violacea,Lamiaceae,Scutellaria,variety,FALSE,FALSE,TRUE,single_accepted_id
scutia buxifolia,1,1,1,1,1,Scutia buxifolia,accepted,wfo-0001130909,Scutia buxifolia,Rhamnaceae,Scutia,species,TRUE,TRUE,TRUE,single_accepted_id
searsia dregeana,1,1,1,1,1,Searsia dregeana,accepted,wfo-0000510233,Searsia dregeana,Anacardiaceae,Searsia,species,TRUE,TRUE,TRUE,single_accepted_id
searsia laevigata,1,1,1,1,1,Searsia laevigata,accepted,wfo-0000434903,Searsia laevigata,Anacardiaceae,Searsia,species,TRUE,TRUE,TRUE,single_accepted_id
searsia lancea,1,1,1,1,1,Searsia lancea,accepted,wfo-0000434904,Searsia lancea,Anacardiaceae,Searsia,species,TRUE,TRUE,TRUE,single_accepted_id
searsia quartiniana,1,1,1,1,1,Searsia quartiniana,accepted,wfo-0000434846,Searsia quartiniana,Anacardiaceae,Searsia,species,FALSE,FALSE,TRUE,single_accepted_id
searsia retinorrhoea,1,1,1,1,1,Searsia retinorrhoea,accepted,wfo-0000510292,Searsia retinorrhoea,Anacardiaceae,Searsia,species,TRUE,TRUE,TRUE,single_accepted_id
searsia undulata,1,1,1,1,1,Searsia undulata,accepted,wfo-0000434853,Searsia undulata,Anacardiaceae,Searsia,species,FALSE,FALSE,TRUE,single_accepted_id
secale cereale,1,1,1,1,1,Secale cereale,accepted,wfo-0000898524,Secale cereale,Poaceae,Secale,species,TRUE,TRUE,TRUE,single_accepted_id
securidaca inappendiculata,1,1,1,1,1,Securidaca inappendiculata,accepted,wfo-0001244534,Securidaca inappendiculata,Polygalaceae,Securidaca,species,TRUE,TRUE,TRUE,single_accepted_id
sedum annuum,1,1,1,1,1,Sedum annuum,accepted,wfo-0000438109,Sedum annuum,Crassulaceae,Sedum,species,FALSE,FALSE,TRUE,single_accepted_id
sedum crassularia,1,1,1,1,1,Sedum crassularia,accepted,wfo-0001300351,Sedum crassularia,Crassulaceae,Sedum,species,TRUE,TRUE,TRUE,single_accepted_id
sedum litoreum,1,1,1,1,1,Sedum litoreum,accepted,wfo-0000437270,Sedum litoreum,Crassulaceae,Sedum,species,TRUE,TRUE,TRUE,single_accepted_id
sedum reflexum,1,1,1,1,1,Sedum reflexum,synonym,wfo-0000396537,Petrosedum rupestre,Crassulaceae,Petrosedum,species,TRUE,TRUE,FALSE,single_accepted_id
sedum sediforme,1,1,1,1,1,Sedum sediforme,synonym,wfo-0000396518,Petrosedum sediforme,Crassulaceae,Petrosedum,species,TRUE,TRUE,FALSE,single_accepted_id
sedum stoloniferum,1,1,1,1,1,Sedum stoloniferum,synonym,wfo-0001277002,Phedimus stolonifer,Crassulaceae,Phedimus,species,TRUE,TRUE,FALSE,single_accepted_id
selaginella,1,1,1,1,1,Selaginella,accepted,wfo-4000034966,Selaginella,Selaginellaceae,Selaginella,genus,TRUE,TRUE,TRUE,single_accepted_id
selaginella delicatula,1,1,1,1,1,Selaginella delicatula,accepted,wfo-0001107423,Selaginella delicatula,Selaginellaceae,Selaginella,species,TRUE,TRUE,TRUE,single_accepted_id
selaginella doederleinii,1,1,1,1,1,Selaginella doederleinii,accepted,wfo-0001107424,Selaginella doederleinii,Selaginellaceae,Selaginella,species,TRUE,TRUE,TRUE,single_accepted_id
selaginella labordei,1,1,1,1,1,Selaginella labordei,accepted,wfo-0001119980,Selaginella labordei,Selaginellaceae,Selaginella,species,TRUE,TRUE,TRUE,single_accepted_id
selaginella lepidophylla,1,1,1,1,1,Selaginella lepidophylla,accepted,wfo-0001109651,Selaginella lepidophylla,Selaginellaceae,Selaginella,species,TRUE,TRUE,TRUE,single_accepted_id
selaginella nothohybrida,1,1,1,1,1,Selaginella nothohybrida,accepted,wfo-0001120101,Selaginella nothohybrida,Selaginellaceae,Selaginella,species,TRUE,TRUE,TRUE,single_accepted_id
selaginella sinensis,1,1,1,1,1,Selaginella sinensis,accepted,wfo-0001127258,Selaginella sinensis,Selaginellaceae,Selaginella,species,TRUE,TRUE,TRUE,single_accepted_id
selaginella tamariscina,1,1,1,1,1,Selaginella tamariscina,accepted,wfo-0000748162,Selaginella tamariscina,Selaginellaceae,Selaginella,species,TRUE,TRUE,TRUE,single_accepted_id
selaginella uncinata,1,1,1,1,1,Selaginella uncinata,accepted,wfo-0001109671,Selaginella uncinata,Selaginellaceae,Selaginella,species,TRUE,TRUE,TRUE,single_accepted_id
selaginella willdenowii,1,1,1,1,1,Selaginella willdenowii,accepted,wfo-0001109675,Selaginella willdenowii,Selaginellaceae,Selaginella,species,TRUE,TRUE,TRUE,single_accepted_id
selenicereus undatus,1,1,1,1,1,Selenicereus undatus,accepted,wfo-0001434109,Selenicereus undatus,Cactaceae,Selenicereus,species,FALSE,FALSE,TRUE,single_accepted_id
selliguea feei,1,1,1,1,1,Selliguea feei,accepted,wfo-0001115939,Selliguea feei,Polypodiaceae,Selliguea,species,TRUE,TRUE,TRUE,single_accepted_id
selliguea moulmeinensis,1,1,1,1,1,Selliguea moulmeinensis,accepted,wfo-0001423238,Selliguea moulmeinensis,Polypodiaceae,Selliguea,species,TRUE,TRUE,TRUE,single_accepted_id
semecarpus anacardium,3,3,1,1,1,Semecarpus anacardium,accepted | unchecked,wfo-0000434831,Semecarpus anacardium,Anacardiaceae,Semecarpus,species,TRUE,TRUE,TRUE,single_accepted_id
semialarium mexicanum,1,1,1,1,1,Semialarium mexicanum,accepted,wfo-0000435546,Semialarium mexicanum,Celastraceae,Semialarium,species,TRUE,TRUE,TRUE,single_accepted_id
sempervivum tectorum,1,1,1,1,1,Sempervivum tectorum,accepted,wfo-0000441750,Sempervivum tectorum,Crassulaceae,Sempervivum,species,TRUE,TRUE,TRUE,single_accepted_id
senecio canchahuinganquensis,1,1,1,1,1,Senecio canchahuinganquensis,accepted,wfo-0000024717,Senecio canchahuinganquensis,Asteraceae,Senecio,species,TRUE,TRUE,TRUE,single_accepted_id
senecio cruentus,2,2,1,1,1,Senecio cruentus,synonym | unchecked,wfo-0000139031,Pericallis cruenta,Asteraceae,Pericallis,species,TRUE,TRUE,FALSE,single_accepted_id
senecio praecox,1,1,1,1,1,Senecio praecox,accepted,wfo-0000017618,Senecio praecox,Asteraceae,Senecio,species,FALSE,FALSE,TRUE,single_accepted_id
senecio pseudotites,1,1,1,1,1,Senecio pseudotites,accepted,wfo-0000031737,Senecio pseudotites,Asteraceae,Senecio,species,TRUE,TRUE,TRUE,single_accepted_id
senegalia burkei,1,1,1,1,1,Senegalia burkei,accepted,wfo-0001336545,Senegalia burkei,Fabaceae,Senegalia,species,TRUE,TRUE,TRUE,single_accepted_id
senegalia catechu,1,1,1,1,1,Senegalia catechu,accepted,wfo-0001284769,Senegalia catechu,Fabaceae,Senegalia,species,TRUE,TRUE,TRUE,single_accepted_id
senegalia chundra,1,1,1,1,1,Senegalia chundra,accepted,wfo-0001335075,Senegalia chundra,Fabaceae,Senegalia,species,FALSE,FALSE,TRUE,single_accepted_id
senegalia galpinii,1,1,1,1,1,Senegalia galpinii,accepted,wfo-0000745786,Senegalia galpinii,Fabaceae,Senegalia,species,TRUE,TRUE,TRUE,single_accepted_id
senegalia intsia,1,1,1,1,1,Senegalia intsia,accepted,wfo-0001337072,Senegalia intsia,Fabaceae,Senegalia,species,FALSE,FALSE,TRUE,single_accepted_id
senegalia mellifera,1,1,1,1,1,Senegalia mellifera,accepted,wfo-0000745787,Senegalia mellifera,Fabaceae,Senegalia,species,FALSE,FALSE,TRUE,single_accepted_id
senegalia nigrescens,1,1,1,1,1,Senegalia nigrescens,accepted,wfo-0001284771,Senegalia nigrescens,Fabaceae,Senegalia,species,TRUE,TRUE,TRUE,single_accepted_id
senegalia pennata,1,1,1,1,1,Senegalia pennata,accepted,wfo-0001335076,Senegalia pennata,Fabaceae,Senegalia,species,FALSE,FALSE,TRUE,single_accepted_id
senegalia polyacantha,1,1,1,1,1,Senegalia polyacantha,accepted,wfo-0000744649,Senegalia polyacantha,Fabaceae,Senegalia,species,TRUE,TRUE,TRUE,single_accepted_id
senegalia polyacantha subsp. polyacantha,1,1,1,1,1,Senegalia polyacantha subsp. polyacantha,accepted,wfo-0001427394,Senegalia polyacantha subsp. polyacantha,Fabaceae,Senegalia,subspecies,FALSE,FALSE,TRUE,single_accepted_id
senegalia rugata,1,1,1,1,1,Senegalia rugata,accepted,wfo-0001050772,Senegalia rugata,Fabaceae,Senegalia,species,FALSE,FALSE,TRUE,single_accepted_id
senegalia tenuifolia,1,1,1,1,1,Senegalia tenuifolia,accepted,wfo-0000182730,Senegalia tenuifolia,Fabaceae,Senegalia,species,FALSE,FALSE,TRUE,single_accepted_id
senna alata,1,1,1,1,1,Senna alata,accepted,wfo-0000214728,Senna alata,Fabaceae,Senna,species,TRUE,TRUE,TRUE,single_accepted_id
senna lindheimeriana,1,1,1,1,1,Senna lindheimeriana,accepted,wfo-0000175248,Senna lindheimeriana,Fabaceae,Senna,species,TRUE,TRUE,TRUE,single_accepted_id
senna obtusifolia,1,1,1,1,1,Senna obtusifolia,accepted,wfo-0000164399,Senna obtusifolia,Fabaceae,Senna,species,TRUE,TRUE,TRUE,single_accepted_id
senna petersiana,1,1,1,1,1,Senna petersiana,accepted,wfo-0000184159,Senna petersiana,Fabaceae,Senna,species,TRUE,TRUE,TRUE,single_accepted_id
senna sulfurea,1,1,1,1,1,Senna sulfurea,accepted,wfo-0000183557,Senna sulfurea,Fabaceae,Senna,species,FALSE,FALSE,TRUE,single_accepted_id
senna tora,1,1,1,1,1,Senna tora,accepted,wfo-0000165011,Senna tora,Fabaceae,Senna,species,TRUE,TRUE,TRUE,single_accepted_id
senna trachypus,1,1,1,1,1,Senna trachypus,accepted,wfo-0000182235,Senna trachypus,Fabaceae,Senna,species,FALSE,FALSE,TRUE,single_accepted_id
sequoia sempervirens,1,1,1,1,1,Sequoia sempervirens,accepted,wfo-0000437871,Sequoia sempervirens,Cupressaceae,Sequoia,species,TRUE,TRUE,TRUE,single_accepted_id
sequoiadendron giganteum,1,1,1,1,1,Sequoiadendron giganteum,accepted,wfo-0000496705,Sequoiadendron giganteum,Cupressaceae,Sequoiadendron,species,TRUE,TRUE,TRUE,single_accepted_id
seriphidium barrelieri,1,1,1,1,1,Seriphidium barrelieri,synonym,wfo-0000065475,Artemisia barrelieri,Asteraceae,Artemisia,species,TRUE,TRUE,FALSE,single_accepted_id
serpocaulon loriceum,1,1,1,1,1,Serpocaulon loriceum,accepted,wfo-0001279601,Serpocaulon loriceum,Polypodiaceae,Serpocaulon,species,TRUE,TRUE,TRUE,single_accepted_id
serpocaulon triseriale,1,1,1,1,1,Serpocaulon triseriale,accepted,wfo-0001279631,Serpocaulon triseriale,Polypodiaceae,Serpocaulon,species,TRUE,TRUE,TRUE,single_accepted_id
serratula centauroides,1,1,1,1,1,Serratula centauroides,accepted,wfo-0000131165,Serratula centauroides,Asteraceae,Serratula,species,FALSE,FALSE,TRUE,single_accepted_id
sesbania rostrata,1,1,1,1,1,Sesbania rostrata,accepted,wfo-0000178404,Sesbania rostrata,Fabaceae,Sesbania,species,TRUE,TRUE,TRUE,single_accepted_id
sesuvium portulacastrum,1,1,1,1,1,Sesuvium portulacastrum,accepted,wfo-0000432992,Sesuvium portulacastrum,Aizoaceae,Sesuvium,species,TRUE,TRUE,TRUE,single_accepted_id
shorea robusta,1,1,1,1,1,Shorea robusta,accepted,wfo-0001046459,Shorea robusta,Dipterocarpaceae,Shorea,species,TRUE,TRUE,TRUE,single_accepted_id
shuteria involucrata,1,1,1,1,1,Shuteria involucrata,accepted,wfo-0000186208,Shuteria involucrata,Fabaceae,Shuteria,species,TRUE,TRUE,TRUE,single_accepted_id
shuteria pampaniniana,1,1,1,1,1,Shuteria pampaniniana,synonym,wfo-0000183837,Shuteria vestita,Fabaceae,Shuteria,species,TRUE,TRUE,FALSE,single_accepted_id
shuteria vestita,1,1,1,1,1,Shuteria vestita,accepted,wfo-0000183837,Shuteria vestita,Fabaceae,Shuteria,species,FALSE,FALSE,TRUE,single_accepted_id
sicana odorifera,1,1,1,1,1,Sicana odorifera,accepted,wfo-0000441531,Sicana odorifera,Cucurbitaceae,Sicana,species,TRUE,TRUE,TRUE,single_accepted_id
sideritis,1,1,1,1,1,Sideritis,accepted,wfo-4000035314,Sideritis,Lamiaceae,Sideritis,genus,FALSE,FALSE,TRUE,single_accepted_id
sideritis cystosiphon,1,1,1,1,1,Sideritis cystosiphon,accepted,wfo-0000309978,Sideritis cystosiphon,Lamiaceae,Sideritis,species,TRUE,TRUE,TRUE,single_accepted_id
sideritis infernalis,1,1,1,1,1,Sideritis infernalis,accepted,wfo-0000310196,Sideritis infernalis,Lamiaceae,Sideritis,species,TRUE,TRUE,TRUE,single_accepted_id
sideroxylon inerme,1,1,1,1,1,Sideroxylon inerme,accepted,wfo-0000310772,Sideroxylon inerme,Sapotaceae,Sideroxylon,species,TRUE,TRUE,TRUE,single_accepted_id
silybum eburneum,1,1,1,1,1,Silybum eburneum,accepted,wfo-0000108847,Silybum eburneum,Asteraceae,Silybum,species,TRUE,TRUE,TRUE,single_accepted_id
silybum marianum,1,1,1,1,1,Silybum marianum,accepted,wfo-0000014591,Silybum marianum,Asteraceae,Silybum,species,TRUE,TRUE,TRUE,single_accepted_id
sinapis alba,1,1,1,1,1,Sinapis alba,accepted,wfo-0000432649,Sinapis alba,Brassicaceae,Sinapis,species,TRUE,TRUE,TRUE,single_accepted_id
sinapis alba subsp. alba,1,1,1,1,1,Sinapis alba subsp. alba,accepted,wfo-0001216509,Sinapis alba subsp. alba,Brassicaceae,Sinapis,subspecies,FALSE,FALSE,TRUE,single_accepted_id
sinningia cardinalis,1,1,1,1,1,Sinningia cardinalis,accepted,wfo-0000497334,Sinningia cardinalis,Gesneriaceae,Sinningia,species,TRUE,TRUE,TRUE,single_accepted_id
sinofranchetia chinensis,1,1,1,1,1,Sinofranchetia chinensis,accepted,wfo-0001230804,Sinofranchetia chinensis,Lardizabalaceae,Sinofranchetia,species,TRUE,TRUE,TRUE,single_accepted_id
siparuna,1,1,1,1,1,Siparuna,accepted,wfo-4000035491,Siparuna,Siparunaceae,Siparuna,genus,TRUE,TRUE,TRUE,single_accepted_id
siparuna thecaphora,1,1,1,1,1,Siparuna thecaphora,accepted,wfo-0000506004,Siparuna thecaphora,Siparunaceae,Siparuna,species,TRUE,TRUE,TRUE,single_accepted_id
sitobolium zeylanicum,1,1,1,1,1,Sitobolium zeylanicum,accepted,wfo-1000044503,Sitobolium zeylanicum,Dennstaedtiaceae,Sitobolium,species,FALSE,FALSE,TRUE,single_accepted_id
smallanthus fruticosus,1,1,1,1,1,Smallanthus fruticosus,accepted,wfo-0000044196,Smallanthus fruticosus,Asteraceae,Smallanthus,species,TRUE,TRUE,TRUE,single_accepted_id
smallanthus glabratus,1,1,1,1,1,Smallanthus glabratus,accepted,wfo-0000067491,Smallanthus glabratus,Asteraceae,Smallanthus,species,TRUE,TRUE,TRUE,single_accepted_id
smilax aspera,1,1,1,1,1,Smilax aspera,accepted,wfo-0000740704,Smilax aspera,Smilacaceae,Smilax,species,FALSE,FALSE,TRUE,single_accepted_id
smilax blumei,1,1,1,1,1,Smilax blumei,accepted,wfo-0000740748,Smilax blumei,Smilacaceae,Smilax,species,FALSE,FALSE,TRUE,single_accepted_id
smilax bockii,1,1,1,1,1,Smilax bockii,accepted,wfo-0000740749,Smilax bockii,Smilacaceae,Smilax,species,TRUE,TRUE,TRUE,single_accepted_id
smilax bracteata,1,1,1,1,1,Smilax bracteata,accepted,wfo-0000740766,Smilax bracteata,Smilacaceae,Smilax,species,TRUE,TRUE,TRUE,single_accepted_id
smilax corbularia,1,1,1,1,1,Smilax corbularia,accepted,wfo-0000740672,Smilax corbularia,Smilacaceae,Smilax,species,TRUE,TRUE,TRUE,single_accepted_id
smilax fluminensis,1,1,1,1,1,Smilax fluminensis,accepted,wfo-0000742594,Smilax fluminensis,Smilacaceae,Smilax,species,FALSE,FALSE,TRUE,single_accepted_id
smilax glabra,1,1,1,1,1,Smilax glabra,accepted,wfo-0000742694,Smilax glabra,Smilacaceae,Smilax,species,TRUE,TRUE,TRUE,single_accepted_id
smilax leucophylla,1,1,1,1,1,Smilax leucophylla,accepted,wfo-0000742549,Smilax leucophylla,Smilacaceae,Smilax,species,TRUE,TRUE,TRUE,single_accepted_id
smilax walteri,1,1,1,1,1,Smilax walteri,accepted,wfo-0000742011,Smilax walteri,Smilacaceae,Smilax,species,FALSE,FALSE,TRUE,single_accepted_id
smirnowia turkestana,1,1,1,1,1,Smirnowia turkestana,accepted,wfo-0000185558,Smirnowia turkestana,Fabaceae,Smirnowia,species,TRUE,TRUE,TRUE,single_accepted_id
sohnreyia excelsa,1,1,1,1,1,Sohnreyia excelsa,accepted,wfo-0001132728,Sohnreyia excelsa,Rutaceae,Sohnreyia,species,TRUE,TRUE,TRUE,single_accepted_id
solanum,1,1,1,1,1,Solanum,accepted,wfo-4000035688,Solanum,Solanaceae,Solanum,genus,TRUE,TRUE,TRUE,single_accepted_id
solanum crinitum,1,1,1,1,1,Solanum crinitum,accepted,wfo-0001027300,Solanum crinitum,Solanaceae,Solanum,species,TRUE,TRUE,TRUE,single_accepted_id
solanum hindsianum,1,1,1,1,1,Solanum hindsianum,accepted,wfo-0001028404,Solanum hindsianum,Solanaceae,Solanum,species,TRUE,TRUE,TRUE,single_accepted_id
solanum lycopersicum,2,2,1,1,1,Solanum lycopersicum,accepted | synonym,wfo-0001029216,Solanum lycopersicum,Solanaceae,Solanum,species,TRUE,TRUE,TRUE,single_accepted_id
solanum lyratum,2,2,1,1,1,Solanum lyratum,accepted | synonym,wfo-0001029226,Solanum lyratum,Solanaceae,Solanum,species,TRUE,TRUE,TRUE,single_accepted_id
solenandra mexicana,1,1,1,1,1,Solenandra mexicana,accepted,wfo-0000336427,Solenandra mexicana,Rubiaceae,Solenandra,species,FALSE,FALSE,TRUE,single_accepted_id
sophora,1,1,1,1,1,Sophora,accepted,wfo-4000035778,Sophora,Fabaceae,Sophora,genus,TRUE,TRUE,TRUE,single_accepted_id
sophora alopecuroides,1,1,1,1,1,Sophora alopecuroides,accepted,wfo-0000213933,Sophora alopecuroides,Fabaceae,Sophora,species,TRUE,TRUE,TRUE,single_accepted_id
sophora arizonica,1,1,1,1,1,Sophora arizonica,synonym,wfo-0001042781,Dermatophyllum arizonicum,Fabaceae,Dermatophyllum,species,TRUE,TRUE,FALSE,single_accepted_id
sophora chrysophylla,1,1,1,1,1,Sophora chrysophylla,accepted,wfo-0000185582,Sophora chrysophylla,Fabaceae,Sophora,species,TRUE,TRUE,TRUE,single_accepted_id
sophora exigua,1,1,1,1,1,Sophora exigua,accepted,wfo-0000186510,Sophora exigua,Fabaceae,Sophora,species,TRUE,TRUE,TRUE,single_accepted_id
sophora flavescens,1,1,1,1,1,Sophora flavescens,accepted,wfo-0000185581,Sophora flavescens,Fabaceae,Sophora,species,TRUE,TRUE,TRUE,single_accepted_id
sophora franchetiana,1,1,1,1,1,Sophora franchetiana,accepted,wfo-0000185588,Sophora franchetiana,Fabaceae,Sophora,species,TRUE,TRUE,TRUE,single_accepted_id
sophora fraseri,1,1,1,1,1,Sophora fraseri,accepted,wfo-0000187973,Sophora fraseri,Fabaceae,Sophora,species,TRUE,TRUE,TRUE,single_accepted_id
sophora gypsophila,1,1,1,1,1,Sophora gypsophila,synonym,wfo-0001042782,Dermatophyllum gypsophilum,Fabaceae,Dermatophyllum,species,TRUE,TRUE,FALSE,single_accepted_id
sophora koreensis,1,1,1,1,1,Sophora koreensis,accepted,wfo-0000186126,Sophora koreensis,Fabaceae,Sophora,species,TRUE,TRUE,TRUE,single_accepted_id
sophora leachiana,1,1,1,1,1,Sophora leachiana,accepted,wfo-0000175484,Sophora leachiana,Fabaceae,Sophora,species,TRUE,TRUE,TRUE,single_accepted_id
sophora pachycarpa,1,1,1,1,1,Sophora pachycarpa,accepted,wfo-0000186530,Sophora pachycarpa,Fabaceae,Sophora,species,TRUE,TRUE,TRUE,single_accepted_id
sophora prostrata,1,1,1,1,1,Sophora prostrata,accepted,wfo-0000186991,Sophora prostrata,Fabaceae,Sophora,species,TRUE,TRUE,TRUE,single_accepted_id
sophora secundiflora,1,1,1,1,1,Sophora secundiflora,synonym,wfo-0001042783,Dermatophyllum secundiflorum,Fabaceae,Dermatophyllum,species,TRUE,TRUE,FALSE,single_accepted_id
sophora stenophylla,1,1,1,1,1,Sophora stenophylla,accepted,wfo-0000174273,Sophora stenophylla,Fabaceae,Sophora,species,TRUE,TRUE,TRUE,single_accepted_id
sophora tetraptera,3,3,1,1,1,Sophora tetraptera | Sophora tetraptera unranked grandiflora,accepted | synonym | unchecked,wfo-0001055068,Sophora tetraptera,Fabaceae,Sophora,species,TRUE,TRUE,TRUE,single_accepted_id
sophora tomentosa,1,1,1,1,1,Sophora tomentosa,accepted,wfo-0000212096,Sophora tomentosa,Fabaceae,Sophora,species,TRUE,TRUE,TRUE,single_accepted_id
sophora tonkinensis,1,1,1,1,1,Sophora tonkinensis,accepted,wfo-0000186509,Sophora tonkinensis,Fabaceae,Sophora,species,TRUE,TRUE,TRUE,single_accepted_id
sophora velutina subsp. velutina,1,1,1,1,1,Sophora velutina subsp. velutina,accepted,wfo-0001448821,Sophora velutina subsp. velutina,Fabaceae,Sophora,subspecies,FALSE,FALSE,TRUE,single_accepted_id
sophora yunnanensis,1,1,1,1,1,Sophora yunnanensis,accepted,wfo-0000197230,Sophora yunnanensis,Fabaceae,Sophora,species,TRUE,TRUE,TRUE,single_accepted_id
sorbus commixta,1,1,1,1,1,Sorbus commixta,accepted,wfo-0000985995,Sorbus commixta,Rosaceae,Sorbus,species,TRUE,TRUE,TRUE,single_accepted_id
sorbus cuspidata,1,1,1,1,1,Sorbus cuspidata,synonym,wfo-1000004221,Griffitharia vestita,Rosaceae,Griffitharia,species,TRUE,TRUE,FALSE,single_accepted_id
sorbus decora,1,1,1,1,1,Sorbus decora,accepted,wfo-0001015088,Sorbus decora,Rosaceae,Sorbus,species,TRUE,TRUE,TRUE,single_accepted_id
sorbus tianschanica,1,1,1,1,1,Sorbus tianschanica,accepted,wfo-0000996731,Sorbus tianschanica,Rosaceae,Sorbus,species,TRUE,TRUE,TRUE,single_accepted_id
sorghum,1,1,1,1,1,Sorghum,accepted,wfo-4000035801,Sorghum,Poaceae,Sorghum,genus,TRUE,TRUE,TRUE,single_accepted_id
sorocea bonplandii,1,1,1,1,1,Sorocea bonplandii,accepted,wfo-0000505885,Sorocea bonplandii,Moraceae,Sorocea,species,TRUE,TRUE,TRUE,single_accepted_id
sorocea guilleminiana,1,1,1,1,1,Sorocea guilleminiana,accepted,wfo-0001084959,Sorocea guilleminiana,Moraceae,Sorocea,species,TRUE,TRUE,TRUE,single_accepted_id
sorocea muriculata,1,1,1,1,1,Sorocea muriculata,accepted,wfo-0000505954,Sorocea muriculata,Moraceae,Sorocea,species,TRUE,TRUE,TRUE,single_accepted_id
soroseris hookeriana,1,1,1,1,1,Soroseris hookeriana,accepted,wfo-0000030331,Soroseris hookeriana,Asteraceae,Soroseris,species,TRUE,TRUE,TRUE,single_accepted_id
soymida febrifuga,1,1,1,1,1,Soymida febrifuga,accepted,wfo-0001083425,Soymida febrifuga,Meliaceae,Soymida,species,TRUE,TRUE,TRUE,single_accepted_id
sparattosperma leucanthum,1,1,1,1,1,Sparattosperma leucanthum,accepted,wfo-0000779743,Sparattosperma leucanthum,Bignoniaceae,Sparattosperma,species,TRUE,TRUE,TRUE,single_accepted_id
spartium junceum,2,2,1,1,1,Spartium junceum | Spartium junceum unranked ochroleucum,accepted | synonym,wfo-0000213405,Spartium junceum,Fabaceae,Spartium,species,TRUE,TRUE,TRUE,single_accepted_id
spatholobus harmandii,1,1,1,1,1,Spatholobus harmandii,accepted,wfo-0000197952,Spatholobus harmandii,Fabaceae,Spatholobus,species,TRUE,TRUE,TRUE,single_accepted_id
spatholobus suberectus,1,1,1,1,1,Spatholobus suberectus,accepted,wfo-0000186508,Spatholobus suberectus,Fabaceae,Spatholobus,species,TRUE,TRUE,TRUE,single_accepted_id
sphaeranthus indicus,3,3,1,1,1,Sphaeranthus indicus,accepted | unchecked,wfo-0000014099,Sphaeranthus indicus,Asteraceae,Sphaeranthus,species,TRUE,TRUE,TRUE,single_accepted_id
sphaerophysa salsula,1,1,1,1,1,Sphaerophysa salsula,accepted,wfo-0000185557,Sphaerophysa salsula,Fabaceae,Sphaerophysa,species,TRUE,TRUE,TRUE,single_accepted_id
sphagneticola calendulacea,1,1,1,1,1,Sphagneticola calendulacea,accepted,wfo-0000072506,Sphagneticola calendulacea,Asteraceae,Sphagneticola,species,TRUE,TRUE,TRUE,single_accepted_id
spinacia oleracea,1,1,1,1,1,Spinacia oleracea,accepted,wfo-0000437543,Spinacia oleracea,Amaranthaceae,Spinacia,species,TRUE,TRUE,TRUE,single_accepted_id
spiraea formosana,1,1,1,1,1,Spiraea formosana,synonym,wfo-0001016316,Spiraea japonica var. formosana,Rosaceae,Spiraea,variety,TRUE,TRUE,FALSE,single_accepted_id
spiraea hypericifolia subsp. hypericifolia,1,1,1,1,1,Spiraea hypericifolia subsp. hypericifolia,accepted,wfo-0000984416,Spiraea hypericifolia subsp. hypericifolia,Rosaceae,Spiraea,subspecies,FALSE,FALSE,TRUE,single_accepted_id
spiraea hypericifolia subsp. obovata,1,1,1,1,1,Spiraea hypericifolia subsp. obovata,accepted,wfo-0001007659,Spiraea hypericifolia subsp. obovata,Rosaceae,Spiraea,subspecies,FALSE,FALSE,TRUE,single_accepted_id
spiraea japonica var. formosana,1,1,1,1,1,Spiraea japonica var. formosana,accepted,wfo-0001016316,Spiraea japonica var. formosana,Rosaceae,Spiraea,variety,FALSE,FALSE,TRUE,single_accepted_id
spirotropis longifolia,1,1,1,1,1,Spirotropis longifolia,accepted,wfo-0000184740,Spirotropis longifolia,Fabaceae,Spirotropis,species,TRUE,TRUE,TRUE,single_accepted_id
stachys aegyptiaca,1,1,1,1,1,Stachys aegyptiaca,accepted,wfo-0000313637,Stachys aegyptiaca,Lamiaceae,Stachys,species,TRUE,TRUE,TRUE,single_accepted_id
stachyurus himalaicus,1,1,1,1,1,Stachyurus himalaicus,accepted,wfo-0000747135,Stachyurus himalaicus,Stachyuraceae,Stachyurus,species,TRUE,TRUE,TRUE,single_accepted_id
stachyurus praecox,1,1,1,1,1,Stachyurus praecox,accepted,wfo-0001256971,Stachyurus praecox,Stachyuraceae,Stachyurus,species,TRUE,TRUE,TRUE,single_accepted_id
steiractinia sodiroi,1,1,1,1,1,Steiractinia sodiroi,accepted,wfo-0000059216,Steiractinia sodiroi,Asteraceae,Steiractinia,species,TRUE,TRUE,TRUE,single_accepted_id
stellera chamaejasme,1,1,1,1,1,Stellera chamaejasme,accepted,wfo-0001142517,Stellera chamaejasme,Thymelaeaceae,Stellera,species,TRUE,TRUE,TRUE,single_accepted_id
stemona aphylla,1,1,1,1,1,Stemona aphylla,accepted,wfo-0000740127,Stemona aphylla,Stemonaceae,Stemona,species,TRUE,TRUE,TRUE,single_accepted_id
stemona collinsae,1,1,1,1,1,Stemona collinsae,accepted,wfo-0000740184,Stemona collinsae,Stemonaceae,Stemona,species,TRUE,TRUE,TRUE,single_accepted_id
stemona curtisii,1,1,1,1,1,Stemona curtisii,accepted,wfo-0000770114,Stemona curtisii,Stemonaceae,Stemona,species,TRUE,TRUE,TRUE,single_accepted_id
stenochlaena palustris,1,1,1,1,1,Stenochlaena palustris,accepted,wfo-0001115653,Stenochlaena palustris,Blechnaceae,Stenochlaena,species,TRUE,TRUE,TRUE,single_accepted_id
stenostomum acutatum,1,1,1,1,1,Stenostomum acutatum,accepted,wfo-0000316636,Stenostomum acutatum,Rubiaceae,Stenostomum,species,TRUE,TRUE,TRUE,single_accepted_id
stevia rebaudiana,2,2,1,1,1,Stevia rebaudiana,accepted | synonym,wfo-0000003546,Stevia rebaudiana,Asteraceae,Stevia,species,TRUE,TRUE,TRUE,single_accepted_id
stevia suaveolens,1,1,1,1,1,Stevia suaveolens,accepted,wfo-0000020314,Stevia suaveolens,Asteraceae,Stevia,species,TRUE,TRUE,TRUE,single_accepted_id
stifftia chrysantha,1,1,1,1,1,Stifftia chrysantha,accepted,wfo-0000004924,Stifftia chrysantha,Asteraceae,Stifftia,species,TRUE,TRUE,TRUE,single_accepted_id
strychnos trinervis,1,1,1,1,1,Strychnos trinervis,accepted,wfo-0000737721,Strychnos trinervis,Loganiaceae,Strychnos,species,TRUE,TRUE,TRUE,single_accepted_id
stryphnodendron adstringens,1,1,1,1,1,Stryphnodendron adstringens,accepted,wfo-0000164061,Stryphnodendron adstringens,Fabaceae,Stryphnodendron,species,TRUE,TRUE,TRUE,single_accepted_id
stylogyne ardisioides,1,1,1,1,1,Stylogyne ardisioides,accepted,wfo-0000506101,Stylogyne ardisioides,Primulaceae,Stylogyne,species,TRUE,TRUE,TRUE,single_accepted_id
stylotrichium corymbosum,1,1,1,1,1,Stylotrichium corymbosum,accepted,wfo-0000034390,Stylotrichium corymbosum,Asteraceae,Stylotrichium,species,FALSE,FALSE,TRUE,single_accepted_id
styphnolobium japonicum,1,1,1,1,1,Styphnolobium japonicum,accepted,wfo-0000186724,Styphnolobium japonicum,Fabaceae,Styphnolobium,species,TRUE,TRUE,TRUE,single_accepted_id
sundacarpus amarus,1,1,1,1,1,Sundacarpus amarus,accepted,wfo-0000503222,Sundacarpus amarus,Podocarpaceae,Sundacarpus,species,TRUE,TRUE,TRUE,single_accepted_id
swartzia apetala,1,1,1,1,1,Swartzia apetala,accepted,wfo-0000164091,Swartzia apetala,Fabaceae,Swartzia,species,TRUE,TRUE,TRUE,single_accepted_id
swartzia arborescens,1,1,1,1,1,Swartzia arborescens,accepted,wfo-0000164095,Swartzia arborescens,Fabaceae,Swartzia,species,TRUE,TRUE,TRUE,single_accepted_id
swartzia brachyrachis,1,1,1,1,1,Swartzia brachyrachis,accepted,wfo-0000164098,Swartzia brachyrachis,Fabaceae,Swartzia,species,TRUE,TRUE,TRUE,single_accepted_id
swartzia laevicarpa,1,1,1,1,1,Swartzia laevicarpa,accepted,wfo-0000182091,Swartzia laevicarpa,Fabaceae,Swartzia,species,TRUE,TRUE,TRUE,single_accepted_id
swartzia leiocalycina,1,1,1,1,1,Swartzia leiocalycina,accepted,wfo-0000164129,Swartzia leiocalycina,Fabaceae,Swartzia,species,TRUE,TRUE,TRUE,single_accepted_id
swartzia polyphylla,1,1,1,1,1,Swartzia polyphylla,accepted,wfo-0000164157,Swartzia polyphylla,Fabaceae,Swartzia,species,TRUE,TRUE,TRUE,single_accepted_id
swietenia mahagoni,1,1,1,1,1,Swietenia mahagoni,accepted,wfo-0000505130,Swietenia mahagoni,Meliaceae,Swietenia,species,TRUE,TRUE,TRUE,single_accepted_id
symplocos anamallayana,1,1,1,1,1,Symplocos anamallayana,accepted,wfo-0000491265,Symplocos anamallayana,Symplocaceae,Symplocos,species,FALSE,FALSE,TRUE,single_accepted_id
symplocos pendula,1,1,1,1,1,Symplocos pendula,accepted,wfo-0001141680,Symplocos pendula,Symplocaceae,Symplocos,species,FALSE,FALSE,TRUE,single_accepted_id
syzygium aqueum,1,1,1,1,1,Syzygium aqueum,accepted,wfo-0000318257,Syzygium aqueum,Myrtaceae,Syzygium,species,TRUE,TRUE,TRUE,single_accepted_id
syzygium aromaticum,1,1,1,1,1,Syzygium aromaticum,accepted,wfo-0000318267,Syzygium aromaticum,Myrtaceae,Syzygium,species,TRUE,TRUE,TRUE,single_accepted_id
syzygium castaneum,1,1,1,1,1,Syzygium castaneum,accepted,wfo-0000318413,Syzygium castaneum,Myrtaceae,Syzygium,species,TRUE,TRUE,TRUE,single_accepted_id
syzygium corynocarpum,1,1,1,1,1,Syzygium corynocarpum,accepted,wfo-0000318507,Syzygium corynocarpum,Myrtaceae,Syzygium,species,TRUE,TRUE,TRUE,single_accepted_id
syzygium glabratum,1,1,1,1,1,Syzygium glabratum,accepted,wfo-0000335833,Syzygium glabratum,Myrtaceae,Syzygium,species,TRUE,TRUE,TRUE,single_accepted_id
syzygium glomeratum,1,1,1,1,1,Syzygium glomeratum,accepted,wfo-0000318695,Syzygium glomeratum,Myrtaceae,Syzygium,species,FALSE,FALSE,TRUE,single_accepted_id
syzygium glomeruliferum,1,1,1,1,1,Syzygium glomeruliferum,accepted,wfo-0000318697,Syzygium glomeruliferum,Myrtaceae,Syzygium,species,FALSE,FALSE,TRUE,single_accepted_id
syzygium grande,1,1,1,1,1,Syzygium grande,accepted,wfo-0000318710,Syzygium grande,Myrtaceae,Syzygium,species,TRUE,TRUE,TRUE,single_accepted_id
syzygium jambos,1,1,1,1,1,Syzygium jambos,accepted,wfo-0000318809,Syzygium jambos,Myrtaceae,Syzygium,species,TRUE,TRUE,TRUE,single_accepted_id
syzygium leucoxylon,1,1,1,1,1,Syzygium leucoxylon,accepted,wfo-0000318911,Syzygium leucoxylon,Myrtaceae,Syzygium,species,TRUE,TRUE,TRUE,single_accepted_id
syzygium malaccense,1,1,1,1,1,Syzygium malaccense,accepted,wfo-0000318961,Syzygium malaccense,Myrtaceae,Syzygium,species,TRUE,TRUE,TRUE,single_accepted_id
syzygium nervosum,1,1,1,1,1,Syzygium nervosum,accepted,wfo-0000319069,Syzygium nervosum,Myrtaceae,Syzygium,species,TRUE,TRUE,TRUE,single_accepted_id
syzygium papillosum,1,1,1,1,1,Syzygium papillosum,accepted,wfo-0000319161,Syzygium papillosum,Myrtaceae,Syzygium,species,TRUE,TRUE,TRUE,single_accepted_id
syzygium polycephaloides,1,1,1,1,1,Syzygium polycephaloides,accepted,wfo-0000319228,Syzygium polycephaloides,Myrtaceae,Syzygium,species,TRUE,TRUE,TRUE,single_accepted_id
syzygium samarangense,1,1,1,1,1,Syzygium samarangense,accepted,wfo-0000319382,Syzygium samarangense,Myrtaceae,Syzygium,species,TRUE,TRUE,TRUE,single_accepted_id
syzygium warburgii,1,1,1,1,1,Syzygium warburgii,accepted,wfo-0000319646,Syzygium warburgii,Myrtaceae,Syzygium,species,FALSE,FALSE,TRUE,single_accepted_id
syzygium zeylanicum,1,1,1,1,1,Syzygium zeylanicum,accepted,wfo-0000319677,Syzygium zeylanicum,Myrtaceae,Syzygium,species,FALSE,FALSE,TRUE,single_accepted_id
tabebuia aurea,1,1,1,1,1,Tabebuia aurea,accepted,wfo-0000780159,Tabebuia aurea,Bignoniaceae,Tabebuia,species,TRUE,TRUE,TRUE,single_accepted_id
tacca chantrieri,1,1,1,1,1,Tacca chantrieri,accepted,wfo-0000567593,Tacca chantrieri,Dioscoreaceae,Tacca,species,TRUE,TRUE,TRUE,single_accepted_id
tadehagi triquetrum,1,1,1,1,1,Tadehagi triquetrum,accepted,wfo-0000200220,Tadehagi triquetrum,Fabaceae,Tadehagi,species,TRUE,TRUE,TRUE,single_accepted_id
tainia bicornis,1,1,1,1,1,Tainia bicornis,accepted,wfo-0000320471,Tainia bicornis,Orchidaceae,Tainia,species,TRUE,TRUE,TRUE,single_accepted_id
tainia paucifolia,1,1,1,1,1,Tainia paucifolia,accepted,wfo-0000320535,Tainia paucifolia,Orchidaceae,Tainia,species,TRUE,TRUE,TRUE,single_accepted_id
tamarindus indica,1,1,1,1,1,Tamarindus indica,accepted,wfo-0000170926,Tamarindus indica,Fabaceae,Tamarindus,species,TRUE,TRUE,TRUE,single_accepted_id
tamarix nilotica,1,1,1,1,1,Tamarix nilotica,synonym,wfo-0000459439,Tamarix senegalensis,Tamaricaceae,Tamarix,species,TRUE,TRUE,FALSE,single_accepted_id
tamarix senegalensis,1,1,1,1,1,Tamarix senegalensis,accepted,wfo-0000459439,Tamarix senegalensis,Tamaricaceae,Tamarix,species,FALSE,FALSE,TRUE,single_accepted_id
tanacetum sibiricum,2,2,1,1,1,Tanacetum sibiricum,synonym | unchecked,wfo-0000099453,Filifolium sibiricum,Asteraceae,Filifolium,species,TRUE,TRUE,FALSE,single_accepted_id
taraxacum campylodes,1,1,1,1,1,Taraxacum campylodes,accepted,wfo-0000093449,Taraxacum campylodes,Asteraceae,Taraxacum,species,TRUE,TRUE,TRUE,single_accepted_id
taraxacum croceum,1,1,1,1,1,Taraxacum croceum,accepted,wfo-0000071417,Taraxacum croceum,Asteraceae,Taraxacum,species,FALSE,FALSE,TRUE,single_accepted_id
taraxacum hallaisanense,1,1,1,1,1,Taraxacum hallaisanense,accepted,wfo-0000007374,Taraxacum hallaisanense,Asteraceae,Taraxacum,species,TRUE,TRUE,TRUE,single_accepted_id
taraxacum lapponicum,1,1,1,1,1,Taraxacum lapponicum,synonym,wfo-0000071417,Taraxacum croceum,Asteraceae,Taraxacum,species,TRUE,TRUE,FALSE,single_accepted_id
taraxacum platycarpum,1,1,1,1,1,Taraxacum platycarpum,accepted,wfo-0000083298,Taraxacum platycarpum,Asteraceae,Taraxacum,species,TRUE,TRUE,TRUE,single_accepted_id
taverniera abyssinica,1,1,1,1,1,Taverniera abyssinica,accepted,wfo-0000205023,Taverniera abyssinica,Fabaceae,Taverniera,species,TRUE,TRUE,TRUE,single_accepted_id
taxandria spathulata,1,1,1,1,1,Taxandria spathulata,accepted,wfo-0000837111,Taxandria spathulata,Myrtaceae,Taxandria,species,TRUE,TRUE,TRUE,single_accepted_id
taxillus kaempferi,1,1,1,1,1,Taxillus kaempferi,accepted,wfo-0001075797,Taxillus kaempferi,Loranthaceae,Taxillus,species,TRUE,TRUE,TRUE,single_accepted_id
taxillus liquidambaricola,1,1,1,1,1,Taxillus liquidambaricola,accepted,wfo-0001075809,Taxillus liquidambaricola,Loranthaceae,Taxillus,species,TRUE,TRUE,TRUE,single_accepted_id
taxodium distichum,1,1,1,1,1,Taxodium distichum,accepted,wfo-0000408602,Taxodium distichum,Cupressaceae,Taxodium,species,TRUE,TRUE,TRUE,single_accepted_id
taxus cuspidata,1,1,1,1,1,Taxus cuspidata,accepted,wfo-0000408609,Taxus cuspidata,Taxaceae,Taxus,species,TRUE,TRUE,TRUE,single_accepted_id
taxus mairei,1,1,1,1,1,Taxus mairei,accepted,wfo-0000459404,Taxus mairei,Taxaceae,Taxus,species,FALSE,TRUE,TRUE,single_accepted_id
taxus wallichiana,1,1,1,1,1,Taxus wallichiana,accepted,wfo-0000409081,Taxus wallichiana,Taxaceae,Taxus,species,TRUE,TRUE,TRUE,single_accepted_id
tectaria subtriphylla,1,1,1,1,1,Tectaria subtriphylla,accepted,wfo-0001117092,Tectaria subtriphylla,Tectariaceae,Tectaria,species,TRUE,TRUE,TRUE,single_accepted_id
tephrosia,1,1,1,1,1,Tephrosia,accepted,wfo-4000037774,Tephrosia,Fabaceae,Tephrosia,genus,TRUE,TRUE,TRUE,single_accepted_id
tephrosia abbottiae,1,1,1,1,1,Tephrosia abbottiae,accepted,wfo-0000164210,Tephrosia abbottiae,Fabaceae,Tephrosia,species,TRUE,TRUE,TRUE,single_accepted_id
tephrosia aequilata,1,1,1,1,1,Tephrosia aequilata,accepted,wfo-0000201452,Tephrosia aequilata,Fabaceae,Tephrosia,species,TRUE,TRUE,TRUE,single_accepted_id
tephrosia bidwillii,1,1,1,1,1,Tephrosia bidwillii,accepted,wfo-0000185885,Tephrosia bidwillii,Fabaceae,Tephrosia,species,TRUE,TRUE,TRUE,single_accepted_id
tephrosia bracteolata,1,1,1,1,1,Tephrosia bracteolata,accepted,wfo-0000201770,Tephrosia bracteolata,Fabaceae,Tephrosia,species,TRUE,TRUE,TRUE,single_accepted_id
tephrosia bracteolata var. bracteolata,1,1,1,1,1,Tephrosia bracteolata var. bracteolata,accepted,wfo-0000185884,Tephrosia bracteolata var. bracteolata,Fabaceae,Tephrosia,variety,FALSE,FALSE,TRUE,single_accepted_id
tephrosia calophylla,1,1,1,1,1,Tephrosia calophylla,accepted,wfo-0000205385,Tephrosia calophylla,Fabaceae,Tephrosia,species,TRUE,TRUE,TRUE,single_accepted_id
tephrosia candida,1,1,1,1,1,Tephrosia candida,accepted,wfo-0000201856,Tephrosia candida,Fabaceae,Tephrosia,species,TRUE,TRUE,TRUE,single_accepted_id
tephrosia capensis var. angustifolia,1,1,1,1,1,Tephrosia capensis var. angustifolia,accepted,wfo-0001421339,Tephrosia capensis var. angustifolia,Fabaceae,Tephrosia,variety,FALSE,FALSE,TRUE,single_accepted_id
tephrosia carrollii,1,1,1,1,1,Tephrosia carrollii,accepted,wfo-0001273986,Tephrosia carrollii,Fabaceae,Tephrosia,species,TRUE,TRUE,TRUE,single_accepted_id
tephrosia cinerea,1,1,1,1,1,Tephrosia cinerea,accepted,wfo-0000164219,Tephrosia cinerea,Fabaceae,Tephrosia,species,FALSE,FALSE,TRUE,single_accepted_id
tephrosia crassifolia,1,1,1,1,1,Tephrosia crassifolia,accepted,wfo-0000183541,Tephrosia crassifolia,Fabaceae,Tephrosia,species,TRUE,TRUE,TRUE,single_accepted_id
tephrosia egregia,1,1,1,1,1,Tephrosia egregia,accepted,wfo-0000164660,Tephrosia egregia,Fabaceae,Tephrosia,species,TRUE,TRUE,TRUE,single_accepted_id
tephrosia elata,1,1,1,1,1,Tephrosia elata,accepted,wfo-0000202201,Tephrosia elata,Fabaceae,Tephrosia,species,TRUE,TRUE,TRUE,single_accepted_id
tephrosia emeroides,1,1,1,1,1,Tephrosia emeroides,accepted,wfo-0000202273,Tephrosia emeroides,Fabaceae,Tephrosia,species,TRUE,TRUE,TRUE,single_accepted_id
tephrosia falciformis,2,2,1,1,1,Tephrosia falciformis,accepted | unchecked,wfo-0001055830,Tephrosia falciformis,Fabaceae,Tephrosia,species,TRUE,TRUE,TRUE,single_accepted_id
tephrosia fulvinervis,1,1,1,1,1,Tephrosia fulvinervis,accepted,wfo-0000202384,Tephrosia fulvinervis,Fabaceae,Tephrosia,species,TRUE,TRUE,TRUE,single_accepted_id
tephrosia hildebrandtii,1,1,1,1,1,Tephrosia hildebrandtii,accepted,wfo-0000202563,Tephrosia hildebrandtii,Fabaceae,Tephrosia,species,TRUE,TRUE,TRUE,single_accepted_id
tephrosia interrupta,1,1,1,1,1,Tephrosia interrupta,accepted,wfo-0000202707,Tephrosia interrupta,Fabaceae,Tephrosia,species,TRUE,TRUE,TRUE,single_accepted_id
tephrosia leiocarpa,1,1,1,1,1,Tephrosia leiocarpa,accepted,wfo-0000164669,Tephrosia leiocarpa,Fabaceae,Tephrosia,species,TRUE,TRUE,TRUE,single_accepted_id
tephrosia linearis,1,1,1,1,1,Tephrosia linearis,accepted,wfo-0000202981,Tephrosia linearis,Fabaceae,Tephrosia,species,TRUE,TRUE,TRUE,single_accepted_id
tephrosia lupinifolia,1,1,1,1,1,Tephrosia lupinifolia,accepted,wfo-0000203073,Tephrosia lupinifolia,Fabaceae,Tephrosia,species,TRUE,TRUE,TRUE,single_accepted_id
tephrosia lurida,1,1,1,1,1,Tephrosia lurida,accepted,wfo-0000203095,Tephrosia lurida,Fabaceae,Tephrosia,species,FALSE,FALSE,TRUE,single_accepted_id
tephrosia luzoniensis,1,1,1,1,1,Tephrosia luzoniensis,accepted,wfo-0000186993,Tephrosia luzoniensis,Fabaceae,Tephrosia,species,FALSE,FALSE,TRUE,single_accepted_id
tephrosia madrensis,1,1,1,1,1,Tephrosia madrensis,accepted,wfo-0000164672,Tephrosia madrensis,Fabaceae,Tephrosia,species,TRUE,TRUE,TRUE,single_accepted_id
tephrosia major,1,1,1,1,1,Tephrosia major,accepted,wfo-0000164673,Tephrosia major,Fabaceae,Tephrosia,species,TRUE,TRUE,TRUE,single_accepted_id
tephrosia maxima,1,1,1,1,1,Tephrosia maxima,accepted,wfo-0000203220,Tephrosia maxima,Fabaceae,Tephrosia,species,TRUE,TRUE,TRUE,single_accepted_id
tephrosia nana,1,1,1,1,1,Tephrosia nana,accepted,wfo-0000203348,Tephrosia nana,Fabaceae,Tephrosia,species,TRUE,TRUE,TRUE,single_accepted_id
tephrosia obovata,1,1,1,1,1,Tephrosia obovata,accepted,wfo-0000185872,Tephrosia obovata,Fabaceae,Tephrosia,species,TRUE,TRUE,TRUE,single_accepted_id
tephrosia pentaphylla,2,2,1,1,1,Tephrosia pentaphylla,accepted | unchecked,wfo-0001055146,Tephrosia pentaphylla,Fabaceae,Tephrosia,species,TRUE,TRUE,TRUE,single_accepted_id
tephrosia polyphylla,1,1,1,1,1,Tephrosia polyphylla,accepted,wfo-0000203724,Tephrosia polyphylla,Fabaceae,Tephrosia,species,TRUE,TRUE,TRUE,single_accepted_id
tephrosia praecana,1,1,1,1,1,Tephrosia praecana,accepted,wfo-0000203746,Tephrosia praecana,Fabaceae,Tephrosia,species,TRUE,TRUE,TRUE,single_accepted_id
tephrosia pumila,1,1,1,1,1,Tephrosia pumila,accepted,wfo-0000203766,Tephrosia pumila,Fabaceae,Tephrosia,species,TRUE,TRUE,TRUE,single_accepted_id
tephrosia purpurea,1,1,1,1,1,Tephrosia purpurea,accepted,wfo-0000203860,Tephrosia purpurea,Fabaceae,Tephrosia,species,TRUE,TRUE,TRUE,single_accepted_id
tephrosia purpurea subsp. apollinea,1,1,1,1,1,Tephrosia purpurea subsp. apollinea,accepted,wfo-0001366468,Tephrosia purpurea subsp. apollinea,Fabaceae,Tephrosia,subspecies,FALSE,FALSE,TRUE,single_accepted_id
tephrosia purpurea subsp. purpurea,1,1,1,1,1,Tephrosia purpurea subsp. purpurea,accepted,wfo-0000203871,Tephrosia purpurea subsp. purpurea,Fabaceae,Tephrosia,subspecies,FALSE,FALSE,TRUE,single_accepted_id
tephrosia quercetorum,1,1,1,1,1,Tephrosia quercetorum,accepted,wfo-0000164690,Tephrosia quercetorum,Fabaceae,Tephrosia,species,TRUE,TRUE,TRUE,single_accepted_id
tephrosia rosea,1,1,1,1,1,Tephrosia rosea,accepted,wfo-0000185869,Tephrosia rosea,Fabaceae,Tephrosia,species,TRUE,TRUE,TRUE,single_accepted_id
tephrosia sinapou,1,1,1,1,1,Tephrosia sinapou,accepted,wfo-0000204324,Tephrosia sinapou,Fabaceae,Tephrosia,species,TRUE,TRUE,TRUE,single_accepted_id
tephrosia spinosa,1,1,1,1,1,Tephrosia spinosa,accepted,wfo-0000185868,Tephrosia spinosa,Fabaceae,Tephrosia,species,TRUE,TRUE,TRUE,single_accepted_id
tephrosia strigosa,2,2,1,1,1,Tephrosia strigosa,accepted | unchecked,wfo-0000185867,Tephrosia strigosa,Fabaceae,Tephrosia,species,TRUE,TRUE,TRUE,single_accepted_id
tephrosia tepicana,1,1,1,1,1,Tephrosia tepicana,accepted,wfo-0000164702,Tephrosia tepicana,Fabaceae,Tephrosia,species,TRUE,TRUE,TRUE,single_accepted_id
tephrosia tuitoensis,1,1,1,1,1,Tephrosia tuitoensis,accepted,wfo-0000414888,Tephrosia tuitoensis,Fabaceae,Tephrosia,species,TRUE,TRUE,TRUE,single_accepted_id
tephrosia uniflora,1,1,1,1,1,Tephrosia uniflora,accepted,wfo-0000204446,Tephrosia uniflora,Fabaceae,Tephrosia,species,TRUE,TRUE,TRUE,single_accepted_id
tephrosia uniflora subsp. uniflora,1,1,1,1,1,Tephrosia uniflora subsp. uniflora,accepted,wfo-0001061581,Tephrosia uniflora subsp. uniflora,Fabaceae,Tephrosia,subspecies,FALSE,FALSE,TRUE,single_accepted_id
tephrosia virginiana,1,1,1,1,1,Tephrosia virginiana,accepted,wfo-0000182218,Tephrosia virginiana,Fabaceae,Tephrosia,species,TRUE,TRUE,TRUE,single_accepted_id
tephrosia viridiflora,1,1,1,1,1,Tephrosia viridiflora,accepted,wfo-0000414202,Tephrosia viridiflora,Fabaceae,Tephrosia,species,TRUE,TRUE,TRUE,single_accepted_id
tephrosia vogelii,1,1,1,1,1,Tephrosia vogelii,accepted,wfo-0000204544,Tephrosia vogelii,Fabaceae,Tephrosia,species,TRUE,TRUE,TRUE,single_accepted_id
tephrosia watsoniana,1,1,1,1,1,Tephrosia watsoniana,accepted,wfo-0000186660,Tephrosia watsoniana,Fabaceae,Tephrosia,species,TRUE,TRUE,TRUE,single_accepted_id
terminalia argentea,1,1,1,1,1,Terminalia argentea,accepted,wfo-0001296420,Terminalia argentea,Combretaceae,Terminalia,species,TRUE,TRUE,TRUE,single_accepted_id
terminalia arjuna,1,1,1,1,1,Terminalia arjuna,accepted,wfo-0000407013,Terminalia arjuna,Combretaceae,Terminalia,species,TRUE,TRUE,TRUE,single_accepted_id
terminalia brachystemma,1,1,1,1,1,Terminalia brachystemma,accepted,wfo-0000406946,Terminalia brachystemma,Combretaceae,Terminalia,species,TRUE,TRUE,TRUE,single_accepted_id
terminalia buceras,1,1,1,1,1,Terminalia buceras,accepted,wfo-0001296365,Terminalia buceras,Combretaceae,Terminalia,species,TRUE,TRUE,TRUE,single_accepted_id
terminalia catappa,1,1,1,1,1,Terminalia catappa,accepted,wfo-0000406800,Terminalia catappa,Combretaceae,Terminalia,species,TRUE,TRUE,TRUE,single_accepted_id
terminalia elliptica,1,1,1,1,1,Terminalia elliptica,accepted,wfo-0000408759,Terminalia elliptica,Combretaceae,Terminalia,species,TRUE,TRUE,TRUE,single_accepted_id
terminalia glabrescens,1,1,1,1,1,Terminalia glabrescens,accepted,wfo-0000408734,Terminalia glabrescens,Combretaceae,Terminalia,species,TRUE,TRUE,TRUE,single_accepted_id
terminalia paniculata,1,1,1,1,1,Terminalia paniculata,accepted,wfo-0000408820,Terminalia paniculata,Combretaceae,Terminalia,species,FALSE,FALSE,TRUE,single_accepted_id
terminalia phillyreifolia,1,1,1,1,1,Terminalia phillyreifolia,accepted,wfo-0001421875,Terminalia phillyreifolia,Combretaceae,Terminalia,species,FALSE,FALSE,TRUE,single_accepted_id
tessaria dodoneifolia,1,1,1,1,1,Tessaria dodoneifolia,accepted,wfo-0000051679,Tessaria dodoneifolia,Asteraceae,Tessaria,species,TRUE,TRUE,TRUE,single_accepted_id
tetracentron sinense,1,1,1,1,1,Tetracentron sinense,accepted,wfo-0001219876,Tetracentron sinense,Trochodendraceae,Tetracentron,species,TRUE,TRUE,TRUE,single_accepted_id
tetracera asiatica,1,1,1,1,1,Tetracera asiatica,synonym,wfo-1200073623,Tetracera sarmentosa subsp. sarmentosa,Dilleniaceae,Tetracera,subspecies,TRUE,TRUE,FALSE,single_accepted_id
tetracera sarmentosa subsp. sarmentosa,1,1,1,1,1,Tetracera sarmentosa subsp. sarmentosa,accepted,wfo-1200073623,Tetracera sarmentosa subsp. sarmentosa,Dilleniaceae,Tetracera,subspecies,FALSE,FALSE,TRUE,single_accepted_id
tetradium daniellii,1,1,1,1,1,Tetradium daniellii,accepted,wfo-0000455306,Tetradium daniellii,Rutaceae,Tetradium,species,TRUE,TRUE,TRUE,single_accepted_id
tetradium glabrifolium,1,1,1,1,1,Tetradium glabrifolium,accepted,wfo-0001239188,Tetradium glabrifolium,Rutaceae,Tetradium,species,TRUE,TRUE,TRUE,single_accepted_id
tetraneuris turneri,1,1,1,1,1,Tetraneuris turneri,accepted,wfo-0000029175,Tetraneuris turneri,Asteraceae,Tetraneuris,species,TRUE,TRUE,TRUE,single_accepted_id
teucrium chamaedrys subsp. albarracinii,1,1,1,1,1,Teucrium chamaedrys subsp. albarracinii,accepted,wfo-0000321976,Teucrium chamaedrys subsp. albarracinii,Lamiaceae,Teucrium,subspecies,FALSE,FALSE,TRUE,single_accepted_id
teucrium fruticans,1,1,1,1,1,Teucrium fruticans,accepted,wfo-0000322139,Teucrium fruticans,Lamiaceae,Teucrium,species,FALSE,FALSE,TRUE,single_accepted_id
teucrium gnaphalodes,1,1,1,1,1,Teucrium gnaphalodes,accepted,wfo-0000322156,Teucrium gnaphalodes,Lamiaceae,Teucrium,species,TRUE,TRUE,TRUE,single_accepted_id
teucrium heynei,1,1,1,1,1,Teucrium heynei,accepted,wfo-0001346987,Teucrium heynei,Lamiaceae,Teucrium,species,FALSE,FALSE,TRUE,single_accepted_id
teucrium polium subsp. polium,1,1,1,1,1,Teucrium polium subsp. polium,accepted,wfo-0000322488,Teucrium polium subsp. polium,Lamiaceae,Teucrium,subspecies,FALSE,FALSE,TRUE,single_accepted_id
teucrium stocksianum,1,1,1,1,1,Teucrium stocksianum,accepted,wfo-0000322658,Teucrium stocksianum,Lamiaceae,Teucrium,species,TRUE,TRUE,TRUE,single_accepted_id
teucrium wightii,1,1,1,1,1,Teucrium wightii,accepted,wfo-0000322735,Teucrium wightii,Lamiaceae,Teucrium,species,FALSE,FALSE,TRUE,single_accepted_id
thelypteris interrupta,1,1,1,1,1,Thelypteris interrupta,synonym,wfo-0001110853,Cyclosorus interruptus,Thelypteridaceae,Cyclosorus,species,TRUE,TRUE,FALSE,single_accepted_id
thelypteris palustris,1,1,1,1,1,Thelypteris palustris,accepted,wfo-0001107441,Thelypteris palustris,Thelypteridaceae,Thelypteris,species,TRUE,TRUE,TRUE,single_accepted_id
theobroma,1,1,1,1,1,Theobroma,accepted,wfo-4000038157,Theobroma,Malvaceae,Theobroma,genus,TRUE,TRUE,TRUE,single_accepted_id
theobroma cacao,1,1,1,1,1,Theobroma cacao,accepted,wfo-0000458440,Theobroma cacao,Malvaceae,Theobroma,species,TRUE,TRUE,TRUE,single_accepted_id
theobroma grandiflorum,1,1,1,1,1,Theobroma grandiflorum,accepted,wfo-0000458603,Theobroma grandiflorum,Malvaceae,Theobroma,species,TRUE,TRUE,TRUE,single_accepted_id
thermopsis,1,1,1,1,1,Thermopsis,accepted,wfo-4000038177,Thermopsis,Fabaceae,Thermopsis,genus,TRUE,TRUE,TRUE,single_accepted_id
thermopsis alterniflora,1,1,1,1,1,Thermopsis alterniflora,accepted,wfo-0000186300,Thermopsis alterniflora,Fabaceae,Thermopsis,species,TRUE,TRUE,TRUE,single_accepted_id
thermopsis californica var. californica,1,1,1,1,1,Thermopsis californica var. californica,accepted,wfo-0000194920,Thermopsis californica var. californica,Fabaceae,Thermopsis,variety,FALSE,FALSE,TRUE,single_accepted_id
thermopsis dolichocarpa,1,1,1,1,1,Thermopsis dolichocarpa,accepted,wfo-0000186286,Thermopsis dolichocarpa,Fabaceae,Thermopsis,species,TRUE,TRUE,TRUE,single_accepted_id
thermopsis lanceolata,1,1,1,1,1,Thermopsis lanceolata,accepted,wfo-0000213939,Thermopsis lanceolata,Fabaceae,Thermopsis,species,TRUE,TRUE,TRUE,single_accepted_id
thermopsis lupinoides,1,1,1,1,1,Thermopsis lupinoides,synonym,wfo-0000213939,Thermopsis lanceolata,Fabaceae,Thermopsis,species,TRUE,TRUE,FALSE,single_accepted_id
thermopsis macrophylla,1,1,1,1,1,Thermopsis macrophylla,accepted,wfo-0000194925,Thermopsis macrophylla,Fabaceae,Thermopsis,species,TRUE,TRUE,TRUE,single_accepted_id
thermopsis mollis,2,2,1,1,1,Thermopsis mollis,accepted | unchecked,wfo-0001055161,Thermopsis mollis,Fabaceae,Thermopsis,species,TRUE,TRUE,TRUE,single_accepted_id
thermopsis rhombifolia,1,1,1,1,1,Thermopsis rhombifolia,accepted,wfo-0000194931,Thermopsis rhombifolia,Fabaceae,Thermopsis,species,TRUE,TRUE,TRUE,single_accepted_id
thermopsis villosa,1,1,1,1,1,Thermopsis villosa,accepted,wfo-0000194933,Thermopsis villosa,Fabaceae,Thermopsis,species,TRUE,TRUE,TRUE,single_accepted_id
thevetia peruviana,1,1,1,1,1,Thevetia peruviana,synonym,wfo-0000810099,Cascabela thevetia,Apocynaceae,Cascabela,species,TRUE,TRUE,FALSE,single_accepted_id
thomsonaria ferruginea,1,1,1,1,1,Thomsonaria ferruginea,accepted,wfo-1000007916,Thomsonaria ferruginea,Rosaceae,Thomsonaria,species,FALSE,FALSE,TRUE,single_accepted_id
thonningia sanguinea,1,1,1,1,1,Thonningia sanguinea,accepted,wfo-0000410707,Thonningia sanguinea,Balanophoraceae,Thonningia,species,TRUE,TRUE,TRUE,single_accepted_id
thujopsis dolabrata,1,1,1,1,1,Thujopsis dolabrata,accepted,wfo-0000409024,Thujopsis dolabrata,Cupressaceae,Thujopsis,species,TRUE,TRUE,TRUE,single_accepted_id
thymelaea lythroides,1,1,1,1,1,Thymelaea lythroides,accepted,wfo-0001282372,Thymelaea lythroides,Thymelaeaceae,Thymelaea,species,TRUE,TRUE,TRUE,single_accepted_id
thymus,1,1,1,1,1,Thymus,accepted,wfo-4000038335,Thymus,Lamiaceae,Thymus,genus,TRUE,TRUE,TRUE,single_accepted_id
thymus cilicicus,1,1,1,1,1,Thymus cilicicus,accepted,wfo-0000323876,Thymus cilicicus,Lamiaceae,Thymus,species,TRUE,TRUE,TRUE,single_accepted_id
thymus herba-barona,1,1,1,1,1,Thymus herba-barona,accepted,wfo-0000324108,Thymus herba-barona,Lamiaceae,Thymus,species,TRUE,TRUE,TRUE,single_accepted_id
thymus moroderi,1,1,1,1,1,Thymus moroderi,accepted,wfo-0000324418,Thymus moroderi,Lamiaceae,Thymus,species,TRUE,TRUE,TRUE,single_accepted_id
thymus numidicus,1,1,1,1,1,Thymus numidicus,accepted,wfo-0000324459,Thymus numidicus,Lamiaceae,Thymus,species,TRUE,TRUE,TRUE,single_accepted_id
thymus vulgaris subsp. vulgaris,1,1,1,1,1,Thymus vulgaris subsp. vulgaris,accepted,wfo-0000324955,Thymus vulgaris subsp. vulgaris,Lamiaceae,Thymus,subspecies,FALSE,FALSE,TRUE,single_accepted_id
tilia tomentosa,1,1,1,1,1,Tilia tomentosa,accepted,wfo-0000457026,Tilia tomentosa,Malvaceae,Tilia,species,TRUE,TRUE,TRUE,single_accepted_id
tinospora malabarica,1,1,1,1,1,Tinospora malabarica,synonym,wfo-0001083980,Tinospora sinensis,Menispermaceae,Tinospora,species,TRUE,TRUE,FALSE,single_accepted_id
tinospora sinensis,1,1,1,1,1,Tinospora sinensis,accepted,wfo-0001083980,Tinospora sinensis,Menispermaceae,Tinospora,species,FALSE,FALSE,TRUE,single_accepted_id
tipuana tipu,1,1,1,1,1,Tipuana tipu,accepted,wfo-0000172971,Tipuana tipu,Fabaceae,Tipuana,species,TRUE,TRUE,TRUE,single_accepted_id
toddalia asiatica,1,1,1,1,1,Toddalia asiatica,synonym,wfo-1000008156,Zanthoxylum asiaticum,Rutaceae,Zanthoxylum,species,TRUE,TRUE,FALSE,single_accepted_id
toona sinensis,1,1,1,1,1,Toona sinensis,accepted,wfo-0000455502,Toona sinensis,Meliaceae,Toona,species,TRUE,TRUE,TRUE,single_accepted_id
toxicodendron succedaneum,2,2,1,1,1,Toxicodendron succedaneum,accepted | synonym,wfo-0001052331,Toxicodendron succedaneum,Anacardiaceae,Toxicodendron,species,TRUE,TRUE,TRUE,single_accepted_id
toxicodendron vernicifluum,1,1,1,1,1,Toxicodendron vernicifluum,accepted,wfo-0001051090,Toxicodendron vernicifluum,Anacardiaceae,Toxicodendron,species,TRUE,TRUE,TRUE,single_accepted_id
toxicopueraria peduncularis,1,1,1,1,1,Toxicopueraria peduncularis,accepted,wfo-0001342972,Toxicopueraria peduncularis,Fabaceae,Toxicopueraria,species,FALSE,FALSE,TRUE,single_accepted_id
trachelospermum jasminoides,1,1,1,1,1,Trachelospermum jasminoides,accepted,wfo-0000326475,Trachelospermum jasminoides,Apocynaceae,Trachelospermum,species,TRUE,TRUE,TRUE,single_accepted_id
trautvetteria palmata,1,1,1,1,1,Trautvetteria palmata,accepted,wfo-0000455167,Trautvetteria palmata,Ranunculaceae,Trautvetteria,species,FALSE,FALSE,TRUE,single_accepted_id
traversia baccharoides,1,1,1,1,1,Traversia baccharoides,accepted,wfo-0000121795,Traversia baccharoides,Asteraceae,Traversia,species,TRUE,TRUE,TRUE,single_accepted_id
triadenum japonicum,1,1,1,1,1,Triadenum japonicum,synonym,wfo-0001296235,Hypericum fauriei,Hypericaceae,Hypericum,species,TRUE,TRUE,FALSE,single_accepted_id
triadica sebifera,1,1,1,1,1,Triadica sebifera,accepted,wfo-0000327067,Triadica sebifera,Euphorbiaceae,Triadica,species,TRUE,TRUE,TRUE,single_accepted_id
trichilia catigua,1,1,1,1,1,Trichilia catigua,accepted,wfo-0000455545,Trichilia catigua,Meliaceae,Trichilia,species,TRUE,TRUE,TRUE,single_accepted_id
trichogonia campestris,1,1,1,1,1,Trichogonia campestris,accepted,wfo-0000062279,Trichogonia campestris,Asteraceae,Trichogonia,species,TRUE,TRUE,TRUE,single_accepted_id
trichogonia santosii,1,1,1,1,1,Trichogonia santosii,synonym,wfo-0000062279,Trichogonia campestris,Asteraceae,Trichogonia,species,TRUE,TRUE,FALSE,single_accepted_id
trichogonia villosa,1,1,1,1,1,Trichogonia villosa,accepted,wfo-0000096792,Trichogonia villosa,Asteraceae,Trichogonia,species,TRUE,TRUE,TRUE,single_accepted_id
trichosanthes anguina,1,1,1,1,1,Trichosanthes anguina,synonym,wfo-0000408012,Trichosanthes cucumerina,Cucurbitaceae,Trichosanthes,species,TRUE,TRUE,FALSE,single_accepted_id
trichosanthes cucumerina,1,1,1,1,1,Trichosanthes cucumerina,accepted,wfo-0000408012,Trichosanthes cucumerina,Cucurbitaceae,Trichosanthes,species,TRUE,TRUE,TRUE,single_accepted_id
trichoscypha acuminata,1,1,1,1,1,Trichoscypha acuminata,accepted,wfo-0000409281,Trichoscypha acuminata,Anacardiaceae,Trichoscypha,species,TRUE,TRUE,TRUE,single_accepted_id
tricostularia compressa,1,1,1,1,1,Tricostularia compressa,accepted,wfo-0000592903,Tricostularia compressa,Cyperaceae,Tricostularia,species,TRUE,TRUE,TRUE,single_accepted_id
tricostularia neesii,1,1,1,1,1,Tricostularia neesii,accepted,wfo-0000592936,Tricostularia neesii,Cyperaceae,Tricostularia,species,TRUE,TRUE,TRUE,single_accepted_id
tricostularia pauciflora,1,1,1,1,1,Tricostularia pauciflora,accepted,wfo-0000592980,Tricostularia pauciflora,Cyperaceae,Tricostularia,species,TRUE,TRUE,TRUE,single_accepted_id
tricostularia undulata,1,1,1,1,1,Tricostularia undulata,synonym,wfo-1000020454,Anthelepis undulata,Cyperaceae,Anthelepis,species,TRUE,TRUE,FALSE,single_accepted_id
trifolium africanum,1,1,1,1,1,Trifolium africanum,accepted,wfo-0000212962,Trifolium africanum,Fabaceae,Trifolium,species,TRUE,TRUE,TRUE,single_accepted_id
trifolium ambiguum,1,1,1,1,1,Trifolium ambiguum,accepted,wfo-0000213943,Trifolium ambiguum,Fabaceae,Trifolium,species,TRUE,TRUE,TRUE,single_accepted_id
trifolium apertum,1,1,1,1,1,Trifolium apertum,accepted,wfo-0000213945,Trifolium apertum,Fabaceae,Trifolium,species,TRUE,TRUE,TRUE,single_accepted_id
trifolium badium subsp. badium,1,1,1,1,1,Trifolium badium subsp. badium,accepted,wfo-0001425806,Trifolium badium subsp. badium,Fabaceae,Trifolium,subspecies,FALSE,FALSE,TRUE,single_accepted_id
trifolium bivonae,1,1,1,1,1,Trifolium bivonae,accepted,wfo-0000213954,Trifolium bivonae,Fabaceae,Trifolium,species,TRUE,TRUE,TRUE,single_accepted_id
trifolium bocconei,1,1,1,1,1,Trifolium bocconei,accepted,wfo-0000212972,Trifolium bocconei,Fabaceae,Trifolium,species,TRUE,TRUE,TRUE,single_accepted_id
trifolium bullatum,1,1,1,1,1,Trifolium bullatum,accepted,wfo-0000212973,Trifolium bullatum,Fabaceae,Trifolium,species,TRUE,TRUE,TRUE,single_accepted_id
trifolium burchellianum,1,1,1,1,1,Trifolium burchellianum,accepted,wfo-0000212974,Trifolium burchellianum,Fabaceae,Trifolium,species,TRUE,TRUE,TRUE,single_accepted_id
trifolium carolinianum,1,1,1,1,1,Trifolium carolinianum,accepted,wfo-0000174309,Trifolium carolinianum,Fabaceae,Trifolium,species,FALSE,FALSE,TRUE,single_accepted_id
trifolium caucasicum,1,1,1,1,1,Trifolium caucasicum,synonym,wfo-0001425809,Trifolium ochroleucon subsp. ochroleucon,Fabaceae,Trifolium,subspecies,TRUE,TRUE,FALSE,single_accepted_id
trifolium cernuum,1,1,1,1,1,Trifolium cernuum,accepted,wfo-0000212980,Trifolium cernuum,Fabaceae,Trifolium,species,TRUE,TRUE,TRUE,single_accepted_id
trifolium cherleri,1,1,1,1,1,Trifolium cherleri,accepted,wfo-0000212983,Trifolium cherleri,Fabaceae,Trifolium,species,TRUE,TRUE,TRUE,single_accepted_id
trifolium clusii,1,1,1,1,1,Trifolium clusii,accepted,wfo-0000212985,Trifolium clusii,Fabaceae,Trifolium,species,TRUE,TRUE,TRUE,single_accepted_id
trifolium constantinopolitanum,1,1,1,1,1,Trifolium constantinopolitanum,accepted,wfo-0000212987,Trifolium constantinopolitanum,Fabaceae,Trifolium,species,FALSE,FALSE,TRUE,single_accepted_id
trifolium dalmaticum,1,1,1,1,1,Trifolium dalmaticum,accepted,wfo-0000213962,Trifolium dalmaticum,Fabaceae,Trifolium,species,TRUE,TRUE,TRUE,single_accepted_id
trifolium dasyurum,1,1,1,1,1,Trifolium dasyurum,accepted,wfo-0000212991,Trifolium dasyurum,Fabaceae,Trifolium,species,TRUE,TRUE,TRUE,single_accepted_id
trifolium dichroanthum,1,1,1,1,1,Trifolium dichroanthum,accepted,wfo-0000186260,Trifolium dichroanthum,Fabaceae,Trifolium,species,TRUE,TRUE,TRUE,single_accepted_id
trifolium echinatum,1,1,1,1,1,Trifolium echinatum,accepted,wfo-0000212996,Trifolium echinatum,Fabaceae,Trifolium,species,TRUE,TRUE,TRUE,single_accepted_id
trifolium eriosphaerum,1,1,1,1,1,Trifolium eriosphaerum,accepted,wfo-0000186259,Trifolium eriosphaerum,Fabaceae,Trifolium,species,TRUE,TRUE,TRUE,single_accepted_id
trifolium eximium,1,1,1,1,1,Trifolium eximium,accepted,wfo-0001055180,Trifolium eximium,Fabaceae,Trifolium,species,FALSE,FALSE,TRUE,single_accepted_id
trifolium fragiferum,1,1,1,1,1,Trifolium fragiferum,accepted,wfo-0000213002,Trifolium fragiferum,Fabaceae,Trifolium,species,TRUE,TRUE,TRUE,single_accepted_id
trifolium fragiferum var. fragiferum,1,1,1,1,1,Trifolium fragiferum var. fragiferum,accepted,wfo-0001426056,Trifolium fragiferum var. fragiferum,Fabaceae,Trifolium,variety,FALSE,FALSE,TRUE,single_accepted_id
trifolium fucatum,1,1,1,1,1,Trifolium fucatum,accepted,wfo-0000174316,Trifolium fucatum,Fabaceae,Trifolium,species,TRUE,TRUE,TRUE,single_accepted_id
trifolium glanduliferum,1,1,1,1,1,Trifolium glanduliferum,accepted,wfo-0000186256,Trifolium glanduliferum,Fabaceae,Trifolium,species,TRUE,TRUE,TRUE,single_accepted_id
trifolium glomeratum,1,1,1,1,1,Trifolium glomeratum,accepted,wfo-0000213007,Trifolium glomeratum,Fabaceae,Trifolium,species,TRUE,TRUE,TRUE,single_accepted_id
trifolium heldreichianum,1,1,1,1,1,Trifolium heldreichianum,accepted,wfo-0000213970,Trifolium heldreichianum,Fabaceae,Trifolium,species,TRUE,TRUE,TRUE,single_accepted_id
trifolium hirtum,1,1,1,1,1,Trifolium hirtum,accepted,wfo-0000213008,Trifolium hirtum,Fabaceae,Trifolium,species,TRUE,TRUE,TRUE,single_accepted_id
trifolium isthmocarpum,2,2,1,1,1,Trifolium isthmocarpum | Trifolium isthmocarpum prol. jaminianum,accepted | synonym,wfo-0000213016,Trifolium isthmocarpum,Fabaceae,Trifolium,species,TRUE,TRUE,TRUE,single_accepted_id
trifolium lappaceum,1,1,1,1,1,Trifolium lappaceum,accepted,wfo-0000213022,Trifolium lappaceum,Fabaceae,Trifolium,species,TRUE,TRUE,TRUE,single_accepted_id
trifolium ligusticum,1,1,1,1,1,Trifolium ligusticum,accepted,wfo-0000213024,Trifolium ligusticum,Fabaceae,Trifolium,species,TRUE,TRUE,TRUE,single_accepted_id
trifolium masaiense,1,1,1,1,1,Trifolium masaiense,accepted,wfo-0000213027,Trifolium masaiense,Fabaceae,Trifolium,species,TRUE,TRUE,TRUE,single_accepted_id
trifolium medium,1,1,1,1,1,Trifolium medium,accepted,wfo-0000213979,Trifolium medium,Fabaceae,Trifolium,species,TRUE,TRUE,TRUE,single_accepted_id
trifolium michelianum,1,1,1,1,1,Trifolium michelianum,accepted,wfo-0000213029,Trifolium michelianum,Fabaceae,Trifolium,species,TRUE,TRUE,TRUE,single_accepted_id
trifolium miegeanum,1,1,1,1,1,Trifolium miegeanum,accepted,wfo-0000213030,Trifolium miegeanum,Fabaceae,Trifolium,species,TRUE,TRUE,TRUE,single_accepted_id
trifolium montanum subsp. montanum,1,1,1,1,1,Trifolium montanum subsp. montanum,accepted,wfo-0000185255,Trifolium montanum subsp. montanum,Fabaceae,Trifolium,subspecies,FALSE,FALSE,TRUE,single_accepted_id
trifolium montanum var. gayanum,1,1,1,1,1,Trifolium montanum var. gayanum,accepted,wfo-0000185253,Trifolium montanum var. gayanum,Fabaceae,Trifolium,variety,FALSE,FALSE,TRUE,single_accepted_id
trifolium mutabile,1,1,1,1,1,Trifolium mutabile,accepted,wfo-0001055202,Trifolium mutabile,Fabaceae,Trifolium,species,TRUE,TRUE,TRUE,single_accepted_id
trifolium nigrescens,1,1,1,1,1,Trifolium nigrescens,accepted,wfo-0000213035,Trifolium nigrescens,Fabaceae,Trifolium,species,TRUE,TRUE,TRUE,single_accepted_id
trifolium noricum,1,1,1,1,1,Trifolium noricum,accepted,wfo-0000213986,Trifolium noricum,Fabaceae,Trifolium,species,TRUE,TRUE,TRUE,single_accepted_id
trifolium obscurum,1,1,1,1,1,Trifolium obscurum,accepted,wfo-0000213036,Trifolium obscurum,Fabaceae,Trifolium,species,TRUE,TRUE,TRUE,single_accepted_id
trifolium ochroleucon subsp. ochroleucon,1,1,1,1,1,Trifolium ochroleucon subsp. ochroleucon,accepted,wfo-0001425809,Trifolium ochroleucon subsp. ochroleucon,Fabaceae,Trifolium,subspecies,FALSE,FALSE,TRUE,single_accepted_id
trifolium ochroleucon subsp. roseum,1,1,1,1,1,Trifolium ochroleucon subsp. roseum,accepted,wfo-0000193857,Trifolium ochroleucon subsp. roseum,Fabaceae,Trifolium,subspecies,FALSE,FALSE,TRUE,single_accepted_id
trifolium oliganthum,1,1,1,1,1,Trifolium oliganthum,accepted,wfo-0000174327,Trifolium oliganthum,Fabaceae,Trifolium,species,TRUE,TRUE,TRUE,single_accepted_id
trifolium ornithopodioides,1,1,1,1,1,Trifolium ornithopodioides,accepted,wfo-0000213039,Trifolium ornithopodioides,Fabaceae,Trifolium,species,TRUE,TRUE,TRUE,single_accepted_id
trifolium palaestinum,1,1,1,1,1,Trifolium palaestinum,accepted,wfo-0000186258,Trifolium palaestinum,Fabaceae,Trifolium,species,TRUE,TRUE,TRUE,single_accepted_id
trifolium pallescens,1,1,1,1,1,Trifolium pallescens,accepted,wfo-0000213990,Trifolium pallescens,Fabaceae,Trifolium,species,TRUE,TRUE,TRUE,single_accepted_id
trifolium pannonicum,1,1,1,1,1,Trifolium pannonicum,accepted,wfo-0000213992,Trifolium pannonicum,Fabaceae,Trifolium,species,TRUE,TRUE,TRUE,single_accepted_id
trifolium parryi,1,1,1,1,1,Trifolium parryi,accepted,wfo-0000174328,Trifolium parryi,Fabaceae,Trifolium,species,TRUE,TRUE,TRUE,single_accepted_id
trifolium patens,1,1,1,1,1,Trifolium patens,accepted,wfo-0000213044,Trifolium patens,Fabaceae,Trifolium,species,FALSE,FALSE,TRUE,single_accepted_id
trifolium patulum,1,1,1,1,1,Trifolium patulum,accepted,wfo-0000213994,Trifolium patulum,Fabaceae,Trifolium,species,TRUE,TRUE,TRUE,single_accepted_id
trifolium phleoides,1,1,1,1,1,Trifolium phleoides,accepted,wfo-0000213046,Trifolium phleoides,Fabaceae,Trifolium,species,TRUE,TRUE,TRUE,single_accepted_id
trifolium physodes,1,1,1,1,1,Trifolium physodes,accepted,wfo-0000213048,Trifolium physodes,Fabaceae,Trifolium,species,TRUE,TRUE,TRUE,single_accepted_id
trifolium pignantii,1,1,1,1,1,Trifolium pignantii,accepted,wfo-0000213996,Trifolium pignantii,Fabaceae,Trifolium,species,TRUE,TRUE,TRUE,single_accepted_id
trifolium plebeium,1,1,1,1,1,Trifolium plebeium,accepted,wfo-0000186257,Trifolium plebeium,Fabaceae,Trifolium,species,TRUE,TRUE,TRUE,single_accepted_id
trifolium pratense subsp. pratense,1,1,1,1,1,Trifolium pratense subsp. pratense,accepted,wfo-0001316393,Trifolium pratense subsp. pratense,Fabaceae,Trifolium,subspecies,FALSE,FALSE,TRUE,single_accepted_id
trifolium repens subsp. prostratum,1,1,1,1,1,Trifolium repens subsp. prostratum,accepted,wfo-0000214203,Trifolium repens subsp. prostratum,Fabaceae,Trifolium,subspecies,FALSE,FALSE,TRUE,single_accepted_id
trifolium resupinatum var. majus,1,1,1,1,1,Trifolium resupinatum var. majus,accepted,wfo-1200001164,Trifolium resupinatum var. majus,Fabaceae,Trifolium,variety,FALSE,FALSE,TRUE,single_accepted_id
trifolium retusum,1,1,1,1,1,Trifolium retusum,accepted,wfo-0000213064,Trifolium retusum,Fabaceae,Trifolium,species,TRUE,TRUE,TRUE,single_accepted_id
trifolium rueppellianum,1,1,1,1,1,Trifolium rueppellianum,accepted,wfo-0000213066,Trifolium rueppellianum,Fabaceae,Trifolium,species,TRUE,TRUE,TRUE,single_accepted_id
trifolium salmoneum,1,1,1,1,1,Trifolium salmoneum,accepted,wfo-0000186261,Trifolium salmoneum,Fabaceae,Trifolium,species,TRUE,TRUE,TRUE,single_accepted_id
trifolium saxatile,1,1,1,1,1,Trifolium saxatile,accepted,wfo-0000214003,Trifolium saxatile,Fabaceae,Trifolium,species,TRUE,TRUE,TRUE,single_accepted_id
trifolium scabrum,1,1,1,1,1,Trifolium scabrum,accepted,wfo-0000213071,Trifolium scabrum,Fabaceae,Trifolium,species,TRUE,TRUE,TRUE,single_accepted_id
trifolium semipilosum,1,1,1,1,1,Trifolium semipilosum,accepted,wfo-0000213074,Trifolium semipilosum,Fabaceae,Trifolium,species,TRUE,TRUE,TRUE,single_accepted_id
trifolium spumosum,1,1,1,1,1,Trifolium spumosum,accepted,wfo-0000213081,Trifolium spumosum,Fabaceae,Trifolium,species,TRUE,TRUE,TRUE,single_accepted_id
trifolium squamosum,1,1,1,1,1,Trifolium squamosum,accepted,wfo-0000213082,Trifolium squamosum,Fabaceae,Trifolium,species,TRUE,TRUE,TRUE,single_accepted_id
trifolium stellatum,1,1,1,1,1,Trifolium stellatum,accepted,wfo-0000213085,Trifolium stellatum,Fabaceae,Trifolium,species,TRUE,TRUE,TRUE,single_accepted_id
trifolium striatum,1,1,1,1,1,Trifolium striatum,accepted,wfo-0000213091,Trifolium striatum,Fabaceae,Trifolium,species,TRUE,TRUE,TRUE,single_accepted_id
trifolium subterraneum,1,1,1,1,1,Trifolium subterraneum,accepted,wfo-0000213094,Trifolium subterraneum,Fabaceae,Trifolium,species,TRUE,TRUE,TRUE,single_accepted_id
trifolium suffocatum,1,1,1,1,1,Trifolium suffocatum,accepted,wfo-0000213096,Trifolium suffocatum,Fabaceae,Trifolium,species,TRUE,TRUE,TRUE,single_accepted_id
trifolium sylvaticum,1,1,1,1,1,Trifolium sylvaticum,accepted,wfo-0000214790,Trifolium sylvaticum,Fabaceae,Trifolium,species,TRUE,TRUE,TRUE,single_accepted_id
trifolium tenuifolium,1,1,1,1,1,Trifolium tenuifolium,accepted,wfo-0000214009,Trifolium tenuifolium,Fabaceae,Trifolium,species,TRUE,TRUE,TRUE,single_accepted_id
trifolium thalii,1,1,1,1,1,Trifolium thalii,accepted,wfo-0000213101,Trifolium thalii,Fabaceae,Trifolium,species,TRUE,TRUE,TRUE,single_accepted_id
trifolium tomentosum,2,2,1,1,1,Trifolium tomentosum,accepted | unchecked,wfo-0000213103,Trifolium tomentosum,Fabaceae,Trifolium,species,TRUE,TRUE,TRUE,single_accepted_id
trifolium trichocephalum,1,1,1,1,1,Trifolium trichocephalum,accepted,wfo-0000186249,Trifolium trichocephalum,Fabaceae,Trifolium,species,TRUE,TRUE,TRUE,single_accepted_id
trifolium tumens,1,1,1,1,1,Trifolium tumens,accepted,wfo-0000186250,Trifolium tumens,Fabaceae,Trifolium,species,TRUE,TRUE,TRUE,single_accepted_id
trifolium uniflorum,1,1,1,1,1,Trifolium uniflorum,accepted,wfo-0000213109,Trifolium uniflorum,Fabaceae,Trifolium,species,TRUE,TRUE,TRUE,single_accepted_id
trifolium usambarense,1,1,1,1,1,Trifolium usambarense,accepted,wfo-0000213110,Trifolium usambarense,Fabaceae,Trifolium,species,TRUE,TRUE,TRUE,single_accepted_id
trifolium variegatum var. variegatum,1,1,1,1,1,Trifolium variegatum var. variegatum,accepted,wfo-0000183568,Trifolium variegatum var. variegatum,Fabaceae,Trifolium,variety,FALSE,FALSE,TRUE,single_accepted_id
trifolium vavilovii,1,1,1,1,1,Trifolium vavilovii,accepted,wfo-0000186266,Trifolium vavilovii,Fabaceae,Trifolium,species,TRUE,TRUE,TRUE,single_accepted_id
trifolium vesiculosum,1,1,1,1,1,Trifolium vesiculosum,accepted,wfo-0000214014,Trifolium vesiculosum,Fabaceae,Trifolium,species,TRUE,TRUE,TRUE,single_accepted_id
trifolium willdenovii,1,1,1,1,1,Trifolium willdenovii,accepted,wfo-0000185272,Trifolium willdenovii,Fabaceae,Trifolium,species,TRUE,TRUE,TRUE,single_accepted_id
trifolium wormskioldii,1,1,1,1,1,Trifolium wormskioldii,accepted,wfo-0000182219,Trifolium wormskioldii,Fabaceae,Trifolium,species,TRUE,TRUE,TRUE,single_accepted_id
trigonella arabica,1,1,1,1,1,Trigonella arabica,accepted,wfo-0000212936,Trigonella arabica,Fabaceae,Trigonella,species,TRUE,TRUE,TRUE,single_accepted_id
trigonella balansae,1,1,1,1,1,Trigonella balansae,accepted,wfo-0000214018,Trigonella balansae,Fabaceae,Trigonella,species,FALSE,FALSE,TRUE,single_accepted_id
trigonella cylindracea,1,1,1,1,1,Trigonella cylindracea,accepted,wfo-0000188818,Trigonella cylindracea,Fabaceae,Trigonella,species,TRUE,TRUE,TRUE,single_accepted_id
trigonella esculenta,1,1,1,1,1,Trigonella esculenta,accepted,wfo-0000212940,Trigonella esculenta,Fabaceae,Trigonella,species,FALSE,FALSE,TRUE,single_accepted_id
trigonella glabra,1,1,1,1,1,Trigonella glabra,accepted,wfo-0000185439,Trigonella glabra,Fabaceae,Trigonella,species,TRUE,TRUE,TRUE,single_accepted_id
trigonella gladiata,1,1,1,1,1,Trigonella gladiata,accepted,wfo-0000212945,Trigonella gladiata,Fabaceae,Trigonella,species,FALSE,FALSE,TRUE,single_accepted_id
trigonella laciniata,2,2,1,1,1,Trigonella laciniata,accepted | unchecked,wfo-0000212946,Trigonella laciniata,Fabaceae,Trigonella,species,TRUE,TRUE,TRUE,single_accepted_id
trigonella maritima,2,2,1,1,1,Trigonella maritima,accepted | unchecked,wfo-0000212947,Trigonella maritima,Fabaceae,Trigonella,species,TRUE,TRUE,TRUE,single_accepted_id
trigonella spicata,1,1,1,1,1,Trigonella spicata,accepted,wfo-0000185449,Trigonella spicata,Fabaceae,Trigonella,species,TRUE,TRUE,TRUE,single_accepted_id
trigonella stellata,1,1,1,1,1,Trigonella stellata,accepted,wfo-0000212955,Trigonella stellata,Fabaceae,Trigonella,species,TRUE,TRUE,TRUE,single_accepted_id
trigonostemon reidioides,1,1,1,1,1,Trigonostemon reidioides,accepted,wfo-0000328357,Trigonostemon reidioides,Euphorbiaceae,Trigonostemon,species,TRUE,TRUE,TRUE,single_accepted_id
tripterospermum chinense,1,1,1,1,1,Tripterospermum chinense,accepted,wfo-0001063738,Tripterospermum chinense,Gentianaceae,Tripterospermum,species,TRUE,TRUE,TRUE,single_accepted_id
tripterospermum lanceolatum,1,1,1,1,1,Tripterospermum lanceolatum,accepted,wfo-0001063743,Tripterospermum lanceolatum,Gentianaceae,Tripterospermum,species,FALSE,TRUE,TRUE,single_accepted_id
tripterygium wilfordii,1,1,1,1,1,Tripterygium wilfordii,accepted,wfo-0001257492,Tripterygium wilfordii,Celastraceae,Tripterygium,species,TRUE,TRUE,TRUE,single_accepted_id
triticum aestivum subsp. compactum,1,1,1,1,1,Triticum aestivum subsp. compactum,accepted,wfo-0001096302,Triticum aestivum subsp. compactum,Poaceae,Triticum,subspecies,FALSE,FALSE,TRUE,single_accepted_id
trixis vauthieri,1,1,1,1,1,Trixis vauthieri,accepted,wfo-0000133258,Trixis vauthieri,Asteraceae,Trixis,species,TRUE,TRUE,TRUE,single_accepted_id
troglophyton capillaceum subsp. capillaceum,1,1,1,1,1,Troglophyton capillaceum subsp. capillaceum,accepted,wfo-0000102889,Troglophyton capillaceum subsp. capillaceum,Asteraceae,Troglophyton,subspecies,FALSE,FALSE,TRUE,single_accepted_id
tsuga chinensis,1,1,1,1,1,Tsuga chinensis,accepted,wfo-0000456399,Tsuga chinensis,Pinaceae,Tsuga,species,TRUE,TRUE,TRUE,single_accepted_id
tsuga diversifolia,1,1,1,1,1,Tsuga diversifolia,accepted,wfo-0000456388,Tsuga diversifolia,Pinaceae,Tsuga,species,TRUE,TRUE,TRUE,single_accepted_id
turnera diffusa,1,1,1,1,1,Turnera diffusa,accepted,wfo-0001143048,Turnera diffusa,Passifloraceae,Turnera,species,TRUE,TRUE,TRUE,single_accepted_id
typha capensis,1,1,1,1,1,Typha capensis,accepted,wfo-0000594832,Typha capensis,Typhaceae,Typha,species,TRUE,TRUE,TRUE,single_accepted_id
typha latifolia,1,1,1,1,1,Typha latifolia,accepted,wfo-0000595260,Typha latifolia,Typhaceae,Typha,species,TRUE,TRUE,TRUE,single_accepted_id
ulex airensis,1,1,1,1,1,Ulex airensis,synonym,wfo-0001359577,Ulex parviflorus subsp. airensis,Fabaceae,Ulex,subspecies,TRUE,TRUE,FALSE,single_accepted_id
ulex australis subsp. welwitschianus,1,1,1,1,1,Ulex australis subsp. welwitschianus,accepted,wfo-0001366858,Ulex australis subsp. welwitschianus,Fabaceae,Ulex,subspecies,FALSE,FALSE,TRUE,single_accepted_id
ulex gallii,1,1,1,1,1,Ulex gallii,accepted,wfo-0000214035,Ulex gallii,Fabaceae,Ulex,species,FALSE,FALSE,TRUE,single_accepted_id
ulex gallii subsp. gallii,1,1,1,1,1,Ulex gallii subsp. gallii,accepted,wfo-1200096336,Ulex gallii subsp. gallii,Fabaceae,Ulex,subspecies,FALSE,FALSE,TRUE,single_accepted_id
ulex minor,1,1,1,1,1,Ulex minor,accepted,wfo-0000214037,Ulex minor,Fabaceae,Ulex,species,TRUE,TRUE,TRUE,single_accepted_id
ulex parviflorus subsp. airensis,1,1,1,1,1,Ulex parviflorus subsp. airensis,accepted,wfo-0001359577,Ulex parviflorus subsp. airensis,Fabaceae,Ulex,subspecies,FALSE,FALSE,TRUE,single_accepted_id
ulmus davidiana,1,1,1,1,1,Ulmus davidiana,accepted,wfo-0001143139,Ulmus davidiana,Ulmaceae,Ulmus,species,TRUE,TRUE,TRUE,single_accepted_id
ulmus laevis,1,1,1,1,1,Ulmus laevis,accepted,wfo-0000416715,Ulmus laevis,Ulmaceae,Ulmus,species,TRUE,TRUE,TRUE,single_accepted_id
ulmus wallichiana,1,1,1,1,1,Ulmus wallichiana,accepted,wfo-0001284765,Ulmus wallichiana,Ulmaceae,Ulmus,species,TRUE,TRUE,TRUE,single_accepted_id
uncaria elliptica,1,1,1,1,1,Uncaria elliptica,accepted,wfo-0000329223,Uncaria elliptica,Rubiaceae,Uncaria,species,TRUE,TRUE,TRUE,single_accepted_id
uncaria gambir,1,1,1,1,1,Uncaria gambir,accepted,wfo-0000329239,Uncaria gambir,Rubiaceae,Uncaria,species,TRUE,TRUE,TRUE,single_accepted_id
uncaria guianensis,1,1,1,1,1,Uncaria guianensis,accepted,wfo-0000329248,Uncaria guianensis,Rubiaceae,Uncaria,species,TRUE,TRUE,TRUE,single_accepted_id
uncaria hirsuta,1,1,1,1,1,Uncaria hirsuta,accepted,wfo-0000329251,Uncaria hirsuta,Rubiaceae,Uncaria,species,TRUE,TRUE,TRUE,single_accepted_id
uncaria rhynchophylla,1,1,1,1,1,Uncaria rhynchophylla,accepted,wfo-0000329305,Uncaria rhynchophylla,Rubiaceae,Uncaria,species,TRUE,TRUE,TRUE,single_accepted_id
uncaria sinensis,1,1,1,1,1,Uncaria sinensis,accepted,wfo-0000329322,Uncaria sinensis,Rubiaceae,Uncaria,species,TRUE,TRUE,TRUE,single_accepted_id
uncaria tomentosa,1,1,1,1,1,Uncaria tomentosa,accepted,wfo-0000329329,Uncaria tomentosa,Rubiaceae,Uncaria,species,TRUE,TRUE,TRUE,single_accepted_id
ungernia trisphaera,1,1,1,1,1,Ungernia trisphaera,accepted,wfo-0000751145,Ungernia trisphaera,Amaryllidaceae,Ungernia,species,FALSE,FALSE,TRUE,single_accepted_id
uraria crinita,1,1,1,1,1,Uraria crinita,accepted,wfo-0000192244,Uraria crinita,Fabaceae,Uraria,species,FALSE,FALSE,TRUE,single_accepted_id
urceola laevigata,1,1,1,1,1,Urceola laevigata,accepted,wfo-0001425303,Urceola laevigata,Apocynaceae,Urceola,species,TRUE,TRUE,TRUE,single_accepted_id
urceola micrantha,1,1,1,1,1,Urceola micrantha,accepted,wfo-0000330495,Urceola micrantha,Apocynaceae,Urceola,species,TRUE,TRUE,TRUE,single_accepted_id
uvaria,1,1,1,1,1,Uvaria,accepted,wfo-4000039910,Uvaria,Annonaceae,Uvaria,genus,TRUE,TRUE,TRUE,single_accepted_id
uvaria acuminata,1,1,1,1,1,Uvaria acuminata,accepted,wfo-0001065775,Uvaria acuminata,Annonaceae,Uvaria,species,TRUE,TRUE,TRUE,single_accepted_id
uvaria afzelii,1,1,1,1,1,Uvaria afzelii,accepted,wfo-0001066514,Uvaria afzelii,Annonaceae,Uvaria,species,TRUE,TRUE,TRUE,single_accepted_id
uvaria angolensis,1,1,1,1,1,Uvaria angolensis,accepted,wfo-0000415894,Uvaria angolensis,Annonaceae,Uvaria,species,TRUE,TRUE,TRUE,single_accepted_id
uvaria chamae,1,1,1,1,1,Uvaria chamae,accepted,wfo-0000415872,Uvaria chamae,Annonaceae,Uvaria,species,TRUE,TRUE,TRUE,single_accepted_id
uvaria cuneifolia,1,1,1,1,1,Uvaria cuneifolia,accepted,wfo-0000744957,Uvaria cuneifolia,Annonaceae,Uvaria,species,TRUE,TRUE,TRUE,single_accepted_id
uvaria dependens,1,1,1,1,1,Uvaria dependens,accepted,wfo-0001066243,Uvaria dependens,Annonaceae,Uvaria,species,FALSE,FALSE,TRUE,single_accepted_id
uvaria doeringii,1,1,1,1,1,Uvaria doeringii,accepted,wfo-0000415882,Uvaria doeringii,Annonaceae,Uvaria,species,TRUE,TRUE,TRUE,single_accepted_id
uvaria dulcis,1,1,1,1,1,Uvaria dulcis,accepted,wfo-0001066093,Uvaria dulcis,Annonaceae,Uvaria,species,TRUE,TRUE,TRUE,single_accepted_id
uvaria hamiltonii,1,1,1,1,1,Uvaria hamiltonii,accepted,wfo-0001066584,Uvaria hamiltonii,Annonaceae,Uvaria,species,TRUE,TRUE,TRUE,single_accepted_id
uvaria kirkii,1,1,1,1,1,Uvaria kirkii,accepted,wfo-0001066196,Uvaria kirkii,Annonaceae,Uvaria,species,TRUE,TRUE,TRUE,single_accepted_id
uvaria leptocladon,1,1,1,1,1,Uvaria leptocladon,accepted,wfo-0000416348,Uvaria leptocladon,Annonaceae,Uvaria,species,TRUE,TRUE,TRUE,single_accepted_id
uvaria littoralis,1,1,1,1,1,Uvaria littoralis,accepted,wfo-0000416343,Uvaria littoralis,Annonaceae,Uvaria,species,TRUE,TRUE,TRUE,single_accepted_id
uvaria lucida,1,1,1,1,1,Uvaria lucida,accepted,wfo-0001065910,Uvaria lucida,Annonaceae,Uvaria,species,TRUE,TRUE,TRUE,single_accepted_id
uvaria macrophylla,1,1,1,1,1,Uvaria macrophylla,synonym,wfo-0000416343,Uvaria littoralis,Annonaceae,Uvaria,species,TRUE,TRUE,FALSE,single_accepted_id
uvaria mocoli,1,1,1,1,1,Uvaria mocoli,accepted,wfo-0000416421,Uvaria mocoli,Annonaceae,Uvaria,species,TRUE,TRUE,TRUE,single_accepted_id
uvaria puguensis,1,1,1,1,1,Uvaria puguensis,accepted,wfo-0001244885,Uvaria puguensis,Annonaceae,Uvaria,species,TRUE,TRUE,TRUE,single_accepted_id
uvaria scheffleri,1,1,1,1,1,Uvaria scheffleri,accepted,wfo-0001066238,Uvaria scheffleri,Annonaceae,Uvaria,species,TRUE,TRUE,TRUE,single_accepted_id
uvaria siamensis,1,1,1,1,1,Uvaria siamensis,accepted,wfo-0000744968,Uvaria siamensis,Annonaceae,Uvaria,species,FALSE,FALSE,TRUE,single_accepted_id
uvaria tanzaniae,1,1,1,1,1,Uvaria tanzaniae,accepted,wfo-0001066167,Uvaria tanzaniae,Annonaceae,Uvaria,species,TRUE,TRUE,TRUE,single_accepted_id
uvaria welwitschii,1,1,1,1,1,Uvaria welwitschii,accepted,wfo-0000416184,Uvaria welwitschii,Annonaceae,Uvaria,species,TRUE,TRUE,TRUE,single_accepted_id
uvariastrum dependens,1,1,1,1,1,Uvariastrum dependens,synonym,wfo-0001066243,Uvaria dependens,Annonaceae,Uvaria,species,TRUE,TRUE,FALSE,single_accepted_id
vaccinium arboreum,1,1,1,1,1,Vaccinium arboreum,accepted,wfo-0001047661,Vaccinium arboreum,Ericaceae,Vaccinium,species,TRUE,TRUE,TRUE,single_accepted_id
vaccinium corymbosum,1,1,1,1,1,Vaccinium corymbosum,accepted,wfo-0000422953,Vaccinium corymbosum,Ericaceae,Vaccinium,species,TRUE,TRUE,TRUE,single_accepted_id
vaccinium cylindraceum,1,1,1,1,1,Vaccinium cylindraceum,accepted,wfo-0000423051,Vaccinium cylindraceum,Ericaceae,Vaccinium,species,FALSE,FALSE,TRUE,single_accepted_id
vaccinium japonicum,1,1,1,1,1,Vaccinium japonicum,accepted,wfo-0001048558,Vaccinium japonicum,Ericaceae,Vaccinium,species,TRUE,TRUE,TRUE,single_accepted_id
vaccinium macrocarpon,1,1,1,1,1,Vaccinium macrocarpon,accepted,wfo-0000422267,Vaccinium macrocarpon,Ericaceae,Vaccinium,species,TRUE,TRUE,TRUE,single_accepted_id
vaccinium myrtillus,1,1,1,1,1,Vaccinium myrtillus,accepted,wfo-0000422209,Vaccinium myrtillus,Ericaceae,Vaccinium,species,TRUE,TRUE,TRUE,single_accepted_id
vaccinium oxycoccos,1,1,1,1,1,Vaccinium oxycoccos,accepted,wfo-0000421932,Vaccinium oxycoccos,Ericaceae,Vaccinium,species,TRUE,TRUE,TRUE,single_accepted_id
vaccinium reticulatum,1,1,1,1,1,Vaccinium reticulatum,accepted,wfo-0000422034,Vaccinium reticulatum,Ericaceae,Vaccinium,species,TRUE,TRUE,TRUE,single_accepted_id
vaccinium stenophyllum,1,1,1,1,1,Vaccinium stenophyllum,accepted,wfo-0000422502,Vaccinium stenophyllum,Ericaceae,Vaccinium,species,FALSE,FALSE,TRUE,single_accepted_id
vaccinium uliginosum subsp. uliginosum,1,1,1,1,1,Vaccinium uliginosum subsp. uliginosum,accepted,wfo-0001046872,Vaccinium uliginosum subsp. uliginosum,Ericaceae,Vaccinium,subspecies,FALSE,FALSE,TRUE,single_accepted_id
vaccinium virgatum,1,1,1,1,1,Vaccinium virgatum,synonym,wfo-0000422953,Vaccinium corymbosum,Ericaceae,Vaccinium,species,TRUE,TRUE,FALSE,single_accepted_id
vaccinium vitis-idaea,1,1,1,1,1,Vaccinium vitis-idaea,accepted,wfo-0000421966,Vaccinium vitis-idaea,Ericaceae,Vaccinium,species,TRUE,TRUE,TRUE,single_accepted_id
vachellia constricta,1,1,1,1,1,Vachellia constricta,accepted,wfo-0001277423,Vachellia constricta,Fabaceae,Vachellia,species,TRUE,TRUE,TRUE,single_accepted_id
vachellia edgeworthii,1,1,1,1,1,Vachellia edgeworthii,accepted,wfo-0001336842,Vachellia edgeworthii,Fabaceae,Vachellia,species,FALSE,FALSE,TRUE,single_accepted_id
vachellia erioloba,1,1,1,1,1,Vachellia erioloba,accepted,wfo-0001284774,Vachellia erioloba,Fabaceae,Vachellia,species,TRUE,TRUE,TRUE,single_accepted_id
vachellia farnesiana,1,1,1,1,1,Vachellia farnesiana,accepted,wfo-0000182273,Vachellia farnesiana,Fabaceae,Vachellia,species,TRUE,TRUE,TRUE,single_accepted_id
vachellia gerrardii,1,1,1,1,1,Vachellia gerrardii,accepted,wfo-0001284775,Vachellia gerrardii,Fabaceae,Vachellia,species,TRUE,TRUE,TRUE,single_accepted_id
vachellia horrida,1,1,1,1,1,Vachellia horrida,accepted,wfo-0001336851,Vachellia horrida,Fabaceae,Vachellia,species,FALSE,FALSE,TRUE,single_accepted_id
vachellia karroo,1,1,1,1,1,Vachellia karroo,accepted,wfo-0000510579,Vachellia karroo,Fabaceae,Vachellia,species,TRUE,TRUE,TRUE,single_accepted_id
vachellia leucophloea var. leucophloea,1,1,1,1,1,Vachellia leucophloea var. leucophloea,accepted,wfo-0001427508,Vachellia leucophloea var. leucophloea,Fabaceae,Vachellia,variety,FALSE,FALSE,TRUE,single_accepted_id
vachellia luederitzii,1,1,1,1,1,Vachellia luederitzii,accepted,wfo-0001336861,Vachellia luederitzii,Fabaceae,Vachellia,species,TRUE,TRUE,TRUE,single_accepted_id
vachellia nilotica,1,1,1,1,1,Vachellia nilotica,accepted,wfo-0001284776,Vachellia nilotica,Fabaceae,Vachellia,species,TRUE,TRUE,TRUE,single_accepted_id
vachellia pennatula,1,1,1,1,1,Vachellia pennatula,accepted,wfo-0001277447,Vachellia pennatula,Fabaceae,Vachellia,species,TRUE,TRUE,TRUE,single_accepted_id
vachellia seyal,1,1,1,1,1,Vachellia seyal,accepted,wfo-0001284777,Vachellia seyal,Fabaceae,Vachellia,species,TRUE,TRUE,TRUE,single_accepted_id
vachellia sieberiana,1,1,1,1,1,Vachellia sieberiana,accepted,wfo-0001336883,Vachellia sieberiana,Fabaceae,Vachellia,species,FALSE,FALSE,TRUE,single_accepted_id
vachellia tortilis,1,1,1,1,1,Vachellia tortilis,accepted,wfo-0001285358,Vachellia tortilis,Fabaceae,Vachellia,species,TRUE,TRUE,TRUE,single_accepted_id
vachellia vernicosa,1,1,1,1,1,Vachellia vernicosa,accepted,wfo-0001277463,Vachellia vernicosa,Fabaceae,Vachellia,species,TRUE,TRUE,TRUE,single_accepted_id
valeriana officinalis,1,1,1,1,1,Valeriana officinalis,accepted,wfo-0000426953,Valeriana officinalis,Caprifoliaceae,Valeriana,species,TRUE,TRUE,TRUE,single_accepted_id
vanda,1,1,1,1,1,Vanda,accepted,wfo-4000039987,Vanda,Orchidaceae,Vanda,genus,TRUE,TRUE,TRUE,single_accepted_id
vantanea peruviana,1,1,1,1,1,Vantanea peruviana,accepted,wfo-0001065603,Vantanea peruviana,Humiriaceae,Vantanea,species,TRUE,TRUE,TRUE,single_accepted_id
varronia peruviana,1,1,1,1,1,Varronia peruviana,accepted,wfo-0001216026,Varronia peruviana,Cordiaceae,Varronia,species,FALSE,FALSE,TRUE,single_accepted_id
vauquelinia,1,1,1,1,1,Vauquelinia,accepted,wfo-4000040072,Vauquelinia,Rosaceae,Vauquelinia,genus,TRUE,TRUE,TRUE,single_accepted_id
vauquelinia corymbosa,2,2,1,1,1,Vauquelinia corymbosa,accepted | unchecked,wfo-0001015639,Vauquelinia corymbosa,Rosaceae,Vauquelinia,species,TRUE,TRUE,TRUE,single_accepted_id
vellozia coronata,1,1,1,1,1,Vellozia coronata,accepted,wfo-0000751649,Vellozia coronata,Velloziaceae,Vellozia,species,TRUE,TRUE,TRUE,single_accepted_id
vellozia glabra,1,1,1,1,1,Vellozia glabra,accepted,wfo-0000751830,Vellozia glabra,Velloziaceae,Vellozia,species,TRUE,TRUE,TRUE,single_accepted_id
vellozia nanuzae,1,1,1,1,1,Vellozia nanuzae,accepted,wfo-0000751537,Vellozia nanuzae,Velloziaceae,Vellozia,species,TRUE,TRUE,TRUE,single_accepted_id
ventilago leiocarpa,1,1,1,1,1,Ventilago leiocarpa,accepted,wfo-0000418340,Ventilago leiocarpa,Rhamnaceae,Ventilago,species,TRUE,TRUE,TRUE,single_accepted_id
vepris nobilis,1,1,1,1,1,Vepris nobilis,accepted,wfo-0000420153,Vepris nobilis,Rutaceae,Vepris,species,TRUE,TRUE,TRUE,single_accepted_id
vepris uguenensis,1,1,1,1,1,Vepris uguenensis,accepted,wfo-0001133230,Vepris uguenensis,Rutaceae,Vepris,species,TRUE,TRUE,TRUE,single_accepted_id
veratrum taliense,1,1,1,1,1,Veratrum taliense,accepted,wfo-0000751777,Veratrum taliense,Melanthiaceae,Veratrum,species,TRUE,TRUE,TRUE,single_accepted_id
verbascum simplex,1,1,1,1,1,Verbascum simplex,accepted,wfo-0000418920,Verbascum simplex,Scrophulariaceae,Verbascum,species,FALSE,FALSE,TRUE,single_accepted_id
verbena litoralis,1,1,1,1,1,Verbena litoralis,accepted,wfo-0000332038,Verbena litoralis,Verbenaceae,Verbena,species,TRUE,TRUE,TRUE,single_accepted_id
vernonanthura divaricata,1,1,1,1,1,Vernonanthura divaricata,accepted,wfo-0000015796,Vernonanthura divaricata,Asteraceae,Vernonanthura,species,TRUE,TRUE,TRUE,single_accepted_id
vernonanthura nudiflora,1,1,1,1,1,Vernonanthura nudiflora,accepted,wfo-0000134016,Vernonanthura nudiflora,Asteraceae,Vernonanthura,species,FALSE,FALSE,TRUE,single_accepted_id
vernonia syringifolia,1,1,1,1,1,Vernonia syringifolia,accepted,wfo-0000040021,Vernonia syringifolia,Asteraceae,Vernonia,species,TRUE,TRUE,TRUE,single_accepted_id
veronica cupressoides,1,1,1,1,1,Veronica cupressoides,accepted,wfo-0000419532,Veronica cupressoides,Plantaginaceae,Veronica,species,TRUE,TRUE,TRUE,single_accepted_id
viburnum cotinifolium,1,1,1,1,1,Viburnum cotinifolium,accepted,wfo-0001290604,Viburnum cotinifolium,Viburnaceae,Viburnum,species,TRUE,TRUE,TRUE,single_accepted_id
viburnum cylindricum,1,1,1,1,1,Viburnum cylindricum,accepted,wfo-0001290708,Viburnum cylindricum,Viburnaceae,Viburnum,species,TRUE,TRUE,TRUE,single_accepted_id
viburnum davidii,1,1,1,1,1,Viburnum davidii,accepted,wfo-0001291054,Viburnum davidii,Viburnaceae,Viburnum,species,TRUE,TRUE,TRUE,single_accepted_id
viburnum jucundum,1,1,1,1,1,Viburnum jucundum,accepted,wfo-0000421137,Viburnum jucundum,Viburnaceae,Viburnum,species,TRUE,TRUE,TRUE,single_accepted_id
viburnum lantanoides,1,1,1,1,1,Viburnum lantanoides,accepted,wfo-0001290678,Viburnum lantanoides,Viburnaceae,Viburnum,species,TRUE,TRUE,TRUE,single_accepted_id
viburnum opulus,1,1,1,1,1,Viburnum opulus,accepted,wfo-0000422807,Viburnum opulus,Viburnaceae,Viburnum,species,TRUE,TRUE,TRUE,single_accepted_id
viburnum rhytidophyllum,1,1,1,1,1,Viburnum rhytidophyllum,accepted,wfo-0001291022,Viburnum rhytidophyllum,Viburnaceae,Viburnum,species,TRUE,TRUE,TRUE,single_accepted_id
vicia faba,1,1,1,1,1,Vicia faba,accepted,wfo-0000212739,Vicia faba,Fabaceae,Vicia,species,TRUE,TRUE,TRUE,single_accepted_id
vicia lens,1,1,1,1,1,Vicia lens,accepted,wfo-0000212728,Vicia lens,Fabaceae,Vicia,species,FALSE,FALSE,TRUE,single_accepted_id
vigna aconitifolia,1,1,1,1,1,Vigna aconitifolia,accepted,wfo-0000187831,Vigna aconitifolia,Fabaceae,Vigna,species,TRUE,TRUE,TRUE,single_accepted_id
vigna angularis,1,1,1,1,1,Vigna angularis,accepted,wfo-0000187878,Vigna angularis,Fabaceae,Vigna,species,TRUE,TRUE,TRUE,single_accepted_id
vigna mungo,1,1,1,1,1,Vigna mungo,accepted,wfo-0000188854,Vigna mungo,Fabaceae,Vigna,species,TRUE,TRUE,TRUE,single_accepted_id
vigna radiata,1,1,1,1,1,Vigna radiata,accepted,wfo-0000183493,Vigna radiata,Fabaceae,Vigna,species,TRUE,TRUE,TRUE,single_accepted_id
vigna subterranea,1,1,1,1,1,Vigna subterranea,accepted,wfo-0000189255,Vigna subterranea,Fabaceae,Vigna,species,TRUE,TRUE,TRUE,single_accepted_id
vigna trilobata,1,1,1,1,1,Vigna trilobata,accepted,wfo-0000189289,Vigna trilobata,Fabaceae,Vigna,species,TRUE,TRUE,TRUE,single_accepted_id
vigna umbellata,1,1,1,1,1,Vigna umbellata,accepted,wfo-0000189344,Vigna umbellata,Fabaceae,Vigna,species,TRUE,TRUE,TRUE,single_accepted_id
vigna unguiculata,1,1,1,1,1,Vigna unguiculata,accepted,wfo-0000189386,Vigna unguiculata,Fabaceae,Vigna,species,TRUE,TRUE,TRUE,single_accepted_id
viguiera,1,1,1,1,1,Viguiera,accepted,wfo-4000040269,Viguiera,Asteraceae,Viguiera,genus,TRUE,TRUE,TRUE,single_accepted_id
viguiera deltoidea,1,1,1,1,1,Viguiera deltoidea,accepted,wfo-0000034298,Viguiera deltoidea,Asteraceae,Viguiera,species,TRUE,TRUE,TRUE,single_accepted_id
viguiera dentata,1,1,1,1,1,Viguiera dentata,accepted,wfo-0000012918,Viguiera dentata,Asteraceae,Viguiera,species,TRUE,TRUE,TRUE,single_accepted_id
viguiera greggii,1,1,1,1,1,Viguiera greggii,synonym,wfo-0000028519,Calanticaria greggii,Asteraceae,Calanticaria,species,TRUE,TRUE,FALSE,single_accepted_id
viguiera lanata,1,1,1,1,1,Viguiera lanata,accepted,wfo-0000000625,Viguiera lanata,Asteraceae,Viguiera,species,FALSE,FALSE,TRUE,single_accepted_id
viguiera microphylla,2,2,1,1,1,Viguiera microphylla,accepted | unchecked,wfo-0001130768,Viguiera microphylla,Asteraceae,Viguiera,species,TRUE,TRUE,TRUE,single_accepted_id
viguiera quinqueradiata,1,1,1,1,1,Viguiera quinqueradiata,accepted,wfo-0000072831,Viguiera quinqueradiata,Asteraceae,Viguiera,species,FALSE,FALSE,TRUE,single_accepted_id
viola arvensis,1,1,1,1,1,Viola arvensis,accepted,wfo-0000426676,Viola arvensis,Violaceae,Viola,species,TRUE,TRUE,TRUE,single_accepted_id
viola hondoensis,1,1,1,1,1,Viola hondoensis,accepted,wfo-0001144906,Viola hondoensis,Violaceae,Viola,species,TRUE,TRUE,TRUE,single_accepted_id
virgilia,1,1,1,1,1,Virgilia,accepted,wfo-4000040327,Virgilia,Fabaceae,Virgilia,genus,TRUE,TRUE,TRUE,single_accepted_id
virgilia oroboides,1,1,1,1,1,Virgilia oroboides,accepted,wfo-0001056817,Virgilia oroboides,Fabaceae,Virgilia,species,TRUE,TRUE,TRUE,single_accepted_id
virola caducifolia,1,1,1,1,1,Virola caducifolia,accepted,wfo-0001085216,Virola caducifolia,Myristicaceae,Virola,species,TRUE,TRUE,TRUE,single_accepted_id
virola elongata,1,1,1,1,1,Virola elongata,accepted,wfo-0000418544,Virola elongata,Myristicaceae,Virola,species,TRUE,TRUE,TRUE,single_accepted_id
virola surinamensis,1,1,1,1,1,Virola surinamensis,accepted,wfo-0000418479,Virola surinamensis,Myristicaceae,Virola,species,TRUE,TRUE,TRUE,single_accepted_id
viscum album,1,1,1,1,1,Viscum album,accepted,wfo-0000424722,Viscum album,Santalaceae,Viscum,species,TRUE,TRUE,TRUE,single_accepted_id
viscum angulatum,1,1,1,1,1,Viscum angulatum,accepted,wfo-0000424971,Viscum angulatum,Santalaceae,Viscum,species,TRUE,TRUE,TRUE,single_accepted_id
viscum articulatum,1,1,1,1,1,Viscum articulatum,accepted,wfo-0001259594,Viscum articulatum,Santalaceae,Viscum,species,TRUE,TRUE,TRUE,single_accepted_id
viscum coloratum,1,1,1,1,1,Viscum coloratum,accepted,wfo-0000425053,Viscum coloratum,Santalaceae,Viscum,species,TRUE,TRUE,TRUE,single_accepted_id
viscum rotundifolium,1,1,1,1,1,Viscum rotundifolium,accepted,wfo-0000424911,Viscum rotundifolium,Santalaceae,Viscum,species,TRUE,TRUE,TRUE,single_accepted_id
vismia baccifera,1,1,1,1,1,Vismia baccifera,accepted,wfo-0000422382,Vismia baccifera,Hypericaceae,Vismia,species,TRUE,TRUE,TRUE,single_accepted_id
vismia parviflora,1,1,1,1,1,Vismia parviflora,accepted,wfo-0001295804,Vismia parviflora,Hypericaceae,Vismia,species,FALSE,FALSE,TRUE,single_accepted_id
visnea mocanera,1,1,1,1,1,Visnea mocanera,accepted,wfo-0000425406,Visnea mocanera,Pentaphylacaceae,Visnea,species,TRUE,TRUE,TRUE,single_accepted_id
vitellaria paradoxa,1,1,1,1,1,Vitellaria paradoxa,accepted,wfo-0000332885,Vitellaria paradoxa,Sapotaceae,Vitellaria,species,TRUE,TRUE,TRUE,single_accepted_id
vitex agnus-castus,1,1,1,1,1,Vitex agnus-castus,accepted,wfo-0000332916,Vitex agnus-castus,Lamiaceae,Vitex,species,TRUE,TRUE,TRUE,single_accepted_id
vitex negundo,1,1,1,1,1,Vitex negundo,accepted,wfo-0000333303,Vitex negundo,Lamiaceae,Vitex,species,TRUE,TRUE,TRUE,single_accepted_id
vitex polygama,1,1,1,1,1,Vitex polygama,accepted,wfo-0000333372,Vitex polygama,Lamiaceae,Vitex,species,TRUE,TRUE,TRUE,single_accepted_id
vitex quinata,1,1,1,1,1,Vitex quinata,accepted,wfo-0000333392,Vitex quinata,Lamiaceae,Vitex,species,TRUE,TRUE,TRUE,single_accepted_id
vitex rotundifolia,1,1,1,1,1,Vitex rotundifolia,accepted,wfo-0000333413,Vitex rotundifolia,Lamiaceae,Vitex,species,TRUE,TRUE,TRUE,single_accepted_id
vitex trifolia,1,1,1,1,1,Vitex trifolia,accepted,wfo-0000333504,Vitex trifolia,Lamiaceae,Vitex,species,TRUE,TRUE,TRUE,single_accepted_id
vitex tripinnata,1,1,1,1,1,Vitex tripinnata,accepted,wfo-0000333515,Vitex tripinnata,Lamiaceae,Vitex,species,TRUE,TRUE,TRUE,single_accepted_id
vitis,1,1,1,1,1,Vitis,accepted,wfo-4000040377,Vitis,Vitaceae,Vitis,genus,TRUE,TRUE,TRUE,single_accepted_id
vitis aestivalis,1,1,1,1,1,Vitis aestivalis,accepted,wfo-0000421544,Vitis aestivalis,Vitaceae,Vitis,species,TRUE,TRUE,TRUE,single_accepted_id
vitis amurensis,1,1,1,1,1,Vitis amurensis,accepted,wfo-0000421529,Vitis amurensis,Vitaceae,Vitis,species,TRUE,TRUE,TRUE,single_accepted_id
vitis flexuosa var. flexuosa,1,1,1,1,1,Vitis flexuosa var. flexuosa,accepted,wfo-0001145740,Vitis flexuosa var. flexuosa,Vitaceae,Vitis,variety,FALSE,FALSE,TRUE,single_accepted_id
vitis piasezkii,1,1,1,1,1,Vitis piasezkii,accepted,wfo-0001145893,Vitis piasezkii,Vitaceae,Vitis,species,TRUE,TRUE,TRUE,single_accepted_id
vitis saccharifera,1,1,1,1,1,Vitis saccharifera,accepted,wfo-0000424419,Vitis saccharifera,Vitaceae,Vitis,species,TRUE,TRUE,TRUE,single_accepted_id
vitis vinifera,2,2,1,1,1,Vitis vinifera | Vitis vinifera unranked silvestris,accepted | synonym,wfo-0000421791,Vitis vinifera,Vitaceae,Vitis,species,TRUE,TRUE,TRUE,single_accepted_id
vochysia thyrsoidea,1,1,1,1,1,Vochysia thyrsoidea,accepted,wfo-0001257487,Vochysia thyrsoidea,Vochysiaceae,Vochysia,species,TRUE,TRUE,TRUE,single_accepted_id
vriesea recurvata,1,1,1,1,1,Vriesea recurvata,accepted,wfo-0000604493,Vriesea recurvata,Bromeliaceae,Vriesea,species,FALSE,FALSE,TRUE,single_accepted_id
walsura pinnata,1,1,1,1,1,Walsura pinnata,accepted,wfo-0000418031,Walsura pinnata,Meliaceae,Walsura,species,TRUE,TRUE,TRUE,single_accepted_id
waltheria communis,1,1,1,1,1,Waltheria communis,accepted,wfo-0000427342,Waltheria communis,Malvaceae,Waltheria,species,TRUE,TRUE,TRUE,single_accepted_id
waltheria indica,1,1,1,1,1,Waltheria indica,accepted,wfo-0000427365,Waltheria indica,Malvaceae,Waltheria,species,TRUE,TRUE,TRUE,single_accepted_id
wedelia,1,1,1,1,1,Wedelia,accepted,wfo-4000040574,Wedelia,Asteraceae,Wedelia,genus,TRUE,TRUE,TRUE,single_accepted_id
wedelia acapulcensis,1,1,1,1,1,Wedelia acapulcensis,accepted,wfo-0000020537,Wedelia acapulcensis,Asteraceae,Wedelia,species,TRUE,TRUE,TRUE,single_accepted_id
wedelia prostrata,1,1,1,1,1,Wedelia prostrata,accepted,wfo-0000128357,Wedelia prostrata,Asteraceae,Wedelia,species,TRUE,TRUE,TRUE,single_accepted_id
werneria nubigena,1,1,1,1,1,Werneria nubigena,accepted,wfo-0000003642,Werneria nubigena,Asteraceae,Werneria,species,TRUE,TRUE,TRUE,single_accepted_id
wikstroemia glabra,1,1,1,1,1,Wikstroemia glabra,accepted,wfo-0001254584,Wikstroemia glabra,Thymelaeaceae,Wikstroemia,species,TRUE,TRUE,TRUE,single_accepted_id
wikstroemia indica,1,1,1,1,1,Wikstroemia indica,accepted,wfo-0001142540,Wikstroemia indica,Thymelaeaceae,Wikstroemia,species,TRUE,TRUE,TRUE,single_accepted_id
wikstroemia sikokiana,1,1,1,1,1,Wikstroemia sikokiana,accepted,wfo-0001283388,Wikstroemia sikokiana,Thymelaeaceae,Wikstroemia,species,TRUE,TRUE,TRUE,single_accepted_id
wisteria brachybotrys,2,2,1,1,1,Wisteria brachybotrys,accepted | unchecked,wfo-0000185861,Wisteria brachybotrys,Fabaceae,Wisteria,species,TRUE,TRUE,TRUE,single_accepted_id
wisteria floribunda,1,1,1,1,1,Wisteria floribunda,accepted,wfo-0000214069,Wisteria floribunda,Fabaceae,Wisteria,species,TRUE,TRUE,TRUE,single_accepted_id
wisteriopsis reticulata,1,1,1,1,1,Wisteriopsis reticulata,accepted,wfo-0001444210,Wisteriopsis reticulata,Fabaceae,Wisteriopsis,species,FALSE,FALSE,TRUE,single_accepted_id
witsenia maura,1,1,1,1,1,Witsenia maura,accepted,wfo-0000787267,Witsenia maura,Iridaceae,Witsenia,species,TRUE,TRUE,TRUE,single_accepted_id
woodsia scopulina,1,1,1,1,1,Woodsia scopulina,accepted,wfo-0001109466,Woodsia scopulina,Woodsiaceae,Woodsia,species,TRUE,TRUE,TRUE,single_accepted_id
woodwardia orientalis,1,1,1,1,1,Woodwardia orientalis,accepted,wfo-0001107450,Woodwardia orientalis,Blechnaceae,Woodwardia,species,TRUE,TRUE,TRUE,single_accepted_id
wyethia,1,1,1,1,1,Wyethia,accepted,wfo-4000040855,Wyethia,Asteraceae,Wyethia,genus,TRUE,TRUE,TRUE,single_accepted_id
wyethia angustifolia,1,1,1,1,1,Wyethia angustifolia,accepted,wfo-0000078294,Wyethia angustifolia,Asteraceae,Wyethia,species,TRUE,TRUE,TRUE,single_accepted_id
wyethia elata,1,1,1,1,1,Wyethia elata,synonym,wfo-0000116271,Agnorhiza elata,Asteraceae,Agnorhiza,species,TRUE,TRUE,FALSE,single_accepted_id
wyethia helenioides,1,1,1,1,1,Wyethia helenioides,accepted,wfo-0000073335,Wyethia helenioides,Asteraceae,Wyethia,species,TRUE,TRUE,TRUE,single_accepted_id
wyethia mollis,1,1,1,1,1,Wyethia mollis,accepted,wfo-0000073168,Wyethia mollis,Asteraceae,Wyethia,species,TRUE,TRUE,TRUE,single_accepted_id
wyethia ovata,2,2,1,1,1,Wyethia ovata,accepted | unchecked,wfo-0000012463,Wyethia ovata,Asteraceae,Wyethia,species,TRUE,TRUE,TRUE,single_accepted_id
xanthoceras sorbifolium,1,1,1,1,1,Xanthoceras sorbifolium,accepted,wfo-0001135169,Xanthoceras sorbifolium,Sapindaceae,Xanthoceras,species,TRUE,TRUE,TRUE,single_accepted_id
xanthocercis zambesiaca,1,1,1,1,1,Xanthocercis zambesiaca,accepted,wfo-0000212102,Xanthocercis zambesiaca,Fabaceae,Xanthocercis,species,TRUE,TRUE,TRUE,single_accepted_id
xanthorrhoea arborea,1,1,1,1,1,Xanthorrhoea arborea,accepted,wfo-0000753904,Xanthorrhoea arborea,Asphodelaceae,Xanthorrhoea,species,TRUE,TRUE,TRUE,single_accepted_id
xanthorrhoea australis,1,1,1,1,1,Xanthorrhoea australis,accepted,wfo-0000753903,Xanthorrhoea australis,Asphodelaceae,Xanthorrhoea,species,TRUE,TRUE,TRUE,single_accepted_id
xanthorrhoea fulva,1,1,1,1,1,Xanthorrhoea fulva,accepted,wfo-0000751969,Xanthorrhoea fulva,Asphodelaceae,Xanthorrhoea,species,TRUE,TRUE,TRUE,single_accepted_id
xanthorrhoea glauca,1,1,1,1,1,Xanthorrhoea glauca,accepted,wfo-0000751949,Xanthorrhoea glauca,Asphodelaceae,Xanthorrhoea,species,TRUE,TRUE,TRUE,single_accepted_id
xanthorrhoea johnsonii,1,1,1,1,1,Xanthorrhoea johnsonii,accepted,wfo-0000751962,Xanthorrhoea johnsonii,Asphodelaceae,Xanthorrhoea,species,TRUE,TRUE,TRUE,single_accepted_id
xanthorrhoea latifolia,1,1,1,1,1,Xanthorrhoea latifolia,accepted,wfo-0000751970,Xanthorrhoea latifolia,Asphodelaceae,Xanthorrhoea,species,TRUE,TRUE,TRUE,single_accepted_id
xanthorrhoea resinosa,1,1,1,1,1,Xanthorrhoea resinosa,accepted,wfo-0000753886,Xanthorrhoea resinosa,Asphodelaceae,Xanthorrhoea,species,TRUE,TRUE,TRUE,single_accepted_id
xerochrysum bracteatum,1,1,1,1,1,Xerochrysum bracteatum,accepted,wfo-0000023054,Xerochrysum bracteatum,Asteraceae,Xerochrysum,species,TRUE,TRUE,TRUE,single_accepted_id
xerochrysum subundulatum,1,1,1,1,1,Xerochrysum subundulatum,accepted,wfo-0000130376,Xerochrysum subundulatum,Asteraceae,Xerochrysum,species,FALSE,FALSE,TRUE,single_accepted_id
xerochrysum viscosum,1,1,1,1,1,Xerochrysum viscosum,accepted,wfo-0000138174,Xerochrysum viscosum,Asteraceae,Xerochrysum,species,TRUE,TRUE,TRUE,single_accepted_id
xylocarpus granatum,1,1,1,1,1,Xylocarpus granatum,accepted,wfo-0000428249,Xylocarpus granatum,Meliaceae,Xylocarpus,species,TRUE,TRUE,TRUE,single_accepted_id
xylopia cuspidata,1,1,1,1,1,Xylopia cuspidata,accepted,wfo-0001065746,Xylopia cuspidata,Annonaceae,Xylopia,species,FALSE,FALSE,TRUE,single_accepted_id
xylopia vielana,1,1,1,1,1,Xylopia vielana,accepted,wfo-0000428653,Xylopia vielana,Annonaceae,Xylopia,species,TRUE,TRUE,TRUE,single_accepted_id
yucca schidigera,1,1,1,1,1,Yucca schidigera,accepted,wfo-0000771250,Yucca schidigera,Asparagaceae,Yucca,species,TRUE,TRUE,TRUE,single_accepted_id
zanthoxylum ailanthoides,1,1,1,1,1,Zanthoxylum ailanthoides,accepted,wfo-0001133276,Zanthoxylum ailanthoides,Rutaceae,Zanthoxylum,species,TRUE,TRUE,TRUE,single_accepted_id
zanthoxylum americanum,1,1,1,1,1,Zanthoxylum americanum,accepted,wfo-0001132898,Zanthoxylum americanum,Rutaceae,Zanthoxylum,species,FALSE,FALSE,TRUE,single_accepted_id
zanthoxylum asiaticum,1,1,1,1,1,Zanthoxylum asiaticum,accepted,wfo-1000008156,Zanthoxylum asiaticum,Rutaceae,Zanthoxylum,species,FALSE,FALSE,TRUE,single_accepted_id
zanthoxylum avicennae,1,1,1,1,1,Zanthoxylum avicennae,accepted,wfo-0001228466,Zanthoxylum avicennae,Rutaceae,Zanthoxylum,species,TRUE,TRUE,TRUE,single_accepted_id
zanthoxylum beecheyanum,1,1,1,1,1,Zanthoxylum beecheyanum,accepted,wfo-0000430342,Zanthoxylum beecheyanum,Rutaceae,Zanthoxylum,species,FALSE,FALSE,TRUE,single_accepted_id
zanthoxylum bungeanum,1,1,1,1,1,Zanthoxylum bungeanum,accepted,wfo-0000429522,Zanthoxylum bungeanum,Rutaceae,Zanthoxylum,species,TRUE,TRUE,TRUE,single_accepted_id
zanthoxylum dipetalum,1,1,1,1,1,Zanthoxylum dipetalum,accepted,wfo-0001132902,Zanthoxylum dipetalum,Rutaceae,Zanthoxylum,species,TRUE,TRUE,TRUE,single_accepted_id
zanthoxylum fagara,1,1,1,1,1,Zanthoxylum fagara,accepted,wfo-0000429502,Zanthoxylum fagara,Rutaceae,Zanthoxylum,species,TRUE,TRUE,TRUE,single_accepted_id
zanthoxylum fauriei,1,1,1,1,1,Zanthoxylum fauriei,accepted,wfo-0000429504,Zanthoxylum fauriei,Rutaceae,Zanthoxylum,species,TRUE,TRUE,TRUE,single_accepted_id
zanthoxylum gilletii,1,1,1,1,1,Zanthoxylum gilletii,accepted,wfo-0000429498,Zanthoxylum gilletii,Rutaceae,Zanthoxylum,species,TRUE,TRUE,TRUE,single_accepted_id
zanthoxylum leprieurii,1,1,1,1,1,Zanthoxylum leprieurii,accepted,wfo-0000429563,Zanthoxylum leprieurii,Rutaceae,Zanthoxylum,species,TRUE,TRUE,TRUE,single_accepted_id
zanthoxylum rhoifolium,1,1,1,1,1,Zanthoxylum rhoifolium,accepted,wfo-0000429355,Zanthoxylum rhoifolium,Rutaceae,Zanthoxylum,species,TRUE,TRUE,TRUE,single_accepted_id
zanthoxylum rigidum,1,1,1,1,1,Zanthoxylum rigidum,accepted,wfo-0001133118,Zanthoxylum rigidum,Rutaceae,Zanthoxylum,species,TRUE,TRUE,TRUE,single_accepted_id
zanthoxylum scandens,1,1,1,1,1,Zanthoxylum scandens,accepted,wfo-0001132690,Zanthoxylum scandens,Rutaceae,Zanthoxylum,species,TRUE,TRUE,TRUE,single_accepted_id
zanthoxylum sprucei,1,1,1,1,1,Zanthoxylum sprucei,accepted,wfo-0001132923,Zanthoxylum sprucei,Rutaceae,Zanthoxylum,species,TRUE,TRUE,TRUE,single_accepted_id
zanthoxylum tingoassuiba,1,1,1,1,1,Zanthoxylum tingoassuiba,accepted,wfo-0001132752,Zanthoxylum tingoassuiba,Rutaceae,Zanthoxylum,species,FALSE,FALSE,TRUE,single_accepted_id
zanthoxylum zanthoxyloides,1,1,1,1,1,Zanthoxylum zanthoxyloides,accepted,wfo-0000429422,Zanthoxylum zanthoxyloides,Rutaceae,Zanthoxylum,species,TRUE,TRUE,TRUE,single_accepted_id
zea mays,1,1,1,1,1,Zea mays,accepted,wfo-0000907754,Zea mays,Poaceae,Zea,species,TRUE,TRUE,TRUE,single_accepted_id
zephyranthes flava,2,2,1,1,1,Zephyranthes flava,synonym,wfo-0000727083,Pyrolirion flavum,Amaryllidaceae,Pyrolirion,species,TRUE,TRUE,FALSE,single_accepted_id
zingiber,1,1,1,1,1,Zingiber,accepted,wfo-4000041232,Zingiber,Zingiberaceae,Zingiber,genus,TRUE,TRUE,TRUE,single_accepted_id
zinnia angustifolia,1,1,1,1,1,Zinnia angustifolia,accepted,wfo-0000070874,Zinnia angustifolia,Asteraceae,Zinnia,species,TRUE,TRUE,TRUE,single_accepted_id
zinnia violacea,1,1,1,1,1,Zinnia violacea,accepted,wfo-0000131085,Zinnia violacea,Asteraceae,Zinnia,species,TRUE,TRUE,TRUE,single_accepted_id
zizania latifolia,2,2,1,1,1,Zizania latifolia,accepted | unchecked,wfo-0000908012,Zizania latifolia,Poaceae,Zizania,species,TRUE,TRUE,TRUE,single_accepted_id
ziziphus jujuba,1,1,1,1,1,Ziziphus jujuba,accepted,wfo-0000430303,Ziziphus jujuba,Rhamnaceae,Ziziphus,species,TRUE,TRUE,TRUE,single_accepted_id
ziziphus mauritiana,1,1,1,1,1,Ziziphus mauritiana,accepted,wfo-0000430322,Ziziphus mauritiana,Rhamnaceae,Ziziphus,species,TRUE,TRUE,TRUE,single_accepted_id
zollernia paraensis,1,1,1,1,1,Zollernia paraensis,accepted,wfo-0000168624,Zollernia paraensis,Fabaceae,Zollernia,species,TRUE,TRUE,TRUE,single_accepted_id
zornia diphylla,1,1,1,1,1,Zornia diphylla,accepted,wfo-0000204275,Zornia diphylla,Fabaceae,Zornia,species,FALSE,FALSE,TRUE,single_accepted_id
zuccagnia punctata,1,1,1,1,1,Zuccagnia punctata,accepted,wfo-0000174380,Zuccagnia punctata,Fabaceae,Zuccagnia,species,TRUE,TRUE,TRUE,single_accepted_id
