original_name,exact_name_norm,key,n_exact_wfo_rows,n_exact_taxon_ids,n_exact_accepted_ids,n_exact_accepted_names,n_exact_accepted_families,exact_wfo_names,exact_accepted_ids,exact_accepted_names,exact_accepted_families,n_key_wfo_rows,n_key_taxon_ids,n_key_accepted_ids,n_key_accepted_names,n_key_accepted_families,key_wfo_names,key_accepted_ids,key_accepted_names,key_accepted_families,proposed_resolution_status,recommended_match_level
Flemingia macrophylla ex,flemingia macrophylla ex,flemingia macrophylla,0,0,0,0,0,,,,,3,3,3,3,1,Flemingia macrophylla,wfo-0000194834 | wfo-0000194840 | wfo-0000691302,Flemingia javanica | Flemingia macrophylla | Flemingia prostrata,Fabaceae,canonical_conflict,manual_review
Hyacinthoides non-scripta ex,hyacinthoides non-scripta ex,hyacinthoides,0,0,0,0,0,,,,,5,5,3,3,1,Hyacinthoides | Hyacinthoides non-scripta | Hyacinthoides non-scripta subsp. hispanica | Hyacinthoides non-scripta var. cernua,wfo-0000664208 | wfo-0000664295 | wfo-4000018462,Hyacinthoides | Hyacinthoides hispanica | Hyacinthoides non-scripta,Asparagaceae,canonical_conflict,manual_review
Parkia biglobosa ex,parkia biglobosa ex,parkia biglobosa,0,0,0,0,0,,,,,2,2,2,2,1,Parkia biglobosa,wfo-0000178891 | wfo-0000179230,Parkia biglobosa | Parkia timoriana,Fabaceae,canonical_conflict,manual_review
Sophora mollis ex,sophora mollis ex,sophora mollis,0,0,0,0,0,,,,,2,2,2,2,1,Sophora mollis,wfo-0000185553 | wfo-0001448821,Sophora mollis | Sophora velutina subsp. velutina,Fabaceae,canonical_conflict,manual_review
Neoraputia alba ex,neoraputia alba ex,neoraputia alba,0,0,0,0,0,,,,,2,2,2,1,1,Neoraputia alba,wfo-0001276752 | wfo-1000080575,Neoraputia alba,Rutaceae,canonical_consensus_multiple_ids,canonical
Anemopaegma arvense ex,anemopaegma arvense ex,anemopaegma arvense,0,0,0,0,0,,,,,1,1,1,1,1,Anemopaegma arvense,wfo-0000780963,Anemopaegma arvense,Bignoniaceae,canonical_unique,canonical
Bulbophyllum odoratissimum ex,bulbophyllum odoratissimum ex,bulbophyllum odoratissimum,0,0,0,0,0,,,,,2,2,1,1,1,Bulbophyllum odoratissimum,wfo-0000568969,Bulbophyllum odoratissimum,Orchidaceae,canonical_unique,canonical
Cercidiphyllum japonicum bis,cercidiphyllum japonicum bis,cercidiphyllum japonicum,0,0,0,0,0,,,,,2,2,1,1,1,Cercidiphyllum japonicum,wfo-0000834990,Cercidiphyllum japonicum,Cercidiphyllaceae,canonical_unique,canonical
Chaenomeles japonica ex,chaenomeles japonica ex,chaenomeles japonica,0,0,0,0,0,,,,,2,2,1,1,1,Chaenomeles japonica,wfo-0001003367,Chaenomeles japonica,Rosaceae,canonical_unique,canonical
Citrus aurantium,citrus aurantium,citrus aurantium,0,0,0,0,0,,,,,25,25,1,1,1,Citrus aurantium subf. ampullacea | Citrus aurantium subf. anonyma | Citrus aurantium subf. asahikan | Citrus aurantium subf. banyu | Citrus aurantium subf. benikawa | Citrus aurantium subf. canaliculata | Citrus aurantium subf. cyathifera | Citrus aurantium subf. dulcis | Citrus aurantium subf. glaberrima | Citrus aurantium subf. hakunikuyu | Citrus aurantium subf. iyo | Citrus aurantium subf. jiyu | Citrus aurantium subf. medioglobosa | Citrus aurantium subf. mitsuyu | Citrus aurantium subf. omikanto | Citrus aurantium subf. pseudogulgul | Citrus aurantium subf. sekitoyu | Citrus aurantium subf. sinensis | Citrus aurantium subf. sinograndis | Citrus aurantium subf. soyu | Citrus aurantium subf. sulcata | Citrus aurantium subf. tengu | Citrus aurantium subf. tosa-asahi | Citrus aurantium subf. truncata | Citrus aurantium subf. yuge-hyokan,wfo-1200112333,Citrus × aurantium nothof. aurantium,Rutaceae,canonical_unique,canonical
Cratoxylum formosum ex,cratoxylum formosum ex,cratoxylum formosum,0,0,0,0,0,,,,,1,1,1,1,1,Cratoxylum formosum,wfo-0000625758,Cratoxylum formosum,Hypericaceae,canonical_unique,canonical
Cyclosorus acuminatus ex,cyclosorus acuminatus ex,cyclosorus acuminatus,0,0,0,0,0,,,,,2,2,1,1,1,Cyclosorus acuminatus,wfo-0001125964,Christella acuminata,Thelypteridaceae,canonical_unique,canonical
Dalbergia nigra ex,dalbergia nigra ex,dalbergia nigra,0,0,0,0,0,,,,,1,1,1,1,1,Dalbergia nigra,wfo-0000170463,Dalbergia nigra,Fabaceae,canonical_unique,canonical
Dennstaedtia zeylanica ex,dennstaedtia zeylanica ex,dennstaedtia zeylanica,0,0,0,0,0,,,,,1,1,1,1,1,Dennstaedtia zeylanica,wfo-1000044503,Sitobolium zeylanicum,Dennstaedtiaceae,canonical_unique,canonical
Friesodielsia enghiana ex,friesodielsia enghiana ex,friesodielsia enghiana,0,0,0,0,0,,,,,1,1,1,1,1,Friesodielsia enghiana,wfo-0001421793,Monanthotaxis enghiana,Annonaceae,canonical_unique,canonical
Garcinia xanthochymus ex,garcinia xanthochymus ex,garcinia xanthochymus,0,0,0,0,0,,,,,1,1,1,1,1,Garcinia xanthochymus,wfo-0000694747,Garcinia xanthochymus,Clusiaceae,canonical_unique,canonical
Holarrhena pubescens ex,holarrhena pubescens ex,holarrhena pubescens,0,0,0,0,0,,,,,1,1,1,1,1,Holarrhena pubescens,wfo-0000982782,Holarrhena pubescens,Apocynaceae,canonical_unique,canonical
Iris germanica,iris germanica,iris germanica,0,0,0,0,0,,,,,1,1,1,1,1,Iris germanica unranked variegata,wfo-0000783371,Iris × germanica,Iridaceae,canonical_unique,canonical
Lonchocarpus sericeus ex,lonchocarpus sericeus ex,lonchocarpus sericeus,0,0,0,0,0,,,,,1,1,1,1,1,Lonchocarpus sericeus,wfo-0000183559,Lonchocarpus sericeus,Fabaceae,canonical_unique,canonical
Lysimachia hillebrandii ex,lysimachia hillebrandii ex,lysimachia hillebrandii,0,0,0,0,0,,,,,1,1,1,1,1,Lysimachia hillebrandii,wfo-0001105366,Lysimachia hillebrandii,Primulaceae,canonical_unique,canonical
Maclura tinctoria ex,maclura tinctoria ex,maclura tinctoria,0,0,0,0,0,,,,,2,2,1,1,1,Maclura tinctoria,wfo-0000447821,Maclura tinctoria,Moraceae,canonical_unique,canonical
Micromeria graeca ex,micromeria graeca ex,micromeria graeca,0,0,0,0,0,,,,,2,2,1,1,1,Micromeria graeca,wfo-0000243277,Micromeria graeca,Lamiaceae,canonical_unique,canonical
Mundulea chapelieri ex,mundulea chapelieri ex,mundulea chapelieri,0,0,0,0,0,,,,,2,2,1,1,1,Mundulea chapelieri,wfo-0000196351,Mundulea chapelieri,Fabaceae,canonical_unique,canonical
Mussaenda hirsutissima ex,mussaenda hirsutissima ex,mussaenda hirsutissima,0,0,0,0,0,,,,,1,1,1,1,1,Mussaenda hirsutissima,wfo-0000246592,Mussaenda hirsutissima,Rubiaceae,canonical_unique,canonical
Peltophorum pterocarpum ex,peltophorum pterocarpum ex,peltophorum pterocarpum,0,0,0,0,0,,,,,1,1,1,1,1,Peltophorum pterocarpum,wfo-0000178769,Peltophorum pterocarpum,Fabaceae,canonical_unique,canonical
Prunus yedoensis,prunus yedoensis,prunus yedoensis,0,0,0,0,0,,,,,1,1,1,1,1,Prunus yedoensis unranked pendula,wfo-0000983576,Prunus × yedoensis,Rosaceae,canonical_unique,canonical
Pueraria peduncularis ex,pueraria peduncularis ex,pueraria peduncularis,0,0,0,0,0,,,,,1,1,1,1,1,Pueraria peduncularis,wfo-0001342972,Toxicopueraria peduncularis,Fabaceae,canonical_unique,canonical
Sophora secundiflora ex,sophora secundiflora ex,sophora secundiflora,0,0,0,0,0,,,,,1,1,1,1,1,Sophora secundiflora,wfo-0001042783,Dermatophyllum secundiflorum,Fabaceae,canonical_unique,canonical
Tabebuia aurea ex,tabebuia aurea ex,tabebuia aurea,0,0,0,0,0,,,,,1,1,1,1,1,Tabebuia aurea,wfo-0000780159,Tabebuia aurea,Bignoniaceae,canonical_unique,canonical
Taxus mairei ex,taxus mairei ex,taxus mairei,0,0,0,0,0,,,,,1,1,1,1,1,Taxus mairei,wfo-0000459404,Taxus mairei,Taxaceae,canonical_unique,canonical
Tripterospermum lanceolatum ex,tripterospermum lanceolatum ex,tripterospermum lanceolatum,0,0,0,0,0,,,,,1,1,1,1,1,Tripterospermum lanceolatum,wfo-0001063743,Tripterospermum lanceolatum,Gentianaceae,canonical_unique,canonical
Uncaria rhynchophylla ex,uncaria rhynchophylla ex,uncaria rhynchophylla,0,0,0,0,0,,,,,1,1,1,1,1,Uncaria rhynchophylla,wfo-0000329305,Uncaria rhynchophylla,Rubiaceae,canonical_unique,canonical
Acacia adunca,acacia adunca,acacia adunca,2,2,2,2,1,Acacia adunca,wfo-0001053987 | wfo-1200001737,Acacia adunca | Acacia linearifolia,Fabaceae,2,2,2,2,1,Acacia adunca,wfo-0001053987 | wfo-1200001737,Acacia adunca | Acacia linearifolia,Fabaceae,exact_conflict,manual_review
Acacia anceps,acacia anceps,acacia anceps,2,2,2,2,1,Acacia anceps,wfo-0000185282 | wfo-0000201116,Acacia anceps | Acacia complanata,Fabaceae,2,2,2,2,1,Acacia anceps,wfo-0000185282 | wfo-0000201116,Acacia anceps | Acacia complanata,Fabaceae,exact_conflict,manual_review
Acacia binervata,acacia binervata,acacia binervata,2,2,2,2,1,Acacia binervata,wfo-0000185290 | wfo-0000185333,Acacia binervata | Acacia verniciflua,Fabaceae,2,2,2,2,1,Acacia binervata,wfo-0000185290 | wfo-0000185333,Acacia binervata | Acacia verniciflua,Fabaceae,exact_conflict,manual_review
Acacia calamifolia,acacia calamifolia,acacia calamifolia,4,4,2,2,1,Acacia calamifolia,wfo-0000185297 | wfo-0000201411,Acacia calamifolia | Acacia quadrilateralis,Fabaceae,4,4,2,2,1,Acacia calamifolia,wfo-0000185297 | wfo-0000201411,Acacia calamifolia | Acacia quadrilateralis,Fabaceae,exact_conflict,manual_review
Acacia catechu,acacia catechu,acacia catechu,3,3,3,3,1,Acacia catechu,wfo-0001284769 | wfo-0001335075 | wfo-0001427394,Senegalia catechu | Senegalia chundra | Senegalia polyacantha subsp. polyacantha,Fabaceae,3,3,3,3,1,Acacia catechu,wfo-0001284769 | wfo-0001335075 | wfo-0001427394,Senegalia catechu | Senegalia chundra | Senegalia polyacantha subsp. polyacantha,Fabaceae,exact_conflict,manual_review
Acacia dealbata,acacia dealbata,acacia dealbata,2,2,2,2,1,Acacia dealbata,wfo-0000192338 | wfo-0000201295,Acacia dealbata | Acacia leucolobia,Fabaceae,2,2,2,2,1,Acacia dealbata,wfo-0000192338 | wfo-0000201295,Acacia dealbata | Acacia leucolobia,Fabaceae,exact_conflict,manual_review
Acacia doratoxylon,acacia doratoxylon,acacia doratoxylon,2,2,2,2,1,Acacia doratoxylon,wfo-0000185281 | wfo-0000192748,Acacia acuminata | Acacia doratoxylon,Fabaceae,2,2,2,2,1,Acacia doratoxylon,wfo-0000185281 | wfo-0000192748,Acacia acuminata | Acacia doratoxylon,Fabaceae,exact_conflict,manual_review
Acacia elata,acacia elata,acacia elata,3,3,2,2,1,Acacia elata,wfo-0000186098 | wfo-0000193822,Acacia elata | Albizia procera,Fabaceae,3,3,2,2,1,Acacia elata,wfo-0000186098 | wfo-0000193822,Acacia elata | Albizia procera,Fabaceae,exact_conflict,manual_review
Acacia erioloba,acacia erioloba,acacia erioloba,2,2,2,2,1,Acacia erioloba,wfo-0001284774 | wfo-0001336842,Vachellia edgeworthii | Vachellia erioloba,Fabaceae,2,2,2,2,1,Acacia erioloba,wfo-0001284774 | wfo-0001336842,Vachellia edgeworthii | Vachellia erioloba,Fabaceae,exact_conflict,manual_review
Acacia horrida,acacia horrida,acacia horrida,2,2,2,2,1,Acacia horrida,wfo-0001335076 | wfo-0001336851,Senegalia pennata | Vachellia horrida,Fabaceae,2,2,2,2,1,Acacia horrida,wfo-0001335076 | wfo-0001336851,Senegalia pennata | Vachellia horrida,Fabaceae,exact_conflict,manual_review
Acacia latifolia,acacia latifolia,acacia latifolia,2,2,2,2,1,Acacia latifolia,wfo-0000185313 | wfo-0000204086,Acacia latifolia | Acacia melanoxylon,Fabaceae,2,2,2,2,1,Acacia latifolia,wfo-0000185313 | wfo-0000204086,Acacia latifolia | Acacia melanoxylon,Fabaceae,exact_conflict,manual_review
Acacia longifolia,acacia longifolia,acacia longifolia,2,2,2,2,1,Acacia longifolia,wfo-0000192739 | wfo-0000210768,Acacia dentifera | Acacia longifolia,Fabaceae,2,2,2,2,1,Acacia longifolia,wfo-0000192739 | wfo-0000210768,Acacia dentifera | Acacia longifolia,Fabaceae,exact_conflict,manual_review
Acacia sieberiana,acacia sieberiana,acacia sieberiana,3,3,3,3,1,Acacia sieberiana,wfo-0000186862 | wfo-0000201188 | wfo-0001336883,Acacia hamiltoniana | Acacia terminalis | Vachellia sieberiana,Fabaceae,3,3,3,3,1,Acacia sieberiana,wfo-0000186862 | wfo-0000201188 | wfo-0001336883,Acacia hamiltoniana | Acacia terminalis | Vachellia sieberiana,Fabaceae,exact_conflict,manual_review
Acaena pinnatifida,acaena pinnatifida,acaena pinnatifida,4,4,3,3,1,Acaena pinnatifida,wfo-0000985224 | wfo-0000985858 | wfo-0001005319,Acaena pinnatifida | Acaena sericea | Acaena trifida,Rosaceae,4,4,3,3,1,Acaena pinnatifida,wfo-0000985224 | wfo-0000985858 | wfo-0001005319,Acaena pinnatifida | Acaena sericea | Acaena trifida,Rosaceae,exact_conflict,manual_review
Acalypha hispida,acalypha hispida,acalypha hispida,4,4,3,3,1,Acalypha hispida,wfo-0000219111 | wfo-0000950668 | wfo-0000960215,Acalypha hispida | Acalypha lanceolata var. lanceolata | Acalypha poiretii,Euphorbiaceae,4,4,3,3,1,Acalypha hispida,wfo-0000219111 | wfo-0000950668 | wfo-0000960215,Acalypha hispida | Acalypha lanceolata var. lanceolata | Acalypha poiretii,Euphorbiaceae,exact_conflict,manual_review
Actaea racemosa,actaea racemosa,actaea racemosa,2,2,2,2,1,Actaea racemosa,wfo-0000455167 | wfo-0000519114,Actaea racemosa | Trautvetteria palmata,Ranunculaceae,2,2,2,2,1,Actaea racemosa,wfo-0000455167 | wfo-0000519114,Actaea racemosa | Trautvetteria palmata,Ranunculaceae,exact_conflict,manual_review
Afzelia bella,afzelia bella,afzelia bella,2,2,2,2,1,Afzelia bella,wfo-0000211757 | wfo-0000211767,Afzelia bella | Afzelia bipindensis,Fabaceae,2,2,2,2,1,Afzelia bella,wfo-0000211757 | wfo-0000211767,Afzelia bella | Afzelia bipindensis,Fabaceae,exact_conflict,manual_review
Ageratum corymbosum,ageratum corymbosum,ageratum corymbosum,4,4,2,2,1,Ageratum corymbosum,wfo-0000034390 | wfo-0000056662,Ageratum corymbosum | Stylotrichium corymbosum,Asteraceae,4,4,2,2,1,Ageratum corymbosum,wfo-0000034390 | wfo-0000056662,Ageratum corymbosum | Stylotrichium corymbosum,Asteraceae,exact_conflict,manual_review
Aglaia edulis,aglaia edulis,aglaia edulis,3,3,3,3,1,Aglaia edulis,wfo-0000524041 | wfo-0000524337 | wfo-0000524339,Aglaia edulis | Aglaia saltatorum | Aglaia samoensis,Meliaceae,3,3,3,3,1,Aglaia edulis,wfo-0000524041 | wfo-0000524337 | wfo-0000524339,Aglaia edulis | Aglaia saltatorum | Aglaia samoensis,Meliaceae,exact_conflict,manual_review
Albizia julibrissin,albizia julibrissin,albizia julibrissin,2,2,2,2,1,Albizia julibrissin,wfo-0000173835 | wfo-0000199752,Albizia julibrissin | Albizia lebbekoides,Fabaceae,2,2,2,2,1,Albizia julibrissin,wfo-0000173835 | wfo-0000199752,Albizia julibrissin | Albizia lebbekoides,Fabaceae,exact_conflict,manual_review
Alchemilla speciosa,alchemilla speciosa,alchemilla speciosa,3,3,2,2,1,Alchemilla speciosa,wfo-0001002002 | wfo-0001014989,Alchemilla malyi | Alchemilla speciosa,Rosaceae,3,3,2,2,1,Alchemilla speciosa,wfo-0001002002 | wfo-0001014989,Alchemilla malyi | Alchemilla speciosa,Rosaceae,exact_conflict,manual_review
Allium atroviolaceum,allium atroviolaceum,allium atroviolaceum,2,2,2,2,1,Allium atroviolaceum,wfo-0000755727 | wfo-0000757393,Allium atroviolaceum | Allium sphaerocephalon,Amaryllidaceae,2,2,2,2,1,Allium atroviolaceum,wfo-0000755727 | wfo-0000757393,Allium atroviolaceum | Allium sphaerocephalon,Amaryllidaceae,exact_conflict,manual_review
Allium chinense,allium chinense,allium chinense,2,2,2,2,1,Allium chinense,wfo-0000755945 | wfo-0000757641,Allium chinense | Allium tuberosum,Amaryllidaceae,2,2,2,2,1,Allium chinense,wfo-0000755945 | wfo-0000757641,Allium chinense | Allium tuberosum,Amaryllidaceae,exact_conflict,manual_review
Alphitonia excelsa,alphitonia excelsa,alphitonia excelsa,3,3,2,2,1,Alphitonia excelsa,wfo-0000527304 | wfo-0000527309,Alphitonia excelsa | Alphitonia incana,Rhamnaceae,3,3,2,2,1,Alphitonia excelsa,wfo-0000527304 | wfo-0000527309,Alphitonia excelsa | Alphitonia incana,Rhamnaceae,exact_conflict,manual_review
Alpinia nutans,alpinia nutans,alpinia nutans,2,2,2,2,1,Alpinia nutans,wfo-0000338646 | wfo-0000338652,Alpinia nutans | Alpinia oceanica,Zingiberaceae,2,2,2,2,1,Alpinia nutans,wfo-0000338646 | wfo-0000338652,Alpinia nutans | Alpinia oceanica,Zingiberaceae,exact_conflict,manual_review
Ambrosia artemisioides,ambrosia artemisioides,ambrosia artemisioides,2,2,2,2,1,Ambrosia artemisioides,wfo-0000043582 | wfo-0000073943,Ambrosia arborescens | Ambrosia artemisioides,Asteraceae,2,2,2,2,1,Ambrosia artemisioides,wfo-0000043582 | wfo-0000073943,Ambrosia arborescens | Ambrosia artemisioides,Asteraceae,exact_conflict,manual_review
Amorpha fruticosa,amorpha fruticosa,amorpha fruticosa,2,2,2,2,1,Amorpha fruticosa,wfo-0000213510 | wfo-0001426001,Amorpha fruticosa | Maackia amurensis var. amurensis,Fabaceae,2,2,2,2,1,Amorpha fruticosa,wfo-0000213510 | wfo-0001426001,Amorpha fruticosa | Maackia amurensis var. amurensis,Fabaceae,exact_conflict,manual_review
Ampelopsis cantoniensis,ampelopsis cantoniensis,ampelopsis cantoniensis,2,2,2,2,1,Ampelopsis cantoniensis,wfo-0000531641 | wfo-0001340494,Ampelopsis cantoniensis | Nekemias cantoniensis,Vitaceae,2,2,2,2,1,Ampelopsis cantoniensis,wfo-0000531641 | wfo-0001340494,Ampelopsis cantoniensis | Nekemias cantoniensis,Vitaceae,exact_conflict,manual_review
Ampelopsis heterophylla,ampelopsis heterophylla,ampelopsis heterophylla,2,2,2,2,1,Ampelopsis heterophylla,wfo-0000531675 | wfo-0001245969,Ampelopsis glandulosa var. heterophylla | Parthenocissus semicordata var. semicordata,Vitaceae,2,2,2,2,1,Ampelopsis heterophylla,wfo-0000531675 | wfo-0001245969,Ampelopsis glandulosa var. heterophylla | Parthenocissus semicordata var. semicordata,Vitaceae,exact_conflict,manual_review
Anacardium humile,anacardium humile,anacardium humile,3,3,2,2,1,Anacardium humile,wfo-0000533060 | wfo-0000533070,Anacardium humile | Anacardium nanum,Anacardiaceae,3,3,2,2,1,Anacardium humile,wfo-0000533060 | wfo-0000533070,Anacardium humile | Anacardium nanum,Anacardiaceae,exact_conflict,manual_review
Andrographis ceylanica,andrographis ceylanica,andrographis ceylanica,2,2,2,2,1,Andrographis ceylanica,wfo-0000534057 | wfo-0000534085,Andrographis macrobotrys | Andrographis viscosula,Acanthaceae,2,2,2,2,1,Andrographis ceylanica,wfo-0000534057 | wfo-0000534085,Andrographis macrobotrys | Andrographis viscosula,Acanthaceae,exact_conflict,manual_review
Andrographis neesiana,andrographis neesiana,andrographis neesiana,2,2,2,2,1,Andrographis neesiana,wfo-0000534063 | wfo-0000534078,Andrographis neesiana | Andrographis stellulata,Acanthaceae,2,2,2,2,1,Andrographis neesiana,wfo-0000534063 | wfo-0000534078,Andrographis neesiana | Andrographis stellulata,Acanthaceae,exact_conflict,manual_review
Anethum graveolens,anethum graveolens,anethum graveolens,2,2,2,2,1,Anethum graveolens,wfo-0000402206 | wfo-0000536042,Anethum graveolens | Ridolfia segetum,Apiaceae,2,2,2,2,1,Anethum graveolens,wfo-0000402206 | wfo-0000536042,Anethum graveolens | Ridolfia segetum,Apiaceae,exact_conflict,manual_review
Annona reticulata,annona reticulata,annona reticulata,2,2,2,2,1,Annona reticulata,wfo-0000537847 | wfo-0000537905,Annona mucosa | Annona reticulata,Annonaceae,2,2,2,2,1,Annona reticulata,wfo-0000537847 | wfo-0000537905,Annona mucosa | Annona reticulata,Annonaceae,exact_conflict,manual_review
Annona squamosa,annona squamosa,annona squamosa,3,3,2,2,1,Annona squamosa,wfo-0000537847 | wfo-0000537947,Annona mucosa | Annona squamosa,Annonaceae,3,3,2,2,1,Annona squamosa,wfo-0000537847 | wfo-0000537947,Annona mucosa | Annona squamosa,Annonaceae,exact_conflict,manual_review
Anthemis altissima,anthemis altissima,anthemis altissima,4,4,3,3,1,Anthemis altissima,wfo-0000063579 | wfo-0000077255 | wfo-0000086301,Anthemis candidissima | Cota altissima | Cota coelopoda,Asteraceae,4,4,3,3,1,Anthemis altissima,wfo-0000063579 | wfo-0000077255 | wfo-0000086301,Anthemis candidissima | Cota altissima | Cota coelopoda,Asteraceae,exact_conflict,manual_review
Anthemis tomentosa,anthemis tomentosa,anthemis tomentosa,4,4,3,2,1,Anthemis tomentosa,wfo-0000067203 | wfo-0000077255 | wfo-0000131386,Anthemis tomentosa | Cota coelopoda,Asteraceae,4,4,3,2,1,Anthemis tomentosa,wfo-0000067203 | wfo-0000077255 | wfo-0000131386,Anthemis tomentosa | Cota coelopoda,Asteraceae,exact_conflict,manual_review
Aquilegia ecalcarata,aquilegia ecalcarata,aquilegia ecalcarata,3,3,3,3,1,Aquilegia ecalcarata,wfo-0000541286 | wfo-0000541439 | wfo-0000541607,Aquilegia ecalcarata | Aquilegia micrantha | Aquilegia vulgaris,Ranunculaceae,3,3,3,3,1,Aquilegia ecalcarata,wfo-0000541286 | wfo-0000541439 | wfo-0000541607,Aquilegia ecalcarata | Aquilegia micrantha | Aquilegia vulgaris,Ranunculaceae,exact_conflict,manual_review
Artabotrys odoratissimus,artabotrys odoratissimus,artabotrys odoratissimus,3,3,2,2,1,Artabotrys odoratissimus,wfo-0000549733 | wfo-0000549776,Artabotrys blumei | Artabotrys hexapetalus,Annonaceae,3,3,2,2,1,Artabotrys odoratissimus,wfo-0000549733 | wfo-0000549776,Artabotrys blumei | Artabotrys hexapetalus,Annonaceae,exact_conflict,manual_review
Artemisia annua,artemisia annua,artemisia annua,2,2,2,2,1,Artemisia annua,wfo-0000083255 | wfo-0000084708,Artemisia annua | Artemisia gmelinii,Asteraceae,2,2,2,2,1,Artemisia annua,wfo-0000083255 | wfo-0000084708,Artemisia annua | Artemisia gmelinii,Asteraceae,exact_conflict,manual_review
Artemisia campestris,artemisia campestris,artemisia campestris,7,7,4,4,1,Artemisia campestris,wfo-0000052095 | wfo-0000068600 | wfo-0000113945 | wfo-0000131225,Artemisia alba subsp. alba | Artemisia campestris | Artemisia ledebouriana | Artemisia pubescens,Asteraceae,7,7,4,4,1,Artemisia campestris,wfo-0000052095 | wfo-0000068600 | wfo-0000113945 | wfo-0000131225,Artemisia alba subsp. alba | Artemisia campestris | Artemisia ledebouriana | Artemisia pubescens,Asteraceae,exact_conflict,manual_review
Artemisia capillaris,artemisia capillaris,artemisia capillaris,2,2,2,2,1,Artemisia capillaris,wfo-0000043717 | wfo-0000115024,Artemisia capillaris | Artemisia scoparia,Asteraceae,2,2,2,2,1,Artemisia capillaris,wfo-0000043717 | wfo-0000115024,Artemisia capillaris | Artemisia scoparia,Asteraceae,exact_conflict,manual_review
Artemisia judaica,artemisia judaica,artemisia judaica,2,2,2,2,1,Artemisia judaica,wfo-0000084245 | wfo-0000127822,Artemisia judaica | Artemisia loureiroi,Asteraceae,2,2,2,2,1,Artemisia judaica,wfo-0000084245 | wfo-0000127822,Artemisia judaica | Artemisia loureiroi,Asteraceae,exact_conflict,manual_review
Artemisia ludoviciana,artemisia ludoviciana,artemisia ludoviciana,3,3,2,2,1,Artemisia ludoviciana,wfo-0000003410 | wfo-0000747726,Artemisia indica | Artemisia ludoviciana,Asteraceae,3,3,2,2,1,Artemisia ludoviciana,wfo-0000003410 | wfo-0000747726,Artemisia indica | Artemisia ludoviciana,Asteraceae,exact_conflict,manual_review
Artemisia vulgaris,artemisia vulgaris,artemisia vulgaris,4,4,2,2,1,Artemisia vulgaris,wfo-0000115588 | wfo-0000747726,Artemisia indica | Artemisia vulgaris,Asteraceae,4,4,2,2,1,Artemisia vulgaris,wfo-0000115588 | wfo-0000747726,Artemisia indica | Artemisia vulgaris,Asteraceae,exact_conflict,manual_review
Artocarpus reticulatus,artocarpus reticulatus,artocarpus reticulatus,3,3,3,3,1,Artocarpus reticulatus,wfo-0000550516 | wfo-0000550522 | wfo-0000550586,Artocarpus lacucha | Artocarpus lanceifolius | Artocarpus reticulatus,Moraceae,3,3,3,3,1,Artocarpus reticulatus,wfo-0000550516 | wfo-0000550522 | wfo-0000550586,Artocarpus lacucha | Artocarpus lanceifolius | Artocarpus reticulatus,Moraceae,exact_conflict,manual_review
Asarum macranthum,asarum macranthum,asarum macranthum,2,2,2,2,1,Asarum macranthum,wfo-0000550900 | wfo-0000550962,Asarum macranthum | Asarum shuttleworthii,Aristolochiaceae,2,2,2,2,1,Asarum macranthum,wfo-0000550900 | wfo-0000550962,Asarum macranthum | Asarum shuttleworthii,Aristolochiaceae,exact_conflict,manual_review
Astragalus adsurgens,astragalus adsurgens,astragalus adsurgens,3,3,3,3,1,Astragalus adsurgens,wfo-0000179551 | wfo-0001444737 | wfo-0001444980,Astragalus iodanthus var. iodanthus | Astragalus laxmannii subsp. laxmannii | Astragalus varius subsp. varius,Fabaceae,3,3,3,3,1,Astragalus adsurgens,wfo-0000179551 | wfo-0001444737 | wfo-0001444980,Astragalus iodanthus var. iodanthus | Astragalus laxmannii subsp. laxmannii | Astragalus varius subsp. varius,Fabaceae,exact_conflict,manual_review
Astragalus austriacus,astragalus austriacus,astragalus austriacus,3,3,3,3,1,Astragalus austriacus,wfo-0000208396 | wfo-0000213538 | wfo-0001054280,Astragalus austriacus | Astragalus hamosus | Astragalus versicolor,Fabaceae,3,3,3,3,1,Astragalus austriacus,wfo-0000208396 | wfo-0000213538 | wfo-0001054280,Astragalus austriacus | Astragalus hamosus | Astragalus versicolor,Fabaceae,exact_conflict,manual_review
Astragalus caprinus,astragalus caprinus,astragalus caprinus,4,4,3,3,1,Astragalus caprinus,wfo-0000185730 | wfo-0000212469 | wfo-0000213554,Astragalus caprinus | Astragalus caprinus subsp. huetii | Astragalus dasyanthus,Fabaceae,4,4,3,3,1,Astragalus caprinus,wfo-0000185730 | wfo-0000212469 | wfo-0000213554,Astragalus caprinus | Astragalus caprinus subsp. huetii | Astragalus dasyanthus,Fabaceae,exact_conflict,manual_review
Astragalus clusii,astragalus clusii,astragalus clusii,3,3,3,3,1,Astragalus clusii,wfo-0000191796 | wfo-0000212503 | wfo-0000553349,Astragalus clusianus | Astragalus glaux | Astragalus hypoglottis subsp. hypoglottis,Fabaceae,3,3,3,3,1,Astragalus clusii,wfo-0000191796 | wfo-0000212503 | wfo-0000553349,Astragalus clusianus | Astragalus glaux | Astragalus hypoglottis subsp. hypoglottis,Fabaceae,exact_conflict,manual_review
Astragalus laxmannii,astragalus laxmannii,astragalus laxmannii,2,2,2,2,1,Astragalus laxmannii,wfo-0000207976 | wfo-0001033987,Astragalus laxmannii | Astragalus laxmannii subsp. robustior,Fabaceae,2,2,2,2,1,Astragalus laxmannii,wfo-0000207976 | wfo-0001033987,Astragalus laxmannii | Astragalus laxmannii subsp. robustior,Fabaceae,exact_conflict,manual_review
Astragalus peregrinus,astragalus peregrinus,astragalus peregrinus,2,2,2,2,1,Astragalus peregrinus,wfo-0000189479 | wfo-0000212549,Astragalus caraganae | Astragalus peregrinus,Fabaceae,2,2,2,2,1,Astragalus peregrinus,wfo-0000189479 | wfo-0000212549,Astragalus caraganae | Astragalus peregrinus,Fabaceae,exact_conflict,manual_review
Astragalus sieversianus,astragalus sieversianus,astragalus sieversianus,2,2,2,2,1,Astragalus sieversianus,wfo-0000185144 | wfo-0001425630,Astragalus sieversianus | Oxytropis argentata subsp. argentata,Fabaceae,2,2,2,2,1,Astragalus sieversianus,wfo-0000185144 | wfo-0001425630,Astragalus sieversianus | Oxytropis argentata subsp. argentata,Fabaceae,exact_conflict,manual_review
Baccharis confertifolia,baccharis confertifolia,baccharis confertifolia,2,2,2,2,1,Baccharis confertifolia,wfo-0000086024 | wfo-0000121758,Baccharis confertifolia | Baccharis salicifolia,Asteraceae,2,2,2,2,1,Baccharis confertifolia,wfo-0000086024 | wfo-0000121758,Baccharis confertifolia | Baccharis salicifolia,Asteraceae,exact_conflict,manual_review
Baccharis heterophylla,baccharis heterophylla,baccharis heterophylla,2,2,2,2,1,Baccharis heterophylla,wfo-0000034125 | wfo-0000138028,Baccharis heterophylla | Baccharis microdonta,Asteraceae,2,2,2,2,1,Baccharis heterophylla,wfo-0000034125 | wfo-0000138028,Baccharis heterophylla | Baccharis microdonta,Asteraceae,exact_conflict,manual_review
Baccharis leptocephala,baccharis leptocephala,baccharis leptocephala,3,3,3,3,1,Baccharis leptocephala,wfo-0000019644 | wfo-0000085278 | wfo-0000115994,Baccharis leptocephala | Baccharis linearifolia | Baccharis paniculata,Asteraceae,3,3,3,3,1,Baccharis leptocephala,wfo-0000019644 | wfo-0000085278 | wfo-0000115994,Baccharis leptocephala | Baccharis linearifolia | Baccharis paniculata,Asteraceae,exact_conflict,manual_review
Baccharis pingraea,baccharis pingraea,baccharis pingraea,2,2,2,2,1,Baccharis pingraea,wfo-0000000226 | wfo-0000094649,Baccharis glutinosa | Gymnosperma glutinosum,Asteraceae,2,2,2,2,1,Baccharis pingraea,wfo-0000000226 | wfo-0000094649,Baccharis glutinosa | Gymnosperma glutinosum,Asteraceae,exact_conflict,manual_review
Baccharis salicifolia,baccharis salicifolia,baccharis salicifolia,2,2,2,2,1,Baccharis salicifolia,wfo-0000073911 | wfo-0000121758,Baccharis salicifolia | Baccharis salicina,Asteraceae,2,2,2,2,1,Baccharis salicifolia,wfo-0000073911 | wfo-0000121758,Baccharis salicifolia | Baccharis salicina,Asteraceae,exact_conflict,manual_review
Baccharis scandens,baccharis scandens,baccharis scandens,2,2,2,2,1,Baccharis scandens,wfo-0000007759 | wfo-0000040761,Archibaccharis schiedeana | Baccharis scandens,Asteraceae,2,2,2,2,1,Baccharis scandens,wfo-0000007759 | wfo-0000040761,Archibaccharis schiedeana | Baccharis scandens,Asteraceae,exact_conflict,manual_review
Baptisia australis,baptisia australis,baptisia australis,2,2,2,2,1,Baptisia australis,wfo-0000182246 | wfo-0000182256,Baptisia australis | Baptisia australis var. minor,Fabaceae,2,2,2,2,1,Baptisia australis,wfo-0000182246 | wfo-0000182256,Baptisia australis | Baptisia australis var. minor,Fabaceae,exact_conflict,manual_review
Bauhinia purpurea,bauhinia purpurea,bauhinia purpurea,3,3,2,2,1,Bauhinia purpurea,wfo-0000170380 | wfo-0000213155,Bauhinia purpurea | Piliostigma malabaricum,Fabaceae,3,3,2,2,1,Bauhinia purpurea,wfo-0000170380 | wfo-0000213155,Bauhinia purpurea | Piliostigma malabaricum,Fabaceae,exact_conflict,manual_review
Bauhinia racemosa,bauhinia racemosa,bauhinia racemosa,2,2,2,2,1,Bauhinia racemosa,wfo-0000186828 | wfo-0000213166,Bauhinia racemosa | Phanera vahlii,Fabaceae,2,2,2,2,1,Bauhinia racemosa,wfo-0000186828 | wfo-0000213166,Bauhinia racemosa | Phanera vahlii,Fabaceae,exact_conflict,manual_review
Bauhinia retusa,bauhinia retusa,bauhinia retusa,3,3,2,2,1,Bauhinia retusa,wfo-0000183531 | wfo-1000003003,Bauhinia divaricata | Phanera roxburghiana,Fabaceae,3,3,2,2,1,Bauhinia retusa,wfo-0000183531 | wfo-1000003003,Bauhinia divaricata | Phanera roxburghiana,Fabaceae,exact_conflict,manual_review
Berberis integerrima,berberis integerrima,berberis integerrima,3,3,3,3,1,Berberis integerrima,wfo-0000562916 | wfo-0000563334 | wfo-0000563355,Berberis canadensis | Berberis integerrima | Berberis jamesiana,Berberidaceae,3,3,3,3,1,Berberis integerrima,wfo-0000562916 | wfo-0000563334 | wfo-0000563355,Berberis canadensis | Berberis integerrima | Berberis jamesiana,Berberidaceae,exact_conflict,manual_review
Betula humilis,betula humilis,betula humilis,3,3,3,3,1,Betula humilis,wfo-0000333388 | wfo-0001214756 | wfo-0001426720,Betula × intermedia var. intermedia | Betula humilis | Betula lenta f. lenta,Betulaceae,3,3,3,3,1,Betula humilis,wfo-0000333388 | wfo-0001214756 | wfo-0001426720,Betula × intermedia var. intermedia | Betula humilis | Betula lenta f. lenta,Betulaceae,exact_conflict,manual_review
Bidens bipinnata,bidens bipinnata,bidens bipinnata,2,2,2,2,1,Bidens bipinnata,wfo-0000028784 | wfo-0000066682,Bidens bipinnata | Cosmos bipinnatus,Asteraceae,2,2,2,2,1,Bidens bipinnata,wfo-0000028784 | wfo-0000066682,Bidens bipinnata | Cosmos bipinnatus,Asteraceae,exact_conflict,manual_review
Bidens tripartita,bidens tripartita,bidens tripartita,2,2,2,2,1,Bidens tripartita,wfo-0000068428 | wfo-0000115943,Bidens pilosa | Bidens tripartita,Asteraceae,2,2,2,2,1,Bidens tripartita,wfo-0000068428 | wfo-0000115943,Bidens pilosa | Bidens tripartita,Asteraceae,exact_conflict,manual_review
Brassica alba,brassica alba,brassica alba,2,2,2,2,1,Brassica alba,wfo-0000571350 | wfo-0001216509,Brassica oleracea | Sinapis alba subsp. alba,Brassicaceae,2,2,2,2,1,Brassica alba,wfo-0000571350 | wfo-0001216509,Brassica oleracea | Sinapis alba subsp. alba,Brassicaceae,exact_conflict,manual_review
Byrsonima crassifolia,byrsonima crassifolia,byrsonima crassifolia,3,3,2,2,1,Byrsonima crassifolia,wfo-0000576794 | wfo-0000577076,Byrsonima crassifolia | Byrsonima verbascifolia,Malpighiaceae,3,3,2,2,1,Byrsonima crassifolia,wfo-0000576794 | wfo-0000577076,Byrsonima crassifolia | Byrsonima verbascifolia,Malpighiaceae,exact_conflict,manual_review
Caesalpinia mimosoides,caesalpinia mimosoides,caesalpinia mimosoides,2,2,2,2,1,Caesalpinia mimosoides,wfo-0000186810 | wfo-0001346732,Hultholia mimosoides | Moullava spicata,Fabaceae,2,2,2,2,1,Caesalpinia mimosoides,wfo-0000186810 | wfo-0001346732,Hultholia mimosoides | Moullava spicata,Fabaceae,exact_conflict,manual_review
Calophyllum apetalum,calophyllum apetalum,calophyllum apetalum,2,2,2,2,1,Calophyllum apetalum,wfo-0000581027 | wfo-0000581184,Calophyllum apetalum | Calophyllum inophyllum,Calophyllaceae,2,2,2,2,1,Calophyllum apetalum,wfo-0000581027 | wfo-0000581184,Calophyllum apetalum | Calophyllum inophyllum,Calophyllaceae,exact_conflict,manual_review
Calophyllum teysmannii,calophyllum teysmannii,calophyllum teysmannii,2,2,2,2,1,Calophyllum teysmannii,wfo-0000581075 | wfo-0000581366,Calophyllum calaba var. bracteatum | Calophyllum teysmannii,Calophyllaceae,2,2,2,2,1,Calophyllum teysmannii,wfo-0000581075 | wfo-0000581366,Calophyllum calaba var. bracteatum | Calophyllum teysmannii,Calophyllaceae,exact_conflict,manual_review
Camellia,camellia,camellia,2,2,2,2,1,Camellia,wfo-0001281906 | wfo-4000006359,Camellia | Camellia flavida var. flavida,Theaceae,2,2,2,2,1,Camellia,wfo-0001281906 | wfo-4000006359,Camellia | Camellia flavida var. flavida,Theaceae,exact_conflict,manual_review
Campanula barbata,campanula barbata,campanula barbata,3,3,3,3,1,Campanula barbata,wfo-0000826593 | wfo-0000827269 | wfo-0000829003,Campanula barbata | Campanula glomerata | Campanula speciosa,Campanulaceae,3,3,3,3,1,Campanula barbata,wfo-0000826593 | wfo-0000827269 | wfo-0000829003,Campanula barbata | Campanula glomerata | Campanula speciosa,Campanulaceae,exact_conflict,manual_review
Canarium album,canarium album,canarium album,4,4,2,2,1,Canarium album,wfo-0000583426 | wfo-0000583598,Canarium album | Canarium luzonicum,Burseraceae,4,4,2,2,1,Canarium album,wfo-0000583426 | wfo-0000583598,Canarium album | Canarium luzonicum,Burseraceae,exact_conflict,manual_review
Caragana tragacanthoides,caragana tragacanthoides,caragana tragacanthoides,2,2,2,2,1,Caragana tragacanthoides,wfo-0000186046 | wfo-0000186882,Caragana acanthophylla | Caragana tragacanthoides,Fabaceae,2,2,2,2,1,Caragana tragacanthoides,wfo-0000186046 | wfo-0000186882,Caragana acanthophylla | Caragana tragacanthoides,Fabaceae,exact_conflict,manual_review
Cassia javanica,cassia javanica,cassia javanica,3,3,3,3,1,Cassia javanica,wfo-0000164126 | wfo-0000164753 | wfo-0001319996,Cassia ferruginea var. velloziana | Cassia javanica | Cassia sieberiana,Fabaceae,3,3,3,3,1,Cassia javanica,wfo-0000164126 | wfo-0000164753 | wfo-0001319996,Cassia ferruginea var. velloziana | Cassia javanica | Cassia sieberiana,Fabaceae,exact_conflict,manual_review
Cassinia quinquefaria,cassinia quinquefaria,cassinia quinquefaria,2,2,2,2,1,Cassinia quinquefaria,wfo-0000018922 | wfo-0000023375,Cassinia quinquefaria | Haeckeria punctulata,Asteraceae,2,2,2,2,1,Cassinia quinquefaria,wfo-0000018922 | wfo-0000023375,Cassinia quinquefaria | Haeckeria punctulata,Asteraceae,exact_conflict,manual_review
Castanopsis hystrix,castanopsis hystrix,castanopsis hystrix,2,2,2,2,1,Castanopsis hystrix,wfo-0000814910 | wfo-0001240111,Castanopsis hystrix | Castanopsis purpurella subsp. purpurella,Fagaceae,2,2,2,2,1,Castanopsis hystrix,wfo-0000814910 | wfo-0001240111,Castanopsis hystrix | Castanopsis purpurella subsp. purpurella,Fagaceae,exact_conflict,manual_review
Castanopsis sclerophylla,castanopsis sclerophylla,castanopsis sclerophylla,2,2,2,2,1,Castanopsis sclerophylla,wfo-0000815088 | wfo-0001062572,Castanopsis kuchugouzhui | Castanopsis sclerophylla,Fagaceae,2,2,2,2,1,Castanopsis sclerophylla,wfo-0000815088 | wfo-0001062572,Castanopsis kuchugouzhui | Castanopsis sclerophylla,Fagaceae,exact_conflict,manual_review
Centaurea chilensis,centaurea chilensis,centaurea chilensis,2,2,2,2,1,Centaurea chilensis,wfo-0000001471 | wfo-0000084143,Centaurea chilensis | Plectocephalus chilensis,Asteraceae,2,2,2,2,1,Centaurea chilensis,wfo-0000001471 | wfo-0000084143,Centaurea chilensis | Plectocephalus chilensis,Asteraceae,exact_conflict,manual_review
Centaurea montana,centaurea montana,centaurea montana,4,4,2,2,1,Centaurea montana,wfo-0000127150 | wfo-0000132430,Centaurea montana | Cheirolophus sempervirens,Asteraceae,4,4,2,2,1,Centaurea montana,wfo-0000127150 | wfo-0000132430,Centaurea montana | Cheirolophus sempervirens,Asteraceae,exact_conflict,manual_review
Centaurea pallescens,centaurea pallescens,centaurea pallescens,2,2,2,2,1,Centaurea pallescens,wfo-0000082897 | wfo-0000131395,Centaurea hyalolepis | Centaurea pallescens,Asteraceae,2,2,2,2,1,Centaurea pallescens,wfo-0000082897 | wfo-0000131395,Centaurea hyalolepis | Centaurea pallescens,Asteraceae,exact_conflict,manual_review
Centaurea spinosa,centaurea spinosa,centaurea spinosa,2,2,2,2,1,Centaurea spinosa,wfo-0000061575 | wfo-0000079422,Centaurea diffusa | Centaurea spinosa,Asteraceae,2,2,2,2,1,Centaurea spinosa,wfo-0000061575 | wfo-0000079422,Centaurea diffusa | Centaurea spinosa,Asteraceae,exact_conflict,manual_review
Centaurea spruneri,centaurea spruneri,centaurea spruneri,2,2,2,2,1,Centaurea spruneri,wfo-0000026624 | wfo-0000110517,Centaurea spruneri | Centaurea spruneri subsp. guicciardii,Asteraceae,2,2,2,2,1,Centaurea spruneri,wfo-0000026624 | wfo-0000110517,Centaurea spruneri | Centaurea spruneri subsp. guicciardii,Asteraceae,exact_conflict,manual_review
Chamaebatia foliolosa,chamaebatia foliolosa,chamaebatia foliolosa,2,2,2,2,1,Chamaebatia foliolosa,wfo-0001003392 | wfo-0001003409,Chamaebatia foliolosa | Chamaebatiaria millefolium,Rosaceae,2,2,2,2,1,Chamaebatia foliolosa,wfo-0001003392 | wfo-0001003409,Chamaebatia foliolosa | Chamaebatiaria millefolium,Rosaceae,exact_conflict,manual_review
Cicer songaricum,cicer songaricum,cicer songaricum,2,2,2,2,1,Cicer songaricum,wfo-0000185213 | wfo-0000186146,Cicer anatolicum | Cicer songaricum,Fabaceae,2,2,2,2,1,Cicer songaricum,wfo-0000185213 | wfo-0000186146,Cicer anatolicum | Cicer songaricum,Fabaceae,exact_conflict,manual_review
Cinchona pubescens,cinchona pubescens,cinchona pubescens,3,3,2,2,1,Cinchona pubescens,wfo-0000239947 | wfo-0000862489,Cinchona pubescens | Melanopsidium nigrum,Rubiaceae,3,3,2,2,1,Cinchona pubescens,wfo-0000239947 | wfo-0000862489,Cinchona pubescens | Melanopsidium nigrum,Rubiaceae,exact_conflict,manual_review
Cinnamomum cassia,cinnamomum cassia,cinnamomum cassia,4,4,2,2,1,Cinnamomum cassia,wfo-0000604944 | wfo-0001248993,Cinnamomum burmanni | Neolitsea cassia,Lauraceae,4,4,2,2,1,Cinnamomum cassia,wfo-0000604944 | wfo-0001248993,Cinnamomum burmanni | Neolitsea cassia,Lauraceae,exact_conflict,manual_review
Cissus sicyoides,cissus sicyoides,cissus sicyoides,2,2,2,2,1,Cissus sicyoides,wfo-0000606224 | wfo-0001240939,Cissus discolor | Cissus verticillata subsp. verticillata,Vitaceae,2,2,2,2,1,Cissus sicyoides,wfo-0000606224 | wfo-0001240939,Cissus discolor | Cissus verticillata subsp. verticillata,Vitaceae,exact_conflict,manual_review
Citrus latipes,citrus latipes,citrus latipes,2,2,2,2,1,Citrus latipes,wfo-0000608056 | wfo-0000608099,Citrus hystrix | Citrus latipes,Rutaceae,2,2,2,2,1,Citrus latipes,wfo-0000608056 | wfo-0000608099,Citrus hystrix | Citrus latipes,Rutaceae,exact_conflict,manual_review
Clematis hexapetala,clematis hexapetala,clematis hexapetala,2,2,2,2,1,Clematis hexapetala,wfo-0000609923 | wfo-0000610047,Clematis forsteri | Clematis hexapetala,Ranunculaceae,2,2,2,2,1,Clematis hexapetala,wfo-0000609923 | wfo-0000610047,Clematis forsteri | Clematis hexapetala,Ranunculaceae,exact_conflict,manual_review
Cordia obliqua,cordia obliqua,cordia obliqua,4,4,3,3,1,Cordia obliqua,wfo-0000620417 | wfo-0000620712 | wfo-0001216026,Cordia dichotoma | Cordia magnoliifolia | Varronia peruviana,Cordiaceae,4,4,3,3,1,Cordia obliqua,wfo-0000620417 | wfo-0000620712 | wfo-0001216026,Cordia dichotoma | Cordia magnoliifolia | Varronia peruviana,Cordiaceae,exact_conflict,manual_review
Coreopsis verticillata,coreopsis verticillata,coreopsis verticillata,3,3,3,2,1,Coreopsis verticillata,wfo-0000016454 | wfo-0000094896 | wfo-0000117214,Coreopsis delphiniifolia | Coreopsis verticillata,Asteraceae,3,3,3,2,1,Coreopsis verticillata,wfo-0000016454 | wfo-0000094896 | wfo-0000117214,Coreopsis delphiniifolia | Coreopsis verticillata,Asteraceae,exact_conflict,manual_review
Coreopsis wrightii,coreopsis wrightii,coreopsis wrightii,2,2,2,2,1,Coreopsis wrightii,wfo-0000020454 | wfo-0000089037,Coreopsis basalis | Coreopsis wrightii,Asteraceae,2,2,2,2,1,Coreopsis wrightii,wfo-0000020454 | wfo-0000089037,Coreopsis basalis | Coreopsis wrightii,Asteraceae,exact_conflict,manual_review
Crassula ovata,crassula ovata,crassula ovata,2,2,2,2,1,Crassula ovata,wfo-0000625299 | wfo-0000625441,Crassula ovata | Crassula sarmentosa,Crassulaceae,2,2,2,2,1,Crassula ovata,wfo-0000625299 | wfo-0000625441,Crassula ovata | Crassula sarmentosa,Crassulaceae,exact_conflict,manual_review
Crataegus flava,crataegus flava,crataegus flava,8,8,4,3,1,Crataegus flava,wfo-0001010277 | wfo-0001010545 | wfo-0001131665 | wfo-1200075021,Crataegus coccinea var. coccinea | Crataegus flava | Crataegus punctata,Rosaceae,10,10,4,3,1,Crataegus flava | Crataegus flava unranked lobata | Crataegus flava unranked trilobata,wfo-0001010277 | wfo-0001010545 | wfo-0001131665 | wfo-1200075021,Crataegus coccinea var. coccinea | Crataegus flava | Crataegus punctata,Rosaceae,exact_conflict,manual_review
Crataegus microphylla,crataegus microphylla,crataegus microphylla,2,2,2,2,1,Crataegus microphylla,wfo-0000987339 | wfo-0000988750,Crataegus microphylla | Crataegus rhipidophylla var. rhipidophylla,Rosaceae,2,2,2,2,1,Crataegus microphylla,wfo-0000987339 | wfo-0000988750,Crataegus microphylla | Crataegus rhipidophylla var. rhipidophylla,Rosaceae,exact_conflict,manual_review
Crataegus oxyacantha,crataegus oxyacantha,crataegus oxyacantha,5,5,3,3,1,Crataegus oxyacantha,wfo-0000987339 | wfo-0001009174 | wfo-0001010488,Crataegus laevigata | Crataegus marshallii | Crataegus rhipidophylla var. rhipidophylla,Rosaceae,32,32,6,6,1,Crataegus oxyacantha | Crataegus oxyacantha prol. macrocarpa | Crataegus oxyacantha prol. mauriannensis | Crataegus oxyacantha prol. monogyna | Crataegus oxyacantha prol. polygyna | Crataegus oxyacantha unranked coccinea-flore-pleno | Crataegus oxyacantha unranked decussata | Crataegus oxyacantha unranked eriocarpa | Crataegus oxyacantha unranked fastigiata | Crataegus oxyacantha unranked floribus-coccineis-plenis | Crataegus oxyacantha unranked glabra | Crataegus oxyacantha unranked integerrimus | Crataegus oxyacantha unranked laciniata | Crataegus oxyacantha unranked lambertii | Crataegus oxyacantha unranked liocalyx | Crataegus oxyacantha unranked lobata | Crataegus oxyacantha unranked monogyna | Crataegus oxyacantha unranked pseudomonogynus | Crataegus oxyacantha unranked punicea-plena | Crataegus oxyacantha unranked rigida | Crataegus oxyacantha unranked rosea-superba | Crataegus oxyacantha unranked semperflorens | Crataegus oxyacantha unranked sorbifolia | Crataegus oxyacantha unranked splendens | Crataegus oxyacantha unranked trifida | Crataegus oxyacantha unranked variegata | Crataegus oxyacantha unranked wallrothii,wfo-0000987339 | wfo-0001009174 | wfo-0001009785 | wfo-0001010488 | wfo-0001016197 | wfo-0001016497,Crataegus × macrocarpa | Crataegus × media | Crataegus laevigata | Crataegus marshallii | Crataegus monogyna | Crataegus rhipidophylla var. rhipidophylla,Rosaceae,exact_conflict,manual_review
Crateva religiosa,crateva religiosa,crateva religiosa,2,2,2,2,2,Crateva religiosa,wfo-0000521533 | wfo-0000625724,Aegle marmelos | Crateva religiosa,Capparaceae | Rutaceae,2,2,2,2,2,Crateva religiosa,wfo-0000521533 | wfo-0000625724,Aegle marmelos | Crateva religiosa,Capparaceae | Rutaceae,exact_conflict,manual_review
Crotalaria medicaginea,crotalaria medicaginea,crotalaria medicaginea,2,2,2,2,1,Crotalaria medicaginea,wfo-0000185077 | wfo-0000186515,Crotalaria medicaginea | Crotalaria trifoliastrum,Fabaceae,2,2,2,2,1,Crotalaria medicaginea,wfo-0000185077 | wfo-0000186515,Crotalaria medicaginea | Crotalaria trifoliastrum,Fabaceae,exact_conflict,manual_review
Crotalaria pallida,crotalaria pallida,crotalaria pallida,4,4,3,3,1,Crotalaria pallida,wfo-0000184569 | wfo-0000209124 | wfo-0001249541,Crotalaria linifolia | Crotalaria pallida | Crotalaria saltiana,Fabaceae,4,4,3,3,1,Crotalaria pallida,wfo-0000184569 | wfo-0000209124 | wfo-0001249541,Crotalaria linifolia | Crotalaria pallida | Crotalaria saltiana,Fabaceae,exact_conflict,manual_review
Crotalaria ramosissima,crotalaria ramosissima,crotalaria ramosissima,3,3,3,3,1,Crotalaria ramosissima,wfo-0000174080 | wfo-0000185074 | wfo-0000207960,Crotalaria crispata | Crotalaria huillensis | Crotalaria ramosissima,Fabaceae,3,3,3,3,1,Crotalaria ramosissima,wfo-0000174080 | wfo-0000185074 | wfo-0000207960,Crotalaria crispata | Crotalaria huillensis | Crotalaria ramosissima,Fabaceae,exact_conflict,manual_review
Cunila,cunila,cunila,2,2,2,2,1,Cunila,wfo-4000010044 | wfo-4000035314,Cunila | Sideritis,Lamiaceae,2,2,2,2,1,Cunila,wfo-4000010044 | wfo-4000035314,Cunila | Sideritis,Lamiaceae,exact_conflict,manual_review
Cupania americana,cupania americana,cupania americana,2,2,2,2,1,Cupania americana,wfo-0000629388 | wfo-0000629476,Cupania americana | Cupania glabra,Sapindaceae,2,2,2,2,1,Cupania americana,wfo-0000629388 | wfo-0000629476,Cupania americana | Cupania glabra,Sapindaceae,exact_conflict,manual_review
Cyclopia sessiliflora,cyclopia sessiliflora,cyclopia sessiliflora,2,2,2,2,1,Cyclopia sessiliflora,wfo-0000197790 | wfo-0000197833,Cyclopia meyeriana | Cyclopia sessiliflora,Fabaceae,2,2,2,2,1,Cyclopia sessiliflora,wfo-0000197790 | wfo-0000197833,Cyclopia meyeriana | Cyclopia sessiliflora,Fabaceae,exact_conflict,manual_review
Cynara humilis,cynara humilis,cynara humilis,4,4,2,2,1,Cynara humilis,wfo-0000068562 | wfo-0000070364,Cynara cornigera | Cynara humilis,Asteraceae,4,4,2,2,1,Cynara humilis,wfo-0000068562 | wfo-0000070364,Cynara cornigera | Cynara humilis,Asteraceae,exact_conflict,manual_review
Cyperus capitatus,cyperus capitatus,cyperus capitatus,4,4,4,4,1,Cyperus capitatus,wfo-0000369295 | wfo-0000370828 | wfo-0000372269 | wfo-0000404186,Cyperus capitatus | Cyperus cuspidatus | Cyperus dubius var. dubius | Eleocharis geniculata,Cyperaceae,4,4,4,4,1,Cyperus capitatus,wfo-0000369295 | wfo-0000370828 | wfo-0000372269 | wfo-0000404186,Cyperus capitatus | Cyperus cuspidatus | Cyperus dubius var. dubius | Eleocharis geniculata,Cyperaceae,exact_conflict,manual_review
Cyperus congestus,cyperus congestus,cyperus congestus,2,2,2,2,1,Cyperus congestus,wfo-0000369738 | wfo-0000369890,Cyperus compactus | Cyperus congestus,Cyperaceae,2,2,2,2,1,Cyperus congestus,wfo-0000369738 | wfo-0000369890,Cyperus compactus | Cyperus congestus,Cyperaceae,exact_conflict,manual_review
Cyperus longus,cyperus longus,cyperus longus,2,2,2,2,1,Cyperus longus,wfo-0000377196 | wfo-0000381487,Cyperus longus | Cyperus rotundus,Cyperaceae,3,3,3,3,1,Cyperus longus | Cyperus longus prol. preslii,wfo-0000377196 | wfo-0000377263 | wfo-0000381487,Cyperus longus | Cyperus longus subsp. longus | Cyperus rotundus,Cyperaceae,exact_conflict,manual_review
Cytisus,cytisus,cytisus,2,2,2,2,1,Cytisus,wfo-4000010593 | wfo-4000010595,Cytisophyllum | Cytisus,Fabaceae,2,2,2,2,1,Cytisus,wfo-4000010593 | wfo-4000010595,Cytisophyllum | Cytisus,Fabaceae,exact_conflict,manual_review
Cytisus eriocarpus,cytisus eriocarpus,cytisus eriocarpus,2,2,2,2,1,Cytisus eriocarpus,wfo-0000213652 | wfo-0001445562,Chamaecytisus eriocarpus | Cytisus striatus subsp. striatus,Fabaceae,2,2,2,2,1,Cytisus eriocarpus,wfo-0000213652 | wfo-0001445562,Chamaecytisus eriocarpus | Cytisus striatus subsp. striatus,Fabaceae,exact_conflict,manual_review
Cytisus hirsutus,cytisus hirsutus,cytisus hirsutus,2,2,2,2,1,Cytisus hirsutus,wfo-0000213656 | wfo-0001445143,Chamaecytisus hirsutus | Chamaecytisus triflorus subsp. triflorus,Fabaceae,2,2,2,2,1,Cytisus hirsutus,wfo-0000213656 | wfo-0001445143,Chamaecytisus hirsutus | Chamaecytisus triflorus subsp. triflorus,Fabaceae,exact_conflict,manual_review
Dalbergia lanceolaria,dalbergia lanceolaria,dalbergia lanceolaria,4,4,3,3,1,Dalbergia lanceolaria,wfo-0000172222 | wfo-0000185594 | wfo-0000205944,Dalbergia lanceolaria | Dalbergia mimosella | Pericopsis mooniana,Fabaceae,4,4,3,3,1,Dalbergia lanceolaria,wfo-0000172222 | wfo-0000185594 | wfo-0000205944,Dalbergia lanceolaria | Dalbergia mimosella | Pericopsis mooniana,Fabaceae,exact_conflict,manual_review
Dalbergia retusa,dalbergia retusa,dalbergia retusa,2,2,2,2,1,Dalbergia retusa,wfo-0000169025 | wfo-0000196202,Dalbergia pervillei | Dalbergia retusa,Fabaceae,2,2,2,2,1,Dalbergia retusa,wfo-0000169025 | wfo-0000196202,Dalbergia pervillei | Dalbergia retusa,Fabaceae,exact_conflict,manual_review
Dalbergia sericea,dalbergia sericea,dalbergia sericea,3,3,3,3,1,Dalbergia sericea,wfo-0000185086 | wfo-0000200952 | wfo-1200041840,Dalbergia sericea | Millettia sericea | Mundulea sericea,Fabaceae,3,3,3,3,1,Dalbergia sericea,wfo-0000185086 | wfo-0000200952 | wfo-1200041840,Dalbergia sericea | Millettia sericea | Mundulea sericea,Fabaceae,exact_conflict,manual_review
Dalbergia volubilis,dalbergia volubilis,dalbergia volubilis,2,2,2,2,1,Dalbergia volubilis,wfo-0000170462 | wfo-0000200013,Dalbergia monetaria | Dalbergia volubilis,Fabaceae,2,2,2,2,1,Dalbergia volubilis,wfo-0000170462 | wfo-0000200013,Dalbergia monetaria | Dalbergia volubilis,Fabaceae,exact_conflict,manual_review
Dalea,dalea,dalea,3,3,3,3,3,Dalea,wfo-4000005510 | wfo-4000010680 | wfo-4000024102,Browallia | Dalea | Microdon,Fabaceae | Scrophulariaceae | Solanaceae,3,3,3,3,3,Dalea,wfo-4000005510 | wfo-4000010680 | wfo-4000024102,Browallia | Dalea | Microdon,Fabaceae | Scrophulariaceae | Solanaceae,exact_conflict,manual_review
Dalea elegans,dalea elegans,dalea elegans,2,2,2,2,1,Dalea elegans,wfo-0000169045 | wfo-0000169055,Dalea cliffortiana | Dalea elegans,Fabaceae,2,2,2,2,1,Dalea elegans,wfo-0000169045 | wfo-0000169055,Dalea cliffortiana | Dalea elegans,Fabaceae,exact_conflict,manual_review
Davallia divaricata,davallia divaricata,davallia divaricata,2,2,2,2,2,Davallia divaricata,wfo-0001113068 | wfo-0001124802,Davallia divaricata | Odontosoria schlechtendalii,Davalliaceae | Lindsaeaceae,2,2,2,2,2,Davallia divaricata,wfo-0001113068 | wfo-0001124802,Davallia divaricata | Odontosoria schlechtendalii,Davalliaceae | Lindsaeaceae,exact_conflict,manual_review
Derris floribunda,derris floribunda,derris floribunda,4,4,3,3,1,Derris floribunda,wfo-0000185943 | wfo-0000198908 | wfo-0001340818,Aganope heptaphylla | Deguelia nitidula | Derris trifoliata,Fabaceae,4,4,3,3,1,Derris floribunda,wfo-0000185943 | wfo-0000198908 | wfo-0001340818,Aganope heptaphylla | Deguelia nitidula | Derris trifoliata,Fabaceae,exact_conflict,manual_review
Derris latifolia,derris latifolia,derris latifolia,2,2,2,2,1,Derris latifolia,wfo-0000186313 | wfo-0000210427,Aganope thyrsiflora | Lonchocarpus heptaphyllus,Fabaceae,2,2,2,2,1,Derris latifolia,wfo-0000186313 | wfo-0000210427,Aganope thyrsiflora | Lonchocarpus heptaphyllus,Fabaceae,exact_conflict,manual_review
Derris laxiflora,derris laxiflora,derris laxiflora,2,2,2,2,1,Derris laxiflora,wfo-0000186506 | wfo-0000197433,Derris hainesiana | Derris laxiflora,Fabaceae,2,2,2,2,1,Derris laxiflora,wfo-0000186506 | wfo-0000197433,Derris hainesiana | Derris laxiflora,Fabaceae,exact_conflict,manual_review
Derris oblonga,derris oblonga,derris oblonga,2,2,2,2,1,Derris oblonga,wfo-0000185928 | wfo-0000185931,Derris canarensis | Derris cuneifolia,Fabaceae,2,2,2,2,1,Derris oblonga,wfo-0000185928 | wfo-0000185931,Derris canarensis | Derris cuneifolia,Fabaceae,exact_conflict,manual_review
Desmodium triflorum,desmodium triflorum,desmodium triflorum,2,2,2,2,1,Desmodium triflorum,wfo-0001423655 | wfo-0001423675,Grona heterophylla | Grona triflora,Fabaceae,2,2,2,2,1,Desmodium triflorum,wfo-0001423655 | wfo-0001423675,Grona heterophylla | Grona triflora,Fabaceae,exact_conflict,manual_review
Dichrostachys cinerea,dichrostachys cinerea,dichrostachys cinerea,2,2,2,2,1,Dichrostachys cinerea,wfo-0000176871 | wfo-0000195971,Alantsilodendron pilosum | Dichrostachys cinerea,Fabaceae,2,2,2,2,1,Dichrostachys cinerea,wfo-0000176871 | wfo-0000195971,Alantsilodendron pilosum | Dichrostachys cinerea,Fabaceae,exact_conflict,manual_review
Eclipta prostrata,eclipta prostrata,eclipta prostrata,2,2,2,2,1,Eclipta prostrata,wfo-0000066495 | wfo-0000108811,Blainvillea acmella | Eclipta prostrata,Asteraceae,2,2,2,2,1,Eclipta prostrata,wfo-0000066495 | wfo-0000108811,Blainvillea acmella | Eclipta prostrata,Asteraceae,exact_conflict,manual_review
Elaeagnus glabra,elaeagnus glabra,elaeagnus glabra,2,2,2,2,1,Elaeagnus glabra,wfo-0000663703 | wfo-0000663763,Elaeagnus commutata | Elaeagnus glabra,Elaeagnaceae,2,2,2,2,1,Elaeagnus glabra,wfo-0000663703 | wfo-0000663763,Elaeagnus commutata | Elaeagnus glabra,Elaeagnaceae,exact_conflict,manual_review
Epilobium parviflorum,epilobium parviflorum,epilobium parviflorum,2,2,2,2,1,Epilobium parviflorum,wfo-0000668722 | wfo-0000669577,Epilobium alsinoides subsp. atriplicifolium | Epilobium parviflorum,Onagraceae,2,2,2,2,1,Epilobium parviflorum,wfo-0000668722 | wfo-0000669577,Epilobium alsinoides subsp. atriplicifolium | Epilobium parviflorum,Onagraceae,exact_conflict,manual_review
Equisetum arvense,equisetum arvense,equisetum arvense,2,2,2,2,1,Equisetum arvense,wfo-0001108914 | wfo-1200105072,Equisetum arvense | Equisetum arvense subsp. arvense,Equisetaceae,2,2,2,2,1,Equisetum arvense,wfo-0001108914 | wfo-1200105072,Equisetum arvense | Equisetum arvense subsp. arvense,Equisetaceae,exact_conflict,manual_review
Eria angustifolia,eria angustifolia,eria angustifolia,2,2,2,2,1,Eria angustifolia,wfo-0000918453 | wfo-0001424929,Mycaranthes angustifolia | Pinalia angustifolia,Orchidaceae,2,2,2,2,1,Eria angustifolia,wfo-0000918453 | wfo-0001424929,Mycaranthes angustifolia | Pinalia angustifolia,Orchidaceae,exact_conflict,manual_review
Erica arborea,erica arborea,erica arborea,4,4,4,4,1,Erica arborea,wfo-0000671391 | wfo-0000672378 | wfo-0000672516 | wfo-0000673332,Erica arborea | Erica kingaensis | Erica lusitanica | Erica strigosa,Ericaceae,4,4,4,4,1,Erica arborea,wfo-0000671391 | wfo-0000672378 | wfo-0000672516 | wfo-0000673332,Erica arborea | Erica kingaensis | Erica lusitanica | Erica strigosa,Ericaceae,exact_conflict,manual_review
Erigeron canadensis,erigeron canadensis,erigeron canadensis,3,3,3,3,1,Erigeron canadensis,wfo-0000015917 | wfo-0000075344 | wfo-0000090635,Erigeron bonariensis | Erigeron canadensis | Erigeron rufescens,Asteraceae,3,3,3,3,1,Erigeron canadensis,wfo-0000015917 | wfo-0000075344 | wfo-0000090635,Erigeron bonariensis | Erigeron canadensis | Erigeron rufescens,Asteraceae,exact_conflict,manual_review
Eriosema tuberosum,eriosema tuberosum,eriosema tuberosum,2,2,2,2,1,Eriosema tuberosum,wfo-0000188411 | wfo-0000195543,Eriosema chinense | Eriosema tuberosum,Fabaceae,2,2,2,2,1,Eriosema tuberosum,wfo-0000188411 | wfo-0000195543,Eriosema chinense | Eriosema tuberosum,Fabaceae,exact_conflict,manual_review
Erythrina suberosa,erythrina suberosa,erythrina suberosa,2,2,2,2,1,Erythrina suberosa,wfo-0000185019 | wfo-0001054737,Erythrina abyssinica | Erythrina suberosa,Fabaceae,2,2,2,2,1,Erythrina suberosa,wfo-0000185019 | wfo-0001054737,Erythrina abyssinica | Erythrina suberosa,Fabaceae,exact_conflict,manual_review
Esenbeckia,esenbeckia,esenbeckia,3,3,3,3,3,Esenbeckia,wfo-4000014038 | wfo-4000015338 | wfo-4000025487,Esenbeckia | Garovaglia | Neesia,Malvaceae | Ptychomniaceae | Rutaceae,3,3,3,3,3,Esenbeckia,wfo-4000014038 | wfo-4000015338 | wfo-4000025487,Esenbeckia | Garovaglia | Neesia,Malvaceae | Ptychomniaceae | Rutaceae,exact_conflict,manual_review
Eugenia glomerata,eugenia glomerata,eugenia glomerata,6,6,5,5,1,Eugenia glomerata,wfo-0000318695 | wfo-0000318697 | wfo-0000319646 | wfo-0001424476 | wfo-1200008288,Eugenia subglomerata | Myrcia chytraculia var. zuzygium | Syzygium glomeratum | Syzygium glomeruliferum | Syzygium warburgii,Myrtaceae,6,6,5,5,1,Eugenia glomerata,wfo-0000318695 | wfo-0000318697 | wfo-0000319646 | wfo-0001424476 | wfo-1200008288,Eugenia subglomerata | Myrcia chytraculia var. zuzygium | Syzygium glomeratum | Syzygium glomeruliferum | Syzygium warburgii,Myrtaceae,exact_conflict,manual_review
Eugenia uniflora,eugenia uniflora,eugenia uniflora,2,2,2,2,1,Eugenia uniflora,wfo-0000336714 | wfo-0000959411,Eugenia bergii | Eugenia uniflora,Myrtaceae,2,2,2,2,1,Eugenia uniflora,wfo-0000336714 | wfo-0000959411,Eugenia bergii | Eugenia uniflora,Myrtaceae,exact_conflict,manual_review
Eupatorium album,eupatorium album,eupatorium album,4,4,2,2,1,Eupatorium album,wfo-0000059784 | wfo-0000135891,Eupatorium album | Eupatorium chinense,Asteraceae,4,4,2,2,1,Eupatorium album,wfo-0000059784 | wfo-0000135891,Eupatorium album | Eupatorium chinense,Asteraceae,exact_conflict,manual_review
Euphorbia maculata,euphorbia maculata,euphorbia maculata,2,2,2,2,1,Euphorbia maculata,wfo-0000963182 | wfo-0000963338,Euphorbia maculata | Euphorbia meyeniana,Euphorbiaceae,2,2,2,2,1,Euphorbia maculata,wfo-0000963182 | wfo-0000963338,Euphorbia maculata | Euphorbia meyeniana,Euphorbiaceae,exact_conflict,manual_review
Euterpe oleracea,euterpe oleracea,euterpe oleracea,2,2,2,2,1,Euterpe oleracea,wfo-0000965687 | wfo-0000965700,Euterpe oleracea | Euterpe precatoria var. precatoria,Arecaceae,2,2,2,2,1,Euterpe oleracea,wfo-0000965687 | wfo-0000965700,Euterpe oleracea | Euterpe precatoria var. precatoria,Arecaceae,exact_conflict,manual_review
Ficus cordata,ficus cordata,ficus cordata,3,3,3,3,1,Ficus cordata,wfo-0000687917 | wfo-0000688216 | wfo-0000690698,Ficus cordata | Ficus elastica | Ficus triloba,Moraceae,3,3,3,3,1,Ficus cordata,wfo-0000687917 | wfo-0000688216 | wfo-0000690698,Ficus cordata | Ficus elastica | Ficus triloba,Moraceae,exact_conflict,manual_review
Ficus microcarpa,ficus microcarpa,ficus microcarpa,3,3,3,3,1,Ficus microcarpa,wfo-0000689298 | wfo-0000689925 | wfo-0000690599,Ficus microcarpa | Ficus punctata | Ficus thonningii,Moraceae,3,3,3,3,1,Ficus microcarpa,wfo-0000689298 | wfo-0000689925 | wfo-0000690599,Ficus microcarpa | Ficus punctata | Ficus thonningii,Moraceae,exact_conflict,manual_review
Ficus pumila,ficus pumila,ficus pumila,2,2,2,2,1,Ficus pumila,wfo-0000688248 | wfo-0000689922,Ficus erecta | Ficus pumila,Moraceae,2,2,2,2,1,Ficus pumila,wfo-0000688248 | wfo-0000689922,Ficus erecta | Ficus pumila,Moraceae,exact_conflict,manual_review
Flemingia macrophylla,flemingia macrophylla,flemingia macrophylla,3,3,3,3,1,Flemingia macrophylla,wfo-0000194834 | wfo-0000194840 | wfo-0000691302,Flemingia javanica | Flemingia macrophylla | Flemingia prostrata,Fabaceae,3,3,3,3,1,Flemingia macrophylla,wfo-0000194834 | wfo-0000194840 | wfo-0000691302,Flemingia javanica | Flemingia macrophylla | Flemingia prostrata,Fabaceae,exact_conflict,manual_review
Fuchsia boliviana,fuchsia boliviana,fuchsia boliviana,2,2,2,2,1,Fuchsia boliviana,wfo-0000692665 | wfo-0000692888,Fuchsia boliviana | Fuchsia sanctae-rosae,Onagraceae,2,2,2,2,1,Fuchsia boliviana,wfo-0000692665 | wfo-0000692888,Fuchsia boliviana | Fuchsia sanctae-rosae,Onagraceae,exact_conflict,manual_review
Fumaria schrammii,fumaria schrammii,fumaria schrammii,2,2,2,2,1,Fumaria schrammii,wfo-0000693484 | wfo-0001090376,Fumaria schrammii | Fumaria vaillantii var. schrammii,Papaveraceae,2,2,2,2,1,Fumaria schrammii,wfo-0000693484 | wfo-0001090376,Fumaria schrammii | Fumaria vaillantii var. schrammii,Papaveraceae,exact_conflict,manual_review
Garcinia acuminata,garcinia acuminata,garcinia acuminata,3,3,2,2,1,Garcinia acuminata,wfo-0000694108 | wfo-0000694536,Garcinia acuminata | Garcinia ovalifolia,Clusiaceae,3,3,2,2,1,Garcinia acuminata,wfo-0000694108 | wfo-0000694536,Garcinia acuminata | Garcinia ovalifolia,Clusiaceae,exact_conflict,manual_review
Garcinia cornea,garcinia cornea,garcinia cornea,2,2,2,2,1,Garcinia cornea,wfo-0000694214 | wfo-1000040941,Garcinia celebica | Garcinia cowa,Clusiaceae,2,2,2,2,1,Garcinia cornea,wfo-0000694214 | wfo-1000040941,Garcinia celebica | Garcinia cowa,Clusiaceae,exact_conflict,manual_review
Garcinia lateriflora,garcinia lateriflora,garcinia lateriflora,2,2,2,2,1,Garcinia lateriflora,wfo-0000694370 | wfo-0000694411,Garcinia humilis | Garcinia lateriflora,Clusiaceae,2,2,2,2,1,Garcinia lateriflora,wfo-0000694370 | wfo-0000694411,Garcinia humilis | Garcinia lateriflora,Clusiaceae,exact_conflict,manual_review
Garcinia macrophylla,garcinia macrophylla,garcinia macrophylla,3,3,2,2,1,Garcinia macrophylla,wfo-0000694438 | wfo-1200094409,Garcinia macrophylla | Garcinia nervosa var. nervosa,Clusiaceae,3,3,2,2,1,Garcinia macrophylla,wfo-0000694438 | wfo-1200094409,Garcinia macrophylla | Garcinia nervosa var. nervosa,Clusiaceae,exact_conflict,manual_review
Garcinia volkensii,garcinia volkensii,garcinia volkensii,2,2,2,2,1,Garcinia volkensii,wfo-0000694601 | wfo-0000694732,Garcinia quadrilocularis | Garcinia volkensii,Clusiaceae,2,2,2,2,1,Garcinia volkensii,wfo-0000694601 | wfo-0000694732,Garcinia quadrilocularis | Garcinia volkensii,Clusiaceae,exact_conflict,manual_review
Genista sessilifolia,genista sessilifolia,genista sessilifolia,2,2,2,2,1,Genista sessilifolia,wfo-0000213268 | wfo-0000213765,Cytisophyllum sessilifolium | Genista sessilifolia,Fabaceae,2,2,2,2,1,Genista sessilifolia,wfo-0000213268 | wfo-0000213765,Cytisophyllum sessilifolium | Genista sessilifolia,Fabaceae,exact_conflict,manual_review
Gentiana macrophylla,gentiana macrophylla,gentiana macrophylla,2,2,2,2,1,Gentiana macrophylla,wfo-0000697095 | wfo-0000697942,Gentiana burseri subsp. villarsii | Gentiana macrophylla,Gentianaceae,2,2,2,2,1,Gentiana macrophylla,wfo-0000697095 | wfo-0000697942,Gentiana burseri subsp. villarsii | Gentiana macrophylla,Gentianaceae,exact_conflict,manual_review
Gleditsia japonica,gleditsia japonica,gleditsia japonica,2,2,2,2,1,Gleditsia japonica,wfo-0000185997 | wfo-0000186270,Gleditsia japonica | Gleditsia sinensis,Fabaceae,2,2,2,2,1,Gleditsia japonica,wfo-0000185997 | wfo-0000186270,Gleditsia japonica | Gleditsia sinensis,Fabaceae,exact_conflict,manual_review
Glycine,glycine,glycine,2,2,2,2,1,Glycine,wfo-4000032154 | wfo-4000049061,Glycine | Pueraria,Fabaceae,2,2,2,2,1,Glycine,wfo-4000032154 | wfo-4000049061,Glycine | Pueraria,Fabaceae,exact_conflict,manual_review
Glycyrrhiza echinata,glycyrrhiza echinata,glycyrrhiza echinata,2,2,2,2,1,Glycyrrhiza echinata,wfo-0000212813 | wfo-0000213773,Glycyrrhiza echinata | Glycyrrhiza glabra,Fabaceae,2,2,2,2,1,Glycyrrhiza echinata,wfo-0000212813 | wfo-0000213773,Glycyrrhiza echinata | Glycyrrhiza glabra,Fabaceae,exact_conflict,manual_review
Gossypium hirsutum,gossypium hirsutum,gossypium hirsutum,2,2,2,2,1,Gossypium hirsutum,wfo-0000707931 | wfo-0001394146,Gossypium hirsutum | Gossypium hirsutum var. hirsutum,Malvaceae,3,3,2,2,1,Gossypium hirsutum | Gossypium hirsutum prol. yucatanense,wfo-0000707931 | wfo-0001394146,Gossypium hirsutum | Gossypium hirsutum var. hirsutum,Malvaceae,exact_conflict,manual_review
Grindelia pulchella,grindelia pulchella,grindelia pulchella,2,2,2,2,1,Grindelia pulchella,wfo-0000018709 | wfo-0000083286,Grindelia pulchella | Haplopappus pulchellus,Asteraceae,2,2,2,2,1,Grindelia pulchella,wfo-0000018709 | wfo-0000083286,Grindelia pulchella | Haplopappus pulchellus,Asteraceae,exact_conflict,manual_review
Gynura aurantiaca,gynura aurantiaca,gynura aurantiaca,2,2,2,2,1,Gynura aurantiaca,wfo-0000020399 | wfo-0000033307,Crassocephalum vitellinum | Gynura aurantiaca,Asteraceae,2,2,2,2,1,Gynura aurantiaca,wfo-0000020399 | wfo-0000033307,Crassocephalum vitellinum | Gynura aurantiaca,Asteraceae,exact_conflict,manual_review
Helichrysum oreophilum,helichrysum oreophilum,helichrysum oreophilum,2,2,2,2,1,Helichrysum oreophilum,wfo-0000022658 | wfo-0000102889,Helichrysum oreophilum | Troglophyton capillaceum subsp. capillaceum,Asteraceae,2,2,2,2,1,Helichrysum oreophilum,wfo-0000022658 | wfo-0000102889,Helichrysum oreophilum | Troglophyton capillaceum subsp. capillaceum,Asteraceae,exact_conflict,manual_review
Helichrysum tenuiculum,helichrysum tenuiculum,helichrysum tenuiculum,2,2,2,2,1,Helichrysum tenuiculum,wfo-0000035694 | wfo-0000119802,Helichrysum melanacme | Helichrysum tenuiculum,Asteraceae,2,2,2,2,1,Helichrysum tenuiculum,wfo-0000035694 | wfo-0000119802,Helichrysum melanacme | Helichrysum tenuiculum,Asteraceae,exact_conflict,manual_review
Hypericum erectum,hypericum erectum,hypericum erectum,2,2,2,2,1,Hypericum erectum,wfo-0000727608 | wfo-0000727692,Hypericum erectum | Hypericum grandifolium,Hypericaceae,3,3,3,3,1,Hypericum erectum | Hypericum erectum prol. vaniotii,wfo-0000727608 | wfo-0000727692 | wfo-0000748341,Hypericum erectum | Hypericum erectum f. vaniotii | Hypericum grandifolium,Hypericaceae,exact_conflict,manual_review
Hypericum hirsutum,hypericum hirsutum,hypericum hirsutum,2,2,2,2,1,Hypericum hirsutum,wfo-0000727454 | wfo-0000727741,Hypericum caprifolium | Hypericum hirsutum,Hypericaceae,2,2,2,2,1,Hypericum hirsutum,wfo-0000727454 | wfo-0000727741,Hypericum caprifolium | Hypericum hirsutum,Hypericaceae,exact_conflict,manual_review
Hypericum maculatum,hypericum maculatum,hypericum maculatum,2,2,2,2,1,Hypericum maculatum,wfo-0000727911 | wfo-0000728173,Hypericum maculatum | Hypericum punctatum,Hypericaceae,4,4,3,3,1,Hypericum maculatum | Hypericum maculatum subf. lucidum | Hypericum maculatum subf. nigrum,wfo-0000727911 | wfo-0000727921 | wfo-0000728173,Hypericum maculatum | Hypericum maculatum subsp. obtusiusculum | Hypericum punctatum,Hypericaceae,exact_conflict,manual_review
Indigofera microcarpa,indigofera microcarpa,indigofera microcarpa,2,2,2,2,1,Indigofera microcarpa,wfo-0000193683 | wfo-0001061583,Indigofera microcarpa | Indigofera tinctoria var. tinctoria,Fabaceae,2,2,2,2,1,Indigofera microcarpa,wfo-0000193683 | wfo-0001061583,Indigofera microcarpa | Indigofera tinctoria var. tinctoria,Fabaceae,exact_conflict,manual_review
Inula macrophylla,inula macrophylla,inula macrophylla,3,3,2,2,1,Inula macrophylla,wfo-0000068893 | wfo-0000126359,Inula grandis | Inula paniculata,Asteraceae,3,3,2,2,1,Inula macrophylla,wfo-0000068893 | wfo-0000126359,Inula grandis | Inula paniculata,Asteraceae,exact_conflict,manual_review
Iris pallida,iris pallida,iris pallida,3,3,3,3,1,Iris pallida,wfo-0000783371 | wfo-0000783416 | wfo-0000783695,Iris × germanica | Iris halophila | Iris pallida,Iridaceae,3,3,3,3,1,Iris pallida,wfo-0000783371 | wfo-0000783416 | wfo-0000783695,Iris × germanica | Iris halophila | Iris pallida,Iridaceae,exact_conflict,manual_review
Isolepis humillima,isolepis humillima,isolepis humillima,2,2,2,2,1,Isolepis humillima,wfo-0000342220 | wfo-0001427379,Bulbostylis humilis | Schoenoplectiella humillima,Cyperaceae,2,2,2,2,1,Isolepis humillima,wfo-0000342220 | wfo-0001427379,Bulbostylis humilis | Schoenoplectiella humillima,Cyperaceae,exact_conflict,manual_review
Isolepis prolifera,isolepis prolifera,isolepis prolifera,4,4,4,4,1,Isolepis prolifera,wfo-0000448180 | wfo-0000448360 | wfo-0000448648 | wfo-0000449923,Isolepis bicolor | Isolepis cernua var. cernua | Isolepis distigmatosa | Isolepis prolifera,Cyperaceae,4,4,4,4,1,Isolepis prolifera,wfo-0000448180 | wfo-0000448360 | wfo-0000448648 | wfo-0000449923,Isolepis bicolor | Isolepis cernua var. cernua | Isolepis distigmatosa | Isolepis prolifera,Cyperaceae,exact_conflict,manual_review
Ixora coccinea,ixora coccinea,ixora coccinea,3,3,3,3,2,Ixora coccinea,wfo-0000218302 | wfo-0000218311 | wfo-0000667056,Embothrium coccineum | Ixora chinensis | Ixora coccinea,Proteaceae | Rubiaceae,3,3,3,3,2,Ixora coccinea,wfo-0000218302 | wfo-0000218311 | wfo-0000667056,Embothrium coccineum | Ixora chinensis | Ixora coccinea,Proteaceae | Rubiaceae,exact_conflict,manual_review
Juniperus barbadensis,juniperus barbadensis,juniperus barbadensis,2,2,2,2,1,Juniperus barbadensis,wfo-0000355559 | wfo-0000355589,Juniperus barbadensis | Juniperus chinensis,Cupressaceae,2,2,2,2,1,Juniperus barbadensis,wfo-0000355559 | wfo-0000355589,Juniperus barbadensis | Juniperus chinensis,Cupressaceae,exact_conflict,manual_review
Juniperus chinensis,juniperus chinensis,juniperus chinensis,2,2,2,2,2,Juniperus chinensis,wfo-0000355589 | wfo-0000737073,Juniperus chinensis | Podocarpus macrophyllus var. maki,Cupressaceae | Podocarpaceae,2,2,2,2,2,Juniperus chinensis,wfo-0000355589 | wfo-0000737073,Juniperus chinensis | Podocarpus macrophyllus var. maki,Cupressaceae | Podocarpaceae,exact_conflict,manual_review
Juniperus communis,juniperus communis,juniperus communis,2,2,2,2,1,Juniperus communis,wfo-0000354956 | wfo-0000355532,Juniperus communis | Juniperus rigida,Cupressaceae,2,2,2,2,1,Juniperus communis,wfo-0000354956 | wfo-0000355532,Juniperus communis | Juniperus rigida,Cupressaceae,exact_conflict,manual_review
Juniperus excelsa,juniperus excelsa,juniperus excelsa,5,5,5,5,1,Juniperus excelsa,wfo-0000354991 | wfo-0000354992 | wfo-0000354994 | wfo-0000355502 | wfo-0000355503,Juniperus excelsa | Juniperus excelsa subsp. polycarpos | Juniperus sabina | Juniperus scopulorum | Juniperus semiglobosa,Cupressaceae,5,5,5,5,1,Juniperus excelsa,wfo-0000354991 | wfo-0000354992 | wfo-0000354994 | wfo-0000355502 | wfo-0000355503,Juniperus excelsa | Juniperus excelsa subsp. polycarpos | Juniperus sabina | Juniperus scopulorum | Juniperus semiglobosa,Cupressaceae,exact_conflict,manual_review
Juniperus sabina,juniperus sabina,juniperus sabina,4,4,4,4,1,Juniperus sabina,wfo-0000354994 | wfo-0000355502 | wfo-0000355516 | wfo-0000355734,Juniperus excelsa | Juniperus foetidissima | Juniperus pseudosabina | Juniperus sabina,Cupressaceae,4,4,4,4,1,Juniperus sabina,wfo-0000354994 | wfo-0000355502 | wfo-0000355516 | wfo-0000355734,Juniperus excelsa | Juniperus foetidissima | Juniperus pseudosabina | Juniperus sabina,Cupressaceae,exact_conflict,manual_review
Justicia adhatoda,justicia adhatoda,justicia adhatoda,2,2,2,2,1,Justicia adhatoda,wfo-0000354128 | wfo-1200029553,Ecbolium ligustrinum var. ligustrinum | Justicia adhatoda,Acanthaceae,2,2,2,2,1,Justicia adhatoda,wfo-0000354128 | wfo-1200029553,Ecbolium ligustrinum var. ligustrinum | Justicia adhatoda,Acanthaceae,exact_conflict,manual_review
Justicia paniculata,justicia paniculata,justicia paniculata,4,4,3,3,1,Justicia paniculata,wfo-0000354046 | wfo-0000534069 | wfo-1000051269,Andrographis paniculata | Hypoestes forskaolii | Justicia salviiflora,Acanthaceae,4,4,3,3,1,Justicia paniculata,wfo-0000354046 | wfo-0000534069 | wfo-1000051269,Andrographis paniculata | Hypoestes forskaolii | Justicia salviiflora,Acanthaceae,exact_conflict,manual_review
Klasea centauroides,klasea centauroides,klasea centauroides,2,2,2,2,1,Klasea centauroides,wfo-0000008469 | wfo-0000131165,Klasea centauroides | Serratula centauroides,Asteraceae,2,2,2,2,1,Klasea centauroides,wfo-0000008469 | wfo-0000131165,Klasea centauroides | Serratula centauroides,Asteraceae,exact_conflict,manual_review
Krameria lanceolata,krameria lanceolata,krameria lanceolata,2,2,2,2,1,Krameria lanceolata,wfo-0000357679 | wfo-0001069551,Krameria ixine | Krameria lanceolata,Krameriaceae,2,2,2,2,1,Krameria lanceolata,wfo-0000357679 | wfo-0001069551,Krameria ixine | Krameria lanceolata,Krameriaceae,exact_conflict,manual_review
Lathyrus cicera,lathyrus cicera,lathyrus cicera,3,3,3,2,1,Lathyrus cicera,wfo-0000175952 | wfo-0000212675 | wfo-0000212677,Lathyrus articulatus | Lathyrus cicera,Fabaceae,4,4,3,2,1,Lathyrus cicera | Lathyrus cicera prol. erythrinus,wfo-0000175952 | wfo-0000212675 | wfo-0000212677,Lathyrus articulatus | Lathyrus cicera,Fabaceae,exact_conflict,manual_review
Lathyrus grandiflorus,lathyrus grandiflorus,lathyrus grandiflorus,2,2,2,2,1,Lathyrus grandiflorus,wfo-0000213808 | wfo-0000213824,Lathyrus grandiflorus | Lathyrus sylvestris,Fabaceae,2,2,2,2,1,Lathyrus grandiflorus,wfo-0000213808 | wfo-0000213824,Lathyrus grandiflorus | Lathyrus sylvestris,Fabaceae,exact_conflict,manual_review
Lathyrus palustris,lathyrus palustris,lathyrus palustris,2,2,2,2,1,Lathyrus palustris,wfo-0000212676 | wfo-0000213816,Lathyrus clymenum | Lathyrus palustris,Fabaceae,2,2,2,2,1,Lathyrus palustris,wfo-0000212676 | wfo-0000213816,Lathyrus clymenum | Lathyrus palustris,Fabaceae,exact_conflict,manual_review
Lathyrus roseus,lathyrus roseus,lathyrus roseus,2,2,2,2,1,Lathyrus roseus,wfo-0000182187 | wfo-0000213821,Lathyrus hookeri | Lathyrus roseus,Fabaceae,2,2,2,2,1,Lathyrus roseus,wfo-0000182187 | wfo-0000213821,Lathyrus hookeri | Lathyrus roseus,Fabaceae,exact_conflict,manual_review
Lespedeza juncea,lespedeza juncea,lespedeza juncea,2,2,2,2,1,Lespedeza juncea,wfo-0000186750 | wfo-0000205129,Indigofera aspalathoides | Lespedeza juncea,Fabaceae,2,2,2,2,1,Lespedeza juncea,wfo-0000186750 | wfo-0000205129,Indigofera aspalathoides | Lespedeza juncea,Fabaceae,exact_conflict,manual_review
Lespedeza virgata,lespedeza virgata,lespedeza virgata,4,4,3,3,1,Lespedeza virgata,wfo-0000173704 | wfo-0000185058 | wfo-0000192231,Lespedeza cyrtobotrya | Lespedeza stuevei | Lespedeza virgata,Fabaceae,4,4,3,3,1,Lespedeza virgata,wfo-0000173704 | wfo-0000185058 | wfo-0000192231,Lespedeza cyrtobotrya | Lespedeza stuevei | Lespedeza virgata,Fabaceae,exact_conflict,manual_review
Lotus creticus,lotus creticus,lotus creticus,2,2,2,2,1,Lotus creticus,wfo-0000212182 | wfo-0000212184,Lotus creticus | Lotus cytisoides,Fabaceae,2,2,2,2,1,Lotus creticus,wfo-0000212182 | wfo-0000212184,Lotus creticus | Lotus cytisoides,Fabaceae,exact_conflict,manual_review
Lotus uliginosus,lotus uliginosus,lotus uliginosus,2,2,2,2,1,Lotus uliginosus,wfo-0000214146 | wfo-0001425600,Lotus corniculatus subsp. corniculatus | Lotus pedunculatus subsp. pedunculatus,Fabaceae,2,2,2,2,1,Lotus uliginosus,wfo-0000214146 | wfo-0001425600,Lotus corniculatus subsp. corniculatus | Lotus pedunculatus subsp. pedunculatus,Fabaceae,exact_conflict,manual_review
Lupinus angustifolius,lupinus angustifolius,lupinus angustifolius,2,2,2,2,1,Lupinus angustifolius,wfo-0000204275 | wfo-0000213485,Lupinus angustifolius | Zornia diphylla,Fabaceae,4,4,2,2,1,Lupinus angustifolius | Lupinus angustifolius prol. cryptanthus | Lupinus angustifolius prol. linifolius,wfo-0000204275 | wfo-0000213485,Lupinus angustifolius | Zornia diphylla,Fabaceae,exact_conflict,manual_review
Lupinus mexicanus,lupinus mexicanus,lupinus mexicanus,3,3,3,3,1,Lupinus mexicanus,wfo-0000183548 | wfo-0001055502 | wfo-0001425602,Lupinus albicaulis | Lupinus argenteus subsp. argenteus | Lupinus mexicanus,Fabaceae,3,3,3,3,1,Lupinus mexicanus,wfo-0000183548 | wfo-0001055502 | wfo-0001425602,Lupinus albicaulis | Lupinus argenteus subsp. argenteus | Lupinus mexicanus,Fabaceae,exact_conflict,manual_review
Lupinus micranthus,lupinus micranthus,lupinus micranthus,2,2,2,2,1,Lupinus micranthus,wfo-0000168077 | wfo-0000363797,Lupinus bicolor | Lupinus gussoneanus,Fabaceae,2,2,2,2,1,Lupinus micranthus,wfo-0000168077 | wfo-0000363797,Lupinus bicolor | Lupinus gussoneanus,Fabaceae,exact_conflict,manual_review
Lupinus pilosus,lupinus pilosus,lupinus pilosus,3,3,2,2,1,Lupinus pilosus,wfo-0000174783 | wfo-0000185679,Lupinus pilosus | Lupinus villosus,Fabaceae,4,4,3,3,1,Lupinus pilosus | Lupinus pilosus prol. cosentinii,wfo-0000174783 | wfo-0000185679 | wfo-0000213488,Lupinus cosentinii | Lupinus pilosus | Lupinus villosus,Fabaceae,exact_conflict,manual_review
Lupinus rivularis,lupinus rivularis,lupinus rivularis,3,3,3,3,1,Lupinus rivularis,wfo-0000174755 | wfo-0000213844 | wfo-0001055506,Lupinus arboreus | Lupinus chamissonis | Lupinus rivularis,Fabaceae,3,3,3,3,1,Lupinus rivularis,wfo-0000174755 | wfo-0000213844 | wfo-0001055506,Lupinus arboreus | Lupinus chamissonis | Lupinus rivularis,Fabaceae,exact_conflict,manual_review
Lupinus sericeus,lupinus sericeus,lupinus sericeus,2,2,2,2,1,Lupinus sericeus,wfo-0000174760 | wfo-0000213844,Lupinus arboreus | Lupinus sericeus,Fabaceae,2,2,2,2,1,Lupinus sericeus,wfo-0000174760 | wfo-0000213844,Lupinus arboreus | Lupinus sericeus,Fabaceae,exact_conflict,manual_review
Lycoris radiata,lycoris radiata,lycoris radiata,2,2,2,2,1,Lycoris radiata,wfo-0000683573 | wfo-0000751145,Lycoris radiata | Ungernia trisphaera,Amaryllidaceae,2,2,2,2,1,Lycoris radiata,wfo-0000683573 | wfo-0000751145,Lycoris radiata | Ungernia trisphaera,Amaryllidaceae,exact_conflict,manual_review
Mabea fistulifera,mabea fistulifera,mabea fistulifera,2,2,2,2,1,Mabea fistulifera,wfo-0000231621 | wfo-0000231651,Mabea angustifolia | Mabea fistulifera,Euphorbiaceae,2,2,2,2,1,Mabea fistulifera,wfo-0000231621 | wfo-0000231651,Mabea angustifolia | Mabea fistulifera,Euphorbiaceae,exact_conflict,manual_review
Medicago glomerata,medicago glomerata,medicago glomerata,2,2,2,2,1,Medicago glomerata,wfo-0000185583 | wfo-0000186621,Medicago brachycarpa | Medicago sativa subsp. glomerata,Fabaceae,2,2,2,2,1,Medicago glomerata,wfo-0000185583 | wfo-0000186621,Medicago brachycarpa | Medicago sativa subsp. glomerata,Fabaceae,exact_conflict,manual_review
Medicago rugosa,medicago rugosa,medicago rugosa,2,2,2,2,1,Medicago rugosa,wfo-0000213467 | wfo-0001055366,Medicago rugosa | Medicago turbinata,Fabaceae,2,2,2,2,1,Medicago rugosa,wfo-0000213467 | wfo-0001055366,Medicago rugosa | Medicago turbinata,Fabaceae,exact_conflict,manual_review
Medicago scutellata,medicago scutellata,medicago scutellata,2,2,2,2,1,Medicago scutellata,wfo-0000213459 | wfo-0000213473,Medicago orbicularis | Medicago scutellata,Fabaceae,2,2,2,2,1,Medicago scutellata,wfo-0000213459 | wfo-0000213473,Medicago orbicularis | Medicago scutellata,Fabaceae,exact_conflict,manual_review
Mikania micrantha,mikania micrantha,mikania micrantha,3,3,2,2,1,Mikania micrantha,wfo-0000057823 | wfo-0000062531,Mikania cynanchifolia | Mikania micrantha,Asteraceae,3,3,2,2,1,Mikania micrantha,wfo-0000057823 | wfo-0000062531,Mikania cynanchifolia | Mikania micrantha,Asteraceae,exact_conflict,manual_review
Millettia leucantha,millettia leucantha,millettia leucantha,2,2,2,2,1,Millettia leucantha,wfo-0000374059 | wfo-1000002933,Imbralyx leucanthus | Millettia vatkei,Fabaceae,2,2,2,2,1,Millettia leucantha,wfo-0000374059 | wfo-1000002933,Imbralyx leucanthus | Millettia vatkei,Fabaceae,exact_conflict,manual_review
Millettia speciosa,millettia speciosa,millettia speciosa,3,3,2,2,1,Millettia speciosa,wfo-0000183559 | wfo-0001444004,Lonchocarpus sericeus | Nanhaia speciosa,Fabaceae,3,3,2,2,1,Millettia speciosa,wfo-0000183559 | wfo-0001444004,Lonchocarpus sericeus | Nanhaia speciosa,Fabaceae,exact_conflict,manual_review
Mimosa glaucescens,mimosa glaucescens,mimosa glaucescens,2,2,2,2,1,Mimosa glaucescens,wfo-0000190121 | wfo-0001062351,Acacia binervia | Mimosa debilis var. debilis,Fabaceae,2,2,2,2,1,Mimosa glaucescens,wfo-0000190121 | wfo-0001062351,Acacia binervia | Mimosa debilis var. debilis,Fabaceae,exact_conflict,manual_review
Mimosa tenuiflora,mimosa tenuiflora,mimosa tenuiflora,2,2,2,2,1,Mimosa tenuiflora,wfo-0000174654 | wfo-0001053233,Mimosa tenuiflora | Mimosa zimapanensis,Fabaceae,2,2,2,2,1,Mimosa tenuiflora,wfo-0000174654 | wfo-0001053233,Mimosa tenuiflora | Mimosa zimapanensis,Fabaceae,exact_conflict,manual_review
Mimosa tenuifolia,mimosa tenuifolia,mimosa tenuifolia,4,4,3,3,1,Mimosa tenuifolia,wfo-0000182730 | wfo-0001050772 | wfo-0001337072,Senegalia intsia | Senegalia rugata | Senegalia tenuifolia,Fabaceae,4,4,3,3,1,Mimosa tenuifolia,wfo-0000182730 | wfo-0001050772 | wfo-0001337072,Senegalia intsia | Senegalia rugata | Senegalia tenuifolia,Fabaceae,exact_conflict,manual_review
Mimulus,mimulus,mimulus,2,2,2,2,2,Mimulus,wfo-4000024336 | wfo-4000032946,Mimulus | Rhinanthus,Orobanchaceae | Phrymaceae,2,2,2,2,2,Mimulus,wfo-4000024336 | wfo-4000032946,Mimulus | Rhinanthus,Orobanchaceae | Phrymaceae,exact_conflict,manual_review
Mimusops elengi,mimusops elengi,mimusops elengi,2,2,2,2,1,Mimusops elengi,wfo-0000235898 | wfo-0000244577,Manilkara kauki | Mimusops elengi,Sapotaceae,2,2,2,2,1,Mimusops elengi,wfo-0000235898 | wfo-0000244577,Manilkara kauki | Mimusops elengi,Sapotaceae,exact_conflict,manual_review
Murraya exotica,murraya exotica,murraya exotica,3,3,2,2,1,Murraya exotica,wfo-0000453279 | wfo-0000704558,Glycosmis pentaphylla | Murraya paniculata,Rutaceae,3,3,2,2,1,Murraya exotica,wfo-0000453279 | wfo-0000704558,Glycosmis pentaphylla | Murraya paniculata,Rutaceae,exact_conflict,manual_review
Myrsine coriacea,myrsine coriacea,myrsine coriacea,2,2,2,2,1,Myrsine coriacea,wfo-0000449079 | wfo-1200070233,Myrsine coriacea | Myrsine ovalis var. ovalis,Primulaceae,2,2,2,2,1,Myrsine coriacea,wfo-0000449079 | wfo-1200070233,Myrsine coriacea | Myrsine ovalis var. ovalis,Primulaceae,exact_conflict,manual_review
Myrtus communis,myrtus communis,myrtus communis,2,2,2,2,1,Myrtus communis,wfo-0000248712 | wfo-0000937986,Decaspermum blancoi | Myrtus communis,Myrtaceae,3,3,3,3,1,Myrtus communis | Myrtus communis unranked variegata,wfo-0000248712 | wfo-0000248721 | wfo-0000937986,Decaspermum blancoi | Myrtus communis | Myrtus communis subsp. communis,Myrtaceae,exact_conflict,manual_review
Ononis alopecuroides,ononis alopecuroides,ononis alopecuroides,2,2,2,2,1,Ononis alopecuroides,wfo-0000183367 | wfo-0000212834,Ononis alopecuroides | Ononis arvensis,Fabaceae,3,3,3,3,1,Ononis alopecuroides | Ononis alopecuroides prol. trifoliata,wfo-0000183367 | wfo-0000212834 | wfo-0000212835,Ononis alopecuroides | Ononis alopecuroides subsp. alopecuroides | Ononis arvensis,Fabaceae,exact_conflict,manual_review
Ononis minutissima,ononis minutissima,ononis minutissima,2,2,2,2,1,Ononis minutissima,wfo-0000186148 | wfo-0000212876,Ononis minutissima | Ononis pusilla subsp. pusilla,Fabaceae,2,2,2,2,1,Ononis minutissima,wfo-0000186148 | wfo-0000212876,Ononis minutissima | Ononis pusilla subsp. pusilla,Fabaceae,exact_conflict,manual_review
Ononis ornithopodioides,ononis ornithopodioides,ononis ornithopodioides,2,2,2,2,1,Ononis ornithopodioides,wfo-0000188776 | wfo-0000212892,Medicago minima | Ononis ornithopodioides,Fabaceae,2,2,2,2,1,Ononis ornithopodioides,wfo-0000188776 | wfo-0000212892,Medicago minima | Ononis ornithopodioides,Fabaceae,exact_conflict,manual_review
Ononis serrata,ononis serrata,ononis serrata,3,3,2,2,1,Ononis serrata,wfo-0000212860 | wfo-0000212912,Ononis diffusa | Ononis serrata,Fabaceae,4,4,2,2,1,Ononis serrata | Ononis serrata prol. diffusa,wfo-0000212860 | wfo-0000212912,Ononis diffusa | Ononis serrata,Fabaceae,exact_conflict,manual_review
Ononis spinosa,ononis spinosa,ononis spinosa,2,2,2,2,1,Ononis spinosa,wfo-0000183372 | wfo-0001444305,Alhagi maurorum var. maurorum | Ononis spinosa,Fabaceae,3,3,3,3,1,Ononis spinosa | Ononis spinosa prol. antiquorum,wfo-0000183372 | wfo-0000212844 | wfo-0001444305,Alhagi maurorum var. maurorum | Ononis spinosa | Ononis spinosa subsp. antiquorum,Fabaceae,exact_conflict,manual_review
Ononis viscosa,ononis viscosa,ononis viscosa,2,2,2,2,1,Ononis viscosa,wfo-0000212906 | wfo-0000212926,Ononis pubescens | Ononis viscosa,Fabaceae,6,6,5,5,1,Ononis viscosa | Ononis viscosa prol. brachycarpa | Ononis viscosa prol. breviflora | Ononis viscosa prol. longearistata | Ononis viscosa prol. longiaristata,wfo-0000212906 | wfo-0000212926 | wfo-0000212927 | wfo-0000212928 | wfo-0000212929,Ononis pubescens | Ononis viscosa | Ononis viscosa subsp. brachycarpa | Ononis viscosa subsp. breviflora | Ononis viscosa subsp. viscosa,Fabaceae,exact_conflict,manual_review
Onychium japonicum,onychium japonicum,onychium japonicum,2,2,2,2,2,Onychium japonicum,wfo-0000939888 | wfo-0001107373,Dendrobium moniliforme | Onychium japonicum,Orchidaceae | Pteridaceae,2,2,2,2,2,Onychium japonicum,wfo-0000939888 | wfo-0001107373,Dendrobium moniliforme | Onychium japonicum,Orchidaceae | Pteridaceae,exact_conflict,manual_review
Ophiorrhiza bracteata,ophiorrhiza bracteata,ophiorrhiza bracteata,2,2,2,2,1,Ophiorrhiza bracteata,wfo-0000256918 | wfo-0000257223,Ophiorrhiza bracteata | Ophiorrhiza ridleyi,Rubiaceae,2,2,2,2,1,Ophiorrhiza bracteata,wfo-0000256918 | wfo-0000257223,Ophiorrhiza bracteata | Ophiorrhiza ridleyi,Rubiaceae,exact_conflict,manual_review
Oreobolus distichus,oreobolus distichus,oreobolus distichus,2,2,2,2,1,Oreobolus distichus,wfo-0000481284 | wfo-0000481355,Oreobolus distichus | Oreobolus kuekenthalii,Cyperaceae,2,2,2,2,1,Oreobolus distichus,wfo-0000481284 | wfo-0000481355,Oreobolus distichus | Oreobolus kuekenthalii,Cyperaceae,exact_conflict,manual_review
Oxytropis falcata,oxytropis falcata,oxytropis falcata,2,2,2,2,1,Oxytropis falcata,wfo-0000179376 | wfo-0000198975,Oxytropis falcata | Oxytropis lambertii var. lambertii,Fabaceae,2,2,2,2,1,Oxytropis falcata,wfo-0000179376 | wfo-0000198975,Oxytropis falcata | Oxytropis lambertii var. lambertii,Fabaceae,exact_conflict,manual_review
Parinari montana,parinari montana,parinari montana,2,2,2,2,1,Parinari montana,wfo-0000816522 | wfo-0000817750,Maranthes glabra | Parinari montana,Chrysobalanaceae,2,2,2,2,1,Parinari montana,wfo-0000816522 | wfo-0000817750,Maranthes glabra | Parinari montana,Chrysobalanaceae,exact_conflict,manual_review
Parkia biglobosa,parkia biglobosa,parkia biglobosa,2,2,2,2,1,Parkia biglobosa,wfo-0000178891 | wfo-0000179230,Parkia biglobosa | Parkia timoriana,Fabaceae,2,2,2,2,1,Parkia biglobosa,wfo-0000178891 | wfo-0000179230,Parkia biglobosa | Parkia timoriana,Fabaceae,exact_conflict,manual_review
Peperomia leptostachya,peperomia leptostachya,peperomia leptostachya,2,2,2,2,1,Peperomia leptostachya,wfo-0000477565 | wfo-0001411584,Peperomia humilis var. cumulicola | Peperomia leptostachya,Piperaceae,2,2,2,2,1,Peperomia leptostachya,wfo-0000477565 | wfo-0001411584,Peperomia humilis var. cumulicola | Peperomia leptostachya,Piperaceae,exact_conflict,manual_review
Peperomia obtusifolia,peperomia obtusifolia,peperomia obtusifolia,2,2,2,2,1,Peperomia obtusifolia,wfo-0000477916 | wfo-0000478562,Peperomia emarginulata | Peperomia obtusifolia,Piperaceae,2,2,2,2,1,Peperomia obtusifolia,wfo-0000477916 | wfo-0000478562,Peperomia emarginulata | Peperomia obtusifolia,Piperaceae,exact_conflict,manual_review
Peperomia serpens,peperomia serpens,peperomia serpens,3,3,2,2,1,Peperomia serpens,wfo-0000479465 | wfo-0001263853,Peperomia dimota | Peperomia serpens,Piperaceae,3,3,2,2,1,Peperomia serpens,wfo-0000479465 | wfo-0001263853,Peperomia dimota | Peperomia serpens,Piperaceae,exact_conflict,manual_review
Persicaria salicifolia,persicaria salicifolia,persicaria salicifolia,2,2,2,2,1,Persicaria salicifolia,wfo-0000488020 | wfo-0000488462,Persicaria decipiens | Persicaria maculosa,Polygonaceae,2,2,2,2,1,Persicaria salicifolia,wfo-0000488020 | wfo-0000488462,Persicaria decipiens | Persicaria maculosa,Polygonaceae,exact_conflict,manual_review
Phaseolus vulgaris,phaseolus vulgaris,phaseolus vulgaris,2,2,2,2,1,Phaseolus vulgaris,wfo-0000183263 | wfo-0000183282,Phaseolus lunatus | Phaseolus vulgaris,Fabaceae,2,2,2,2,1,Phaseolus vulgaris,wfo-0000183263 | wfo-0000183282,Phaseolus lunatus | Phaseolus vulgaris,Fabaceae,exact_conflict,manual_review
Phyllanthus tenellus,phyllanthus tenellus,phyllanthus tenellus,2,2,2,2,1,Phyllanthus tenellus,wfo-0000272206 | wfo-0000492110,Phyllanthus graveolens subsp. benthamianus | Phyllanthus tenellus,Phyllanthaceae,2,2,2,2,1,Phyllanthus tenellus,wfo-0000272206 | wfo-0000492110,Phyllanthus graveolens subsp. benthamianus | Phyllanthus tenellus,Phyllanthaceae,exact_conflict,manual_review
Pimpinella anisum,pimpinella anisum,pimpinella anisum,3,3,2,2,1,Pimpinella anisum,wfo-0000390918 | wfo-0000390925,Pimpinella anisum | Pimpinella aromatica,Apiaceae,3,3,2,2,1,Pimpinella anisum,wfo-0000390918 | wfo-0000390925,Pimpinella anisum | Pimpinella aromatica,Apiaceae,exact_conflict,manual_review
Pinus excelsa,pinus excelsa,pinus excelsa,2,2,2,2,1,Pinus excelsa,wfo-0000481612 | wfo-0000482030,Picea abies | Pinus wallichiana,Pinaceae,2,2,2,2,1,Pinus excelsa,wfo-0000481612 | wfo-0000482030,Picea abies | Pinus wallichiana,Pinaceae,exact_conflict,manual_review
Pinus massoniana,pinus massoniana,pinus massoniana,2,2,2,2,1,Pinus massoniana,wfo-0000481662 | wfo-0000736339,Pinus massoniana | Pinus thunbergii,Pinaceae,2,2,2,2,1,Pinus massoniana,wfo-0000481662 | wfo-0000736339,Pinus massoniana | Pinus thunbergii,Pinaceae,exact_conflict,manual_review
Pinus montana,pinus montana,pinus montana,5,5,3,3,1,Pinus montana,wfo-0000481789 | wfo-0000482273 | wfo-0001091635,Pinus cembra | Pinus mugo | Pinus sylvestris var. sylvestris,Pinaceae,5,5,3,3,1,Pinus montana,wfo-0000481789 | wfo-0000482273 | wfo-0001091635,Pinus cembra | Pinus mugo | Pinus sylvestris var. sylvestris,Pinaceae,exact_conflict,manual_review
Pinus sibirica,pinus sibirica,pinus sibirica,2,2,2,2,1,Pinus sibirica,wfo-0000481525 | wfo-0000511396,Abies sibirica | Pinus sibirica,Pinaceae,2,2,2,2,1,Pinus sibirica,wfo-0000481525 | wfo-0000511396,Abies sibirica | Pinus sibirica,Pinaceae,exact_conflict,manual_review
Pinus strobus,pinus strobus,pinus strobus,3,3,2,2,1,Pinus strobus,wfo-0000481082 | wfo-0000481530,Pinus koraiensis | Pinus strobus,Pinaceae,3,3,2,2,1,Pinus strobus,wfo-0000481082 | wfo-0000481530,Pinus koraiensis | Pinus strobus,Pinaceae,exact_conflict,manual_review
Pinus sylvestris,pinus sylvestris,pinus sylvestris,2,2,2,2,1,Pinus sylvestris,wfo-0000481648 | wfo-0000481662,Pinus sylvestris | Pinus thunbergii,Pinaceae,2,2,2,2,1,Pinus sylvestris,wfo-0000481648 | wfo-0000481662,Pinus sylvestris | Pinus thunbergii,Pinaceae,exact_conflict,manual_review
Pinus taeda,pinus taeda,pinus taeda,2,2,2,2,1,Pinus taeda,wfo-0000481052 | wfo-0000481652,Pinus kesiya | Pinus taeda,Pinaceae,2,2,2,2,1,Pinus taeda,wfo-0000481052 | wfo-0000481652,Pinus kesiya | Pinus taeda,Pinaceae,exact_conflict,manual_review
Piper hispidum,piper hispidum,piper hispidum,4,4,3,3,1,Piper hispidum,wfo-0000478980 | wfo-0001094079 | wfo-0001249130,Piper hispidum | Piper mexicanum | Piper sintenense,Piperaceae,4,4,3,3,1,Piper hispidum,wfo-0000478980 | wfo-0001094079 | wfo-0001249130,Piper hispidum | Piper mexicanum | Piper sintenense,Piperaceae,exact_conflict,manual_review
Piper marginatum,piper marginatum,piper marginatum,2,2,2,2,1,Piper marginatum,wfo-0000486009 | wfo-0001093056,Peperomia obtusifolia var. obtusifolia | Piper marginatum,Piperaceae,2,2,2,2,1,Piper marginatum,wfo-0000486009 | wfo-0001093056,Peperomia obtusifolia var. obtusifolia | Piper marginatum,Piperaceae,exact_conflict,manual_review
Piper methysticum,piper methysticum,piper methysticum,2,2,2,2,1,Piper methysticum,wfo-0000486456 | wfo-0001277147,Piper latifolium | Piper methysticum,Piperaceae,2,2,2,2,1,Piper methysticum,wfo-0000486456 | wfo-0001277147,Piper latifolium | Piper methysticum,Piperaceae,exact_conflict,manual_review
Piper obliquum,piper obliquum,piper obliquum,4,4,3,3,1,Piper obliquum,wfo-0000478224 | wfo-0000486275 | wfo-0000487491,Peperomia acuminata | Piper obliquum | Piper tuberculatum,Piperaceae,4,4,3,3,1,Piper obliquum,wfo-0000478224 | wfo-0000486275 | wfo-0000487491,Peperomia acuminata | Piper obliquum | Piper tuberculatum,Piperaceae,exact_conflict,manual_review
Piper sarmentosum,piper sarmentosum,piper sarmentosum,2,2,2,2,1,Piper sarmentosum,wfo-0000486013 | wfo-0001094336,Piper longum | Piper sarmentosum,Piperaceae,2,2,2,2,1,Piper sarmentosum,wfo-0000486013 | wfo-0001094336,Piper longum | Piper sarmentosum,Piperaceae,exact_conflict,manual_review
Polygonum salicifolium,polygonum salicifolium,polygonum salicifolium,2,2,2,2,1,Polygonum salicifolium,wfo-0000488020 | wfo-0000488056,Persicaria amphibia | Persicaria decipiens,Polygonaceae,2,2,2,2,1,Polygonum salicifolium,wfo-0000488020 | wfo-0000488056,Persicaria amphibia | Persicaria decipiens,Polygonaceae,exact_conflict,manual_review
Potentilla chrysantha,potentilla chrysantha,potentilla chrysantha,3,3,3,3,1,Potentilla chrysantha,wfo-0001004825 | wfo-0001005483 | wfo-0001018725,Potentilla chrysantha | Potentilla gracilis var. gracilis | Potentilla thuringiaca,Rosaceae,8,8,5,5,1,Potentilla chrysantha | Potentilla chrysantha prol. euthuringiaca | Potentilla chrysantha prol. goldbachii | Potentilla chrysantha prol. liocarpa | Potentilla chrysantha prol. nestleriana | Potentilla chrysantha unranked elongata,wfo-0001004023 | wfo-0001004825 | wfo-0001005483 | wfo-0001005622 | wfo-0001018725,Potentilla chrysantha | Potentilla chrysantha subsp. amphibola | Potentilla chrysantha subsp. chrysantha | Potentilla gracilis var. gracilis | Potentilla thuringiaca,Rosaceae,exact_conflict,manual_review
Potentilla erecta,potentilla erecta,potentilla erecta,6,6,2,2,1,Potentilla erecta,wfo-0000984938 | wfo-0001011319,Potentilla erecta | Potentilla recta subsp. recta,Rosaceae,9,9,2,2,1,Potentilla erecta | Potentilla erecta unranked dacica | Potentilla erecta unranked nemoralis | Potentilla erecta unranked strictissima,wfo-0000984938 | wfo-0001011319,Potentilla erecta | Potentilla recta subsp. recta,Rosaceae,exact_conflict,manual_review
Potentilla longifolia,potentilla longifolia,potentilla longifolia,2,2,2,2,1,Potentilla longifolia,wfo-0001016002 | wfo-0001018785,Potentilla longifolia | Potentilla pusilla,Rosaceae,2,2,2,2,1,Potentilla longifolia,wfo-0001016002 | wfo-0001018785,Potentilla longifolia | Potentilla pusilla,Rosaceae,exact_conflict,manual_review
Potentilla viscosa,potentilla viscosa,potentilla viscosa,4,4,3,3,1,Potentilla viscosa,wfo-0001004432 | wfo-0001004967 | wfo-0001016002,Potentilla dentata | Potentilla grammopetala | Potentilla longifolia,Rosaceae,4,4,3,3,1,Potentilla viscosa,wfo-0001004432 | wfo-0001004967 | wfo-0001016002,Potentilla dentata | Potentilla grammopetala | Potentilla longifolia,Rosaceae,exact_conflict,manual_review
Primula macrophylla,primula macrophylla,primula macrophylla,2,2,2,2,1,Primula macrophylla,wfo-0000483501 | wfo-0001105514,Primula auriculata | Primula macrophylla,Primulaceae,2,2,2,2,1,Primula macrophylla,wfo-0000483501 | wfo-0001105514,Primula auriculata | Primula macrophylla,Primulaceae,exact_conflict,manual_review
Prunus cerasoides,prunus cerasoides,prunus cerasoides,3,3,2,2,1,Prunus cerasoides,wfo-0000985845 | wfo-0001017427,Prunus campanulata | Prunus cerasoides,Rosaceae,3,3,2,2,1,Prunus cerasoides,wfo-0000985845 | wfo-0001017427,Prunus campanulata | Prunus cerasoides,Rosaceae,exact_conflict,manual_review
Prunus dulcis,prunus dulcis,prunus dulcis,3,3,2,2,1,Prunus dulcis,wfo-0001006607 | wfo-0001015846,Prunus amygdalus | Prunus avium,Rosaceae,3,3,2,2,1,Prunus dulcis,wfo-0001006607 | wfo-0001015846,Prunus amygdalus | Prunus avium,Rosaceae,exact_conflict,manual_review
Prunus padus,prunus padus,prunus padus,4,4,2,2,1,Prunus padus,wfo-0000986027 | wfo-0001008273,Prunus cornuta | Prunus padus,Rosaceae,15,15,4,4,1,Prunus padus | Prunus padus lus. bracteosa | Prunus padus lus. pendula | Prunus padus lus. pyramidalis | Prunus padus prol. petraea | Prunus padus prol. typica | Prunus padus unranked aucubifolia | Prunus padus unranked chlorocarpus | Prunus padus unranked fructu-albescente | Prunus padus unranked leucocarpos | Prunus padus unranked parviflora | Prunus padus unranked typica,wfo-0000983726 | wfo-0000986027 | wfo-0001008273 | wfo-0001428530,Prunus cornuta | Prunus padus | Prunus padus subsp. padus | Prunus padus var. borealis,Rosaceae,exact_conflict,manual_review
Psophocarpus tetragonolobus,psophocarpus tetragonolobus,psophocarpus tetragonolobus,2,2,2,2,1,Psophocarpus tetragonolobus,wfo-0000183752 | wfo-0000183795,Psophocarpus scandens | Psophocarpus tetragonolobus,Fabaceae,2,2,2,2,1,Psophocarpus tetragonolobus,wfo-0000183752 | wfo-0000183795,Psophocarpus scandens | Psophocarpus tetragonolobus,Fabaceae,exact_conflict,manual_review
Pteris multifida,pteris multifida,pteris multifida,2,2,2,2,1,Pteris multifida,wfo-0001038988 | wfo-0001109294,Calciphilopteris ludens | Pteris multifida,Pteridaceae,2,2,2,2,1,Pteris multifida,wfo-0001038988 | wfo-0001109294,Calciphilopteris ludens | Pteris multifida,Pteridaceae,exact_conflict,manual_review
Pterocarpus erinaceus,pterocarpus erinaceus,pterocarpus erinaceus,2,2,2,2,1,Pterocarpus erinaceus,wfo-0000172693 | wfo-0000205991,Pterocarpus erinaceus | Pterocarpus vidalianus,Fabaceae,2,2,2,2,1,Pterocarpus erinaceus,wfo-0000172693 | wfo-0000205991,Pterocarpus erinaceus | Pterocarpus vidalianus,Fabaceae,exact_conflict,manual_review
Pterocarpus indicus,pterocarpus indicus,pterocarpus indicus,2,2,2,2,1,Pterocarpus indicus,wfo-0000172738 | wfo-0000185931,Derris canarensis | Pterocarpus indicus,Fabaceae,2,2,2,2,1,Pterocarpus indicus,wfo-0000172738 | wfo-0000185931,Derris canarensis | Pterocarpus indicus,Fabaceae,exact_conflict,manual_review
Pterocarpus santalinus,pterocarpus santalinus,pterocarpus santalinus,3,3,3,3,1,Pterocarpus santalinus,wfo-0000172738 | wfo-0000185973 | wfo-0000204517,Pterocarpus indicus | Pterocarpus marsupium subsp. marsupium | Pterocarpus santalinus,Fabaceae,3,3,3,3,1,Pterocarpus santalinus,wfo-0000172738 | wfo-0000185973 | wfo-0000204517,Pterocarpus indicus | Pterocarpus marsupium subsp. marsupium | Pterocarpus santalinus,Fabaceae,exact_conflict,manual_review
Pulicaria crispa,pulicaria crispa,pulicaria crispa,2,2,2,2,1,Pulicaria crispa,wfo-0000069642 | wfo-0000132536,Pulicaria crispa | Pulicaria undulata,Asteraceae,2,2,2,2,1,Pulicaria crispa,wfo-0000069642 | wfo-0000132536,Pulicaria crispa | Pulicaria undulata,Asteraceae,exact_conflict,manual_review
Quercus dentata,quercus dentata,quercus dentata,3,3,3,3,1,Quercus dentata,wfo-0000290462 | wfo-0000291114 | wfo-0000292146,Quercus × hispanica | Quercus dentata | Quercus nigra,Fagaceae,3,3,3,3,1,Quercus dentata,wfo-0000290462 | wfo-0000291114 | wfo-0000292146,Quercus × hispanica | Quercus dentata | Quercus nigra,Fagaceae,exact_conflict,manual_review
Quercus glauca,quercus glauca,quercus glauca,4,4,4,4,1,Quercus glauca,wfo-0000229939 | wfo-0000290946 | wfo-0000291202 | wfo-0000291789,Lithocarpus glaber | Quercus glauca | Quercus ilex | Quercus lusitanica,Fagaceae,4,4,4,4,1,Quercus glauca,wfo-0000229939 | wfo-0000290946 | wfo-0000291202 | wfo-0000291789,Lithocarpus glaber | Quercus glauca | Quercus ilex | Quercus lusitanica,Fagaceae,exact_conflict,manual_review
Quercus ilex,quercus ilex,quercus ilex,2,2,2,2,1,Quercus ilex,wfo-0000291077 | wfo-0000291202,Quercus helferiana | Quercus ilex,Fagaceae,2,2,2,2,1,Quercus ilex,wfo-0000291077 | wfo-0000291202,Quercus helferiana | Quercus ilex,Fagaceae,exact_conflict,manual_review
Quercus robur,quercus robur,quercus robur,2,2,2,2,1,Quercus robur,wfo-0000292858 | wfo-0000292879,Quercus robur | Quercus robur subsp. brutia,Fagaceae,2,2,2,2,1,Quercus robur,wfo-0000292858 | wfo-0000292879,Quercus robur | Quercus robur subsp. brutia,Fagaceae,exact_conflict,manual_review
Rhododendron leptanthum,rhododendron leptanthum,rhododendron leptanthum,2,2,2,2,1,Rhododendron leptanthum,wfo-0001229749 | wfo-1000040577,Rhododendron latoucheae | Rhododendron leptanthum,Ericaceae,2,2,2,2,1,Rhododendron leptanthum,wfo-0001229749 | wfo-1000040577,Rhododendron latoucheae | Rhododendron leptanthum,Ericaceae,exact_conflict,manual_review
Rhododendron ponticum,rhododendron ponticum,rhododendron ponticum,2,2,2,2,1,Rhododendron ponticum,wfo-0000399990 | wfo-0000400178,Rhododendron luteum | Rhododendron ponticum,Ericaceae,2,2,2,2,1,Rhododendron ponticum,wfo-0000399990 | wfo-0000400178,Rhododendron luteum | Rhododendron ponticum,Ericaceae,exact_conflict,manual_review
Rhododendron stenophyllum,rhododendron stenophyllum,rhododendron stenophyllum,2,2,2,2,1,Rhododendron stenophyllum,wfo-0000400004 | wfo-0000405420,Rhododendron makinoi | Rhododendron stenophyllum,Ericaceae,2,2,2,2,1,Rhododendron stenophyllum,wfo-0000400004 | wfo-0000405420,Rhododendron makinoi | Rhododendron stenophyllum,Ericaceae,exact_conflict,manual_review
Rhus undulata,rhus undulata,rhus undulata,3,3,2,2,1,Rhus undulata,wfo-0000434846 | wfo-0000434853,Searsia quartiniana | Searsia undulata,Anacardiaceae,3,3,2,2,1,Rhus undulata,wfo-0000434846 | wfo-0000434853,Searsia quartiniana | Searsia undulata,Anacardiaceae,exact_conflict,manual_review
Rhynchosia densiflora,rhynchosia densiflora,rhynchosia densiflora,2,2,2,2,1,Rhynchosia densiflora,wfo-0000186167 | wfo-0000203982,Rhynchosia aurea | Rhynchosia densiflora,Fabaceae,2,2,2,2,1,Rhynchosia densiflora,wfo-0000186167 | wfo-0000203982,Rhynchosia aurea | Rhynchosia densiflora,Fabaceae,exact_conflict,manual_review
Rhynchosia volubilis,rhynchosia volubilis,rhynchosia volubilis,2,2,2,2,1,Rhynchosia volubilis,wfo-0000179472 | wfo-0000192389,Rhynchosia tomentosa var. tomentosa | Rhynchosia volubilis,Fabaceae,2,2,2,2,1,Rhynchosia volubilis,wfo-0000179472 | wfo-0000192389,Rhynchosia tomentosa var. tomentosa | Rhynchosia volubilis,Fabaceae,exact_conflict,manual_review
Ribes alpinum,ribes alpinum,ribes alpinum,3,3,3,3,1,Ribes alpinum,wfo-0000404909 | wfo-0000405122 | wfo-0001135957,Ribes alpinum | Ribes orientale | Ribes saxatile,Grossulariaceae,4,4,3,3,1,Ribes alpinum | Ribes alpinum unranked aureum,wfo-0000404909 | wfo-0000405122 | wfo-0001135957,Ribes alpinum | Ribes orientale | Ribes saxatile,Grossulariaceae,exact_conflict,manual_review
Ribes petraeum,ribes petraeum,ribes petraeum,2,2,2,2,1,Ribes petraeum,wfo-0000405142 | wfo-1200064518,Ribes petraeum | Ribes spicatum subsp. spicatum,Grossulariaceae,2,2,2,2,1,Ribes petraeum,wfo-0000405142 | wfo-1200064518,Ribes petraeum | Ribes spicatum subsp. spicatum,Grossulariaceae,exact_conflict,manual_review
Rosa davurica,rosa davurica,rosa davurica,2,2,2,2,1,Rosa davurica,wfo-0001001863 | wfo-0001007078,Rosa davurica | Rosa davurica var. alpestris,Rosaceae,2,2,2,2,1,Rosa davurica,wfo-0001001863 | wfo-0001007078,Rosa davurica | Rosa davurica var. alpestris,Rosaceae,exact_conflict,manual_review
Rosa laevigata,rosa laevigata,rosa laevigata,4,4,2,2,1,Rosa laevigata,wfo-0001006361 | wfo-0001014407,Rosa × hibernica | Rosa laevigata,Rosaceae,4,4,2,2,1,Rosa laevigata,wfo-0001006361 | wfo-0001014407,Rosa × hibernica | Rosa laevigata,Rosaceae,exact_conflict,manual_review
Rosa roxburghii,rosa roxburghii,rosa roxburghii,3,3,2,2,1,Rosa roxburghii,wfo-0000983365 | wfo-0001006243,Rosa hirtula | Rosa roxburghii,Rosaceae,3,3,2,2,1,Rosa roxburghii,wfo-0000983365 | wfo-0001006243,Rosa hirtula | Rosa roxburghii,Rosaceae,exact_conflict,manual_review
Rubus laciniatus,rubus laciniatus,rubus laciniatus,2,2,2,2,1,Rubus laciniatus,wfo-0000985000 | wfo-0001012948,Rubus nemoralis | Rubus ulmifolius,Rosaceae,2,2,2,2,1,Rubus laciniatus,wfo-0000985000 | wfo-0001012948,Rubus nemoralis | Rubus ulmifolius,Rosaceae,exact_conflict,manual_review
Rubus parviflorus,rubus parviflorus,rubus parviflorus,6,6,3,3,1,Rubus parviflorus,wfo-0001016292 | wfo-0001017757 | wfo-0001271862,Rubus creticus | Rubus parviflorus | Rubus parvifolius,Rosaceae,6,6,3,3,1,Rubus parviflorus,wfo-0001016292 | wfo-0001017757 | wfo-0001271862,Rubus creticus | Rubus parviflorus | Rubus parvifolius,Rosaceae,exact_conflict,manual_review
Salvia mexicana,salvia mexicana,salvia mexicana,4,4,3,3,1,Salvia mexicana,wfo-0000300369 | wfo-0000300870 | wfo-0000301583,Salvia azurea | Salvia discolor | Salvia mexicana,Lamiaceae,4,4,3,3,1,Salvia mexicana,wfo-0000300369 | wfo-0000300870 | wfo-0000301583,Salvia azurea | Salvia discolor | Salvia mexicana,Lamiaceae,exact_conflict,manual_review
Saussurea japonica,saussurea japonica,saussurea japonica,3,3,2,2,2,Saussurea japonica,wfo-0000033887 | wfo-0000663320,Hosta plantaginea | Saussurea japonica,Asparagaceae | Asteraceae,3,3,2,2,2,Saussurea japonica,wfo-0000033887 | wfo-0000663320,Hosta plantaginea | Saussurea japonica,Asparagaceae | Asteraceae,exact_conflict,manual_review
Saxifraga cuneifolia,saxifraga cuneifolia,saxifraga cuneifolia,2,2,2,2,1,Saxifraga cuneifolia,wfo-0000494447 | wfo-0000494450,Saxifraga cuneata | Saxifraga cuneifolia,Saxifragaceae,2,2,2,2,1,Saxifraga cuneifolia,wfo-0000494447 | wfo-0000494450,Saxifraga cuneata | Saxifraga cuneifolia,Saxifragaceae,exact_conflict,manual_review
Schoenus falcatus,schoenus falcatus,schoenus falcatus,2,2,2,2,1,Schoenus falcatus,wfo-0000463785 | wfo-0000530412,Machaerina acuta | Schoenus falcatus,Cyperaceae,2,2,2,2,1,Schoenus falcatus,wfo-0000463785 | wfo-0000530412,Machaerina acuta | Schoenus falcatus,Cyperaceae,exact_conflict,manual_review
Scutellaria indica,scutellaria indica,scutellaria indica,2,2,2,2,1,Scutellaria indica,wfo-0000307936 | wfo-0000308605,Scutellaria indica | Scutellaria violacea var. violacea,Lamiaceae,2,2,2,2,1,Scutellaria indica,wfo-0000307936 | wfo-0000308605,Scutellaria indica | Scutellaria violacea var. violacea,Lamiaceae,exact_conflict,manual_review
Sedum rupestre,sedum rupestre,sedum rupestre,2,2,2,2,1,Sedum rupestre,wfo-0000396537 | wfo-0000438109,Petrosedum rupestre | Sedum annuum,Crassulaceae,2,2,2,2,1,Sedum rupestre,wfo-0000396537 | wfo-0000438109,Petrosedum rupestre | Sedum annuum,Crassulaceae,exact_conflict,manual_review
Smilax china,smilax china,smilax china,3,3,3,3,1,Smilax china,wfo-0000740545 | wfo-0000742011 | wfo-0000742594,Smilax china | Smilax fluminensis | Smilax walteri,Smilacaceae,3,3,3,3,1,Smilax china,wfo-0000740545 | wfo-0000742011 | wfo-0000742594,Smilax china | Smilax fluminensis | Smilax walteri,Smilacaceae,exact_conflict,manual_review
Smilax excelsa,smilax excelsa,smilax excelsa,2,2,2,2,1,Smilax excelsa,wfo-0000740704 | wfo-0000742607,Smilax aspera | Smilax excelsa,Smilacaceae,2,2,2,2,1,Smilax excelsa,wfo-0000740704 | wfo-0000742607,Smilax aspera | Smilax excelsa,Smilacaceae,exact_conflict,manual_review
Smilax perfoliata,smilax perfoliata,smilax perfoliata,2,2,2,2,1,Smilax perfoliata,wfo-0000740748 | wfo-0000741873,Smilax blumei | Smilax perfoliata,Smilacaceae,2,2,2,2,1,Smilax perfoliata,wfo-0000740748 | wfo-0000741873,Smilax blumei | Smilax perfoliata,Smilacaceae,exact_conflict,manual_review
Solanum melongena,solanum melongena,solanum melongena,2,2,2,2,1,Solanum melongena,wfo-0001029464 | wfo-4000035688,Solanum | Solanum melongena,Solanaceae,2,2,2,2,1,Solanum melongena,wfo-0001029464 | wfo-4000035688,Solanum | Solanum melongena,Solanaceae,exact_conflict,manual_review
Sophora microphylla,sophora microphylla,sophora microphylla,2,2,2,2,1,Sophora microphylla,wfo-0000174272 | wfo-0000178495,Balsamocarpon brevifolium | Sophora microphylla,Fabaceae,2,2,2,2,1,Sophora microphylla,wfo-0000174272 | wfo-0000178495,Balsamocarpon brevifolium | Sophora microphylla,Fabaceae,exact_conflict,manual_review
Sophora mollis,sophora mollis,sophora mollis,2,2,2,2,1,Sophora mollis,wfo-0000185553 | wfo-0001448821,Sophora mollis | Sophora velutina subsp. velutina,Fabaceae,2,2,2,2,1,Sophora mollis,wfo-0000185553 | wfo-0001448821,Sophora mollis | Sophora velutina subsp. velutina,Fabaceae,exact_conflict,manual_review
Sorghum bicolor,sorghum bicolor,sorghum bicolor,2,2,2,2,1,Sorghum bicolor,wfo-0000875228 | wfo-0000900184,Hyparrhenia dichroa | Sorghum bicolor,Poaceae,2,2,2,2,1,Sorghum bicolor,wfo-0000875228 | wfo-0000900184,Hyparrhenia dichroa | Sorghum bicolor,Poaceae,exact_conflict,manual_review
Symplocos uniflora,symplocos uniflora,symplocos uniflora,2,2,2,2,1,Symplocos uniflora,wfo-0000491265 | wfo-0001141557,Symplocos anamallayana | Symplocos uniflora,Symplocaceae,2,2,2,2,1,Symplocos uniflora,wfo-0000491265 | wfo-0001141557,Symplocos anamallayana | Symplocos uniflora,Symplocaceae,exact_conflict,manual_review
Tephrosia angustissima,tephrosia angustissima,tephrosia angustissima,3,3,2,2,1,Tephrosia angustissima,wfo-0000203095 | wfo-0001049779,Tephrosia angustissima | Tephrosia lurida,Fabaceae,3,3,2,2,1,Tephrosia angustissima,wfo-0000203095 | wfo-0001049779,Tephrosia angustissima | Tephrosia lurida,Fabaceae,exact_conflict,manual_review
Tephrosia apollinea,tephrosia apollinea,tephrosia apollinea,3,3,2,2,1,Tephrosia apollinea,wfo-0001061581 | wfo-0001366468,Tephrosia purpurea subsp. apollinea | Tephrosia uniflora subsp. uniflora,Fabaceae,3,3,2,2,1,Tephrosia apollinea,wfo-0001061581 | wfo-0001366468,Tephrosia purpurea subsp. apollinea | Tephrosia uniflora subsp. uniflora,Fabaceae,exact_conflict,manual_review
Tephrosia elongata,tephrosia elongata,tephrosia elongata,2,2,2,2,1,Tephrosia elongata,wfo-0000185884 | wfo-0000202252,Tephrosia bracteolata var. bracteolata | Tephrosia elongata,Fabaceae,2,2,2,2,1,Tephrosia elongata,wfo-0000185884 | wfo-0000202252,Tephrosia bracteolata var. bracteolata | Tephrosia elongata,Fabaceae,exact_conflict,manual_review
Tephrosia procumbens,tephrosia procumbens,tephrosia procumbens,3,3,2,2,1,Tephrosia procumbens,wfo-0000164219 | wfo-0000203766,Tephrosia cinerea | Tephrosia pumila,Fabaceae,3,3,2,2,1,Tephrosia procumbens,wfo-0000164219 | wfo-0000203766,Tephrosia cinerea | Tephrosia pumila,Fabaceae,exact_conflict,manual_review
Tephrosia tinctoria,tephrosia tinctoria,tephrosia tinctoria,2,2,2,2,1,Tephrosia tinctoria,wfo-0000185864 | wfo-0000203871,Tephrosia purpurea subsp. purpurea | Tephrosia tinctoria,Fabaceae,2,2,2,2,1,Tephrosia tinctoria,wfo-0000185864 | wfo-0000203871,Tephrosia purpurea subsp. purpurea | Tephrosia tinctoria,Fabaceae,exact_conflict,manual_review
Tephrosia villosa,tephrosia villosa,tephrosia villosa,2,2,2,2,1,Tephrosia villosa,wfo-0000186993 | wfo-0000204506,Tephrosia luzoniensis | Tephrosia villosa,Fabaceae,2,2,2,2,1,Tephrosia villosa,wfo-0000186993 | wfo-0000204506,Tephrosia luzoniensis | Tephrosia villosa,Fabaceae,exact_conflict,manual_review
Tephrosia woodii,tephrosia woodii,tephrosia woodii,2,2,2,2,1,Tephrosia woodii,wfo-0001273986 | wfo-0001421339,Tephrosia capensis var. angustifolia | Tephrosia carrollii,Fabaceae,2,2,2,2,1,Tephrosia woodii,wfo-0001273986 | wfo-0001421339,Tephrosia capensis var. angustifolia | Tephrosia carrollii,Fabaceae,exact_conflict,manual_review
Terminalia alata,terminalia alata,terminalia alata,3,3,2,2,1,Terminalia alata,wfo-0000408759 | wfo-0000408820,Terminalia elliptica | Terminalia paniculata,Combretaceae,3,3,2,2,1,Terminalia alata,wfo-0000408759 | wfo-0000408820,Terminalia elliptica | Terminalia paniculata,Combretaceae,exact_conflict,manual_review
Teucrium tomentosum,teucrium tomentosum,teucrium tomentosum,4,4,4,4,1,Teucrium tomentosum,wfo-0000322139 | wfo-0000322488 | wfo-0000322735 | wfo-0001346987,Teucrium fruticans | Teucrium heynei | Teucrium polium subsp. polium | Teucrium wightii,Lamiaceae,4,4,4,4,1,Teucrium tomentosum,wfo-0000322139 | wfo-0000322488 | wfo-0000322735 | wfo-0001346987,Teucrium fruticans | Teucrium heynei | Teucrium polium subsp. polium | Teucrium wightii,Lamiaceae,exact_conflict,manual_review
Thermopsis fabacea,thermopsis fabacea,thermopsis fabacea,2,2,2,2,1,Thermopsis fabacea,wfo-0000194920 | wfo-0000213939,Thermopsis californica var. californica | Thermopsis lanceolata,Fabaceae,2,2,2,2,1,Thermopsis fabacea,wfo-0000194920 | wfo-0000213939,Thermopsis californica var. californica | Thermopsis lanceolata,Fabaceae,exact_conflict,manual_review
Thymus piperella,thymus piperella,thymus piperella,3,3,3,3,1,Thymus piperella,wfo-0000243210 | wfo-0000243354 | wfo-0000324542,Micromeria croatica | Micromeria marginata | Thymus piperella,Lamiaceae,3,3,3,3,1,Thymus piperella,wfo-0000243210 | wfo-0000243354 | wfo-0000324542,Micromeria croatica | Micromeria marginata | Thymus piperella,Lamiaceae,exact_conflict,manual_review
Tillandsia recurvata,tillandsia recurvata,tillandsia recurvata,2,2,2,2,1,Tillandsia recurvata,wfo-0000583812 | wfo-0000604493,Tillandsia recurvata | Vriesea recurvata,Bromeliaceae,2,2,2,2,1,Tillandsia recurvata,wfo-0000583812 | wfo-0000604493,Tillandsia recurvata | Vriesea recurvata,Bromeliaceae,exact_conflict,manual_review
Trifolium alexandrinum,trifolium alexandrinum,trifolium alexandrinum,3,3,2,2,1,Trifolium alexandrinum,wfo-0000212963 | wfo-0000212987,Trifolium alexandrinum | Trifolium constantinopolitanum,Fabaceae,3,3,2,2,1,Trifolium alexandrinum,wfo-0000212963 | wfo-0000212987,Trifolium alexandrinum | Trifolium constantinopolitanum,Fabaceae,exact_conflict,manual_review
Trifolium alpestre,trifolium alpestre,trifolium alpestre,2,2,2,2,1,Trifolium alpestre,wfo-0000213941 | wfo-0000213979,Trifolium alpestre | Trifolium medium,Fabaceae,3,3,2,2,1,Trifolium alpestre | Trifolium alpestre subf. monostachyum,wfo-0000213941 | wfo-0000213979,Trifolium alpestre | Trifolium medium,Fabaceae,exact_conflict,manual_review
Trifolium alpinum,trifolium alpinum,trifolium alpinum,3,3,3,3,1,Trifolium alpinum,wfo-0000213941 | wfo-0000213942 | wfo-0001055180,Trifolium alpestre | Trifolium alpinum | Trifolium eximium,Fabaceae,3,3,3,3,1,Trifolium alpinum,wfo-0000213941 | wfo-0000213942 | wfo-0001055180,Trifolium alpestre | Trifolium alpinum | Trifolium eximium,Fabaceae,exact_conflict,manual_review
Trifolium angulatum,trifolium angulatum,trifolium angulatum,2,2,2,2,1,Trifolium angulatum,wfo-0000213101 | wfo-0000213944,Trifolium angulatum | Trifolium thalii,Fabaceae,2,2,2,2,1,Trifolium angulatum,wfo-0000213101 | wfo-0000213944,Trifolium angulatum | Trifolium thalii,Fabaceae,exact_conflict,manual_review
Trifolium angustifolium,trifolium angustifolium,trifolium angustifolium,2,2,2,2,1,Trifolium angustifolium,wfo-0000212964 | wfo-0000213977,Trifolium angustifolium | Trifolium lupinaster,Fabaceae,3,3,2,2,1,Trifolium angustifolium | Trifolium angustifolium subf. nanum,wfo-0000212964 | wfo-0000213977,Trifolium angustifolium | Trifolium lupinaster,Fabaceae,exact_conflict,manual_review
Trifolium arvense,trifolium arvense,trifolium arvense,2,2,2,2,1,Trifolium arvense,wfo-0000174309 | wfo-0000212967,Trifolium arvense | Trifolium carolinianum,Fabaceae,6,6,2,2,1,Trifolium arvense | Trifolium arvense prol. agrestinum | Trifolium arvense prol. brittingeri | Trifolium arvense prol. gracile | Trifolium arvense prol. longisetosum,wfo-0000174309 | wfo-0000212967,Trifolium arvense | Trifolium carolinianum,Fabaceae,exact_conflict,manual_review
Trifolium aureum,trifolium aureum,trifolium aureum,3,3,3,3,1,Trifolium aureum,wfo-0000213044 | wfo-0000213947 | wfo-0001425806,Trifolium aureum | Trifolium badium subsp. badium | Trifolium patens,Fabaceae,3,3,3,3,1,Trifolium aureum,wfo-0000213044 | wfo-0000213947 | wfo-0001425806,Trifolium aureum | Trifolium badium subsp. badium | Trifolium patens,Fabaceae,exact_conflict,manual_review
Trifolium campestre,trifolium campestre,trifolium campestre,2,2,2,2,1,Trifolium campestre,wfo-0000212979 | wfo-0000213947,Trifolium aureum | Trifolium campestre,Fabaceae,2,2,2,2,1,Trifolium campestre,wfo-0000212979 | wfo-0000213947,Trifolium aureum | Trifolium campestre,Fabaceae,exact_conflict,manual_review
Trifolium canescens,trifolium canescens,trifolium canescens,2,2,2,2,1,Trifolium canescens,wfo-0000186249 | wfo-0000213956,Trifolium canescens | Trifolium trichocephalum,Fabaceae,2,2,2,2,1,Trifolium canescens,wfo-0000186249 | wfo-0000213956,Trifolium canescens | Trifolium trichocephalum,Fabaceae,exact_conflict,manual_review
Trifolium clypeatum,trifolium clypeatum,trifolium clypeatum,2,2,2,2,1,Trifolium clypeatum,wfo-0000213082 | wfo-0000213960,Trifolium clypeatum | Trifolium squamosum,Fabaceae,2,2,2,2,1,Trifolium clypeatum,wfo-0000213082 | wfo-0000213960,Trifolium clypeatum | Trifolium squamosum,Fabaceae,exact_conflict,manual_review
Trifolium congestum,trifolium congestum,trifolium congestum,2,2,2,2,1,Trifolium congestum,wfo-0000212986 | wfo-0001426056,Trifolium congestum | Trifolium fragiferum var. fragiferum,Fabaceae,2,2,2,2,1,Trifolium congestum,wfo-0000212986 | wfo-0001426056,Trifolium congestum | Trifolium fragiferum var. fragiferum,Fabaceae,exact_conflict,manual_review
Trifolium diffusum,trifolium diffusum,trifolium diffusum,2,2,2,2,1,Trifolium diffusum,wfo-0000213963 | wfo-1000058750,Leobordea capensis | Trifolium diffusum,Fabaceae,2,2,2,2,1,Trifolium diffusum,wfo-0000213963 | wfo-1000058750,Leobordea capensis | Trifolium diffusum,Fabaceae,exact_conflict,manual_review
Trifolium globosum,trifolium globosum,trifolium globosum,2,2,2,2,1,Trifolium globosum,wfo-0000213967 | wfo-0000213995,Trifolium globosum | Trifolium pauciflorum,Fabaceae,2,2,2,2,1,Trifolium globosum,wfo-0000213967 | wfo-0000213995,Trifolium globosum | Trifolium pauciflorum,Fabaceae,exact_conflict,manual_review
Trifolium incarnatum,trifolium incarnatum,trifolium incarnatum,2,2,2,2,1,Trifolium incarnatum,wfo-0000213010 | wfo-0000213941,Trifolium alpestre | Trifolium incarnatum,Fabaceae,3,3,2,2,1,Trifolium incarnatum | Trifolium incarnatum prol. molinerii,wfo-0000213010 | wfo-0000213941,Trifolium alpestre | Trifolium incarnatum,Fabaceae,exact_conflict,manual_review
Trifolium lupinaster,trifolium lupinaster,trifolium lupinaster,2,2,2,2,1,Trifolium lupinaster,wfo-0000209346 | wfo-0000213977,Lotus dorycnium | Trifolium lupinaster,Fabaceae,2,2,2,2,1,Trifolium lupinaster,wfo-0000209346 | wfo-0000213977,Lotus dorycnium | Trifolium lupinaster,Fabaceae,exact_conflict,manual_review
Trifolium montanum,trifolium montanum,trifolium montanum,2,2,2,2,1,Trifolium montanum,wfo-0000185255 | wfo-0000213031,Trifolium montanum | Trifolium montanum subsp. montanum,Fabaceae,3,3,3,3,1,Trifolium montanum | Trifolium montanum prol. endressii,wfo-0000185253 | wfo-0000185255 | wfo-0000213031,Trifolium montanum | Trifolium montanum subsp. montanum | Trifolium montanum var. gayanum,Fabaceae,exact_conflict,manual_review
Trifolium pallidum,trifolium pallidum,trifolium pallidum,2,2,2,2,1,Trifolium pallidum,wfo-0000213043 | wfo-0000213996,Trifolium pallidum | Trifolium pignantii,Fabaceae,2,2,2,2,1,Trifolium pallidum,wfo-0000213043 | wfo-0000213996,Trifolium pallidum | Trifolium pignantii,Fabaceae,exact_conflict,manual_review
Trifolium pauciflorum,trifolium pauciflorum,trifolium pauciflorum,5,5,3,3,1,Trifolium pauciflorum,wfo-0000174327 | wfo-0000183568 | wfo-0000213995,Trifolium oliganthum | Trifolium pauciflorum | Trifolium variegatum var. variegatum,Fabaceae,5,5,3,3,1,Trifolium pauciflorum,wfo-0000174327 | wfo-0000183568 | wfo-0000213995,Trifolium oliganthum | Trifolium pauciflorum | Trifolium variegatum var. variegatum,Fabaceae,exact_conflict,manual_review
Trifolium polyphyllum,trifolium polyphyllum,trifolium polyphyllum,3,3,2,2,1,Trifolium polyphyllum,wfo-0000185272 | wfo-0001055208,Trifolium polyphyllum | Trifolium willdenovii,Fabaceae,3,3,2,2,1,Trifolium polyphyllum,wfo-0000185272 | wfo-0001055208,Trifolium polyphyllum | Trifolium willdenovii,Fabaceae,exact_conflict,manual_review
Trifolium purpureum,trifolium purpureum,trifolium purpureum,2,2,2,2,1,Trifolium purpureum,wfo-0000213055 | wfo-0001316393,Trifolium pratense subsp. pratense | Trifolium purpureum,Fabaceae,2,2,2,2,1,Trifolium purpureum,wfo-0000213055 | wfo-0001316393,Trifolium pratense subsp. pratense | Trifolium purpureum,Fabaceae,exact_conflict,manual_review
Trifolium rubens,trifolium rubens,trifolium rubens,2,2,2,2,1,Trifolium rubens,wfo-0000213941 | wfo-0000214000,Trifolium alpestre | Trifolium rubens,Fabaceae,2,2,2,2,1,Trifolium rubens,wfo-0000213941 | wfo-0000214000,Trifolium alpestre | Trifolium rubens,Fabaceae,exact_conflict,manual_review
Uraria picta,uraria picta,uraria picta,3,3,2,2,1,Uraria picta,wfo-0000178000 | wfo-0000192244,Uraria crinita | Uraria picta,Fabaceae,3,3,2,2,1,Uraria picta,wfo-0000178000 | wfo-0000192244,Uraria crinita | Uraria picta,Fabaceae,exact_conflict,manual_review
Uvaria ferruginea,uvaria ferruginea,uvaria ferruginea,2,2,2,2,1,Uvaria ferruginea,wfo-0001065746 | wfo-1000041775,Uvaria ferruginea | Xylopia cuspidata,Annonaceae,2,2,2,2,1,Uvaria ferruginea,wfo-0001065746 | wfo-1000041775,Uvaria ferruginea | Xylopia cuspidata,Annonaceae,exact_conflict,manual_review
Uvaria grandiflora,uvaria grandiflora,uvaria grandiflora,2,2,2,2,1,Uvaria grandiflora,wfo-0000416394 | wfo-0001066584,Uvaria grandiflora | Uvaria hamiltonii,Annonaceae,2,2,2,2,1,Uvaria grandiflora,wfo-0000416394 | wfo-0001066584,Uvaria grandiflora | Uvaria hamiltonii,Annonaceae,exact_conflict,manual_review
Uvaria rufa,uvaria rufa,uvaria rufa,2,2,2,2,1,Uvaria rufa,wfo-0000393937 | wfo-0001066290,Pyramidanthe prismatica | Uvaria rufa,Annonaceae,2,2,2,2,1,Uvaria rufa,wfo-0000393937 | wfo-0001066290,Pyramidanthe prismatica | Uvaria rufa,Annonaceae,exact_conflict,manual_review
Vaccinium angustifolium,vaccinium angustifolium,vaccinium angustifolium,2,2,2,2,1,Vaccinium angustifolium,wfo-0000422502 | wfo-0000422967,Vaccinium angustifolium | Vaccinium stenophyllum,Ericaceae,2,2,2,2,1,Vaccinium angustifolium,wfo-0000422502 | wfo-0000422967,Vaccinium angustifolium | Vaccinium stenophyllum,Ericaceae,exact_conflict,manual_review
Vaccinium padifolium,vaccinium padifolium,vaccinium padifolium,2,2,2,2,1,Vaccinium padifolium,wfo-0000421931 | wfo-0000423051,Vaccinium cylindraceum | Vaccinium padifolium,Ericaceae,2,2,2,2,1,Vaccinium padifolium,wfo-0000421931 | wfo-0000423051,Vaccinium cylindraceum | Vaccinium padifolium,Ericaceae,exact_conflict,manual_review
Vernonia angustifolia,vernonia angustifolia,vernonia angustifolia,2,2,2,2,1,Vernonia angustifolia,wfo-0000134016 | wfo-0000136997,Vernonanthura nudiflora | Vernonia angustifolia,Asteraceae,2,2,2,2,1,Vernonia angustifolia,wfo-0000134016 | wfo-0000136997,Vernonanthura nudiflora | Vernonia angustifolia,Asteraceae,exact_conflict,manual_review
Vismia micrantha,vismia micrantha,vismia micrantha,2,2,2,2,1,Vismia micrantha,wfo-0001251910 | wfo-0001295804,Vismia micrantha | Vismia parviflora,Hypericaceae,2,2,2,2,1,Vismia micrantha,wfo-0001251910 | wfo-0001295804,Vismia micrantha | Vismia parviflora,Hypericaceae,exact_conflict,manual_review
Vitis cinerea,vitis cinerea,vitis cinerea,2,2,2,2,1,Vitis cinerea,wfo-0001145269 | wfo-0001145740,Vitis cinerea | Vitis flexuosa var. flexuosa,Vitaceae,2,2,2,2,1,Vitis cinerea,wfo-0001145269 | wfo-0001145740,Vitis cinerea | Vitis flexuosa var. flexuosa,Vitaceae,exact_conflict,manual_review
Wedelia asperrima,wedelia asperrima,wedelia asperrima,2,2,2,2,1,Wedelia asperrima,wfo-0000074325 | wfo-0000132007,Aspilia attenuata | Wedelia asperrima,Asteraceae,2,2,2,2,1,Wedelia asperrima,wfo-0000074325 | wfo-0000132007,Aspilia attenuata | Wedelia asperrima,Asteraceae,exact_conflict,manual_review
Wikstroemia canescens,wikstroemia canescens,wikstroemia canescens,2,2,2,2,1,Wikstroemia canescens,wfo-0001142389 | wfo-0001142517,Stellera chamaejasme | Wikstroemia canescens,Thymelaeaceae,2,2,2,2,1,Wikstroemia canescens,wfo-0001142389 | wfo-0001142517,Stellera chamaejasme | Wikstroemia canescens,Thymelaeaceae,exact_conflict,manual_review
Zanthoxylum caribaeum,zanthoxylum caribaeum,zanthoxylum caribaeum,2,2,2,2,1,Zanthoxylum caribaeum,wfo-0000429511 | wfo-0001132898,Zanthoxylum americanum | Zanthoxylum caribaeum,Rutaceae,2,2,2,2,1,Zanthoxylum caribaeum,wfo-0000429511 | wfo-0001132898,Zanthoxylum americanum | Zanthoxylum caribaeum,Rutaceae,exact_conflict,manual_review
Zanthoxylum nitidum,zanthoxylum nitidum,zanthoxylum nitidum,4,4,4,4,1,Zanthoxylum nitidum,wfo-0000429249 | wfo-0000429522 | wfo-0001132752 | wfo-1000008156,Zanthoxylum asiaticum | Zanthoxylum bungeanum | Zanthoxylum nitidum | Zanthoxylum tingoassuiba,Rutaceae,4,4,4,4,1,Zanthoxylum nitidum,wfo-0000429249 | wfo-0000429522 | wfo-0001132752 | wfo-1000008156,Zanthoxylum asiaticum | Zanthoxylum bungeanum | Zanthoxylum nitidum | Zanthoxylum tingoassuiba,Rutaceae,exact_conflict,manual_review
Zanthoxylum piperitum,zanthoxylum piperitum,zanthoxylum piperitum,3,3,3,3,1,Zanthoxylum piperitum,wfo-0000429522 | wfo-0000430342 | wfo-0001428991,Zanthoxylum beecheyanum | Zanthoxylum bungeanum | Zanthoxylum piperitum,Rutaceae,3,3,3,3,1,Zanthoxylum piperitum,wfo-0000429522 | wfo-0000430342 | wfo-0001428991,Zanthoxylum beecheyanum | Zanthoxylum bungeanum | Zanthoxylum piperitum,Rutaceae,exact_conflict,manual_review
Ziziphus spina-christi,ziziphus spina-christi,ziziphus spina-christi,3,3,2,2,1,Ziziphus spina-christi,wfo-0000471780 | wfo-0001131308,Paliurus spina-christi | Ziziphus spina-christi,Rhamnaceae,3,3,2,2,1,Ziziphus spina-christi,wfo-0000471780 | wfo-0001131308,Paliurus spina-christi | Ziziphus spina-christi,Rhamnaceae,exact_conflict,manual_review
Acer glabrum,acer glabrum,acer glabrum,2,2,2,1,1,Acer glabrum,wfo-0000514267 | wfo-0001078668,Acer glabrum,Sapindaceae,2,2,2,1,1,Acer glabrum,wfo-0000514267 | wfo-0001078668,Acer glabrum,Sapindaceae,exact_consensus_multiple_ids,exact
Adenocarpus complicatus,adenocarpus complicatus,adenocarpus complicatus,2,2,2,1,1,Adenocarpus complicatus,wfo-0000204387 | wfo-0001033772,Adenocarpus complicatus,Fabaceae,2,2,2,1,1,Adenocarpus complicatus,wfo-0000204387 | wfo-0001033772,Adenocarpus complicatus,Fabaceae,exact_consensus_multiple_ids,exact
Asplenium viride,asplenium viride,asplenium viride,3,3,2,1,1,Asplenium viride,wfo-0000161624 | wfo-0001109866,Asplenium viride,Aspleniaceae,3,3,2,1,1,Asplenium viride,wfo-0000161624 | wfo-0001109866,Asplenium viride,Aspleniaceae,exact_consensus_multiple_ids,exact
Baptisia tinctoria,baptisia tinctoria,baptisia tinctoria,2,2,2,1,1,Baptisia tinctoria,wfo-0000179156 | wfo-0001417157,Baptisia tinctoria,Fabaceae,2,2,2,1,1,Baptisia tinctoria,wfo-0000179156 | wfo-0001417157,Baptisia tinctoria,Fabaceae,exact_consensus_multiple_ids,exact
Cajanus cajan,cajanus cajan,cajanus cajan,2,2,2,1,1,Cajanus cajan,wfo-0000179103 | wfo-0000203743,Cajanus cajan,Fabaceae,2,2,2,1,1,Cajanus cajan,wfo-0000179103 | wfo-0000203743,Cajanus cajan,Fabaceae,exact_consensus_multiple_ids,exact
Calophyllum polyanthum,calophyllum polyanthum,calophyllum polyanthum,2,2,2,1,1,Calophyllum polyanthum,wfo-0000581286 | wfo-0001296210,Calophyllum polyanthum,Calophyllaceae,2,2,2,1,1,Calophyllum polyanthum,wfo-0000581286 | wfo-0001296210,Calophyllum polyanthum,Calophyllaceae,exact_consensus_multiple_ids,exact
Campylospermum sulcatum,campylospermum sulcatum,campylospermum sulcatum,2,2,2,1,1,Campylospermum sulcatum,wfo-0000583297 | wfo-0001087151,Campylospermum sulcatum,Ochnaceae,2,2,2,1,1,Campylospermum sulcatum,wfo-0000583297 | wfo-0001087151,Campylospermum sulcatum,Ochnaceae,exact_consensus_multiple_ids,exact
Dalbergia sissoides,dalbergia sissoides,dalbergia sissoides,2,2,2,1,1,Dalbergia sissoides,wfo-0000194811 | wfo-0001053386,Dalbergia sissoides,Fabaceae,2,2,2,1,1,Dalbergia sissoides,wfo-0000194811 | wfo-0001053386,Dalbergia sissoides,Fabaceae,exact_consensus_multiple_ids,exact
Erythrina abyssinica,erythrina abyssinica,erythrina abyssinica,2,2,2,1,1,Erythrina abyssinica,wfo-0000180423 | wfo-0001054737,Erythrina abyssinica,Fabaceae,2,2,2,1,1,Erythrina abyssinica,wfo-0000180423 | wfo-0001054737,Erythrina abyssinica,Fabaceae,exact_consensus_multiple_ids,exact
Flourensia retinophylla,flourensia retinophylla,flourensia retinophylla,2,2,2,1,1,Flourensia retinophylla,wfo-0000096733 | wfo-0000123776,Flourensia retinophylla,Asteraceae,2,2,2,1,1,Flourensia retinophylla,wfo-0000096733 | wfo-0000123776,Flourensia retinophylla,Asteraceae,exact_consensus_multiple_ids,exact
Gentiana pedicellata,gentiana pedicellata,gentiana pedicellata,2,2,2,1,1,Gentiana pedicellata,wfo-0000698214 | wfo-0001063443,Gentiana pedicellata,Gentianaceae,2,2,2,1,1,Gentiana pedicellata,wfo-0000698214 | wfo-0001063443,Gentiana pedicellata,Gentianaceae,exact_consensus_multiple_ids,exact
Helichrysum cymosum,helichrysum cymosum,helichrysum cymosum,2,2,2,1,1,Helichrysum cymosum,wfo-0000089954 | wfo-0001130567,Helichrysum cymosum,Asteraceae,2,2,2,1,1,Helichrysum cymosum,wfo-0000089954 | wfo-0001130567,Helichrysum cymosum,Asteraceae,exact_consensus_multiple_ids,exact
Helichrysum maracandicum,helichrysum maracandicum,helichrysum maracandicum,2,2,2,1,1,Helichrysum maracandicum,wfo-0000018877 | wfo-0000073665,Helichrysum maracandicum,Asteraceae,2,2,2,1,1,Helichrysum maracandicum,wfo-0000018877 | wfo-0000073665,Helichrysum maracandicum,Asteraceae,exact_consensus_multiple_ids,exact
Helichrysum stoechas,helichrysum stoechas,helichrysum stoechas,2,2,2,1,1,Helichrysum stoechas,wfo-0000000535 | wfo-0000029899,Helichrysum stoechas,Asteraceae,2,2,2,1,1,Helichrysum stoechas,wfo-0000000535 | wfo-0000029899,Helichrysum stoechas,Asteraceae,exact_consensus_multiple_ids,exact
Huperzia lucidula,huperzia lucidula,huperzia lucidula,2,2,2,1,1,Huperzia lucidula,wfo-0001115040 | wfo-0001274877,Huperzia lucidula,Lycopodiaceae,2,2,2,1,1,Huperzia lucidula,wfo-0001115040 | wfo-0001274877,Huperzia lucidula,Lycopodiaceae,exact_consensus_multiple_ids,exact
Hymenoxys integrifolia,hymenoxys integrifolia,hymenoxys integrifolia,2,2,2,1,1,Hymenoxys integrifolia,wfo-0000114654 | wfo-0000132982,Hymenoxys integrifolia,Asteraceae,2,2,2,1,1,Hymenoxys integrifolia,wfo-0000114654 | wfo-0000132982,Hymenoxys integrifolia,Asteraceae,exact_consensus_multiple_ids,exact
Marshallia obovata,marshallia obovata,marshallia obovata,2,2,2,1,1,Marshallia obovata,wfo-0000024351 | wfo-0000092033,Marshallia obovata,Asteraceae,2,2,2,1,1,Marshallia obovata,wfo-0000024351 | wfo-0000092033,Marshallia obovata,Asteraceae,exact_consensus_multiple_ids,exact
Millettia extensa,millettia extensa,millettia extensa,2,2,2,1,1,Millettia extensa,wfo-0000185910 | wfo-0001055387,Millettia extensa,Fabaceae,2,2,2,1,1,Millettia extensa,wfo-0000185910 | wfo-0001055387,Millettia extensa,Fabaceae,exact_consensus_multiple_ids,exact
Murraya paniculata,murraya paniculata,murraya paniculata,2,2,2,1,1,Murraya paniculata,wfo-0000453279 | wfo-0001253685,Murraya paniculata,Rutaceae,2,2,2,1,1,Murraya paniculata,wfo-0000453279 | wfo-0001253685,Murraya paniculata,Rutaceae,exact_consensus_multiple_ids,exact
Myracrodruon urundeuva,myracrodruon urundeuva,myracrodruon urundeuva,2,2,2,1,1,Myracrodruon urundeuva,wfo-0001050974 | wfo-1000080335,Myracrodruon urundeuva,Anacardiaceae,2,2,2,1,1,Myracrodruon urundeuva,wfo-0001050974 | wfo-1000080335,Myracrodruon urundeuva,Anacardiaceae,exact_consensus_multiple_ids,exact
Patrinia rupestris,patrinia rupestris,patrinia rupestris,3,3,2,1,1,Patrinia rupestris,wfo-0001143746 | wfo-0001225089,Patrinia rupestris,Caprifoliaceae,3,3,2,1,1,Patrinia rupestris,wfo-0001143746 | wfo-0001225089,Patrinia rupestris,Caprifoliaceae,exact_consensus_multiple_ids,exact
Patrinia villosa,patrinia villosa,patrinia villosa,2,2,2,1,1,Patrinia villosa,wfo-0001042177 | wfo-0001143747,Patrinia villosa,Caprifoliaceae,2,2,2,1,1,Patrinia villosa,wfo-0001042177 | wfo-0001143747,Patrinia villosa,Caprifoliaceae,exact_consensus_multiple_ids,exact
Piptanthus nepalensis,piptanthus nepalensis,piptanthus nepalensis,2,2,2,1,1,Piptanthus nepalensis,wfo-0000186282 | wfo-0001058099,Piptanthus nepalensis,Fabaceae,2,2,2,1,1,Piptanthus nepalensis,wfo-0000186282 | wfo-0001058099,Piptanthus nepalensis,Fabaceae,exact_consensus_multiple_ids,exact
Prinsepia utilis,prinsepia utilis,prinsepia utilis,2,2,2,1,1,Prinsepia utilis,wfo-0000985975 | wfo-0001013333,Prinsepia utilis,Rosaceae,2,2,2,1,1,Prinsepia utilis,wfo-0000985975 | wfo-0001013333,Prinsepia utilis,Rosaceae,exact_consensus_multiple_ids,exact
Prunus speciosa,prunus speciosa,prunus speciosa,2,2,2,1,1,Prunus speciosa,wfo-0000995957 | wfo-0000996351,Prunus speciosa,Rosaceae,2,2,2,1,1,Prunus speciosa,wfo-0000995957 | wfo-0000996351,Prunus speciosa,Rosaceae,exact_consensus_multiple_ids,exact
Purshia mexicana,purshia mexicana,purshia mexicana,2,2,2,1,1,Purshia mexicana,wfo-0000991554 | wfo-0001014247,Purshia mexicana,Rosaceae,2,2,2,1,1,Purshia mexicana,wfo-0000991554 | wfo-0001014247,Purshia mexicana,Rosaceae,exact_consensus_multiple_ids,exact
Retama raetam,retama raetam,retama raetam,2,2,2,1,1,Retama raetam,wfo-0000213399 | wfo-0001058118,Retama raetam,Fabaceae,2,2,2,1,1,Retama raetam,wfo-0000213399 | wfo-0001058118,Retama raetam,Fabaceae,exact_consensus_multiple_ids,exact
Salix cinerea,salix cinerea,salix cinerea,2,2,2,1,1,Salix cinerea,wfo-0000929149 | wfo-0000930920,Salix cinerea,Salicaceae,2,2,2,1,1,Salix cinerea,wfo-0000929149 | wfo-0000930920,Salix cinerea,Salicaceae,exact_consensus_multiple_ids,exact
Saraca asoca,saraca asoca,saraca asoca,2,2,2,1,1,Saraca asoca,wfo-0000193380 | wfo-0001060024,Saraca asoca,Fabaceae,2,2,2,1,1,Saraca asoca,wfo-0000193380 | wfo-0001060024,Saraca asoca,Fabaceae,exact_consensus_multiple_ids,exact
Schoenus calostachyus,schoenus calostachyus,schoenus calostachyus,2,2,2,1,1,Schoenus calostachyus,wfo-0000529555 | wfo-0001263008,Schoenus calostachyus,Cyperaceae,2,2,2,1,1,Schoenus calostachyus,wfo-0000529555 | wfo-0001263008,Schoenus calostachyus,Cyperaceae,exact_consensus_multiple_ids,exact
Sophora davidii,sophora davidii,sophora davidii,2,2,2,1,1,Sophora davidii,wfo-0000212090 | wfo-0001056381,Sophora davidii,Fabaceae,2,2,2,1,1,Sophora davidii,wfo-0000212090 | wfo-0001056381,Sophora davidii,Fabaceae,exact_consensus_multiple_ids,exact
Sophora moorcroftiana,sophora moorcroftiana,sophora moorcroftiana,2,2,2,1,1,Sophora moorcroftiana,wfo-0000185589 | wfo-0001060855,Sophora moorcroftiana,Fabaceae,2,2,2,1,1,Sophora moorcroftiana,wfo-0000185589 | wfo-0001060855,Sophora moorcroftiana,Fabaceae,exact_consensus_multiple_ids,exact
Stelechocarpus cauliflorus,stelechocarpus cauliflorus,stelechocarpus cauliflorus,2,2,2,1,1,Stelechocarpus cauliflorus,wfo-0000435196 | wfo-1200027757,Stelechocarpus cauliflorus,Annonaceae,2,2,2,1,1,Stelechocarpus cauliflorus,wfo-0000435196 | wfo-1200027757,Stelechocarpus cauliflorus,Annonaceae,exact_consensus_multiple_ids,exact
Thermopsis montana,thermopsis montana,thermopsis montana,2,2,2,1,1,Thermopsis montana,wfo-0000194928 | wfo-0001050100,Thermopsis montana,Fabaceae,2,2,2,1,1,Thermopsis montana,wfo-0000194928 | wfo-0001050100,Thermopsis montana,Fabaceae,exact_consensus_multiple_ids,exact
Urospermum dalechampii,urospermum dalechampii,urospermum dalechampii,2,2,2,1,1,Urospermum dalechampii,wfo-0000096788 | wfo-0000136897,Urospermum dalechampii,Asteraceae,2,2,2,1,1,Urospermum dalechampii,wfo-0000096788 | wfo-0000136897,Urospermum dalechampii,Asteraceae,exact_consensus_multiple_ids,exact
Xanthium strumarium,xanthium strumarium,xanthium strumarium,3,3,2,1,1,Xanthium strumarium,wfo-0000008369 | wfo-0000082132,Xanthium strumarium,Asteraceae,3,3,2,1,1,Xanthium strumarium,wfo-0000008369 | wfo-0000082132,Xanthium strumarium,Asteraceae,exact_consensus_multiple_ids,exact
Zinnia elegans,zinnia elegans,zinnia elegans,3,3,2,1,1,Zinnia elegans,wfo-0000058494 | wfo-0000114531,Zinnia elegans,Asteraceae,3,3,2,1,1,Zinnia elegans,wfo-0000058494 | wfo-0000114531,Zinnia elegans,Asteraceae,exact_consensus_multiple_ids,exact
Abies nephrolepis,abies nephrolepis,abies nephrolepis,1,1,1,1,1,Abies nephrolepis,wfo-0000511289,Abies nephrolepis,Pinaceae,1,1,1,1,1,Abies nephrolepis,wfo-0000511289,Abies nephrolepis,Pinaceae,exact_unique,exact
Abies pindrow,abies pindrow,abies pindrow,1,1,1,1,1,Abies pindrow,wfo-0000511353,Abies pindrow,Pinaceae,1,1,1,1,1,Abies pindrow,wfo-0000511353,Abies pindrow,Pinaceae,exact_unique,exact
Abies sachalinensis,abies sachalinensis,abies sachalinensis,2,2,1,1,1,Abies sachalinensis,wfo-0000511384,Abies sachalinensis,Pinaceae,2,2,1,1,1,Abies sachalinensis,wfo-0000511384,Abies sachalinensis,Pinaceae,exact_unique,exact
Abies spectabilis,abies spectabilis,abies spectabilis,2,2,1,1,1,Abies spectabilis,wfo-0000511410,Abies spectabilis,Pinaceae,2,2,1,1,1,Abies spectabilis,wfo-0000511410,Abies spectabilis,Pinaceae,exact_unique,exact
Abronia latifolia,abronia latifolia,abronia latifolia,1,1,1,1,1,Abronia latifolia,wfo-0000511550,Abronia latifolia,Nyctaginaceae,1,1,1,1,1,Abronia latifolia,wfo-0000511550,Abronia latifolia,Nyctaginaceae,exact_unique,exact
Abronia villosa,abronia villosa,abronia villosa,1,1,1,1,1,Abronia villosa,wfo-0000511604,Abronia villosa,Nyctaginaceae,1,1,1,1,1,Abronia villosa,wfo-0000511604,Abronia villosa,Nyctaginaceae,exact_unique,exact
Abrus precatorius,abrus precatorius,abrus precatorius,1,1,1,1,1,Abrus precatorius,wfo-0000178702,Abrus precatorius,Fabaceae,1,1,1,1,1,Abrus precatorius,wfo-0000178702,Abrus precatorius,Fabaceae,exact_unique,exact
Abrus pulchellus,abrus pulchellus,abrus pulchellus,2,2,1,1,1,Abrus pulchellus,wfo-0001444217,Abrus melanospermus subsp. melanospermus,Fabaceae,2,2,1,1,1,Abrus pulchellus,wfo-0001444217,Abrus melanospermus subsp. melanospermus,Fabaceae,exact_unique,exact
Abutilon theophrasti,abutilon theophrasti,abutilon theophrasti,1,1,1,1,1,Abutilon theophrasti,wfo-0000512325,Abutilon theophrasti,Malvaceae,1,1,1,1,1,Abutilon theophrasti,wfo-0000512325,Abutilon theophrasti,Malvaceae,exact_unique,exact
Acacia,acacia,acacia,1,1,1,1,1,Acacia,wfo-4000000074,Acacia,Fabaceae,1,1,1,1,1,Acacia,wfo-4000000074,Acacia,Fabaceae,exact_unique,exact
Acacia acuminata,acacia acuminata,acacia acuminata,1,1,1,1,1,Acacia acuminata,wfo-0000185281,Acacia acuminata,Fabaceae,1,1,1,1,1,Acacia acuminata,wfo-0000185281,Acacia acuminata,Fabaceae,exact_unique,exact
Acacia aneura,acacia aneura,acacia aneura,1,1,1,1,1,Acacia aneura,wfo-0001053991,Acacia aneura,Fabaceae,1,1,1,1,1,Acacia aneura,wfo-0001053991,Acacia aneura,Fabaceae,exact_unique,exact
Acacia aulacocarpa,acacia aulacocarpa,acacia aulacocarpa,1,1,1,1,1,Acacia aulacocarpa,wfo-0000202547,Acacia aulacocarpa,Fabaceae,1,1,1,1,1,Acacia aulacocarpa,wfo-0000202547,Acacia aulacocarpa,Fabaceae,exact_unique,exact
Acacia auriculiformis,acacia auriculiformis,acacia auriculiformis,1,1,1,1,1,Acacia auriculiformis,wfo-0000173754,Acacia auriculiformis,Fabaceae,1,1,1,1,1,Acacia auriculiformis,wfo-0000173754,Acacia auriculiformis,Fabaceae,exact_unique,exact
Acacia baileyana,acacia baileyana,acacia baileyana,1,1,1,1,1,Acacia baileyana,wfo-0000189913,Acacia baileyana,Fabaceae,1,1,1,1,1,Acacia baileyana,wfo-0000189913,Acacia baileyana,Fabaceae,exact_unique,exact
Acacia burrowii,acacia burrowii,acacia burrowii,1,1,1,1,1,Acacia burrowii,wfo-0000202789,Acacia burrowii,Fabaceae,1,1,1,1,1,Acacia burrowii,wfo-0000202789,Acacia burrowii,Fabaceae,exact_unique,exact
Acacia buxifolia,acacia buxifolia,acacia buxifolia,1,1,1,1,1,Acacia buxifolia,wfo-0000185292,Acacia buxifolia,Fabaceae,1,1,1,1,1,Acacia buxifolia,wfo-0000185292,Acacia buxifolia,Fabaceae,exact_unique,exact
Acacia cardiophylla,acacia cardiophylla,acacia cardiophylla,1,1,1,1,1,Acacia cardiophylla,wfo-0000185298,Acacia cardiophylla,Fabaceae,1,1,1,1,1,Acacia cardiophylla,wfo-0000185298,Acacia cardiophylla,Fabaceae,exact_unique,exact
Acacia carneorum,acacia carneorum,acacia carneorum,1,1,1,1,1,Acacia carneorum,wfo-0000201400,Acacia carneorum,Fabaceae,1,1,1,1,1,Acacia carneorum,wfo-0000201400,Acacia carneorum,Fabaceae,exact_unique,exact
Acacia cheelii,acacia cheelii,acacia cheelii,1,1,1,1,1,Acacia cheelii,wfo-0001055536,Acacia cheelii,Fabaceae,1,1,1,1,1,Acacia cheelii,wfo-0001055536,Acacia cheelii,Fabaceae,exact_unique,exact
Acacia chrysotricha,acacia chrysotricha,acacia chrysotricha,1,1,1,1,1,Acacia chrysotricha,wfo-0000185299,Acacia chrysotricha,Fabaceae,1,1,1,1,1,Acacia chrysotricha,wfo-0000185299,Acacia chrysotricha,Fabaceae,exact_unique,exact
Acacia clunies-rossiae,acacia clunies-rossiae,acacia clunies-rossiae,1,1,1,1,1,Acacia clunies-rossiae,wfo-0000186344,Acacia clunies-rossiae,Fabaceae,1,1,1,1,1,Acacia clunies-rossiae,wfo-0000186344,Acacia clunies-rossiae,Fabaceae,exact_unique,exact
Acacia concurrens,acacia concurrens,acacia concurrens,1,1,1,1,1,Acacia concurrens,wfo-0000185341,Acacia concurrens,Fabaceae,1,1,1,1,1,Acacia concurrens,wfo-0000185341,Acacia concurrens,Fabaceae,exact_unique,exact
Acacia confusa,acacia confusa,acacia confusa,1,1,1,1,1,Acacia confusa,wfo-0000186120,Acacia confusa,Fabaceae,1,1,1,1,1,Acacia confusa,wfo-0000186120,Acacia confusa,Fabaceae,exact_unique,exact
Acacia constablei,acacia constablei,acacia constablei,1,1,1,1,1,Acacia constablei,wfo-0000185300,Acacia constablei,Fabaceae,1,1,1,1,1,Acacia constablei,wfo-0000185300,Acacia constablei,Fabaceae,exact_unique,exact
Acacia constricta,acacia constricta,acacia constricta,1,1,1,1,1,Acacia constricta,wfo-0001277423,Vachellia constricta,Fabaceae,1,1,1,1,1,Acacia constricta,wfo-0001277423,Vachellia constricta,Fabaceae,exact_unique,exact
Acacia crombiei,acacia crombiei,acacia crombiei,1,1,1,1,1,Acacia crombiei,wfo-0000186425,Acacia crombiei,Fabaceae,1,1,1,1,1,Acacia crombiei,wfo-0000186425,Acacia crombiei,Fabaceae,exact_unique,exact
Acacia cultriformis,acacia cultriformis,acacia cultriformis,1,1,1,1,1,Acacia cultriformis,wfo-0000191942,Acacia cultriformis,Fabaceae,1,1,1,1,1,Acacia cultriformis,wfo-0000191942,Acacia cultriformis,Fabaceae,exact_unique,exact
Acacia cyperophylla,acacia cyperophylla,acacia cyperophylla,1,1,1,1,1,Acacia cyperophylla,wfo-0000202875,Acacia cyperophylla,Fabaceae,1,1,1,1,1,Acacia cyperophylla,wfo-0000202875,Acacia cyperophylla,Fabaceae,exact_unique,exact
Acacia deanei,acacia deanei,acacia deanei,1,1,1,1,1,Acacia deanei,wfo-0000201013,Acacia deanei,Fabaceae,1,1,1,1,1,Acacia deanei,wfo-0000201013,Acacia deanei,Fabaceae,exact_unique,exact
Acacia decora,acacia decora,acacia decora,1,1,1,1,1,Acacia decora,wfo-0000185302,Acacia decora,Fabaceae,1,1,1,1,1,Acacia decora,wfo-0000185302,Acacia decora,Fabaceae,exact_unique,exact
Acacia decurrens,acacia decurrens,acacia decurrens,1,1,1,1,1,Acacia decurrens,wfo-0000192434,Acacia decurrens,Fabaceae,1,1,1,1,1,Acacia decurrens,wfo-0000192434,Acacia decurrens,Fabaceae,exact_unique,exact
Acacia excelsa,acacia excelsa,acacia excelsa,1,1,1,1,1,Acacia excelsa,wfo-0000185283,Acacia excelsa,Fabaceae,1,1,1,1,1,Acacia excelsa,wfo-0000185283,Acacia excelsa,Fabaceae,exact_unique,exact
Acacia falciformis,acacia falciformis,acacia falciformis,1,1,1,1,1,Acacia falciformis,wfo-0000185304,Acacia falciformis,Fabaceae,1,1,1,1,1,Acacia falciformis,wfo-0000185304,Acacia falciformis,Fabaceae,exact_unique,exact
Acacia fasciculifera,acacia fasciculifera,acacia fasciculifera,1,1,1,1,1,Acacia fasciculifera,wfo-0000185303,Acacia fasciculifera,Fabaceae,1,1,1,1,1,Acacia fasciculifera,wfo-0000185303,Acacia fasciculifera,Fabaceae,exact_unique,exact
Acacia filicifolia,acacia filicifolia,acacia filicifolia,1,1,1,1,1,Acacia filicifolia,wfo-0000185848,Acacia filicifolia,Fabaceae,1,1,1,1,1,Acacia filicifolia,wfo-0000185848,Acacia filicifolia,Fabaceae,exact_unique,exact
Acacia fimbriata,acacia fimbriata,acacia fimbriata,1,1,1,1,1,Acacia fimbriata,wfo-0000195813,Acacia fimbriata,Fabaceae,1,1,1,1,1,Acacia fimbriata,wfo-0000195813,Acacia fimbriata,Fabaceae,exact_unique,exact
Acacia floribunda,acacia floribunda,acacia floribunda,1,1,1,1,1,Acacia floribunda,wfo-0000192754,Acacia floribunda,Fabaceae,1,1,1,1,1,Acacia floribunda,wfo-0000192754,Acacia floribunda,Fabaceae,exact_unique,exact
Acacia galpinii,acacia galpinii,acacia galpinii,1,1,1,1,1,Acacia galpinii,wfo-0000745786,Senegalia galpinii,Fabaceae,1,1,1,1,1,Acacia galpinii,wfo-0000745786,Senegalia galpinii,Fabaceae,exact_unique,exact
Acacia harpophylla,acacia harpophylla,acacia harpophylla,1,1,1,1,1,Acacia harpophylla,wfo-0000186352,Acacia harpophylla,Fabaceae,1,1,1,1,1,Acacia harpophylla,wfo-0000186352,Acacia harpophylla,Fabaceae,exact_unique,exact
Acacia holosericea,acacia holosericea,acacia holosericea,2,2,1,1,1,Acacia holosericea,wfo-0000186999,Acacia holosericea,Fabaceae,2,2,1,1,1,Acacia holosericea,wfo-0000186999,Acacia holosericea,Fabaceae,exact_unique,exact
Acacia homalophylla,acacia homalophylla,acacia homalophylla,2,2,1,1,1,Acacia homalophylla,wfo-0000202365,Acacia omalophylla,Fabaceae,2,2,1,1,1,Acacia homalophylla,wfo-0000202365,Acacia omalophylla,Fabaceae,exact_unique,exact
Acacia implexa,acacia implexa,acacia implexa,1,1,1,1,1,Acacia implexa,wfo-0000192743,Acacia implexa,Fabaceae,1,1,1,1,1,Acacia implexa,wfo-0000192743,Acacia implexa,Fabaceae,exact_unique,exact
Acacia intertexta,acacia intertexta,acacia intertexta,1,1,1,1,1,Acacia intertexta,wfo-0000185319,Acacia obtusifolia,Fabaceae,1,1,1,1,1,Acacia intertexta,wfo-0000185319,Acacia obtusifolia,Fabaceae,exact_unique,exact
Acacia irrorata,acacia irrorata,acacia irrorata,1,1,1,1,1,Acacia irrorata,wfo-0000186117,Acacia irrorata,Fabaceae,1,1,1,1,1,Acacia irrorata,wfo-0000186117,Acacia irrorata,Fabaceae,exact_unique,exact
Acacia ixiophylla,acacia ixiophylla,acacia ixiophylla,1,1,1,1,1,Acacia ixiophylla,wfo-0000185309,Acacia ixiophylla,Fabaceae,1,1,1,1,1,Acacia ixiophylla,wfo-0000185309,Acacia ixiophylla,Fabaceae,exact_unique,exact
Acacia karroo,acacia karroo,acacia karroo,1,1,1,1,1,Acacia karroo,wfo-0000510579,Vachellia karroo,Fabaceae,1,1,1,1,1,Acacia karroo,wfo-0000510579,Vachellia karroo,Fabaceae,exact_unique,exact
Acacia kempeana,acacia kempeana,acacia kempeana,1,1,1,1,1,Acacia kempeana,wfo-0000202890,Acacia kempeana,Fabaceae,1,1,1,1,1,Acacia kempeana,wfo-0000202890,Acacia kempeana,Fabaceae,exact_unique,exact
Acacia kettlewelliae,acacia kettlewelliae,acacia kettlewelliae,1,1,1,1,1,Acacia kettlewelliae,wfo-0000185286,Acacia kettlewelliae,Fabaceae,1,1,1,1,1,Acacia kettlewelliae,wfo-0000185286,Acacia kettlewelliae,Fabaceae,exact_unique,exact
Acacia lanigera,acacia lanigera,acacia lanigera,1,1,1,1,1,Acacia lanigera,wfo-0000185310,Acacia lanigera,Fabaceae,1,1,1,1,1,Acacia lanigera,wfo-0000185310,Acacia lanigera,Fabaceae,exact_unique,exact
Acacia leucoclada,acacia leucoclada,acacia leucoclada,1,1,1,1,1,Acacia leucoclada,wfo-0000201007,Acacia leucoclada,Fabaceae,1,1,1,1,1,Acacia leucoclada,wfo-0000201007,Acacia leucoclada,Fabaceae,exact_unique,exact
Acacia mabellae,acacia mabellae,acacia mabellae,1,1,1,1,1,Acacia mabellae,wfo-0000185316,Acacia mabellae,Fabaceae,1,1,1,1,1,Acacia mabellae,wfo-0000185316,Acacia mabellae,Fabaceae,exact_unique,exact
Acacia maidenii,acacia maidenii,acacia maidenii,1,1,1,1,1,Acacia maidenii,wfo-0000203359,Acacia maidenii,Fabaceae,1,1,1,1,1,Acacia maidenii,wfo-0000203359,Acacia maidenii,Fabaceae,exact_unique,exact
Acacia mearnsii,acacia mearnsii,acacia mearnsii,1,1,1,1,1,Acacia mearnsii,wfo-0000203882,Acacia mearnsii,Fabaceae,1,1,1,1,1,Acacia mearnsii,wfo-0000203882,Acacia mearnsii,Fabaceae,exact_unique,exact
Acacia melanoxylon,acacia melanoxylon,acacia melanoxylon,1,1,1,1,1,Acacia melanoxylon,wfo-0000204086,Acacia melanoxylon,Fabaceae,1,1,1,1,1,Acacia melanoxylon,wfo-0000204086,Acacia melanoxylon,Fabaceae,exact_unique,exact
Acacia mellifera,acacia mellifera,acacia mellifera,1,1,1,1,1,Acacia mellifera,wfo-0000745787,Senegalia mellifera,Fabaceae,1,1,1,1,1,Acacia mellifera,wfo-0000745787,Senegalia mellifera,Fabaceae,exact_unique,exact
Acacia mollifolia,acacia mollifolia,acacia mollifolia,1,1,1,1,1,Acacia mollifolia,wfo-0000185317,Acacia mollifolia,Fabaceae,1,1,1,1,1,Acacia mollifolia,wfo-0000185317,Acacia mollifolia,Fabaceae,exact_unique,exact
Acacia mollissima,acacia mollissima,acacia mollissima,1,1,1,1,1,Acacia mollissima,wfo-0000200993,Acacia pubescens,Fabaceae,1,1,1,1,1,Acacia mollissima,wfo-0000200993,Acacia pubescens,Fabaceae,exact_unique,exact
Acacia neovernicosa,acacia neovernicosa,acacia neovernicosa,1,1,1,1,1,Acacia neovernicosa,wfo-0001277463,Vachellia vernicosa,Fabaceae,1,1,1,1,1,Acacia neovernicosa,wfo-0001277463,Vachellia vernicosa,Fabaceae,exact_unique,exact
Acacia neriifolia,acacia neriifolia,acacia neriifolia,1,1,1,1,1,Acacia neriifolia,wfo-0000182943,Acacia neriifolia,Fabaceae,1,1,1,1,1,Acacia neriifolia,wfo-0000182943,Acacia neriifolia,Fabaceae,exact_unique,exact
Acacia nigrescens,acacia nigrescens,acacia nigrescens,1,1,1,1,1,Acacia nigrescens,wfo-0001284771,Senegalia nigrescens,Fabaceae,1,1,1,1,1,Acacia nigrescens,wfo-0001284771,Senegalia nigrescens,Fabaceae,exact_unique,exact
Acacia nilotica,acacia nilotica,acacia nilotica,1,1,1,1,1,Acacia nilotica,wfo-0001284776,Vachellia nilotica,Fabaceae,1,1,1,1,1,Acacia nilotica,wfo-0001284776,Vachellia nilotica,Fabaceae,exact_unique,exact
Acacia obtusifolia,acacia obtusifolia,acacia obtusifolia,1,1,1,1,1,Acacia obtusifolia,wfo-0000185319,Acacia obtusifolia,Fabaceae,1,1,1,1,1,Acacia obtusifolia,wfo-0000185319,Acacia obtusifolia,Fabaceae,exact_unique,exact
Acacia omalophylla,acacia omalophylla,acacia omalophylla,1,1,1,1,1,Acacia omalophylla,wfo-0000202365,Acacia omalophylla,Fabaceae,1,1,1,1,1,Acacia omalophylla,wfo-0000202365,Acacia omalophylla,Fabaceae,exact_unique,exact
Acacia orites,acacia orites,acacia orites,1,1,1,1,1,Acacia orites,wfo-0000203086,Acacia orites,Fabaceae,1,1,1,1,1,Acacia orites,wfo-0000203086,Acacia orites,Fabaceae,exact_unique,exact
Acacia oshanesii,acacia oshanesii,acacia oshanesii,1,1,1,1,1,Acacia oshanesii,wfo-0000186342,Acacia oshanesii,Fabaceae,1,1,1,1,1,Acacia oshanesii,wfo-0000186342,Acacia oshanesii,Fabaceae,exact_unique,exact
Acacia oswaldii,acacia oswaldii,acacia oswaldii,1,1,1,1,1,Acacia oswaldii,wfo-0000185318,Acacia oswaldii,Fabaceae,1,1,1,1,1,Acacia oswaldii,wfo-0000185318,Acacia oswaldii,Fabaceae,exact_unique,exact
Acacia papyrocarpa,acacia papyrocarpa,acacia papyrocarpa,1,1,1,1,1,Acacia papyrocarpa,wfo-0000202357,Acacia papyrocarpa,Fabaceae,1,1,1,1,1,Acacia papyrocarpa,wfo-0000202357,Acacia papyrocarpa,Fabaceae,exact_unique,exact
Acacia parramattensis,acacia parramattensis,acacia parramattensis,1,1,1,1,1,Acacia parramattensis,wfo-0000185351,Acacia parramattensis,Fabaceae,1,1,1,1,1,Acacia parramattensis,wfo-0000185351,Acacia parramattensis,Fabaceae,exact_unique,exact
Acacia pendula,acacia pendula,acacia pendula,1,1,1,1,1,Acacia pendula,wfo-0000208640,Acacia pendula,Fabaceae,1,1,1,1,1,Acacia pendula,wfo-0000208640,Acacia pendula,Fabaceae,exact_unique,exact
Acacia pennatula,acacia pennatula,acacia pennatula,1,1,1,1,1,Acacia pennatula,wfo-0001277447,Vachellia pennatula,Fabaceae,1,1,1,1,1,Acacia pennatula,wfo-0001277447,Vachellia pennatula,Fabaceae,exact_unique,exact
Acacia peuce,acacia peuce,acacia peuce,1,1,1,1,1,Acacia peuce,wfo-0000185338,Acacia peuce,Fabaceae,1,1,1,1,1,Acacia peuce,wfo-0000185338,Acacia peuce,Fabaceae,exact_unique,exact
Acacia polyacantha,acacia polyacantha,acacia polyacantha,1,1,1,1,1,Acacia polyacantha,wfo-0000744649,Senegalia polyacantha,Fabaceae,1,1,1,1,1,Acacia polyacantha,wfo-0000744649,Senegalia polyacantha,Fabaceae,exact_unique,exact
Acacia pubescens,acacia pubescens,acacia pubescens,3,3,1,1,1,Acacia pubescens,wfo-0000200993,Acacia pubescens,Fabaceae,3,3,1,1,1,Acacia pubescens,wfo-0000200993,Acacia pubescens,Fabaceae,exact_unique,exact
Acacia pubifolia,acacia pubifolia,acacia pubifolia,1,1,1,1,1,Acacia pubifolia,wfo-0000202808,Acacia pubifolia,Fabaceae,1,1,1,1,1,Acacia pubifolia,wfo-0000202808,Acacia pubifolia,Fabaceae,exact_unique,exact
Acacia pycnantha,acacia pycnantha,acacia pycnantha,1,1,1,1,1,Acacia pycnantha,wfo-0000210558,Acacia pycnantha,Fabaceae,1,1,1,1,1,Acacia pycnantha,wfo-0000210558,Acacia pycnantha,Fabaceae,exact_unique,exact
Acacia pycnostachya,acacia pycnostachya,acacia pycnostachya,2,2,1,1,1,Acacia pycnostachya,wfo-0000202826,Acacia pycnostachya,Fabaceae,2,2,1,1,1,Acacia pycnostachya,wfo-0000202826,Acacia pycnostachya,Fabaceae,exact_unique,exact
Acacia retinodes,acacia retinodes,acacia retinodes,1,1,1,1,1,Acacia retinodes,wfo-0000181109,Acacia retinodes,Fabaceae,1,1,1,1,1,Acacia retinodes,wfo-0000181109,Acacia retinodes,Fabaceae,exact_unique,exact
Acacia rhodoxylon,acacia rhodoxylon,acacia rhodoxylon,1,1,1,1,1,Acacia rhodoxylon,wfo-0000185322,Acacia rhodoxylon,Fabaceae,1,1,1,1,1,Acacia rhodoxylon,wfo-0000185322,Acacia rhodoxylon,Fabaceae,exact_unique,exact
Acacia rigens,acacia rigens,acacia rigens,1,1,1,1,1,Acacia rigens,wfo-0000185324,Acacia rigens,Fabaceae,1,1,1,1,1,Acacia rigens,wfo-0000185324,Acacia rigens,Fabaceae,exact_unique,exact
Acacia rubida,acacia rubida,acacia rubida,1,1,1,1,1,Acacia rubida,wfo-0000185323,Acacia rubida,Fabaceae,1,1,1,1,1,Acacia rubida,wfo-0000185323,Acacia rubida,Fabaceae,exact_unique,exact
Acacia saligna,acacia saligna,acacia saligna,1,1,1,1,1,Acacia saligna,wfo-0001054072,Acacia saligna,Fabaceae,1,1,1,1,1,Acacia saligna,wfo-0001054072,Acacia saligna,Fabaceae,exact_unique,exact
Acacia saxatilis,acacia saxatilis,acacia saxatilis,1,1,1,1,1,Acacia saxatilis,wfo-0000185329,Acacia saxatilis,Fabaceae,1,1,1,1,1,Acacia saxatilis,wfo-0000185329,Acacia saxatilis,Fabaceae,exact_unique,exact
Acacia silvestris,acacia silvestris,acacia silvestris,1,1,1,1,1,Acacia silvestris,wfo-0000185337,Acacia silvestris,Fabaceae,1,1,1,1,1,Acacia silvestris,wfo-0000185337,Acacia silvestris,Fabaceae,exact_unique,exact
Acacia sparsiflora,acacia sparsiflora,acacia sparsiflora,1,1,1,1,1,Acacia sparsiflora,wfo-0000186124,Acacia sparsiflora,Fabaceae,1,1,1,1,1,Acacia sparsiflora,wfo-0000186124,Acacia sparsiflora,Fabaceae,exact_unique,exact
Acacia terminalis,acacia terminalis,acacia terminalis,1,1,1,1,1,Acacia terminalis,wfo-0000186862,Acacia terminalis,Fabaceae,1,1,1,1,1,Acacia terminalis,wfo-0000186862,Acacia terminalis,Fabaceae,exact_unique,exact
Acacia tortilis,acacia tortilis,acacia tortilis,1,1,1,1,1,Acacia tortilis,wfo-0001285358,Vachellia tortilis,Fabaceae,1,1,1,1,1,Acacia tortilis,wfo-0001285358,Vachellia tortilis,Fabaceae,exact_unique,exact
Acacia trachyphloia,acacia trachyphloia,acacia trachyphloia,1,1,1,1,1,Acacia trachyphloia,wfo-0000185336,Acacia trachyphloia,Fabaceae,1,1,1,1,1,Acacia trachyphloia,wfo-0000185336,Acacia trachyphloia,Fabaceae,exact_unique,exact
Acacia trinervata,acacia trinervata,acacia trinervata,1,1,1,1,1,Acacia trinervata,wfo-0000202195,Acacia trinervata,Fabaceae,1,1,1,1,1,Acacia trinervata,wfo-0000202195,Acacia trinervata,Fabaceae,exact_unique,exact
Acacia trineura,acacia trineura,acacia trineura,1,1,1,1,1,Acacia trineura,wfo-0000202192,Acacia trineura,Fabaceae,1,1,1,1,1,Acacia trineura,wfo-0000202192,Acacia trineura,Fabaceae,exact_unique,exact
Acacia verniciflua,acacia verniciflua,acacia verniciflua,1,1,1,1,1,Acacia verniciflua,wfo-0000185333,Acacia verniciflua,Fabaceae,1,1,1,1,1,Acacia verniciflua,wfo-0000185333,Acacia verniciflua,Fabaceae,exact_unique,exact
Acacia vestita,acacia vestita,acacia vestita,1,1,1,1,1,Acacia vestita,wfo-0000211369,Acacia vestita,Fabaceae,1,1,1,1,1,Acacia vestita,wfo-0000211369,Acacia vestita,Fabaceae,exact_unique,exact
Acaena magellanica,acaena magellanica,acaena magellanica,1,1,1,1,1,Acaena magellanica,wfo-0000985090,Acaena magellanica,Rosaceae,1,1,1,1,1,Acaena magellanica,wfo-0000985090,Acaena magellanica,Rosaceae,exact_unique,exact
Acalypha integrifolia,acalypha integrifolia,acalypha integrifolia,1,1,1,1,1,Acalypha integrifolia,wfo-0000955390,Acalypha integrifolia,Euphorbiaceae,1,1,1,1,1,Acalypha integrifolia,wfo-0000955390,Acalypha integrifolia,Euphorbiaceae,exact_unique,exact
Acalypha wilkesiana,acalypha wilkesiana,acalypha wilkesiana,1,1,1,1,1,Acalypha wilkesiana,wfo-0000254905,Acalypha wilkesiana,Euphorbiaceae,1,1,1,1,1,Acalypha wilkesiana,wfo-0000254905,Acalypha wilkesiana,Euphorbiaceae,exact_unique,exact
Acer barbinerve,acer barbinerve,acer barbinerve,1,1,1,1,1,Acer barbinerve,wfo-0000513991,Acer barbinerve,Sapindaceae,1,1,1,1,1,Acer barbinerve,wfo-0000513991,Acer barbinerve,Sapindaceae,exact_unique,exact
Acer griseum,acer griseum,acer griseum,1,1,1,1,1,Acer griseum,wfo-0000514296,Acer griseum,Sapindaceae,1,1,1,1,1,Acer griseum,wfo-0000514296,Acer griseum,Sapindaceae,exact_unique,exact
Acer mandshuricum,acer mandshuricum,acer mandshuricum,1,1,1,1,1,Acer mandshuricum,wfo-0000514524,Acer mandshuricum,Sapindaceae,1,1,1,1,1,Acer mandshuricum,wfo-0000514524,Acer mandshuricum,Sapindaceae,exact_unique,exact
Acer nikoense,acer nikoense,acer nikoense,1,1,1,1,1,Acer nikoense,wfo-0000474320,Parthenocissus tricuspidata,Vitaceae,1,1,1,1,1,Acer nikoense,wfo-0000474320,Parthenocissus tricuspidata,Vitaceae,exact_unique,exact
Acer pictum,acer pictum,acer pictum,1,1,1,1,1,Acer pictum,wfo-0000514846,Acer pictum,Sapindaceae,1,1,1,1,1,Acer pictum,wfo-0000514846,Acer pictum,Sapindaceae,exact_unique,exact
Acer platanoides,acer platanoides,acer platanoides,1,1,1,1,1,Acer platanoides,wfo-0000514884,Acer platanoides,Sapindaceae,1,1,1,1,1,Acer platanoides,wfo-0000514884,Acer platanoides,Sapindaceae,exact_unique,exact
Achillea clypeolata,achillea clypeolata,achillea clypeolata,1,1,1,1,1,Achillea clypeolata,wfo-0000077945,Achillea clypeolata,Asteraceae,1,1,1,1,1,Achillea clypeolata,wfo-0000077945,Achillea clypeolata,Asteraceae,exact_unique,exact
Achlys triphylla,achlys triphylla,achlys triphylla,1,1,1,1,1,Achlys triphylla,wfo-0000516103,Achlys triphylla,Berberidaceae,1,1,1,1,1,Achlys triphylla,wfo-0000516103,Achlys triphylla,Berberidaceae,exact_unique,exact
Achyrocline flaccida,achyrocline flaccida,achyrocline flaccida,1,1,1,1,1,Achyrocline flaccida,wfo-0000033502,Achyrocline flaccida,Asteraceae,1,1,1,1,1,Achyrocline flaccida,wfo-0000033502,Achyrocline flaccida,Asteraceae,exact_unique,exact
Achyrocline tomentosa,achyrocline tomentosa,achyrocline tomentosa,1,1,1,1,1,Achyrocline tomentosa,wfo-0000124689,Achyrocline tomentosa,Asteraceae,1,1,1,1,1,Achyrocline tomentosa,wfo-0000124689,Achyrocline tomentosa,Asteraceae,exact_unique,exact
Acinos alpinus,acinos alpinus,acinos alpinus,1,1,1,1,1,Acinos alpinus,wfo-0000890580,Clinopodium alpinum,Lamiaceae,1,1,1,1,1,Acinos alpinus,wfo-0000890580,Clinopodium alpinum,Lamiaceae,exact_unique,exact
Acinos arvensis,acinos arvensis,acinos arvensis,1,1,1,1,1,Acinos arvensis,wfo-0000890516,Clinopodium acinos,Lamiaceae,1,1,1,1,1,Acinos arvensis,wfo-0000890516,Clinopodium acinos,Lamiaceae,exact_unique,exact
Aconitum kongboense,aconitum kongboense,aconitum kongboense,1,1,1,1,1,Aconitum kongboense,wfo-0000517487,Aconitum kongboense,Ranunculaceae,1,1,1,1,1,Aconitum kongboense,wfo-0000517487,Aconitum kongboense,Ranunculaceae,exact_unique,exact
Acosmium bijugum,acosmium bijugum,acosmium bijugum,1,1,1,1,1,Acosmium bijugum,wfo-0000166612,Leptolobium bijugum,Fabaceae,1,1,1,1,1,Acosmium bijugum,wfo-0000166612,Leptolobium bijugum,Fabaceae,exact_unique,exact
Acritopappus confertus,acritopappus confertus,acritopappus confertus,1,1,1,1,1,Acritopappus confertus,wfo-0000096440,Acritopappus confertus,Asteraceae,1,1,1,1,1,Acritopappus confertus,wfo-0000096440,Acritopappus confertus,Asteraceae,exact_unique,exact
Acrobolbus renifolius,acrobolbus renifolius,acrobolbus renifolius,1,1,1,1,1,Acrobolbus renifolius,wfo-1000009295,Acrobolbus renifolius,Acrobolbaceae,1,1,1,1,1,Acrobolbus renifolius,wfo-1000009295,Acrobolbus renifolius,Acrobolbaceae,exact_unique,exact
Actinidia arguta,actinidia arguta,actinidia arguta,1,1,1,1,1,Actinidia arguta,wfo-0000519157,Actinidia arguta,Actinidiaceae,1,1,1,1,1,Actinidia arguta,wfo-0000519157,Actinidia arguta,Actinidiaceae,exact_unique,exact
Actinidia chinensis,actinidia chinensis,actinidia chinensis,1,1,1,1,1,Actinidia chinensis,wfo-0000519189,Actinidia chinensis,Actinidiaceae,1,1,1,1,1,Actinidia chinensis,wfo-0000519189,Actinidia chinensis,Actinidiaceae,exact_unique,exact
Actinobole uliginosum,actinobole uliginosum,actinobole uliginosum,1,1,1,1,1,Actinobole uliginosum,wfo-0000014965,Actinobole uliginosum,Asteraceae,1,1,1,1,1,Actinobole uliginosum,wfo-0000014965,Actinobole uliginosum,Asteraceae,exact_unique,exact
Actinoschoenus arthrostyloides,actinoschoenus arthrostyloides,actinoschoenus arthrostyloides,1,1,1,1,1,Actinoschoenus arthrostyloides,wfo-1000028940,Scleroschoenus arthrostyloides,Cyperaceae,1,1,1,1,1,Actinoschoenus arthrostyloides,wfo-1000028940,Scleroschoenus arthrostyloides,Cyperaceae,exact_unique,exact
Actinoscirpus grossus,actinoscirpus grossus,actinoscirpus grossus,1,1,1,1,1,Actinoscirpus grossus,wfo-0000337413,Actinoscirpus grossus,Cyperaceae,1,1,1,1,1,Actinoscirpus grossus,wfo-0000337413,Actinoscirpus grossus,Cyperaceae,exact_unique,exact
Adansonia digitata,adansonia digitata,adansonia digitata,1,1,1,1,1,Adansonia digitata,wfo-0000519672,Adansonia digitata,Malvaceae,1,1,1,1,1,Adansonia digitata,wfo-0000519672,Adansonia digitata,Malvaceae,exact_unique,exact
Adenocarpus artemisiifolius,adenocarpus artemisiifolius,adenocarpus artemisiifolius,1,1,1,1,1,Adenocarpus artemisiifolius,wfo-0000213113,Adenocarpus artemisiifolius,Fabaceae,1,1,1,1,1,Adenocarpus artemisiifolius,wfo-0000213113,Adenocarpus artemisiifolius,Fabaceae,exact_unique,exact
Adenocarpus decorticans,adenocarpus decorticans,adenocarpus decorticans,1,1,1,1,1,Adenocarpus decorticans,wfo-0000213118,Adenocarpus decorticans,Fabaceae,1,1,1,1,1,Adenocarpus decorticans,wfo-0000213118,Adenocarpus decorticans,Fabaceae,exact_unique,exact
Adenostemma viscosum,adenostemma viscosum,adenostemma viscosum,1,1,1,1,1,Adenostemma viscosum,wfo-0000089902,Adenostemma viscosum,Asteraceae,1,1,1,1,1,Adenostemma viscosum,wfo-0000089902,Adenostemma viscosum,Asteraceae,exact_unique,exact
Adenostoma sparsifolium,adenostoma sparsifolium,adenostoma sparsifolium,1,1,1,1,1,Adenostoma sparsifolium,wfo-0001009090,Adenostoma sparsifolium,Rosaceae,1,1,1,1,1,Adenostoma sparsifolium,wfo-0001009090,Adenostoma sparsifolium,Rosaceae,exact_unique,exact
Adenothamnus validus,adenothamnus validus,adenothamnus validus,1,1,1,1,1,Adenothamnus validus,wfo-0000041337,Adenothamnus validus,Asteraceae,1,1,1,1,1,Adenothamnus validus,wfo-0000041337,Adenothamnus validus,Asteraceae,exact_unique,exact
Adina cordifolia,adina cordifolia,adina cordifolia,2,2,1,1,1,Adina cordifolia,wfo-0001132041,Adina cordifolia,Rubiaceae,2,2,1,1,1,Adina cordifolia,wfo-0001132041,Adina cordifolia,Rubiaceae,exact_unique,exact
Aegle marmelos,aegle marmelos,aegle marmelos,1,1,1,1,1,Aegle marmelos,wfo-0000521533,Aegle marmelos,Rutaceae,1,1,1,1,1,Aegle marmelos,wfo-0000521533,Aegle marmelos,Rutaceae,exact_unique,exact
Aeonium lindleyi,aeonium lindleyi,aeonium lindleyi,1,1,1,1,1,Aeonium lindleyi,wfo-0000521676,Aeonium lindleyi,Crassulaceae,1,1,1,1,1,Aeonium lindleyi,wfo-0000521676,Aeonium lindleyi,Crassulaceae,exact_unique,exact
Aesculus californica,aesculus californica,aesculus californica,1,1,1,1,1,Aesculus californica,wfo-0000522247,Aesculus californica,Sapindaceae,1,1,1,1,1,Aesculus californica,wfo-0000522247,Aesculus californica,Sapindaceae,exact_unique,exact
Aesculus hippocastanum,aesculus hippocastanum,aesculus hippocastanum,1,1,1,1,1,Aesculus hippocastanum,wfo-0000522287,Aesculus hippocastanum,Sapindaceae,1,1,1,1,1,Aesculus hippocastanum,wfo-0000522287,Aesculus hippocastanum,Sapindaceae,exact_unique,exact
Aframomum letestuanum,aframomum letestuanum,aframomum letestuanum,1,1,1,1,1,Aframomum letestuanum,wfo-0000338079,Aframomum letestuanum,Zingiberaceae,1,1,1,1,1,Aframomum letestuanum,wfo-0000338079,Aframomum letestuanum,Zingiberaceae,exact_unique,exact
Aframomum pruinosum,aframomum pruinosum,aframomum pruinosum,1,1,1,1,1,Aframomum pruinosum,wfo-0000338079,Aframomum letestuanum,Zingiberaceae,1,1,1,1,1,Aframomum pruinosum,wfo-0000338079,Aframomum letestuanum,Zingiberaceae,exact_unique,exact
Afzelia bipindensis,afzelia bipindensis,afzelia bipindensis,1,1,1,1,1,Afzelia bipindensis,wfo-0000211767,Afzelia bipindensis,Fabaceae,1,1,1,1,1,Afzelia bipindensis,wfo-0000211767,Afzelia bipindensis,Fabaceae,exact_unique,exact
Agapanthus africanus,agapanthus africanus,agapanthus africanus,1,1,1,1,1,Agapanthus africanus,wfo-0000754060,Agapanthus africanus,Amaryllidaceae,1,1,1,1,1,Agapanthus africanus,wfo-0000754060,Agapanthus africanus,Amaryllidaceae,exact_unique,exact
Agapetes incurvata,agapetes incurvata,agapetes incurvata,1,1,1,1,1,Agapetes incurvata,wfo-0000523046,Agapetes incurvata,Ericaceae,1,1,1,1,1,Agapetes incurvata,wfo-0000523046,Agapetes incurvata,Ericaceae,exact_unique,exact
Agasthiyamalaia pauciflora,agasthiyamalaia pauciflora,agasthiyamalaia pauciflora,1,1,1,1,1,Agasthiyamalaia pauciflora,wfo-0000476094,Poeciloneuron pauciflorum,Calophyllaceae,1,1,1,1,1,Agasthiyamalaia pauciflora,wfo-0000476094,Poeciloneuron pauciflorum,Calophyllaceae,exact_unique,exact
Agathosma betulina,agathosma betulina,agathosma betulina,1,1,1,1,1,Agathosma betulina,wfo-0000523353,Agathosma betulina,Rutaceae,1,1,1,1,1,Agathosma betulina,wfo-0000523353,Agathosma betulina,Rutaceae,exact_unique,exact
Agave americana,agave americana,agave americana,1,1,1,1,1,Agave americana,wfo-0000754119,Agave americana,Asparagaceae,1,1,1,1,1,Agave americana,wfo-0000754119,Agave americana,Asparagaceae,exact_unique,exact
Agave barbadensis,agave barbadensis,agave barbadensis,1,1,1,1,1,Agave barbadensis,wfo-0000754488,Agave karatto,Asparagaceae,1,1,1,1,1,Agave barbadensis,wfo-0000754488,Agave karatto,Asparagaceae,exact_unique,exact
Ageratina altissima,ageratina altissima,ageratina altissima,1,1,1,1,1,Ageratina altissima,wfo-0000080123,Ageratina altissima,Asteraceae,1,1,1,1,1,Ageratina altissima,wfo-0000080123,Ageratina altissima,Asteraceae,exact_unique,exact
Ageratina ligustrina,ageratina ligustrina,ageratina ligustrina,1,1,1,1,1,Ageratina ligustrina,wfo-0000067311,Ageratina ligustrina,Asteraceae,1,1,1,1,1,Ageratina ligustrina,wfo-0000067311,Ageratina ligustrina,Asteraceae,exact_unique,exact
Ageratina tristis,ageratina tristis,ageratina tristis,1,1,1,1,1,Ageratina tristis,wfo-0000011969,Ageratina tristis,Asteraceae,1,1,1,1,1,Ageratina tristis,wfo-0000011969,Ageratina tristis,Asteraceae,exact_unique,exact
Ageratum conyzoides,ageratum conyzoides,ageratum conyzoides,3,3,1,1,1,Ageratum conyzoides,wfo-0000014938,Ageratum conyzoides,Asteraceae,3,3,1,1,1,Ageratum conyzoides,wfo-0000014938,Ageratum conyzoides,Asteraceae,exact_unique,exact
Ageratum tomentosum,ageratum tomentosum,ageratum tomentosum,2,2,1,1,1,Ageratum tomentosum,wfo-0000054711,Ageratum tomentosum,Asteraceae,2,2,1,1,1,Ageratum tomentosum,wfo-0000054711,Ageratum tomentosum,Asteraceae,exact_unique,exact
Aglaia forbesii,aglaia forbesii,aglaia forbesii,1,1,1,1,1,Aglaia forbesii,wfo-0000524077,Aglaia forbesii,Meliaceae,1,1,1,1,1,Aglaia forbesii,wfo-0000524077,Aglaia forbesii,Meliaceae,exact_unique,exact
Aglaia foveolata,aglaia foveolata,aglaia foveolata,1,1,1,1,1,Aglaia foveolata,wfo-0000524080,Aglaia foveolata,Meliaceae,1,1,1,1,1,Aglaia foveolata,wfo-0000524080,Aglaia foveolata,Meliaceae,exact_unique,exact
Aglaia laxiflora,aglaia laxiflora,aglaia laxiflora,1,1,1,1,1,Aglaia laxiflora,wfo-0000524166,Aglaia laxiflora,Meliaceae,1,1,1,1,1,Aglaia laxiflora,wfo-0000524166,Aglaia laxiflora,Meliaceae,exact_unique,exact
Aglaia rimosa,aglaia rimosa,aglaia rimosa,1,1,1,1,1,Aglaia rimosa,wfo-0000524315,Aglaia rimosa,Meliaceae,1,1,1,1,1,Aglaia rimosa,wfo-0000524315,Aglaia rimosa,Meliaceae,exact_unique,exact
Aglaia rubiginosa,aglaia rubiginosa,aglaia rubiginosa,1,1,1,1,1,Aglaia rubiginosa,wfo-0000524326,Aglaia rubiginosa,Meliaceae,1,1,1,1,1,Aglaia rubiginosa,wfo-0000524326,Aglaia rubiginosa,Meliaceae,exact_unique,exact
Aglaia spectabilis,aglaia spectabilis,aglaia spectabilis,1,1,1,1,1,Aglaia spectabilis,wfo-0000524369,Aglaia spectabilis,Meliaceae,1,1,1,1,1,Aglaia spectabilis,wfo-0000524369,Aglaia spectabilis,Meliaceae,exact_unique,exact
Aglaomorpha fortunei,aglaomorpha fortunei,aglaomorpha fortunei,1,1,1,1,1,Aglaomorpha fortunei,wfo-0000748038,Drynaria roosii,Polypodiaceae,1,1,1,1,1,Aglaomorpha fortunei,wfo-0000748038,Drynaria roosii,Polypodiaceae,exact_unique,exact
Aglaomorpha quercifolia,aglaomorpha quercifolia,aglaomorpha quercifolia,1,1,1,1,1,Aglaomorpha quercifolia,wfo-0001115919,Drynaria quercifolia,Polypodiaceae,1,1,1,1,1,Aglaomorpha quercifolia,wfo-0001115919,Drynaria quercifolia,Polypodiaceae,exact_unique,exact
Agnorhiza elata,agnorhiza elata,agnorhiza elata,1,1,1,1,1,Agnorhiza elata,wfo-0000116271,Agnorhiza elata,Asteraceae,1,1,1,1,1,Agnorhiza elata,wfo-0000116271,Agnorhiza elata,Asteraceae,exact_unique,exact
Agnorhiza invenusta,agnorhiza invenusta,agnorhiza invenusta,1,1,1,1,1,Agnorhiza invenusta,wfo-0000077266,Agnorhiza invenusta,Asteraceae,1,1,1,1,1,Agnorhiza invenusta,wfo-0000077266,Agnorhiza invenusta,Asteraceae,exact_unique,exact
Agnorhiza ovata,agnorhiza ovata,agnorhiza ovata,1,1,1,1,1,Agnorhiza ovata,wfo-0000042800,Agnorhiza ovata,Asteraceae,1,1,1,1,1,Agnorhiza ovata,wfo-0000042800,Agnorhiza ovata,Asteraceae,exact_unique,exact
Agnorhiza reticulata,agnorhiza reticulata,agnorhiza reticulata,1,1,1,1,1,Agnorhiza reticulata,wfo-0000068889,Agnorhiza reticulata,Asteraceae,1,1,1,1,1,Agnorhiza reticulata,wfo-0000068889,Agnorhiza reticulata,Asteraceae,exact_unique,exact
Agrimonia pilosa,agrimonia pilosa,agrimonia pilosa,3,3,1,1,1,Agrimonia pilosa,wfo-0001017393,Agrimonia pilosa,Rosaceae,3,3,1,1,1,Agrimonia pilosa,wfo-0001017393,Agrimonia pilosa,Rosaceae,exact_unique,exact
Aiouea hammeliana,aiouea hammeliana,aiouea hammeliana,1,1,1,1,1,Aiouea hammeliana,wfo-0001426627,Aiouea hammeliana,Lauraceae,1,1,1,1,1,Aiouea hammeliana,wfo-0001426627,Aiouea hammeliana,Lauraceae,exact_unique,exact
Aiouea tonduzii,aiouea tonduzii,aiouea tonduzii,1,1,1,1,1,Aiouea tonduzii,wfo-0001421687,Aiouea tonduzii,Lauraceae,1,1,1,1,1,Aiouea tonduzii,wfo-0001421687,Aiouea tonduzii,Lauraceae,exact_unique,exact
Aizoon africanum,aizoon africanum,aizoon africanum,1,1,1,1,1,Aizoon africanum,wfo-0001434991,Aizoon africanum,Aizoaceae,1,1,1,1,1,Aizoon africanum,wfo-0001434991,Aizoon africanum,Aizoaceae,exact_unique,exact
Ajuga reptans,ajuga reptans,ajuga reptans,1,1,1,1,1,Ajuga reptans,wfo-0000935107,Ajuga reptans,Lamiaceae,1,1,1,1,1,Ajuga reptans,wfo-0000935107,Ajuga reptans,Lamiaceae,exact_unique,exact
Albizia adianthifolia,albizia adianthifolia,albizia adianthifolia,1,1,1,1,1,Albizia adianthifolia,wfo-0000179990,Albizia adianthifolia,Fabaceae,1,1,1,1,1,Albizia adianthifolia,wfo-0000179990,Albizia adianthifolia,Fabaceae,exact_unique,exact
Albizia lebbeck,albizia lebbeck,albizia lebbeck,1,1,1,1,1,Albizia lebbeck,wfo-0000184271,Albizia lebbeck,Fabaceae,1,1,1,1,1,Albizia lebbeck,wfo-0000184271,Albizia lebbeck,Fabaceae,exact_unique,exact
Albuca bracteata,albuca bracteata,albuca bracteata,1,1,1,1,1,Albuca bracteata,wfo-0000911272,Albuca bracteata,Asparagaceae,1,1,1,1,1,Albuca bracteata,wfo-0000911272,Albuca bracteata,Asparagaceae,exact_unique,exact
Alcea rosea,alcea rosea,alcea rosea,1,1,1,1,1,Alcea rosea,wfo-0000525183,Alcea rosea,Malvaceae,1,1,1,1,1,Alcea rosea,wfo-0000525183,Alcea rosea,Malvaceae,exact_unique,exact
Alchornea cordifolia,alchornea cordifolia,alchornea cordifolia,1,1,1,1,1,Alchornea cordifolia,wfo-0000938571,Alchornea cordifolia,Euphorbiaceae,1,1,1,1,1,Alchornea cordifolia,wfo-0000938571,Alchornea cordifolia,Euphorbiaceae,exact_unique,exact
Aldama canescens,aldama canescens,aldama canescens,1,1,1,1,1,Aldama canescens,wfo-0001331995,Aldama canescens,Asteraceae,1,1,1,1,1,Aldama canescens,wfo-0001331995,Aldama canescens,Asteraceae,exact_unique,exact
Aldina heterophylla,aldina heterophylla,aldina heterophylla,1,1,1,1,1,Aldina heterophylla,wfo-0000173799,Aldina heterophylla,Fabaceae,1,1,1,1,1,Aldina heterophylla,wfo-0000173799,Aldina heterophylla,Fabaceae,exact_unique,exact
Alhagi kirghisorum,alhagi kirghisorum,alhagi kirghisorum,1,1,1,1,1,Alhagi kirghisorum,wfo-0001444307,Alhagi pseudalhagi subsp. kirghisorum,Fabaceae,1,1,1,1,1,Alhagi kirghisorum,wfo-0001444307,Alhagi pseudalhagi subsp. kirghisorum,Fabaceae,exact_unique,exact
Alhagi maurorum,alhagi maurorum,alhagi maurorum,1,1,1,1,1,Alhagi maurorum,wfo-0000212422,Alhagi maurorum,Fabaceae,1,1,1,1,1,Alhagi maurorum,wfo-0000212422,Alhagi maurorum,Fabaceae,exact_unique,exact
Alhagi sparsifolia,alhagi sparsifolia,alhagi sparsifolia,2,2,1,1,1,Alhagi sparsifolia,wfo-0000198672,Alhagi sparsifolia,Fabaceae,2,2,1,1,1,Alhagi sparsifolia,wfo-0000198672,Alhagi sparsifolia,Fabaceae,exact_unique,exact
Allagopappus canariensis,allagopappus canariensis,allagopappus canariensis,1,1,1,1,1,Allagopappus canariensis,wfo-0000001533,Allagopappus canariensis,Asteraceae,1,1,1,1,1,Allagopappus canariensis,wfo-0000001533,Allagopappus canariensis,Asteraceae,exact_unique,exact
Allagopappus viscosissimus,allagopappus viscosissimus,allagopappus viscosissimus,1,1,1,1,1,Allagopappus viscosissimus,wfo-0000000947,Allagopappus viscosissimus,Asteraceae,1,1,1,1,1,Allagopappus viscosissimus,wfo-0000000947,Allagopappus viscosissimus,Asteraceae,exact_unique,exact
Allanblackia gabonensis,allanblackia gabonensis,allanblackia gabonensis,1,1,1,1,1,Allanblackia gabonensis,wfo-0000525983,Allanblackia gabonensis,Clusiaceae,1,1,1,1,1,Allanblackia gabonensis,wfo-0000525983,Allanblackia gabonensis,Clusiaceae,exact_unique,exact
Allanblackia monticola,allanblackia monticola,allanblackia monticola,2,2,1,1,1,Allanblackia monticola,wfo-0000525983,Allanblackia gabonensis,Clusiaceae,2,2,1,1,1,Allanblackia monticola,wfo-0000525983,Allanblackia gabonensis,Clusiaceae,exact_unique,exact
Allanblackia stuhlmannii,allanblackia stuhlmannii,allanblackia stuhlmannii,1,1,1,1,1,Allanblackia stuhlmannii,wfo-0000525993,Allanblackia stuhlmannii,Clusiaceae,1,1,1,1,1,Allanblackia stuhlmannii,wfo-0000525993,Allanblackia stuhlmannii,Clusiaceae,exact_unique,exact
Allium,allium,allium,1,1,1,1,1,Allium,wfo-4000001260,Allium,Amaryllidaceae,1,1,1,1,1,Allium,wfo-4000001260,Allium,Amaryllidaceae,exact_unique,exact
Allium cepa,allium cepa,allium cepa,1,1,1,1,1,Allium cepa,wfo-0000755919,Allium cepa,Amaryllidaceae,1,1,1,1,1,Allium cepa,wfo-0000755919,Allium cepa,Amaryllidaceae,exact_unique,exact
Allium fistulosum,allium fistulosum,allium fistulosum,1,1,1,1,1,Allium fistulosum,wfo-0000756246,Allium fistulosum,Amaryllidaceae,1,1,1,1,1,Allium fistulosum,wfo-0000756246,Allium fistulosum,Amaryllidaceae,exact_unique,exact
Allium schoenoprasum,allium schoenoprasum,allium schoenoprasum,1,1,1,1,1,Allium schoenoprasum,wfo-0000757278,Allium schoenoprasum,Amaryllidaceae,1,1,1,1,1,Allium schoenoprasum,wfo-0000757278,Allium schoenoprasum,Amaryllidaceae,exact_unique,exact
Alluaudia humbertii,alluaudia humbertii,alluaudia humbertii,1,1,1,1,1,Alluaudia humbertii,wfo-0000943930,Alluaudia humbertii,Didiereaceae,1,1,1,1,1,Alluaudia humbertii,wfo-0000943930,Alluaudia humbertii,Didiereaceae,exact_unique,exact
Alluaudiopsis marnieriana,alluaudiopsis marnieriana,alluaudiopsis marnieriana,1,1,1,1,1,Alluaudiopsis marnieriana,wfo-0000943984,Alluaudiopsis marnieriana,Didiereaceae,1,1,1,1,1,Alluaudiopsis marnieriana,wfo-0000943984,Alluaudiopsis marnieriana,Didiereaceae,exact_unique,exact
Almeidea rubra,almeidea rubra,almeidea rubra,1,1,1,1,1,Almeidea rubra,wfo-1000001363,Conchocarpus ruber,Rutaceae,1,1,1,1,1,Almeidea rubra,wfo-1000001363,Conchocarpus ruber,Rutaceae,exact_unique,exact
Alnus firma,alnus firma,alnus firma,1,1,1,1,1,Alnus firma,wfo-0000944965,Alnus firma,Betulaceae,1,1,1,1,1,Alnus firma,wfo-0000944965,Alnus firma,Betulaceae,exact_unique,exact
Alnus hirsuta,alnus hirsuta,alnus hirsuta,1,1,1,1,1,Alnus hirsuta,wfo-0000945674,Alnus hirsuta,Betulaceae,1,1,1,1,1,Alnus hirsuta,wfo-0000945674,Alnus hirsuta,Betulaceae,exact_unique,exact
Alnus maximowiczii,alnus maximowiczii,alnus maximowiczii,1,1,1,1,1,Alnus maximowiczii,wfo-0000946792,Alnus maximowiczii,Betulaceae,1,1,1,1,1,Alnus maximowiczii,wfo-0000946792,Alnus maximowiczii,Betulaceae,exact_unique,exact
Alnus sieboldiana,alnus sieboldiana,alnus sieboldiana,1,1,1,1,1,Alnus sieboldiana,wfo-0000947807,Alnus sieboldiana,Betulaceae,1,1,1,1,1,Alnus sieboldiana,wfo-0000947807,Alnus sieboldiana,Betulaceae,exact_unique,exact
Aloe castellorum,aloe castellorum,aloe castellorum,1,1,1,1,1,Aloe castellorum,wfo-0000758007,Aloe castellorum,Asphodelaceae,1,1,1,1,1,Aloe castellorum,wfo-0000758007,Aloe castellorum,Asphodelaceae,exact_unique,exact
Alphitonia petriei,alphitonia petriei,alphitonia petriei,1,1,1,1,1,Alphitonia petriei,wfo-0000527317,Alphitonia petriei,Rhamnaceae,1,1,1,1,1,Alphitonia petriei,wfo-0000527317,Alphitonia petriei,Rhamnaceae,exact_unique,exact
Alphitonia whitei,alphitonia whitei,alphitonia whitei,1,1,1,1,1,Alphitonia whitei,wfo-0000527330,Alphitonia whitei,Rhamnaceae,1,1,1,1,1,Alphitonia whitei,wfo-0000527330,Alphitonia whitei,Rhamnaceae,exact_unique,exact
Alpinia conchigera,alpinia conchigera,alpinia conchigera,1,1,1,1,1,Alpinia conchigera,wfo-0000338416,Alpinia conchigera,Zingiberaceae,1,1,1,1,1,Alpinia conchigera,wfo-0000338416,Alpinia conchigera,Zingiberaceae,exact_unique,exact
Alpinia formosana,alpinia formosana,alpinia formosana,1,1,1,1,1,Alpinia formosana,wfo-0000338484,Alpinia formosana,Zingiberaceae,1,1,1,1,1,Alpinia formosana,wfo-0000338484,Alpinia formosana,Zingiberaceae,exact_unique,exact
Alpinia japonica,alpinia japonica,alpinia japonica,1,1,1,1,1,Alpinia japonica,wfo-0000338545,Alpinia japonica,Zingiberaceae,1,1,1,1,1,Alpinia japonica,wfo-0000338545,Alpinia japonica,Zingiberaceae,exact_unique,exact
Alpinia katsumadai,alpinia katsumadai,alpinia katsumadai,1,1,1,1,1,Alpinia katsumadai,wfo-0000338515,Alpinia hainanensis,Zingiberaceae,1,1,1,1,1,Alpinia katsumadai,wfo-0000338515,Alpinia hainanensis,Zingiberaceae,exact_unique,exact
Alpinia mutica,alpinia mutica,alpinia mutica,1,1,1,1,1,Alpinia mutica,wfo-0000338632,Alpinia mutica,Zingiberaceae,1,1,1,1,1,Alpinia mutica,wfo-0000338632,Alpinia mutica,Zingiberaceae,exact_unique,exact
Alpinia officinarum,alpinia officinarum,alpinia officinarum,1,1,1,1,1,Alpinia officinarum,wfo-0000338655,Alpinia officinarum,Zingiberaceae,1,1,1,1,1,Alpinia officinarum,wfo-0000338655,Alpinia officinarum,Zingiberaceae,exact_unique,exact
Alpinia pinnanensis,alpinia pinnanensis,alpinia pinnanensis,1,1,1,1,1,Alpinia pinnanensis,wfo-0000338688,Alpinia pinnanensis,Zingiberaceae,1,1,1,1,1,Alpinia pinnanensis,wfo-0000338688,Alpinia pinnanensis,Zingiberaceae,exact_unique,exact
Alpinia pricei,alpinia pricei,alpinia pricei,1,1,1,1,1,Alpinia pricei,wfo-0000338700,Alpinia pricei,Zingiberaceae,1,1,1,1,1,Alpinia pricei,wfo-0000338700,Alpinia pricei,Zingiberaceae,exact_unique,exact
Alpinia pulcherrima,alpinia pulcherrima,alpinia pulcherrima,1,1,1,1,1,Alpinia pulcherrima,wfo-0000338709,Alpinia pulcherrima,Zingiberaceae,1,1,1,1,1,Alpinia pulcherrima,wfo-0000338709,Alpinia pulcherrima,Zingiberaceae,exact_unique,exact
Alpinia rafflesiana,alpinia rafflesiana,alpinia rafflesiana,1,1,1,1,1,Alpinia rafflesiana,wfo-0000338724,Alpinia rafflesiana,Zingiberaceae,1,1,1,1,1,Alpinia rafflesiana,wfo-0000338724,Alpinia rafflesiana,Zingiberaceae,exact_unique,exact
Alpinia roxburghii,alpinia roxburghii,alpinia roxburghii,1,1,1,1,1,Alpinia roxburghii,wfo-0000338744,Alpinia roxburghii,Zingiberaceae,1,1,1,1,1,Alpinia roxburghii,wfo-0000338744,Alpinia roxburghii,Zingiberaceae,exact_unique,exact
Alpinia zerumbet,alpinia zerumbet,alpinia zerumbet,1,1,1,1,1,Alpinia zerumbet,wfo-0000338850,Alpinia zerumbet,Zingiberaceae,1,1,1,1,1,Alpinia zerumbet,wfo-0000338850,Alpinia zerumbet,Zingiberaceae,exact_unique,exact
Alsophila spinulosa,alsophila spinulosa,alsophila spinulosa,1,1,1,1,1,Alsophila spinulosa,wfo-0001126562,Alsophila spinulosa,Cyatheaceae,1,1,1,1,1,Alsophila spinulosa,wfo-0001126562,Alsophila spinulosa,Cyatheaceae,exact_unique,exact
Alstonia scholaris,alstonia scholaris,alstonia scholaris,1,1,1,1,1,Alstonia scholaris,wfo-0001257712,Alstonia scholaris,Apocynaceae,1,1,1,1,1,Alstonia scholaris,wfo-0001257712,Alstonia scholaris,Apocynaceae,exact_unique,exact
Althaea armeniaca,althaea armeniaca,althaea armeniaca,1,1,1,1,1,Althaea armeniaca,wfo-0000528902,Althaea armeniaca,Malvaceae,1,1,1,1,1,Althaea armeniaca,wfo-0000528902,Althaea armeniaca,Malvaceae,exact_unique,exact
Althaea broussonetiifolia,althaea broussonetiifolia,althaea broussonetiifolia,1,1,1,1,1,Althaea broussonetiifolia,wfo-0000528902,Althaea armeniaca,Malvaceae,1,1,1,1,1,Althaea broussonetiifolia,wfo-0000528902,Althaea armeniaca,Malvaceae,exact_unique,exact
Althaea cannabina,althaea cannabina,althaea cannabina,1,1,1,1,1,Althaea cannabina,wfo-0000528921,Althaea cannabina,Malvaceae,1,1,1,1,1,Althaea cannabina,wfo-0000528921,Althaea cannabina,Malvaceae,exact_unique,exact
Althaea narbonensis,althaea narbonensis,althaea narbonensis,1,1,1,1,1,Althaea narbonensis,wfo-0000528921,Althaea cannabina,Malvaceae,1,1,1,1,1,Althaea narbonensis,wfo-0000528921,Althaea cannabina,Malvaceae,exact_unique,exact
Althaea officinalis,althaea officinalis,althaea officinalis,1,1,1,1,1,Althaea officinalis,wfo-0000529011,Althaea officinalis,Malvaceae,1,1,1,1,1,Althaea officinalis,wfo-0000529011,Althaea officinalis,Malvaceae,exact_unique,exact
Althaea rosea,althaea rosea,althaea rosea,1,1,1,1,1,Althaea rosea,wfo-0000525183,Alcea rosea,Malvaceae,1,1,1,1,1,Althaea rosea,wfo-0000525183,Alcea rosea,Malvaceae,exact_unique,exact
Ambrosia bidentata,ambrosia bidentata,ambrosia bidentata,1,1,1,1,1,Ambrosia bidentata,wfo-0000091698,Ambrosia bidentata,Asteraceae,1,1,1,1,1,Ambrosia bidentata,wfo-0000091698,Ambrosia bidentata,Asteraceae,exact_unique,exact
Ambrosia monogyra,ambrosia monogyra,ambrosia monogyra,1,1,1,1,1,Ambrosia monogyra,wfo-0000082686,Ambrosia monogyra,Asteraceae,1,1,1,1,1,Ambrosia monogyra,wfo-0000082686,Ambrosia monogyra,Asteraceae,exact_unique,exact
Ambrosia salsola,ambrosia salsola,ambrosia salsola,1,1,1,1,1,Ambrosia salsola,wfo-0000033506,Ambrosia salsola,Asteraceae,1,1,1,1,1,Ambrosia salsola,wfo-0000033506,Ambrosia salsola,Asteraceae,exact_unique,exact
Amburana cearensis,amburana cearensis,amburana cearensis,1,1,1,1,1,Amburana cearensis,wfo-0000182165,Amburana cearensis,Fabaceae,1,1,1,1,1,Amburana cearensis,wfo-0000182165,Amburana cearensis,Fabaceae,exact_unique,exact
Ammodendron bifolium,ammodendron bifolium,ammodendron bifolium,1,1,1,1,1,Ammodendron bifolium,wfo-0000185596,Ammodendron bifolium,Fabaceae,1,1,1,1,1,Ammodendron bifolium,wfo-0000185596,Ammodendron bifolium,Fabaceae,exact_unique,exact
Ammopiptanthus mongolicus,ammopiptanthus mongolicus,ammopiptanthus mongolicus,1,1,1,1,1,Ammopiptanthus mongolicus,wfo-0000186210,Ammopiptanthus mongolicus,Fabaceae,1,1,1,1,1,Ammopiptanthus mongolicus,wfo-0000186210,Ammopiptanthus mongolicus,Fabaceae,exact_unique,exact
Amomum sceptrum,amomum sceptrum,amomum sceptrum,1,1,1,1,1,Amomum sceptrum,wfo-0000338106,Aframomum sceptrum,Zingiberaceae,1,1,1,1,1,Amomum sceptrum,wfo-0000338106,Aframomum sceptrum,Zingiberaceae,exact_unique,exact
Amomum subulatum,amomum subulatum,amomum subulatum,1,1,1,1,1,Amomum subulatum,wfo-0000339263,Amomum subulatum,Zingiberaceae,1,1,1,1,1,Amomum subulatum,wfo-0000339263,Amomum subulatum,Zingiberaceae,exact_unique,exact
Amorpha canescens,amorpha canescens,amorpha canescens,2,2,1,1,1,Amorpha canescens,wfo-0000178822,Amorpha canescens,Fabaceae,2,2,1,1,1,Amorpha canescens,wfo-0000178822,Amorpha canescens,Fabaceae,exact_unique,exact
Ampelopsis,ampelopsis,ampelopsis,1,1,1,1,1,Ampelopsis,wfo-4000001672,Ampelopsis,Vitaceae,1,1,1,1,1,Ampelopsis,wfo-4000001672,Ampelopsis,Vitaceae,exact_unique,exact
Ampelopsis grossedentata,ampelopsis grossedentata,ampelopsis grossedentata,1,1,1,1,1,Ampelopsis grossedentata,wfo-0001340501,Nekemias grossedentata,Vitaceae,1,1,1,1,1,Ampelopsis grossedentata,wfo-0001340501,Nekemias grossedentata,Vitaceae,exact_unique,exact
Ampelopsis japonica,ampelopsis japonica,ampelopsis japonica,1,1,1,1,1,Ampelopsis japonica,wfo-0000531708,Ampelopsis japonica,Vitaceae,1,1,1,1,1,Ampelopsis japonica,wfo-0000531708,Ampelopsis japonica,Vitaceae,exact_unique,exact
Amphimas pterocarpoides,amphimas pterocarpoides,amphimas pterocarpoides,1,1,1,1,1,Amphimas pterocarpoides,wfo-0000211895,Amphimas pterocarpoides,Fabaceae,1,1,1,1,1,Amphimas pterocarpoides,wfo-0000211895,Amphimas pterocarpoides,Fabaceae,exact_unique,exact
Anacardium occidentale,anacardium occidentale,anacardium occidentale,1,1,1,1,1,Anacardium occidentale,wfo-0000533072,Anacardium occidentale,Anacardiaceae,1,1,1,1,1,Anacardium occidentale,wfo-0000533072,Anacardium occidentale,Anacardiaceae,exact_unique,exact
Anadenanthera colubrina,anadenanthera colubrina,anadenanthera colubrina,1,1,1,1,1,Anadenanthera colubrina,wfo-0000169564,Anadenanthera colubrina,Fabaceae,1,1,1,1,1,Anadenanthera colubrina,wfo-0000169564,Anadenanthera colubrina,Fabaceae,exact_unique,exact
Ananas comosus,ananas comosus,ananas comosus,1,1,1,1,1,Ananas comosus,wfo-0000339432,Ananas comosus,Bromeliaceae,1,1,1,1,1,Ananas comosus,wfo-0000339432,Ananas comosus,Bromeliaceae,exact_unique,exact
Anaphalis lactea,anaphalis lactea,anaphalis lactea,1,1,1,1,1,Anaphalis lactea,wfo-0000013395,Anaphalis lactea,Asteraceae,1,1,1,1,1,Anaphalis lactea,wfo-0000013395,Anaphalis lactea,Asteraceae,exact_unique,exact
Anaphalis subumbellata,anaphalis subumbellata,anaphalis subumbellata,1,1,1,1,1,Anaphalis subumbellata,wfo-0000004294,Anaphalis subumbellata,Asteraceae,1,1,1,1,1,Anaphalis subumbellata,wfo-0000004294,Anaphalis subumbellata,Asteraceae,exact_unique,exact
Anastatica hierochuntica,anastatica hierochuntica,anastatica hierochuntica,1,1,1,1,1,Anastatica hierochuntica,wfo-0000533427,Anastatica hierochuntica,Brassicaceae,1,1,1,1,1,Anastatica hierochuntica,wfo-0000533427,Anastatica hierochuntica,Brassicaceae,exact_unique,exact
Anaxagorea luzonensis,anaxagorea luzonensis,anaxagorea luzonensis,1,1,1,1,1,Anaxagorea luzonensis,wfo-0000533464,Anaxagorea luzonensis,Annonaceae,1,1,1,1,1,Anaxagorea luzonensis,wfo-0000533464,Anaxagorea luzonensis,Annonaceae,exact_unique,exact
Anchomanes difformis,anchomanes difformis,anchomanes difformis,1,1,1,1,1,Anchomanes difformis,wfo-0000970027,Anchomanes difformis,Araceae,1,1,1,1,1,Anchomanes difformis,wfo-0000970027,Anchomanes difformis,Araceae,exact_unique,exact
Andira inermis,andira inermis,andira inermis,1,1,1,1,1,Andira inermis,wfo-0000171592,Andira inermis,Fabaceae,1,1,1,1,1,Andira inermis,wfo-0000171592,Andira inermis,Fabaceae,exact_unique,exact
Andira parviflora,andira parviflora,andira parviflora,1,1,1,1,1,Andira parviflora,wfo-0000169585,Andira parviflora,Fabaceae,1,1,1,1,1,Andira parviflora,wfo-0000169585,Andira parviflora,Fabaceae,exact_unique,exact
Andira surinamensis,andira surinamensis,andira surinamensis,1,1,1,1,1,Andira surinamensis,wfo-0000169589,Andira surinamensis,Fabaceae,1,1,1,1,1,Andira surinamensis,wfo-0000169589,Andira surinamensis,Fabaceae,exact_unique,exact
Andrographis affinis,andrographis affinis,andrographis affinis,1,1,1,1,1,Andrographis affinis,wfo-0000534034,Andrographis affinis,Acanthaceae,1,1,1,1,1,Andrographis affinis,wfo-0000534034,Andrographis affinis,Acanthaceae,exact_unique,exact
Andrographis echioides,andrographis echioides,andrographis echioides,1,1,1,1,1,Andrographis echioides,wfo-0000534042,Andrographis echioides,Acanthaceae,1,1,1,1,1,Andrographis echioides,wfo-0000534042,Andrographis echioides,Acanthaceae,exact_unique,exact
Andrographis lineata,andrographis lineata,andrographis lineata,1,1,1,1,1,Andrographis lineata,wfo-0000534054,Andrographis lineata,Acanthaceae,1,1,1,1,1,Andrographis lineata,wfo-0000534054,Andrographis lineata,Acanthaceae,exact_unique,exact
Andrographis paniculata,andrographis paniculata,andrographis paniculata,1,1,1,1,1,Andrographis paniculata,wfo-0000534069,Andrographis paniculata,Acanthaceae,1,1,1,1,1,Andrographis paniculata,wfo-0000534069,Andrographis paniculata,Acanthaceae,exact_unique,exact
Andrographis rothii,andrographis rothii,andrographis rothii,1,1,1,1,1,Andrographis rothii,wfo-0000534074,Andrographis rothii,Acanthaceae,1,1,1,1,1,Andrographis rothii,wfo-0000534074,Andrographis rothii,Acanthaceae,exact_unique,exact
Andrographis stenophylla,andrographis stenophylla,andrographis stenophylla,1,1,1,1,1,Andrographis stenophylla,wfo-0000534079,Andrographis stenophylla,Acanthaceae,1,1,1,1,1,Andrographis stenophylla,wfo-0000534079,Andrographis stenophylla,Acanthaceae,exact_unique,exact
Anemarrhena asphodeloides,anemarrhena asphodeloides,anemarrhena asphodeloides,1,1,1,1,1,Anemarrhena asphodeloides,wfo-0000760083,Anemarrhena asphodeloides,Asparagaceae,1,1,1,1,1,Anemarrhena asphodeloides,wfo-0000760083,Anemarrhena asphodeloides,Asparagaceae,exact_unique,exact
Anemone coronaria,anemone coronaria,anemone coronaria,1,1,1,1,1,Anemone coronaria,wfo-0000535196,Anemone coronaria,Ranunculaceae,1,1,1,1,1,Anemone coronaria,wfo-0000535196,Anemone coronaria,Ranunculaceae,exact_unique,exact
Angelica keiskei,angelica keiskei,angelica keiskei,1,1,1,1,1,Angelica keiskei,wfo-0000536243,Angelica keiskei,Apiaceae,1,1,1,1,1,Angelica keiskei,wfo-0000536243,Angelica keiskei,Apiaceae,exact_unique,exact
Angophora costata,angophora costata,angophora costata,1,1,1,1,1,Angophora costata,wfo-0000973356,Angophora costata,Myrtaceae,1,1,1,1,1,Angophora costata,wfo-0000973356,Angophora costata,Myrtaceae,exact_unique,exact
Angostura granulosa,angostura granulosa,angostura granulosa,1,1,1,1,1,Angostura granulosa,wfo-0000536561,Angostura granulosa,Rutaceae,1,1,1,1,1,Angostura granulosa,wfo-0000536561,Angostura granulosa,Rutaceae,exact_unique,exact
Aniba riparia,aniba riparia,aniba riparia,1,1,1,1,1,Aniba riparia,wfo-0000536888,Aniba riparia,Lauraceae,1,1,1,1,1,Aniba riparia,wfo-0000536888,Aniba riparia,Lauraceae,exact_unique,exact
Aniba rosaeodora,aniba rosaeodora,aniba rosaeodora,1,1,1,1,1,Aniba rosaeodora,wfo-0000536890,Aniba rosaeodora,Lauraceae,1,1,1,1,1,Aniba rosaeodora,wfo-0000536890,Aniba rosaeodora,Lauraceae,exact_unique,exact
Anisomeles indica,anisomeles indica,anisomeles indica,1,1,1,1,1,Anisomeles indica,wfo-0000982244,Anisomeles indica,Lamiaceae,1,1,1,1,1,Anisomeles indica,wfo-0000982244,Anisomeles indica,Lamiaceae,exact_unique,exact
Annona ambotay,annona ambotay,annona ambotay,1,1,1,1,1,Annona ambotay,wfo-0000537666,Annona ambotay,Annonaceae,1,1,1,1,1,Annona ambotay,wfo-0000537666,Annona ambotay,Annonaceae,exact_unique,exact
Anogeissus acuminata,anogeissus acuminata,anogeissus acuminata,1,1,1,1,1,Anogeissus acuminata,wfo-0001421875,Terminalia phillyreifolia,Combretaceae,1,1,1,1,1,Anogeissus acuminata,wfo-0001421875,Terminalia phillyreifolia,Combretaceae,exact_unique,exact
Anthemis auriculata,anthemis auriculata,anthemis auriculata,1,1,1,1,1,Anthemis auriculata,wfo-0000000365,Anthemis auriculata,Asteraceae,1,1,1,1,1,Anthemis auriculata,wfo-0000000365,Anthemis auriculata,Asteraceae,exact_unique,exact
Antheroporum pierrei,antheroporum pierrei,antheroporum pierrei,1,1,1,1,1,Antheroporum pierrei,wfo-0000185939,Antheroporum pierrei,Fabaceae,1,1,1,1,1,Antheroporum pierrei,wfo-0000185939,Antheroporum pierrei,Fabaceae,exact_unique,exact
Anthyllis hermanniae,anthyllis hermanniae,anthyllis hermanniae,1,1,1,1,1,Anthyllis hermanniae,wfo-0000213515,Anthyllis hermanniae,Fabaceae,1,1,1,1,1,Anthyllis hermanniae,wfo-0000213515,Anthyllis hermanniae,Fabaceae,exact_unique,exact
Antiaris toxicaria,antiaris toxicaria,antiaris toxicaria,1,1,1,1,1,Antiaris toxicaria,wfo-0000538857,Antiaris toxicaria,Moraceae,1,1,1,1,1,Antiaris toxicaria,wfo-0000538857,Antiaris toxicaria,Moraceae,exact_unique,exact
Antiphiona fragrans,antiphiona fragrans,antiphiona fragrans,1,1,1,1,1,Antiphiona fragrans,wfo-0000115439,Antiphiona fragrans,Asteraceae,1,1,1,1,1,Antiphiona fragrans,wfo-0000115439,Antiphiona fragrans,Asteraceae,exact_unique,exact
Antiphiona pinnatisecta,antiphiona pinnatisecta,antiphiona pinnatisecta,1,1,1,1,1,Antiphiona pinnatisecta,wfo-0000125572,Antiphiona pinnatisecta,Asteraceae,1,1,1,1,1,Antiphiona pinnatisecta,wfo-0000125572,Antiphiona pinnatisecta,Asteraceae,exact_unique,exact
Antirrhinum majus,antirrhinum majus,antirrhinum majus,1,1,1,1,1,Antirrhinum majus,wfo-0000539365,Antirrhinum majus,Plantaginaceae,2,2,1,1,1,Antirrhinum majus | Antirrhinum majus unranked striatum,wfo-0000539365,Antirrhinum majus,Plantaginaceae,exact_unique,exact
Apios americana,apios americana,apios americana,1,1,1,1,1,Apios americana,wfo-0000213520,Apios americana,Fabaceae,1,1,1,1,1,Apios americana,wfo-0000213520,Apios americana,Fabaceae,exact_unique,exact
Apium graveolens,apium graveolens,apium graveolens,1,1,1,1,1,Apium graveolens,wfo-0000540626,Apium graveolens,Apiaceae,1,1,1,1,1,Apium graveolens,wfo-0000540626,Apium graveolens,Apiaceae,exact_unique,exact
Apuleia leiocarpa,apuleia leiocarpa,apuleia leiocarpa,1,1,1,1,1,Apuleia leiocarpa,wfo-0000186778,Apuleia leiocarpa,Fabaceae,1,1,1,1,1,Apuleia leiocarpa,wfo-0000186778,Apuleia leiocarpa,Fabaceae,exact_unique,exact
Arabidopsis thaliana,arabidopsis thaliana,arabidopsis thaliana,2,2,1,1,1,Arabidopsis thaliana,wfo-0000541830,Arabidopsis thaliana,Brassicaceae,2,2,1,1,1,Arabidopsis thaliana,wfo-0000541830,Arabidopsis thaliana,Brassicaceae,exact_unique,exact
Arachis hypogaea,arachis hypogaea,arachis hypogaea,1,1,1,1,1,Arachis hypogaea,wfo-0000174378,Arachis hypogaea,Fabaceae,1,1,1,1,1,Arachis hypogaea,wfo-0000174378,Arachis hypogaea,Fabaceae,exact_unique,exact
Arachniodes carvifolia,arachniodes carvifolia,arachniodes carvifolia,1,1,1,1,1,Arachniodes carvifolia,wfo-0001109163,Arachniodes carvifolia,Dryopteridaceae,1,1,1,1,1,Arachniodes carvifolia,wfo-0001109163,Arachniodes carvifolia,Dryopteridaceae,exact_unique,exact
Arachniodes cornucervi,arachniodes cornucervi,arachniodes cornucervi,1,1,1,1,1,Arachniodes cornucervi,wfo-0001035850,Arachniodes cornucervi,Dryopteridaceae,1,1,1,1,1,Arachniodes cornucervi,wfo-0001035850,Arachniodes cornucervi,Dryopteridaceae,exact_unique,exact
Arachniodes miqueliana,arachniodes miqueliana,arachniodes miqueliana,1,1,1,1,1,Arachniodes miqueliana,wfo-0001115733,Arachniodes miqueliana,Dryopteridaceae,1,1,1,1,1,Arachniodes miqueliana,wfo-0001115733,Arachniodes miqueliana,Dryopteridaceae,exact_unique,exact
Araucaria angustifolia,araucaria angustifolia,araucaria angustifolia,2,2,1,1,1,Araucaria angustifolia,wfo-0000260143,Araucaria angustifolia,Araucariaceae,2,2,1,1,1,Araucaria angustifolia,wfo-0000260143,Araucaria angustifolia,Araucariaceae,exact_unique,exact
Arbutus andrachne,arbutus andrachne,arbutus andrachne,1,1,1,1,1,Arbutus andrachne,wfo-0000543098,Arbutus andrachne,Ericaceae,1,1,1,1,1,Arbutus andrachne,wfo-0000543098,Arbutus andrachne,Ericaceae,exact_unique,exact
Arbutus unedo,arbutus unedo,arbutus unedo,1,1,1,1,1,Arbutus unedo,wfo-0000543204,Arbutus unedo,Ericaceae,1,1,1,1,1,Arbutus unedo,wfo-0000543204,Arbutus unedo,Ericaceae,exact_unique,exact
Archidendron clypearia,archidendron clypearia,archidendron clypearia,1,1,1,1,1,Archidendron clypearia,wfo-0000185987,Archidendron clypearia,Fabaceae,1,1,1,1,1,Archidendron clypearia,wfo-0000185987,Archidendron clypearia,Fabaceae,exact_unique,exact
Archidendron jiringa,archidendron jiringa,archidendron jiringa,1,1,1,1,1,Archidendron jiringa,wfo-0000199807,Archidendron jiringa,Fabaceae,1,1,1,1,1,Archidendron jiringa,wfo-0000199807,Archidendron jiringa,Fabaceae,exact_unique,exact
Ardisia sanguinolenta,ardisia sanguinolenta,ardisia sanguinolenta,1,1,1,1,1,Ardisia sanguinolenta,wfo-0000544086,Ardisia complanata,Primulaceae,1,1,1,1,1,Ardisia sanguinolenta,wfo-0000544086,Ardisia complanata,Primulaceae,exact_unique,exact
Areca catechu,areca catechu,areca catechu,1,1,1,1,1,Areca catechu,wfo-0000262000,Areca catechu,Arecaceae,1,1,1,1,1,Areca catechu,wfo-0000262000,Areca catechu,Arecaceae,exact_unique,exact
Argemone mexicana,argemone mexicana,argemone mexicana,1,1,1,1,1,Argemone mexicana,wfo-0000547034,Argemone mexicana,Papaveraceae,1,1,1,1,1,Argemone mexicana,wfo-0000547034,Argemone mexicana,Papaveraceae,exact_unique,exact
Argyrochosma dealbata,argyrochosma dealbata,argyrochosma dealbata,1,1,1,1,1,Argyrochosma dealbata,wfo-0001114268,Argyrochosma dealbata,Pteridaceae,1,1,1,1,1,Argyrochosma dealbata,wfo-0001114268,Argyrochosma dealbata,Pteridaceae,exact_unique,exact
Aristolochia ridicula,aristolochia ridicula,aristolochia ridicula,1,1,1,1,1,Aristolochia ridicula,wfo-0000548266,Aristolochia ridicula,Aristolochiaceae,1,1,1,1,1,Aristolochia ridicula,wfo-0000548266,Aristolochia ridicula,Aristolochiaceae,exact_unique,exact
Arnica chamissonis,arnica chamissonis,arnica chamissonis,1,1,1,1,1,Arnica chamissonis,wfo-0000120344,Arnica chamissonis,Asteraceae,1,1,1,1,1,Arnica chamissonis,wfo-0000120344,Arnica chamissonis,Asteraceae,exact_unique,exact
Arnica longifolia,arnica longifolia,arnica longifolia,1,1,1,1,1,Arnica longifolia,wfo-0000004402,Arnica longifolia,Asteraceae,1,1,1,1,1,Arnica longifolia,wfo-0000004402,Arnica longifolia,Asteraceae,exact_unique,exact
Arnica viscosa,arnica viscosa,arnica viscosa,1,1,1,1,1,Arnica viscosa,wfo-0000015907,Arnica viscosa,Asteraceae,1,1,1,1,1,Arnica viscosa,wfo-0000015907,Arnica viscosa,Asteraceae,exact_unique,exact
Aronia melanocarpa,aronia melanocarpa,aronia melanocarpa,3,3,1,1,1,Aronia melanocarpa,wfo-0001018304,Aronia melanocarpa,Rosaceae,3,3,1,1,1,Aronia melanocarpa,wfo-0001018304,Aronia melanocarpa,Rosaceae,exact_unique,exact
Artabotrys hexapetalus,artabotrys hexapetalus,artabotrys hexapetalus,1,1,1,1,1,Artabotrys hexapetalus,wfo-0000549776,Artabotrys hexapetalus,Annonaceae,1,1,1,1,1,Artabotrys hexapetalus,wfo-0000549776,Artabotrys hexapetalus,Annonaceae,exact_unique,exact
Artemisia anomala,artemisia anomala,artemisia anomala,1,1,1,1,1,Artemisia anomala,wfo-0000136001,Artemisia anomala,Asteraceae,1,1,1,1,1,Artemisia anomala,wfo-0000136001,Artemisia anomala,Asteraceae,exact_unique,exact
Artemisia argyi,artemisia argyi,artemisia argyi,1,1,1,1,1,Artemisia argyi,wfo-0000052471,Artemisia argyi,Asteraceae,1,1,1,1,1,Artemisia argyi,wfo-0000052471,Artemisia argyi,Asteraceae,exact_unique,exact
Artemisia dracunculus,artemisia dracunculus,artemisia dracunculus,3,3,1,1,1,Artemisia dracunculus,wfo-0000078900,Artemisia dracunculus,Asteraceae,3,3,1,1,1,Artemisia dracunculus,wfo-0000078900,Artemisia dracunculus,Asteraceae,exact_unique,exact
Artemisia halodendron,artemisia halodendron,artemisia halodendron,1,1,1,1,1,Artemisia halodendron,wfo-0000084249,Artemisia halodendron,Asteraceae,1,1,1,1,1,Artemisia halodendron,wfo-0000084249,Artemisia halodendron,Asteraceae,exact_unique,exact
Artemisia indica,artemisia indica,artemisia indica,1,1,1,1,1,Artemisia indica,wfo-0000747726,Artemisia indica,Asteraceae,1,1,1,1,1,Artemisia indica,wfo-0000747726,Artemisia indica,Asteraceae,exact_unique,exact
Artemisia minor,artemisia minor,artemisia minor,1,1,1,1,1,Artemisia minor,wfo-0000131723,Artemisia minor,Asteraceae,1,1,1,1,1,Artemisia minor,wfo-0000131723,Artemisia minor,Asteraceae,exact_unique,exact
Artemisia monosperma,artemisia monosperma,artemisia monosperma,1,1,1,1,1,Artemisia monosperma,wfo-0000025868,Artemisia monosperma,Asteraceae,1,1,1,1,1,Artemisia monosperma,wfo-0000025868,Artemisia monosperma,Asteraceae,exact_unique,exact
Artemisia palustris,artemisia palustris,artemisia palustris,1,1,1,1,1,Artemisia palustris,wfo-0000060164,Artemisia palustris,Asteraceae,1,1,1,1,1,Artemisia palustris,wfo-0000060164,Artemisia palustris,Asteraceae,exact_unique,exact
Artemisia xanthochroa,artemisia xanthochroa,artemisia xanthochroa,1,1,1,1,1,Artemisia xanthochroa,wfo-0000059482,Artemisia xanthochroa,Asteraceae,1,1,1,1,1,Artemisia xanthochroa,wfo-0000059482,Artemisia xanthochroa,Asteraceae,exact_unique,exact
Artemisia xerophytica,artemisia xerophytica,artemisia xerophytica,1,1,1,1,1,Artemisia xerophytica,wfo-0000059890,Artemisia xerophytica,Asteraceae,1,1,1,1,1,Artemisia xerophytica,wfo-0000059890,Artemisia xerophytica,Asteraceae,exact_unique,exact
Artocarpus,artocarpus,artocarpus,1,1,1,1,1,Artocarpus,wfo-4000003191,Artocarpus,Moraceae,1,1,1,1,1,Artocarpus,wfo-4000003191,Artocarpus,Moraceae,exact_unique,exact
Artocarpus altilis,artocarpus altilis,artocarpus altilis,1,1,1,1,1,Artocarpus altilis,wfo-0000550425,Artocarpus altilis,Moraceae,2,2,1,1,1,Artocarpus altilis | Artocarpus altilis var. non-seminiferus,wfo-0000550425,Artocarpus altilis,Moraceae,exact_unique,exact
Artocarpus fretissi,artocarpus fretissi,artocarpus fretissi,1,1,1,1,1,Artocarpus fretissi,wfo-0000550516,Artocarpus lacucha,Moraceae,1,1,1,1,1,Artocarpus fretissi,wfo-0000550516,Artocarpus lacucha,Moraceae,exact_unique,exact
Artocarpus gomezianus,artocarpus gomezianus,artocarpus gomezianus,1,1,1,1,1,Artocarpus gomezianus,wfo-0000550486,Artocarpus gomezianus,Moraceae,1,1,1,1,1,Artocarpus gomezianus,wfo-0000550486,Artocarpus gomezianus,Moraceae,exact_unique,exact
Artocarpus heterophyllus,artocarpus heterophyllus,artocarpus heterophyllus,1,1,1,1,1,Artocarpus heterophyllus,wfo-0000550491,Artocarpus heterophyllus,Moraceae,1,1,1,1,1,Artocarpus heterophyllus,wfo-0000550491,Artocarpus heterophyllus,Moraceae,exact_unique,exact
Artocarpus hypargyreus,artocarpus hypargyreus,artocarpus hypargyreus,1,1,1,1,1,Artocarpus hypargyreus,wfo-0000550497,Artocarpus hypargyreus,Moraceae,1,1,1,1,1,Artocarpus hypargyreus,wfo-0000550497,Artocarpus hypargyreus,Moraceae,exact_unique,exact
Artocarpus integer,artocarpus integer,artocarpus integer,1,1,1,1,1,Artocarpus integer,wfo-0000550504,Artocarpus integer,Moraceae,1,1,1,1,1,Artocarpus integer,wfo-0000550504,Artocarpus integer,Moraceae,exact_unique,exact
Artocarpus lacucha,artocarpus lacucha,artocarpus lacucha,1,1,1,1,1,Artocarpus lacucha,wfo-0000550516,Artocarpus lacucha,Moraceae,1,1,1,1,1,Artocarpus lacucha,wfo-0000550516,Artocarpus lacucha,Moraceae,exact_unique,exact
Artocarpus lowii,artocarpus lowii,artocarpus lowii,1,1,1,1,1,Artocarpus lowii,wfo-0000550530,Artocarpus lowii,Moraceae,1,1,1,1,1,Artocarpus lowii,wfo-0000550530,Artocarpus lowii,Moraceae,exact_unique,exact
Artocarpus nobilis,artocarpus nobilis,artocarpus nobilis,1,1,1,1,1,Artocarpus nobilis,wfo-0000550554,Artocarpus nobilis,Moraceae,1,1,1,1,1,Artocarpus nobilis,wfo-0000550554,Artocarpus nobilis,Moraceae,exact_unique,exact
Artocarpus petelotii,artocarpus petelotii,artocarpus petelotii,1,1,1,1,1,Artocarpus petelotii,wfo-0000550568,Artocarpus petelotii,Moraceae,1,1,1,1,1,Artocarpus petelotii,wfo-0000550568,Artocarpus petelotii,Moraceae,exact_unique,exact
Artocarpus tonkinensis,artocarpus tonkinensis,artocarpus tonkinensis,1,1,1,1,1,Artocarpus tonkinensis,wfo-0000550620,Artocarpus tonkinensis,Moraceae,1,1,1,1,1,Artocarpus tonkinensis,wfo-0000550620,Artocarpus tonkinensis,Moraceae,exact_unique,exact
Asarum canadense,asarum canadense,asarum canadense,1,1,1,1,1,Asarum canadense,wfo-0000550779,Asarum canadense,Aristolochiaceae,1,1,1,1,1,Asarum canadense,wfo-0000550779,Asarum canadense,Aristolochiaceae,exact_unique,exact
Aspalathus linearis,aspalathus linearis,aspalathus linearis,1,1,1,1,1,Aspalathus linearis,wfo-0000211610,Aspalathus linearis,Fabaceae,1,1,1,1,1,Aspalathus linearis,wfo-0000211610,Aspalathus linearis,Fabaceae,exact_unique,exact
Asparagus racemosus,asparagus racemosus,asparagus racemosus,1,1,1,1,1,Asparagus racemosus,wfo-0000634415,Asparagus racemosus,Asparagaceae,1,1,1,1,1,Asparagus racemosus,wfo-0000634415,Asparagus racemosus,Asparagaceae,exact_unique,exact
Asplenium ceterach,asplenium ceterach,asplenium ceterach,1,1,1,1,1,Asplenium ceterach,wfo-0001115841,Asplenium ceterach,Aspleniaceae,1,1,1,1,1,Asplenium ceterach,wfo-0001115841,Asplenium ceterach,Aspleniaceae,exact_unique,exact
Asplenium trichomanes-ramosum,asplenium trichomanes-ramosum,asplenium trichomanes-ramosum,1,1,1,1,1,Asplenium trichomanes-ramosum,wfo-0000161624,Asplenium viride,Aspleniaceae,1,1,1,1,1,Asplenium trichomanes-ramosum,wfo-0000161624,Asplenium viride,Aspleniaceae,exact_unique,exact
Aster,aster,aster,1,1,1,1,1,Aster,wfo-4000003381,Aster,Asteraceae,1,1,1,1,1,Aster,wfo-4000003381,Aster,Asteraceae,exact_unique,exact
Aster heliopsis,aster heliopsis,aster heliopsis,1,1,1,1,1,Aster heliopsis,wfo-0000133314,Aster heliopsis,Asteraceae,1,1,1,1,1,Aster heliopsis,wfo-0000133314,Aster heliopsis,Asteraceae,exact_unique,exact
Aster koraiensis,aster koraiensis,aster koraiensis,1,1,1,1,1,Aster koraiensis,wfo-0000087700,Miyamayomena koraiensis,Asteraceae,1,1,1,1,1,Aster koraiensis,wfo-0000087700,Miyamayomena koraiensis,Asteraceae,exact_unique,exact
Aster souliei,aster souliei,aster souliei,1,1,1,1,1,Aster souliei,wfo-0000003517,Aster souliei,Asteraceae,1,1,1,1,1,Aster souliei,wfo-0000003517,Aster souliei,Asteraceae,exact_unique,exact
Astilbe rubra,astilbe rubra,astilbe rubra,1,1,1,1,1,Astilbe rubra,wfo-0000552882,Astilbe rubra,Saxifragaceae,1,1,1,1,1,Astilbe rubra,wfo-0000552882,Astilbe rubra,Saxifragaceae,exact_unique,exact
Astilbe thunbergii,astilbe thunbergii,astilbe thunbergii,1,1,1,1,1,Astilbe thunbergii,wfo-0000552894,Astilbe thunbergii,Saxifragaceae,1,1,1,1,1,Astilbe thunbergii,wfo-0000552894,Astilbe thunbergii,Saxifragaceae,exact_unique,exact
Astragalus aksuensis,astragalus aksuensis,astragalus aksuensis,1,1,1,1,1,Astragalus aksuensis,wfo-0000189780,Astragalus aksuensis,Fabaceae,1,1,1,1,1,Astragalus aksuensis,wfo-0000189780,Astragalus aksuensis,Fabaceae,exact_unique,exact
Astragalus cicer,astragalus cicer,astragalus cicer,1,1,1,1,1,Astragalus cicer,wfo-0000213547,Astragalus cicer,Fabaceae,1,1,1,1,1,Astragalus cicer,wfo-0000213547,Astragalus cicer,Fabaceae,exact_unique,exact
Astragalus floccosifolius,astragalus floccosifolius,astragalus floccosifolius,1,1,1,1,1,Astragalus floccosifolius,wfo-0000185137,Astragalus floccosifolius,Fabaceae,1,1,1,1,1,Astragalus floccosifolius,wfo-0000185137,Astragalus floccosifolius,Fabaceae,exact_unique,exact
Astragalus galegiformis,astragalus galegiformis,astragalus galegiformis,1,1,1,1,1,Astragalus galegiformis,wfo-0000213560,Astragalus galegiformis,Fabaceae,1,1,1,1,1,Astragalus galegiformis,wfo-0000213560,Astragalus galegiformis,Fabaceae,exact_unique,exact
Astragalus hoantchy,astragalus hoantchy,astragalus hoantchy,1,1,1,1,1,Astragalus hoantchy,wfo-0000198270,Astragalus hoantchy,Fabaceae,1,1,1,1,1,Astragalus hoantchy,wfo-0000198270,Astragalus hoantchy,Fabaceae,exact_unique,exact
Astragalus kabadianus,astragalus kabadianus,astragalus kabadianus,1,1,1,1,1,Astragalus kabadianus,wfo-0000185967,Astragalus kabadianus,Fabaceae,1,1,1,1,1,Astragalus kabadianus,wfo-0000185967,Astragalus kabadianus,Fabaceae,exact_unique,exact
Astragalus lehmannianus,astragalus lehmannianus,astragalus lehmannianus,1,1,1,1,1,Astragalus lehmannianus,wfo-0000198527,Astragalus lehmannianus,Fabaceae,1,1,1,1,1,Astragalus lehmannianus,wfo-0000198527,Astragalus lehmannianus,Fabaceae,exact_unique,exact
Astragalus lepsensis,astragalus lepsensis,astragalus lepsensis,1,1,1,1,1,Astragalus lepsensis,wfo-0000198351,Astragalus lepsensis,Fabaceae,1,1,1,1,1,Astragalus lepsensis,wfo-0000198351,Astragalus lepsensis,Fabaceae,exact_unique,exact
Astragalus microcephalus,astragalus microcephalus,astragalus microcephalus,1,1,1,1,1,Astragalus microcephalus,wfo-0000207511,Astragalus microcephalus,Fabaceae,1,1,1,1,1,Astragalus microcephalus,wfo-0000207511,Astragalus microcephalus,Fabaceae,exact_unique,exact
Astragalus mongholicus,astragalus mongholicus,astragalus mongholicus,1,1,1,1,1,Astragalus mongholicus,wfo-0000185128,Astragalus mongholicus,Fabaceae,1,1,1,1,1,Astragalus mongholicus,wfo-0000185128,Astragalus mongholicus,Fabaceae,exact_unique,exact
Astragalus orbiculatus,astragalus orbiculatus,astragalus orbiculatus,1,1,1,1,1,Astragalus orbiculatus,wfo-0000185971,Astragalus orbiculatus,Fabaceae,1,1,1,1,1,Astragalus orbiculatus,wfo-0000185971,Astragalus orbiculatus,Fabaceae,exact_unique,exact
Astragalus pycnocephalus,astragalus pycnocephalus,astragalus pycnocephalus,1,1,1,1,1,Astragalus pycnocephalus,wfo-0000190422,Astragalus pycnocephalus,Fabaceae,1,1,1,1,1,Astragalus pycnocephalus,wfo-0000190422,Astragalus pycnocephalus,Fabaceae,exact_unique,exact
Astragalus thracicus,astragalus thracicus,astragalus thracicus,1,1,1,1,1,Astragalus thracicus,wfo-0000213626,Astragalus thracicus,Fabaceae,1,1,1,1,1,Astragalus thracicus,wfo-0000213626,Astragalus thracicus,Fabaceae,exact_unique,exact
Astragalus trimestris,astragalus trimestris,astragalus trimestris,1,1,1,1,1,Astragalus trimestris,wfo-0000185773,Astragalus trimestris,Fabaceae,1,1,1,1,1,Astragalus trimestris,wfo-0000185773,Astragalus trimestris,Fabaceae,exact_unique,exact
Astragalus verrucosus,astragalus verrucosus,astragalus verrucosus,1,1,1,1,1,Astragalus verrucosus,wfo-0000213633,Astragalus verrucosus,Fabaceae,1,1,1,1,1,Astragalus verrucosus,wfo-0000213633,Astragalus verrucosus,Fabaceae,exact_unique,exact
Ateleia herbert-smithii,ateleia herbert-smithii,ateleia herbert-smithii,1,1,1,1,1,Ateleia herbert-smithii,wfo-0000170196,Ateleia herbert-smithii,Fabaceae,1,1,1,1,1,Ateleia herbert-smithii,wfo-0000170196,Ateleia herbert-smithii,Fabaceae,exact_unique,exact
Atuna racemosa,atuna racemosa,atuna racemosa,1,1,1,1,1,Atuna racemosa,wfo-1200007302,Atuna excelsa subsp. racemosa,Chrysobalanaceae,1,1,1,1,1,Atuna racemosa,wfo-1200007302,Atuna excelsa subsp. racemosa,Chrysobalanaceae,exact_unique,exact
Aulacomnium,aulacomnium,aulacomnium,1,1,1,1,1,Aulacomnium,wfo-4000003661,Aulacomnium,Aulacomniaceae,1,1,1,1,1,Aulacomnium,wfo-4000003661,Aulacomnium,Aulacomniaceae,exact_unique,exact
Aulacomnium androgynum,aulacomnium androgynum,aulacomnium androgynum,1,1,1,1,1,Aulacomnium androgynum,wfo-0001192470,Aulacomnium androgynum,Aulacomniaceae,1,1,1,1,1,Aulacomnium androgynum,wfo-0001192470,Aulacomnium androgynum,Aulacomniaceae,exact_unique,exact
Aulacomnium palustre,aulacomnium palustre,aulacomnium palustre,1,1,1,1,1,Aulacomnium palustre,wfo-0001192478,Aulacomnium palustre,Aulacomniaceae,1,1,1,1,1,Aulacomnium palustre,wfo-0001192478,Aulacomnium palustre,Aulacomniaceae,exact_unique,exact
Austrocedrus chilensis,austrocedrus chilensis,austrocedrus chilensis,1,1,1,1,1,Austrocedrus chilensis,wfo-0000557316,Austrocedrus chilensis,Cupressaceae,1,1,1,1,1,Austrocedrus chilensis,wfo-0000557316,Austrocedrus chilensis,Cupressaceae,exact_unique,exact
Avena sativa,avena sativa,avena sativa,1,1,1,1,1,Avena sativa,wfo-0000852231,Avena sativa,Poaceae,2,2,1,1,1,Avena sativa | Avena sativa prol. grandiuscula,wfo-0000852231,Avena sativa,Poaceae,exact_unique,exact
Averrhoa carambola,averrhoa carambola,averrhoa carambola,1,1,1,1,1,Averrhoa carambola,wfo-0000557405,Averrhoa carambola,Oxalidaceae,1,1,1,1,1,Averrhoa carambola,wfo-0000557405,Averrhoa carambola,Oxalidaceae,exact_unique,exact
Azadirachta indica,azadirachta indica,azadirachta indica,1,1,1,1,1,Azadirachta indica,wfo-0000557668,Azadirachta indica,Meliaceae,1,1,1,1,1,Azadirachta indica,wfo-0000557668,Azadirachta indica,Meliaceae,exact_unique,exact
Baccharis,baccharis,baccharis,1,1,1,1,1,Baccharis,wfo-4000003847,Baccharis,Asteraceae,1,1,1,1,1,Baccharis,wfo-4000003847,Baccharis,Asteraceae,exact_unique,exact
Baccharis aliena,baccharis aliena,baccharis aliena,1,1,1,1,1,Baccharis aliena,wfo-0000001085,Baccharis aliena,Asteraceae,1,1,1,1,1,Baccharis aliena,wfo-0000001085,Baccharis aliena,Asteraceae,exact_unique,exact
Baccharis bigelovii,baccharis bigelovii,baccharis bigelovii,1,1,1,1,1,Baccharis bigelovii,wfo-0000114275,Baccharis bigelovii,Asteraceae,1,1,1,1,1,Baccharis bigelovii,wfo-0000114275,Baccharis bigelovii,Asteraceae,exact_unique,exact
Baccharis brachylaenoides,baccharis brachylaenoides,baccharis brachylaenoides,1,1,1,1,1,Baccharis brachylaenoides,wfo-0000066239,Baccharis oblongifolia,Asteraceae,1,1,1,1,1,Baccharis brachylaenoides,wfo-0000066239,Baccharis oblongifolia,Asteraceae,exact_unique,exact
Baccharis conferta,baccharis conferta,baccharis conferta,1,1,1,1,1,Baccharis conferta,wfo-0000004046,Baccharis conferta,Asteraceae,1,1,1,1,1,Baccharis conferta,wfo-0000004046,Baccharis conferta,Asteraceae,exact_unique,exact
Baccharis douglasii,baccharis douglasii,baccharis douglasii,1,1,1,1,1,Baccharis douglasii,wfo-0000000226,Baccharis glutinosa,Asteraceae,1,1,1,1,1,Baccharis douglasii,wfo-0000000226,Baccharis glutinosa,Asteraceae,exact_unique,exact
Baccharis dracunculifolia,baccharis dracunculifolia,baccharis dracunculifolia,1,1,1,1,1,Baccharis dracunculifolia,wfo-0000127667,Baccharis dracunculifolia,Asteraceae,1,1,1,1,1,Baccharis dracunculifolia,wfo-0000127667,Baccharis dracunculifolia,Asteraceae,exact_unique,exact
Baccharis glutinosa,baccharis glutinosa,baccharis glutinosa,2,2,1,1,1,Baccharis glutinosa,wfo-0000000226,Baccharis glutinosa,Asteraceae,2,2,1,1,1,Baccharis glutinosa,wfo-0000000226,Baccharis glutinosa,Asteraceae,exact_unique,exact
Baccharis intermixta,baccharis intermixta,baccharis intermixta,1,1,1,1,1,Baccharis intermixta,wfo-0000041747,Baccharis intermixta,Asteraceae,1,1,1,1,1,Baccharis intermixta,wfo-0000041747,Baccharis intermixta,Asteraceae,exact_unique,exact
Baccharis linearifolia,baccharis linearifolia,baccharis linearifolia,1,1,1,1,1,Baccharis linearifolia,wfo-0000085278,Baccharis linearifolia,Asteraceae,1,1,1,1,1,Baccharis linearifolia,wfo-0000085278,Baccharis linearifolia,Asteraceae,exact_unique,exact
Baccharis magellanica,baccharis magellanica,baccharis magellanica,1,1,1,1,1,Baccharis magellanica,wfo-0000007632,Baccharis magellanica,Asteraceae,1,1,1,1,1,Baccharis magellanica,wfo-0000007632,Baccharis magellanica,Asteraceae,exact_unique,exact
Baccharis paniculata,baccharis paniculata,baccharis paniculata,1,1,1,1,1,Baccharis paniculata,wfo-0000115994,Baccharis paniculata,Asteraceae,1,1,1,1,1,Baccharis paniculata,wfo-0000115994,Baccharis paniculata,Asteraceae,exact_unique,exact
Baccharis phylicoides,baccharis phylicoides,baccharis phylicoides,1,1,1,1,1,Baccharis phylicoides,wfo-0000010784,Baccharis phylicoides,Asteraceae,1,1,1,1,1,Baccharis phylicoides,wfo-0000010784,Baccharis phylicoides,Asteraceae,exact_unique,exact
Baccharis poeppigiana,baccharis poeppigiana,baccharis poeppigiana,1,1,1,1,1,Baccharis poeppigiana,wfo-0000128369,Baccharis poeppigiana,Asteraceae,1,1,1,1,1,Baccharis poeppigiana,wfo-0000128369,Baccharis poeppigiana,Asteraceae,exact_unique,exact
Baccharis pteronioides,baccharis pteronioides,baccharis pteronioides,1,1,1,1,1,Baccharis pteronioides,wfo-0000044918,Baccharis pteronioides,Asteraceae,1,1,1,1,1,Baccharis pteronioides,wfo-0000044918,Baccharis pteronioides,Asteraceae,exact_unique,exact
Baccharis reticularia,baccharis reticularia,baccharis reticularia,1,1,1,1,1,Baccharis reticularia,wfo-0000114362,Baccharis reticularia,Asteraceae,1,1,1,1,1,Baccharis reticularia,wfo-0000114362,Baccharis reticularia,Asteraceae,exact_unique,exact
Baccharis retusa,baccharis retusa,baccharis retusa,1,1,1,1,1,Baccharis retusa,wfo-0000083802,Baccharis retusa,Asteraceae,1,1,1,1,1,Baccharis retusa,wfo-0000083802,Baccharis retusa,Asteraceae,exact_unique,exact
Baccharis rhomboidalis,baccharis rhomboidalis,baccharis rhomboidalis,1,1,1,1,1,Baccharis rhomboidalis,wfo-0000085941,Baccharis rhomboidalis,Asteraceae,1,1,1,1,1,Baccharis rhomboidalis,wfo-0000085941,Baccharis rhomboidalis,Asteraceae,exact_unique,exact
Baccharis sagittalis,baccharis sagittalis,baccharis sagittalis,1,1,1,1,1,Baccharis sagittalis,wfo-0000021197,Baccharis sagittalis,Asteraceae,1,1,1,1,1,Baccharis sagittalis,wfo-0000021197,Baccharis sagittalis,Asteraceae,exact_unique,exact
Baccharis salzmannii,baccharis salzmannii,baccharis salzmannii,1,1,1,1,1,Baccharis salzmannii,wfo-0000083802,Baccharis retusa,Asteraceae,1,1,1,1,1,Baccharis salzmannii,wfo-0000083802,Baccharis retusa,Asteraceae,exact_unique,exact
Baccharis sulcata,baccharis sulcata,baccharis sulcata,1,1,1,1,1,Baccharis sulcata,wfo-0000031062,Baccharis sulcata,Asteraceae,1,1,1,1,1,Baccharis sulcata,wfo-0000031062,Baccharis sulcata,Asteraceae,exact_unique,exact
Baccharis thesioides,baccharis thesioides,baccharis thesioides,1,1,1,1,1,Baccharis thesioides,wfo-0000011638,Baccharis thesioides,Asteraceae,1,1,1,1,1,Baccharis thesioides,wfo-0000011638,Baccharis thesioides,Asteraceae,exact_unique,exact
Baccharis tricuneata,baccharis tricuneata,baccharis tricuneata,1,1,1,1,1,Baccharis tricuneata,wfo-0000065501,Baccharis tricuneata,Asteraceae,1,1,1,1,1,Baccharis tricuneata,wfo-0000065501,Baccharis tricuneata,Asteraceae,exact_unique,exact
Baccharis vaccinioides,baccharis vaccinioides,baccharis vaccinioides,1,1,1,1,1,Baccharis vaccinioides,wfo-0000003046,Baccharis pseudovaccinioides,Asteraceae,1,1,1,1,1,Baccharis vaccinioides,wfo-0000003046,Baccharis pseudovaccinioides,Asteraceae,exact_unique,exact
Baccharis varians,baccharis varians,baccharis varians,1,1,1,1,1,Baccharis varians,wfo-0000085278,Baccharis linearifolia,Asteraceae,1,1,1,1,1,Baccharis varians,wfo-0000085278,Baccharis linearifolia,Asteraceae,exact_unique,exact
Badilloa steetzii,badilloa steetzii,badilloa steetzii,1,1,1,1,1,Badilloa steetzii,wfo-0000093438,Badilloa steetzii,Asteraceae,1,1,1,1,1,Badilloa steetzii,wfo-0000093438,Badilloa steetzii,Asteraceae,exact_unique,exact
Baeckea frutescens,baeckea frutescens,baeckea frutescens,1,1,1,1,1,Baeckea frutescens,wfo-0000310830,Baeckea frutescens,Myrtaceae,1,1,1,1,1,Baeckea frutescens,wfo-0000310830,Baeckea frutescens,Myrtaceae,exact_unique,exact
Bagassa guianensis,bagassa guianensis,bagassa guianensis,1,1,1,1,1,Bagassa guianensis,wfo-0000558480,Bagassa guianensis,Moraceae,1,1,1,1,1,Bagassa guianensis,wfo-0000558480,Bagassa guianensis,Moraceae,exact_unique,exact
Bahiopsis deltoidea,bahiopsis deltoidea,bahiopsis deltoidea,1,1,1,1,1,Bahiopsis deltoidea,wfo-0000034298,Viguiera deltoidea,Asteraceae,1,1,1,1,1,Bahiopsis deltoidea,wfo-0000034298,Viguiera deltoidea,Asteraceae,exact_unique,exact
Bahiopsis laciniata,bahiopsis laciniata,bahiopsis laciniata,1,1,1,1,1,Bahiopsis laciniata,wfo-0000026157,Bahiopsis laciniata,Asteraceae,1,1,1,1,1,Bahiopsis laciniata,wfo-0000026157,Bahiopsis laciniata,Asteraceae,exact_unique,exact
Bahiopsis lanata,bahiopsis lanata,bahiopsis lanata,1,1,1,1,1,Bahiopsis lanata,wfo-0000000625,Viguiera lanata,Asteraceae,1,1,1,1,1,Bahiopsis lanata,wfo-0000000625,Viguiera lanata,Asteraceae,exact_unique,exact
Bahiopsis reticulata,bahiopsis reticulata,bahiopsis reticulata,1,1,1,1,1,Bahiopsis reticulata,wfo-0000006089,Bahiopsis reticulata,Asteraceae,1,1,1,1,1,Bahiopsis reticulata,wfo-0000006089,Bahiopsis reticulata,Asteraceae,exact_unique,exact
Bahiopsis subincisa,bahiopsis subincisa,bahiopsis subincisa,1,1,1,1,1,Bahiopsis subincisa,wfo-0000088091,Bahiopsis subincisa,Asteraceae,1,1,1,1,1,Bahiopsis subincisa,wfo-0000088091,Bahiopsis subincisa,Asteraceae,exact_unique,exact
Bahiopsis tomentosa,bahiopsis tomentosa,bahiopsis tomentosa,1,1,1,1,1,Bahiopsis tomentosa,wfo-0000083476,Bahiopsis tomentosa,Asteraceae,1,1,1,1,1,Bahiopsis tomentosa,wfo-0000083476,Bahiopsis tomentosa,Asteraceae,exact_unique,exact
Balanophora,balanophora,balanophora,1,1,1,1,1,Balanophora,wfo-4000003929,Balanophora,Balanophoraceae,1,1,1,1,1,Balanophora,wfo-4000003929,Balanophora,Balanophoraceae,exact_unique,exact
Balanophora fungosa,balanophora fungosa,balanophora fungosa,1,1,1,1,1,Balanophora fungosa,wfo-0000558654,Balanophora fungosa,Balanophoraceae,1,1,1,1,1,Balanophora fungosa,wfo-0000558654,Balanophora fungosa,Balanophoraceae,exact_unique,exact
Balanophora harlandii,balanophora harlandii,balanophora harlandii,1,1,1,1,1,Balanophora harlandii,wfo-0000558666,Balanophora harlandii,Balanophoraceae,1,1,1,1,1,Balanophora harlandii,wfo-0000558666,Balanophora harlandii,Balanophoraceae,exact_unique,exact
Balanophora papuana,balanophora papuana,balanophora papuana,1,1,1,1,1,Balanophora papuana,wfo-0000558715,Balanophora papuana,Balanophoraceae,1,1,1,1,1,Balanophora papuana,wfo-0000558715,Balanophora papuana,Balanophoraceae,exact_unique,exact
Balanophora tobiracola,balanophora tobiracola,balanophora tobiracola,1,1,1,1,1,Balanophora tobiracola,wfo-0000558738,Balanophora tobiracola,Balanophoraceae,1,1,1,1,1,Balanophora tobiracola,wfo-0000558738,Balanophora tobiracola,Balanophoraceae,exact_unique,exact
Bambusa emeiensis,bambusa emeiensis,bambusa emeiensis,1,1,1,1,1,Bambusa emeiensis,wfo-0000853147,Bambusa emeiensis,Poaceae,1,1,1,1,1,Bambusa emeiensis,wfo-0000853147,Bambusa emeiensis,Poaceae,exact_unique,exact
Banisteriopsis caapi,banisteriopsis caapi,banisteriopsis caapi,1,1,1,1,1,Banisteriopsis caapi,wfo-0000559408,Banisteriopsis caapi,Malpighiaceae,1,1,1,1,1,Banisteriopsis caapi,wfo-0000559408,Banisteriopsis caapi,Malpighiaceae,exact_unique,exact
Baphia nitida,baphia nitida,baphia nitida,1,1,1,1,1,Baphia nitida,wfo-0000212016,Baphia nitida,Fabaceae,1,1,1,1,1,Baphia nitida,wfo-0000212016,Baphia nitida,Fabaceae,exact_unique,exact
Baphia pubescens,baphia pubescens,baphia pubescens,1,1,1,1,1,Baphia pubescens,wfo-0000212030,Baphia pubescens,Fabaceae,1,1,1,1,1,Baphia pubescens,wfo-0000212030,Baphia pubescens,Fabaceae,exact_unique,exact
Baptisia alba,baptisia alba,baptisia alba,3,3,1,1,1,Baptisia alba,wfo-0001349863,Baptisia alba,Fabaceae,3,3,1,1,1,Baptisia alba,wfo-0001349863,Baptisia alba,Fabaceae,exact_unique,exact
Baptisia arachnifera,baptisia arachnifera,baptisia arachnifera,1,1,1,1,1,Baptisia arachnifera,wfo-0000163885,Baptisia arachnifera,Fabaceae,1,1,1,1,1,Baptisia arachnifera,wfo-0000163885,Baptisia arachnifera,Fabaceae,exact_unique,exact
Baptisia bracteata,baptisia bracteata,baptisia bracteata,1,1,1,1,1,Baptisia bracteata,wfo-0000182250,Baptisia bracteata,Fabaceae,1,1,1,1,1,Baptisia bracteata,wfo-0000182250,Baptisia bracteata,Fabaceae,exact_unique,exact
Baptisia calycosa,baptisia calycosa,baptisia calycosa,1,1,1,1,1,Baptisia calycosa,wfo-1200001712,Baptisia calycosa,Fabaceae,1,1,1,1,1,Baptisia calycosa,wfo-1200001712,Baptisia calycosa,Fabaceae,exact_unique,exact
Baptisia cinerea,baptisia cinerea,baptisia cinerea,1,1,1,1,1,Baptisia cinerea,wfo-0000163889,Baptisia cinerea,Fabaceae,1,1,1,1,1,Baptisia cinerea,wfo-0000163889,Baptisia cinerea,Fabaceae,exact_unique,exact
Baptisia lanceolata,baptisia lanceolata,baptisia lanceolata,1,1,1,1,1,Baptisia lanceolata,wfo-0000174810,Baptisia lanceolata,Fabaceae,1,1,1,1,1,Baptisia lanceolata,wfo-0000174810,Baptisia lanceolata,Fabaceae,exact_unique,exact
Baptisia lecontei,baptisia lecontei,baptisia lecontei,1,1,1,1,1,Baptisia lecontei,wfo-0000174809,Baptisia lecontei,Fabaceae,1,1,1,1,1,Baptisia lecontei,wfo-0000174809,Baptisia lecontei,Fabaceae,exact_unique,exact
Baptisia megacarpa,baptisia megacarpa,baptisia megacarpa,1,1,1,1,1,Baptisia megacarpa,wfo-0000178781,Baptisia megacarpa,Fabaceae,1,1,1,1,1,Baptisia megacarpa,wfo-0000178781,Baptisia megacarpa,Fabaceae,exact_unique,exact
Baptisia nuttalliana,baptisia nuttalliana,baptisia nuttalliana,1,1,1,1,1,Baptisia nuttalliana,wfo-0000163891,Baptisia nuttalliana,Fabaceae,1,1,1,1,1,Baptisia nuttalliana,wfo-0000163891,Baptisia nuttalliana,Fabaceae,exact_unique,exact
Baptisia perfoliata,baptisia perfoliata,baptisia perfoliata,1,1,1,1,1,Baptisia perfoliata,wfo-0000178782,Baptisia perfoliata,Fabaceae,1,1,1,1,1,Baptisia perfoliata,wfo-0000178782,Baptisia perfoliata,Fabaceae,exact_unique,exact
Baptisia simplicifolia,baptisia simplicifolia,baptisia simplicifolia,1,1,1,1,1,Baptisia simplicifolia,wfo-0000178783,Baptisia simplicifolia,Fabaceae,1,1,1,1,1,Baptisia simplicifolia,wfo-0000178783,Baptisia simplicifolia,Fabaceae,exact_unique,exact
Baptisia sphaerocarpa,baptisia sphaerocarpa,baptisia sphaerocarpa,1,1,1,1,1,Baptisia sphaerocarpa,wfo-0000178539,Baptisia sphaerocarpa,Fabaceae,1,1,1,1,1,Baptisia sphaerocarpa,wfo-0000178539,Baptisia sphaerocarpa,Fabaceae,exact_unique,exact
Basella alba,basella alba,basella alba,1,1,1,1,1,Basella alba,wfo-0000823202,Basella alba,Basellaceae,1,1,1,1,1,Basella alba,wfo-0000823202,Basella alba,Basellaceae,exact_unique,exact
Bassia scoparia,bassia scoparia,bassia scoparia,3,3,1,1,1,Bassia scoparia,wfo-0000561206,Bassia scoparia,Amaranthaceae,3,3,1,1,1,Bassia scoparia,wfo-0000561206,Bassia scoparia,Amaranthaceae,exact_unique,exact
Bauhinia glauca,bauhinia glauca,bauhinia glauca,1,1,1,1,1,Bauhinia glauca,wfo-0001421742,Cheniella glauca,Fabaceae,1,1,1,1,1,Bauhinia glauca,wfo-0001421742,Cheniella glauca,Fabaceae,exact_unique,exact
Bauhinia guianensis,bauhinia guianensis,bauhinia guianensis,2,2,1,1,1,Bauhinia guianensis,wfo-0001039685,Schnella guianensis,Fabaceae,2,2,1,1,1,Bauhinia guianensis,wfo-0001039685,Schnella guianensis,Fabaceae,exact_unique,exact
Bauhinia roxburghiana,bauhinia roxburghiana,bauhinia roxburghiana,1,1,1,1,1,Bauhinia roxburghiana,wfo-1000003003,Phanera roxburghiana,Fabaceae,1,1,1,1,1,Bauhinia roxburghiana,wfo-1000003003,Phanera roxburghiana,Fabaceae,exact_unique,exact
Bauhinia variegata,bauhinia variegata,bauhinia variegata,1,1,1,1,1,Bauhinia variegata,wfo-0000213330,Bauhinia variegata,Fabaceae,1,1,1,1,1,Bauhinia variegata,wfo-0000213330,Bauhinia variegata,Fabaceae,exact_unique,exact
Begonia,begonia,begonia,1,1,1,1,1,Begonia,wfo-4000004308,Begonia,Begoniaceae,1,1,1,1,1,Begonia,wfo-4000004308,Begonia,Begoniaceae,exact_unique,exact
Begonia fagifolia,begonia fagifolia,begonia fagifolia,1,1,1,1,1,Begonia fagifolia,wfo-0000823967,Begonia fagifolia,Begoniaceae,1,1,1,1,1,Begonia fagifolia,wfo-0000823967,Begonia fagifolia,Begoniaceae,exact_unique,exact
Begonia glabra,begonia glabra,begonia glabra,3,3,1,1,1,Begonia glabra,wfo-0000824136,Begonia glabra,Begoniaceae,3,3,1,1,1,Begonia glabra,wfo-0000824136,Begonia glabra,Begoniaceae,exact_unique,exact
Begonia nantoensis,begonia nantoensis,begonia nantoensis,1,1,1,1,1,Begonia nantoensis,wfo-0000824893,Begonia nantoensis,Begoniaceae,1,1,1,1,1,Begonia nantoensis,wfo-0000824893,Begonia nantoensis,Begoniaceae,exact_unique,exact
Beilschmiedia zenkeri,beilschmiedia zenkeri,beilschmiedia zenkeri,1,1,1,1,1,Beilschmiedia zenkeri,wfo-0000562165,Beilschmiedia zenkeri,Lauraceae,1,1,1,1,1,Beilschmiedia zenkeri,wfo-0000562165,Beilschmiedia zenkeri,Lauraceae,exact_unique,exact
Berberis dictyota,berberis dictyota,berberis dictyota,1,1,1,1,1,Berberis dictyota,wfo-0000563082,Berberis dictyota,Berberidaceae,1,1,1,1,1,Berberis dictyota,wfo-0000563082,Berberis dictyota,Berberidaceae,exact_unique,exact
Berberis duclouxiana,berberis duclouxiana,berberis duclouxiana,1,1,1,1,1,Berberis duclouxiana,wfo-1200094001,Berberis napaulensis var. napaulensis,Berberidaceae,1,1,1,1,1,Berberis duclouxiana,wfo-1200094001,Berberis napaulensis var. napaulensis,Berberidaceae,exact_unique,exact
Berberis heteropoda,berberis heteropoda,berberis heteropoda,1,1,1,1,1,Berberis heteropoda,wfo-0000563267,Berberis heteropoda,Berberidaceae,1,1,1,1,1,Berberis heteropoda,wfo-0000563267,Berberis heteropoda,Berberidaceae,exact_unique,exact
Berchemia discolor,berchemia discolor,berchemia discolor,1,1,1,1,1,Berchemia discolor,wfo-0000564133,Berchemia discolor,Rhamnaceae,1,1,1,1,1,Berchemia discolor,wfo-0000564133,Berchemia discolor,Rhamnaceae,exact_unique,exact
Berchemia formosana,berchemia formosana,berchemia formosana,1,1,1,1,1,Berchemia formosana,wfo-0000564142,Berchemia formosana,Rhamnaceae,1,1,1,1,1,Berchemia formosana,wfo-0000564142,Berchemia formosana,Rhamnaceae,exact_unique,exact
Berchemia pakistanica,berchemia pakistanica,berchemia pakistanica,1,1,1,1,1,Berchemia pakistanica,wfo-0000564170,Berchemia pakistanica,Rhamnaceae,1,1,1,1,1,Berchemia pakistanica,wfo-0000564170,Berchemia pakistanica,Rhamnaceae,exact_unique,exact
Berchemia racemosa,berchemia racemosa,berchemia racemosa,1,1,1,1,1,Berchemia racemosa,wfo-0000564139,Berchemia floribunda,Rhamnaceae,1,1,1,1,1,Berchemia racemosa,wfo-0000564139,Berchemia floribunda,Rhamnaceae,exact_unique,exact
Bergenia crassifolia,bergenia crassifolia,bergenia crassifolia,1,1,1,1,1,Bergenia crassifolia,wfo-0000564227,Bergenia crassifolia,Saxifragaceae,1,1,1,1,1,Bergenia crassifolia,wfo-0000564227,Bergenia crassifolia,Saxifragaceae,exact_unique,exact
Bergenia pacumbis,bergenia pacumbis,bergenia pacumbis,1,1,1,1,1,Bergenia pacumbis,wfo-0000564245,Bergenia pacumbis,Saxifragaceae,1,1,1,1,1,Bergenia pacumbis,wfo-0000564245,Bergenia pacumbis,Saxifragaceae,exact_unique,exact
Bergenia purpurascens,bergenia purpurascens,bergenia purpurascens,1,1,1,1,1,Bergenia purpurascens,wfo-0000564246,Bergenia purpurascens,Saxifragaceae,1,1,1,1,1,Bergenia purpurascens,wfo-0000564246,Bergenia purpurascens,Saxifragaceae,exact_unique,exact
Bergenia stracheyi,bergenia stracheyi,bergenia stracheyi,1,1,1,1,1,Bergenia stracheyi,wfo-0000564257,Bergenia stracheyi,Saxifragaceae,1,1,1,1,1,Bergenia stracheyi,wfo-0000564257,Bergenia stracheyi,Saxifragaceae,exact_unique,exact
Bergia capensis,bergia capensis,bergia capensis,1,1,1,1,1,Bergia capensis,wfo-0000564313,Bergia capensis,Elatinaceae,1,1,1,1,1,Bergia capensis,wfo-0000564313,Bergia capensis,Elatinaceae,exact_unique,exact
Berneuxia thibetica,berneuxia thibetica,berneuxia thibetica,1,1,1,1,1,Berneuxia thibetica,wfo-0000564405,Berneuxia thibetica,Diapensiaceae,1,1,1,1,1,Berneuxia thibetica,wfo-0000564405,Berneuxia thibetica,Diapensiaceae,exact_unique,exact
Bertholletia excelsa,bertholletia excelsa,bertholletia excelsa,1,1,1,1,1,Bertholletia excelsa,wfo-0000775013,Bertholletia excelsa,Lecythidaceae,1,1,1,1,1,Bertholletia excelsa,wfo-0000775013,Bertholletia excelsa,Lecythidaceae,exact_unique,exact
Beta corolliflora,beta corolliflora,beta corolliflora,2,2,1,1,1,Beta corolliflora,wfo-0000564939,Beta corolliflora,Amaranthaceae,2,2,1,1,1,Beta corolliflora,wfo-0000564939,Beta corolliflora,Amaranthaceae,exact_unique,exact
Beta lomatogona,beta lomatogona,beta lomatogona,1,1,1,1,1,Beta lomatogona,wfo-0000564952,Beta lomatogona,Amaranthaceae,1,1,1,1,1,Beta lomatogona,wfo-0000564952,Beta lomatogona,Amaranthaceae,exact_unique,exact
Beta procumbens,beta procumbens,beta procumbens,2,2,1,1,1,Beta procumbens,wfo-0000395224,Patellifolia procumbens,Amaranthaceae,2,2,1,1,1,Beta procumbens,wfo-0000395224,Patellifolia procumbens,Amaranthaceae,exact_unique,exact
Beta trigyna,beta trigyna,beta trigyna,1,1,1,1,1,Beta trigyna,wfo-0000564990,Beta trigyna,Amaranthaceae,1,1,1,1,1,Beta trigyna,wfo-0000564990,Beta trigyna,Amaranthaceae,exact_unique,exact
Beta vulgaris,beta vulgaris,beta vulgaris,1,1,1,1,1,Beta vulgaris,wfo-0000564998,Beta vulgaris,Amaranthaceae,1,1,1,1,1,Beta vulgaris,wfo-0000564998,Beta vulgaris,Amaranthaceae,exact_unique,exact
Betula,betula,betula,1,1,1,1,1,Betula,wfo-4000004547,Betula,Betulaceae,1,1,1,1,1,Betula,wfo-4000004547,Betula,Betulaceae,exact_unique,exact
Betula aurata,betula aurata,betula aurata,1,1,1,1,1,Betula aurata,wfo-0000331222,Betula aurata,Betulaceae,1,1,1,1,1,Betula aurata,wfo-0000331222,Betula aurata,Betulaceae,exact_unique,exact
Betula dahurica,betula dahurica,betula dahurica,1,1,1,1,1,Betula dahurica,wfo-0000332124,Betula dahurica,Betulaceae,1,1,1,1,1,Betula dahurica,wfo-0000332124,Betula dahurica,Betulaceae,exact_unique,exact
Betula davurica,betula davurica,betula davurica,1,1,1,1,1,Betula davurica,wfo-1000052197,Betula davurica,Betulaceae,1,1,1,1,1,Betula davurica,wfo-1000052197,Betula davurica,Betulaceae,exact_unique,exact
Betula ermanii,betula ermanii,betula ermanii,1,1,1,1,1,Betula ermanii,wfo-0000332440,Betula ermanii,Betulaceae,1,1,1,1,1,Betula ermanii,wfo-0000332440,Betula ermanii,Betulaceae,exact_unique,exact
Betula fruticosa,betula fruticosa,betula fruticosa,2,2,1,1,1,Betula fruticosa,wfo-0000804735,Betula fruticosa,Betulaceae,2,2,1,1,1,Betula fruticosa,wfo-0000804735,Betula fruticosa,Betulaceae,exact_unique,exact
Betula maximowicziana,betula maximowicziana,betula maximowicziana,1,1,1,1,1,Betula maximowicziana,wfo-0000334427,Betula maximowicziana,Betulaceae,1,1,1,1,1,Betula maximowicziana,wfo-0000334427,Betula maximowicziana,Betulaceae,exact_unique,exact
Betula papyrifera,betula papyrifera,betula papyrifera,1,1,1,1,1,Betula papyrifera,wfo-0000335192,Betula papyrifera,Betulaceae,1,1,1,1,1,Betula papyrifera,wfo-0000335192,Betula papyrifera,Betulaceae,exact_unique,exact
Betula pendula,betula pendula,betula pendula,1,1,1,1,1,Betula pendula,wfo-0000335449,Betula pendula,Betulaceae,1,1,1,1,1,Betula pendula,wfo-0000335449,Betula pendula,Betulaceae,exact_unique,exact
Betula platyphylla,betula platyphylla,betula platyphylla,1,1,1,1,1,Betula platyphylla,wfo-0001362562,Betula pendula subsp. mandshurica,Betulaceae,1,1,1,1,1,Betula platyphylla,wfo-0001362562,Betula pendula subsp. mandshurica,Betulaceae,exact_unique,exact
Betula pubescens,betula pubescens,betula pubescens,1,1,1,1,1,Betula pubescens,wfo-0000335985,Betula pubescens,Betulaceae,2,2,2,2,1,Betula pubescens | Betula pubescens prol. murithii,wfo-0000335985 | wfo-0000336212,Betula pubescens | Betula pubescens var. pubescens,Betulaceae,exact_unique,exact
Betula schmidtii,betula schmidtii,betula schmidtii,1,1,1,1,1,Betula schmidtii,wfo-0000336873,Betula schmidtii,Betulaceae,1,1,1,1,1,Betula schmidtii,wfo-0000336873,Betula schmidtii,Betulaceae,exact_unique,exact
Bicuiba oleifera,bicuiba oleifera,bicuiba oleifera,1,1,1,1,1,Bicuiba oleifera,wfo-0000565132,Bicuiba oleifera,Myristicaceae,1,1,1,1,1,Bicuiba oleifera,wfo-0000565132,Bicuiba oleifera,Myristicaceae,exact_unique,exact
Bidens,bidens,bidens,1,1,1,1,1,Bidens,wfo-4000004584,Bidens,Asteraceae,1,1,1,1,1,Bidens,wfo-4000004584,Bidens,Asteraceae,exact_unique,exact
Bidens andicola,bidens andicola,bidens andicola,1,1,1,1,1,Bidens andicola,wfo-0000015136,Bidens andicola,Asteraceae,1,1,1,1,1,Bidens andicola,wfo-0000015136,Bidens andicola,Asteraceae,exact_unique,exact
Bidens aurea,bidens aurea,bidens aurea,1,1,1,1,1,Bidens aurea,wfo-0000035114,Bidens aurea,Asteraceae,1,1,1,1,1,Bidens aurea,wfo-0000035114,Bidens aurea,Asteraceae,exact_unique,exact
Bidens campylotheca,bidens campylotheca,bidens campylotheca,1,1,1,1,1,Bidens campylotheca,wfo-0000080111,Bidens campylotheca,Asteraceae,1,1,1,1,1,Bidens campylotheca,wfo-0000080111,Bidens campylotheca,Asteraceae,exact_unique,exact
Bidens frondosa,bidens frondosa,bidens frondosa,2,2,1,1,1,Bidens frondosa,wfo-0000076245,Bidens frondosa,Asteraceae,2,2,1,1,1,Bidens frondosa,wfo-0000076245,Bidens frondosa,Asteraceae,exact_unique,exact
Bidens pilosa,bidens pilosa,bidens pilosa,1,1,1,1,1,Bidens pilosa,wfo-0000115943,Bidens pilosa,Asteraceae,1,1,1,1,1,Bidens pilosa,wfo-0000115943,Bidens pilosa,Asteraceae,exact_unique,exact
Bidens torta,bidens torta,bidens torta,1,1,1,1,1,Bidens torta,wfo-0000009171,Bidens torta,Asteraceae,1,1,1,1,1,Bidens torta,wfo-0000009171,Bidens torta,Asteraceae,exact_unique,exact
Bischofia javanica,bischofia javanica,bischofia javanica,1,1,1,1,1,Bischofia javanica,wfo-0000342237,Bischofia javanica,Phyllanthaceae,1,1,1,1,1,Bischofia javanica,wfo-0000342237,Bischofia javanica,Phyllanthaceae,exact_unique,exact
Bituminaria acaulis,bituminaria acaulis,bituminaria acaulis,1,1,1,1,1,Bituminaria acaulis,wfo-0001443883,Kartalinia acaulis,Fabaceae,1,1,1,1,1,Bituminaria acaulis,wfo-0001443883,Kartalinia acaulis,Fabaceae,exact_unique,exact
Bituminaria bituminosa,bituminaria bituminosa,bituminaria bituminosa,1,1,1,1,1,Bituminaria bituminosa,wfo-0000212280,Bituminaria bituminosa,Fabaceae,1,1,1,1,1,Bituminaria bituminosa,wfo-0000212280,Bituminaria bituminosa,Fabaceae,exact_unique,exact
Bituminaria morisiana,bituminaria morisiana,bituminaria morisiana,1,1,1,1,1,Bituminaria morisiana,wfo-0001062205,Bituminaria morisiana,Fabaceae,1,1,1,1,1,Bituminaria morisiana,wfo-0001062205,Bituminaria morisiana,Fabaceae,exact_unique,exact
Bletilla striata,bletilla striata,bletilla striata,1,1,1,1,1,Bletilla striata,wfo-0000346630,Bletilla striata,Orchidaceae,1,1,1,1,1,Bletilla striata,wfo-0000346630,Bletilla striata,Orchidaceae,exact_unique,exact
Blumea balsamifera,blumea balsamifera,blumea balsamifera,1,1,1,1,1,Blumea balsamifera,wfo-0000002804,Blumea balsamifera,Asteraceae,1,1,1,1,1,Blumea balsamifera,wfo-0000002804,Blumea balsamifera,Asteraceae,exact_unique,exact
Blumea fistulosa,blumea fistulosa,blumea fistulosa,1,1,1,1,1,Blumea fistulosa,wfo-0000069656,Blumea fistulosa,Asteraceae,1,1,1,1,1,Blumea fistulosa,wfo-0000069656,Blumea fistulosa,Asteraceae,exact_unique,exact
Blumea glomerata,blumea glomerata,blumea glomerata,1,1,1,1,1,Blumea glomerata,wfo-0000069656,Blumea fistulosa,Asteraceae,1,1,1,1,1,Blumea glomerata,wfo-0000069656,Blumea fistulosa,Asteraceae,exact_unique,exact
Blutaparon portulacoides,blutaparon portulacoides,blutaparon portulacoides,1,1,1,1,1,Blutaparon portulacoides,wfo-0000567004,Blutaparon portulacoides,Amaranthaceae,1,1,1,1,1,Blutaparon portulacoides,wfo-0000567004,Blutaparon portulacoides,Amaranthaceae,exact_unique,exact
Bobgunnia madagascariensis,bobgunnia madagascariensis,bobgunnia madagascariensis,1,1,1,1,1,Bobgunnia madagascariensis,wfo-0000192568,Bobgunnia madagascariensis,Fabaceae,1,1,1,1,1,Bobgunnia madagascariensis,wfo-0000192568,Bobgunnia madagascariensis,Fabaceae,exact_unique,exact
Boerhavia diffusa,boerhavia diffusa,boerhavia diffusa,1,1,1,1,1,Boerhavia diffusa,wfo-0000567916,Boerhavia diffusa,Nyctaginaceae,1,1,1,1,1,Boerhavia diffusa,wfo-0000567916,Boerhavia diffusa,Nyctaginaceae,exact_unique,exact
Boerhavia repens,boerhavia repens,boerhavia repens,1,1,1,1,1,Boerhavia repens,wfo-0000568062,Boerhavia repens,Nyctaginaceae,1,1,1,1,1,Boerhavia repens,wfo-0000568062,Boerhavia repens,Nyctaginaceae,exact_unique,exact
Boesenbergia rotunda,boesenbergia rotunda,boesenbergia rotunda,1,1,1,1,1,Boesenbergia rotunda,wfo-0000341663,Boesenbergia rotunda,Zingiberaceae,1,1,1,1,1,Boesenbergia rotunda,wfo-0000341663,Boesenbergia rotunda,Zingiberaceae,exact_unique,exact
Bolusanthus speciosus,bolusanthus speciosus,bolusanthus speciosus,1,1,1,1,1,Bolusanthus speciosus,wfo-0000212048,Bolusanthus speciosus,Fabaceae,1,1,1,1,1,Bolusanthus speciosus,wfo-0000212048,Bolusanthus speciosus,Fabaceae,exact_unique,exact
Bombax ceiba,bombax ceiba,bombax ceiba,2,2,1,1,1,Bombax ceiba,wfo-0000568369,Bombax ceiba,Malvaceae,2,2,1,1,1,Bombax ceiba,wfo-0000568369,Bombax ceiba,Malvaceae,exact_unique,exact
Bonannia graeca,bonannia graeca,bonannia graeca,1,1,1,1,1,Bonannia graeca,wfo-0000568568,Bonannia graeca,Apiaceae,1,1,1,1,1,Bonannia graeca,wfo-0000568568,Bonannia graeca,Apiaceae,exact_unique,exact
Bonnetia paniculata,bonnetia paniculata,bonnetia paniculata,1,1,1,1,1,Bonnetia paniculata,wfo-0000568785,Bonnetia paniculata,Bonnetiaceae,1,1,1,1,1,Bonnetia paniculata,wfo-0000568785,Bonnetia paniculata,Bonnetiaceae,exact_unique,exact
Borago officinalis,borago officinalis,borago officinalis,1,1,1,1,1,Borago officinalis,wfo-0000568964,Borago officinalis,Boraginaceae,1,1,1,1,1,Borago officinalis,wfo-0000568964,Borago officinalis,Boraginaceae,exact_unique,exact
Borkhausenia intermedia,borkhausenia intermedia,borkhausenia intermedia,1,1,1,1,1,Borkhausenia intermedia,wfo-1000007507,Scandosorbus intermedia,Rosaceae,1,1,1,1,1,Borkhausenia intermedia,wfo-1000007507,Scandosorbus intermedia,Rosaceae,exact_unique,exact
Boronia bipinnata,boronia bipinnata,boronia bipinnata,1,1,1,1,1,Boronia bipinnata,wfo-1000021907,Cyanothamnus bipinnatus,Rutaceae,1,1,1,1,1,Boronia bipinnata,wfo-1000021907,Cyanothamnus bipinnatus,Rutaceae,exact_unique,exact
Boronia coerulescens,boronia coerulescens,boronia coerulescens,1,1,1,1,1,Boronia coerulescens,wfo-1000021909,Cyanothamnus coerulescens,Rutaceae,1,1,1,1,1,Boronia coerulescens,wfo-1000021909,Cyanothamnus coerulescens,Rutaceae,exact_unique,exact
Boronia inconspicua,boronia inconspicua,boronia inconspicua,1,1,1,1,1,Boronia inconspicua,wfo-1000021912,Cyanothamnus inconspicuus,Rutaceae,1,1,1,1,1,Boronia inconspicua,wfo-1000021912,Cyanothamnus inconspicuus,Rutaceae,exact_unique,exact
Boronia ramosa,boronia ramosa,boronia ramosa,1,1,1,1,1,Boronia ramosa,wfo-0000631013,Cyanothamnus ramosus,Rutaceae,1,1,1,1,1,Boronia ramosa,wfo-0000631013,Cyanothamnus ramosus,Rutaceae,exact_unique,exact
Bosistoa medicinalis,bosistoa medicinalis,bosistoa medicinalis,1,1,1,1,1,Bosistoa medicinalis,wfo-0000569600,Bosistoa medicinalis,Rutaceae,1,1,1,1,1,Bosistoa medicinalis,wfo-0000569600,Bosistoa medicinalis,Rutaceae,exact_unique,exact
Bowdichia virgilioides,bowdichia virgilioides,bowdichia virgilioides,1,1,1,1,1,Bowdichia virgilioides,wfo-0000164496,Bowdichia virgilioides,Fabaceae,1,1,1,1,1,Bowdichia virgilioides,wfo-0000164496,Bowdichia virgilioides,Fabaceae,exact_unique,exact
Brackenridgea zanguebarica,brackenridgea zanguebarica,brackenridgea zanguebarica,1,1,1,1,1,Brackenridgea zanguebarica,wfo-0000570716,Brackenridgea zanguebarica,Ochnaceae,1,1,1,1,1,Brackenridgea zanguebarica,wfo-0000570716,Brackenridgea zanguebarica,Ochnaceae,exact_unique,exact
Bracteantha acuminata,bracteantha acuminata,bracteantha acuminata,1,1,1,1,1,Bracteantha acuminata,wfo-0000130376,Xerochrysum subundulatum,Asteraceae,1,1,1,1,1,Bracteantha acuminata,wfo-0000130376,Xerochrysum subundulatum,Asteraceae,exact_unique,exact
Bracteantha viscosa,bracteantha viscosa,bracteantha viscosa,2,2,1,1,1,Bracteantha viscosa,wfo-0000138174,Xerochrysum viscosum,Asteraceae,2,2,1,1,1,Bracteantha viscosa,wfo-0000138174,Xerochrysum viscosum,Asteraceae,exact_unique,exact
Brainea insignis,brainea insignis,brainea insignis,1,1,1,1,1,Brainea insignis,wfo-0001122823,Brainea insignis,Blechnaceae,1,1,1,1,1,Brainea insignis,wfo-0001122823,Brainea insignis,Blechnaceae,exact_unique,exact
Brassica,brassica,brassica,1,1,1,1,1,Brassica,wfo-4000005345,Brassica,Brassicaceae,1,1,1,1,1,Brassica,wfo-4000005345,Brassica,Brassicaceae,exact_unique,exact
Brassica carinata,brassica carinata,brassica carinata,1,1,1,1,1,Brassica carinata,wfo-0000570995,Brassica carinata,Brassicaceae,1,1,1,1,1,Brassica carinata,wfo-0000570995,Brassica carinata,Brassicaceae,exact_unique,exact
Brassica oleracea,brassica oleracea,brassica oleracea,1,1,1,1,1,Brassica oleracea,wfo-0000571350,Brassica oleracea,Brassicaceae,1,1,1,1,1,Brassica oleracea,wfo-0000571350,Brassica oleracea,Brassicaceae,exact_unique,exact
Breynia fruticosa,breynia fruticosa,breynia fruticosa,1,1,1,1,1,Breynia fruticosa,wfo-0001049253,Breynia fruticosa,Phyllanthaceae,1,1,1,1,1,Breynia fruticosa,wfo-0001049253,Breynia fruticosa,Phyllanthaceae,exact_unique,exact
Breynia vitis-idaea,breynia vitis-idaea,breynia vitis-idaea,1,1,1,1,1,Breynia vitis-idaea,wfo-0000415036,Breynia vitis-idaea,Phyllanthaceae,1,1,1,1,1,Breynia vitis-idaea,wfo-0000415036,Breynia vitis-idaea,Phyllanthaceae,exact_unique,exact
Brickellia vernicosa,brickellia vernicosa,brickellia vernicosa,1,1,1,1,1,Brickellia vernicosa,wfo-0000073926,Brickellia vernicosa,Asteraceae,1,1,1,1,1,Brickellia vernicosa,wfo-0000073926,Brickellia vernicosa,Asteraceae,exact_unique,exact
Bridelia ferruginea,bridelia ferruginea,bridelia ferruginea,1,1,1,1,1,Bridelia ferruginea,wfo-0000418247,Bridelia ferruginea,Phyllanthaceae,1,1,1,1,1,Bridelia ferruginea,wfo-0000418247,Bridelia ferruginea,Phyllanthaceae,exact_unique,exact
Bridelia retusa,bridelia retusa,bridelia retusa,1,1,1,1,1,Bridelia retusa,wfo-0000424897,Bridelia retusa,Phyllanthaceae,1,1,1,1,1,Bridelia retusa,wfo-0000424897,Bridelia retusa,Phyllanthaceae,exact_unique,exact
Brongniartia intermedia,brongniartia intermedia,brongniartia intermedia,1,1,1,1,1,Brongniartia intermedia,wfo-0001054422,Brongniartia intermedia,Fabaceae,1,1,1,1,1,Brongniartia intermedia,wfo-0001054422,Brongniartia intermedia,Fabaceae,exact_unique,exact
Brongniartia podalyrioides,brongniartia podalyrioides,brongniartia podalyrioides,1,1,1,1,1,Brongniartia podalyrioides,wfo-0000173956,Brongniartia podalyrioides,Fabaceae,1,1,1,1,1,Brongniartia podalyrioides,wfo-0000173956,Brongniartia podalyrioides,Fabaceae,exact_unique,exact
Brosimum acutifolium,brosimum acutifolium,brosimum acutifolium,1,1,1,1,1,Brosimum acutifolium,wfo-0000572376,Brosimum acutifolium,Moraceae,1,1,1,1,1,Brosimum acutifolium,wfo-0000572376,Brosimum acutifolium,Moraceae,exact_unique,exact
Brosimum gaudichaudii,brosimum gaudichaudii,brosimum gaudichaudii,1,1,1,1,1,Brosimum gaudichaudii,wfo-0000572399,Brosimum gaudichaudii,Moraceae,1,1,1,1,1,Brosimum gaudichaudii,wfo-0000572399,Brosimum gaudichaudii,Moraceae,exact_unique,exact
Brosimum lactescens,brosimum lactescens,brosimum lactescens,1,1,1,1,1,Brosimum lactescens,wfo-0000572414,Brosimum lactescens,Moraceae,1,1,1,1,1,Brosimum lactescens,wfo-0000572414,Brosimum lactescens,Moraceae,exact_unique,exact
Broussonetia kazinoki,broussonetia kazinoki,broussonetia kazinoki,1,1,1,1,1,Broussonetia kazinoki,wfo-0000572564,Broussonetia kazinoki,Moraceae,1,1,1,1,1,Broussonetia kazinoki,wfo-0000572564,Broussonetia kazinoki,Moraceae,exact_unique,exact
Broussonetia papyrifera,broussonetia papyrifera,broussonetia papyrifera,1,1,1,1,1,Broussonetia papyrifera,wfo-0000572577,Broussonetia papyrifera,Moraceae,1,1,1,1,1,Broussonetia papyrifera,wfo-0000572577,Broussonetia papyrifera,Moraceae,exact_unique,exact
Brucea javanica,brucea javanica,brucea javanica,1,1,1,1,1,Brucea javanica,wfo-0000572705,Brucea javanica,Simaroubaceae,1,1,1,1,1,Brucea javanica,wfo-0000572705,Brucea javanica,Simaroubaceae,exact_unique,exact
Brya ebenus,brya ebenus,brya ebenus,1,1,1,1,1,Brya ebenus,wfo-0000173962,Brya ebenus,Fabaceae,1,1,1,1,1,Brya ebenus,wfo-0000173962,Brya ebenus,Fabaceae,exact_unique,exact
Bryum capillare,bryum capillare,bryum capillare,1,1,1,1,1,Bryum capillare,wfo-0001201518,Rosulabryum capillare,Bryaceae,1,1,1,1,1,Bryum capillare,wfo-0001201518,Rosulabryum capillare,Bryaceae,exact_unique,exact
Bucida buceras,bucida buceras,bucida buceras,1,1,1,1,1,Bucida buceras,wfo-0001296365,Terminalia buceras,Combretaceae,1,1,1,1,1,Bucida buceras,wfo-0001296365,Terminalia buceras,Combretaceae,exact_unique,exact
Buddleja madagascariensis,buddleja madagascariensis,buddleja madagascariensis,1,1,1,1,1,Buddleja madagascariensis,wfo-0000574137,Buddleja madagascariensis,Scrophulariaceae,1,1,1,1,1,Buddleja madagascariensis,wfo-0000574137,Buddleja madagascariensis,Scrophulariaceae,exact_unique,exact
Buddleja parviflora,buddleja parviflora,buddleja parviflora,1,1,1,1,1,Buddleja parviflora,wfo-0000574189,Buddleja parviflora,Scrophulariaceae,1,1,1,1,1,Buddleja parviflora,wfo-0000574189,Buddleja parviflora,Scrophulariaceae,exact_unique,exact
Bulbophyllum kwangtungense,bulbophyllum kwangtungense,bulbophyllum kwangtungense,1,1,1,1,1,Bulbophyllum kwangtungense,wfo-0000525354,Bulbophyllum kwangtungense,Orchidaceae,1,1,1,1,1,Bulbophyllum kwangtungense,wfo-0000525354,Bulbophyllum kwangtungense,Orchidaceae,exact_unique,exact
Bulbostylis barbata,bulbostylis barbata,bulbostylis barbata,2,2,1,1,1,Bulbostylis barbata,wfo-0000342079,Bulbostylis barbata,Cyperaceae,2,2,1,1,1,Bulbostylis barbata,wfo-0000342079,Bulbostylis barbata,Cyperaceae,exact_unique,exact
Bulbostylis densa,bulbostylis densa,bulbostylis densa,1,1,1,1,1,Bulbostylis densa,wfo-0000342153,Bulbostylis densa,Cyperaceae,1,1,1,1,1,Bulbostylis densa,wfo-0000342153,Bulbostylis densa,Cyperaceae,exact_unique,exact
Buphthalmum salicifolium,buphthalmum salicifolium,buphthalmum salicifolium,1,1,1,1,1,Buphthalmum salicifolium,wfo-0000082220,Buphthalmum salicifolium,Asteraceae,1,1,1,1,1,Buphthalmum salicifolium,wfo-0000082220,Buphthalmum salicifolium,Asteraceae,exact_unique,exact
Bupleurum chinense,bupleurum chinense,bupleurum chinense,2,2,1,1,1,Bupleurum chinense,wfo-0000575152,Bupleurum chinense,Apiaceae,2,2,1,1,1,Bupleurum chinense,wfo-0000575152,Bupleurum chinense,Apiaceae,exact_unique,exact
Burkea africana,burkea africana,burkea africana,1,1,1,1,1,Burkea africana,wfo-0000214110,Burkea africana,Fabaceae,1,1,1,1,1,Burkea africana,wfo-0000214110,Burkea africana,Fabaceae,exact_unique,exact
Bursera leptophloeos,bursera leptophloeos,bursera leptophloeos,1,1,1,1,1,Bursera leptophloeos,wfo-0000617344,Commiphora leptophloeos,Burseraceae,1,1,1,1,1,Bursera leptophloeos,wfo-0000617344,Commiphora leptophloeos,Burseraceae,exact_unique,exact
Butea frondosa,butea frondosa,butea frondosa,2,2,1,1,1,Butea frondosa,wfo-0000184561,Butea monosperma,Fabaceae,2,2,1,1,1,Butea frondosa,wfo-0000184561,Butea monosperma,Fabaceae,exact_unique,exact
Butea monosperma,butea monosperma,butea monosperma,2,2,1,1,1,Butea monosperma,wfo-0000184561,Butea monosperma,Fabaceae,2,2,1,1,1,Butea monosperma,wfo-0000184561,Butea monosperma,Fabaceae,exact_unique,exact
Byrsonima coccolobifolia,byrsonima coccolobifolia,byrsonima coccolobifolia,1,1,1,1,1,Byrsonima coccolobifolia,wfo-0000576768,Byrsonima coccolobifolia,Malpighiaceae,1,1,1,1,1,Byrsonima coccolobifolia,wfo-0000576768,Byrsonima coccolobifolia,Malpighiaceae,exact_unique,exact
Byrsonima microphylla,byrsonima microphylla,byrsonima microphylla,1,1,1,1,1,Byrsonima microphylla,wfo-0000576944,Byrsonima microphylla,Malpighiaceae,1,1,1,1,1,Byrsonima microphylla,wfo-0000576944,Byrsonima microphylla,Malpighiaceae,exact_unique,exact
Caesalpinia benthamiana,caesalpinia benthamiana,caesalpinia benthamiana,1,1,1,1,1,Caesalpinia benthamiana,wfo-0000195047,Mezoneuron benthamianum,Fabaceae,1,1,1,1,1,Caesalpinia benthamiana,wfo-0000195047,Mezoneuron benthamianum,Fabaceae,exact_unique,exact
Caesalpinia decapetala,caesalpinia decapetala,caesalpinia decapetala,1,1,1,1,1,Caesalpinia decapetala,wfo-0001056568,Biancaea decapetala,Fabaceae,1,1,1,1,1,Caesalpinia decapetala,wfo-0001056568,Biancaea decapetala,Fabaceae,exact_unique,exact
Caesalpinia millettii,caesalpinia millettii,caesalpinia millettii,1,1,1,1,1,Caesalpinia millettii,wfo-0001346735,Biancaea millettii,Fabaceae,1,1,1,1,1,Caesalpinia millettii,wfo-0001346735,Biancaea millettii,Fabaceae,exact_unique,exact
Caesalpinia pulcherrima,caesalpinia pulcherrima,caesalpinia pulcherrima,1,1,1,1,1,Caesalpinia pulcherrima,wfo-0000214363,Caesalpinia pulcherrima,Fabaceae,1,1,1,1,1,Caesalpinia pulcherrima,wfo-0000214363,Caesalpinia pulcherrima,Fabaceae,exact_unique,exact
Caesalpinia sappan,caesalpinia sappan,caesalpinia sappan,1,1,1,1,1,Caesalpinia sappan,wfo-0000192766,Biancaea sappan,Fabaceae,1,1,1,1,1,Caesalpinia sappan,wfo-0000192766,Biancaea sappan,Fabaceae,exact_unique,exact
Calamus draco,calamus draco,calamus draco,1,1,1,1,1,Calamus draco,wfo-0000755403,Calamus draco,Arecaceae,1,1,1,1,1,Calamus draco,wfo-0000755403,Calamus draco,Arecaceae,exact_unique,exact
Calanticaria bicolor,calanticaria bicolor,calanticaria bicolor,1,1,1,1,1,Calanticaria bicolor,wfo-0000019742,Calanticaria bicolor,Asteraceae,1,1,1,1,1,Calanticaria bicolor,wfo-0000019742,Calanticaria bicolor,Asteraceae,exact_unique,exact
Calanticaria brevifolia,calanticaria brevifolia,calanticaria brevifolia,1,1,1,1,1,Calanticaria brevifolia,wfo-0000069779,Calanticaria brevifolia,Asteraceae,1,1,1,1,1,Calanticaria brevifolia,wfo-0000069779,Calanticaria brevifolia,Asteraceae,exact_unique,exact
Calanticaria greggii,calanticaria greggii,calanticaria greggii,1,1,1,1,1,Calanticaria greggii,wfo-0000028519,Calanticaria greggii,Asteraceae,1,1,1,1,1,Calanticaria greggii,wfo-0000028519,Calanticaria greggii,Asteraceae,exact_unique,exact
Calceolaria hypericina,calceolaria hypericina,calceolaria hypericina,1,1,1,1,1,Calceolaria hypericina,wfo-0000579600,Calceolaria hypericina,Calceolariaceae,1,1,1,1,1,Calceolaria hypericina,wfo-0000579600,Calceolaria hypericina,Calceolariaceae,exact_unique,exact
Calea cuneifolia,calea cuneifolia,calea cuneifolia,1,1,1,1,1,Calea cuneifolia,wfo-0000122967,Calea cuneifolia,Asteraceae,1,1,1,1,1,Calea cuneifolia,wfo-0000122967,Calea cuneifolia,Asteraceae,exact_unique,exact
Calea mediterranea,calea mediterranea,calea mediterranea,1,1,1,1,1,Calea mediterranea,wfo-0000075720,Calea mediterranea,Asteraceae,1,1,1,1,1,Calea mediterranea,wfo-0000075720,Calea mediterranea,Asteraceae,exact_unique,exact
Calea platylepis,calea platylepis,calea platylepis,1,1,1,1,1,Calea platylepis,wfo-0000075720,Calea mediterranea,Asteraceae,1,1,1,1,1,Calea platylepis,wfo-0000075720,Calea mediterranea,Asteraceae,exact_unique,exact
Calia secundiflora,calia secundiflora,calia secundiflora,2,2,1,1,1,Calia secundiflora,wfo-0001042783,Dermatophyllum secundiflorum,Fabaceae,2,2,1,1,1,Calia secundiflora,wfo-0001042783,Dermatophyllum secundiflorum,Fabaceae,exact_unique,exact
Calicotome villosa,calicotome villosa,calicotome villosa,1,1,1,1,1,Calicotome villosa,wfo-0000213265,Calicotome villosa,Fabaceae,1,1,1,1,1,Calicotome villosa,wfo-0000213265,Calicotome villosa,Fabaceae,exact_unique,exact
Callerya reticulata,callerya reticulata,callerya reticulata,1,1,1,1,1,Callerya reticulata,wfo-0001444210,Wisteriopsis reticulata,Fabaceae,1,1,1,1,1,Callerya reticulata,wfo-0001444210,Wisteriopsis reticulata,Fabaceae,exact_unique,exact
Callerya speciosa,callerya speciosa,callerya speciosa,1,1,1,1,1,Callerya speciosa,wfo-0001444004,Nanhaia speciosa,Fabaceae,1,1,1,1,1,Callerya speciosa,wfo-0001444004,Nanhaia speciosa,Fabaceae,exact_unique,exact
Calliandra haematocephala,calliandra haematocephala,calliandra haematocephala,1,1,1,1,1,Calliandra haematocephala,wfo-0000173553,Calliandra haematocephala,Fabaceae,1,1,1,1,1,Calliandra haematocephala,wfo-0000173553,Calliandra haematocephala,Fabaceae,exact_unique,exact
Calliandra inermis,calliandra inermis,calliandra inermis,1,1,1,1,1,Calliandra inermis,wfo-0001427508,Vachellia leucophloea var. leucophloea,Fabaceae,1,1,1,1,1,Calliandra inermis,wfo-0001427508,Vachellia leucophloea var. leucophloea,Fabaceae,exact_unique,exact
Callicarpa nudiflora,callicarpa nudiflora,callicarpa nudiflora,1,1,1,1,1,Callicarpa nudiflora,wfo-0000770265,Callicarpa nudiflora,Lamiaceae,1,1,1,1,1,Callicarpa nudiflora,wfo-0000770265,Callicarpa nudiflora,Lamiaceae,exact_unique,exact
Calligonum leucocladum,calligonum leucocladum,calligonum leucocladum,1,1,1,1,1,Calligonum leucocladum,wfo-0000580446,Calligonum leucocladum,Polygonaceae,1,1,1,1,1,Calligonum leucocladum,wfo-0000580446,Calligonum leucocladum,Polygonaceae,exact_unique,exact
Callistemon speciosus,callistemon speciosus,callistemon speciosus,2,2,1,1,1,Callistemon speciosus,wfo-0001428941,Melaleuca glauca,Myrtaceae,2,2,1,1,1,Callistemon speciosus,wfo-0001428941,Melaleuca glauca,Myrtaceae,exact_unique,exact
Calluna vulgaris,calluna vulgaris,calluna vulgaris,1,1,1,1,1,Calluna vulgaris,wfo-0000580837,Calluna vulgaris,Ericaceae,1,1,1,1,1,Calluna vulgaris,wfo-0000580837,Calluna vulgaris,Ericaceae,exact_unique,exact
Caloncoba glauca,caloncoba glauca,caloncoba glauca,1,1,1,1,1,Caloncoba glauca,wfo-0000923629,Caloncoba glauca,Achariaceae,1,1,1,1,1,Caloncoba glauca,wfo-0000923629,Caloncoba glauca,Achariaceae,exact_unique,exact
Calophyllum dispar,calophyllum dispar,calophyllum dispar,1,1,1,1,1,Calophyllum dispar,wfo-0000581123,Calophyllum dispar,Calophyllaceae,1,1,1,1,1,Calophyllum dispar,wfo-0000581123,Calophyllum dispar,Calophyllaceae,exact_unique,exact
Calophyllum enervosum,calophyllum enervosum,calophyllum enervosum,1,1,1,1,1,Calophyllum enervosum,wfo-0000581135,Calophyllum enervosum,Calophyllaceae,1,1,1,1,1,Calophyllum enervosum,wfo-0000581135,Calophyllum enervosum,Calophyllaceae,exact_unique,exact
Calophyllum inophyllum,calophyllum inophyllum,calophyllum inophyllum,1,1,1,1,1,Calophyllum inophyllum,wfo-0000581184,Calophyllum inophyllum,Calophyllaceae,1,1,1,1,1,Calophyllum inophyllum,wfo-0000581184,Calophyllum inophyllum,Calophyllaceae,exact_unique,exact
Calophyllum pauciflorum,calophyllum pauciflorum,calophyllum pauciflorum,1,1,1,1,1,Calophyllum pauciflorum,wfo-0000581270,Calophyllum pauciflorum,Calophyllaceae,1,1,1,1,1,Calophyllum pauciflorum,wfo-0000581270,Calophyllum pauciflorum,Calophyllaceae,exact_unique,exact
Calopogonium,calopogonium,calopogonium,1,1,1,1,1,Calopogonium,wfo-4000006176,Calopogonium,Fabaceae,1,1,1,1,1,Calopogonium,wfo-4000006176,Calopogonium,Fabaceae,exact_unique,exact
Calopogonium mucunoides,calopogonium mucunoides,calopogonium mucunoides,1,1,1,1,1,Calopogonium mucunoides,wfo-0000179119,Calopogonium mucunoides,Fabaceae,1,1,1,1,1,Calopogonium mucunoides,wfo-0000179119,Calopogonium mucunoides,Fabaceae,exact_unique,exact
Calycolpus warszewiczianus,calycolpus warszewiczianus,calycolpus warszewiczianus,1,1,1,1,1,Calycolpus warszewiczianus,wfo-0001086184,Calycolpus warszewiczianus,Myrtaceae,1,1,1,1,1,Calycolpus warszewiczianus,wfo-0001086184,Calycolpus warszewiczianus,Myrtaceae,exact_unique,exact
Calycopteris floribunda,calycopteris floribunda,calycopteris floribunda,1,1,1,1,1,Calycopteris floribunda,wfo-0000702472,Getonia floribunda,Combretaceae,1,1,1,1,1,Calycopteris floribunda,wfo-0000702472,Getonia floribunda,Combretaceae,exact_unique,exact
Calytrix ecalycata,calytrix ecalycata,calytrix ecalycata,1,1,1,1,1,Calytrix ecalycata,wfo-0000789711,Calytrix ecalycata,Myrtaceae,1,1,1,1,1,Calytrix ecalycata,wfo-0000789711,Calytrix ecalycata,Myrtaceae,exact_unique,exact
Camellia crassicolumna,camellia crassicolumna,camellia crassicolumna,1,1,1,1,1,Camellia crassicolumna,wfo-0000582444,Camellia kwangsiensis var. kwangnanica,Theaceae,1,1,1,1,1,Camellia crassicolumna,wfo-0000582444,Camellia kwangsiensis var. kwangnanica,Theaceae,exact_unique,exact
Camellia japonica,camellia japonica,camellia japonica,1,1,1,1,1,Camellia japonica,wfo-0000582404,Camellia japonica,Theaceae,1,1,1,1,1,Camellia japonica,wfo-0000582404,Camellia japonica,Theaceae,exact_unique,exact
Camellia oleifera,camellia oleifera,camellia oleifera,1,1,1,1,1,Camellia oleifera,wfo-0000582552,Camellia oleifera,Theaceae,1,1,1,1,1,Camellia oleifera,wfo-0000582552,Camellia oleifera,Theaceae,exact_unique,exact
Camellia reticulata,camellia reticulata,camellia reticulata,1,1,1,1,1,Camellia reticulata,wfo-0000582626,Camellia reticulata,Theaceae,1,1,1,1,1,Camellia reticulata,wfo-0000582626,Camellia reticulata,Theaceae,exact_unique,exact
Camellia sinensis,camellia sinensis,camellia sinensis,2,2,1,1,1,Camellia sinensis,wfo-0000582676,Camellia sinensis,Theaceae,2,2,1,1,1,Camellia sinensis,wfo-0000582676,Camellia sinensis,Theaceae,exact_unique,exact
Camellia taliensis,camellia taliensis,camellia taliensis,1,1,1,1,1,Camellia taliensis,wfo-0000582705,Camellia taliensis,Theaceae,1,1,1,1,1,Camellia taliensis,wfo-0000582705,Camellia taliensis,Theaceae,exact_unique,exact
Campomanesia lineatifolia,campomanesia lineatifolia,campomanesia lineatifolia,1,1,1,1,1,Campomanesia lineatifolia,wfo-0000793396,Campomanesia lineatifolia,Myrtaceae,1,1,1,1,1,Campomanesia lineatifolia,wfo-0000793396,Campomanesia lineatifolia,Myrtaceae,exact_unique,exact
Campylopus clavatus,campylopus clavatus,campylopus clavatus,1,1,1,1,1,Campylopus clavatus,wfo-0001178579,Campylopus clavatus,Leucobryaceae,1,1,1,1,1,Campylopus clavatus,wfo-0001178579,Campylopus clavatus,Leucobryaceae,exact_unique,exact
Campylospermum flavum,campylospermum flavum,campylospermum flavum,1,1,1,1,1,Campylospermum flavum,wfo-0000583248,Campylospermum flavum,Ochnaceae,1,1,1,1,1,Campylospermum flavum,wfo-0000583248,Campylospermum flavum,Ochnaceae,exact_unique,exact
Campylotropis hirtella,campylotropis hirtella,campylotropis hirtella,1,1,1,1,1,Campylotropis hirtella,wfo-0000197754,Campylotropis hirtella,Fabaceae,1,1,1,1,1,Campylotropis hirtella,wfo-0000197754,Campylotropis hirtella,Fabaceae,exact_unique,exact
Canavalia rosea,canavalia rosea,canavalia rosea,1,1,1,1,1,Canavalia rosea,wfo-0000189858,Canavalia rosea,Fabaceae,1,1,1,1,1,Canavalia rosea,wfo-0000189858,Canavalia rosea,Fabaceae,exact_unique,exact
Capsicum annuum,capsicum annuum,capsicum annuum,2,2,1,1,1,Capsicum annuum,wfo-0001019982,Capsicum annuum,Solanaceae,2,2,1,1,1,Capsicum annuum,wfo-0001019982,Capsicum annuum,Solanaceae,exact_unique,exact
Caragana acanthophylla,caragana acanthophylla,caragana acanthophylla,1,1,1,1,1,Caragana acanthophylla,wfo-0000186882,Caragana acanthophylla,Fabaceae,1,1,1,1,1,Caragana acanthophylla,wfo-0000186882,Caragana acanthophylla,Fabaceae,exact_unique,exact
Caragana alaica,caragana alaica,caragana alaica,1,1,1,1,1,Caragana alaica,wfo-0000208437,Caragana alaica,Fabaceae,1,1,1,1,1,Caragana alaica,wfo-0000208437,Caragana alaica,Fabaceae,exact_unique,exact
Caragana ambigua,caragana ambigua,caragana ambigua,1,1,1,1,1,Caragana ambigua,wfo-0000186072,Caragana ambigua,Fabaceae,1,1,1,1,1,Caragana ambigua,wfo-0000186072,Caragana ambigua,Fabaceae,exact_unique,exact
Caragana arborescens,caragana arborescens,caragana arborescens,1,1,1,1,1,Caragana arborescens,wfo-0000213639,Caragana arborescens,Fabaceae,4,4,1,1,1,Caragana arborescens | Caragana arborescens lus. acuta | Caragana arborescens lus. angustifolia | Caragana arborescens lus. obovata,wfo-0000213639,Caragana arborescens,Fabaceae,exact_unique,exact
Caragana aurantiaca,caragana aurantiaca,caragana aurantiaca,1,1,1,1,1,Caragana aurantiaca,wfo-0000194793,Caragana aurantiaca,Fabaceae,1,1,1,1,1,Caragana aurantiaca,wfo-0000194793,Caragana aurantiaca,Fabaceae,exact_unique,exact
Caragana boisii,caragana boisii,caragana boisii,1,1,1,1,1,Caragana boisii,wfo-0000186884,Caragana boisii,Fabaceae,1,1,1,1,1,Caragana boisii,wfo-0000186884,Caragana boisii,Fabaceae,exact_unique,exact
Caragana brevispina,caragana brevispina,caragana brevispina,1,1,1,1,1,Caragana brevispina,wfo-0000186070,Caragana brevispina,Fabaceae,1,1,1,1,1,Caragana brevispina,wfo-0000186070,Caragana brevispina,Fabaceae,exact_unique,exact
Caragana conferta,caragana conferta,caragana conferta,1,1,1,1,1,Caragana conferta,wfo-0000186887,Caragana conferta,Fabaceae,1,1,1,1,1,Caragana conferta,wfo-0000186887,Caragana conferta,Fabaceae,exact_unique,exact
Caragana decorticans,caragana decorticans,caragana decorticans,1,1,1,1,1,Caragana decorticans,wfo-0000186067,Caragana decorticans,Fabaceae,1,1,1,1,1,Caragana decorticans,wfo-0000186067,Caragana decorticans,Fabaceae,exact_unique,exact
Caragana densa,caragana densa,caragana densa,1,1,1,1,1,Caragana densa,wfo-0000186077,Caragana densa,Fabaceae,1,1,1,1,1,Caragana densa,wfo-0000186077,Caragana densa,Fabaceae,exact_unique,exact
Caragana erinacea,caragana erinacea,caragana erinacea,1,1,1,1,1,Caragana erinacea,wfo-0000186606,Caragana erinacea,Fabaceae,1,1,1,1,1,Caragana erinacea,wfo-0000186606,Caragana erinacea,Fabaceae,exact_unique,exact
Caragana franchetiana,caragana franchetiana,caragana franchetiana,1,1,1,1,1,Caragana franchetiana,wfo-0000186078,Caragana franchetiana,Fabaceae,1,1,1,1,1,Caragana franchetiana,wfo-0000186078,Caragana franchetiana,Fabaceae,exact_unique,exact
Caragana frutex,caragana frutex,caragana frutex,1,1,1,1,1,Caragana frutex,wfo-0000213640,Caragana frutex,Fabaceae,1,1,1,1,1,Caragana frutex,wfo-0000213640,Caragana frutex,Fabaceae,exact_unique,exact
Caragana fruticosa,caragana fruticosa,caragana fruticosa,2,2,1,1,1,Caragana fruticosa,wfo-0000213639,Caragana arborescens,Fabaceae,2,2,1,1,1,Caragana fruticosa,wfo-0000213639,Caragana arborescens,Fabaceae,exact_unique,exact
Caragana gerardiana,caragana gerardiana,caragana gerardiana,1,1,1,1,1,Caragana gerardiana,wfo-0000186890,Caragana gerardiana,Fabaceae,1,1,1,1,1,Caragana gerardiana,wfo-0000186890,Caragana gerardiana,Fabaceae,exact_unique,exact
Caragana grandiflora,caragana grandiflora,caragana grandiflora,1,1,1,1,1,Caragana grandiflora,wfo-0000213641,Caragana grandiflora,Fabaceae,1,1,1,1,1,Caragana grandiflora,wfo-0000213641,Caragana grandiflora,Fabaceae,exact_unique,exact
Caragana jubata,caragana jubata,caragana jubata,1,1,1,1,1,Caragana jubata,wfo-0000194798,Caragana jubata,Fabaceae,1,1,1,1,1,Caragana jubata,wfo-0000194798,Caragana jubata,Fabaceae,exact_unique,exact
Caragana kirghisorum,caragana kirghisorum,caragana kirghisorum,1,1,1,1,1,Caragana kirghisorum,wfo-0000186052,Caragana kirghisorum,Fabaceae,1,1,1,1,1,Caragana kirghisorum,wfo-0000186052,Caragana kirghisorum,Fabaceae,exact_unique,exact
Caragana laeta,caragana laeta,caragana laeta,1,1,1,1,1,Caragana laeta,wfo-0000186053,Caragana laeta,Fabaceae,1,1,1,1,1,Caragana laeta,wfo-0000186053,Caragana laeta,Fabaceae,exact_unique,exact
Caragana microphylla,caragana microphylla,caragana microphylla,1,1,1,1,1,Caragana microphylla,wfo-0000194800,Caragana microphylla,Fabaceae,1,1,1,1,1,Caragana microphylla,wfo-0000194800,Caragana microphylla,Fabaceae,exact_unique,exact
Caragana pekinensis,caragana pekinensis,caragana pekinensis,1,1,1,1,1,Caragana pekinensis,wfo-0000186076,Caragana pekinensis,Fabaceae,1,1,1,1,1,Caragana pekinensis,wfo-0000186076,Caragana pekinensis,Fabaceae,exact_unique,exact
Caragana pleiophylla,caragana pleiophylla,caragana pleiophylla,1,1,1,1,1,Caragana pleiophylla,wfo-0000186607,Caragana pleiophylla,Fabaceae,1,1,1,1,1,Caragana pleiophylla,wfo-0000186607,Caragana pleiophylla,Fabaceae,exact_unique,exact
Caragana pumila,caragana pumila,caragana pumila,1,1,1,1,1,Caragana pumila,wfo-0000186051,Caragana pumila,Fabaceae,1,1,1,1,1,Caragana pumila,wfo-0000186051,Caragana pumila,Fabaceae,exact_unique,exact
Caragana pygmaea,caragana pygmaea,caragana pygmaea,2,2,1,1,1,Caragana pygmaea,wfo-0000186050,Caragana pygmaea,Fabaceae,4,4,1,1,1,Caragana pygmaea | Caragana pygmaea lus. brevifolia | Caragana pygmaea lus. latifolia,wfo-0000186050,Caragana pygmaea,Fabaceae,exact_unique,exact
Caragana sinica,caragana sinica,caragana sinica,1,1,1,1,1,Caragana sinica,wfo-0000186069,Caragana sinica,Fabaceae,1,1,1,1,1,Caragana sinica,wfo-0000186069,Caragana sinica,Fabaceae,exact_unique,exact
Caragana sophorifolia,caragana sophorifolia,caragana sophorifolia,1,1,1,1,1,Caragana sophorifolia,wfo-0000213639,Caragana arborescens,Fabaceae,1,1,1,1,1,Caragana sophorifolia,wfo-0000213639,Caragana arborescens,Fabaceae,exact_unique,exact
Caragana spinosa,caragana spinosa,caragana spinosa,2,2,1,1,1,Caragana spinosa,wfo-0001061289,Caragana spinosa,Fabaceae,2,2,1,1,1,Caragana spinosa,wfo-0001061289,Caragana spinosa,Fabaceae,exact_unique,exact
Caragana stenophylla,caragana stenophylla,caragana stenophylla,1,1,1,1,1,Caragana stenophylla,wfo-0000186047,Caragana stenophylla,Fabaceae,1,1,1,1,1,Caragana stenophylla,wfo-0000186047,Caragana stenophylla,Fabaceae,exact_unique,exact
Caragana tangutica,caragana tangutica,caragana tangutica,2,2,1,1,1,Caragana tangutica,wfo-0001059054,Caragana tangutica,Fabaceae,2,2,1,1,1,Caragana tangutica,wfo-0001059054,Caragana tangutica,Fabaceae,exact_unique,exact
Caragana tibetica,caragana tibetica,caragana tibetica,1,1,1,1,1,Caragana tibetica,wfo-0000186075,Caragana tibetica,Fabaceae,1,1,1,1,1,Caragana tibetica,wfo-0000186075,Caragana tibetica,Fabaceae,exact_unique,exact
Caragana turkestanica,caragana turkestanica,caragana turkestanica,1,1,1,1,1,Caragana turkestanica,wfo-0000186609,Caragana turkestanica,Fabaceae,1,1,1,1,1,Caragana turkestanica,wfo-0000186609,Caragana turkestanica,Fabaceae,exact_unique,exact
Caragana ussuriensis,caragana ussuriensis,caragana ussuriensis,1,1,1,1,1,Caragana ussuriensis,wfo-0000186045,Caragana ussuriensis,Fabaceae,1,1,1,1,1,Caragana ussuriensis,wfo-0000186045,Caragana ussuriensis,Fabaceae,exact_unique,exact
Caragana zahlbruckneri,caragana zahlbruckneri,caragana zahlbruckneri,2,2,1,1,1,Caragana zahlbruckneri,wfo-0001060759,Caragana zahlbruckneri,Fabaceae,2,2,1,1,1,Caragana zahlbruckneri,wfo-0001060759,Caragana zahlbruckneri,Fabaceae,exact_unique,exact
Carallia brachiata,carallia brachiata,carallia brachiata,1,1,1,1,1,Carallia brachiata,wfo-0000586012,Carallia brachiata,Rhizophoraceae,1,1,1,1,1,Carallia brachiata,wfo-0000586012,Carallia brachiata,Rhizophoraceae,exact_unique,exact
Carapa guianensis,carapa guianensis,carapa guianensis,1,1,1,1,1,Carapa guianensis,wfo-0000586378,Carapa guianensis,Meliaceae,1,1,1,1,1,Carapa guianensis,wfo-0000586378,Carapa guianensis,Meliaceae,exact_unique,exact
Carduus tenuiflorus,carduus tenuiflorus,carduus tenuiflorus,1,1,1,1,1,Carduus tenuiflorus,wfo-0000003240,Carduus tenuiflorus,Asteraceae,1,1,1,1,1,Carduus tenuiflorus,wfo-0000003240,Carduus tenuiflorus,Asteraceae,exact_unique,exact
Carex appressa,carex appressa,carex appressa,1,1,1,1,1,Carex appressa,wfo-0000344481,Carex appressa,Cyperaceae,1,1,1,1,1,Carex appressa,wfo-0000344481,Carex appressa,Cyperaceae,exact_unique,exact
Carlina acaulis,carlina acaulis,carlina acaulis,3,3,1,1,1,Carlina acaulis,wfo-0000090349,Carlina acaulis,Asteraceae,3,3,1,1,1,Carlina acaulis,wfo-0000090349,Carlina acaulis,Asteraceae,exact_unique,exact
Carpesium lipskyi,carpesium lipskyi,carpesium lipskyi,1,1,1,1,1,Carpesium lipskyi,wfo-0000039860,Carpesium lipskyi,Asteraceae,1,1,1,1,1,Carpesium lipskyi,wfo-0000039860,Carpesium lipskyi,Asteraceae,exact_unique,exact
Carpesium longifolium,carpesium longifolium,carpesium longifolium,1,1,1,1,1,Carpesium longifolium,wfo-0000043249,Carpesium longifolium,Asteraceae,1,1,1,1,1,Carpesium longifolium,wfo-0000043249,Carpesium longifolium,Asteraceae,exact_unique,exact
Carpesium macrocephalum,carpesium macrocephalum,carpesium macrocephalum,1,1,1,1,1,Carpesium macrocephalum,wfo-0000074447,Carpesium macrocephalum,Asteraceae,1,1,1,1,1,Carpesium macrocephalum,wfo-0000074447,Carpesium macrocephalum,Asteraceae,exact_unique,exact
Carpha nivicola,carpha nivicola,carpha nivicola,1,1,1,1,1,Carpha nivicola,wfo-0000352845,Carpha nivicola,Cyperaceae,1,1,1,1,1,Carpha nivicola,wfo-0000352845,Carpha nivicola,Cyperaceae,exact_unique,exact
Carpinus cordata,carpinus cordata,carpinus cordata,1,1,1,1,1,Carpinus cordata,wfo-0000804828,Carpinus cordata,Betulaceae,1,1,1,1,1,Carpinus cordata,wfo-0000804828,Carpinus cordata,Betulaceae,exact_unique,exact
Carpobrotus edulis,carpobrotus edulis,carpobrotus edulis,1,1,1,1,1,Carpobrotus edulis,wfo-0000588263,Carpobrotus edulis,Aizoaceae,1,1,1,1,1,Carpobrotus edulis,wfo-0000588263,Carpobrotus edulis,Aizoaceae,exact_unique,exact
Carthamus lanatus,carthamus lanatus,carthamus lanatus,1,1,1,1,1,Carthamus lanatus,wfo-0000116437,Carthamus lanatus,Asteraceae,1,1,1,1,1,Carthamus lanatus,wfo-0000116437,Carthamus lanatus,Asteraceae,exact_unique,exact
Carthamus tinctorius,carthamus tinctorius,carthamus tinctorius,1,1,1,1,1,Carthamus tinctorius,wfo-0000024004,Carthamus tinctorius,Asteraceae,1,1,1,1,1,Carthamus tinctorius,wfo-0000024004,Carthamus tinctorius,Asteraceae,exact_unique,exact
Carum carvi,carum carvi,carum carvi,1,1,1,1,1,Carum carvi,wfo-0000588460,Carum carvi,Apiaceae,1,1,1,1,1,Carum carvi,wfo-0000588460,Carum carvi,Apiaceae,exact_unique,exact
Carya illinoinensis,carya illinoinensis,carya illinoinensis,1,1,1,1,1,Carya illinoinensis,wfo-0000588763,Carya illinoinensis,Juglandaceae,1,1,1,1,1,Carya illinoinensis,wfo-0000588763,Carya illinoinensis,Juglandaceae,exact_unique,exact
Casearia clarkei,casearia clarkei,casearia clarkei,1,1,1,1,1,Casearia clarkei,wfo-0000923895,Casearia clarkei,Salicaceae,1,1,1,1,1,Casearia clarkei,wfo-0000923895,Casearia clarkei,Salicaceae,exact_unique,exact
Cassia,cassia,cassia,1,1,1,1,1,Cassia,wfo-4000006902,Cassia,Fabaceae,1,1,1,1,1,Cassia,wfo-4000006902,Cassia,Fabaceae,exact_unique,exact
Cassia abbreviata,cassia abbreviata,cassia abbreviata,1,1,1,1,1,Cassia abbreviata,wfo-0000214576,Cassia abbreviata,Fabaceae,1,1,1,1,1,Cassia abbreviata,wfo-0000214576,Cassia abbreviata,Fabaceae,exact_unique,exact
Cassia fistula,cassia fistula,cassia fistula,1,1,1,1,1,Cassia fistula,wfo-0000163802,Cassia fistula,Fabaceae,1,1,1,1,1,Cassia fistula,wfo-0000163802,Cassia fistula,Fabaceae,exact_unique,exact
Cassia grandis,cassia grandis,cassia grandis,1,1,1,1,1,Cassia grandis,wfo-0000163908,Cassia grandis,Fabaceae,1,1,1,1,1,Cassia grandis,wfo-0000163908,Cassia grandis,Fabaceae,exact_unique,exact
Cassia nodosa,cassia nodosa,cassia nodosa,1,1,1,1,1,Cassia nodosa,wfo-0000164147,Cassia javanica subsp. nodosa,Fabaceae,1,1,1,1,1,Cassia nodosa,wfo-0000164147,Cassia javanica subsp. nodosa,Fabaceae,exact_unique,exact
Cassia renigera,cassia renigera,cassia renigera,1,1,1,1,1,Cassia renigera,wfo-0000203409,Cassia javanica subsp. renigera,Fabaceae,1,1,1,1,1,Cassia renigera,wfo-0000203409,Cassia javanica subsp. renigera,Fabaceae,exact_unique,exact
Cassia roxburghii,cassia roxburghii,cassia roxburghii,1,1,1,1,1,Cassia roxburghii,wfo-0000164654,Cassia roxburghii,Fabaceae,1,1,1,1,1,Cassia roxburghii,wfo-0000164654,Cassia roxburghii,Fabaceae,exact_unique,exact
Cassia sieberi,cassia sieberi,cassia sieberi,1,1,1,1,1,Cassia sieberi,wfo-0000183557,Senna sulfurea,Fabaceae,1,1,1,1,1,Cassia sieberi,wfo-0000183557,Senna sulfurea,Fabaceae,exact_unique,exact
Cassia sieberiana,cassia sieberiana,cassia sieberiana,1,1,1,1,1,Cassia sieberiana,wfo-0000164753,Cassia sieberiana,Fabaceae,1,1,1,1,1,Cassia sieberiana,wfo-0000164753,Cassia sieberiana,Fabaceae,exact_unique,exact
Cassia trachypus,cassia trachypus,cassia trachypus,1,1,1,1,1,Cassia trachypus,wfo-0000182235,Senna trachypus,Fabaceae,1,1,1,1,1,Cassia trachypus,wfo-0000182235,Senna trachypus,Fabaceae,exact_unique,exact
Cassinia arcuata,cassinia arcuata,cassinia arcuata,1,1,1,1,1,Cassinia arcuata,wfo-0000067092,Cassinia arcuata,Asteraceae,1,1,1,1,1,Cassinia arcuata,wfo-0000067092,Cassinia arcuata,Asteraceae,exact_unique,exact
Cassipourea gummiflua,cassipourea gummiflua,cassipourea gummiflua,1,1,1,1,1,Cassipourea gummiflua,wfo-0000589636,Cassipourea gummiflua,Rhizophoraceae,1,1,1,1,1,Cassipourea gummiflua,wfo-0000589636,Cassipourea gummiflua,Rhizophoraceae,exact_unique,exact
Cassipourea malosana,cassipourea malosana,cassipourea malosana,1,1,1,1,1,Cassipourea malosana,wfo-0000589662,Cassipourea malosana,Rhizophoraceae,1,1,1,1,1,Cassipourea malosana,wfo-0000589662,Cassipourea malosana,Rhizophoraceae,exact_unique,exact
Castanea,castanea,castanea,2,2,1,1,1,Castanea,wfo-4000006925,Castanea,Fagaceae,2,2,1,1,1,Castanea,wfo-4000006925,Castanea,Fagaceae,exact_unique,exact
Castanea mollissima,castanea mollissima,castanea mollissima,1,1,1,1,1,Castanea mollissima,wfo-0000811992,Castanea mollissima,Fagaceae,1,1,1,1,1,Castanea mollissima,wfo-0000811992,Castanea mollissima,Fagaceae,exact_unique,exact
Castanea sativa,castanea sativa,castanea sativa,1,1,1,1,1,Castanea sativa,wfo-0000812271,Castanea sativa,Fagaceae,1,1,1,1,1,Castanea sativa,wfo-0000812271,Castanea sativa,Fagaceae,exact_unique,exact
Castanopsis purpurella,castanopsis purpurella,castanopsis purpurella,1,1,1,1,1,Castanopsis purpurella,wfo-0000814888,Castanopsis purpurella,Fagaceae,1,1,1,1,1,Castanopsis purpurella,wfo-0000814888,Castanopsis purpurella,Fagaceae,exact_unique,exact
Castanospermum australe,castanospermum australe,castanospermum australe,2,2,1,1,1,Castanospermum australe,wfo-0001034136,Castanospermum australe,Fabaceae,2,2,1,1,1,Castanospermum australe,wfo-0001034136,Castanospermum australe,Fabaceae,exact_unique,exact
Castela,castela,castela,1,1,1,1,1,Castela,wfo-4000006935,Castela,Simaroubaceae,1,1,1,1,1,Castela,wfo-4000006935,Castela,Simaroubaceae,exact_unique,exact
Castela erecta,castela erecta,castela erecta,1,1,1,1,1,Castela erecta,wfo-0000589932,Castela erecta,Simaroubaceae,1,1,1,1,1,Castela erecta,wfo-0000589932,Castela erecta,Simaroubaceae,exact_unique,exact
Castela texana,castela texana,castela texana,1,1,1,1,1,Castela texana,wfo-0000589958,Castela tortuosa,Simaroubaceae,1,1,1,1,1,Castela texana,wfo-0000589958,Castela tortuosa,Simaroubaceae,exact_unique,exact
Castela tortuosa,castela tortuosa,castela tortuosa,1,1,1,1,1,Castela tortuosa,wfo-0000589958,Castela tortuosa,Simaroubaceae,1,1,1,1,1,Castela tortuosa,wfo-0000589958,Castela tortuosa,Simaroubaceae,exact_unique,exact
Casuarina equisetifolia,casuarina equisetifolia,casuarina equisetifolia,1,1,1,1,1,Casuarina equisetifolia,wfo-0000590663,Casuarina equisetifolia,Casuarinaceae,1,1,1,1,1,Casuarina equisetifolia,wfo-0000590663,Casuarina equisetifolia,Casuarinaceae,exact_unique,exact
Catha edulis,catha edulis,catha edulis,1,1,1,1,1,Catha edulis,wfo-0000590815,Catha edulis,Celastraceae,1,1,1,1,1,Catha edulis,wfo-0000590815,Catha edulis,Celastraceae,exact_unique,exact
Catharanthus roseus,catharanthus roseus,catharanthus roseus,1,1,1,1,1,Catharanthus roseus,wfo-0000819442,Catharanthus roseus,Apocynaceae,1,1,1,1,1,Catharanthus roseus,wfo-0000819442,Catharanthus roseus,Apocynaceae,exact_unique,exact
Cattleya coccinea,cattleya coccinea,cattleya coccinea,1,1,1,1,1,Cattleya coccinea,wfo-0000820898,Cattleya coccinea,Orchidaceae,1,1,1,1,1,Cattleya coccinea,wfo-0000820898,Cattleya coccinea,Orchidaceae,exact_unique,exact
Caustis blakei,caustis blakei,caustis blakei,1,1,1,1,1,Caustis blakei,wfo-0000353015,Caustis blakei,Cyperaceae,1,1,1,1,1,Caustis blakei,wfo-0000353015,Caustis blakei,Cyperaceae,exact_unique,exact
Caustis dioica,caustis dioica,caustis dioica,1,1,1,1,1,Caustis dioica,wfo-0000353017,Caustis dioica,Cyperaceae,1,1,1,1,1,Caustis dioica,wfo-0000353017,Caustis dioica,Cyperaceae,exact_unique,exact
Ceanothus americanus,ceanothus americanus,ceanothus americanus,1,1,1,1,1,Ceanothus americanus,wfo-0000591761,Ceanothus americanus,Rhamnaceae,1,1,1,1,1,Ceanothus americanus,wfo-0000591761,Ceanothus americanus,Rhamnaceae,exact_unique,exact
Ceanothus papillosus,ceanothus papillosus,ceanothus papillosus,1,1,1,1,1,Ceanothus papillosus,wfo-0000592016,Ceanothus papillosus,Rhamnaceae,1,1,1,1,1,Ceanothus papillosus,wfo-0000592016,Ceanothus papillosus,Rhamnaceae,exact_unique,exact
Cecropia glaziovii,cecropia glaziovii,cecropia glaziovii,1,1,1,1,1,Cecropia glaziovii,wfo-0000592227,Cecropia glaziovii,Urticaceae,1,1,1,1,1,Cecropia glaziovii,wfo-0000592227,Cecropia glaziovii,Urticaceae,exact_unique,exact
Cecropia hololeuca,cecropia hololeuca,cecropia hololeuca,1,1,1,1,1,Cecropia hololeuca,wfo-0000592236,Cecropia hololeuca,Urticaceae,1,1,1,1,1,Cecropia hololeuca,wfo-0000592236,Cecropia hololeuca,Urticaceae,exact_unique,exact
Cecropia pachystachya,cecropia pachystachya,cecropia pachystachya,1,1,1,1,1,Cecropia pachystachya,wfo-0000592291,Cecropia pachystachya,Urticaceae,1,1,1,1,1,Cecropia pachystachya,wfo-0000592291,Cecropia pachystachya,Urticaceae,exact_unique,exact
Cedrela fissilis,cedrela fissilis,cedrela fissilis,1,1,1,1,1,Cedrela fissilis,wfo-0000592409,Cedrela fissilis,Meliaceae,1,1,1,1,1,Cedrela fissilis,wfo-0000592409,Cedrela fissilis,Meliaceae,exact_unique,exact
Cedrela mexicana,cedrela mexicana,cedrela mexicana,1,1,1,1,1,Cedrela mexicana,wfo-0000592446,Cedrela odorata,Meliaceae,1,1,1,1,1,Cedrela mexicana,wfo-0000592446,Cedrela odorata,Meliaceae,exact_unique,exact
Cedrela odorata,cedrela odorata,cedrela odorata,2,2,1,1,1,Cedrela odorata,wfo-0000592446,Cedrela odorata,Meliaceae,2,2,1,1,1,Cedrela odorata,wfo-0000592446,Cedrela odorata,Meliaceae,exact_unique,exact
Cedrela sinensis,cedrela sinensis,cedrela sinensis,1,1,1,1,1,Cedrela sinensis,wfo-0000455502,Toona sinensis,Meliaceae,1,1,1,1,1,Cedrela sinensis,wfo-0000455502,Toona sinensis,Meliaceae,exact_unique,exact
Cedrelopsis,cedrelopsis,cedrelopsis,1,1,1,1,1,Cedrelopsis,wfo-4000007113,Cedrelopsis,Rutaceae,1,1,1,1,1,Cedrelopsis,wfo-4000007113,Cedrelopsis,Rutaceae,exact_unique,exact
Cedrelopsis grevei,cedrelopsis grevei,cedrelopsis grevei,2,2,1,1,1,Cedrelopsis grevei,wfo-0000592509,Cedrelopsis grevei,Rutaceae,2,2,1,1,1,Cedrelopsis grevei,wfo-0000592509,Cedrelopsis grevei,Rutaceae,exact_unique,exact
Cedrus deodara,cedrus deodara,cedrus deodara,1,1,1,1,1,Cedrus deodara,wfo-0000592532,Cedrus deodara,Pinaceae,1,1,1,1,1,Cedrus deodara,wfo-0000592532,Cedrus deodara,Pinaceae,exact_unique,exact
Ceiba pentandra,ceiba pentandra,ceiba pentandra,1,1,1,1,1,Ceiba pentandra,wfo-0000592594,Ceiba pentandra,Malvaceae,1,1,1,1,1,Ceiba pentandra,wfo-0000592594,Ceiba pentandra,Malvaceae,exact_unique,exact
Celastrus flagellaris,celastrus flagellaris,celastrus flagellaris,1,1,1,1,1,Celastrus flagellaris,wfo-0000592721,Celastrus flagellaris,Celastraceae,1,1,1,1,1,Celastrus flagellaris,wfo-0000592721,Celastrus flagellaris,Celastraceae,exact_unique,exact
Celastrus orbiculatus,celastrus orbiculatus,celastrus orbiculatus,1,1,1,1,1,Celastrus orbiculatus,wfo-0000592852,Celastrus orbiculatus,Celastraceae,1,1,1,1,1,Celastrus orbiculatus,wfo-0000592852,Celastrus orbiculatus,Celastraceae,exact_unique,exact
Celastrus paniculatus,celastrus paniculatus,celastrus paniculatus,1,1,1,1,1,Celastrus paniculatus,wfo-0000592859,Celastrus paniculatus,Celastraceae,1,1,1,1,1,Celastrus paniculatus,wfo-0000592859,Celastrus paniculatus,Celastraceae,exact_unique,exact
Celosia argentea,celosia argentea,celosia argentea,1,1,1,1,1,Celosia argentea,wfo-0000593019,Celosia argentea,Amaranthaceae,1,1,1,1,1,Celosia argentea,wfo-0000593019,Celosia argentea,Amaranthaceae,exact_unique,exact
Celosia cristata,celosia cristata,celosia cristata,1,1,1,1,1,Celosia cristata,wfo-0000593019,Celosia argentea,Amaranthaceae,1,1,1,1,1,Celosia cristata,wfo-0000593019,Celosia argentea,Amaranthaceae,exact_unique,exact
Centaurea calcitrapa,centaurea calcitrapa,centaurea calcitrapa,2,2,1,1,1,Centaurea calcitrapa,wfo-0000137211,Centaurea calcitrapa,Asteraceae,2,2,1,1,1,Centaurea calcitrapa,wfo-0000137211,Centaurea calcitrapa,Asteraceae,exact_unique,exact
Centaurea cyanus,centaurea cyanus,centaurea cyanus,1,1,1,1,1,Centaurea cyanus,wfo-0000008997,Centaurea cyanus,Asteraceae,1,1,1,1,1,Centaurea cyanus,wfo-0000008997,Centaurea cyanus,Asteraceae,exact_unique,exact
Centaurea pseudoscabiosa,centaurea pseudoscabiosa,centaurea pseudoscabiosa,1,1,1,1,1,Centaurea pseudoscabiosa,wfo-0000041189,Centaurea pseudoscabiosa,Asteraceae,1,1,1,1,1,Centaurea pseudoscabiosa,wfo-0000041189,Centaurea pseudoscabiosa,Asteraceae,exact_unique,exact
Centaurea sicula,centaurea sicula,centaurea sicula,3,3,1,1,1,Centaurea sicula,wfo-0000119562,Centaurea sicula,Asteraceae,3,3,1,1,1,Centaurea sicula,wfo-0000119562,Centaurea sicula,Asteraceae,exact_unique,exact
Centaurea urvillei,centaurea urvillei,centaurea urvillei,1,1,1,1,1,Centaurea urvillei,wfo-0000078581,Centaurea urvillei,Asteraceae,1,1,1,1,1,Centaurea urvillei,wfo-0000078581,Centaurea urvillei,Asteraceae,exact_unique,exact
Centipeda minima,centipeda minima,centipeda minima,1,1,1,1,1,Centipeda minima,wfo-0000113861,Centipeda minima,Asteraceae,1,1,1,1,1,Centipeda minima,wfo-0000113861,Centipeda minima,Asteraceae,exact_unique,exact
Centrolobium,centrolobium,centrolobium,1,1,1,1,1,Centrolobium,wfo-4000007204,Centrolobium,Fabaceae,1,1,1,1,1,Centrolobium,wfo-4000007204,Centrolobium,Fabaceae,exact_unique,exact
Centrolobium paraense,centrolobium paraense,centrolobium paraense,1,1,1,1,1,Centrolobium paraense,wfo-0000171654,Centrolobium paraense,Fabaceae,1,1,1,1,1,Centrolobium paraense,wfo-0000171654,Centrolobium paraense,Fabaceae,exact_unique,exact
Centrolobium robustum,centrolobium robustum,centrolobium robustum,1,1,1,1,1,Centrolobium robustum,wfo-0000174029,Centrolobium robustum,Fabaceae,1,1,1,1,1,Centrolobium robustum,wfo-0000174029,Centrolobium robustum,Fabaceae,exact_unique,exact
Centrolobium sclerophyllum,centrolobium sclerophyllum,centrolobium sclerophyllum,1,1,1,1,1,Centrolobium sclerophyllum,wfo-0000186728,Centrolobium sclerophyllum,Fabaceae,1,1,1,1,1,Centrolobium sclerophyllum,wfo-0000186728,Centrolobium sclerophyllum,Fabaceae,exact_unique,exact
Centrolobium tomentosum,centrolobium tomentosum,centrolobium tomentosum,1,1,1,1,1,Centrolobium tomentosum,wfo-0000174030,Centrolobium tomentosum,Fabaceae,1,1,1,1,1,Centrolobium tomentosum,wfo-0000174030,Centrolobium tomentosum,Fabaceae,exact_unique,exact
Centromadia,centromadia,centromadia,1,1,1,1,1,Centromadia,wfo-4000007205,Centromadia,Asteraceae,1,1,1,1,1,Centromadia,wfo-4000007205,Centromadia,Asteraceae,exact_unique,exact
Centromadia fitchii,centromadia fitchii,centromadia fitchii,1,1,1,1,1,Centromadia fitchii,wfo-0000042487,Centromadia fitchii,Asteraceae,1,1,1,1,1,Centromadia fitchii,wfo-0000042487,Centromadia fitchii,Asteraceae,exact_unique,exact
Centromadia pungens,centromadia pungens,centromadia pungens,1,1,1,1,1,Centromadia pungens,wfo-0000127373,Centromadia pungens,Asteraceae,1,1,1,1,1,Centromadia pungens,wfo-0000127373,Centromadia pungens,Asteraceae,exact_unique,exact
Centrosema haitiense,centrosema haitiense,centrosema haitiense,1,1,1,1,1,Centrosema haitiense,wfo-0000165557,Centrosema haitiense,Fabaceae,1,1,1,1,1,Centrosema haitiense,wfo-0000165557,Centrosema haitiense,Fabaceae,exact_unique,exact
Centrosema pubescens,centrosema pubescens,centrosema pubescens,1,1,1,1,1,Centrosema pubescens,wfo-0000179155,Centrosema pubescens,Fabaceae,1,1,1,1,1,Centrosema pubescens,wfo-0000179155,Centrosema pubescens,Fabaceae,exact_unique,exact
Centrosema schottii,centrosema schottii,centrosema schottii,1,1,1,1,1,Centrosema schottii,wfo-0000165570,Centrosema schottii,Fabaceae,1,1,1,1,1,Centrosema schottii,wfo-0000165570,Centrosema schottii,Fabaceae,exact_unique,exact
Centrosema virginianum,centrosema virginianum,centrosema virginianum,1,1,1,1,1,Centrosema virginianum,wfo-0000179164,Centrosema virginianum,Fabaceae,1,1,1,1,1,Centrosema virginianum,wfo-0000179164,Centrosema virginianum,Fabaceae,exact_unique,exact
Cephalocereus senilis,cephalocereus senilis,cephalocereus senilis,2,2,1,1,1,Cephalocereus senilis,wfo-0000594770,Cephalocereus senilis,Cactaceae,2,2,1,1,1,Cephalocereus senilis,wfo-0000594770,Cephalocereus senilis,Cactaceae,exact_unique,exact
Cephalotaxus harringtonii,cephalotaxus harringtonii,cephalotaxus harringtonii,1,1,1,1,1,Cephalotaxus harringtonii,wfo-0000594960,Cephalotaxus harringtonii,Cephalotaxaceae,1,1,1,1,1,Cephalotaxus harringtonii,wfo-0000594960,Cephalotaxus harringtonii,Cephalotaxaceae,exact_unique,exact
Ceratiola ericoides,ceratiola ericoides,ceratiola ericoides,1,1,1,1,1,Ceratiola ericoides,wfo-0000596330,Ceratiola ericoides,Ericaceae,1,1,1,1,1,Ceratiola ericoides,wfo-0000596330,Ceratiola ericoides,Ericaceae,exact_unique,exact
Ceratostylis himalaica,ceratostylis himalaica,ceratostylis himalaica,1,1,1,1,1,Ceratostylis himalaica,wfo-0000833205,Ceratostylis himalaica,Orchidaceae,1,1,1,1,1,Ceratostylis himalaica,wfo-0000833205,Ceratostylis himalaica,Orchidaceae,exact_unique,exact
Cercidiphyllum japonicum,cercidiphyllum japonicum,cercidiphyllum japonicum,2,2,1,1,1,Cercidiphyllum japonicum,wfo-0000834990,Cercidiphyllum japonicum,Cercidiphyllaceae,2,2,1,1,1,Cercidiphyllum japonicum,wfo-0000834990,Cercidiphyllum japonicum,Cercidiphyllaceae,exact_unique,exact
Cereus senilis,cereus senilis,cereus senilis,1,1,1,1,1,Cereus senilis,wfo-0000594770,Cephalocereus senilis,Cactaceae,1,1,1,1,1,Cereus senilis,wfo-0000594770,Cephalocereus senilis,Cactaceae,exact_unique,exact
Cestrum parqui,cestrum parqui,cestrum parqui,2,2,1,1,1,Cestrum parqui,wfo-0001020770,Cestrum parqui,Solanaceae,2,2,1,1,1,Cestrum parqui,wfo-0001020770,Cestrum parqui,Solanaceae,exact_unique,exact
Chadsia grevei,chadsia grevei,chadsia grevei,1,1,1,1,1,Chadsia grevei,wfo-0000185938,Chadsia grevei,Fabaceae,1,1,1,1,1,Chadsia grevei,wfo-0000185938,Chadsia grevei,Fabaceae,exact_unique,exact
Chaenomeles japonica,chaenomeles japonica,chaenomeles japonica,2,2,1,1,1,Chaenomeles japonica,wfo-0001003367,Chaenomeles japonica,Rosaceae,2,2,1,1,1,Chaenomeles japonica,wfo-0001003367,Chaenomeles japonica,Rosaceae,exact_unique,exact
Chaenomeles sinensis,chaenomeles sinensis,chaenomeles sinensis,1,1,1,1,1,Chaenomeles sinensis,wfo-0001014223,Pseudocydonia sinensis,Rosaceae,1,1,1,1,1,Chaenomeles sinensis,wfo-0001014223,Pseudocydonia sinensis,Rosaceae,exact_unique,exact
Chamaecrista dimidiata,chamaecrista dimidiata,chamaecrista dimidiata,1,1,1,1,1,Chamaecrista dimidiata,wfo-0001445129,Chamaecrista nomame var. nomame,Fabaceae,1,1,1,1,1,Chamaecrista dimidiata,wfo-0001445129,Chamaecrista nomame var. nomame,Fabaceae,exact_unique,exact
Chamaecrista nomame,chamaecrista nomame,chamaecrista nomame,1,1,1,1,1,Chamaecrista nomame,wfo-0000186843,Chamaecrista nomame,Fabaceae,1,1,1,1,1,Chamaecrista nomame,wfo-0000186843,Chamaecrista nomame,Fabaceae,exact_unique,exact
Chamaecyparis formosensis,chamaecyparis formosensis,chamaecyparis formosensis,1,1,1,1,1,Chamaecyparis formosensis,wfo-0000599448,Chamaecyparis formosensis,Cupressaceae,1,1,1,1,1,Chamaecyparis formosensis,wfo-0000599448,Chamaecyparis formosensis,Cupressaceae,exact_unique,exact
Chamaecyparis obtusa,chamaecyparis obtusa,chamaecyparis obtusa,1,1,1,1,1,Chamaecyparis obtusa,wfo-0000599468,Chamaecyparis obtusa,Cupressaceae,1,1,1,1,1,Chamaecyparis obtusa,wfo-0000599468,Chamaecyparis obtusa,Cupressaceae,exact_unique,exact
Chamaecyparis pisifera,chamaecyparis pisifera,chamaecyparis pisifera,1,1,1,1,1,Chamaecyparis pisifera,wfo-0000599479,Chamaecyparis pisifera,Cupressaceae,1,1,1,1,1,Chamaecyparis pisifera,wfo-0000599479,Chamaecyparis pisifera,Cupressaceae,exact_unique,exact
Chamaecytisus hirsutus,chamaecytisus hirsutus,chamaecytisus hirsutus,1,1,1,1,1,Chamaecytisus hirsutus,wfo-0000213656,Chamaecytisus hirsutus,Fabaceae,1,1,1,1,1,Chamaecytisus hirsutus,wfo-0000213656,Chamaecytisus hirsutus,Fabaceae,exact_unique,exact
Chamaecytisus supinus,chamaecytisus supinus,chamaecytisus supinus,1,1,1,1,1,Chamaecytisus supinus,wfo-0000213676,Chamaecytisus supinus,Fabaceae,1,1,1,1,1,Chamaecytisus supinus,wfo-0000213676,Chamaecytisus supinus,Fabaceae,exact_unique,exact
Chamerion,chamerion,chamerion,1,1,1,1,1,Chamerion,wfo-4000013609,Epilobium,Onagraceae,1,1,1,1,1,Chamerion,wfo-4000013609,Epilobium,Onagraceae,exact_unique,exact
Chamerion angustifolium,chamerion angustifolium,chamerion angustifolium,1,1,1,1,1,Chamerion angustifolium,wfo-0000668750,Epilobium angustifolium,Onagraceae,1,1,1,1,1,Chamerion angustifolium,wfo-0000668750,Epilobium angustifolium,Onagraceae,exact_unique,exact
Chengiopanax sciadophylloides,chengiopanax sciadophylloides,chengiopanax sciadophylloides,1,1,1,1,1,Chengiopanax sciadophylloides,wfo-0000843020,Chengiopanax sciadophylloides,Araliaceae,1,1,1,1,1,Chengiopanax sciadophylloides,wfo-0000843020,Chengiopanax sciadophylloides,Araliaceae,exact_unique,exact
Chenopodium ambrosioides,chenopodium ambrosioides,chenopodium ambrosioides,1,1,1,1,1,Chenopodium ambrosioides,wfo-0000658867,Dysphania ambrosioides,Amaranthaceae,1,1,1,1,1,Chenopodium ambrosioides,wfo-0000658867,Dysphania ambrosioides,Amaranthaceae,exact_unique,exact
Chenopodium vulvaria,chenopodium vulvaria,chenopodium vulvaria,1,1,1,1,1,Chenopodium vulvaria,wfo-0000601914,Chenopodium vulvaria,Amaranthaceae,1,1,1,1,1,Chenopodium vulvaria,wfo-0000601914,Chenopodium vulvaria,Amaranthaceae,exact_unique,exact
Chesniella mongolica,chesniella mongolica,chesniella mongolica,1,1,1,1,1,Chesniella mongolica,wfo-0000198252,Chesneya mongolica,Fabaceae,1,1,1,1,1,Chesniella mongolica,wfo-0000198252,Chesneya mongolica,Fabaceae,exact_unique,exact
Chimarrhis turbinata,chimarrhis turbinata,chimarrhis turbinata,1,1,1,1,1,Chimarrhis turbinata,wfo-0000844722,Chimarrhis turbinata,Rubiaceae,1,1,1,1,1,Chimarrhis turbinata,wfo-0000844722,Chimarrhis turbinata,Rubiaceae,exact_unique,exact
Chiococca alba,chiococca alba,chiococca alba,1,1,1,1,1,Chiococca alba,wfo-0000844784,Chiococca alba,Rubiaceae,1,1,1,1,1,Chiococca alba,wfo-0000844784,Chiococca alba,Rubiaceae,exact_unique,exact
Chionodoxa luciliae,chionodoxa luciliae,chionodoxa luciliae,1,1,1,1,1,Chionodoxa luciliae,wfo-0000741001,Scilla luciliae,Asparagaceae,1,1,1,1,1,Chionodoxa luciliae,wfo-0000741001,Scilla luciliae,Asparagaceae,exact_unique,exact
Chromolaena connivens,chromolaena connivens,chromolaena connivens,1,1,1,1,1,Chromolaena connivens,wfo-0000037204,Chromolaena connivens,Asteraceae,1,1,1,1,1,Chromolaena connivens,wfo-0000037204,Chromolaena connivens,Asteraceae,exact_unique,exact
Chromolaena farinosa,chromolaena farinosa,chromolaena farinosa,1,1,1,1,1,Chromolaena farinosa,wfo-0000121177,Chromolaena farinosa,Asteraceae,1,1,1,1,1,Chromolaena farinosa,wfo-0000121177,Chromolaena farinosa,Asteraceae,exact_unique,exact
Chromolaena odorata,chromolaena odorata,chromolaena odorata,1,1,1,1,1,Chromolaena odorata,wfo-0000067484,Chromolaena odorata,Asteraceae,1,1,1,1,1,Chromolaena odorata,wfo-0000067484,Chromolaena odorata,Asteraceae,exact_unique,exact
Chromolaena subscandens,chromolaena subscandens,chromolaena subscandens,1,1,1,1,1,Chromolaena subscandens,wfo-0000116364,Chromolaena subscandens,Asteraceae,1,1,1,1,1,Chromolaena subscandens,wfo-0000116364,Chromolaena subscandens,Asteraceae,exact_unique,exact
Chromolaena tunariensis,chromolaena tunariensis,chromolaena tunariensis,1,1,1,1,1,Chromolaena tunariensis,wfo-0000023777,Chromolaena tunariensis,Asteraceae,1,1,1,1,1,Chromolaena tunariensis,wfo-0000023777,Chromolaena tunariensis,Asteraceae,exact_unique,exact
Chromolaena tyleri,chromolaena tyleri,chromolaena tyleri,1,1,1,1,1,Chromolaena tyleri,wfo-0000092425,Chromolaena tyleri,Asteraceae,1,1,1,1,1,Chromolaena tyleri,wfo-0000092425,Chromolaena tyleri,Asteraceae,exact_unique,exact
Chrozophora tinctoria,chrozophora tinctoria,chrozophora tinctoria,1,1,1,1,1,Chrozophora tinctoria,wfo-0000852775,Chrozophora tinctoria,Euphorbiaceae,1,1,1,1,1,Chrozophora tinctoria,wfo-0000852775,Chrozophora tinctoria,Euphorbiaceae,exact_unique,exact
Chrysanthemum indicum,chrysanthemum indicum,chrysanthemum indicum,2,2,1,1,1,Chrysanthemum indicum,wfo-0000041005,Chrysanthemum indicum,Asteraceae,2,2,1,1,1,Chrysanthemum indicum,wfo-0000041005,Chrysanthemum indicum,Asteraceae,exact_unique,exact
Chrysanthemum morifolium,chrysanthemum morifolium,chrysanthemum morifolium,1,1,1,1,1,Chrysanthemum morifolium,wfo-0000031162,Chrysanthemum morifolium,Asteraceae,1,1,1,1,1,Chrysanthemum morifolium,wfo-0000031162,Chrysanthemum morifolium,Asteraceae,exact_unique,exact
Chrysanthemum naktongense,chrysanthemum naktongense,chrysanthemum naktongense,1,1,1,1,1,Chrysanthemum naktongense,wfo-0000069207,Chrysanthemum naktongense,Asteraceae,1,1,1,1,1,Chrysanthemum naktongense,wfo-0000069207,Chrysanthemum naktongense,Asteraceae,exact_unique,exact
Chrysocephalum ambiguum,chrysocephalum ambiguum,chrysocephalum ambiguum,1,1,1,1,1,Chrysocephalum ambiguum,wfo-0000043559,Leiocarpa semicalva,Asteraceae,1,1,1,1,1,Chrysocephalum ambiguum,wfo-0000043559,Leiocarpa semicalva,Asteraceae,exact_unique,exact
Chrysophyllum africanum,chrysophyllum africanum,chrysophyllum africanum,1,1,1,1,1,Chrysophyllum africanum,wfo-0000970690,Gambeya africana,Sapotaceae,1,1,1,1,1,Chrysophyllum africanum,wfo-0000970690,Gambeya africana,Sapotaceae,exact_unique,exact
Chrysophyllum cainito,chrysophyllum cainito,chrysophyllum cainito,1,1,1,1,1,Chrysophyllum cainito,wfo-0000854556,Chrysophyllum cainito,Sapotaceae,1,1,1,1,1,Chrysophyllum cainito,wfo-0000854556,Chrysophyllum cainito,Sapotaceae,exact_unique,exact
Chrysophyllum marginatum,chrysophyllum marginatum,chrysophyllum marginatum,1,1,1,1,1,Chrysophyllum marginatum,wfo-0000856242,Chrysophyllum marginatum,Sapotaceae,1,1,1,1,1,Chrysophyllum marginatum,wfo-0000856242,Chrysophyllum marginatum,Sapotaceae,exact_unique,exact
Chrysophyllum perpulchrum,chrysophyllum perpulchrum,chrysophyllum perpulchrum,1,1,1,1,1,Chrysophyllum perpulchrum,wfo-0000970711,Gambeya perpulchra,Sapotaceae,1,1,1,1,1,Chrysophyllum perpulchrum,wfo-0000970711,Gambeya perpulchra,Sapotaceae,exact_unique,exact
Chrysosplenium flagelliferum,chrysosplenium flagelliferum,chrysosplenium flagelliferum,1,1,1,1,1,Chrysosplenium flagelliferum,wfo-0000603963,Chrysosplenium flagelliferum,Saxifragaceae,1,1,1,1,1,Chrysosplenium flagelliferum,wfo-0000603963,Chrysosplenium flagelliferum,Saxifragaceae,exact_unique,exact
Chrysothamnus humilis,chrysothamnus humilis,chrysothamnus humilis,1,1,1,1,1,Chrysothamnus humilis,wfo-0000022738,Chrysothamnus humilis,Asteraceae,1,1,1,1,1,Chrysothamnus humilis,wfo-0000022738,Chrysothamnus humilis,Asteraceae,exact_unique,exact
Chrysothamnus viscidiflorus,chrysothamnus viscidiflorus,chrysothamnus viscidiflorus,1,1,1,1,1,Chrysothamnus viscidiflorus,wfo-0000062835,Chrysothamnus viscidiflorus,Asteraceae,1,1,1,1,1,Chrysothamnus viscidiflorus,wfo-0000062835,Chrysothamnus viscidiflorus,Asteraceae,exact_unique,exact
Cicer,cicer,cicer,1,1,1,1,1,Cicer,wfo-4000008302,Cicer,Fabaceae,1,1,1,1,1,Cicer,wfo-4000008302,Cicer,Fabaceae,exact_unique,exact
Cicer anatolicum,cicer anatolicum,cicer anatolicum,1,1,1,1,1,Cicer anatolicum,wfo-0000185213,Cicer anatolicum,Fabaceae,1,1,1,1,1,Cicer anatolicum,wfo-0000185213,Cicer anatolicum,Fabaceae,exact_unique,exact
Cicer arietinum,cicer arietinum,cicer arietinum,1,1,1,1,1,Cicer arietinum,wfo-0000196617,Cicer arietinum,Fabaceae,1,1,1,1,1,Cicer arietinum,wfo-0000196617,Cicer arietinum,Fabaceae,exact_unique,exact
Cicer baldshuanicum,cicer baldshuanicum,cicer baldshuanicum,1,1,1,1,1,Cicer baldshuanicum,wfo-0000207351,Cicer baldshuanicum,Fabaceae,1,1,1,1,1,Cicer baldshuanicum,wfo-0000207351,Cicer baldshuanicum,Fabaceae,exact_unique,exact
Cicer bijugum,cicer bijugum,cicer bijugum,1,1,1,1,1,Cicer bijugum,wfo-0000185214,Cicer bijugum,Fabaceae,1,1,1,1,1,Cicer bijugum,wfo-0000185214,Cicer bijugum,Fabaceae,exact_unique,exact
Cicer canariense,cicer canariense,cicer canariense,1,1,1,1,1,Cicer canariense,wfo-0000196635,Cicer canariense,Fabaceae,1,1,1,1,1,Cicer canariense,wfo-0000196635,Cicer canariense,Fabaceae,exact_unique,exact
Cicer chorassanicum,cicer chorassanicum,cicer chorassanicum,1,1,1,1,1,Cicer chorassanicum,wfo-0001059057,Cicer chorassanicum,Fabaceae,1,1,1,1,1,Cicer chorassanicum,wfo-0001059057,Cicer chorassanicum,Fabaceae,exact_unique,exact
Cicer cuneatum,cicer cuneatum,cicer cuneatum,1,1,1,1,1,Cicer cuneatum,wfo-0000196646,Cicer cuneatum,Fabaceae,1,1,1,1,1,Cicer cuneatum,wfo-0000196646,Cicer cuneatum,Fabaceae,exact_unique,exact
Cicer echinospermum,cicer echinospermum,cicer echinospermum,1,1,1,1,1,Cicer echinospermum,wfo-0000185216,Cicer echinospermum,Fabaceae,1,1,1,1,1,Cicer echinospermum,wfo-0000185216,Cicer echinospermum,Fabaceae,exact_unique,exact
Cicer flexuosum,cicer flexuosum,cicer flexuosum,1,1,1,1,1,Cicer flexuosum,wfo-0000186162,Cicer flexuosum,Fabaceae,1,1,1,1,1,Cicer flexuosum,wfo-0000186162,Cicer flexuosum,Fabaceae,exact_unique,exact
Cicer judaicum,cicer judaicum,cicer judaicum,1,1,1,1,1,Cicer judaicum,wfo-0000185225,Cicer judaicum,Fabaceae,1,1,1,1,1,Cicer judaicum,wfo-0000185225,Cicer judaicum,Fabaceae,exact_unique,exact
Cicer macracanthum,cicer macracanthum,cicer macracanthum,1,1,1,1,1,Cicer macracanthum,wfo-0000185217,Cicer macracanthum,Fabaceae,1,1,1,1,1,Cicer macracanthum,wfo-0000185217,Cicer macracanthum,Fabaceae,exact_unique,exact
Cicer microphyllum,cicer microphyllum,cicer microphyllum,1,1,1,1,1,Cicer microphyllum,wfo-0000189150,Cicer microphyllum,Fabaceae,1,1,1,1,1,Cicer microphyllum,wfo-0000189150,Cicer microphyllum,Fabaceae,exact_unique,exact
Cicer mogoltavicum,cicer mogoltavicum,cicer mogoltavicum,1,1,1,1,1,Cicer mogoltavicum,wfo-0000207363,Cicer mogoltavicum,Fabaceae,1,1,1,1,1,Cicer mogoltavicum,wfo-0000207363,Cicer mogoltavicum,Fabaceae,exact_unique,exact
Cicer montbretii,cicer montbretii,cicer montbretii,1,1,1,1,1,Cicer montbretii,wfo-0000213682,Cicer montbretii,Fabaceae,1,1,1,1,1,Cicer montbretii,wfo-0000213682,Cicer montbretii,Fabaceae,exact_unique,exact
Cicer nuristanicum,cicer nuristanicum,cicer nuristanicum,1,1,1,1,1,Cicer nuristanicum,wfo-0000204289,Cicer nuristanicum,Fabaceae,1,1,1,1,1,Cicer nuristanicum,wfo-0000204289,Cicer nuristanicum,Fabaceae,exact_unique,exact
Cicer pinnatifidum,cicer pinnatifidum,cicer pinnatifidum,1,1,1,1,1,Cicer pinnatifidum,wfo-0000185221,Cicer pinnatifidum,Fabaceae,1,1,1,1,1,Cicer pinnatifidum,wfo-0000185221,Cicer pinnatifidum,Fabaceae,exact_unique,exact
Cicer pungens,cicer pungens,cicer pungens,1,1,1,1,1,Cicer pungens,wfo-0000185218,Cicer pungens,Fabaceae,1,1,1,1,1,Cicer pungens,wfo-0000185218,Cicer pungens,Fabaceae,exact_unique,exact
Cicer rechingeri,cicer rechingeri,cicer rechingeri,1,1,1,1,1,Cicer rechingeri,wfo-0000185219,Cicer rechingeri,Fabaceae,1,1,1,1,1,Cicer rechingeri,wfo-0000185219,Cicer rechingeri,Fabaceae,exact_unique,exact
Cicer reticulatum,cicer reticulatum,cicer reticulatum,1,1,1,1,1,Cicer reticulatum,wfo-1200024028,Cicer arietinum subsp. reticulatum,Fabaceae,1,1,1,1,1,Cicer reticulatum,wfo-1200024028,Cicer arietinum subsp. reticulatum,Fabaceae,exact_unique,exact
Cicer tragacanthoides,cicer tragacanthoides,cicer tragacanthoides,1,1,1,1,1,Cicer tragacanthoides,wfo-0000189154,Cicer tragacanthoides,Fabaceae,1,1,1,1,1,Cicer tragacanthoides,wfo-0000189154,Cicer tragacanthoides,Fabaceae,exact_unique,exact
Cicer yamashitae,cicer yamashitae,cicer yamashitae,1,1,1,1,1,Cicer yamashitae,wfo-0000185220,Cicer yamashitae,Fabaceae,1,1,1,1,1,Cicer yamashitae,wfo-0000185220,Cicer yamashitae,Fabaceae,exact_unique,exact
Cinchona succirubra,cinchona succirubra,cinchona succirubra,1,1,1,1,1,Cinchona succirubra,wfo-0000862489,Cinchona pubescens,Rubiaceae,1,1,1,1,1,Cinchona succirubra,wfo-0000862489,Cinchona pubescens,Rubiaceae,exact_unique,exact
Cinnamomum,cinnamomum,cinnamomum,1,1,1,1,1,Cinnamomum,wfo-4000008342,Cinnamomum,Lauraceae,1,1,1,1,1,Cinnamomum,wfo-4000008342,Cinnamomum,Lauraceae,exact_unique,exact
Cinnamomum bejolghota,cinnamomum bejolghota,cinnamomum bejolghota,1,1,1,1,1,Cinnamomum bejolghota,wfo-0000604917,Cinnamomum bejolghota,Lauraceae,1,1,1,1,1,Cinnamomum bejolghota,wfo-0000604917,Cinnamomum bejolghota,Lauraceae,exact_unique,exact
Cinnamomum camphora,cinnamomum camphora,cinnamomum camphora,1,1,1,1,1,Cinnamomum camphora,wfo-0000604955,Cinnamomum camphora,Lauraceae,1,1,1,1,1,Cinnamomum camphora,wfo-0000604955,Cinnamomum camphora,Lauraceae,exact_unique,exact
Cinnamomum kotoense,cinnamomum kotoense,cinnamomum kotoense,1,1,1,1,1,Cinnamomum kotoense,wfo-0000605164,Cinnamomum kotoense,Lauraceae,1,1,1,1,1,Cinnamomum kotoense,wfo-0000605164,Cinnamomum kotoense,Lauraceae,exact_unique,exact
Cinnamomum philippinense,cinnamomum philippinense,cinnamomum philippinense,1,1,1,1,1,Cinnamomum philippinense,wfo-0000605336,Cinnamomum philippinense,Lauraceae,1,1,1,1,1,Cinnamomum philippinense,wfo-0000605336,Cinnamomum philippinense,Lauraceae,exact_unique,exact
Cinnamomum subavenium,cinnamomum subavenium,cinnamomum subavenium,1,1,1,1,1,Cinnamomum subavenium,wfo-0000605450,Cinnamomum subavenium,Lauraceae,1,1,1,1,1,Cinnamomum subavenium,wfo-0000605450,Cinnamomum subavenium,Lauraceae,exact_unique,exact
Cinnamomum tenuifolium,cinnamomum tenuifolium,cinnamomum tenuifolium,1,1,1,1,1,Cinnamomum tenuifolium,wfo-0000604993,Cinnamomum chekiangense,Lauraceae,1,1,1,1,1,Cinnamomum tenuifolium,wfo-0000604993,Cinnamomum chekiangense,Lauraceae,exact_unique,exact
Cinnamomum triplinerve,cinnamomum triplinerve,cinnamomum triplinerve,1,1,1,1,1,Cinnamomum triplinerve,wfo-0001421696,Aiouea montana,Lauraceae,1,1,1,1,1,Cinnamomum triplinerve,wfo-0001421696,Aiouea montana,Lauraceae,exact_unique,exact
Cinnamomum verum,cinnamomum verum,cinnamomum verum,1,1,1,1,1,Cinnamomum verum,wfo-0000605512,Cinnamomum verum,Lauraceae,1,1,1,1,1,Cinnamomum verum,wfo-0000605512,Cinnamomum verum,Lauraceae,exact_unique,exact
Cinnamomum zeylanicum,cinnamomum zeylanicum,cinnamomum zeylanicum,2,2,1,1,1,Cinnamomum zeylanicum,wfo-0000605512,Cinnamomum verum,Lauraceae,3,3,1,1,1,Cinnamomum zeylanicum | Cinnamomum zeylanicum unranked chartaceum,wfo-0000605512,Cinnamomum verum,Lauraceae,exact_unique,exact
Cirsium arvense,cirsium arvense,cirsium arvense,1,1,1,1,1,Cirsium arvense,wfo-0000006870,Cirsium arvense,Asteraceae,1,1,1,1,1,Cirsium arvense,wfo-0000006870,Cirsium arvense,Asteraceae,exact_unique,exact
Cissus rheifolia,cissus rheifolia,cissus rheifolia,1,1,1,1,1,Cissus rheifolia,wfo-0000606761,Cissus rheifolia,Vitaceae,1,1,1,1,1,Cissus rheifolia,wfo-0000606761,Cissus rheifolia,Vitaceae,exact_unique,exact
Cissus verticillata,cissus verticillata,cissus verticillata,1,1,1,1,1,Cissus verticillata,wfo-0000607033,Cissus verticillata,Vitaceae,1,1,1,1,1,Cissus verticillata,wfo-0000607033,Cissus verticillata,Vitaceae,exact_unique,exact
Cistus creticus,cistus creticus,cistus creticus,1,1,1,1,1,Cistus creticus,wfo-0000607281,Cistus creticus,Cistaceae,1,1,1,1,1,Cistus creticus,wfo-0000607281,Cistus creticus,Cistaceae,exact_unique,exact
Cistus laurifolius,cistus laurifolius,cistus laurifolius,1,1,1,1,1,Cistus laurifolius,wfo-0000607419,Cistus laurifolius,Cistaceae,1,1,1,1,1,Cistus laurifolius,wfo-0000607419,Cistus laurifolius,Cistaceae,exact_unique,exact
Citrus,citrus,citrus,1,1,1,1,1,Citrus,wfo-4000008411,Citrus,Rutaceae,1,1,1,1,1,Citrus,wfo-4000008411,Citrus,Rutaceae,exact_unique,exact
Citrus aurantiifolia,citrus aurantiifolia,citrus aurantiifolia,1,1,1,1,1,Citrus aurantiifolia,wfo-0001242548,Citrus aurantiifolia,Rutaceae,1,1,1,1,1,Citrus aurantiifolia,wfo-0001242548,Citrus aurantiifolia,Rutaceae,exact_unique,exact
Citrus australasica,citrus australasica,citrus australasica,1,1,1,1,1,Citrus australasica,wfo-0000607946,Citrus australasica,Rutaceae,1,1,1,1,1,Citrus australasica,wfo-0000607946,Citrus australasica,Rutaceae,exact_unique,exact
Citrus cavaleriei,citrus cavaleriei,citrus cavaleriei,1,1,1,1,1,Citrus cavaleriei,wfo-0000607966,Citrus cavaleriei,Rutaceae,1,1,1,1,1,Citrus cavaleriei,wfo-0000607966,Citrus cavaleriei,Rutaceae,exact_unique,exact
Citrus excelsa,citrus excelsa,citrus excelsa,1,1,1,1,1,Citrus excelsa,wfo-0001242548,Citrus aurantiifolia,Rutaceae,1,1,1,1,1,Citrus excelsa,wfo-0001242548,Citrus aurantiifolia,Rutaceae,exact_unique,exact
Citrus funadoko,citrus funadoko,citrus funadoko,1,1,1,1,1,Citrus funadoko,wfo-1200112333,Citrus × aurantium nothof. aurantium,Rutaceae,1,1,1,1,1,Citrus funadoko,wfo-1200112333,Citrus × aurantium nothof. aurantium,Rutaceae,exact_unique,exact
Citrus glauca,citrus glauca,citrus glauca,1,1,1,1,1,Citrus glauca,wfo-0000608023,Citrus glauca,Rutaceae,1,1,1,1,1,Citrus glauca,wfo-0000608023,Citrus glauca,Rutaceae,exact_unique,exact
Citrus grandis,citrus grandis,citrus grandis,1,1,1,1,1,Citrus grandis,wfo-0000608138,Citrus maxima,Rutaceae,1,1,1,1,1,Citrus grandis,wfo-0000608138,Citrus maxima,Rutaceae,exact_unique,exact
Citrus hassaku,citrus hassaku,citrus hassaku,1,1,1,1,1,Citrus hassaku,wfo-0000608140,Citrus medica,Rutaceae,1,1,1,1,1,Citrus hassaku,wfo-0000608140,Citrus medica,Rutaceae,exact_unique,exact
Citrus hystrix,citrus hystrix,citrus hystrix,1,1,1,1,1,Citrus hystrix,wfo-0000608056,Citrus hystrix,Rutaceae,1,1,1,1,1,Citrus hystrix,wfo-0000608056,Citrus hystrix,Rutaceae,exact_unique,exact
Citrus inodora,citrus inodora,citrus inodora,1,1,1,1,1,Citrus inodora,wfo-0000608072,Citrus inodora,Rutaceae,1,1,1,1,1,Citrus inodora,wfo-0000608072,Citrus inodora,Rutaceae,exact_unique,exact
Citrus japonica,citrus japonica,citrus japonica,1,1,1,1,1,Citrus japonica,wfo-0000608080,Citrus japonica,Rutaceae,3,3,1,1,1,Citrus japonica | Citrus japonica subf. crassifolia | Citrus japonica subf. hindsii,wfo-0000608080,Citrus japonica,Rutaceae,exact_unique,exact
Citrus limon,citrus limon,citrus limon,1,1,1,1,1,Citrus limon,wfo-0001133139,Citrus limon,Rutaceae,1,1,1,1,1,Citrus limon,wfo-0001133139,Citrus limon,Rutaceae,exact_unique,exact
Citrus limonia,citrus limonia,citrus limonia,1,1,1,1,1,Citrus limonia,wfo-0001133139,Citrus limon,Rutaceae,1,1,1,1,1,Citrus limonia,wfo-0001133139,Citrus limon,Rutaceae,exact_unique,exact
Citrus longispina,citrus longispina,citrus longispina,1,1,1,1,1,Citrus longispina,wfo-0001242548,Citrus aurantiifolia,Rutaceae,1,1,1,1,1,Citrus longispina,wfo-0001242548,Citrus aurantiifolia,Rutaceae,exact_unique,exact
Citrus macrophylla,citrus macrophylla,citrus macrophylla,1,1,1,1,1,Citrus macrophylla,wfo-0001242548,Citrus aurantiifolia,Rutaceae,1,1,1,1,1,Citrus macrophylla,wfo-0001242548,Citrus aurantiifolia,Rutaceae,exact_unique,exact
Citrus maxima,citrus maxima,citrus maxima,1,1,1,1,1,Citrus maxima,wfo-0000608138,Citrus maxima,Rutaceae,1,1,1,1,1,Citrus maxima,wfo-0000608138,Citrus maxima,Rutaceae,exact_unique,exact
Citrus medica,citrus medica,citrus medica,1,1,1,1,1,Citrus medica,wfo-0000608140,Citrus medica,Rutaceae,7,7,1,1,1,Citrus medica | Citrus medica subf. aurea | Citrus medica subf. dulcis | Citrus medica subf. hassaku | Citrus medica subf. hiroshimana | Citrus medica subf. kizu | Citrus medica subf. pyriformis,wfo-0000608140,Citrus medica,Rutaceae,exact_unique,exact
Citrus microcarpa,citrus microcarpa,citrus microcarpa,2,2,1,1,1,Citrus microcarpa,wfo-0000608080,Citrus japonica,Rutaceae,2,2,1,1,1,Citrus microcarpa,wfo-0000608080,Citrus japonica,Rutaceae,exact_unique,exact
Citrus natsudaidai,citrus natsudaidai,citrus natsudaidai,1,1,1,1,1,Citrus natsudaidai,wfo-1200112333,Citrus × aurantium nothof. aurantium,Rutaceae,1,1,1,1,1,Citrus natsudaidai,wfo-1200112333,Citrus × aurantium nothof. aurantium,Rutaceae,exact_unique,exact
Citrus nobilis,citrus nobilis,citrus nobilis,1,1,1,1,1,Citrus nobilis,wfo-1200112333,Citrus × aurantium nothof. aurantium,Rutaceae,28,28,3,3,1,Citrus nobilis | Citrus nobilis subf. benikoji | Citrus nobilis subf. deliciosa | Citrus nobilis subf. erythrosa | Citrus nobilis subf. funadoko | Citrus nobilis subf. genshokan | Citrus nobilis subf. haili | Citrus nobilis subf. hayashi-unshu | Citrus nobilis subf. ishikawa-unshu | Citrus nobilis subf. iwaikan | Citrus nobilis subf. jyuma-unshu | Citrus nobilis subf. keraji | Citrus nobilis subf. kinokuni | Citrus nobilis subf. koshotankan | Citrus nobilis subf. kotokan | Citrus nobilis subf. mitsuharu | Citrus nobilis subf. miyagawa-wase | Citrus nobilis subf. pseudograndis | Citrus nobilis subf. reticulata | Citrus nobilis subf. rokugatsu | Citrus nobilis subf. rubrifrons | Citrus nobilis subf. succosa | Citrus nobilis subf. sugiyama-unshu | Citrus nobilis subf. tachimawase | Citrus nobilis subf. tankan | Citrus nobilis subf. unshiu | Citrus nobilis subf. yatsushiro | Citrus nobilis subf. yonezawa-unshu,wfo-0000607914 | wfo-0000608241 | wfo-1200112333,Citrus × aurantium nothof. aurantium | Citrus × aurantium nothof. deliciosa | Citrus reticulata,Rutaceae,exact_unique,exact
Citrus paradisi,citrus paradisi,citrus paradisi,1,1,1,1,1,Citrus paradisi,wfo-1200112333,Citrus × aurantium nothof. aurantium,Rutaceae,1,1,1,1,1,Citrus paradisi,wfo-1200112333,Citrus × aurantium nothof. aurantium,Rutaceae,exact_unique,exact
Citrus reticulata,citrus reticulata,citrus reticulata,1,1,1,1,1,Citrus reticulata,wfo-0000608241,Citrus reticulata,Rutaceae,1,1,1,1,1,Citrus reticulata,wfo-0000608241,Citrus reticulata,Rutaceae,exact_unique,exact
Citrus sinensis,citrus sinensis,citrus sinensis,1,1,1,1,1,Citrus sinensis,wfo-1200112333,Citrus × aurantium nothof. aurantium,Rutaceae,1,1,1,1,1,Citrus sinensis,wfo-1200112333,Citrus × aurantium nothof. aurantium,Rutaceae,exact_unique,exact
Citrus sulcata,citrus sulcata,citrus sulcata,2,2,1,1,1,Citrus sulcata,wfo-0000607909,Citrus × aurantium,Rutaceae,2,2,1,1,1,Citrus sulcata,wfo-0000607909,Citrus × aurantium,Rutaceae,exact_unique,exact
Citrus tengu,citrus tengu,citrus tengu,1,1,1,1,1,Citrus tengu,wfo-1200112333,Citrus × aurantium nothof. aurantium,Rutaceae,1,1,1,1,1,Citrus tengu,wfo-1200112333,Citrus × aurantium nothof. aurantium,Rutaceae,exact_unique,exact
Citrus trifoliata,citrus trifoliata,citrus trifoliata,1,1,1,1,1,Citrus trifoliata,wfo-0000608305,Citrus trifoliata,Rutaceae,2,2,1,1,1,Citrus trifoliata | Citrus trifoliata subf. monstrosa,wfo-0000608305,Citrus trifoliata,Rutaceae,exact_unique,exact
Citrus ujukitsu,citrus ujukitsu,citrus ujukitsu,1,1,1,1,1,Citrus ujukitsu,wfo-1200112333,Citrus × aurantium nothof. aurantium,Rutaceae,1,1,1,1,1,Citrus ujukitsu,wfo-1200112333,Citrus × aurantium nothof. aurantium,Rutaceae,exact_unique,exact
Cladium mariscus,cladium mariscus,cladium mariscus,2,2,1,1,1,Cladium mariscus,wfo-0000356458,Cladium mariscus,Cyperaceae,2,2,1,1,1,Cladium mariscus,wfo-0000356458,Cladium mariscus,Cyperaceae,exact_unique,exact
Cladrastis,cladrastis,cladrastis,1,1,1,1,1,Cladrastis,wfo-4000008456,Cladrastis,Fabaceae,1,1,1,1,1,Cladrastis,wfo-4000008456,Cladrastis,Fabaceae,exact_unique,exact
Cladrastis kentukea,cladrastis kentukea,cladrastis kentukea,1,1,1,1,1,Cladrastis kentukea,wfo-0000164323,Cladrastis kentukea,Fabaceae,1,1,1,1,1,Cladrastis kentukea,wfo-0000164323,Cladrastis kentukea,Fabaceae,exact_unique,exact
Cladrastis platycarpa,cladrastis platycarpa,cladrastis platycarpa,1,1,1,1,1,Cladrastis platycarpa,wfo-0000192412,Platyosprion platycarpum,Fabaceae,1,1,1,1,1,Cladrastis platycarpa,wfo-0000192412,Platyosprion platycarpum,Fabaceae,exact_unique,exact
Clarkia speciosa,clarkia speciosa,clarkia speciosa,1,1,1,1,1,Clarkia speciosa,wfo-0000608586,Clarkia speciosa,Onagraceae,1,1,1,1,1,Clarkia speciosa,wfo-0000608586,Clarkia speciosa,Onagraceae,exact_unique,exact
Clausena excavata,clausena excavata,clausena excavata,1,1,1,1,1,Clausena excavata,wfo-0000608651,Clausena excavata,Rutaceae,1,1,1,1,1,Clausena excavata,wfo-0000608651,Clausena excavata,Rutaceae,exact_unique,exact
Clausena lansium,clausena lansium,clausena lansium,1,1,1,1,1,Clausena lansium,wfo-0000608677,Clausena lansium,Rutaceae,1,1,1,1,1,Clausena lansium,wfo-0000608677,Clausena lansium,Rutaceae,exact_unique,exact
Cleistopholis glauca,cleistopholis glauca,cleistopholis glauca,1,1,1,1,1,Cleistopholis glauca,wfo-0000609404,Cleistopholis glauca,Annonaceae,1,1,1,1,1,Cleistopholis glauca,wfo-0000609404,Cleistopholis glauca,Annonaceae,exact_unique,exact
Cleome droserifolia,cleome droserifolia,cleome droserifolia,2,2,1,1,1,Cleome droserifolia,wfo-0000611246,Cleome droserifolia,Capparaceae,2,2,1,1,1,Cleome droserifolia,wfo-0000611246,Cleome droserifolia,Capparaceae,exact_unique,exact
Clinopodium acinos,clinopodium acinos,clinopodium acinos,1,1,1,1,1,Clinopodium acinos,wfo-0000890516,Clinopodium acinos,Lamiaceae,1,1,1,1,1,Clinopodium acinos,wfo-0000890516,Clinopodium acinos,Lamiaceae,exact_unique,exact
Clinopodium alpinum,clinopodium alpinum,clinopodium alpinum,1,1,1,1,1,Clinopodium alpinum,wfo-0000890580,Clinopodium alpinum,Lamiaceae,1,1,1,1,1,Clinopodium alpinum,wfo-0000890580,Clinopodium alpinum,Lamiaceae,exact_unique,exact
Clinopodium chinense,clinopodium chinense,clinopodium chinense,1,1,1,1,1,Clinopodium chinense,wfo-0000891104,Clinopodium chinense,Lamiaceae,1,1,1,1,1,Clinopodium chinense,wfo-0000891104,Clinopodium chinense,Lamiaceae,exact_unique,exact
Clinopodium laxiflorum,clinopodium laxiflorum,clinopodium laxiflorum,2,2,1,1,1,Clinopodium laxiflorum,wfo-0000892149,Clinopodium laxiflorum,Lamiaceae,2,2,1,1,1,Clinopodium laxiflorum,wfo-0000892149,Clinopodium laxiflorum,Lamiaceae,exact_unique,exact
Clinopodium serpyllifolium,clinopodium serpyllifolium,clinopodium serpyllifolium,1,1,1,1,1,Clinopodium serpyllifolium,wfo-0000893113,Clinopodium serpyllifolium,Lamiaceae,1,1,1,1,1,Clinopodium serpyllifolium,wfo-0000893113,Clinopodium serpyllifolium,Lamiaceae,exact_unique,exact
Clinopodium umbrosum,clinopodium umbrosum,clinopodium umbrosum,2,2,1,1,1,Clinopodium umbrosum,wfo-0001069875,Clinopodium umbrosum,Lamiaceae,2,2,1,1,1,Clinopodium umbrosum,wfo-0001069875,Clinopodium umbrosum,Lamiaceae,exact_unique,exact
Clitoria fairchildiana,clitoria fairchildiana,clitoria fairchildiana,1,1,1,1,1,Clitoria fairchildiana,wfo-0000164325,Clitoria fairchildiana,Fabaceae,1,1,1,1,1,Clitoria fairchildiana,wfo-0000164325,Clitoria fairchildiana,Fabaceae,exact_unique,exact
Clitoria macrophylla,clitoria macrophylla,clitoria macrophylla,3,3,1,1,1,Clitoria macrophylla,wfo-0000192669,Clitoria macrophylla,Fabaceae,3,3,1,1,1,Clitoria macrophylla,wfo-0000192669,Clitoria macrophylla,Fabaceae,exact_unique,exact
Clitoria ternatea,clitoria ternatea,clitoria ternatea,1,1,1,1,1,Clitoria ternatea,wfo-0000179216,Clitoria ternatea,Fabaceae,1,1,1,1,1,Clitoria ternatea,wfo-0000179216,Clitoria ternatea,Fabaceae,exact_unique,exact
Clusia columnaris,clusia columnaris,clusia columnaris,1,1,1,1,1,Clusia columnaris,wfo-0000612149,Clusia columnaris,Clusiaceae,1,1,1,1,1,Clusia columnaris,wfo-0000612149,Clusia columnaris,Clusiaceae,exact_unique,exact
Clusia sandiensis,clusia sandiensis,clusia sandiensis,1,1,1,1,1,Clusia sandiensis,wfo-0000612447,Clusia sandiensis,Clusiaceae,1,1,1,1,1,Clusia sandiensis,wfo-0000612447,Clusia sandiensis,Clusiaceae,exact_unique,exact
Coccoloba mollis,coccoloba mollis,coccoloba mollis,1,1,1,1,1,Coccoloba mollis,wfo-0000613229,Coccoloba mollis,Polygonaceae,1,1,1,1,1,Coccoloba mollis,wfo-0000613229,Coccoloba mollis,Polygonaceae,exact_unique,exact
Cochlospermum gillivraei,cochlospermum gillivraei,cochlospermum gillivraei,1,1,1,1,1,Cochlospermum gillivraei,wfo-0000902346,Cochlospermum gillivraei,Bixaceae,1,1,1,1,1,Cochlospermum gillivraei,wfo-0000902346,Cochlospermum gillivraei,Bixaceae,exact_unique,exact
Codonopsis lanceolata,codonopsis lanceolata,codonopsis lanceolata,1,1,1,1,1,Codonopsis lanceolata,wfo-0000830539,Codonopsis lanceolata,Campanulaceae,1,1,1,1,1,Codonopsis lanceolata,wfo-0000830539,Codonopsis lanceolata,Campanulaceae,exact_unique,exact
Coffea,coffea,coffea,1,1,1,1,1,Coffea,wfo-4000008851,Coffea,Rubiaceae,1,1,1,1,1,Coffea,wfo-4000008851,Coffea,Rubiaceae,exact_unique,exact
Cola acuminata,cola acuminata,cola acuminata,1,1,1,1,1,Cola acuminata,wfo-0000614368,Cola acuminata,Malvaceae,1,1,1,1,1,Cola acuminata,wfo-0000614368,Cola acuminata,Malvaceae,exact_unique,exact
Cola nitida,cola nitida,cola nitida,1,1,1,1,1,Cola nitida,wfo-0000614491,Cola nitida,Malvaceae,1,1,1,1,1,Cola nitida,wfo-0000614491,Cola nitida,Malvaceae,exact_unique,exact
Coleogyne ramosissima,coleogyne ramosissima,coleogyne ramosissima,1,1,1,1,1,Coleogyne ramosissima,wfo-0001003495,Coleogyne ramosissima,Rosaceae,1,1,1,1,1,Coleogyne ramosissima,wfo-0001003495,Coleogyne ramosissima,Rosaceae,exact_unique,exact
Collinsonia canadensis,collinsonia canadensis,collinsonia canadensis,1,1,1,1,1,Collinsonia canadensis,wfo-0000916928,Collinsonia canadensis,Lamiaceae,1,1,1,1,1,Collinsonia canadensis,wfo-0000916928,Collinsonia canadensis,Lamiaceae,exact_unique,exact
Colophospermum mopane,colophospermum mopane,colophospermum mopane,2,2,1,1,1,Colophospermum mopane,wfo-0001057638,Colophospermum mopane,Fabaceae,2,2,1,1,1,Colophospermum mopane,wfo-0001057638,Colophospermum mopane,Fabaceae,exact_unique,exact
Colutea arborescens,colutea arborescens,colutea arborescens,1,1,1,1,1,Colutea arborescens,wfo-0000213683,Colutea arborescens,Fabaceae,2,2,2,2,1,Colutea arborescens | Colutea arborescens prol. brevialata,wfo-0000191045 | wfo-0000213683,Colutea arborescens | Colutea brevialata,Fabaceae,exact_unique,exact
Combretum albopunctatum,combretum albopunctatum,combretum albopunctatum,1,1,1,1,1,Combretum albopunctatum,wfo-0000616058,Combretum albopunctatum,Combretaceae,1,1,1,1,1,Combretum albopunctatum,wfo-0000616058,Combretum albopunctatum,Combretaceae,exact_unique,exact
Combretum apiculatum,combretum apiculatum,combretum apiculatum,1,1,1,1,1,Combretum apiculatum,wfo-0000616083,Combretum apiculatum,Combretaceae,1,1,1,1,1,Combretum apiculatum,wfo-0000616083,Combretum apiculatum,Combretaceae,exact_unique,exact
Combretum griffithii,combretum griffithii,combretum griffithii,1,1,1,1,1,Combretum griffithii,wfo-0000616351,Combretum griffithii,Combretaceae,1,1,1,1,1,Combretum griffithii,wfo-0000616351,Combretum griffithii,Combretaceae,exact_unique,exact
Combretum imberbe,combretum imberbe,combretum imberbe,1,1,1,1,1,Combretum imberbe,wfo-0000616388,Combretum imberbe,Combretaceae,1,1,1,1,1,Combretum imberbe,wfo-0000616388,Combretum imberbe,Combretaceae,exact_unique,exact
Combretum quadrangulare,combretum quadrangulare,combretum quadrangulare,1,1,1,1,1,Combretum quadrangulare,wfo-0000616706,Combretum quadrangulare,Combretaceae,1,1,1,1,1,Combretum quadrangulare,wfo-0000616706,Combretum quadrangulare,Combretaceae,exact_unique,exact
Commiphora africana,commiphora africana,commiphora africana,2,2,1,1,1,Commiphora africana,wfo-0001328094,Commiphora africana,Burseraceae,2,2,1,1,1,Commiphora africana,wfo-0001328094,Commiphora africana,Burseraceae,exact_unique,exact
Commiphora socotrana,commiphora socotrana,commiphora socotrana,1,1,1,1,1,Commiphora socotrana,wfo-0000617476,Commiphora socotrana,Burseraceae,1,1,1,1,1,Commiphora socotrana,wfo-0000617476,Commiphora socotrana,Burseraceae,exact_unique,exact
Commiphora wightii,commiphora wightii,commiphora wightii,1,1,1,1,1,Commiphora wightii,wfo-0000617524,Commiphora wightii,Burseraceae,1,1,1,1,1,Commiphora wightii,wfo-0000617524,Commiphora wightii,Burseraceae,exact_unique,exact
Comptonia peregrina,comptonia peregrina,comptonia peregrina,1,1,1,1,1,Comptonia peregrina,wfo-0000617626,Comptonia peregrina,Myricaceae,1,1,1,1,1,Comptonia peregrina,wfo-0000617626,Comptonia peregrina,Myricaceae,exact_unique,exact
Conchidium japonicum,conchidium japonicum,conchidium japonicum,1,1,1,1,1,Conchidium japonicum,wfo-0001333668,Pinalia japonica,Orchidaceae,1,1,1,1,1,Conchidium japonicum,wfo-0001333668,Pinalia japonica,Orchidaceae,exact_unique,exact
Conioselinum anthriscoides,conioselinum anthriscoides,conioselinum anthriscoides,2,2,1,1,1,Conioselinum anthriscoides,wfo-0001342043,Conioselinum anthriscoides,Apiaceae,2,2,1,1,1,Conioselinum anthriscoides,wfo-0001342043,Conioselinum anthriscoides,Apiaceae,exact_unique,exact
Convolvulus prostratus,convolvulus prostratus,convolvulus prostratus,1,1,1,1,1,Convolvulus prostratus,wfo-0001298821,Convolvulus prostratus,Convolvulaceae,1,1,1,1,1,Convolvulus prostratus,wfo-0001298821,Convolvulus prostratus,Convolvulaceae,exact_unique,exact
Conyza canadensis,conyza canadensis,conyza canadensis,1,1,1,1,1,Conyza canadensis,wfo-0000015917,Erigeron canadensis,Asteraceae,1,1,1,1,1,Conyza canadensis,wfo-0000015917,Erigeron canadensis,Asteraceae,exact_unique,exact
Conyza pallidiflora,conyza pallidiflora,conyza pallidiflora,1,1,1,1,1,Conyza pallidiflora,wfo-0000041246,Conyza pallidiflora,Asteraceae,1,1,1,1,1,Conyza pallidiflora,wfo-0000041246,Conyza pallidiflora,Asteraceae,exact_unique,exact
Coptis japonica,coptis japonica,coptis japonica,1,1,1,1,1,Coptis japonica,wfo-0000619855,Coptis japonica,Ranunculaceae,1,1,1,1,1,Coptis japonica,wfo-0000619855,Coptis japonica,Ranunculaceae,exact_unique,exact
Cordia goetzei,cordia goetzei,cordia goetzei,1,1,1,1,1,Cordia goetzei,wfo-0000620530,Cordia goetzei,Cordiaceae,1,1,1,1,1,Cordia goetzei,wfo-0000620530,Cordia goetzei,Cordiaceae,exact_unique,exact
Cordyla africana,cordyla africana,cordyla africana,1,1,1,1,1,Cordyla africana,wfo-0000171442,Cordyla africana,Fabaceae,1,1,1,1,1,Cordyla africana,wfo-0000171442,Cordyla africana,Fabaceae,exact_unique,exact
Cordyloblaste pendula,cordyloblaste pendula,cordyloblaste pendula,1,1,1,1,1,Cordyloblaste pendula,wfo-0001141680,Symplocos pendula,Symplocaceae,1,1,1,1,1,Cordyloblaste pendula,wfo-0001141680,Symplocos pendula,Symplocaceae,exact_unique,exact
Coreopsis,coreopsis,coreopsis,1,1,1,1,1,Coreopsis,wfo-4000009296,Coreopsis,Asteraceae,1,1,1,1,1,Coreopsis,wfo-4000009296,Coreopsis,Asteraceae,exact_unique,exact
Coreopsis auriculata,coreopsis auriculata,coreopsis auriculata,2,2,1,1,1,Coreopsis auriculata,wfo-0000026034,Coreopsis auriculata,Asteraceae,2,2,1,1,1,Coreopsis auriculata,wfo-0000026034,Coreopsis auriculata,Asteraceae,exact_unique,exact
Coreopsis basalis,coreopsis basalis,coreopsis basalis,1,1,1,1,1,Coreopsis basalis,wfo-0000089037,Coreopsis basalis,Asteraceae,1,1,1,1,1,Coreopsis basalis,wfo-0000089037,Coreopsis basalis,Asteraceae,exact_unique,exact
Coreopsis bigelovii,coreopsis bigelovii,coreopsis bigelovii,2,2,1,1,1,Coreopsis bigelovii,wfo-0000037800,Coreopsis bigelovii,Asteraceae,2,2,1,1,1,Coreopsis bigelovii,wfo-0000037800,Coreopsis bigelovii,Asteraceae,exact_unique,exact
Coreopsis californica,coreopsis californica,coreopsis californica,1,1,1,1,1,Coreopsis californica,wfo-0000135446,Coreopsis californica,Asteraceae,1,1,1,1,1,Coreopsis californica,wfo-0000135446,Coreopsis californica,Asteraceae,exact_unique,exact
Coreopsis calliopsidea,coreopsis calliopsidea,coreopsis calliopsidea,1,1,1,1,1,Coreopsis calliopsidea,wfo-0000134287,Coreopsis calliopsidea,Asteraceae,1,1,1,1,1,Coreopsis calliopsidea,wfo-0000134287,Coreopsis calliopsidea,Asteraceae,exact_unique,exact
Coreopsis douglasii,coreopsis douglasii,coreopsis douglasii,1,1,1,1,1,Coreopsis douglasii,wfo-0000045312,Coreopsis douglasii,Asteraceae,1,1,1,1,1,Coreopsis douglasii,wfo-0000045312,Coreopsis douglasii,Asteraceae,exact_unique,exact
Coreopsis gigantea,coreopsis gigantea,coreopsis gigantea,1,1,1,1,1,Coreopsis gigantea,wfo-0000004771,Coreopsis gigantea,Asteraceae,1,1,1,1,1,Coreopsis gigantea,wfo-0000004771,Coreopsis gigantea,Asteraceae,exact_unique,exact
Coreopsis gladiata,coreopsis gladiata,coreopsis gladiata,1,1,1,1,1,Coreopsis gladiata,wfo-0000015130,Coreopsis gladiata,Asteraceae,1,1,1,1,1,Coreopsis gladiata,wfo-0000015130,Coreopsis gladiata,Asteraceae,exact_unique,exact
Coreopsis grandiflora,coreopsis grandiflora,coreopsis grandiflora,2,2,1,1,1,Coreopsis grandiflora,wfo-0000069965,Coreopsis grandiflora,Asteraceae,2,2,1,1,1,Coreopsis grandiflora,wfo-0000069965,Coreopsis grandiflora,Asteraceae,exact_unique,exact
Coreopsis hamiltonii,coreopsis hamiltonii,coreopsis hamiltonii,1,1,1,1,1,Coreopsis hamiltonii,wfo-0000031592,Coreopsis hamiltonii,Asteraceae,1,1,1,1,1,Coreopsis hamiltonii,wfo-0000031592,Coreopsis hamiltonii,Asteraceae,exact_unique,exact
Coreopsis lanceolata,coreopsis lanceolata,coreopsis lanceolata,1,1,1,1,1,Coreopsis lanceolata,wfo-0000046514,Coreopsis lanceolata,Asteraceae,1,1,1,1,1,Coreopsis lanceolata,wfo-0000046514,Coreopsis lanceolata,Asteraceae,exact_unique,exact
Coreopsis latifolia,coreopsis latifolia,coreopsis latifolia,1,1,1,1,1,Coreopsis latifolia,wfo-0000019444,Coreopsis latifolia,Asteraceae,1,1,1,1,1,Coreopsis latifolia,wfo-0000019444,Coreopsis latifolia,Asteraceae,exact_unique,exact
Coreopsis leavenworthii,coreopsis leavenworthii,coreopsis leavenworthii,1,1,1,1,1,Coreopsis leavenworthii,wfo-0000137822,Coreopsis leavenworthii,Asteraceae,1,1,1,1,1,Coreopsis leavenworthii,wfo-0000137822,Coreopsis leavenworthii,Asteraceae,exact_unique,exact
Coreopsis major,coreopsis major,coreopsis major,1,1,1,1,1,Coreopsis major,wfo-0000138758,Coreopsis major,Asteraceae,1,1,1,1,1,Coreopsis major,wfo-0000138758,Coreopsis major,Asteraceae,exact_unique,exact
Coreopsis maritima,coreopsis maritima,coreopsis maritima,1,1,1,1,1,Coreopsis maritima,wfo-0000060852,Coreopsis maritima,Asteraceae,1,1,1,1,1,Coreopsis maritima,wfo-0000060852,Coreopsis maritima,Asteraceae,exact_unique,exact
Coreopsis mcvaughii,coreopsis mcvaughii,coreopsis mcvaughii,1,1,1,1,1,Coreopsis mcvaughii,wfo-0000128936,Coreopsis mcvaughii,Asteraceae,1,1,1,1,1,Coreopsis mcvaughii,wfo-0000128936,Coreopsis mcvaughii,Asteraceae,exact_unique,exact
Coreopsis nodosa,coreopsis nodosa,coreopsis nodosa,1,1,1,1,1,Coreopsis nodosa,wfo-0000034302,Coreopsis nodosa,Asteraceae,1,1,1,1,1,Coreopsis nodosa,wfo-0000034302,Coreopsis nodosa,Asteraceae,exact_unique,exact
Coreopsis nudata,coreopsis nudata,coreopsis nudata,1,1,1,1,1,Coreopsis nudata,wfo-0000020487,Coreopsis nudata,Asteraceae,1,1,1,1,1,Coreopsis nudata,wfo-0000020487,Coreopsis nudata,Asteraceae,exact_unique,exact
Coreopsis nuecensis,coreopsis nuecensis,coreopsis nuecensis,1,1,1,1,1,Coreopsis nuecensis,wfo-0000035068,Coreopsis nuecensis,Asteraceae,1,1,1,1,1,Coreopsis nuecensis,wfo-0000035068,Coreopsis nuecensis,Asteraceae,exact_unique,exact
Coreopsis nuecensoides,coreopsis nuecensoides,coreopsis nuecensoides,1,1,1,1,1,Coreopsis nuecensoides,wfo-0000035068,Coreopsis nuecensis,Asteraceae,1,1,1,1,1,Coreopsis nuecensoides,wfo-0000035068,Coreopsis nuecensis,Asteraceae,exact_unique,exact
Coreopsis palmata,coreopsis palmata,coreopsis palmata,1,1,1,1,1,Coreopsis palmata,wfo-0000044527,Coreopsis palmata,Asteraceae,1,1,1,1,1,Coreopsis palmata,wfo-0000044527,Coreopsis palmata,Asteraceae,exact_unique,exact
Coreopsis paludosa,coreopsis paludosa,coreopsis paludosa,1,1,1,1,1,Coreopsis paludosa,wfo-0000028470,Coreopsis paludosa,Asteraceae,1,1,1,1,1,Coreopsis paludosa,wfo-0000028470,Coreopsis paludosa,Asteraceae,exact_unique,exact
Coreopsis petrophila,coreopsis petrophila,coreopsis petrophila,1,1,1,1,1,Coreopsis petrophila,wfo-0000081788,Coreopsis petrophila,Asteraceae,1,1,1,1,1,Coreopsis petrophila,wfo-0000081788,Coreopsis petrophila,Asteraceae,exact_unique,exact
Coreopsis petrophiloides,coreopsis petrophiloides,coreopsis petrophiloides,1,1,1,1,1,Coreopsis petrophiloides,wfo-0000098726,Coreopsis petrophiloides,Asteraceae,1,1,1,1,1,Coreopsis petrophiloides,wfo-0000098726,Coreopsis petrophiloides,Asteraceae,exact_unique,exact
Coreopsis pringlei,coreopsis pringlei,coreopsis pringlei,1,1,1,1,1,Coreopsis pringlei,wfo-0000031286,Coreopsis pringlei,Asteraceae,1,1,1,1,1,Coreopsis pringlei,wfo-0000031286,Coreopsis pringlei,Asteraceae,exact_unique,exact
Coreopsis pubescens,coreopsis pubescens,coreopsis pubescens,1,1,1,1,1,Coreopsis pubescens,wfo-0000009404,Coreopsis pubescens,Asteraceae,1,1,1,1,1,Coreopsis pubescens,wfo-0000009404,Coreopsis pubescens,Asteraceae,exact_unique,exact
Coreopsis pulchra,coreopsis pulchra,coreopsis pulchra,1,1,1,1,1,Coreopsis pulchra,wfo-0000080856,Coreopsis pulchra,Asteraceae,1,1,1,1,1,Coreopsis pulchra,wfo-0000080856,Coreopsis pulchra,Asteraceae,exact_unique,exact
Coreopsis rhyacophila,coreopsis rhyacophila,coreopsis rhyacophila,1,1,1,1,1,Coreopsis rhyacophila,wfo-0000064104,Coreopsis rhyacophila,Asteraceae,1,1,1,1,1,Coreopsis rhyacophila,wfo-0000064104,Coreopsis rhyacophila,Asteraceae,exact_unique,exact
Coreopsis rosea,coreopsis rosea,coreopsis rosea,1,1,1,1,1,Coreopsis rosea,wfo-0000015938,Coreopsis rosea,Asteraceae,1,1,1,1,1,Coreopsis rosea,wfo-0000015938,Coreopsis rosea,Asteraceae,exact_unique,exact
Coreopsis stillmanii,coreopsis stillmanii,coreopsis stillmanii,1,1,1,1,1,Coreopsis stillmanii,wfo-0000032623,Coreopsis stillmanii,Asteraceae,1,1,1,1,1,Coreopsis stillmanii,wfo-0000032623,Coreopsis stillmanii,Asteraceae,exact_unique,exact
Coreopsis tinctoria,coreopsis tinctoria,coreopsis tinctoria,1,1,1,1,1,Coreopsis tinctoria,wfo-0000069050,Coreopsis tinctoria,Asteraceae,1,1,1,1,1,Coreopsis tinctoria,wfo-0000069050,Coreopsis tinctoria,Asteraceae,exact_unique,exact
Coreopsis tripteris,coreopsis tripteris,coreopsis tripteris,1,1,1,1,1,Coreopsis tripteris,wfo-0000088275,Coreopsis tripteris,Asteraceae,1,1,1,1,1,Coreopsis tripteris,wfo-0000088275,Coreopsis tripteris,Asteraceae,exact_unique,exact
Coriandrum sativum,coriandrum sativum,coriandrum sativum,1,1,1,1,1,Coriandrum sativum,wfo-0000621274,Coriandrum sativum,Apiaceae,1,1,1,1,1,Coriandrum sativum,wfo-0000621274,Coriandrum sativum,Apiaceae,exact_unique,exact
Coriaria japonica,coriaria japonica,coriaria japonica,1,1,1,1,1,Coriaria japonica,wfo-0000924517,Coriaria japonica,Coriariaceae,1,1,1,1,1,Coriaria japonica,wfo-0000924517,Coriaria japonica,Coriariaceae,exact_unique,exact
Cornus kousa,cornus kousa,cornus kousa,2,2,1,1,1,Cornus kousa,wfo-0000924739,Cornus kousa,Cornaceae,2,2,1,1,1,Cornus kousa,wfo-0000924739,Cornus kousa,Cornaceae,exact_unique,exact
Cornus mas,cornus mas,cornus mas,1,1,1,1,1,Cornus mas,wfo-0000924760,Cornus mas,Cornaceae,1,1,1,1,1,Cornus mas,wfo-0000924760,Cornus mas,Cornaceae,exact_unique,exact
Coronilla emerus,coronilla emerus,coronilla emerus,1,1,1,1,1,Coronilla emerus,wfo-0000205514,Hippocrepis emerus,Fabaceae,1,1,1,1,1,Coronilla emerus,wfo-0000205514,Hippocrepis emerus,Fabaceae,exact_unique,exact
Corsinia coriandrina,corsinia coriandrina,corsinia coriandrina,1,1,1,1,1,Corsinia coriandrina,wfo-0001196280,Corsinia coriandrina,Corsiniaceae,1,1,1,1,1,Corsinia coriandrina,wfo-0001196280,Corsinia coriandrina,Corsiniaceae,exact_unique,exact
Corydalis bulbosa,corydalis bulbosa,corydalis bulbosa,1,1,1,1,1,Corydalis bulbosa,wfo-0000622894,Corydalis solida,Papaveraceae,1,1,1,1,1,Corydalis bulbosa,wfo-0000622894,Corydalis solida,Papaveraceae,exact_unique,exact
Corydalis solida,corydalis solida,corydalis solida,1,1,1,1,1,Corydalis solida,wfo-0000622894,Corydalis solida,Papaveraceae,1,1,1,1,1,Corydalis solida,wfo-0000622894,Corydalis solida,Papaveraceae,exact_unique,exact
Corylus,corylus,corylus,1,1,1,1,1,Corylus,wfo-4000009390,Corylus,Betulaceae,1,1,1,1,1,Corylus,wfo-4000009390,Corylus,Betulaceae,exact_unique,exact
Corymbia citriodora,corymbia citriodora,corymbia citriodora,1,1,1,1,1,Corymbia citriodora,wfo-0000925431,Corymbia citriodora,Myrtaceae,1,1,1,1,1,Corymbia citriodora,wfo-0000925431,Corymbia citriodora,Myrtaceae,exact_unique,exact
Corymbia maculata,corymbia maculata,corymbia maculata,1,1,1,1,1,Corymbia maculata,wfo-0000925549,Corymbia maculata,Myrtaceae,1,1,1,1,1,Corymbia maculata,wfo-0000925549,Corymbia maculata,Myrtaceae,exact_unique,exact
Corymbia peltata,corymbia peltata,corymbia peltata,1,1,1,1,1,Corymbia peltata,wfo-0000925567,Corymbia peltata,Myrtaceae,1,1,1,1,1,Corymbia peltata,wfo-0000925567,Corymbia peltata,Myrtaceae,exact_unique,exact
Cosmos sulphureus,cosmos sulphureus,cosmos sulphureus,1,1,1,1,1,Cosmos sulphureus,wfo-0000030713,Cosmos sulphureus,Asteraceae,1,1,1,1,1,Cosmos sulphureus,wfo-0000030713,Cosmos sulphureus,Asteraceae,exact_unique,exact
Cota altissima,cota altissima,cota altissima,1,1,1,1,1,Cota altissima,wfo-0000086301,Cota altissima,Asteraceae,1,1,1,1,1,Cota altissima,wfo-0000086301,Cota altissima,Asteraceae,exact_unique,exact
Cota palaestina,cota palaestina,cota palaestina,1,1,1,1,1,Cota palaestina,wfo-0000133617,Cota palaestina,Asteraceae,1,1,1,1,1,Cota palaestina,wfo-0000133617,Cota palaestina,Asteraceae,exact_unique,exact
Cotinus coggygria,cotinus coggygria,cotinus coggygria,1,1,1,1,1,Cotinus coggygria,wfo-0000623618,Cotinus coggygria,Anacardiaceae,1,1,1,1,1,Cotinus coggygria,wfo-0000623618,Cotinus coggygria,Anacardiaceae,exact_unique,exact
Cotoneaster orbicularis,cotoneaster orbicularis,cotoneaster orbicularis,1,1,1,1,1,Cotoneaster orbicularis,wfo-0001002632,Cotoneaster orbicularis,Rosaceae,1,1,1,1,1,Cotoneaster orbicularis,wfo-0001002632,Cotoneaster orbicularis,Rosaceae,exact_unique,exact
Cotoneaster simonsii,cotoneaster simonsii,cotoneaster simonsii,1,1,1,1,1,Cotoneaster simonsii,wfo-0001012041,Cotoneaster simonsii,Rosaceae,1,1,1,1,1,Cotoneaster simonsii,wfo-0001012041,Cotoneaster simonsii,Rosaceae,exact_unique,exact
Cotoneaster symondsii,cotoneaster symondsii,cotoneaster symondsii,1,1,1,1,1,Cotoneaster symondsii,wfo-0000999681,Cotoneaster integrifolius,Rosaceae,1,1,1,1,1,Cotoneaster symondsii,wfo-0000999681,Cotoneaster integrifolius,Rosaceae,exact_unique,exact
Couepia paraensis,couepia paraensis,couepia paraensis,2,2,1,1,1,Couepia paraensis,wfo-0000830700,Couepia paraensis,Chrysobalanaceae,2,2,1,1,1,Couepia paraensis,wfo-0000830700,Couepia paraensis,Chrysobalanaceae,exact_unique,exact
Coutarea hexandra,coutarea hexandra,coutarea hexandra,1,1,1,1,1,Coutarea hexandra,wfo-0000926501,Coutarea hexandra,Rubiaceae,1,1,1,1,1,Coutarea hexandra,wfo-0000926501,Coutarea hexandra,Rubiaceae,exact_unique,exact
Coutarea latiflora,coutarea latiflora,coutarea latiflora,1,1,1,1,1,Coutarea latiflora,wfo-0000982487,Hintonia latiflora,Rubiaceae,1,1,1,1,1,Coutarea latiflora,wfo-0000982487,Hintonia latiflora,Rubiaceae,exact_unique,exact
Cowania mexicana,cowania mexicana,cowania mexicana,2,2,1,1,1,Cowania mexicana,wfo-0000991554,Purshia mexicana,Rosaceae,2,2,1,1,1,Cowania mexicana,wfo-0000991554,Purshia mexicana,Rosaceae,exact_unique,exact
Craspedolobium schochii,craspedolobium schochii,craspedolobium schochii,1,1,1,1,1,Craspedolobium schochii,wfo-0001035482,Craspedolobium unijugum,Fabaceae,1,1,1,1,1,Craspedolobium schochii,wfo-0001035482,Craspedolobium unijugum,Fabaceae,exact_unique,exact
Crassula argentea,crassula argentea,crassula argentea,1,1,1,1,1,Crassula argentea,wfo-0000625299,Crassula ovata,Crassulaceae,1,1,1,1,1,Crassula argentea,wfo-0000625299,Crassula ovata,Crassulaceae,exact_unique,exact
Crataegus,crataegus,crataegus,1,1,1,1,1,Crataegus,wfo-4000009592,Crataegus,Rosaceae,1,1,1,1,1,Crataegus,wfo-4000009592,Crataegus,Rosaceae,exact_unique,exact
Crataegus germanica,crataegus germanica,crataegus germanica,2,2,1,1,1,Crataegus germanica,wfo-0000990421,Crataegus germanica,Rosaceae,2,2,1,1,1,Crataegus germanica,wfo-0000990421,Crataegus germanica,Rosaceae,exact_unique,exact
Crataegus laevigata,crataegus laevigata,crataegus laevigata,1,1,1,1,1,Crataegus laevigata,wfo-0001009174,Crataegus laevigata,Rosaceae,1,1,1,1,1,Crataegus laevigata,wfo-0001009174,Crataegus laevigata,Rosaceae,exact_unique,exact
Crataegus monogyna,crataegus monogyna,crataegus monogyna,2,2,1,1,1,Crataegus monogyna,wfo-0001009785,Crataegus monogyna,Rosaceae,10,10,4,4,1,Crataegus monogyna | Crataegus monogyna subf. filicifolia | Crataegus monogyna unranked fastigiata | Crataegus monogyna unranked filicifolia | Crataegus monogyna unranked glabra | Crataegus monogyna unranked laciniata | Crataegus monogyna unranked plena | Crataegus monogyna unranked villosa,wfo-0000987339 | wfo-0001009785 | wfo-0001016497 | wfo-1200075022,Crataegus × media | Crataegus kyrtostyla var. kyrtostyla | Crataegus monogyna | Crataegus rhipidophylla var. rhipidophylla,Rosaceae,exact_unique,exact
Crataegus phaenopyrum,crataegus phaenopyrum,crataegus phaenopyrum,2,2,1,1,1,Crataegus phaenopyrum,wfo-0001010531,Crataegus phaenopyrum,Rosaceae,2,2,1,1,1,Crataegus phaenopyrum,wfo-0001010531,Crataegus phaenopyrum,Rosaceae,exact_unique,exact
Crataegus pinnatifida,crataegus pinnatifida,crataegus pinnatifida,2,2,1,1,1,Crataegus pinnatifida,wfo-0000988959,Crataegus pinnatifida,Rosaceae,2,2,1,1,1,Crataegus pinnatifida,wfo-0000988959,Crataegus pinnatifida,Rosaceae,exact_unique,exact
Crataegus rhipidophylla,crataegus rhipidophylla,crataegus rhipidophylla,1,1,1,1,1,Crataegus rhipidophylla,wfo-0000989083,Crataegus rhipidophylla,Rosaceae,1,1,1,1,1,Crataegus rhipidophylla,wfo-0000989083,Crataegus rhipidophylla,Rosaceae,exact_unique,exact
Crataegus sinaica,crataegus sinaica,crataegus sinaica,1,1,1,1,1,Crataegus sinaica,wfo-0000989856,Crataegus sinaica,Rosaceae,1,1,1,1,1,Crataegus sinaica,wfo-0000989856,Crataegus sinaica,Rosaceae,exact_unique,exact
Cratoxylum arborescens,cratoxylum arborescens,cratoxylum arborescens,1,1,1,1,1,Cratoxylum arborescens,wfo-0000625744,Cratoxylum arborescens,Hypericaceae,1,1,1,1,1,Cratoxylum arborescens,wfo-0000625744,Cratoxylum arborescens,Hypericaceae,exact_unique,exact
Cratoxylum cochinchinense,cratoxylum cochinchinense,cratoxylum cochinchinense,1,1,1,1,1,Cratoxylum cochinchinense,wfo-0000625754,Cratoxylum cochinchinense,Hypericaceae,1,1,1,1,1,Cratoxylum cochinchinense,wfo-0000625754,Cratoxylum cochinchinense,Hypericaceae,exact_unique,exact
Crinum asiaticum,crinum asiaticum,crinum asiaticum,1,1,1,1,1,Crinum asiaticum,wfo-0000764396,Crinum asiaticum,Amaryllidaceae,1,1,1,1,1,Crinum asiaticum,wfo-0000764396,Crinum asiaticum,Amaryllidaceae,exact_unique,exact
Crinum augustum,crinum augustum,crinum augustum,1,1,1,1,1,Crinum augustum,wfo-0001046857,Crinum × amabile,Amaryllidaceae,1,1,1,1,1,Crinum augustum,wfo-0001046857,Crinum × amabile,Amaryllidaceae,exact_unique,exact
Crinum bulbispermum,crinum bulbispermum,crinum bulbispermum,1,1,1,1,1,Crinum bulbispermum,wfo-0000764436,Crinum bulbispermum,Amaryllidaceae,1,1,1,1,1,Crinum bulbispermum,wfo-0000764436,Crinum bulbispermum,Amaryllidaceae,exact_unique,exact
Crocanthemum glomeratum,crocanthemum glomeratum,crocanthemum glomeratum,1,1,1,1,1,Crocanthemum glomeratum,wfo-0000626256,Crocanthemum glomeratum,Cistaceae,1,1,1,1,1,Crocanthemum glomeratum,wfo-0000626256,Crocanthemum glomeratum,Cistaceae,exact_unique,exact
Crocus chrysanthus,crocus chrysanthus,crocus chrysanthus,1,1,1,1,1,Crocus chrysanthus,wfo-0000788600,Crocus chrysanthus,Iridaceae,1,1,1,1,1,Crocus chrysanthus,wfo-0000788600,Crocus chrysanthus,Iridaceae,exact_unique,exact
Crocus sativus,crocus sativus,crocus sativus,1,1,1,1,1,Crocus sativus,wfo-0000788844,Crocus sativus,Iridaceae,1,1,1,1,1,Crocus sativus,wfo-0000788844,Crocus sativus,Iridaceae,exact_unique,exact
Crossopetalum gaumeri,crossopetalum gaumeri,crossopetalum gaumeri,1,1,1,1,1,Crossopetalum gaumeri,wfo-0000626441,Crossopetalum gaumeri,Celastraceae,1,1,1,1,1,Crossopetalum gaumeri,wfo-0000626441,Crossopetalum gaumeri,Celastraceae,exact_unique,exact
Crossopteryx febrifuga,crossopteryx febrifuga,crossopteryx febrifuga,1,1,1,1,1,Crossopteryx febrifuga,wfo-0000927185,Crossopteryx febrifuga,Rubiaceae,1,1,1,1,1,Crossopteryx febrifuga,wfo-0000927185,Crossopteryx febrifuga,Rubiaceae,exact_unique,exact
Crotalaria,crotalaria,crotalaria,1,1,1,1,1,Crotalaria,wfo-4000009787,Crotalaria,Fabaceae,1,1,1,1,1,Crotalaria,wfo-4000009787,Crotalaria,Fabaceae,exact_unique,exact
Crotalaria assamica,crotalaria assamica,crotalaria assamica,1,1,1,1,1,Crotalaria assamica,wfo-1200113051,Crotalaria sericea var. sericea,Fabaceae,1,1,1,1,1,Crotalaria assamica,wfo-1200113051,Crotalaria sericea var. sericea,Fabaceae,exact_unique,exact
Crotalaria barbata,crotalaria barbata,crotalaria barbata,1,1,1,1,1,Crotalaria barbata,wfo-0000185071,Crotalaria barbata,Fabaceae,1,1,1,1,1,Crotalaria barbata,wfo-0000185071,Crotalaria barbata,Fabaceae,exact_unique,exact
Crotalaria lachnophora,crotalaria lachnophora,crotalaria lachnophora,1,1,1,1,1,Crotalaria lachnophora,wfo-0000207514,Crotalaria lachnophora,Fabaceae,1,1,1,1,1,Crotalaria lachnophora,wfo-0000207514,Crotalaria lachnophora,Fabaceae,exact_unique,exact
Crotalaria madurensis,crotalaria madurensis,crotalaria madurensis,1,1,1,1,1,Crotalaria madurensis,wfo-0000185076,Crotalaria madurensis,Fabaceae,1,1,1,1,1,Crotalaria madurensis,wfo-0000185076,Crotalaria madurensis,Fabaceae,exact_unique,exact
Crotalaria nitens,crotalaria nitens,crotalaria nitens,1,1,1,1,1,Crotalaria nitens,wfo-0000174075,Crotalaria nitens,Fabaceae,1,1,1,1,1,Crotalaria nitens,wfo-0000174075,Crotalaria nitens,Fabaceae,exact_unique,exact
Crotalaria orixensis,crotalaria orixensis,crotalaria orixensis,1,1,1,1,1,Crotalaria orixensis,wfo-0000210581,Crotalaria orixensis,Fabaceae,1,1,1,1,1,Crotalaria orixensis,wfo-0000210581,Crotalaria orixensis,Fabaceae,exact_unique,exact
Crotalaria prostrata,crotalaria prostrata,crotalaria prostrata,3,3,1,1,1,Crotalaria prostrata,wfo-0000198706,Crotalaria prostrata,Fabaceae,3,3,1,1,1,Crotalaria prostrata,wfo-0000198706,Crotalaria prostrata,Fabaceae,exact_unique,exact
Crotalaria retusa,crotalaria retusa,crotalaria retusa,1,1,1,1,1,Crotalaria retusa,wfo-0000210930,Crotalaria retusa,Fabaceae,1,1,1,1,1,Crotalaria retusa,wfo-0000210930,Crotalaria retusa,Fabaceae,exact_unique,exact
Crotalaria sessiliflora,crotalaria sessiliflora,crotalaria sessiliflora,1,1,1,1,1,Crotalaria sessiliflora,wfo-0000185954,Crotalaria sessiliflora,Fabaceae,1,1,1,1,1,Crotalaria sessiliflora,wfo-0000185954,Crotalaria sessiliflora,Fabaceae,exact_unique,exact
Crotalaria thebaica,crotalaria thebaica,crotalaria thebaica,1,1,1,1,1,Crotalaria thebaica,wfo-0000210585,Crotalaria thebaica,Fabaceae,1,1,1,1,1,Crotalaria thebaica,wfo-0000210585,Crotalaria thebaica,Fabaceae,exact_unique,exact
Crotalaria trichotoma,crotalaria trichotoma,crotalaria trichotoma,1,1,1,1,1,Crotalaria trichotoma,wfo-0000186157,Crotalaria trichotoma,Fabaceae,1,1,1,1,1,Crotalaria trichotoma,wfo-0000186157,Crotalaria trichotoma,Fabaceae,exact_unique,exact
Crotalaria trifoliastrum,crotalaria trifoliastrum,crotalaria trifoliastrum,1,1,1,1,1,Crotalaria trifoliastrum,wfo-0000186515,Crotalaria trifoliastrum,Fabaceae,1,1,1,1,1,Crotalaria trifoliastrum,wfo-0000186515,Crotalaria trifoliastrum,Fabaceae,exact_unique,exact
Crotalaria verrucosa,crotalaria verrucosa,crotalaria verrucosa,1,1,1,1,1,Crotalaria verrucosa,wfo-0000210929,Crotalaria verrucosa,Fabaceae,1,1,1,1,1,Crotalaria verrucosa,wfo-0000210929,Crotalaria verrucosa,Fabaceae,exact_unique,exact
Croton draconoides,croton draconoides,croton draconoides,1,1,1,1,1,Croton draconoides,wfo-0000927869,Croton draconoides,Euphorbiaceae,1,1,1,1,1,Croton draconoides,wfo-0000927869,Croton draconoides,Euphorbiaceae,exact_unique,exact
Croton hieronymi,croton hieronymi,croton hieronymi,1,1,1,1,1,Croton hieronymi,wfo-0000931237,Croton hieronymi,Euphorbiaceae,1,1,1,1,1,Croton hieronymi,wfo-0000931237,Croton hieronymi,Euphorbiaceae,exact_unique,exact
Croton insularis,croton insularis,croton insularis,1,1,1,1,1,Croton insularis,wfo-0000931310,Croton insularis,Euphorbiaceae,1,1,1,1,1,Croton insularis,wfo-0000931310,Croton insularis,Euphorbiaceae,exact_unique,exact
Croton lechleri,croton lechleri,croton lechleri,1,1,1,1,1,Croton lechleri,wfo-0000931464,Croton lechleri,Euphorbiaceae,1,1,1,1,1,Croton lechleri,wfo-0000931464,Croton lechleri,Euphorbiaceae,exact_unique,exact
Croton steenkampianus,croton steenkampianus,croton steenkampianus,1,1,1,1,1,Croton steenkampianus,wfo-0000932431,Croton steenkampianus,Euphorbiaceae,1,1,1,1,1,Croton steenkampianus,wfo-0000932431,Croton steenkampianus,Euphorbiaceae,exact_unique,exact
Croton urucurana,croton urucurana,croton urucurana,1,1,1,1,1,Croton urucurana,wfo-0000932652,Croton urucurana,Euphorbiaceae,1,1,1,1,1,Croton urucurana,wfo-0000932652,Croton urucurana,Euphorbiaceae,exact_unique,exact
Cryptocarya chartacea,cryptocarya chartacea,cryptocarya chartacea,1,1,1,1,1,Cryptocarya chartacea,wfo-0000627834,Cryptocarya chartacea,Lauraceae,1,1,1,1,1,Cryptocarya chartacea,wfo-0000627834,Cryptocarya chartacea,Lauraceae,exact_unique,exact
Cryptocarya chinensis,cryptocarya chinensis,cryptocarya chinensis,1,1,1,1,1,Cryptocarya chinensis,wfo-0000627835,Cryptocarya chinensis,Lauraceae,1,1,1,1,1,Cryptocarya chinensis,wfo-0000627835,Cryptocarya chinensis,Lauraceae,exact_unique,exact
Cryptocarya concinna,cryptocarya concinna,cryptocarya concinna,1,1,1,1,1,Cryptocarya concinna,wfo-0000627846,Cryptocarya concinna,Lauraceae,1,1,1,1,1,Cryptocarya concinna,wfo-0000627846,Cryptocarya concinna,Lauraceae,exact_unique,exact
Cryptocarya idenburgensis,cryptocarya idenburgensis,cryptocarya idenburgensis,1,1,1,1,1,Cryptocarya idenburgensis,wfo-0000627966,Cryptocarya idenburgensis,Lauraceae,1,1,1,1,1,Cryptocarya idenburgensis,wfo-0000627966,Cryptocarya idenburgensis,Lauraceae,exact_unique,exact
Cryptocarya infectoria,cryptocarya infectoria,cryptocarya infectoria,1,1,1,1,1,Cryptocarya infectoria,wfo-0000627947,Cryptocarya griffithiana,Lauraceae,1,1,1,1,1,Cryptocarya infectoria,wfo-0000627947,Cryptocarya griffithiana,Lauraceae,exact_unique,exact
Cryptocarya kurzii,cryptocarya kurzii,cryptocarya kurzii,1,1,1,1,1,Cryptocarya kurzii,wfo-0000627985,Cryptocarya kurzii,Lauraceae,1,1,1,1,1,Cryptocarya kurzii,wfo-0000627985,Cryptocarya kurzii,Lauraceae,exact_unique,exact
Cryptocarya obovata,cryptocarya obovata,cryptocarya obovata,1,1,1,1,1,Cryptocarya obovata,wfo-0000628097,Cryptocarya obovata,Lauraceae,1,1,1,1,1,Cryptocarya obovata,wfo-0000628097,Cryptocarya obovata,Lauraceae,exact_unique,exact
Cryptocarya pleurosperma,cryptocarya pleurosperma,cryptocarya pleurosperma,1,1,1,1,1,Cryptocarya pleurosperma,wfo-0000628151,Cryptocarya pleurosperma,Lauraceae,1,1,1,1,1,Cryptocarya pleurosperma,wfo-0000628151,Cryptocarya pleurosperma,Lauraceae,exact_unique,exact
Cryptocarya rugulosa,cryptocarya rugulosa,cryptocarya rugulosa,1,1,1,1,1,Cryptocarya rugulosa,wfo-0000628187,Cryptocarya rugulosa,Lauraceae,1,1,1,1,1,Cryptocarya rugulosa,wfo-0000628187,Cryptocarya rugulosa,Lauraceae,exact_unique,exact
Cryptocarya strictifolia,cryptocarya strictifolia,cryptocarya strictifolia,1,1,1,1,1,Cryptocarya strictifolia,wfo-0000628212,Cryptocarya strictifolia,Lauraceae,1,1,1,1,1,Cryptocarya strictifolia,wfo-0000628212,Cryptocarya strictifolia,Lauraceae,exact_unique,exact
Cryptomeria japonica,cryptomeria japonica,cryptomeria japonica,1,1,1,1,1,Cryptomeria japonica,wfo-0000628423,Cryptomeria japonica,Cupressaceae,1,1,1,1,1,Cryptomeria japonica,wfo-0000628423,Cryptomeria japonica,Cupressaceae,exact_unique,exact
Cucurbita pepo,cucurbita pepo,cucurbita pepo,1,1,1,1,1,Cucurbita pepo,wfo-0000629123,Cucurbita pepo,Cucurbitaceae,1,1,1,1,1,Cucurbita pepo,wfo-0000629123,Cucurbita pepo,Cucurbitaceae,exact_unique,exact
Cudrania,cudrania,cudrania,1,1,1,1,1,Cudrania,wfo-4000022646,Maclura,Moraceae,1,1,1,1,1,Cudrania,wfo-4000022646,Maclura,Moraceae,exact_unique,exact
Cudrania cochinchinensis,cudrania cochinchinensis,cudrania cochinchinensis,1,1,1,1,1,Cudrania cochinchinensis,wfo-0000448071,Maclura cochinchinensis,Moraceae,1,1,1,1,1,Cudrania cochinchinensis,wfo-0000448071,Maclura cochinchinensis,Moraceae,exact_unique,exact
Cudrania fruticosa,cudrania fruticosa,cudrania fruticosa,1,1,1,1,1,Cudrania fruticosa,wfo-0000448071,Maclura cochinchinensis,Moraceae,1,1,1,1,1,Cudrania fruticosa,wfo-0000448071,Maclura cochinchinensis,Moraceae,exact_unique,exact
Cudrania tricuspidata,cudrania tricuspidata,cudrania tricuspidata,1,1,1,1,1,Cudrania tricuspidata,wfo-0001085025,Maclura tricuspidata,Moraceae,1,1,1,1,1,Cudrania tricuspidata,wfo-0001085025,Maclura tricuspidata,Moraceae,exact_unique,exact
Cullen corylifolia,cullen corylifolia,cullen corylifolia,1,1,1,1,1,Cullen corylifolia,wfo-0000186158,Cullen corylifolium,Fabaceae,1,1,1,1,1,Cullen corylifolia,wfo-0000186158,Cullen corylifolium,Fabaceae,exact_unique,exact
Cullen corylifolium,cullen corylifolium,cullen corylifolium,1,1,1,1,1,Cullen corylifolium,wfo-0000186158,Cullen corylifolium,Fabaceae,1,1,1,1,1,Cullen corylifolium,wfo-0000186158,Cullen corylifolium,Fabaceae,exact_unique,exact
Cullen plicatum,cullen plicatum,cullen plicatum,1,1,1,1,1,Cullen plicatum,wfo-0000186161,Cullen plicatum,Fabaceae,1,1,1,1,1,Cullen plicatum,wfo-0000186161,Cullen plicatum,Fabaceae,exact_unique,exact
Cuminum cyminum,cuminum cyminum,cuminum cyminum,1,1,1,1,1,Cuminum cyminum,wfo-0000629277,Cuminum cyminum,Apiaceae,1,1,1,1,1,Cuminum cyminum,wfo-0000629277,Cuminum cyminum,Apiaceae,exact_unique,exact
Cupania latifolia,cupania latifolia,cupania latifolia,1,1,1,1,1,Cupania latifolia,wfo-0000629512,Cupania latifolia,Sapindaceae,1,1,1,1,1,Cupania latifolia,wfo-0000629512,Cupania latifolia,Sapindaceae,exact_unique,exact
Cupressus sempervirens,cupressus sempervirens,cupressus sempervirens,1,1,1,1,1,Cupressus sempervirens,wfo-0000630789,Cupressus sempervirens,Cupressaceae,1,1,1,1,1,Cupressus sempervirens,wfo-0000630789,Cupressus sempervirens,Cupressaceae,exact_unique,exact
Cuscuta reflexa,cuscuta reflexa,cuscuta reflexa,1,1,1,1,1,Cuscuta reflexa,wfo-0001296658,Cuscuta reflexa,Convolvulaceae,1,1,1,1,1,Cuscuta reflexa,wfo-0001296658,Cuscuta reflexa,Convolvulaceae,exact_unique,exact
Cyanthillium cinereum,cyanthillium cinereum,cyanthillium cinereum,1,1,1,1,1,Cyanthillium cinereum,wfo-0000051035,Cyanthillium cinereum,Asteraceae,1,1,1,1,1,Cyanthillium cinereum,wfo-0000051035,Cyanthillium cinereum,Asteraceae,exact_unique,exact
Cyathochaeta diandra,cyathochaeta diandra,cyathochaeta diandra,1,1,1,1,1,Cyathochaeta diandra,wfo-0000367175,Cyathochaeta diandra,Cyperaceae,1,1,1,1,1,Cyathochaeta diandra,wfo-0000367175,Cyathochaeta diandra,Cyperaceae,exact_unique,exact
Cycas beddomei,cycas beddomei,cycas beddomei,1,1,1,1,1,Cycas beddomei,wfo-0000631499,Cycas beddomei,Cycadaceae,1,1,1,1,1,Cycas beddomei,wfo-0000631499,Cycas beddomei,Cycadaceae,exact_unique,exact
Cycas circinalis,cycas circinalis,cycas circinalis,1,1,1,1,1,Cycas circinalis,wfo-0000631521,Cycas circinalis,Cycadaceae,1,1,1,1,1,Cycas circinalis,wfo-0000631521,Cycas circinalis,Cycadaceae,exact_unique,exact
Cycas revoluta,cycas revoluta,cycas revoluta,1,1,1,1,1,Cycas revoluta,wfo-0000631639,Cycas revoluta,Cycadaceae,1,1,1,1,1,Cycas revoluta,wfo-0000631639,Cycas revoluta,Cycadaceae,exact_unique,exact
Cyclamen persicum,cyclamen persicum,cyclamen persicum,1,1,1,1,1,Cyclamen persicum,wfo-0000631834,Cyclamen persicum,Primulaceae,1,1,1,1,1,Cyclamen persicum,wfo-0000631834,Cyclamen persicum,Primulaceae,exact_unique,exact
Cyclolobium claussenii,cyclolobium claussenii,cyclolobium claussenii,1,1,1,1,1,Cyclolobium claussenii,wfo-0000174090,Cyclolobium brasiliense,Fabaceae,1,1,1,1,1,Cyclolobium claussenii,wfo-0000174090,Cyclolobium brasiliense,Fabaceae,exact_unique,exact
Cyclopia falcata,cyclopia falcata,cyclopia falcata,1,1,1,1,1,Cyclopia falcata,wfo-0000197696,Cyclopia falcata,Fabaceae,1,1,1,1,1,Cyclopia falcata,wfo-0000197696,Cyclopia falcata,Fabaceae,exact_unique,exact
Cyclopia intermedia,cyclopia intermedia,cyclopia intermedia,1,1,1,1,1,Cyclopia intermedia,wfo-0000197746,Cyclopia intermedia,Fabaceae,1,1,1,1,1,Cyclopia intermedia,wfo-0000197746,Cyclopia intermedia,Fabaceae,exact_unique,exact
Cyclosorus interruptus,cyclosorus interruptus,cyclosorus interruptus,2,2,1,1,1,Cyclosorus interruptus,wfo-0001110853,Cyclosorus interruptus,Thelypteridaceae,2,2,1,1,1,Cyclosorus interruptus,wfo-0001110853,Cyclosorus interruptus,Thelypteridaceae,exact_unique,exact
Cyclotrichium niveum,cyclotrichium niveum,cyclotrichium niveum,1,1,1,1,1,Cyclotrichium niveum,wfo-0000934157,Cyclotrichium niveum,Lamiaceae,1,1,1,1,1,Cyclotrichium niveum,wfo-0000934157,Cyclotrichium niveum,Lamiaceae,exact_unique,exact
Cydonia,cydonia,cydonia,2,2,1,1,1,Cydonia,wfo-4000010308,Cydonia,Rosaceae,2,2,1,1,1,Cydonia,wfo-4000010308,Cydonia,Rosaceae,exact_unique,exact
Cynara cardunculus,cynara cardunculus,cynara cardunculus,1,1,1,1,1,Cynara cardunculus,wfo-0000013358,Cynara cardunculus,Asteraceae,1,1,1,1,1,Cynara cardunculus,wfo-0000013358,Cynara cardunculus,Asteraceae,exact_unique,exact
Cynara cornigera,cynara cornigera,cynara cornigera,1,1,1,1,1,Cynara cornigera,wfo-0000070364,Cynara cornigera,Asteraceae,1,1,1,1,1,Cynara cornigera,wfo-0000070364,Cynara cornigera,Asteraceae,exact_unique,exact
Cynara scolymus,cynara scolymus,cynara scolymus,1,1,1,1,1,Cynara scolymus,wfo-0000131895,Cynara scolymus,Asteraceae,1,1,1,1,1,Cynara scolymus,wfo-0000131895,Cynara scolymus,Asteraceae,exact_unique,exact
Cynomorium coccineum,cynomorium coccineum,cynomorium coccineum,1,1,1,1,1,Cynomorium coccineum,wfo-0000934734,Cynomorium coccineum,Cynomoriaceae,1,1,1,1,1,Cynomorium coccineum,wfo-0000934734,Cynomorium coccineum,Cynomoriaceae,exact_unique,exact
Cyperus,cyperus,cyperus,1,1,1,1,1,Cyperus,wfo-4000010449,Cyperus,Cyperaceae,1,1,1,1,1,Cyperus,wfo-4000010449,Cyperus,Cyperaceae,exact_unique,exact
Cyperus aristulatus,cyperus aristulatus,cyperus aristulatus,1,1,1,1,1,Cyperus aristulatus,wfo-0001429153,Cyperus aristulatus,Cyperaceae,1,1,1,1,1,Cyperus aristulatus,wfo-0001429153,Cyperus aristulatus,Cyperaceae,exact_unique,exact
Cyperus conglomeratus,cyperus conglomeratus,cyperus conglomeratus,1,1,1,1,1,Cyperus conglomeratus,wfo-0000369935,Cyperus conglomeratus,Cyperaceae,1,1,1,1,1,Cyperus conglomeratus,wfo-0000369935,Cyperus conglomeratus,Cyperaceae,exact_unique,exact
Cyperus gunnii,cyperus gunnii,cyperus gunnii,1,1,1,1,1,Cyperus gunnii,wfo-0000374314,Cyperus gunnii,Cyperaceae,1,1,1,1,1,Cyperus gunnii,wfo-0000374314,Cyperus gunnii,Cyperaceae,exact_unique,exact
Cyperus iria,cyperus iria,cyperus iria,1,1,1,1,1,Cyperus iria,wfo-0000375442,Cyperus iria,Cyperaceae,1,1,1,1,1,Cyperus iria,wfo-0000375442,Cyperus iria,Cyperaceae,exact_unique,exact
Cyperus leptocarpus,cyperus leptocarpus,cyperus leptocarpus,1,1,1,1,1,Cyperus leptocarpus,wfo-0001339762,Cyperus leptocarpus,Cyperaceae,1,1,1,1,1,Cyperus leptocarpus,wfo-0001339762,Cyperus leptocarpus,Cyperaceae,exact_unique,exact
Cyperus microcephalus,cyperus microcephalus,cyperus microcephalus,1,1,1,1,1,Cyperus microcephalus,wfo-0000377752,Cyperus microcephalus,Cyperaceae,1,1,1,1,1,Cyperus microcephalus,wfo-0000377752,Cyperus microcephalus,Cyperaceae,exact_unique,exact
Cyperus oxycarpus,cyperus oxycarpus,cyperus oxycarpus,1,1,1,1,1,Cyperus oxycarpus,wfo-0000378892,Cyperus oxycarpus,Cyperaceae,1,1,1,1,1,Cyperus oxycarpus,wfo-0000378892,Cyperus oxycarpus,Cyperaceae,exact_unique,exact
Cyperus pluribracteatus,cyperus pluribracteatus,cyperus pluribracteatus,1,1,1,1,1,Cyperus pluribracteatus,wfo-0000384152,Cyperus trigonellus,Cyperaceae,1,1,1,1,1,Cyperus pluribracteatus,wfo-0000384152,Cyperus trigonellus,Cyperaceae,exact_unique,exact
Cyperus scariosus,cyperus scariosus,cyperus scariosus,1,1,1,1,1,Cyperus scariosus,wfo-0000382088,Cyperus scariosus,Cyperaceae,1,1,1,1,1,Cyperus scariosus,wfo-0000382088,Cyperus scariosus,Cyperaceae,exact_unique,exact
Cyperus teneriffae,cyperus teneriffae,cyperus teneriffae,1,1,1,1,1,Cyperus teneriffae,wfo-0000381675,Cyperus rubicundus,Cyperaceae,1,1,1,1,1,Cyperus teneriffae,wfo-0000381675,Cyperus rubicundus,Cyperaceae,exact_unique,exact
Cyphostemma digitatum,cyphostemma digitatum,cyphostemma digitatum,1,1,1,1,1,Cyphostemma digitatum,wfo-0000634523,Cyphostemma digitatum,Vitaceae,1,1,1,1,1,Cyphostemma digitatum,wfo-0000634523,Cyphostemma digitatum,Vitaceae,exact_unique,exact
Cytisus austriacus,cytisus austriacus,cytisus austriacus,1,1,1,1,1,Cytisus austriacus,wfo-0000213643,Chamaecytisus austriacus,Fabaceae,1,1,1,1,1,Cytisus austriacus,wfo-0000213643,Chamaecytisus austriacus,Fabaceae,exact_unique,exact
Cytisus scoparius,cytisus scoparius,cytisus scoparius,1,1,1,1,1,Cytisus scoparius,wfo-0000213711,Cytisus scoparius,Fabaceae,1,1,1,1,1,Cytisus scoparius,wfo-0000213711,Cytisus scoparius,Fabaceae,exact_unique,exact
Dacrycarpus dacrydioides,dacrycarpus dacrydioides,dacrycarpus dacrydioides,1,1,1,1,1,Dacrycarpus dacrydioides,wfo-0000636634,Dacrycarpus dacrydioides,Podocarpaceae,1,1,1,1,1,Dacrycarpus dacrydioides,wfo-0000636634,Dacrycarpus dacrydioides,Podocarpaceae,exact_unique,exact
Dahlia pinnata,dahlia pinnata,dahlia pinnata,1,1,1,1,1,Dahlia pinnata,wfo-0000064103,Dahlia pinnata,Asteraceae,1,1,1,1,1,Dahlia pinnata,wfo-0000064103,Dahlia pinnata,Asteraceae,exact_unique,exact
Dahlia tenuicaulis,dahlia tenuicaulis,dahlia tenuicaulis,1,1,1,1,1,Dahlia tenuicaulis,wfo-0000018447,Dahlia tenuicaulis,Asteraceae,1,1,1,1,1,Dahlia tenuicaulis,wfo-0000018447,Dahlia tenuicaulis,Asteraceae,exact_unique,exact
Dahlia variabilis,dahlia variabilis,dahlia variabilis,2,2,1,1,1,Dahlia variabilis,wfo-0000064103,Dahlia pinnata,Asteraceae,2,2,1,1,1,Dahlia variabilis,wfo-0000064103,Dahlia pinnata,Asteraceae,exact_unique,exact
Dahlstedtia pinnata,dahlstedtia pinnata,dahlstedtia pinnata,1,1,1,1,1,Dahlstedtia pinnata,wfo-0000168982,Dahlstedtia pinnata,Fabaceae,1,1,1,1,1,Dahlstedtia pinnata,wfo-0000168982,Dahlstedtia pinnata,Fabaceae,exact_unique,exact
Dalbergia,dalbergia,dalbergia,1,1,1,1,1,Dalbergia,wfo-4000010678,Dalbergia,Fabaceae,1,1,1,1,1,Dalbergia,wfo-4000010678,Dalbergia,Fabaceae,exact_unique,exact
Dalbergia assamica,dalbergia assamica,dalbergia assamica,1,1,1,1,1,Dalbergia assamica,wfo-0000197964,Dalbergia assamica,Fabaceae,1,1,1,1,1,Dalbergia assamica,wfo-0000197964,Dalbergia assamica,Fabaceae,exact_unique,exact
Dalbergia baronii,dalbergia baronii,dalbergia baronii,1,1,1,1,1,Dalbergia baronii,wfo-0000197986,Dalbergia baronii,Fabaceae,1,1,1,1,1,Dalbergia baronii,wfo-0000197986,Dalbergia baronii,Fabaceae,exact_unique,exact
Dalbergia candenatensis,dalbergia candenatensis,dalbergia candenatensis,1,1,1,1,1,Dalbergia candenatensis,wfo-0000194807,Dalbergia candenatensis,Fabaceae,1,1,1,1,1,Dalbergia candenatensis,wfo-0000194807,Dalbergia candenatensis,Fabaceae,exact_unique,exact
Dalbergia cearensis,dalbergia cearensis,dalbergia cearensis,1,1,1,1,1,Dalbergia cearensis,wfo-0000168991,Dalbergia cearensis,Fabaceae,1,1,1,1,1,Dalbergia cearensis,wfo-0000168991,Dalbergia cearensis,Fabaceae,exact_unique,exact
Dalbergia cochinchinensis,dalbergia cochinchinensis,dalbergia cochinchinensis,2,2,1,1,1,Dalbergia cochinchinensis,wfo-0000199943,Dalbergia cochinchinensis,Fabaceae,2,2,1,1,1,Dalbergia cochinchinensis,wfo-0000199943,Dalbergia cochinchinensis,Fabaceae,exact_unique,exact
Dalbergia coromandeliana,dalbergia coromandeliana,dalbergia coromandeliana,1,1,1,1,1,Dalbergia coromandeliana,wfo-0000204440,Dalbergia coromandeliana,Fabaceae,1,1,1,1,1,Dalbergia coromandeliana,wfo-0000204440,Dalbergia coromandeliana,Fabaceae,exact_unique,exact
Dalbergia cultrata,dalbergia cultrata,dalbergia cultrata,2,2,1,1,1,Dalbergia cultrata,wfo-0000199944,Dalbergia cultrata,Fabaceae,2,2,1,1,1,Dalbergia cultrata,wfo-0000199944,Dalbergia cultrata,Fabaceae,exact_unique,exact
Dalbergia decipularis,dalbergia decipularis,dalbergia decipularis,1,1,1,1,1,Dalbergia decipularis,wfo-0000173750,Dalbergia decipularis,Fabaceae,1,1,1,1,1,Dalbergia decipularis,wfo-0000173750,Dalbergia decipularis,Fabaceae,exact_unique,exact
Dalbergia ecastaphyllum,dalbergia ecastaphyllum,dalbergia ecastaphyllum,1,1,1,1,1,Dalbergia ecastaphyllum,wfo-0000172030,Dalbergia ecastaphyllum,Fabaceae,1,1,1,1,1,Dalbergia ecastaphyllum,wfo-0000172030,Dalbergia ecastaphyllum,Fabaceae,exact_unique,exact
Dalbergia frutescens,dalbergia frutescens,dalbergia frutescens,1,1,1,1,1,Dalbergia frutescens,wfo-0000169003,Dalbergia frutescens,Fabaceae,1,1,1,1,1,Dalbergia frutescens,wfo-0000169003,Dalbergia frutescens,Fabaceae,exact_unique,exact
Dalbergia horrida,dalbergia horrida,dalbergia horrida,2,2,1,1,1,Dalbergia horrida,wfo-0000199960,Dalbergia horrida,Fabaceae,2,2,1,1,1,Dalbergia horrida,wfo-0000199960,Dalbergia horrida,Fabaceae,exact_unique,exact
Dalbergia hupeana,dalbergia hupeana,dalbergia hupeana,1,1,1,1,1,Dalbergia hupeana,wfo-0000194809,Dalbergia hupeana,Fabaceae,1,1,1,1,1,Dalbergia hupeana,wfo-0000194809,Dalbergia hupeana,Fabaceae,exact_unique,exact
Dalbergia inundata,dalbergia inundata,dalbergia inundata,1,1,1,1,1,Dalbergia inundata,wfo-0000169014,Dalbergia inundata,Fabaceae,1,1,1,1,1,Dalbergia inundata,wfo-0000169014,Dalbergia inundata,Fabaceae,exact_unique,exact
Dalbergia latifolia,dalbergia latifolia,dalbergia latifolia,1,1,1,1,1,Dalbergia latifolia,wfo-0000172240,Dalbergia latifolia,Fabaceae,1,1,1,1,1,Dalbergia latifolia,wfo-0000172240,Dalbergia latifolia,Fabaceae,exact_unique,exact
Dalbergia louvelii,dalbergia louvelii,dalbergia louvelii,1,1,1,1,1,Dalbergia louvelii,wfo-0000196181,Dalbergia louvelii,Fabaceae,1,1,1,1,1,Dalbergia louvelii,wfo-0000196181,Dalbergia louvelii,Fabaceae,exact_unique,exact
Dalbergia malabarica,dalbergia malabarica,dalbergia malabarica,1,1,1,1,1,Dalbergia malabarica,wfo-0000204457,Dalbergia malabarica,Fabaceae,1,1,1,1,1,Dalbergia malabarica,wfo-0000204457,Dalbergia malabarica,Fabaceae,exact_unique,exact
Dalbergia melanoxylon,dalbergia melanoxylon,dalbergia melanoxylon,1,1,1,1,1,Dalbergia melanoxylon,wfo-0000172325,Dalbergia melanoxylon,Fabaceae,1,1,1,1,1,Dalbergia melanoxylon,wfo-0000172325,Dalbergia melanoxylon,Fabaceae,exact_unique,exact
Dalbergia miscolobium,dalbergia miscolobium,dalbergia miscolobium,1,1,1,1,1,Dalbergia miscolobium,wfo-0000170461,Dalbergia miscolobium,Fabaceae,1,1,1,1,1,Dalbergia miscolobium,wfo-0000170461,Dalbergia miscolobium,Fabaceae,exact_unique,exact
Dalbergia monetaria,dalbergia monetaria,dalbergia monetaria,1,1,1,1,1,Dalbergia monetaria,wfo-0000170462,Dalbergia monetaria,Fabaceae,1,1,1,1,1,Dalbergia monetaria,wfo-0000170462,Dalbergia monetaria,Fabaceae,exact_unique,exact
Dalbergia nigra,dalbergia nigra,dalbergia nigra,1,1,1,1,1,Dalbergia nigra,wfo-0000170463,Dalbergia nigra,Fabaceae,1,1,1,1,1,Dalbergia nigra,wfo-0000170463,Dalbergia nigra,Fabaceae,exact_unique,exact
Dalbergia nitidula,dalbergia nitidula,dalbergia nitidula,1,1,1,1,1,Dalbergia nitidula,wfo-0000172371,Dalbergia nitidula,Fabaceae,1,1,1,1,1,Dalbergia nitidula,wfo-0000172371,Dalbergia nitidula,Fabaceae,exact_unique,exact
Dalbergia odorifera,dalbergia odorifera,dalbergia odorifera,1,1,1,1,1,Dalbergia odorifera,wfo-0000194810,Dalbergia odorifera,Fabaceae,1,1,1,1,1,Dalbergia odorifera,wfo-0000194810,Dalbergia odorifera,Fabaceae,exact_unique,exact
Dalbergia oliveri,dalbergia oliveri,dalbergia oliveri,1,1,1,1,1,Dalbergia oliveri,wfo-0000199984,Dalbergia oliveri,Fabaceae,1,1,1,1,1,Dalbergia oliveri,wfo-0000199984,Dalbergia oliveri,Fabaceae,exact_unique,exact
Dalbergia parviflora,dalbergia parviflora,dalbergia parviflora,1,1,1,1,1,Dalbergia parviflora,wfo-0000185087,Dalbergia parviflora,Fabaceae,1,1,1,1,1,Dalbergia parviflora,wfo-0000185087,Dalbergia parviflora,Fabaceae,exact_unique,exact
Dalbergia riparia,dalbergia riparia,dalbergia riparia,1,1,1,1,1,Dalbergia riparia,wfo-0000170464,Dalbergia riparia,Fabaceae,1,1,1,1,1,Dalbergia riparia,wfo-0000170464,Dalbergia riparia,Fabaceae,exact_unique,exact
Dalbergia sissoo,dalbergia sissoo,dalbergia sissoo,2,2,1,1,1,Dalbergia sissoo,wfo-0000172499,Dalbergia sissoo,Fabaceae,2,2,1,1,1,Dalbergia sissoo,wfo-0000172499,Dalbergia sissoo,Fabaceae,exact_unique,exact
Dalbergia spinosa,dalbergia spinosa,dalbergia spinosa,2,2,1,1,1,Dalbergia spinosa,wfo-0000199962,Dalbergia horrida var. horrida,Fabaceae,2,2,1,1,1,Dalbergia spinosa,wfo-0000199962,Dalbergia horrida var. horrida,Fabaceae,exact_unique,exact
Dalbergia spruceana,dalbergia spruceana,dalbergia spruceana,1,1,1,1,1,Dalbergia spruceana,wfo-0000182181,Dalbergia spruceana,Fabaceae,1,1,1,1,1,Dalbergia spruceana,wfo-0000182181,Dalbergia spruceana,Fabaceae,exact_unique,exact
Dalbergia stevensonii,dalbergia stevensonii,dalbergia stevensonii,1,1,1,1,1,Dalbergia stevensonii,wfo-0000169029,Dalbergia stevensonii,Fabaceae,1,1,1,1,1,Dalbergia stevensonii,wfo-0000169029,Dalbergia stevensonii,Fabaceae,exact_unique,exact
Dalbergia stipulacea,dalbergia stipulacea,dalbergia stipulacea,1,1,1,1,1,Dalbergia stipulacea,wfo-0000185857,Dalbergia stipulacea,Fabaceae,1,1,1,1,1,Dalbergia stipulacea,wfo-0000185857,Dalbergia stipulacea,Fabaceae,exact_unique,exact
Dalea aurea,dalea aurea,dalea aurea,1,1,1,1,1,Dalea aurea,wfo-0000169036,Dalea aurea,Fabaceae,1,1,1,1,1,Dalea aurea,wfo-0000169036,Dalea aurea,Fabaceae,exact_unique,exact
Dalea boliviana,dalea boliviana,dalea boliviana,1,1,1,1,1,Dalea boliviana,wfo-0000182157,Dalea boliviana,Fabaceae,1,1,1,1,1,Dalea boliviana,wfo-0000182157,Dalea boliviana,Fabaceae,exact_unique,exact
Dalea filiciformis,dalea filiciformis,dalea filiciformis,2,2,1,1,1,Dalea filiciformis,wfo-1000064738,Marina filiciformis,Fabaceae,2,2,1,1,1,Dalea filiciformis,wfo-1000064738,Marina filiciformis,Fabaceae,exact_unique,exact
Dalea purpurea,dalea purpurea,dalea purpurea,1,1,1,1,1,Dalea purpurea,wfo-0000169115,Dalea purpurea,Fabaceae,1,1,1,1,1,Dalea purpurea,wfo-0000169115,Dalea purpurea,Fabaceae,exact_unique,exact
Dalea scandens,dalea scandens,dalea scandens,1,1,1,1,1,Dalea scandens,wfo-0000169124,Dalea scandens,Fabaceae,1,1,1,1,1,Dalea scandens,wfo-0000169124,Dalea scandens,Fabaceae,exact_unique,exact
Dalea versicolor,dalea versicolor,dalea versicolor,1,1,1,1,1,Dalea versicolor,wfo-0000170205,Dalea versicolor,Fabaceae,1,1,1,1,1,Dalea versicolor,wfo-0000170205,Dalea versicolor,Fabaceae,exact_unique,exact
Daphne acutiloba,daphne acutiloba,daphne acutiloba,1,1,1,1,1,Daphne acutiloba,wfo-0000637436,Daphne acutiloba,Thymelaeaceae,1,1,1,1,1,Daphne acutiloba,wfo-0000637436,Daphne acutiloba,Thymelaeaceae,exact_unique,exact
Daphne aurantiaca,daphne aurantiaca,daphne aurantiaca,1,1,1,1,1,Daphne aurantiaca,wfo-0000637474,Daphne aurantiaca,Thymelaeaceae,1,1,1,1,1,Daphne aurantiaca,wfo-0000637474,Daphne aurantiaca,Thymelaeaceae,exact_unique,exact
Daphne feddei,daphne feddei,daphne feddei,1,1,1,1,1,Daphne feddei,wfo-0000637596,Daphne feddei,Thymelaeaceae,1,1,1,1,1,Daphne feddei,wfo-0000637596,Daphne feddei,Thymelaeaceae,exact_unique,exact
Daphne genkwa,daphne genkwa,daphne genkwa,1,1,1,1,1,Daphne genkwa,wfo-0000637613,Daphne genkwa,Thymelaeaceae,1,1,1,1,1,Daphne genkwa,wfo-0000637613,Daphne genkwa,Thymelaeaceae,exact_unique,exact
Daphne giraldii,daphne giraldii,daphne giraldii,1,1,1,1,1,Daphne giraldii,wfo-0000637616,Daphne giraldii,Thymelaeaceae,1,1,1,1,1,Daphne giraldii,wfo-0000637616,Daphne giraldii,Thymelaeaceae,exact_unique,exact
Daphne holosericea,daphne holosericea,daphne holosericea,1,1,1,1,1,Daphne holosericea,wfo-0000637646,Daphne holosericea,Thymelaeaceae,1,1,1,1,1,Daphne holosericea,wfo-0000637646,Daphne holosericea,Thymelaeaceae,exact_unique,exact
Daphne mezereum,daphne mezereum,daphne mezereum,1,1,1,1,1,Daphne mezereum,wfo-0000637755,Daphne mezereum,Thymelaeaceae,1,1,1,1,1,Daphne mezereum,wfo-0000637755,Daphne mezereum,Thymelaeaceae,exact_unique,exact
Daphne odora,daphne odora,daphne odora,1,1,1,1,1,Daphne odora,wfo-0000637782,Daphne odora,Thymelaeaceae,1,1,1,1,1,Daphne odora,wfo-0000637782,Daphne odora,Thymelaeaceae,exact_unique,exact
Daphne papyracea,daphne papyracea,daphne papyracea,1,1,1,1,1,Daphne papyracea,wfo-0000637816,Daphne papyracea,Thymelaeaceae,1,1,1,1,1,Daphne papyracea,wfo-0000637816,Daphne papyracea,Thymelaeaceae,exact_unique,exact
Daphne pedunculata,daphne pedunculata,daphne pedunculata,1,1,1,1,1,Daphne pedunculata,wfo-0000637831,Daphne pedunculata,Thymelaeaceae,1,1,1,1,1,Daphne pedunculata,wfo-0000637831,Daphne pedunculata,Thymelaeaceae,exact_unique,exact
Daphniphyllum himalayense,daphniphyllum himalayense,daphniphyllum himalayense,1,1,1,1,1,Daphniphyllum himalayense,wfo-0000937739,Daphniphyllum himalayense,Daphniphyllaceae,1,1,1,1,1,Daphniphyllum himalayense,wfo-0000937739,Daphniphyllum himalayense,Daphniphyllaceae,exact_unique,exact
Dasiphora fruticosa,dasiphora fruticosa,dasiphora fruticosa,1,1,1,1,1,Dasiphora fruticosa,wfo-0001017396,Dasiphora fruticosa,Rosaceae,1,1,1,1,1,Dasiphora fruticosa,wfo-0001017396,Dasiphora fruticosa,Rosaceae,exact_unique,exact
Daucus carota,daucus carota,daucus carota,1,1,1,1,1,Daucus carota,wfo-0000638442,Daucus carota,Apiaceae,1,1,1,1,1,Daucus carota,wfo-0000638442,Daucus carota,Apiaceae,exact_unique,exact
Davallia bullata,davallia bullata,davallia bullata,2,2,1,1,1,Davallia bullata,wfo-0001124797,Davallia bullata,Davalliaceae,2,2,1,1,1,Davallia bullata,wfo-0001124797,Davallia bullata,Davalliaceae,exact_unique,exact
Davallia mariesii,davallia mariesii,davallia mariesii,1,1,1,1,1,Davallia mariesii,wfo-0001124797,Davallia bullata,Davalliaceae,1,1,1,1,1,Davallia mariesii,wfo-0001124797,Davallia bullata,Davalliaceae,exact_unique,exact
Deguelia hatschbachii,deguelia hatschbachii,deguelia hatschbachii,1,1,1,1,1,Deguelia hatschbachii,wfo-0001253332,Deguelia hatschbachii,Fabaceae,1,1,1,1,1,Deguelia hatschbachii,wfo-0001253332,Deguelia hatschbachii,Fabaceae,exact_unique,exact
Deguelia rariflora,deguelia rariflora,deguelia rariflora,1,1,1,1,1,Deguelia rariflora,wfo-0000186707,Deguelia rariflora,Fabaceae,1,1,1,1,1,Deguelia rariflora,wfo-0000186707,Deguelia rariflora,Fabaceae,exact_unique,exact
Deguelia rufescens,deguelia rufescens,deguelia rufescens,1,1,1,1,1,Deguelia rufescens,wfo-0001423602,Deguelia rufescens,Fabaceae,1,1,1,1,1,Deguelia rufescens,wfo-0001423602,Deguelia rufescens,Fabaceae,exact_unique,exact
Deguelia scandens,deguelia scandens,deguelia scandens,1,1,1,1,1,Deguelia scandens,wfo-0000182170,Deguelia scandens,Fabaceae,1,1,1,1,1,Deguelia scandens,wfo-0000182170,Deguelia scandens,Fabaceae,exact_unique,exact
Deguelia spruceana,deguelia spruceana,deguelia spruceana,1,1,1,1,1,Deguelia spruceana,wfo-0000186771,Deguelia spruceana,Fabaceae,1,1,1,1,1,Deguelia spruceana,wfo-0000186771,Deguelia spruceana,Fabaceae,exact_unique,exact
Deinandra arida,deinandra arida,deinandra arida,1,1,1,1,1,Deinandra arida,wfo-0000114451,Deinandra arida,Asteraceae,1,1,1,1,1,Deinandra arida,wfo-0000114451,Deinandra arida,Asteraceae,exact_unique,exact
Deinandra corymbosa,deinandra corymbosa,deinandra corymbosa,1,1,1,1,1,Deinandra corymbosa,wfo-0000036297,Deinandra corymbosa,Asteraceae,1,1,1,1,1,Deinandra corymbosa,wfo-0000036297,Deinandra corymbosa,Asteraceae,exact_unique,exact
Deinandra greeneana,deinandra greeneana,deinandra greeneana,1,1,1,1,1,Deinandra greeneana,wfo-0000006775,Deinandra greeneana,Asteraceae,1,1,1,1,1,Deinandra greeneana,wfo-0000006775,Deinandra greeneana,Asteraceae,exact_unique,exact
Deinandra halliana,deinandra halliana,deinandra halliana,1,1,1,1,1,Deinandra halliana,wfo-0000089128,Deinandra halliana,Asteraceae,1,1,1,1,1,Deinandra halliana,wfo-0000089128,Deinandra halliana,Asteraceae,exact_unique,exact
Deinandra increscens,deinandra increscens,deinandra increscens,1,1,1,1,1,Deinandra increscens,wfo-0000059006,Deinandra increscens,Asteraceae,1,1,1,1,1,Deinandra increscens,wfo-0000059006,Deinandra increscens,Asteraceae,exact_unique,exact
Deinandra kelloggii,deinandra kelloggii,deinandra kelloggii,1,1,1,1,1,Deinandra kelloggii,wfo-0000114541,Deinandra kelloggii,Asteraceae,1,1,1,1,1,Deinandra kelloggii,wfo-0000114541,Deinandra kelloggii,Asteraceae,exact_unique,exact
Deinandra lobbii,deinandra lobbii,deinandra lobbii,1,1,1,1,1,Deinandra lobbii,wfo-0000030097,Deinandra lobbii,Asteraceae,1,1,1,1,1,Deinandra lobbii,wfo-0000030097,Deinandra lobbii,Asteraceae,exact_unique,exact
Deinandra minthornii,deinandra minthornii,deinandra minthornii,1,1,1,1,1,Deinandra minthornii,wfo-0000030419,Deinandra minthornii,Asteraceae,1,1,1,1,1,Deinandra minthornii,wfo-0000030419,Deinandra minthornii,Asteraceae,exact_unique,exact
Deinandra pallida,deinandra pallida,deinandra pallida,1,1,1,1,1,Deinandra pallida,wfo-0000014573,Deinandra pallida,Asteraceae,1,1,1,1,1,Deinandra pallida,wfo-0000014573,Deinandra pallida,Asteraceae,exact_unique,exact
Deinandra paniculata,deinandra paniculata,deinandra paniculata,1,1,1,1,1,Deinandra paniculata,wfo-0000044476,Deinandra paniculata,Asteraceae,1,1,1,1,1,Deinandra paniculata,wfo-0000044476,Deinandra paniculata,Asteraceae,exact_unique,exact
Deinandra pentactis,deinandra pentactis,deinandra pentactis,1,1,1,1,1,Deinandra pentactis,wfo-0000021878,Deinandra pentactis,Asteraceae,1,1,1,1,1,Deinandra pentactis,wfo-0000021878,Deinandra pentactis,Asteraceae,exact_unique,exact
Deinandra streetsii,deinandra streetsii,deinandra streetsii,1,1,1,1,1,Deinandra streetsii,wfo-0000002524,Deinandra streetsii,Asteraceae,1,1,1,1,1,Deinandra streetsii,wfo-0000002524,Deinandra streetsii,Asteraceae,exact_unique,exact
Delavaya toxocarpa,delavaya toxocarpa,delavaya toxocarpa,1,1,1,1,1,Delavaya toxocarpa,wfo-0000639405,Delavaya toxocarpa,Sapindaceae,1,1,1,1,1,Delavaya toxocarpa,wfo-0000639405,Delavaya toxocarpa,Sapindaceae,exact_unique,exact
Dendranthema indicum,dendranthema indicum,dendranthema indicum,1,1,1,1,1,Dendranthema indicum,wfo-0000041005,Chrysanthemum indicum,Asteraceae,1,1,1,1,1,Dendranthema indicum,wfo-0000041005,Chrysanthemum indicum,Asteraceae,exact_unique,exact
Dendrobium densiflorum,dendrobium densiflorum,dendrobium densiflorum,1,1,1,1,1,Dendrobium densiflorum,wfo-0000938987,Dendrobium densiflorum,Orchidaceae,1,1,1,1,1,Dendrobium densiflorum,wfo-0000938987,Dendrobium densiflorum,Orchidaceae,exact_unique,exact
Dendrobium loddigesii,dendrobium loddigesii,dendrobium loddigesii,1,1,1,1,1,Dendrobium loddigesii,wfo-0000939702,Dendrobium loddigesii,Orchidaceae,1,1,1,1,1,Dendrobium loddigesii,wfo-0000939702,Dendrobium loddigesii,Orchidaceae,exact_unique,exact
Dendrolobium lanceolatum,dendrolobium lanceolatum,dendrolobium lanceolatum,1,1,1,1,1,Dendrolobium lanceolatum,wfo-0000197603,Dendrolobium lanceolatum,Fabaceae,1,1,1,1,1,Dendrolobium lanceolatum,wfo-0000197603,Dendrolobium lanceolatum,Fabaceae,exact_unique,exact
Dendroviguiera quinqueradiata,dendroviguiera quinqueradiata,dendroviguiera quinqueradiata,1,1,1,1,1,Dendroviguiera quinqueradiata,wfo-0000072831,Viguiera quinqueradiata,Asteraceae,1,1,1,1,1,Dendroviguiera quinqueradiata,wfo-0000072831,Viguiera quinqueradiata,Asteraceae,exact_unique,exact
Dermatophyllum arizonicum,dermatophyllum arizonicum,dermatophyllum arizonicum,1,1,1,1,1,Dermatophyllum arizonicum,wfo-0001042781,Dermatophyllum arizonicum,Fabaceae,1,1,1,1,1,Dermatophyllum arizonicum,wfo-0001042781,Dermatophyllum arizonicum,Fabaceae,exact_unique,exact
Dermatophyllum gypsophilum,dermatophyllum gypsophilum,dermatophyllum gypsophilum,1,1,1,1,1,Dermatophyllum gypsophilum,wfo-0001042782,Dermatophyllum gypsophilum,Fabaceae,1,1,1,1,1,Dermatophyllum gypsophilum,wfo-0001042782,Dermatophyllum gypsophilum,Fabaceae,exact_unique,exact
Dermatophyllum secundiflorum,dermatophyllum secundiflorum,dermatophyllum secundiflorum,1,1,1,1,1,Dermatophyllum secundiflorum,wfo-0001042783,Dermatophyllum secundiflorum,Fabaceae,1,1,1,1,1,Dermatophyllum secundiflorum,wfo-0001042783,Dermatophyllum secundiflorum,Fabaceae,exact_unique,exact
Derris,derris,derris,1,1,1,1,1,Derris,wfo-4000011178,Derris,Fabaceae,1,1,1,1,1,Derris,wfo-4000011178,Derris,Fabaceae,exact_unique,exact
Derris elliptica,derris elliptica,derris elliptica,1,1,1,1,1,Derris elliptica,wfo-0000186905,Derris elliptica,Fabaceae,1,1,1,1,1,Derris elliptica,wfo-0000186905,Derris elliptica,Fabaceae,exact_unique,exact
Derris hainesiana,derris hainesiana,derris hainesiana,1,1,1,1,1,Derris hainesiana,wfo-0000186506,Derris hainesiana,Fabaceae,1,1,1,1,1,Derris hainesiana,wfo-0000186506,Derris hainesiana,Fabaceae,exact_unique,exact
Derris malaccensis,derris malaccensis,derris malaccensis,1,1,1,1,1,Derris malaccensis,wfo-0000206771,Derris montana,Fabaceae,1,1,1,1,1,Derris malaccensis,wfo-0000206771,Derris montana,Fabaceae,exact_unique,exact
Derris ovalifolia,derris ovalifolia,derris ovalifolia,1,1,1,1,1,Derris ovalifolia,wfo-0000205317,Derris ovalifolia,Fabaceae,1,1,1,1,1,Derris ovalifolia,wfo-0000205317,Derris ovalifolia,Fabaceae,exact_unique,exact
Derris reticulata,derris reticulata,derris reticulata,1,1,1,1,1,Derris reticulata,wfo-0000200311,Derris reticulata,Fabaceae,1,1,1,1,1,Derris reticulata,wfo-0000200311,Derris reticulata,Fabaceae,exact_unique,exact
Derris robusta,derris robusta,derris robusta,1,1,1,1,1,Derris robusta,wfo-0000205323,Brachypterum robustum,Fabaceae,1,1,1,1,1,Derris robusta,wfo-0000205323,Brachypterum robustum,Fabaceae,exact_unique,exact
Derris trifoliata,derris trifoliata,derris trifoliata,1,1,1,1,1,Derris trifoliata,wfo-0000198908,Derris trifoliata,Fabaceae,1,1,1,1,1,Derris trifoliata,wfo-0000198908,Derris trifoliata,Fabaceae,exact_unique,exact
Derris utilis,derris utilis,derris utilis,1,1,1,1,1,Derris utilis,wfo-0001286043,Deguelia utilis,Fabaceae,1,1,1,1,1,Derris utilis,wfo-0001286043,Deguelia utilis,Fabaceae,exact_unique,exact
Desmodium adscendens,desmodium adscendens,desmodium adscendens,1,1,1,1,1,Desmodium adscendens,wfo-0001423669,Grona adscendens,Fabaceae,1,1,1,1,1,Desmodium adscendens,wfo-0001423669,Grona adscendens,Fabaceae,exact_unique,exact
Desmodium gangeticum,desmodium gangeticum,desmodium gangeticum,1,1,1,1,1,Desmodium gangeticum,wfo-0000170608,Pleurolobus gangeticus,Fabaceae,1,1,1,1,1,Desmodium gangeticum,wfo-0000170608,Pleurolobus gangeticus,Fabaceae,exact_unique,exact
Desmodium incanum,desmodium incanum,desmodium incanum,1,1,1,1,1,Desmodium incanum,wfo-0000184175,Desmodium incanum,Fabaceae,1,1,1,1,1,Desmodium incanum,wfo-0000184175,Desmodium incanum,Fabaceae,exact_unique,exact
Desmodium oojeinense,desmodium oojeinense,desmodium oojeinense,1,1,1,1,1,Desmodium oojeinense,wfo-0000186403,Ougeinia oojeinensis,Fabaceae,1,1,1,1,1,Desmodium oojeinense,wfo-0000186403,Ougeinia oojeinensis,Fabaceae,exact_unique,exact
Desmodium sandwicense,desmodium sandwicense,desmodium sandwicense,1,1,1,1,1,Desmodium sandwicense,wfo-0000177526,Desmodium uncinatum,Fabaceae,1,1,1,1,1,Desmodium sandwicense,wfo-0000177526,Desmodium uncinatum,Fabaceae,exact_unique,exact
Desmodium styracifolium,desmodium styracifolium,desmodium styracifolium,1,1,1,1,1,Desmodium styracifolium,wfo-0001423688,Grona styracifolia,Fabaceae,1,1,1,1,1,Desmodium styracifolium,wfo-0001423688,Grona styracifolia,Fabaceae,exact_unique,exact
Desmodium uncinatum,desmodium uncinatum,desmodium uncinatum,1,1,1,1,1,Desmodium uncinatum,wfo-0000177526,Desmodium uncinatum,Fabaceae,1,1,1,1,1,Desmodium uncinatum,wfo-0000177526,Desmodium uncinatum,Fabaceae,exact_unique,exact
Desmodium velutinum,desmodium velutinum,desmodium velutinum,1,1,1,1,1,Desmodium velutinum,wfo-0001444087,Polhillides velutina,Fabaceae,1,1,1,1,1,Desmodium velutinum,wfo-0001444087,Polhillides velutina,Fabaceae,exact_unique,exact
Desmos chinensis,desmos chinensis,desmos chinensis,1,1,1,1,1,Desmos chinensis,wfo-0000642348,Desmos chinensis,Annonaceae,1,1,1,1,1,Desmos chinensis,wfo-0000642348,Desmos chinensis,Annonaceae,exact_unique,exact
Desmos cochinchinensis,desmos cochinchinensis,desmos cochinchinensis,1,1,1,1,1,Desmos cochinchinensis,wfo-0000642354,Desmos cochinchinensis,Annonaceae,1,1,1,1,1,Desmos cochinchinensis,wfo-0000642354,Desmos cochinchinensis,Annonaceae,exact_unique,exact
Desmos dumosus,desmos dumosus,desmos dumosus,1,1,1,1,1,Desmos dumosus,wfo-0000642365,Desmos dumosus,Annonaceae,1,1,1,1,1,Desmos dumosus,wfo-0000642365,Desmos dumosus,Annonaceae,exact_unique,exact
Desmos dunalii,desmos dunalii,desmos dunalii,1,1,1,1,1,Desmos dunalii,wfo-0000642366,Desmos dunalii,Annonaceae,1,1,1,1,1,Desmos dunalii,wfo-0000642366,Desmos dunalii,Annonaceae,exact_unique,exact
Detarium microcarpum,detarium microcarpum,detarium microcarpum,1,1,1,1,1,Detarium microcarpum,wfo-0000166421,Detarium microcarpum,Fabaceae,1,1,1,1,1,Detarium microcarpum,wfo-0000166421,Detarium microcarpum,Fabaceae,exact_unique,exact
Dianella nigra,dianella nigra,dianella nigra,1,1,1,1,1,Dianella nigra,wfo-0000765232,Dianella nigra,Asphodelaceae,1,1,1,1,1,Dianella nigra,wfo-0000765232,Dianella nigra,Asphodelaceae,exact_unique,exact
Dianella revoluta,dianella revoluta,dianella revoluta,1,1,1,1,1,Dianella revoluta,wfo-0000765248,Dianella revoluta,Asphodelaceae,1,1,1,1,1,Dianella revoluta,wfo-0000765248,Dianella revoluta,Asphodelaceae,exact_unique,exact
Dianella tasmanica,dianella tasmanica,dianella tasmanica,1,1,1,1,1,Dianella tasmanica,wfo-0000765262,Dianella tasmanica,Asphodelaceae,1,1,1,1,1,Dianella tasmanica,wfo-0000765262,Dianella tasmanica,Asphodelaceae,exact_unique,exact
Dianthus caryophyllus,dianthus caryophyllus,dianthus caryophyllus,1,1,1,1,1,Dianthus caryophyllus,wfo-0000643278,Dianthus caryophyllus,Caryophyllaceae,2,2,1,1,1,Dianthus caryophyllus | Dianthus caryophyllus unranked minor,wfo-0000643278,Dianthus caryophyllus,Caryophyllaceae,exact_unique,exact
Dianthus superbus,dianthus superbus,dianthus superbus,1,1,1,1,1,Dianthus superbus,wfo-0000644338,Dianthus superbus,Caryophyllaceae,1,1,1,1,1,Dianthus superbus,wfo-0000644338,Dianthus superbus,Caryophyllaceae,exact_unique,exact
Dicranoloma robustum,dicranoloma robustum,dicranoloma robustum,1,1,1,1,1,Dicranoloma robustum,wfo-0001158970,Dicranoloma robustum,Dicranaceae,1,1,1,1,1,Dicranoloma robustum,wfo-0001158970,Dicranoloma robustum,Dicranaceae,exact_unique,exact
Dicranopteris pedata,dicranopteris pedata,dicranopteris pedata,1,1,1,1,1,Dicranopteris pedata,wfo-0001114654,Dicranopteris pedata,Gleicheniaceae,1,1,1,1,1,Dicranopteris pedata,wfo-0001114654,Dicranopteris pedata,Gleicheniaceae,exact_unique,exact
Didymocarpus albicalyx,didymocarpus albicalyx,didymocarpus albicalyx,1,1,1,1,1,Didymocarpus albicalyx,wfo-0001041801,Didymocarpus albicalyx,Gesneriaceae,1,1,1,1,1,Didymocarpus albicalyx,wfo-0001041801,Didymocarpus albicalyx,Gesneriaceae,exact_unique,exact
Dillenia pentagyna,dillenia pentagyna,dillenia pentagyna,1,1,1,1,1,Dillenia pentagyna,wfo-0000647615,Dillenia pentagyna,Dilleniaceae,1,1,1,1,1,Dillenia pentagyna,wfo-0000647615,Dillenia pentagyna,Dilleniaceae,exact_unique,exact
Dimocarpus longan,dimocarpus longan,dimocarpus longan,1,1,1,1,1,Dimocarpus longan,wfo-0000647787,Dimocarpus longan,Sapindaceae,1,1,1,1,1,Dimocarpus longan,wfo-0000647787,Dimocarpus longan,Sapindaceae,exact_unique,exact
Dimorphandra mollis,dimorphandra mollis,dimorphandra mollis,1,1,1,1,1,Dimorphandra mollis,wfo-0000170526,Dimorphandra mollis,Fabaceae,1,1,1,1,1,Dimorphandra mollis,wfo-0000170526,Dimorphandra mollis,Fabaceae,exact_unique,exact
Dioclea grandiflora,dioclea grandiflora,dioclea grandiflora,1,1,1,1,1,Dioclea grandiflora,wfo-0001443939,Macropsychanthus grandiflorus,Fabaceae,1,1,1,1,1,Dioclea grandiflora,wfo-0001443939,Macropsychanthus grandiflorus,Fabaceae,exact_unique,exact
Dioclea guianensis,dioclea guianensis,dioclea guianensis,1,1,1,1,1,Dioclea guianensis,wfo-0000170537,Dioclea guianensis,Fabaceae,1,1,1,1,1,Dioclea guianensis,wfo-0000170537,Dioclea guianensis,Fabaceae,exact_unique,exact
Dioscorea alata,dioscorea alata,dioscorea alata,1,1,1,1,1,Dioscorea alata,wfo-0000388864,Dioscorea alata,Dioscoreaceae,1,1,1,1,1,Dioscorea alata,wfo-0000388864,Dioscorea alata,Dioscoreaceae,exact_unique,exact
Dioscorea antaly,dioscorea antaly,dioscorea antaly,1,1,1,1,1,Dioscorea antaly,wfo-0000389050,Dioscorea antaly,Dioscoreaceae,1,1,1,1,1,Dioscorea antaly,wfo-0000389050,Dioscorea antaly,Dioscoreaceae,exact_unique,exact
Dioscorea bulbifera,dioscorea bulbifera,dioscorea bulbifera,1,1,1,1,1,Dioscorea bulbifera,wfo-0000389411,Dioscorea bulbifera,Dioscoreaceae,1,1,1,1,1,Dioscorea bulbifera,wfo-0000389411,Dioscorea bulbifera,Dioscoreaceae,exact_unique,exact
Dioscorea cirrhosa,dioscorea cirrhosa,dioscorea cirrhosa,1,1,1,1,1,Dioscorea cirrhosa,wfo-0000389893,Dioscorea cirrhosa,Dioscoreaceae,1,1,1,1,1,Dioscorea cirrhosa,wfo-0000389893,Dioscorea cirrhosa,Dioscoreaceae,exact_unique,exact
Dioscorea nipponica,dioscorea nipponica,dioscorea nipponica,1,1,1,1,1,Dioscorea nipponica,wfo-0000392863,Dioscorea nipponica,Dioscoreaceae,1,1,1,1,1,Dioscorea nipponica,wfo-0000392863,Dioscorea nipponica,Dioscoreaceae,exact_unique,exact
Dioscorea oppositifolia,dioscorea oppositifolia,dioscorea oppositifolia,1,1,1,1,1,Dioscorea oppositifolia,wfo-0000393046,Dioscorea oppositifolia,Dioscoreaceae,1,1,1,1,1,Dioscorea oppositifolia,wfo-0000393046,Dioscorea oppositifolia,Dioscoreaceae,exact_unique,exact
Diospyros kaki,diospyros kaki,diospyros kaki,1,1,1,1,1,Diospyros kaki,wfo-0000649136,Diospyros kaki,Ebenaceae,1,1,1,1,1,Diospyros kaki,wfo-0000649136,Diospyros kaki,Ebenaceae,exact_unique,exact
Diphysa americana,diphysa americana,diphysa americana,1,1,1,1,1,Diphysa americana,wfo-0000210419,Diphysa americana,Fabaceae,1,1,1,1,1,Diphysa americana,wfo-0000210419,Diphysa americana,Fabaceae,exact_unique,exact
Diplacus aurantiacus,diplacus aurantiacus,diplacus aurantiacus,1,1,1,1,1,Diplacus aurantiacus,wfo-0000650077,Diplacus aurantiacus,Phrymaceae,1,1,1,1,1,Diplacus aurantiacus,wfo-0000650077,Diplacus aurantiacus,Phrymaceae,exact_unique,exact
Diplacus clevelandii,diplacus clevelandii,diplacus clevelandii,1,1,1,1,1,Diplacus clevelandii,wfo-0000650084,Diplacus clevelandii,Phrymaceae,1,1,1,1,1,Diplacus clevelandii,wfo-0000650084,Diplacus clevelandii,Phrymaceae,exact_unique,exact
Diplazium esculentum,diplazium esculentum,diplazium esculentum,1,1,1,1,1,Diplazium esculentum,wfo-0001109577,Diplazium esculentum,Athyriaceae,1,1,1,1,1,Diplazium esculentum,wfo-0001109577,Diplazium esculentum,Athyriaceae,exact_unique,exact
Diplostephium cinereum,diplostephium cinereum,diplostephium cinereum,1,1,1,1,1,Diplostephium cinereum,wfo-0000136503,Diplostephium cinereum,Asteraceae,1,1,1,1,1,Diplostephium cinereum,wfo-0000136503,Diplostephium cinereum,Asteraceae,exact_unique,exact
Diplotropis ferruginea,diplotropis ferruginea,diplotropis ferruginea,1,1,1,1,1,Diplotropis ferruginea,wfo-0000163859,Diplotropis ferruginea,Fabaceae,1,1,1,1,1,Diplotropis ferruginea,wfo-0000163859,Diplotropis ferruginea,Fabaceae,exact_unique,exact
Diplotropis purpurea,diplotropis purpurea,diplotropis purpurea,1,1,1,1,1,Diplotropis purpurea,wfo-0000163862,Diplotropis purpurea,Fabaceae,1,1,1,1,1,Diplotropis purpurea,wfo-0000163862,Diplotropis purpurea,Fabaceae,exact_unique,exact
Diplusodon astictus,diplusodon astictus,diplusodon astictus,1,1,1,1,1,Diplusodon astictus,wfo-0000650583,Diplusodon astictus,Lythraceae,1,1,1,1,1,Diplusodon astictus,wfo-0000650583,Diplusodon astictus,Lythraceae,exact_unique,exact
Dipteryx lacunifera,dipteryx lacunifera,dipteryx lacunifera,1,1,1,1,1,Dipteryx lacunifera,wfo-0000163868,Dipteryx lacunifera,Fabaceae,1,1,1,1,1,Dipteryx lacunifera,wfo-0000163868,Dipteryx lacunifera,Fabaceae,exact_unique,exact
Dipteryx odorata,dipteryx odorata,dipteryx odorata,1,1,1,1,1,Dipteryx odorata,wfo-0000170550,Dipteryx odorata,Fabaceae,1,1,1,1,1,Dipteryx odorata,wfo-0000170550,Dipteryx odorata,Fabaceae,exact_unique,exact
Dissochaeta beccariana,dissochaeta beccariana,dissochaeta beccariana,1,1,1,1,1,Dissochaeta beccariana,wfo-1000026669,Dalenia magnibracteata,Melastomataceae,1,1,1,1,1,Dissochaeta beccariana,wfo-1000026669,Dalenia magnibracteata,Melastomataceae,exact_unique,exact
Distylium racemosum,distylium racemosum,distylium racemosum,1,1,1,1,1,Distylium racemosum,wfo-0000652434,Distylium racemosum,Hamamelidaceae,1,1,1,1,1,Distylium racemosum,wfo-0000652434,Distylium racemosum,Hamamelidaceae,exact_unique,exact
Dittrichia,dittrichia,dittrichia,1,1,1,1,1,Dittrichia,wfo-4000012294,Dittrichia,Asteraceae,1,1,1,1,1,Dittrichia,wfo-4000012294,Dittrichia,Asteraceae,exact_unique,exact
Dittrichia graveolens,dittrichia graveolens,dittrichia graveolens,1,1,1,1,1,Dittrichia graveolens,wfo-0000003319,Dittrichia graveolens,Asteraceae,1,1,1,1,1,Dittrichia graveolens,wfo-0000003319,Dittrichia graveolens,Asteraceae,exact_unique,exact
Dittrichia viscosa,dittrichia viscosa,dittrichia viscosa,1,1,1,1,1,Dittrichia viscosa,wfo-0000059214,Dittrichia viscosa,Asteraceae,1,1,1,1,1,Dittrichia viscosa,wfo-0000059214,Dittrichia viscosa,Asteraceae,exact_unique,exact
Dodonaea viscosa,dodonaea viscosa,dodonaea viscosa,1,1,1,1,1,Dodonaea viscosa,wfo-0000653170,Dodonaea viscosa,Sapindaceae,1,1,1,1,1,Dodonaea viscosa,wfo-0000653170,Dodonaea viscosa,Sapindaceae,exact_unique,exact
Dolichandra unguis-cati,dolichandra unguis-cati,dolichandra unguis-cati,1,1,1,1,1,Dolichandra unguis-cati,wfo-0000782438,Dolichandra unguis-cati,Bignoniaceae,1,1,1,1,1,Dolichandra unguis-cati,wfo-0000782438,Dolichandra unguis-cati,Bignoniaceae,exact_unique,exact
Dolichlasium lagascae,dolichlasium lagascae,dolichlasium lagascae,1,1,1,1,1,Dolichlasium lagascae,wfo-0000069936,Dolichlasium lagascae,Asteraceae,1,1,1,1,1,Dolichlasium lagascae,wfo-0000069936,Dolichlasium lagascae,Asteraceae,exact_unique,exact
Dolichos,dolichos,dolichos,1,1,1,1,1,Dolichos,wfo-4000012369,Dolichos,Fabaceae,1,1,1,1,1,Dolichos,wfo-4000012369,Dolichos,Fabaceae,exact_unique,exact
Dorstenia barteri,dorstenia barteri,dorstenia barteri,1,1,1,1,1,Dorstenia barteri,wfo-0000654289,Dorstenia barteri,Moraceae,1,1,1,1,1,Dorstenia barteri,wfo-0000654289,Dorstenia barteri,Moraceae,exact_unique,exact
Dorstenia contrajerva,dorstenia contrajerva,dorstenia contrajerva,1,1,1,1,1,Dorstenia contrajerva,wfo-0000654354,Dorstenia contrajerva,Moraceae,1,1,1,1,1,Dorstenia contrajerva,wfo-0000654354,Dorstenia contrajerva,Moraceae,exact_unique,exact
Dorstenia dinklagei,dorstenia dinklagei,dorstenia dinklagei,1,1,1,1,1,Dorstenia dinklagei,wfo-0000654384,Dorstenia dinklagei,Moraceae,1,1,1,1,1,Dorstenia dinklagei,wfo-0000654384,Dorstenia dinklagei,Moraceae,exact_unique,exact
Dorstenia elliptica,dorstenia elliptica,dorstenia elliptica,1,1,1,1,1,Dorstenia elliptica,wfo-0000654402,Dorstenia elliptica,Moraceae,1,1,1,1,1,Dorstenia elliptica,wfo-0000654402,Dorstenia elliptica,Moraceae,exact_unique,exact
Dorstenia kameruniana,dorstenia kameruniana,dorstenia kameruniana,1,1,1,1,1,Dorstenia kameruniana,wfo-0000654469,Dorstenia kameruniana,Moraceae,1,1,1,1,1,Dorstenia kameruniana,wfo-0000654469,Dorstenia kameruniana,Moraceae,exact_unique,exact
Dorstenia mannii,dorstenia mannii,dorstenia mannii,1,1,1,1,1,Dorstenia mannii,wfo-0000654502,Dorstenia mannii,Moraceae,1,1,1,1,1,Dorstenia mannii,wfo-0000654502,Dorstenia mannii,Moraceae,exact_unique,exact
Dorstenia prorepens,dorstenia prorepens,dorstenia prorepens,1,1,1,1,1,Dorstenia prorepens,wfo-0000654602,Dorstenia prorepens,Moraceae,1,1,1,1,1,Dorstenia prorepens,wfo-0000654602,Dorstenia prorepens,Moraceae,exact_unique,exact
Dorstenia turbinata,dorstenia turbinata,dorstenia turbinata,1,1,1,1,1,Dorstenia turbinata,wfo-0001344826,Hijmania turbinata,Moraceae,1,1,1,1,1,Dorstenia turbinata,wfo-0001344826,Hijmania turbinata,Moraceae,exact_unique,exact
Dorstenia zenkeri,dorstenia zenkeri,dorstenia zenkeri,1,1,1,1,1,Dorstenia zenkeri,wfo-0000654725,Dorstenia zenkeri,Moraceae,1,1,1,1,1,Dorstenia zenkeri,wfo-0000654725,Dorstenia zenkeri,Moraceae,exact_unique,exact
Dorycnium hirsutum,dorycnium hirsutum,dorycnium hirsutum,1,1,1,1,1,Dorycnium hirsutum,wfo-0000212135,Lotus hirsutus,Fabaceae,1,1,1,1,1,Dorycnium hirsutum,wfo-0000212135,Lotus hirsutus,Fabaceae,exact_unique,exact
Dorycnium rectum,dorycnium rectum,dorycnium rectum,1,1,1,1,1,Dorycnium rectum,wfo-0000212142,Lotus rectus,Fabaceae,1,1,1,1,1,Dorycnium rectum,wfo-0000212142,Lotus rectus,Fabaceae,exact_unique,exact
Doryopteris decipiens,doryopteris decipiens,doryopteris decipiens,1,1,1,1,1,Doryopteris decipiens,wfo-0001127417,Doryopteris decipiens,Pteridaceae,1,1,1,1,1,Doryopteris decipiens,wfo-0001127417,Doryopteris decipiens,Pteridaceae,exact_unique,exact
Dracaena cambodiana,dracaena cambodiana,dracaena cambodiana,1,1,1,1,1,Dracaena cambodiana,wfo-0000765700,Dracaena cambodiana,Asparagaceae,1,1,1,1,1,Dracaena cambodiana,wfo-0000765700,Dracaena cambodiana,Asparagaceae,exact_unique,exact
Dracaena cinnabari,dracaena cinnabari,dracaena cinnabari,1,1,1,1,1,Dracaena cinnabari,wfo-0000765713,Dracaena cinnabari,Asparagaceae,1,1,1,1,1,Dracaena cinnabari,wfo-0000765713,Dracaena cinnabari,Asparagaceae,exact_unique,exact
Dracaena cochinchinensis,dracaena cochinchinensis,dracaena cochinchinensis,1,1,1,1,1,Dracaena cochinchinensis,wfo-0000765715,Dracaena cochinchinensis,Asparagaceae,1,1,1,1,1,Dracaena cochinchinensis,wfo-0000765715,Dracaena cochinchinensis,Asparagaceae,exact_unique,exact
Dracaena draco,dracaena draco,dracaena draco,1,1,1,1,1,Dracaena draco,wfo-0000765739,Dracaena draco,Asparagaceae,1,1,1,1,1,Dracaena draco,wfo-0000765739,Dracaena draco,Asparagaceae,exact_unique,exact
Dracocephalum tanguticum,dracocephalum tanguticum,dracocephalum tanguticum,1,1,1,1,1,Dracocephalum tanguticum,wfo-0000945484,Dracocephalum tanguticum,Lamiaceae,1,1,1,1,1,Dracocephalum tanguticum,wfo-0000945484,Dracocephalum tanguticum,Lamiaceae,exact_unique,exact
Drimia delagoensis,drimia delagoensis,drimia delagoensis,1,1,1,1,1,Drimia delagoensis,wfo-0000766098,Drimia delagoensis,Asparagaceae,1,1,1,1,1,Drimia delagoensis,wfo-0000766098,Drimia delagoensis,Asparagaceae,exact_unique,exact
Drimia indica,drimia indica,drimia indica,1,1,1,1,1,Drimia indica,wfo-0000766126,Drimia indica,Asparagaceae,1,1,1,1,1,Drimia indica,wfo-0000766126,Drimia indica,Asparagaceae,exact_unique,exact
Drimiopsis maculata,drimiopsis maculata,drimiopsis maculata,1,1,1,1,1,Drimiopsis maculata,wfo-0000766226,Drimiopsis maculata,Asparagaceae,1,1,1,1,1,Drimiopsis maculata,wfo-0000766226,Drimiopsis maculata,Asparagaceae,exact_unique,exact
Drimys granadensis,drimys granadensis,drimys granadensis,1,1,1,1,1,Drimys granadensis,wfo-0000656687,Drimys granadensis,Winteraceae,1,1,1,1,1,Drimys granadensis,wfo-0000656687,Drimys granadensis,Winteraceae,exact_unique,exact
Drimys winteri,drimys winteri,drimys winteri,1,1,1,1,1,Drimys winteri,wfo-0000656761,Drimys winteri,Winteraceae,1,1,1,1,1,Drimys winteri,wfo-0000656761,Drimys winteri,Winteraceae,exact_unique,exact
Drummondita calida,drummondita calida,drummondita calida,1,1,1,1,1,Drummondita calida,wfo-0000657022,Drummondita calida,Rutaceae,1,1,1,1,1,Drummondita calida,wfo-0000657022,Drummondita calida,Rutaceae,exact_unique,exact
Drynaria propinqua,drynaria propinqua,drynaria propinqua,2,2,1,1,1,Drynaria propinqua,wfo-0001122949,Drynaria propinqua,Polypodiaceae,2,2,1,1,1,Drynaria propinqua,wfo-0001122949,Drynaria propinqua,Polypodiaceae,exact_unique,exact
Dryopteris crassirhizoma,dryopteris crassirhizoma,dryopteris crassirhizoma,1,1,1,1,1,Dryopteris crassirhizoma,wfo-0000748044,Dryopteris crassirhizoma,Dryopteridaceae,1,1,1,1,1,Dryopteris crassirhizoma,wfo-0000748044,Dryopteris crassirhizoma,Dryopteridaceae,exact_unique,exact
Dubautia arborea,dubautia arborea,dubautia arborea,1,1,1,1,1,Dubautia arborea,wfo-0000087018,Dubautia arborea,Asteraceae,1,1,1,1,1,Dubautia arborea,wfo-0000087018,Dubautia arborea,Asteraceae,exact_unique,exact
Dysphania ambrosioides,dysphania ambrosioides,dysphania ambrosioides,1,1,1,1,1,Dysphania ambrosioides,wfo-0000658867,Dysphania ambrosioides,Amaranthaceae,1,1,1,1,1,Dysphania ambrosioides,wfo-0000658867,Dysphania ambrosioides,Amaranthaceae,exact_unique,exact
Dysphania graveolens,dysphania graveolens,dysphania graveolens,2,2,1,1,1,Dysphania graveolens,wfo-0000601414,Chenopodium incisum,Amaranthaceae,2,2,1,1,1,Dysphania graveolens,wfo-0000601414,Chenopodium incisum,Amaranthaceae,exact_unique,exact
Dysphania procera,dysphania procera,dysphania procera,1,1,1,1,1,Dysphania procera,wfo-0000743795,Dysphania procera,Amaranthaceae,1,1,1,1,1,Dysphania procera,wfo-0000743795,Dysphania procera,Amaranthaceae,exact_unique,exact
Echinocereus coccineus,echinocereus coccineus,echinocereus coccineus,1,1,1,1,1,Echinocereus coccineus,wfo-0000661214,Echinocereus coccineus,Cactaceae,1,1,1,1,1,Echinocereus coccineus,wfo-0000661214,Echinocereus coccineus,Cactaceae,exact_unique,exact
Echinocereus triglochidiatus,echinocereus triglochidiatus,echinocereus triglochidiatus,1,1,1,1,1,Echinocereus triglochidiatus,wfo-0000661560,Echinocereus triglochidiatus,Cactaceae,1,1,1,1,1,Echinocereus triglochidiatus,wfo-0000661560,Echinocereus triglochidiatus,Cactaceae,exact_unique,exact
Echinops niveus,echinops niveus,echinops niveus,3,3,1,1,1,Echinops niveus,wfo-0000066135,Echinops niveus,Asteraceae,3,3,1,1,1,Echinops niveus,wfo-0000066135,Echinops niveus,Asteraceae,exact_unique,exact
Echinospartum horridum,echinospartum horridum,echinospartum horridum,2,2,1,1,1,Echinospartum horridum,wfo-0000186911,Echinospartum horridum,Fabaceae,2,2,1,1,1,Echinospartum horridum,wfo-0000186911,Echinospartum horridum,Fabaceae,exact_unique,exact
Echiochilon fruticosum,echiochilon fruticosum,echiochilon fruticosum,1,1,1,1,1,Echiochilon fruticosum,wfo-0000662596,Echiochilon fruticosum,Boraginaceae,1,1,1,1,1,Echiochilon fruticosum,wfo-0000662596,Echiochilon fruticosum,Boraginaceae,exact_unique,exact
Eclipta alba,eclipta alba,eclipta alba,2,2,1,1,1,Eclipta alba,wfo-0000108811,Eclipta prostrata,Asteraceae,2,2,1,1,1,Eclipta alba,wfo-0000108811,Eclipta prostrata,Asteraceae,exact_unique,exact
Eichhornia crassipes,eichhornia crassipes,eichhornia crassipes,1,1,1,1,1,Eichhornia crassipes,wfo-0000501039,Pontederia crassipes,Pontederiaceae,1,1,1,1,1,Eichhornia crassipes,wfo-0000501039,Pontederia crassipes,Pontederiaceae,exact_unique,exact
Ekebergia capensis,ekebergia capensis,ekebergia capensis,1,1,1,1,1,Ekebergia capensis,wfo-0000663623,Ekebergia capensis,Meliaceae,1,1,1,1,1,Ekebergia capensis,wfo-0000663623,Ekebergia capensis,Meliaceae,exact_unique,exact
Elaeodendron croceum,elaeodendron croceum,elaeodendron croceum,1,1,1,1,1,Elaeodendron croceum,wfo-0000664930,Elaeodendron croceum,Celastraceae,1,1,1,1,1,Elaeodendron croceum,wfo-0000664930,Elaeodendron croceum,Celastraceae,exact_unique,exact
Elaeodendron transvaalense,elaeodendron transvaalense,elaeodendron transvaalense,1,1,1,1,1,Elaeodendron transvaalense,wfo-0000665029,Elaeodendron transvaalense,Celastraceae,1,1,1,1,1,Elaeodendron transvaalense,wfo-0000665029,Elaeodendron transvaalense,Celastraceae,exact_unique,exact
Electranthera mutica,electranthera mutica,electranthera mutica,1,1,1,1,1,Electranthera mutica,wfo-0001330568,Electranthera mutica,Asteraceae,1,1,1,1,1,Electranthera mutica,wfo-0001330568,Electranthera mutica,Asteraceae,exact_unique,exact
Eleocharis brassii,eleocharis brassii,eleocharis brassii,1,1,1,1,1,Eleocharis brassii,wfo-0000403141,Eleocharis brassii,Cyperaceae,1,1,1,1,1,Eleocharis brassii,wfo-0000403141,Eleocharis brassii,Cyperaceae,exact_unique,exact
Eleocharis cylindrostachys,eleocharis cylindrostachys,eleocharis cylindrostachys,1,1,1,1,1,Eleocharis cylindrostachys,wfo-0000403669,Eleocharis cylindrostachys,Cyperaceae,1,1,1,1,1,Eleocharis cylindrostachys,wfo-0000403669,Eleocharis cylindrostachys,Cyperaceae,exact_unique,exact
Eleocharis dulcis,eleocharis dulcis,eleocharis dulcis,1,1,1,1,1,Eleocharis dulcis,wfo-0000403815,Eleocharis dulcis,Cyperaceae,1,1,1,1,1,Eleocharis dulcis,wfo-0000403815,Eleocharis dulcis,Cyperaceae,exact_unique,exact
Eleocharis pallens,eleocharis pallens,eleocharis pallens,1,1,1,1,1,Eleocharis pallens,wfo-0000405576,Eleocharis pallens,Cyperaceae,1,1,1,1,1,Eleocharis pallens,wfo-0000405576,Eleocharis pallens,Cyperaceae,exact_unique,exact
Eleocharis sphacelata,eleocharis sphacelata,eleocharis sphacelata,1,1,1,1,1,Eleocharis sphacelata,wfo-0000406131,Eleocharis sphacelata,Cyperaceae,1,1,1,1,1,Eleocharis sphacelata,wfo-0000406131,Eleocharis sphacelata,Cyperaceae,exact_unique,exact
Elephantorrhiza goetzei,elephantorrhiza goetzei,elephantorrhiza goetzei,1,1,1,1,1,Elephantorrhiza goetzei,wfo-1000040053,Entada goetzei,Fabaceae,1,1,1,1,1,Elephantorrhiza goetzei,wfo-1000040053,Entada goetzei,Fabaceae,exact_unique,exact
Eleutherococcus brachypus,eleutherococcus brachypus,eleutherococcus brachypus,1,1,1,1,1,Eleutherococcus brachypus,wfo-0000948048,Eleutherococcus brachypus,Araliaceae,1,1,1,1,1,Eleutherococcus brachypus,wfo-0000948048,Eleutherococcus brachypus,Araliaceae,exact_unique,exact
Elsholtzia bodinieri,elsholtzia bodinieri,elsholtzia bodinieri,1,1,1,1,1,Elsholtzia bodinieri,wfo-0000948358,Elsholtzia bodinieri,Lamiaceae,1,1,1,1,1,Elsholtzia bodinieri,wfo-0000948358,Elsholtzia bodinieri,Lamiaceae,exact_unique,exact
Embelia ribes,embelia ribes,embelia ribes,1,1,1,1,1,Embelia ribes,wfo-0000666970,Embelia ribes,Primulaceae,1,1,1,1,1,Embelia ribes,wfo-0000666970,Embelia ribes,Primulaceae,exact_unique,exact
Empetrum nigrum,empetrum nigrum,empetrum nigrum,1,1,1,1,1,Empetrum nigrum,wfo-0000667231,Empetrum nigrum,Ericaceae,1,1,1,1,1,Empetrum nigrum,wfo-0000667231,Empetrum nigrum,Ericaceae,exact_unique,exact
Encelia,encelia,encelia,1,1,1,1,1,Encelia,wfo-4000013357,Encelia,Asteraceae,1,1,1,1,1,Encelia,wfo-4000013357,Encelia,Asteraceae,exact_unique,exact
Encelia actonii,encelia actonii,encelia actonii,1,1,1,1,1,Encelia actonii,wfo-1000040481,Encelia actonii,Asteraceae,1,1,1,1,1,Encelia actonii,wfo-1000040481,Encelia actonii,Asteraceae,exact_unique,exact
Encelia asperifolia,encelia asperifolia,encelia asperifolia,1,1,1,1,1,Encelia asperifolia,wfo-0000058930,Encelia asperifolia,Asteraceae,1,1,1,1,1,Encelia asperifolia,wfo-0000058930,Encelia asperifolia,Asteraceae,exact_unique,exact
Encelia canescens,encelia canescens,encelia canescens,2,2,1,1,1,Encelia canescens,wfo-0000131052,Encelia canescens,Asteraceae,2,2,1,1,1,Encelia canescens,wfo-0000131052,Encelia canescens,Asteraceae,exact_unique,exact
Encelia frutescens,encelia frutescens,encelia frutescens,1,1,1,1,1,Encelia frutescens,wfo-0000109223,Encelia frutescens,Asteraceae,1,1,1,1,1,Encelia frutescens,wfo-0000109223,Encelia frutescens,Asteraceae,exact_unique,exact
Encelia laciniata,encelia laciniata,encelia laciniata,1,1,1,1,1,Encelia laciniata,wfo-0000122986,Encelia laciniata,Asteraceae,1,1,1,1,1,Encelia laciniata,wfo-0000122986,Encelia laciniata,Asteraceae,exact_unique,exact
Encelia stenophylla,encelia stenophylla,encelia stenophylla,1,1,1,1,1,Encelia stenophylla,wfo-0000024104,Encelia stenophylla,Asteraceae,1,1,1,1,1,Encelia stenophylla,wfo-0000024104,Encelia stenophylla,Asteraceae,exact_unique,exact
Encelia ventorum,encelia ventorum,encelia ventorum,1,1,1,1,1,Encelia ventorum,wfo-0000071719,Encelia ventorum,Asteraceae,1,1,1,1,1,Encelia ventorum,wfo-0000071719,Encelia ventorum,Asteraceae,exact_unique,exact
Encelia virginensis,encelia virginensis,encelia virginensis,1,1,1,1,1,Encelia virginensis,wfo-0000014822,Encelia virginensis,Asteraceae,1,1,1,1,1,Encelia virginensis,wfo-0000014822,Encelia virginensis,Asteraceae,exact_unique,exact
Enceliopsis nudicaulis,enceliopsis nudicaulis,enceliopsis nudicaulis,1,1,1,1,1,Enceliopsis nudicaulis,wfo-0000128841,Enceliopsis nudicaulis,Asteraceae,1,1,1,1,1,Enceliopsis nudicaulis,wfo-0000128841,Enceliopsis nudicaulis,Asteraceae,exact_unique,exact
Endodesmia calophylloides,endodesmia calophylloides,endodesmia calophylloides,1,1,1,1,1,Endodesmia calophylloides,wfo-0000667843,Endodesmia calophylloides,Calophyllaceae,1,1,1,1,1,Endodesmia calophylloides,wfo-0000667843,Endodesmia calophylloides,Calophyllaceae,exact_unique,exact
Endosamara racemosa,endosamara racemosa,endosamara racemosa,1,1,1,1,1,Endosamara racemosa,wfo-0000193220,Endosamara racemosa,Fabaceae,1,1,1,1,1,Endosamara racemosa,wfo-0000193220,Endosamara racemosa,Fabaceae,exact_unique,exact
Enkianthus nudipes,enkianthus nudipes,enkianthus nudipes,1,1,1,1,1,Enkianthus nudipes,wfo-0000668083,Enkianthus nudipes,Ericaceae,1,1,1,1,1,Enkianthus nudipes,wfo-0000668083,Enkianthus nudipes,Ericaceae,exact_unique,exact
Enkleia malaccensis,enkleia malaccensis,enkleia malaccensis,1,1,1,1,1,Enkleia malaccensis,wfo-0000668118,Enkleia malaccensis,Thymelaeaceae,1,1,1,1,1,Enkleia malaccensis,wfo-0000668118,Enkleia malaccensis,Thymelaeaceae,exact_unique,exact
Entada pervillei,entada pervillei,entada pervillei,1,1,1,1,1,Entada pervillei,wfo-0000195894,Entada pervillei,Fabaceae,1,1,1,1,1,Entada pervillei,wfo-0000195894,Entada pervillei,Fabaceae,exact_unique,exact
Entada phaseoloides,entada phaseoloides,entada phaseoloides,1,1,1,1,1,Entada phaseoloides,wfo-0000192476,Entada phaseoloides,Fabaceae,1,1,1,1,1,Entada phaseoloides,wfo-0000192476,Entada phaseoloides,Fabaceae,exact_unique,exact
Entandrophragma cylindricum,entandrophragma cylindricum,entandrophragma cylindricum,1,1,1,1,1,Entandrophragma cylindricum,wfo-0000668215,Entandrophragma cylindricum,Meliaceae,1,1,1,1,1,Entandrophragma cylindricum,wfo-0000668215,Entandrophragma cylindricum,Meliaceae,exact_unique,exact
Ephedra,ephedra,ephedra,1,1,1,1,1,Ephedra,wfo-4000013540,Ephedra,Ephedraceae,1,1,1,1,1,Ephedra,wfo-4000013540,Ephedra,Ephedraceae,exact_unique,exact
Ephedra frustillata,ephedra frustillata,ephedra frustillata,1,1,1,1,1,Ephedra frustillata,wfo-0000794369,Ephedra frustillata,Ephedraceae,1,1,1,1,1,Ephedra frustillata,wfo-0000794369,Ephedra frustillata,Ephedraceae,exact_unique,exact
Ephedra sinica,ephedra sinica,ephedra sinica,1,1,1,1,1,Ephedra sinica,wfo-0000794481,Ephedra sinica,Ephedraceae,1,1,1,1,1,Ephedra sinica,wfo-0000794481,Ephedra sinica,Ephedraceae,exact_unique,exact
Epilobium angustifolium,epilobium angustifolium,epilobium angustifolium,1,1,1,1,1,Epilobium angustifolium,wfo-0000668750,Epilobium angustifolium,Onagraceae,1,1,1,1,1,Epilobium angustifolium,wfo-0000668750,Epilobium angustifolium,Onagraceae,exact_unique,exact
Epimedium davidii,epimedium davidii,epimedium davidii,1,1,1,1,1,Epimedium davidii,wfo-0000669973,Epimedium davidii,Berberidaceae,1,1,1,1,1,Epimedium davidii,wfo-0000669973,Epimedium davidii,Berberidaceae,exact_unique,exact
Epimedium grandiflorum,epimedium grandiflorum,epimedium grandiflorum,1,1,1,1,1,Epimedium grandiflorum,wfo-0000669993,Epimedium grandiflorum,Berberidaceae,1,1,1,1,1,Epimedium grandiflorum,wfo-0000669993,Epimedium grandiflorum,Berberidaceae,exact_unique,exact
Epimedium pubescens,epimedium pubescens,epimedium pubescens,1,1,1,1,1,Epimedium pubescens,wfo-0000670064,Epimedium pubescens,Berberidaceae,1,1,1,1,1,Epimedium pubescens,wfo-0000670064,Epimedium pubescens,Berberidaceae,exact_unique,exact
Epimedium sagittatum,epimedium sagittatum,epimedium sagittatum,1,1,1,1,1,Epimedium sagittatum,wfo-0000670078,Epimedium sagittatum,Berberidaceae,1,1,1,1,1,Epimedium sagittatum,wfo-0000670078,Epimedium sagittatum,Berberidaceae,exact_unique,exact
Eragrostis tef,eragrostis tef,eragrostis tef,1,1,1,1,1,Eragrostis tef,wfo-0000868504,Eragrostis tef,Poaceae,1,1,1,1,1,Eragrostis tef,wfo-0000868504,Eragrostis tef,Poaceae,exact_unique,exact
Eremocitrus glauca,eremocitrus glauca,eremocitrus glauca,1,1,1,1,1,Eremocitrus glauca,wfo-0000608023,Citrus glauca,Rutaceae,1,1,1,1,1,Eremocitrus glauca,wfo-0000608023,Citrus glauca,Rutaceae,exact_unique,exact
Eremophila flaccida,eremophila flaccida,eremophila flaccida,1,1,1,1,1,Eremophila flaccida,wfo-0000507151,Eremophila flaccida,Scrophulariaceae,1,1,1,1,1,Eremophila flaccida,wfo-0000507151,Eremophila flaccida,Scrophulariaceae,exact_unique,exact
Eria parviflora,eria parviflora,eria parviflora,1,1,1,1,1,Eria parviflora,wfo-0000341978,Bryobium erioides,Orchidaceae,1,1,1,1,1,Eria parviflora,wfo-0000341978,Bryobium erioides,Orchidaceae,exact_unique,exact
Erica cinerea,erica cinerea,erica cinerea,1,1,1,1,1,Erica cinerea,wfo-0000671681,Erica cinerea,Ericaceae,1,1,1,1,1,Erica cinerea,wfo-0000671681,Erica cinerea,Ericaceae,exact_unique,exact
Eriobotrya japonica,eriobotrya japonica,eriobotrya japonica,1,1,1,1,1,Eriobotrya japonica,wfo-0000986002,Eriobotrya japonica,Rosaceae,1,1,1,1,1,Eriobotrya japonica,wfo-0000986002,Eriobotrya japonica,Rosaceae,exact_unique,exact
Eriocaulon buergerianum,eriocaulon buergerianum,eriocaulon buergerianum,1,1,1,1,1,Eriocaulon buergerianum,wfo-0000409554,Eriocaulon buergerianum,Eriocaulaceae,1,1,1,1,1,Eriocaulon buergerianum,wfo-0000409554,Eriocaulon buergerianum,Eriocaulaceae,exact_unique,exact
Eriocaulon cinereum,eriocaulon cinereum,eriocaulon cinereum,1,1,1,1,1,Eriocaulon cinereum,wfo-0000409845,Eriocaulon cinereum,Eriocaulaceae,1,1,1,1,1,Eriocaulon cinereum,wfo-0000409845,Eriocaulon cinereum,Eriocaulaceae,exact_unique,exact
Eriodictyon angustifolium,eriodictyon angustifolium,eriodictyon angustifolium,1,1,1,1,1,Eriodictyon angustifolium,wfo-0000674362,Eriodictyon angustifolium,Namaceae,1,1,1,1,1,Eriodictyon angustifolium,wfo-0000674362,Eriodictyon angustifolium,Namaceae,exact_unique,exact
Eriodictyon californicum,eriodictyon californicum,eriodictyon californicum,3,3,1,1,1,Eriodictyon californicum,wfo-0001066643,Eriodictyon californicum,Namaceae,3,3,1,1,1,Eriodictyon californicum,wfo-0001066643,Eriodictyon californicum,Namaceae,exact_unique,exact
Eriolobus trilobatus,eriolobus trilobatus,eriolobus trilobatus,2,2,1,1,1,Eriolobus trilobatus,wfo-0000997960,Eriolobus trilobatus,Rosaceae,2,2,1,1,1,Eriolobus trilobatus,wfo-0000997960,Eriolobus trilobatus,Rosaceae,exact_unique,exact
Eriophorum scheuchzeri,eriophorum scheuchzeri,eriophorum scheuchzeri,1,1,1,1,1,Eriophorum scheuchzeri,wfo-0000415114,Eriophorum scheuchzeri,Cyperaceae,1,1,1,1,1,Eriophorum scheuchzeri,wfo-0000415114,Eriophorum scheuchzeri,Cyperaceae,exact_unique,exact
Eriosema chinense,eriosema chinense,eriosema chinense,1,1,1,1,1,Eriosema chinense,wfo-0000188411,Eriosema chinense,Fabaceae,1,1,1,1,1,Eriosema chinense,wfo-0000188411,Eriosema chinense,Fabaceae,exact_unique,exact
Eriosema kraussianum,eriosema kraussianum,eriosema kraussianum,1,1,1,1,1,Eriosema kraussianum,wfo-0000195450,Eriosema kraussianum,Fabaceae,1,1,1,1,1,Eriosema kraussianum,wfo-0000195450,Eriosema kraussianum,Fabaceae,exact_unique,exact
Eriostemon cynobiformis,eriostemon cynobiformis,eriostemon cynobiformis,1,1,1,1,1,Eriostemon cynobiformis,wfo-0000675886,Eriostemon cynobiformis,Rutaceae,1,1,1,1,1,Eriostemon cynobiformis,wfo-0000675886,Eriostemon cynobiformis,Rutaceae,exact_unique,exact
Erodium cicutarium,erodium cicutarium,erodium cicutarium,1,1,1,1,1,Erodium cicutarium,wfo-0000676799,Erodium cicutarium,Geraniaceae,10,10,4,4,1,Erodium cicutarium | Erodium cicutarium prol. bipinnatum | Erodium cicutarium prol. cariotii | Erodium cicutarium prol. dissectum | Erodium cicutarium prol. fallax | Erodium cicutarium prol. pimpinellifolium | Erodium cicutarium prol. primulaceum | Erodium cicutarium prol. provinciale | Erodium cicutarium prol. romanum | Erodium cicutarium unranked primulaceum,wfo-0000676689 | wfo-0000676692 | wfo-0000676799 | wfo-0000676844,Erodium × fallax | Erodium acaule | Erodium aethiopicum | Erodium cicutarium,Geraniaceae,exact_unique,exact
Erycibe expansa,erycibe expansa,erycibe expansa,1,1,1,1,1,Erycibe expansa,wfo-0001298936,Erycibe expansa,Convolvulaceae,1,1,1,1,1,Erycibe expansa,wfo-0001298936,Erycibe expansa,Convolvulaceae,exact_unique,exact
Erythrina addisoniae,erythrina addisoniae,erythrina addisoniae,1,1,1,1,1,Erythrina addisoniae,wfo-0000180521,Erythrina addisoniae,Fabaceae,1,1,1,1,1,Erythrina addisoniae,wfo-0000180521,Erythrina addisoniae,Fabaceae,exact_unique,exact
Erythrina berteroana,erythrina berteroana,erythrina berteroana,1,1,1,1,1,Erythrina berteroana,wfo-0000180543,Erythrina berteroana,Fabaceae,1,1,1,1,1,Erythrina berteroana,wfo-0000180543,Erythrina berteroana,Fabaceae,exact_unique,exact
Erythrina burana,erythrina burana,erythrina burana,1,1,1,1,1,Erythrina burana,wfo-0000180575,Erythrina burana,Fabaceae,1,1,1,1,1,Erythrina burana,wfo-0000180575,Erythrina burana,Fabaceae,exact_unique,exact
Erythrina burttii,erythrina burttii,erythrina burttii,1,1,1,1,1,Erythrina burttii,wfo-0000180586,Erythrina burttii,Fabaceae,1,1,1,1,1,Erythrina burttii,wfo-0000180586,Erythrina burttii,Fabaceae,exact_unique,exact
Erythrina costaricensis,erythrina costaricensis,erythrina costaricensis,1,1,1,1,1,Erythrina costaricensis,wfo-0000165885,Erythrina costaricensis,Fabaceae,1,1,1,1,1,Erythrina costaricensis,wfo-0000165885,Erythrina costaricensis,Fabaceae,exact_unique,exact
Erythrina crista-galli,erythrina crista-galli,erythrina crista-galli,1,1,1,1,1,Erythrina crista-galli,wfo-0000180641,Erythrina crista-galli,Fabaceae,1,1,1,1,1,Erythrina crista-galli,wfo-0000180641,Erythrina crista-galli,Fabaceae,exact_unique,exact
Erythrina excelsa,erythrina excelsa,erythrina excelsa,1,1,1,1,1,Erythrina excelsa,wfo-0000180715,Erythrina excelsa,Fabaceae,1,1,1,1,1,Erythrina excelsa,wfo-0000180715,Erythrina excelsa,Fabaceae,exact_unique,exact
Erythrina fusca,erythrina fusca,erythrina fusca,1,1,1,1,1,Erythrina fusca,wfo-0000180759,Erythrina fusca,Fabaceae,1,1,1,1,1,Erythrina fusca,wfo-0000180759,Erythrina fusca,Fabaceae,exact_unique,exact
Erythrina herbacea,erythrina herbacea,erythrina herbacea,1,1,1,1,1,Erythrina herbacea,wfo-0000165896,Erythrina herbacea,Fabaceae,1,1,1,1,1,Erythrina herbacea,wfo-0000165896,Erythrina herbacea,Fabaceae,exact_unique,exact
Erythrina indica,erythrina indica,erythrina indica,1,1,1,1,1,Erythrina indica,wfo-0000181193,Erythrina variegata,Fabaceae,1,1,1,1,1,Erythrina indica,wfo-0000181193,Erythrina variegata,Fabaceae,exact_unique,exact
Erythrina latissima,erythrina latissima,erythrina latissima,1,1,1,1,1,Erythrina latissima,wfo-0000180886,Erythrina latissima,Fabaceae,1,1,1,1,1,Erythrina latissima,wfo-0000180886,Erythrina latissima,Fabaceae,exact_unique,exact
Erythrina lysistemon,erythrina lysistemon,erythrina lysistemon,1,1,1,1,1,Erythrina lysistemon,wfo-0000180919,Erythrina lysistemon,Fabaceae,1,1,1,1,1,Erythrina lysistemon,wfo-0000180919,Erythrina lysistemon,Fabaceae,exact_unique,exact
Erythrina mildbraedii,erythrina mildbraedii,erythrina mildbraedii,1,1,1,1,1,Erythrina mildbraedii,wfo-0000181003,Erythrina mildbraedii,Fabaceae,1,1,1,1,1,Erythrina mildbraedii,wfo-0000181003,Erythrina mildbraedii,Fabaceae,exact_unique,exact
Erythrina poeppigiana,erythrina poeppigiana,erythrina poeppigiana,1,1,1,1,1,Erythrina poeppigiana,wfo-0000165906,Erythrina poeppigiana,Fabaceae,1,1,1,1,1,Erythrina poeppigiana,wfo-0000165906,Erythrina poeppigiana,Fabaceae,exact_unique,exact
Erythrina sacleuxii,erythrina sacleuxii,erythrina sacleuxii,1,1,1,1,1,Erythrina sacleuxii,wfo-0000181098,Erythrina sacleuxii,Fabaceae,1,1,1,1,1,Erythrina sacleuxii,wfo-0000181098,Erythrina sacleuxii,Fabaceae,exact_unique,exact
Erythrina sandwicensis,erythrina sandwicensis,erythrina sandwicensis,1,1,1,1,1,Erythrina sandwicensis,wfo-0000186915,Erythrina sandwicensis,Fabaceae,1,1,1,1,1,Erythrina sandwicensis,wfo-0000186915,Erythrina sandwicensis,Fabaceae,exact_unique,exact
Erythrina senegalensis,erythrina senegalensis,erythrina senegalensis,1,1,1,1,1,Erythrina senegalensis,wfo-0000181131,Erythrina senegalensis,Fabaceae,1,1,1,1,1,Erythrina senegalensis,wfo-0000181131,Erythrina senegalensis,Fabaceae,exact_unique,exact
Erythrina sigmoidea,erythrina sigmoidea,erythrina sigmoidea,1,1,1,1,1,Erythrina sigmoidea,wfo-0000181143,Erythrina sigmoidea,Fabaceae,1,1,1,1,1,Erythrina sigmoidea,wfo-0000181143,Erythrina sigmoidea,Fabaceae,exact_unique,exact
Erythrina subumbrans,erythrina subumbrans,erythrina subumbrans,1,1,1,1,1,Erythrina subumbrans,wfo-0000185021,Erythrina subumbrans,Fabaceae,1,1,1,1,1,Erythrina subumbrans,wfo-0000185021,Erythrina subumbrans,Fabaceae,exact_unique,exact
Erythrina variegata,erythrina variegata,erythrina variegata,1,1,1,1,1,Erythrina variegata,wfo-0000181193,Erythrina variegata,Fabaceae,1,1,1,1,1,Erythrina variegata,wfo-0000181193,Erythrina variegata,Fabaceae,exact_unique,exact
Erythrina velutina,erythrina velutina,erythrina velutina,1,1,1,1,1,Erythrina velutina,wfo-0000181214,Erythrina velutina,Fabaceae,1,1,1,1,1,Erythrina velutina,wfo-0000181214,Erythrina velutina,Fabaceae,exact_unique,exact
Erythrina vogelii,erythrina vogelii,erythrina vogelii,1,1,1,1,1,Erythrina vogelii,wfo-0000181225,Erythrina vogelii,Fabaceae,1,1,1,1,1,Erythrina vogelii,wfo-0000181225,Erythrina vogelii,Fabaceae,exact_unique,exact
Erythrina zeyheri,erythrina zeyheri,erythrina zeyheri,1,1,1,1,1,Erythrina zeyheri,wfo-0000181259,Erythrina zeyheri,Fabaceae,1,1,1,1,1,Erythrina zeyheri,wfo-0000181259,Erythrina zeyheri,Fabaceae,exact_unique,exact
Erythroxylum barbatum,erythroxylum barbatum,erythroxylum barbatum,1,1,1,1,1,Erythroxylum barbatum,wfo-0000679703,Erythroxylum barbatum,Erythroxylaceae,1,1,1,1,1,Erythroxylum barbatum,wfo-0000679703,Erythroxylum barbatum,Erythroxylaceae,exact_unique,exact
Erythroxylum cambodianum,erythroxylum cambodianum,erythroxylum cambodianum,1,1,1,1,1,Erythroxylum cambodianum,wfo-0000679732,Erythroxylum cambodianum,Erythroxylaceae,1,1,1,1,1,Erythroxylum cambodianum,wfo-0000679732,Erythroxylum cambodianum,Erythroxylaceae,exact_unique,exact
Erythroxylum campestre,erythroxylum campestre,erythroxylum campestre,1,1,1,1,1,Erythroxylum campestre,wfo-0000679734,Erythroxylum campestre,Erythroxylaceae,1,1,1,1,1,Erythroxylum campestre,wfo-0000679734,Erythroxylum campestre,Erythroxylaceae,exact_unique,exact
Erythroxylum cuspidifolium,erythroxylum cuspidifolium,erythroxylum cuspidifolium,1,1,1,1,1,Erythroxylum cuspidifolium,wfo-0000679793,Erythroxylum cuspidifolium,Erythroxylaceae,1,1,1,1,1,Erythroxylum cuspidifolium,wfo-0000679793,Erythroxylum cuspidifolium,Erythroxylaceae,exact_unique,exact
Erythroxylum leal-costae,erythroxylum leal-costae,erythroxylum leal-costae,1,1,1,1,1,Erythroxylum leal-costae,wfo-0000679926,Erythroxylum leal-costae,Erythroxylaceae,1,1,1,1,1,Erythroxylum leal-costae,wfo-0000679926,Erythroxylum leal-costae,Erythroxylaceae,exact_unique,exact
Erythroxylum novogranatense,erythroxylum novogranatense,erythroxylum novogranatense,1,1,1,1,1,Erythroxylum novogranatense,wfo-0000680010,Erythroxylum novogranatense,Erythroxylaceae,1,1,1,1,1,Erythroxylum novogranatense,wfo-0000680010,Erythroxylum novogranatense,Erythroxylaceae,exact_unique,exact
Erythroxylum passerinum,erythroxylum passerinum,erythroxylum passerinum,1,1,1,1,1,Erythroxylum passerinum,wfo-0000680040,Erythroxylum passerinum,Erythroxylaceae,1,1,1,1,1,Erythroxylum passerinum,wfo-0000680040,Erythroxylum passerinum,Erythroxylaceae,exact_unique,exact
Erythroxylum pruinosum,erythroxylum pruinosum,erythroxylum pruinosum,1,1,1,1,1,Erythroxylum pruinosum,wfo-0000680067,Erythroxylum pruinosum,Erythroxylaceae,1,1,1,1,1,Erythroxylum pruinosum,wfo-0000680067,Erythroxylum pruinosum,Erythroxylaceae,exact_unique,exact
Erythroxylum rufum,erythroxylum rufum,erythroxylum rufum,1,1,1,1,1,Erythroxylum rufum,wfo-0000680092,Erythroxylum rufum,Erythroxylaceae,1,1,1,1,1,Erythroxylum rufum,wfo-0000680092,Erythroxylum rufum,Erythroxylaceae,exact_unique,exact
Erythroxylum suberosum,erythroxylum suberosum,erythroxylum suberosum,1,1,1,1,1,Erythroxylum suberosum,wfo-0000680133,Erythroxylum suberosum,Erythroxylaceae,1,1,1,1,1,Erythroxylum suberosum,wfo-0000680133,Erythroxylum suberosum,Erythroxylaceae,exact_unique,exact
Erythroxylum ulei,erythroxylum ulei,erythroxylum ulei,1,1,1,1,1,Erythroxylum ulei,wfo-0000680156,Erythroxylum ulei,Erythroxylaceae,1,1,1,1,1,Erythroxylum ulei,wfo-0000680156,Erythroxylum ulei,Erythroxylaceae,exact_unique,exact
Eschenbachia blinii,eschenbachia blinii,eschenbachia blinii,1,1,1,1,1,Eschenbachia blinii,wfo-0000750792,Eschenbachia blinii,Asteraceae,1,1,1,1,1,Eschenbachia blinii,wfo-0000750792,Eschenbachia blinii,Asteraceae,exact_unique,exact
Eschscholzia californica,eschscholzia californica,eschscholzia californica,1,1,1,1,1,Eschscholzia californica,wfo-0000680430,Eschscholzia californica,Papaveraceae,1,1,1,1,1,Eschscholzia californica,wfo-0000680430,Eschscholzia californica,Papaveraceae,exact_unique,exact
Eschweilera coriacea,eschweilera coriacea,eschweilera coriacea,1,1,1,1,1,Eschweilera coriacea,wfo-0000775226,Eschweilera coriacea,Lecythidaceae,1,1,1,1,1,Eschweilera coriacea,wfo-0000775226,Eschweilera coriacea,Lecythidaceae,exact_unique,exact
Esenbeckia berlandieri,esenbeckia berlandieri,esenbeckia berlandieri,1,1,1,1,1,Esenbeckia berlandieri,wfo-0000680772,Esenbeckia berlandieri,Rutaceae,1,1,1,1,1,Esenbeckia berlandieri,wfo-0000680772,Esenbeckia berlandieri,Rutaceae,exact_unique,exact
Esenbeckia grandiflora,esenbeckia grandiflora,esenbeckia grandiflora,1,1,1,1,1,Esenbeckia grandiflora,wfo-0000680797,Esenbeckia grandiflora,Rutaceae,1,1,1,1,1,Esenbeckia grandiflora,wfo-0000680797,Esenbeckia grandiflora,Rutaceae,exact_unique,exact
Etlingera littoralis,etlingera littoralis,etlingera littoralis,1,1,1,1,1,Etlingera littoralis,wfo-0000415636,Etlingera littoralis,Zingiberaceae,1,1,1,1,1,Etlingera littoralis,wfo-0000415636,Etlingera littoralis,Zingiberaceae,exact_unique,exact
Eucalyptus alba,eucalyptus alba,eucalyptus alba,1,1,1,1,1,Eucalyptus alba,wfo-0000954367,Eucalyptus alba,Myrtaceae,1,1,1,1,1,Eucalyptus alba,wfo-0000954367,Eucalyptus alba,Myrtaceae,exact_unique,exact
Eucalyptus camaldulensis,eucalyptus camaldulensis,eucalyptus camaldulensis,1,1,1,1,1,Eucalyptus camaldulensis,wfo-0000954597,Eucalyptus camaldulensis,Myrtaceae,1,1,1,1,1,Eucalyptus camaldulensis,wfo-0000954597,Eucalyptus camaldulensis,Myrtaceae,exact_unique,exact
Eucalyptus consideniana,eucalyptus consideniana,eucalyptus consideniana,1,1,1,1,1,Eucalyptus consideniana,wfo-0000954699,Eucalyptus consideniana,Myrtaceae,1,1,1,1,1,Eucalyptus consideniana,wfo-0000954699,Eucalyptus consideniana,Myrtaceae,exact_unique,exact
Eucalyptus cypellocarpa,eucalyptus cypellocarpa,eucalyptus cypellocarpa,1,1,1,1,1,Eucalyptus cypellocarpa,wfo-0000954770,Eucalyptus cypellocarpa,Myrtaceae,1,1,1,1,1,Eucalyptus cypellocarpa,wfo-0000954770,Eucalyptus cypellocarpa,Myrtaceae,exact_unique,exact
Eucalyptus globulus,eucalyptus globulus,eucalyptus globulus,1,1,1,1,1,Eucalyptus globulus,wfo-0000954998,Eucalyptus globulus,Myrtaceae,1,1,1,1,1,Eucalyptus globulus,wfo-0000954998,Eucalyptus globulus,Myrtaceae,exact_unique,exact
Eucalyptus loxophleba,eucalyptus loxophleba,eucalyptus loxophleba,1,1,1,1,1,Eucalyptus loxophleba,wfo-0000955280,Eucalyptus loxophleba,Myrtaceae,1,1,1,1,1,Eucalyptus loxophleba,wfo-0000955280,Eucalyptus loxophleba,Myrtaceae,exact_unique,exact
Eucalyptus maculata,eucalyptus maculata,eucalyptus maculata,1,1,1,1,1,Eucalyptus maculata,wfo-0000925549,Corymbia maculata,Myrtaceae,1,1,1,1,1,Eucalyptus maculata,wfo-0000925549,Corymbia maculata,Myrtaceae,exact_unique,exact
Eucalyptus nitens,eucalyptus nitens,eucalyptus nitens,1,1,1,1,1,Eucalyptus nitens,wfo-0000955429,Eucalyptus nitens,Myrtaceae,1,1,1,1,1,Eucalyptus nitens,wfo-0000955429,Eucalyptus nitens,Myrtaceae,exact_unique,exact
Eucalyptus ovata,eucalyptus ovata,eucalyptus ovata,1,1,1,1,1,Eucalyptus ovata,wfo-0000955524,Eucalyptus ovata,Myrtaceae,1,1,1,1,1,Eucalyptus ovata,wfo-0000955524,Eucalyptus ovata,Myrtaceae,exact_unique,exact
Eucalyptus sieberi,eucalyptus sieberi,eucalyptus sieberi,1,1,1,1,1,Eucalyptus sieberi,wfo-0000955901,Eucalyptus sieberi,Myrtaceae,1,1,1,1,1,Eucalyptus sieberi,wfo-0000955901,Eucalyptus sieberi,Myrtaceae,exact_unique,exact
Eucalyptus tereticornis,eucalyptus tereticornis,eucalyptus tereticornis,1,1,1,1,1,Eucalyptus tereticornis,wfo-0000956012,Eucalyptus tereticornis,Myrtaceae,1,1,1,1,1,Eucalyptus tereticornis,wfo-0000956012,Eucalyptus tereticornis,Myrtaceae,exact_unique,exact
Euchresta formosana,euchresta formosana,euchresta formosana,2,2,1,1,1,Euchresta formosana,wfo-0000186114,Euchresta formosana,Fabaceae,2,2,1,1,1,Euchresta formosana,wfo-0000186114,Euchresta formosana,Fabaceae,exact_unique,exact
Euchresta horsfieldii,euchresta horsfieldii,euchresta horsfieldii,1,1,1,1,1,Euchresta horsfieldii,wfo-0000186315,Euchresta horsfieldii,Fabaceae,1,1,1,1,1,Euchresta horsfieldii,wfo-0000186315,Euchresta horsfieldii,Fabaceae,exact_unique,exact
Euchresta japonica,euchresta japonica,euchresta japonica,3,3,1,1,1,Euchresta japonica,wfo-0000192259,Euchresta japonica,Fabaceae,3,3,1,1,1,Euchresta japonica,wfo-0000192259,Euchresta japonica,Fabaceae,exact_unique,exact
Euchresta tubulosa,euchresta tubulosa,euchresta tubulosa,1,1,1,1,1,Euchresta tubulosa,wfo-0000198724,Euchresta tubulosa,Fabaceae,1,1,1,1,1,Euchresta tubulosa,wfo-0000198724,Euchresta tubulosa,Fabaceae,exact_unique,exact
Euclea crispa,euclea crispa,euclea crispa,1,1,1,1,1,Euclea crispa,wfo-0000681074,Euclea crispa,Ebenaceae,1,1,1,1,1,Euclea crispa,wfo-0000681074,Euclea crispa,Ebenaceae,exact_unique,exact
Euclea divinorum,euclea divinorum,euclea divinorum,1,1,1,1,1,Euclea divinorum,wfo-0000681081,Euclea divinorum,Ebenaceae,1,1,1,1,1,Euclea divinorum,wfo-0000681081,Euclea divinorum,Ebenaceae,exact_unique,exact
Eucomis bicolor,eucomis bicolor,eucomis bicolor,1,1,1,1,1,Eucomis bicolor,wfo-0000767045,Eucomis bicolor,Asparagaceae,1,1,1,1,1,Eucomis bicolor,wfo-0000767045,Eucomis bicolor,Asparagaceae,exact_unique,exact
Eucomis comosa,eucomis comosa,eucomis comosa,1,1,1,1,1,Eucomis comosa,wfo-0000767049,Eucomis comosa,Asparagaceae,1,1,1,1,1,Eucomis comosa,wfo-0000767049,Eucomis comosa,Asparagaceae,exact_unique,exact
Eucomis montana,eucomis montana,eucomis montana,1,1,1,1,1,Eucomis montana,wfo-0000767053,Eucomis montana,Asparagaceae,1,1,1,1,1,Eucomis montana,wfo-0000767053,Eucomis montana,Asparagaceae,exact_unique,exact
Eucommia ulmoides,eucommia ulmoides,eucommia ulmoides,1,1,1,1,1,Eucommia ulmoides,wfo-0000681176,Eucommia ulmoides,Eucommiaceae,1,1,1,1,1,Eucommia ulmoides,wfo-0000681176,Eucommia ulmoides,Eucommiaceae,exact_unique,exact
Eucryphia glutinosa,eucryphia glutinosa,eucryphia glutinosa,1,1,1,1,1,Eucryphia glutinosa,wfo-0000681180,Eucryphia glutinosa,Cunoniaceae,1,1,1,1,1,Eucryphia glutinosa,wfo-0000681180,Eucryphia glutinosa,Cunoniaceae,exact_unique,exact
Eugenia brasiliensis,eugenia brasiliensis,eugenia brasiliensis,1,1,1,1,1,Eugenia brasiliensis,wfo-0000956594,Eugenia brasiliensis,Myrtaceae,1,1,1,1,1,Eugenia brasiliensis,wfo-0000956594,Eugenia brasiliensis,Myrtaceae,exact_unique,exact
Eugenia choapamensis,eugenia choapamensis,eugenia choapamensis,1,1,1,1,1,Eugenia choapamensis,wfo-0000956804,Eugenia choapamensis,Myrtaceae,1,1,1,1,1,Eugenia choapamensis,wfo-0000956804,Eugenia choapamensis,Myrtaceae,exact_unique,exact
Eugenia doubledayi,eugenia doubledayi,eugenia doubledayi,1,1,1,1,1,Eugenia doubledayi,wfo-0000957162,Eugenia doubledayi,Myrtaceae,1,1,1,1,1,Eugenia doubledayi,wfo-0000957162,Eugenia doubledayi,Myrtaceae,exact_unique,exact
Eugenia hirta,eugenia hirta,eugenia hirta,1,1,1,1,1,Eugenia hirta,wfo-0000957562,Eugenia hirta,Myrtaceae,1,1,1,1,1,Eugenia hirta,wfo-0000957562,Eugenia hirta,Myrtaceae,exact_unique,exact
Eugenia myrcianthes,eugenia myrcianthes,eugenia myrcianthes,1,1,1,1,1,Eugenia myrcianthes,wfo-0000958228,Eugenia myrcianthes,Myrtaceae,1,1,1,1,1,Eugenia myrcianthes,wfo-0000958228,Eugenia myrcianthes,Myrtaceae,exact_unique,exact
Eugenia prasina,eugenia prasina,eugenia prasina,1,1,1,1,1,Eugenia prasina,wfo-0000958664,Eugenia prasina,Myrtaceae,1,1,1,1,1,Eugenia prasina,wfo-0000958664,Eugenia prasina,Myrtaceae,exact_unique,exact
Eugenia punicifolia,eugenia punicifolia,eugenia punicifolia,1,1,1,1,1,Eugenia punicifolia,wfo-0000958741,Eugenia punicifolia,Myrtaceae,1,1,1,1,1,Eugenia punicifolia,wfo-0000958741,Eugenia punicifolia,Myrtaceae,exact_unique,exact
Eugenia selloi,eugenia selloi,eugenia selloi,1,1,1,1,1,Eugenia selloi,wfo-0000959028,Eugenia selloi,Myrtaceae,1,1,1,1,1,Eugenia selloi,wfo-0000959028,Eugenia selloi,Myrtaceae,exact_unique,exact
Eugenia spicata,eugenia spicata,eugenia spicata,1,1,1,1,1,Eugenia spicata,wfo-0000319677,Syzygium zeylanicum,Myrtaceae,1,1,1,1,1,Eugenia spicata,wfo-0000319677,Syzygium zeylanicum,Myrtaceae,exact_unique,exact
Eupatorium capillifolium,eupatorium capillifolium,eupatorium capillifolium,1,1,1,1,1,Eupatorium capillifolium,wfo-0000116399,Eupatorium capillifolium,Asteraceae,1,1,1,1,1,Eupatorium capillifolium,wfo-0000116399,Eupatorium capillifolium,Asteraceae,exact_unique,exact
Eupatorium hyssopifolium,eupatorium hyssopifolium,eupatorium hyssopifolium,2,2,1,1,1,Eupatorium hyssopifolium,wfo-0000035601,Eupatorium hyssopifolium,Asteraceae,2,2,1,1,1,Eupatorium hyssopifolium,wfo-0000035601,Eupatorium hyssopifolium,Asteraceae,exact_unique,exact
Eupatorium ligustrinum,eupatorium ligustrinum,eupatorium ligustrinum,1,1,1,1,1,Eupatorium ligustrinum,wfo-0000067311,Ageratina ligustrina,Asteraceae,1,1,1,1,1,Eupatorium ligustrinum,wfo-0000067311,Ageratina ligustrina,Asteraceae,exact_unique,exact
Eupatorium pilosum,eupatorium pilosum,eupatorium pilosum,1,1,1,1,1,Eupatorium pilosum,wfo-0000089682,Eupatorium pilosum,Asteraceae,1,1,1,1,1,Eupatorium pilosum,wfo-0000089682,Eupatorium pilosum,Asteraceae,exact_unique,exact
Eupatorium rotundifolium,eupatorium rotundifolium,eupatorium rotundifolium,2,2,1,1,1,Eupatorium rotundifolium,wfo-0000087303,Eupatorium rotundifolium,Asteraceae,2,2,1,1,1,Eupatorium rotundifolium,wfo-0000087303,Eupatorium rotundifolium,Asteraceae,exact_unique,exact
Eupatorium semiserratum,eupatorium semiserratum,eupatorium semiserratum,1,1,1,1,1,Eupatorium semiserratum,wfo-0000033206,Eupatorium semiserratum,Asteraceae,1,1,1,1,1,Eupatorium semiserratum,wfo-0000033206,Eupatorium semiserratum,Asteraceae,exact_unique,exact
Eupatorium serotinum,eupatorium serotinum,eupatorium serotinum,1,1,1,1,1,Eupatorium serotinum,wfo-0000055753,Eupatorium serotinum,Asteraceae,1,1,1,1,1,Eupatorium serotinum,wfo-0000055753,Eupatorium serotinum,Asteraceae,exact_unique,exact
Euphorbia condylocarpa,euphorbia condylocarpa,euphorbia condylocarpa,1,1,1,1,1,Euphorbia condylocarpa,wfo-0000961452,Euphorbia condylocarpa,Euphorbiaceae,1,1,1,1,1,Euphorbia condylocarpa,wfo-0000961452,Euphorbia condylocarpa,Euphorbiaceae,exact_unique,exact
Euphorbia helioscopia,euphorbia helioscopia,euphorbia helioscopia,1,1,1,1,1,Euphorbia helioscopia,wfo-0000962471,Euphorbia helioscopia,Euphorbiaceae,2,2,2,2,1,Euphorbia helioscopia | Euphorbia helioscopia prol. helioscopioides,wfo-0000962471 | wfo-0000962475,Euphorbia helioscopia | Euphorbia helioscopia subsp. helioscopioides,Euphorbiaceae,exact_unique,exact
Euphorbia hirta,euphorbia hirta,euphorbia hirta,1,1,1,1,1,Euphorbia hirta,wfo-0000962575,Euphorbia hirta,Euphorbiaceae,1,1,1,1,1,Euphorbia hirta,wfo-0000962575,Euphorbia hirta,Euphorbiaceae,exact_unique,exact
Euphorbia nutans,euphorbia nutans,euphorbia nutans,1,1,1,1,1,Euphorbia nutans,wfo-0000963628,Euphorbia nutans,Euphorbiaceae,1,1,1,1,1,Euphorbia nutans,wfo-0000963628,Euphorbia nutans,Euphorbiaceae,exact_unique,exact
Euphorbia polycaulis,euphorbia polycaulis,euphorbia polycaulis,1,1,1,1,1,Euphorbia polycaulis,wfo-0000964102,Euphorbia polycaulis,Euphorbiaceae,1,1,1,1,1,Euphorbia polycaulis,wfo-0000964102,Euphorbia polycaulis,Euphorbiaceae,exact_unique,exact
Euphorbia stepposa,euphorbia stepposa,euphorbia stepposa,1,1,1,1,1,Euphorbia stepposa,wfo-0000964888,Euphorbia stepposa,Euphorbiaceae,1,1,1,1,1,Euphorbia stepposa,wfo-0000964888,Euphorbia stepposa,Euphorbiaceae,exact_unique,exact
Euphorbia tithymaloides,euphorbia tithymaloides,euphorbia tithymaloides,1,1,1,1,1,Euphorbia tithymaloides,wfo-0000965119,Euphorbia tithymaloides,Euphorbiaceae,1,1,1,1,1,Euphorbia tithymaloides,wfo-0000965119,Euphorbia tithymaloides,Euphorbiaceae,exact_unique,exact
Euptelea polyandra,euptelea polyandra,euptelea polyandra,1,1,1,1,1,Euptelea polyandra,wfo-0000682839,Euptelea polyandra,Eupteleaceae,1,1,1,1,1,Euptelea polyandra,wfo-0000682839,Euptelea polyandra,Eupteleaceae,exact_unique,exact
Eutrochium fistulosum,eutrochium fistulosum,eutrochium fistulosum,1,1,1,1,1,Eutrochium fistulosum,wfo-0000127334,Eutrochium fistulosum,Asteraceae,1,1,1,1,1,Eutrochium fistulosum,wfo-0000127334,Eutrochium fistulosum,Asteraceae,exact_unique,exact
Evandra aristata,evandra aristata,evandra aristata,1,1,1,1,1,Evandra aristata,wfo-0000417259,Evandra aristata,Cyperaceae,1,1,1,1,1,Evandra aristata,wfo-0000417259,Evandra aristata,Cyperaceae,exact_unique,exact
Evolvulus nuttallianus,evolvulus nuttallianus,evolvulus nuttallianus,1,1,1,1,1,Evolvulus nuttallianus,wfo-0001297929,Evolvulus nuttallianus,Convolvulaceae,1,1,1,1,1,Evolvulus nuttallianus,wfo-0001297929,Evolvulus nuttallianus,Convolvulaceae,exact_unique,exact
Excoecaria agallocha,excoecaria agallocha,excoecaria agallocha,1,1,1,1,1,Excoecaria agallocha,wfo-0000965883,Excoecaria agallocha,Euphorbiaceae,1,1,1,1,1,Excoecaria agallocha,wfo-0000965883,Excoecaria agallocha,Euphorbiaceae,exact_unique,exact
Exocarya sclerioides,exocarya sclerioides,exocarya sclerioides,1,1,1,1,1,Exocarya sclerioides,wfo-0000417435,Exocarya sclerioides,Cyperaceae,1,1,1,1,1,Exocarya sclerioides,wfo-0000417435,Exocarya sclerioides,Cyperaceae,exact_unique,exact
Exostema acuminatum,exostema acuminatum,exostema acuminatum,1,1,1,1,1,Exostema acuminatum,wfo-0000966130,Exostema acuminatum,Rubiaceae,1,1,1,1,1,Exostema acuminatum,wfo-0000966130,Exostema acuminatum,Rubiaceae,exact_unique,exact
Exostema caribaeum,exostema caribaeum,exostema caribaeum,1,1,1,1,1,Exostema caribaeum,wfo-0000966139,Exostema caribaeum,Rubiaceae,1,1,1,1,1,Exostema caribaeum,wfo-0000966139,Exostema caribaeum,Rubiaceae,exact_unique,exact
Exostema mexicanum,exostema mexicanum,exostema mexicanum,1,1,1,1,1,Exostema mexicanum,wfo-0000336427,Solenandra mexicana,Rubiaceae,1,1,1,1,1,Exostema mexicanum,wfo-0000336427,Solenandra mexicana,Rubiaceae,exact_unique,exact
Eysenhardtia platycarpa,eysenhardtia platycarpa,eysenhardtia platycarpa,1,1,1,1,1,Eysenhardtia platycarpa,wfo-0000165920,Eysenhardtia platycarpa,Fabaceae,1,1,1,1,1,Eysenhardtia platycarpa,wfo-0000165920,Eysenhardtia platycarpa,Fabaceae,exact_unique,exact
Eysenhardtia polystachya,eysenhardtia polystachya,eysenhardtia polystachya,1,1,1,1,1,Eysenhardtia polystachya,wfo-0000165921,Eysenhardtia polystachya,Fabaceae,1,1,1,1,1,Eysenhardtia polystachya,wfo-0000165921,Eysenhardtia polystachya,Fabaceae,exact_unique,exact
Eysenhardtia subcoriacea,eysenhardtia subcoriacea,eysenhardtia subcoriacea,1,1,1,1,1,Eysenhardtia subcoriacea,wfo-0000165925,Eysenhardtia subcoriacea,Fabaceae,1,1,1,1,1,Eysenhardtia subcoriacea,wfo-0000165925,Eysenhardtia subcoriacea,Fabaceae,exact_unique,exact
Eysenhardtia texana,eysenhardtia texana,eysenhardtia texana,1,1,1,1,1,Eysenhardtia texana,wfo-0000174145,Eysenhardtia texana,Fabaceae,1,1,1,1,1,Eysenhardtia texana,wfo-0000174145,Eysenhardtia texana,Fabaceae,exact_unique,exact
Fadogia ancylantha,fadogia ancylantha,fadogia ancylantha,1,1,1,1,1,Fadogia ancylantha,wfo-0000966252,Fadogia ancylantha,Rubiaceae,1,1,1,1,1,Fadogia ancylantha,wfo-0000966252,Fadogia ancylantha,Rubiaceae,exact_unique,exact
Fagopyrum acutatum,fagopyrum acutatum,fagopyrum acutatum,1,1,1,1,1,Fagopyrum acutatum,wfo-0000685440,Fagopyrum acutatum,Polygonaceae,1,1,1,1,1,Fagopyrum acutatum,wfo-0000685440,Fagopyrum acutatum,Polygonaceae,exact_unique,exact
Fagopyrum esculentum,fagopyrum esculentum,fagopyrum esculentum,1,1,1,1,1,Fagopyrum esculentum,wfo-0000685460,Fagopyrum esculentum,Polygonaceae,1,1,1,1,1,Fagopyrum esculentum,wfo-0000685460,Fagopyrum esculentum,Polygonaceae,exact_unique,exact
Fagopyrum megacarpum,fagopyrum megacarpum,fagopyrum megacarpum,1,1,1,1,1,Fagopyrum megacarpum,wfo-0000685475,Fagopyrum megacarpum,Polygonaceae,1,1,1,1,1,Fagopyrum megacarpum,wfo-0000685475,Fagopyrum megacarpum,Polygonaceae,exact_unique,exact
Fagraea ceilanica,fagraea ceilanica,fagraea ceilanica,1,1,1,1,1,Fagraea ceilanica,wfo-0000685540,Fagraea ceilanica,Gentianaceae,1,1,1,1,1,Fagraea ceilanica,wfo-0000685540,Fagraea ceilanica,Gentianaceae,exact_unique,exact
Fagus sylvatica,fagus sylvatica,fagus sylvatica,1,1,1,1,1,Fagus sylvatica,wfo-0000966507,Fagus sylvatica,Fagaceae,1,1,1,1,1,Fagus sylvatica,wfo-0000966507,Fagus sylvatica,Fagaceae,exact_unique,exact
Fallopia convolvulus,fallopia convolvulus,fallopia convolvulus,1,1,1,1,1,Fallopia convolvulus,wfo-0000685786,Fallopia convolvulus,Polygonaceae,1,1,1,1,1,Fallopia convolvulus,wfo-0000685786,Fallopia convolvulus,Polygonaceae,exact_unique,exact
Fallopia dumetorum,fallopia dumetorum,fallopia dumetorum,1,1,1,1,1,Fallopia dumetorum,wfo-0000685794,Fallopia dumetorum,Polygonaceae,1,1,1,1,1,Fallopia dumetorum,wfo-0000685794,Fallopia dumetorum,Polygonaceae,exact_unique,exact
Fallopia japonica,fallopia japonica,fallopia japonica,1,1,1,1,1,Fallopia japonica,wfo-0000406106,Reynoutria japonica,Polygonaceae,1,1,1,1,1,Fallopia japonica,wfo-0000406106,Reynoutria japonica,Polygonaceae,exact_unique,exact
Fallopia multiflora,fallopia multiflora,fallopia multiflora,2,2,1,1,1,Fallopia multiflora,wfo-0000404395,Reynoutria multiflora,Polygonaceae,2,2,1,1,1,Fallopia multiflora,wfo-0000404395,Reynoutria multiflora,Polygonaceae,exact_unique,exact
Fallopia scandens,fallopia scandens,fallopia scandens,1,1,1,1,1,Fallopia scandens,wfo-0000685812,Fallopia scandens,Polygonaceae,1,1,1,1,1,Fallopia scandens,wfo-0000685812,Fallopia scandens,Polygonaceae,exact_unique,exact
Faramea guianensis,faramea guianensis,faramea guianensis,1,1,1,1,1,Faramea guianensis,wfo-0000966698,Faramea guianensis,Rubiaceae,1,1,1,1,1,Faramea guianensis,wfo-0000966698,Faramea guianensis,Rubiaceae,exact_unique,exact
Fatoua villosa,fatoua villosa,fatoua villosa,1,1,1,1,1,Fatoua villosa,wfo-0000685953,Fatoua villosa,Moraceae,1,1,1,1,1,Fatoua villosa,wfo-0000685953,Fatoua villosa,Moraceae,exact_unique,exact
Ferula communis,ferula communis,ferula communis,1,1,1,1,1,Ferula communis,wfo-0000686505,Ferula communis,Apiaceae,1,1,1,1,1,Ferula communis,wfo-0000686505,Ferula communis,Apiaceae,exact_unique,exact
Ficinia nodosa,ficinia nodosa,ficinia nodosa,1,1,1,1,1,Ficinia nodosa,wfo-0000418195,Ficinia nodosa,Cyperaceae,1,1,1,1,1,Ficinia nodosa,wfo-0000418195,Ficinia nodosa,Cyperaceae,exact_unique,exact
Ficus carica,ficus carica,ficus carica,1,1,1,1,1,Ficus carica,wfo-0000687690,Ficus carica,Moraceae,1,1,1,1,1,Ficus carica,wfo-0000687690,Ficus carica,Moraceae,exact_unique,exact
Ficus conraui,ficus conraui,ficus conraui,1,1,1,1,1,Ficus conraui,wfo-0000687901,Ficus conraui,Moraceae,1,1,1,1,1,Ficus conraui,wfo-0000687901,Ficus conraui,Moraceae,exact_unique,exact
Ficus erecta,ficus erecta,ficus erecta,1,1,1,1,1,Ficus erecta,wfo-0000688248,Ficus erecta,Moraceae,1,1,1,1,1,Ficus erecta,wfo-0000688248,Ficus erecta,Moraceae,exact_unique,exact
Ficus formosana,ficus formosana,ficus formosana,1,1,1,1,1,Ficus formosana,wfo-0000688363,Ficus formosana,Moraceae,1,1,1,1,1,Ficus formosana,wfo-0000688363,Ficus formosana,Moraceae,exact_unique,exact
Ficus glumosa,ficus glumosa,ficus glumosa,1,1,1,1,1,Ficus glumosa,wfo-0000688513,Ficus glumosa,Moraceae,1,1,1,1,1,Ficus glumosa,wfo-0000688513,Ficus glumosa,Moraceae,exact_unique,exact
Ficus lyrata,ficus lyrata,ficus lyrata,1,1,1,1,1,Ficus lyrata,wfo-0001084874,Ficus lyrata,Moraceae,1,1,1,1,1,Ficus lyrata,wfo-0001084874,Ficus lyrata,Moraceae,exact_unique,exact
Ficus mucuso,ficus mucuso,ficus mucuso,1,1,1,1,1,Ficus mucuso,wfo-0000689380,Ficus mucuso,Moraceae,1,1,1,1,1,Ficus mucuso,wfo-0000689380,Ficus mucuso,Moraceae,exact_unique,exact
Ficus nervosa,ficus nervosa,ficus nervosa,1,1,1,1,1,Ficus nervosa,wfo-0000689442,Ficus nervosa,Moraceae,1,1,1,1,1,Ficus nervosa,wfo-0000689442,Ficus nervosa,Moraceae,exact_unique,exact
Ficus nymphaeifolia,ficus nymphaeifolia,ficus nymphaeifolia,1,1,1,1,1,Ficus nymphaeifolia,wfo-0000689484,Ficus nymphaeifolia,Moraceae,1,1,1,1,1,Ficus nymphaeifolia,wfo-0000689484,Ficus nymphaeifolia,Moraceae,exact_unique,exact
Ficus sagittata,ficus sagittata,ficus sagittata,1,1,1,1,1,Ficus sagittata,wfo-0000690167,Ficus sagittata,Moraceae,1,1,1,1,1,Ficus sagittata,wfo-0000690167,Ficus sagittata,Moraceae,exact_unique,exact
Ficus septica,ficus septica,ficus septica,1,1,1,1,1,Ficus septica,wfo-0000690291,Ficus septica,Moraceae,1,1,1,1,1,Ficus septica,wfo-0000690291,Ficus septica,Moraceae,exact_unique,exact
Ficus subcuneata,ficus subcuneata,ficus subcuneata,1,1,1,1,1,Ficus subcuneata,wfo-0000690452,Ficus subcuneata,Moraceae,1,1,1,1,1,Ficus subcuneata,wfo-0000690452,Ficus subcuneata,Moraceae,exact_unique,exact
Fimbristylis caespitosa,fimbristylis caespitosa,fimbristylis caespitosa,1,1,1,1,1,Fimbristylis caespitosa,wfo-0000419071,Fimbristylis caespitosa,Cyperaceae,1,1,1,1,1,Fimbristylis caespitosa,wfo-0000419071,Fimbristylis caespitosa,Cyperaceae,exact_unique,exact
Fimbristylis cephalophora,fimbristylis cephalophora,fimbristylis cephalophora,1,1,1,1,1,Fimbristylis cephalophora,wfo-0000419303,Fimbristylis cephalophora,Cyperaceae,1,1,1,1,1,Fimbristylis cephalophora,wfo-0000419303,Fimbristylis cephalophora,Cyperaceae,exact_unique,exact
Fimbristylis dichotoma,fimbristylis dichotoma,fimbristylis dichotoma,1,1,1,1,1,Fimbristylis dichotoma,wfo-0000420095,Fimbristylis dichotoma,Cyperaceae,1,1,1,1,1,Fimbristylis dichotoma,wfo-0000420095,Fimbristylis dichotoma,Cyperaceae,exact_unique,exact
Fimbristylis eremophila,fimbristylis eremophila,fimbristylis eremophila,1,1,1,1,1,Fimbristylis eremophila,wfo-0000420678,Fimbristylis eremophila,Cyperaceae,1,1,1,1,1,Fimbristylis eremophila,wfo-0000420678,Fimbristylis eremophila,Cyperaceae,exact_unique,exact
Fimbristylis ferruginea,fimbristylis ferruginea,fimbristylis ferruginea,1,1,1,1,1,Fimbristylis ferruginea,wfo-0000420815,Fimbristylis ferruginea,Cyperaceae,1,1,1,1,1,Fimbristylis ferruginea,wfo-0000420815,Fimbristylis ferruginea,Cyperaceae,exact_unique,exact
Fimbristylis macrantha,fimbristylis macrantha,fimbristylis macrantha,1,1,1,1,1,Fimbristylis macrantha,wfo-1000025301,Abildgaardia macrantha,Cyperaceae,1,1,1,1,1,Fimbristylis macrantha,wfo-1000025301,Abildgaardia macrantha,Cyperaceae,exact_unique,exact
Fimbristylis nutans,fimbristylis nutans,fimbristylis nutans,1,1,1,1,1,Fimbristylis nutans,wfo-0000422275,Fimbristylis nutans,Cyperaceae,1,1,1,1,1,Fimbristylis nutans,wfo-0000422275,Fimbristylis nutans,Cyperaceae,exact_unique,exact
Fimbristylis pachyptera,fimbristylis pachyptera,fimbristylis pachyptera,1,1,1,1,1,Fimbristylis pachyptera,wfo-1000025304,Abildgaardia pachyptera,Cyperaceae,1,1,1,1,1,Fimbristylis pachyptera,wfo-1000025304,Abildgaardia pachyptera,Cyperaceae,exact_unique,exact
Fimbristylis squarrulosa,fimbristylis squarrulosa,fimbristylis squarrulosa,1,1,1,1,1,Fimbristylis squarrulosa,wfo-0000336904,Abildgaardia schoenoides,Cyperaceae,1,1,1,1,1,Fimbristylis squarrulosa,wfo-0000336904,Abildgaardia schoenoides,Cyperaceae,exact_unique,exact
Fissistigma bracteolatum,fissistigma bracteolatum,fissistigma bracteolatum,1,1,1,1,1,Fissistigma bracteolatum,wfo-0000691178,Fissistigma oblongum,Annonaceae,1,1,1,1,1,Fissistigma bracteolatum,wfo-0000691178,Fissistigma oblongum,Annonaceae,exact_unique,exact
Fissistigma latifolium,fissistigma latifolium,fissistigma latifolium,1,1,1,1,1,Fissistigma latifolium,wfo-0000691163,Fissistigma latifolium,Annonaceae,1,1,1,1,1,Fissistigma latifolium,wfo-0000691163,Fissistigma latifolium,Annonaceae,exact_unique,exact
Fissistigma oldhamii,fissistigma oldhamii,fissistigma oldhamii,1,1,1,1,1,Fissistigma oldhamii,wfo-0000691180,Fissistigma oldhamii,Annonaceae,1,1,1,1,1,Fissistigma oldhamii,wfo-0000691180,Fissistigma oldhamii,Annonaceae,exact_unique,exact
Flacourtia indica,flacourtia indica,flacourtia indica,1,1,1,1,1,Flacourtia indica,wfo-0000925655,Flacourtia indica,Salicaceae,1,1,1,1,1,Flacourtia indica,wfo-0000925655,Flacourtia indica,Salicaceae,exact_unique,exact
Flemingia chappar,flemingia chappar,flemingia chappar,1,1,1,1,1,Flemingia chappar,wfo-0000194835,Flemingia chappar,Fabaceae,1,1,1,1,1,Flemingia chappar,wfo-0000194835,Flemingia chappar,Fabaceae,exact_unique,exact
Flemingia congesta,flemingia congesta,flemingia congesta,1,1,1,1,1,Flemingia congesta,wfo-0000194840,Flemingia macrophylla,Fabaceae,1,1,1,1,1,Flemingia congesta,wfo-0000194840,Flemingia macrophylla,Fabaceae,exact_unique,exact
Flemingia grahamiana,flemingia grahamiana,flemingia grahamiana,1,1,1,1,1,Flemingia grahamiana,wfo-0000181342,Flemingia grahamiana,Fabaceae,1,1,1,1,1,Flemingia grahamiana,wfo-0000181342,Flemingia grahamiana,Fabaceae,exact_unique,exact
Flemingia paniculata,flemingia paniculata,flemingia paniculata,1,1,1,1,1,Flemingia paniculata,wfo-0000198109,Flemingia paniculata,Fabaceae,1,1,1,1,1,Flemingia paniculata,wfo-0000198109,Flemingia paniculata,Fabaceae,exact_unique,exact
Flemingia prostrata,flemingia prostrata,flemingia prostrata,1,1,1,1,1,Flemingia prostrata,wfo-0000194834,Flemingia prostrata,Fabaceae,1,1,1,1,1,Flemingia prostrata,wfo-0000194834,Flemingia prostrata,Fabaceae,exact_unique,exact
Flemingia stricta,flemingia stricta,flemingia stricta,1,1,1,1,1,Flemingia stricta,wfo-0001057607,Flemingia stricta,Fabaceae,1,1,1,1,1,Flemingia stricta,wfo-0001057607,Flemingia stricta,Fabaceae,exact_unique,exact
Flemingia strobilifera,flemingia strobilifera,flemingia strobilifera,1,1,1,1,1,Flemingia strobilifera,wfo-0001057147,Flemingia strobilifera,Fabaceae,1,1,1,1,1,Flemingia strobilifera,wfo-0001057147,Flemingia strobilifera,Fabaceae,exact_unique,exact
Flindersia acuminata,flindersia acuminata,flindersia acuminata,1,1,1,1,1,Flindersia acuminata,wfo-0000691368,Flindersia acuminata,Rutaceae,1,1,1,1,1,Flindersia acuminata,wfo-0000691368,Flindersia acuminata,Rutaceae,exact_unique,exact
Flindersia australis,flindersia australis,flindersia australis,1,1,1,1,1,Flindersia australis,wfo-0000691370,Flindersia australis,Rutaceae,1,1,1,1,1,Flindersia australis,wfo-0000691370,Flindersia australis,Rutaceae,exact_unique,exact
Flindersia brassii,flindersia brassii,flindersia brassii,1,1,1,1,1,Flindersia brassii,wfo-0000691375,Flindersia brassii,Rutaceae,1,1,1,1,1,Flindersia brassii,wfo-0000691375,Flindersia brassii,Rutaceae,exact_unique,exact
Flindersia collina,flindersia collina,flindersia collina,1,1,1,1,1,Flindersia collina,wfo-0000691379,Flindersia collina,Rutaceae,1,1,1,1,1,Flindersia collina,wfo-0000691379,Flindersia collina,Rutaceae,exact_unique,exact
Flindersia laevicarpa,flindersia laevicarpa,flindersia laevicarpa,1,1,1,1,1,Flindersia laevicarpa,wfo-0000691387,Flindersia laevicarpa,Rutaceae,1,1,1,1,1,Flindersia laevicarpa,wfo-0000691387,Flindersia laevicarpa,Rutaceae,exact_unique,exact
Flindersia xanthoxyla,flindersia xanthoxyla,flindersia xanthoxyla,1,1,1,1,1,Flindersia xanthoxyla,wfo-0000691410,Flindersia xanthoxyla,Rutaceae,1,1,1,1,1,Flindersia xanthoxyla,wfo-0000691410,Flindersia xanthoxyla,Rutaceae,exact_unique,exact
Flourensia,flourensia,flourensia,1,1,1,1,1,Flourensia,wfo-4000014876,Flourensia,Asteraceae,1,1,1,1,1,Flourensia,wfo-4000014876,Flourensia,Asteraceae,exact_unique,exact
Flourensia campestris,flourensia campestris,flourensia campestris,1,1,1,1,1,Flourensia campestris,wfo-0000124081,Flourensia campestris,Asteraceae,1,1,1,1,1,Flourensia campestris,wfo-0000124081,Flourensia campestris,Asteraceae,exact_unique,exact
Flourensia fiebrigii,flourensia fiebrigii,flourensia fiebrigii,1,1,1,1,1,Flourensia fiebrigii,wfo-0000002132,Flourensia fiebrigii,Asteraceae,1,1,1,1,1,Flourensia fiebrigii,wfo-0000002132,Flourensia fiebrigii,Asteraceae,exact_unique,exact
Flourensia heterolepis,flourensia heterolepis,flourensia heterolepis,1,1,1,1,1,Flourensia heterolepis,wfo-0000064307,Flourensia heterolepis,Asteraceae,1,1,1,1,1,Flourensia heterolepis,wfo-0000064307,Flourensia heterolepis,Asteraceae,exact_unique,exact
Flourensia ilicifolia,flourensia ilicifolia,flourensia ilicifolia,1,1,1,1,1,Flourensia ilicifolia,wfo-0000008946,Flourensia ilicifolia,Asteraceae,1,1,1,1,1,Flourensia ilicifolia,wfo-0000008946,Flourensia ilicifolia,Asteraceae,exact_unique,exact
Flourensia oolepis,flourensia oolepis,flourensia oolepis,1,1,1,1,1,Flourensia oolepis,wfo-0000027768,Flourensia oolepis,Asteraceae,1,1,1,1,1,Flourensia oolepis,wfo-0000027768,Flourensia oolepis,Asteraceae,exact_unique,exact
Flourensia riparia,flourensia riparia,flourensia riparia,1,1,1,1,1,Flourensia riparia,wfo-0000134380,Flourensia riparia,Asteraceae,1,1,1,1,1,Flourensia riparia,wfo-0000134380,Flourensia riparia,Asteraceae,exact_unique,exact
Fordia cauliflora,fordia cauliflora,fordia cauliflora,1,1,1,1,1,Fordia cauliflora,wfo-0000185921,Fordia cauliflora,Fabaceae,1,1,1,1,1,Fordia cauliflora,wfo-0000185921,Fordia cauliflora,Fabaceae,exact_unique,exact
Fortunella,fortunella,fortunella,1,1,1,1,1,Fortunella,wfo-4000008411,Citrus,Rutaceae,1,1,1,1,1,Fortunella,wfo-4000008411,Citrus,Rutaceae,exact_unique,exact
Fortunella japonica,fortunella japonica,fortunella japonica,1,1,1,1,1,Fortunella japonica,wfo-0000608080,Citrus japonica,Rutaceae,1,1,1,1,1,Fortunella japonica,wfo-0000608080,Citrus japonica,Rutaceae,exact_unique,exact
Fortunella margarita,fortunella margarita,fortunella margarita,1,1,1,1,1,Fortunella margarita,wfo-0000608080,Citrus japonica,Rutaceae,1,1,1,1,1,Fortunella margarita,wfo-0000608080,Citrus japonica,Rutaceae,exact_unique,exact
Fragaria,fragaria,fragaria,1,1,1,1,1,Fragaria,wfo-4000014995,Fragaria,Rosaceae,1,1,1,1,1,Fragaria,wfo-4000014995,Fragaria,Rosaceae,exact_unique,exact
Fragaria ananassa,fragaria ananassa,fragaria ananassa,2,2,1,1,1,Fragaria ananassa,wfo-0001005541,Fragaria × ananassa,Rosaceae,2,2,1,1,1,Fragaria ananassa,wfo-0001005541,Fragaria × ananassa,Rosaceae,exact_unique,exact
Fragaria vesca,fragaria vesca,fragaria vesca,7,7,1,1,1,Fragaria vesca,wfo-0000993770,Fragaria vesca,Rosaceae,17,17,5,5,1,Fragaria vesca | Fragaria vesca prol. eflagellis | Fragaria vesca prol. semperflorens | Fragaria vesca prol. sylvestris | Fragaria vesca unranked ananassa | Fragaria vesca unranked chiloensis | Fragaria vesca unranked intermedia | Fragaria vesca unranked moschata | Fragaria vesca unranked virginiana,wfo-0000993770 | wfo-0001006915 | wfo-0001007905 | wfo-0001012808 | wfo-1200075326,Fragaria intermedia | Fragaria moschata | Fragaria moschata subsp. moschata | Fragaria vesca | Fragaria vesca subsp. vesca,Rosaceae,exact_unique,exact
Fridericia platyphylla,fridericia platyphylla,fridericia platyphylla,1,1,1,1,1,Fridericia platyphylla,wfo-0000778656,Fridericia platyphylla,Bignoniaceae,1,1,1,1,1,Fridericia platyphylla,wfo-0000778656,Fridericia platyphylla,Bignoniaceae,exact_unique,exact
Fridericia triplinervia,fridericia triplinervia,fridericia triplinervia,1,1,1,1,1,Fridericia triplinervia,wfo-0000782570,Fridericia triplinervia,Bignoniaceae,1,1,1,1,1,Fridericia triplinervia,wfo-0000782570,Fridericia triplinervia,Bignoniaceae,exact_unique,exact
Friesodielsia velutina,friesodielsia velutina,friesodielsia velutina,1,1,1,1,1,Friesodielsia velutina,wfo-0001421801,Monanthotaxis velutina,Annonaceae,1,1,1,1,1,Friesodielsia velutina,wfo-0001421801,Monanthotaxis velutina,Annonaceae,exact_unique,exact
Froelichia floridana,froelichia floridana,froelichia floridana,1,1,1,1,1,Froelichia floridana,wfo-0000692565,Froelichia floridana,Amaranthaceae,1,1,1,1,1,Froelichia floridana,wfo-0000692565,Froelichia floridana,Amaranthaceae,exact_unique,exact
Fuchsia coccinea,fuchsia coccinea,fuchsia coccinea,1,1,1,1,1,Fuchsia coccinea,wfo-0000692686,Fuchsia coccinea,Onagraceae,1,1,1,1,1,Fuchsia coccinea,wfo-0000692686,Fuchsia coccinea,Onagraceae,exact_unique,exact
Fuchsia cyrtandroides,fuchsia cyrtandroides,fuchsia cyrtandroides,1,1,1,1,1,Fuchsia cyrtandroides,wfo-0000692707,Fuchsia cyrtandroides,Onagraceae,1,1,1,1,1,Fuchsia cyrtandroides,wfo-0000692707,Fuchsia cyrtandroides,Onagraceae,exact_unique,exact
Fuchsia decidua,fuchsia decidua,fuchsia decidua,1,1,1,1,1,Fuchsia decidua,wfo-0000692708,Fuchsia decidua,Onagraceae,1,1,1,1,1,Fuchsia decidua,wfo-0000692708,Fuchsia decidua,Onagraceae,exact_unique,exact
Fuchsia dependens,fuchsia dependens,fuchsia dependens,1,1,1,1,1,Fuchsia dependens,wfo-0000692712,Fuchsia dependens,Onagraceae,1,1,1,1,1,Fuchsia dependens,wfo-0000692712,Fuchsia dependens,Onagraceae,exact_unique,exact
Fuchsia excorticata,fuchsia excorticata,fuchsia excorticata,1,1,1,1,1,Fuchsia excorticata,wfo-0000692719,Fuchsia excorticata,Onagraceae,1,1,1,1,1,Fuchsia excorticata,wfo-0000692719,Fuchsia excorticata,Onagraceae,exact_unique,exact
Fuchsia ferreyrae,fuchsia ferreyrae,fuchsia ferreyrae,1,1,1,1,1,Fuchsia ferreyrae,wfo-0000692722,Fuchsia ferreyrae,Onagraceae,1,1,1,1,1,Fuchsia ferreyrae,wfo-0000692722,Fuchsia ferreyrae,Onagraceae,exact_unique,exact
Fuchsia fulgens,fuchsia fulgens,fuchsia fulgens,1,1,1,1,1,Fuchsia fulgens,wfo-0000692728,Fuchsia fulgens,Onagraceae,1,1,1,1,1,Fuchsia fulgens,wfo-0000692728,Fuchsia fulgens,Onagraceae,exact_unique,exact
Fuchsia gehrigeri,fuchsia gehrigeri,fuchsia gehrigeri,1,1,1,1,1,Fuchsia gehrigeri,wfo-0000692732,Fuchsia gehrigeri,Onagraceae,1,1,1,1,1,Fuchsia gehrigeri,wfo-0000692732,Fuchsia gehrigeri,Onagraceae,exact_unique,exact
Fuchsia jimenezii,fuchsia jimenezii,fuchsia jimenezii,1,1,1,1,1,Fuchsia jimenezii,wfo-0000692761,Fuchsia jimenezii,Onagraceae,1,1,1,1,1,Fuchsia jimenezii,wfo-0000692761,Fuchsia jimenezii,Onagraceae,exact_unique,exact
Fuchsia lehmannii,fuchsia lehmannii,fuchsia lehmannii,1,1,1,1,1,Fuchsia lehmannii,wfo-0000692766,Fuchsia lehmannii,Onagraceae,1,1,1,1,1,Fuchsia lehmannii,wfo-0000692766,Fuchsia lehmannii,Onagraceae,exact_unique,exact
Fuchsia loxensis,fuchsia loxensis,fuchsia loxensis,1,1,1,1,1,Fuchsia loxensis,wfo-0000692773,Fuchsia loxensis,Onagraceae,1,1,1,1,1,Fuchsia loxensis,wfo-0000692773,Fuchsia loxensis,Onagraceae,exact_unique,exact
Fuchsia microphylla,fuchsia microphylla,fuchsia microphylla,1,1,1,1,1,Fuchsia microphylla,wfo-0000692810,Fuchsia microphylla,Onagraceae,1,1,1,1,1,Fuchsia microphylla,wfo-0000692810,Fuchsia microphylla,Onagraceae,exact_unique,exact
Fuchsia nigricans,fuchsia nigricans,fuchsia nigricans,1,1,1,1,1,Fuchsia nigricans,wfo-0000692827,Fuchsia nigricans,Onagraceae,1,1,1,1,1,Fuchsia nigricans,wfo-0000692827,Fuchsia nigricans,Onagraceae,exact_unique,exact
Fuchsia paniculata,fuchsia paniculata,fuchsia paniculata,1,1,1,1,1,Fuchsia paniculata,wfo-0000692840,Fuchsia paniculata,Onagraceae,1,1,1,1,1,Fuchsia paniculata,wfo-0000692840,Fuchsia paniculata,Onagraceae,exact_unique,exact
Fuchsia polyantha,fuchsia polyantha,fuchsia polyantha,1,1,1,1,1,Fuchsia polyantha,wfo-0000692855,Fuchsia polyantha,Onagraceae,1,1,1,1,1,Fuchsia polyantha,wfo-0000692855,Fuchsia polyantha,Onagraceae,exact_unique,exact
Fuchsia pringsheimii,fuchsia pringsheimii,fuchsia pringsheimii,1,1,1,1,1,Fuchsia pringsheimii,wfo-0000692858,Fuchsia pringsheimii,Onagraceae,1,1,1,1,1,Fuchsia pringsheimii,wfo-0000692858,Fuchsia pringsheimii,Onagraceae,exact_unique,exact
Fuchsia procumbens,fuchsia procumbens,fuchsia procumbens,1,1,1,1,1,Fuchsia procumbens,wfo-0000692859,Fuchsia procumbens,Onagraceae,1,1,1,1,1,Fuchsia procumbens,wfo-0000692859,Fuchsia procumbens,Onagraceae,exact_unique,exact
Fuchsia regia,fuchsia regia,fuchsia regia,1,1,1,1,1,Fuchsia regia,wfo-0000692875,Fuchsia regia,Onagraceae,1,1,1,1,1,Fuchsia regia,wfo-0000692875,Fuchsia regia,Onagraceae,exact_unique,exact
Fuchsia rivularis,fuchsia rivularis,fuchsia rivularis,1,1,1,1,1,Fuchsia rivularis,wfo-0000692883,Fuchsia rivularis,Onagraceae,1,1,1,1,1,Fuchsia rivularis,wfo-0000692883,Fuchsia rivularis,Onagraceae,exact_unique,exact
Fuchsia scabriuscula,fuchsia scabriuscula,fuchsia scabriuscula,1,1,1,1,1,Fuchsia scabriuscula,wfo-0000692891,Fuchsia scabriuscula,Onagraceae,1,1,1,1,1,Fuchsia scabriuscula,wfo-0000692891,Fuchsia scabriuscula,Onagraceae,exact_unique,exact
Fuchsia splendens,fuchsia splendens,fuchsia splendens,1,1,1,1,1,Fuchsia splendens,wfo-0000692907,Fuchsia splendens,Onagraceae,1,1,1,1,1,Fuchsia splendens,wfo-0000692907,Fuchsia splendens,Onagraceae,exact_unique,exact
Fuchsia sylvatica,fuchsia sylvatica,fuchsia sylvatica,1,1,1,1,1,Fuchsia sylvatica,wfo-0000692915,Fuchsia sylvatica,Onagraceae,1,1,1,1,1,Fuchsia sylvatica,wfo-0000692915,Fuchsia sylvatica,Onagraceae,exact_unique,exact
Fuchsia triphylla,fuchsia triphylla,fuchsia triphylla,1,1,1,1,1,Fuchsia triphylla,wfo-0000692928,Fuchsia triphylla,Onagraceae,1,1,1,1,1,Fuchsia triphylla,wfo-0000692928,Fuchsia triphylla,Onagraceae,exact_unique,exact
Fusifilum depressum,fusifilum depressum,fusifilum depressum,1,1,1,1,1,Fusifilum depressum,wfo-0000768310,Fusifilum depressum,Asparagaceae,1,1,1,1,1,Fusifilum depressum,wfo-0000768310,Fusifilum depressum,Asparagaceae,exact_unique,exact
Gahnia deusta,gahnia deusta,gahnia deusta,1,1,1,1,1,Gahnia deusta,wfo-0000426955,Gahnia deusta,Cyperaceae,1,1,1,1,1,Gahnia deusta,wfo-0000426955,Gahnia deusta,Cyperaceae,exact_unique,exact
Gahnia filifolia,gahnia filifolia,gahnia filifolia,1,1,1,1,1,Gahnia filifolia,wfo-0000426978,Gahnia filifolia,Cyperaceae,1,1,1,1,1,Gahnia filifolia,wfo-0000426978,Gahnia filifolia,Cyperaceae,exact_unique,exact
Gahnia lanigera,gahnia lanigera,gahnia lanigera,1,1,1,1,1,Gahnia lanigera,wfo-0000427153,Gahnia lanigera,Cyperaceae,1,1,1,1,1,Gahnia lanigera,wfo-0000427153,Gahnia lanigera,Cyperaceae,exact_unique,exact
Gahnia radula,gahnia radula,gahnia radula,1,1,1,1,1,Gahnia radula,wfo-0000427271,Gahnia radula,Cyperaceae,1,1,1,1,1,Gahnia radula,wfo-0000427271,Gahnia radula,Cyperaceae,exact_unique,exact
Gahnia sieberiana,gahnia sieberiana,gahnia sieberiana,1,1,1,1,1,Gahnia sieberiana,wfo-0000427322,Gahnia sieberiana,Cyperaceae,1,1,1,1,1,Gahnia sieberiana,wfo-0000427322,Gahnia sieberiana,Cyperaceae,exact_unique,exact
Gahnia subaequiglumis,gahnia subaequiglumis,gahnia subaequiglumis,1,1,1,1,1,Gahnia subaequiglumis,wfo-0000427345,Gahnia subaequiglumis,Cyperaceae,1,1,1,1,1,Gahnia subaequiglumis,wfo-0000427345,Gahnia subaequiglumis,Cyperaceae,exact_unique,exact
Gaillardia suavis,gaillardia suavis,gaillardia suavis,2,2,1,1,1,Gaillardia suavis,wfo-0000042381,Gaillardia suavis,Asteraceae,2,2,1,1,1,Gaillardia suavis,wfo-0000042381,Gaillardia suavis,Asteraceae,exact_unique,exact
Gaillardia tontalensis,gaillardia tontalensis,gaillardia tontalensis,1,1,1,1,1,Gaillardia tontalensis,wfo-0000035551,Gaillardia tontalensis,Asteraceae,1,1,1,1,1,Gaillardia tontalensis,wfo-0000035551,Gaillardia tontalensis,Asteraceae,exact_unique,exact
Galega officinalis,galega officinalis,galega officinalis,1,1,1,1,1,Galega officinalis,wfo-0000212597,Galega officinalis,Fabaceae,1,1,1,1,1,Galega officinalis,wfo-0000212597,Galega officinalis,Fabaceae,exact_unique,exact
Gamochaeta malvinensis,gamochaeta malvinensis,gamochaeta malvinensis,1,1,1,1,1,Gamochaeta malvinensis,wfo-0000122402,Gamochaeta affinis,Asteraceae,1,1,1,1,1,Gamochaeta malvinensis,wfo-0000122402,Gamochaeta affinis,Asteraceae,exact_unique,exact
Garcinia atroviridis,garcinia atroviridis,garcinia atroviridis,1,1,1,1,1,Garcinia atroviridis,wfo-0000694142,Garcinia atroviridis,Clusiaceae,1,1,1,1,1,Garcinia atroviridis,wfo-0000694142,Garcinia atroviridis,Clusiaceae,exact_unique,exact
Garcinia benthamiana,garcinia benthamiana,garcinia benthamiana,1,1,1,1,1,Garcinia benthamiana,wfo-0000743916,Garcinia benthamiana,Clusiaceae,1,1,1,1,1,Garcinia benthamiana,wfo-0000743916,Garcinia benthamiana,Clusiaceae,exact_unique,exact
Garcinia brasiliensis,garcinia brasiliensis,garcinia brasiliensis,1,1,1,1,1,Garcinia brasiliensis,wfo-0000694180,Garcinia brasiliensis,Clusiaceae,1,1,1,1,1,Garcinia brasiliensis,wfo-0000694180,Garcinia brasiliensis,Clusiaceae,exact_unique,exact
Garcinia brevirostris,garcinia brevirostris,garcinia brevirostris,1,1,1,1,1,Garcinia brevirostris,wfo-0000694185,Garcinia brevirostris,Clusiaceae,1,1,1,1,1,Garcinia brevirostris,wfo-0000694185,Garcinia brevirostris,Clusiaceae,exact_unique,exact
Garcinia buchananii,garcinia buchananii,garcinia buchananii,1,1,1,1,1,Garcinia buchananii,wfo-0000694189,Garcinia buchananii,Clusiaceae,1,1,1,1,1,Garcinia buchananii,wfo-0000694189,Garcinia buchananii,Clusiaceae,exact_unique,exact
Garcinia conrauana,garcinia conrauana,garcinia conrauana,1,1,1,1,1,Garcinia conrauana,wfo-0000694394,Garcinia kola,Clusiaceae,1,1,1,1,1,Garcinia conrauana,wfo-0000694394,Garcinia kola,Clusiaceae,exact_unique,exact
Garcinia cymosa,garcinia cymosa,garcinia cymosa,1,1,1,1,1,Garcinia cymosa,wfo-0000694258,Garcinia cymosa,Clusiaceae,1,1,1,1,1,Garcinia cymosa,wfo-0000694258,Garcinia cymosa,Clusiaceae,exact_unique,exact
Garcinia densivenia,garcinia densivenia,garcinia densivenia,1,1,1,1,1,Garcinia densivenia,wfo-0000694275,Garcinia densivenia,Clusiaceae,1,1,1,1,1,Garcinia densivenia,wfo-0000694275,Garcinia densivenia,Clusiaceae,exact_unique,exact
Garcinia dulcis,garcinia dulcis,garcinia dulcis,1,1,1,1,1,Garcinia dulcis,wfo-0000694287,Garcinia dulcis,Clusiaceae,1,1,1,1,1,Garcinia dulcis,wfo-0000694287,Garcinia dulcis,Clusiaceae,exact_unique,exact
Garcinia echinocarpa,garcinia echinocarpa,garcinia echinocarpa,1,1,1,1,1,Garcinia echinocarpa,wfo-0000694290,Garcinia echinocarpa,Clusiaceae,1,1,1,1,1,Garcinia echinocarpa,wfo-0000694290,Garcinia echinocarpa,Clusiaceae,exact_unique,exact
Garcinia epunctata,garcinia epunctata,garcinia epunctata,1,1,1,1,1,Garcinia epunctata,wfo-0000694303,Garcinia epunctata,Clusiaceae,1,1,1,1,1,Garcinia epunctata,wfo-0000694303,Garcinia epunctata,Clusiaceae,exact_unique,exact
Garcinia gardneriana,garcinia gardneriana,garcinia gardneriana,1,1,1,1,1,Garcinia gardneriana,wfo-0000694322,Garcinia gardneriana,Clusiaceae,1,1,1,1,1,Garcinia gardneriana,wfo-0000694322,Garcinia gardneriana,Clusiaceae,exact_unique,exact
Garcinia indica,garcinia indica,garcinia indica,1,1,1,1,1,Garcinia indica,wfo-0000694375,Garcinia indica,Clusiaceae,1,1,1,1,1,Garcinia indica,wfo-0000694375,Garcinia indica,Clusiaceae,exact_unique,exact
Garcinia intermedia,garcinia intermedia,garcinia intermedia,1,1,1,1,1,Garcinia intermedia,wfo-0000694376,Garcinia intermedia,Clusiaceae,1,1,1,1,1,Garcinia intermedia,wfo-0000694376,Garcinia intermedia,Clusiaceae,exact_unique,exact
Garcinia kola,garcinia kola,garcinia kola,1,1,1,1,1,Garcinia kola,wfo-0000694394,Garcinia kola,Clusiaceae,1,1,1,1,1,Garcinia kola,wfo-0000694394,Garcinia kola,Clusiaceae,exact_unique,exact
Garcinia livingstonei,garcinia livingstonei,garcinia livingstonei,1,1,1,1,1,Garcinia livingstonei,wfo-0000694422,Garcinia livingstonei,Clusiaceae,1,1,1,1,1,Garcinia livingstonei,wfo-0000694422,Garcinia livingstonei,Clusiaceae,exact_unique,exact
Garcinia madruno,garcinia madruno,garcinia madruno,1,1,1,1,1,Garcinia madruno,wfo-0000694442,Garcinia madruno,Clusiaceae,1,1,1,1,1,Garcinia madruno,wfo-0000694442,Garcinia madruno,Clusiaceae,exact_unique,exact
Garcinia mangostana,garcinia mangostana,garcinia mangostana,1,1,1,1,1,Garcinia mangostana,wfo-0000694452,Garcinia mangostana,Clusiaceae,1,1,1,1,1,Garcinia mangostana,wfo-0000694452,Garcinia mangostana,Clusiaceae,exact_unique,exact
Garcinia mannii,garcinia mannii,garcinia mannii,1,1,1,1,1,Garcinia mannii,wfo-0000694455,Garcinia mannii,Clusiaceae,1,1,1,1,1,Garcinia mannii,wfo-0000694455,Garcinia mannii,Clusiaceae,exact_unique,exact
Garcinia morella,garcinia morella,garcinia morella,1,1,1,1,1,Garcinia morella,wfo-1200094414,Garcinia cambogioides var. cambogioides,Clusiaceae,1,1,1,1,1,Garcinia morella,wfo-1200094414,Garcinia cambogioides var. cambogioides,Clusiaceae,exact_unique,exact
Garcinia multiflora,garcinia multiflora,garcinia multiflora,1,1,1,1,1,Garcinia multiflora,wfo-0000694499,Garcinia multiflora,Clusiaceae,1,1,1,1,1,Garcinia multiflora,wfo-0000694499,Garcinia multiflora,Clusiaceae,exact_unique,exact
Garcinia nervosa,garcinia nervosa,garcinia nervosa,1,1,1,1,1,Garcinia nervosa,wfo-0000694510,Garcinia nervosa,Clusiaceae,1,1,1,1,1,Garcinia nervosa,wfo-0000694510,Garcinia nervosa,Clusiaceae,exact_unique,exact
Garcinia nigrolineata,garcinia nigrolineata,garcinia nigrolineata,1,1,1,1,1,Garcinia nigrolineata,wfo-0000694513,Garcinia nigrolineata,Clusiaceae,1,1,1,1,1,Garcinia nigrolineata,wfo-0000694513,Garcinia nigrolineata,Clusiaceae,exact_unique,exact
Garcinia portoricensis,garcinia portoricensis,garcinia portoricensis,1,1,1,1,1,Garcinia portoricensis,wfo-0000694585,Garcinia portoricensis,Clusiaceae,1,1,1,1,1,Garcinia portoricensis,wfo-0000694585,Garcinia portoricensis,Clusiaceae,exact_unique,exact
Garcinia prainiana,garcinia prainiana,garcinia prainiana,1,1,1,1,1,Garcinia prainiana,wfo-0000694586,Garcinia prainiana,Clusiaceae,1,1,1,1,1,Garcinia prainiana,wfo-0000694586,Garcinia prainiana,Clusiaceae,exact_unique,exact
Garcinia speciosa,garcinia speciosa,garcinia speciosa,1,1,1,1,1,Garcinia speciosa,wfo-0000694214,Garcinia celebica,Clusiaceae,1,1,1,1,1,Garcinia speciosa,wfo-0000694214,Garcinia celebica,Clusiaceae,exact_unique,exact
Garcinia spicata,garcinia spicata,garcinia spicata,1,1,1,1,1,Garcinia spicata,wfo-0000694663,Garcinia spicata,Clusiaceae,1,1,1,1,1,Garcinia spicata,wfo-0000694663,Garcinia spicata,Clusiaceae,exact_unique,exact
Garcinia subelliptica,garcinia subelliptica,garcinia subelliptica,1,1,1,1,1,Garcinia subelliptica,wfo-0000694671,Garcinia subelliptica,Clusiaceae,1,1,1,1,1,Garcinia subelliptica,wfo-0000694671,Garcinia subelliptica,Clusiaceae,exact_unique,exact
Garcinia terpnophylla,garcinia terpnophylla,garcinia terpnophylla,1,1,1,1,1,Garcinia terpnophylla,wfo-0000694684,Garcinia terpnophylla,Clusiaceae,1,1,1,1,1,Garcinia terpnophylla,wfo-0000694684,Garcinia terpnophylla,Clusiaceae,exact_unique,exact
Garcinia thwaitesii,garcinia thwaitesii,garcinia thwaitesii,1,1,1,1,1,Garcinia thwaitesii,wfo-0000694691,Garcinia thwaitesii,Clusiaceae,1,1,1,1,1,Garcinia thwaitesii,wfo-0000694691,Garcinia thwaitesii,Clusiaceae,exact_unique,exact
Garcinia xanthochymus,garcinia xanthochymus,garcinia xanthochymus,1,1,1,1,1,Garcinia xanthochymus,wfo-0000694747,Garcinia xanthochymus,Clusiaceae,1,1,1,1,1,Garcinia xanthochymus,wfo-0000694747,Garcinia xanthochymus,Clusiaceae,exact_unique,exact
Genista burdurensis,genista burdurensis,genista burdurensis,1,1,1,1,1,Genista burdurensis,wfo-0000185508,Genista burdurensis,Fabaceae,1,1,1,1,1,Genista burdurensis,wfo-0000185508,Genista burdurensis,Fabaceae,exact_unique,exact
Genista cadasonensis,genista cadasonensis,genista cadasonensis,1,1,1,1,1,Genista cadasonensis,wfo-0000185509,Genista cadasonensis,Fabaceae,1,1,1,1,1,Genista cadasonensis,wfo-0000185509,Genista cadasonensis,Fabaceae,exact_unique,exact
Genista cinerea,genista cinerea,genista cinerea,1,1,1,1,1,Genista cinerea,wfo-0000186918,Genista cinerea,Fabaceae,1,1,1,1,1,Genista cinerea,wfo-0000186918,Genista cinerea,Fabaceae,exact_unique,exact
Genista compacta,genista compacta,genista compacta,1,1,1,1,1,Genista compacta,wfo-0000186464,Genista compacta,Fabaceae,1,1,1,1,1,Genista compacta,wfo-0000186464,Genista compacta,Fabaceae,exact_unique,exact
Genista corsica,genista corsica,genista corsica,1,1,1,1,1,Genista corsica,wfo-0000213730,Genista corsica,Fabaceae,1,1,1,1,1,Genista corsica,wfo-0000213730,Genista corsica,Fabaceae,exact_unique,exact
Genista ephedroides,genista ephedroides,genista ephedroides,1,1,1,1,1,Genista ephedroides,wfo-0000213735,Genista ephedroides,Fabaceae,1,1,1,1,1,Genista ephedroides,wfo-0000213735,Genista ephedroides,Fabaceae,exact_unique,exact
Genista lydia,genista lydia,genista lydia,1,1,1,1,1,Genista lydia,wfo-0000213748,Genista lydia,Fabaceae,1,1,1,1,1,Genista lydia,wfo-0000213748,Genista lydia,Fabaceae,exact_unique,exact
Genista morisii,genista morisii,genista morisii,1,1,1,1,1,Genista morisii,wfo-0000213752,Genista morisii,Fabaceae,1,1,1,1,1,Genista morisii,wfo-0000213752,Genista morisii,Fabaceae,exact_unique,exact
Genista pichisermolliana,genista pichisermolliana,genista pichisermolliana,1,1,1,1,1,Genista pichisermolliana,wfo-0000696577,Genista pichisermolliana,Fabaceae,1,1,1,1,1,Genista pichisermolliana,wfo-0000696577,Genista pichisermolliana,Fabaceae,exact_unique,exact
Genista tinctoria,genista tinctoria,genista tinctoria,1,1,1,1,1,Genista tinctoria,wfo-0000213769,Genista tinctoria,Fabaceae,1,1,1,1,1,Genista tinctoria,wfo-0000213769,Genista tinctoria,Fabaceae,exact_unique,exact
Genista tricuspidata,genista tricuspidata,genista tricuspidata,1,1,1,1,1,Genista tricuspidata,wfo-0000213376,Genista tricuspidata,Fabaceae,1,1,1,1,1,Genista tricuspidata,wfo-0000213376,Genista tricuspidata,Fabaceae,exact_unique,exact
Geoffroea decorticans,geoffroea decorticans,geoffroea decorticans,1,1,1,1,1,Geoffroea decorticans,wfo-0000163989,Geoffroea decorticans,Fabaceae,1,1,1,1,1,Geoffroea decorticans,wfo-0000163989,Geoffroea decorticans,Fabaceae,exact_unique,exact
Geraea canescens,geraea canescens,geraea canescens,1,1,1,1,1,Geraea canescens,wfo-0000118208,Geraea canescens,Asteraceae,1,1,1,1,1,Geraea canescens,wfo-0000118208,Geraea canescens,Asteraceae,exact_unique,exact
Geranium niveum,geranium niveum,geranium niveum,1,1,1,1,1,Geranium niveum,wfo-0000700937,Geranium niveum,Geraniaceae,1,1,1,1,1,Geranium niveum,wfo-0000700937,Geranium niveum,Geraniaceae,exact_unique,exact
Geranium pratense,geranium pratense,geranium pratense,1,1,1,1,1,Geranium pratense,wfo-0000701108,Geranium pratense,Geraniaceae,1,1,1,1,1,Geranium pratense,wfo-0000701108,Geranium pratense,Geraniaceae,exact_unique,exact
Geranium sanguineum,geranium sanguineum,geranium sanguineum,1,1,1,1,1,Geranium sanguineum,wfo-0000701279,Geranium sanguineum,Geraniaceae,1,1,1,1,1,Geranium sanguineum,wfo-0000701279,Geranium sanguineum,Geraniaceae,exact_unique,exact
Geranium sylvaticum,geranium sylvaticum,geranium sylvaticum,1,1,1,1,1,Geranium sylvaticum,wfo-0000701427,Geranium sylvaticum,Geraniaceae,1,1,1,1,1,Geranium sylvaticum,wfo-0000701427,Geranium sylvaticum,Geraniaceae,exact_unique,exact
Geranium thunbergii,geranium thunbergii,geranium thunbergii,2,2,1,1,1,Geranium thunbergii,wfo-1200096065,Geranium thunbergii,Geraniaceae,2,2,1,1,1,Geranium thunbergii,wfo-1200096065,Geranium thunbergii,Geraniaceae,exact_unique,exact
Ginkgo biloba,ginkgo biloba,ginkgo biloba,1,1,1,1,1,Ginkgo biloba,wfo-0000795526,Ginkgo biloba,Ginkgoaceae,1,1,1,1,1,Ginkgo biloba,wfo-0000795526,Ginkgo biloba,Ginkgoaceae,exact_unique,exact
Glebionis coronaria,glebionis coronaria,glebionis coronaria,2,2,1,1,1,Glebionis coronaria,wfo-0000072121,Glebionis coronaria,Asteraceae,2,2,1,1,1,Glebionis coronaria,wfo-0000072121,Glebionis coronaria,Asteraceae,exact_unique,exact
Glehnia littoralis,glehnia littoralis,glehnia littoralis,1,1,1,1,1,Glehnia littoralis,wfo-0000703677,Glehnia littoralis,Apiaceae,1,1,1,1,1,Glehnia littoralis,wfo-0000703677,Glehnia littoralis,Apiaceae,exact_unique,exact
Gliricidia sepium,gliricidia sepium,gliricidia sepium,1,1,1,1,1,Gliricidia sepium,wfo-0000178022,Gliricidia sepium,Fabaceae,1,1,1,1,1,Gliricidia sepium,wfo-0000178022,Gliricidia sepium,Fabaceae,exact_unique,exact
Globularia alypum,globularia alypum,globularia alypum,1,1,1,1,1,Globularia alypum,wfo-0000703791,Globularia alypum,Plantaginaceae,1,1,1,1,1,Globularia alypum,wfo-0000703791,Globularia alypum,Plantaginaceae,exact_unique,exact
Glochidion zeylanicum,glochidion zeylanicum,glochidion zeylanicum,1,1,1,1,1,Glochidion zeylanicum,wfo-0000973663,Glochidion zeylanicum,Phyllanthaceae,1,1,1,1,1,Glochidion zeylanicum,wfo-0000973663,Glochidion zeylanicum,Phyllanthaceae,exact_unique,exact
Glycine canescens,glycine canescens,glycine canescens,1,1,1,1,1,Glycine canescens,wfo-0000187275,Glycine canescens,Fabaceae,1,1,1,1,1,Glycine canescens,wfo-0000187275,Glycine canescens,Fabaceae,exact_unique,exact
Glycine clandestina,glycine clandestina,glycine clandestina,1,1,1,1,1,Glycine clandestina,wfo-0001053577,Glycine clandestina,Fabaceae,1,1,1,1,1,Glycine clandestina,wfo-0001053577,Glycine clandestina,Fabaceae,exact_unique,exact
Glycine falcata,glycine falcata,glycine falcata,1,1,1,1,1,Glycine falcata,wfo-0000187286,Glycine falcata,Fabaceae,1,1,1,1,1,Glycine falcata,wfo-0000187286,Glycine falcata,Fabaceae,exact_unique,exact
Glycine latifolia,glycine latifolia,glycine latifolia,1,1,1,1,1,Glycine latifolia,wfo-0000187287,Glycine latifolia,Fabaceae,1,1,1,1,1,Glycine latifolia,wfo-0000187287,Glycine latifolia,Fabaceae,exact_unique,exact
Glycine latrobeana,glycine latrobeana,glycine latrobeana,1,1,1,1,1,Glycine latrobeana,wfo-0000187290,Glycine latrobeana,Fabaceae,1,1,1,1,1,Glycine latrobeana,wfo-0000187290,Glycine latrobeana,Fabaceae,exact_unique,exact
Glycine max,glycine max,glycine max,1,1,1,1,1,Glycine max,wfo-0000181462,Glycine max,Fabaceae,1,1,1,1,1,Glycine max,wfo-0000181462,Glycine max,Fabaceae,exact_unique,exact
Glycine tabacina,glycine tabacina,glycine tabacina,1,1,1,1,1,Glycine tabacina,wfo-0000181473,Glycine tabacina,Fabaceae,1,1,1,1,1,Glycine tabacina,wfo-0000181473,Glycine tabacina,Fabaceae,exact_unique,exact
Glycine tomentella,glycine tomentella,glycine tomentella,1,1,1,1,1,Glycine tomentella,wfo-0000194832,Glycine tomentella,Fabaceae,1,1,1,1,1,Glycine tomentella,wfo-0000194832,Glycine tomentella,Fabaceae,exact_unique,exact
Glycosmis,glycosmis,glycosmis,1,1,1,1,1,Glycosmis,wfo-4000015850,Glycosmis,Rutaceae,1,1,1,1,1,Glycosmis,wfo-4000015850,Glycosmis,Rutaceae,exact_unique,exact
Glycosmis chlorosperma,glycosmis chlorosperma,glycosmis chlorosperma,1,1,1,1,1,Glycosmis chlorosperma,wfo-0000704476,Glycosmis chlorosperma,Rutaceae,1,1,1,1,1,Glycosmis chlorosperma,wfo-0000704476,Glycosmis chlorosperma,Rutaceae,exact_unique,exact
Glycosmis craibii,glycosmis craibii,glycosmis craibii,1,1,1,1,1,Glycosmis craibii,wfo-0000704486,Glycosmis craibii,Rutaceae,1,1,1,1,1,Glycosmis craibii,wfo-0000704486,Glycosmis craibii,Rutaceae,exact_unique,exact
Glycosmis macrophylla,glycosmis macrophylla,glycosmis macrophylla,1,1,1,1,1,Glycosmis macrophylla,wfo-0000704527,Glycosmis macrophylla,Rutaceae,1,1,1,1,1,Glycosmis macrophylla,wfo-0000704527,Glycosmis macrophylla,Rutaceae,exact_unique,exact
Glycosmis montana,glycosmis montana,glycosmis montana,1,1,1,1,1,Glycosmis montana,wfo-0000704518,Glycosmis lanceolata,Rutaceae,1,1,1,1,1,Glycosmis montana,wfo-0000704518,Glycosmis lanceolata,Rutaceae,exact_unique,exact
Glycosmis parviflora,glycosmis parviflora,glycosmis parviflora,1,1,1,1,1,Glycosmis parviflora,wfo-0000704556,Glycosmis parviflora,Rutaceae,1,1,1,1,1,Glycosmis parviflora,wfo-0000704556,Glycosmis parviflora,Rutaceae,exact_unique,exact
Glycosmis pentaphylla,glycosmis pentaphylla,glycosmis pentaphylla,1,1,1,1,1,Glycosmis pentaphylla,wfo-0000704558,Glycosmis pentaphylla,Rutaceae,1,1,1,1,1,Glycosmis pentaphylla,wfo-0000704558,Glycosmis pentaphylla,Rutaceae,exact_unique,exact
Glycosmis pseudoracemosa,glycosmis pseudoracemosa,glycosmis pseudoracemosa,1,1,1,1,1,Glycosmis pseudoracemosa,wfo-0000704569,Glycosmis pseudoracemosa,Rutaceae,1,1,1,1,1,Glycosmis pseudoracemosa,wfo-0000704569,Glycosmis pseudoracemosa,Rutaceae,exact_unique,exact
Glycosmis sapindoides,glycosmis sapindoides,glycosmis sapindoides,1,1,1,1,1,Glycosmis sapindoides,wfo-1200097147,Glycosmis macrophylla var. macrophylla,Rutaceae,1,1,1,1,1,Glycosmis sapindoides,wfo-1200097147,Glycosmis macrophylla var. macrophylla,Rutaceae,exact_unique,exact
Glycyrrhiza,glycyrrhiza,glycyrrhiza,1,1,1,1,1,Glycyrrhiza,wfo-4000015856,Glycyrrhiza,Fabaceae,1,1,1,1,1,Glycyrrhiza,wfo-4000015856,Glycyrrhiza,Fabaceae,exact_unique,exact
Glycyrrhiza aspera,glycyrrhiza aspera,glycyrrhiza aspera,1,1,1,1,1,Glycyrrhiza aspera,wfo-0000213772,Glycyrrhiza aspera,Fabaceae,1,1,1,1,1,Glycyrrhiza aspera,wfo-0000213772,Glycyrrhiza aspera,Fabaceae,exact_unique,exact
Glycyrrhiza astragalina,glycyrrhiza astragalina,glycyrrhiza astragalina,1,1,1,1,1,Glycyrrhiza astragalina,wfo-0000170581,Glycyrrhiza astragalina,Fabaceae,1,1,1,1,1,Glycyrrhiza astragalina,wfo-0000170581,Glycyrrhiza astragalina,Fabaceae,exact_unique,exact
Glycyrrhiza eurycarpa,glycyrrhiza eurycarpa,glycyrrhiza eurycarpa,1,1,1,1,1,Glycyrrhiza eurycarpa,wfo-0000186032,Glycyrrhiza inflata,Fabaceae,1,1,1,1,1,Glycyrrhiza eurycarpa,wfo-0000186032,Glycyrrhiza inflata,Fabaceae,exact_unique,exact
Glycyrrhiza glabra,glycyrrhiza glabra,glycyrrhiza glabra,1,1,1,1,1,Glycyrrhiza glabra,wfo-0000212813,Glycyrrhiza glabra,Fabaceae,1,1,1,1,1,Glycyrrhiza glabra,wfo-0000212813,Glycyrrhiza glabra,Fabaceae,exact_unique,exact
Glycyrrhiza inflata,glycyrrhiza inflata,glycyrrhiza inflata,1,1,1,1,1,Glycyrrhiza inflata,wfo-0000186032,Glycyrrhiza inflata,Fabaceae,1,1,1,1,1,Glycyrrhiza inflata,wfo-0000186032,Glycyrrhiza inflata,Fabaceae,exact_unique,exact
Glycyrrhiza lepidota,glycyrrhiza lepidota,glycyrrhiza lepidota,2,2,1,1,1,Glycyrrhiza lepidota,wfo-0000170582,Glycyrrhiza lepidota,Fabaceae,2,2,1,1,1,Glycyrrhiza lepidota,wfo-0000170582,Glycyrrhiza lepidota,Fabaceae,exact_unique,exact
Glycyrrhiza pallidiflora,glycyrrhiza pallidiflora,glycyrrhiza pallidiflora,1,1,1,1,1,Glycyrrhiza pallidiflora,wfo-0000186030,Glycyrrhiza pallidiflora,Fabaceae,1,1,1,1,1,Glycyrrhiza pallidiflora,wfo-0000186030,Glycyrrhiza pallidiflora,Fabaceae,exact_unique,exact
Glycyrrhiza uralensis,glycyrrhiza uralensis,glycyrrhiza uralensis,2,2,1,1,1,Glycyrrhiza uralensis,wfo-0001053609,Glycyrrhiza uralensis,Fabaceae,2,2,1,1,1,Glycyrrhiza uralensis,wfo-0001053609,Glycyrrhiza uralensis,Fabaceae,exact_unique,exact
Gnetum africanum,gnetum africanum,gnetum africanum,1,1,1,1,1,Gnetum africanum,wfo-0000795564,Gnetum africanum,Gnetaceae,1,1,1,1,1,Gnetum africanum,wfo-0000795564,Gnetum africanum,Gnetaceae,exact_unique,exact
Gnetum gnemon,gnetum gnemon,gnetum gnemon,1,1,1,1,1,Gnetum gnemon,wfo-0000795591,Gnetum gnemon,Gnetaceae,1,1,1,1,1,Gnetum gnemon,wfo-0000795591,Gnetum gnemon,Gnetaceae,exact_unique,exact
Gnetum klossii,gnetum klossii,gnetum klossii,1,1,1,1,1,Gnetum klossii,wfo-0000795610,Gnetum klossii,Gnetaceae,1,1,1,1,1,Gnetum klossii,wfo-0000795610,Gnetum klossii,Gnetaceae,exact_unique,exact
Gnetum macrostachyum,gnetum macrostachyum,gnetum macrostachyum,1,1,1,1,1,Gnetum macrostachyum,wfo-0000795633,Gnetum macrostachyum,Gnetaceae,1,1,1,1,1,Gnetum macrostachyum,wfo-0000795633,Gnetum macrostachyum,Gnetaceae,exact_unique,exact
Gnetum montanum,gnetum montanum,gnetum montanum,1,1,1,1,1,Gnetum montanum,wfo-0000795644,Gnetum montanum,Gnetaceae,1,1,1,1,1,Gnetum montanum,wfo-0000795644,Gnetum montanum,Gnetaceae,exact_unique,exact
Gnetum ula,gnetum ula,gnetum ula,1,1,1,1,1,Gnetum ula,wfo-0001065145,Gnetum edule,Gnetaceae,1,1,1,1,1,Gnetum ula,wfo-0001065145,Gnetum edule,Gnetaceae,exact_unique,exact
Gnidia glauca,gnidia glauca,gnidia glauca,1,1,1,1,1,Gnidia glauca,wfo-0000445422,Lasiosiphon glaucus,Thymelaeaceae,1,1,1,1,1,Gnidia glauca,wfo-0000445422,Lasiosiphon glaucus,Thymelaeaceae,exact_unique,exact
Gnidia involucrata,gnidia involucrata,gnidia involucrata,1,1,1,1,1,Gnidia involucrata,wfo-0000704854,Gnidia involucrata,Thymelaeaceae,1,1,1,1,1,Gnidia involucrata,wfo-0000704854,Gnidia involucrata,Thymelaeaceae,exact_unique,exact
Gochnatia glutinosa,gochnatia glutinosa,gochnatia glutinosa,2,2,1,1,1,Gochnatia glutinosa,wfo-0000067831,Gochnatia glutinosa,Asteraceae,2,2,1,1,1,Gochnatia glutinosa,wfo-0000067831,Gochnatia glutinosa,Asteraceae,exact_unique,exact
Gochnatia vernonioides,gochnatia vernonioides,gochnatia vernonioides,1,1,1,1,1,Gochnatia vernonioides,wfo-0000051824,Gochnatia vernonioides,Asteraceae,1,1,1,1,1,Gochnatia vernonioides,wfo-0000051824,Gochnatia vernonioides,Asteraceae,exact_unique,exact
Goniorrhachis marginata,goniorrhachis marginata,goniorrhachis marginata,1,1,1,1,1,Goniorrhachis marginata,wfo-0000163993,Goniorrhachis marginata,Fabaceae,1,1,1,1,1,Goniorrhachis marginata,wfo-0000163993,Goniorrhachis marginata,Fabaceae,exact_unique,exact
Goniothalamus borneensis,goniothalamus borneensis,goniothalamus borneensis,1,1,1,1,1,Goniothalamus borneensis,wfo-0000706435,Goniothalamus borneensis,Annonaceae,1,1,1,1,1,Goniothalamus borneensis,wfo-0000706435,Goniothalamus borneensis,Annonaceae,exact_unique,exact
Goniothalamus cheliensis,goniothalamus cheliensis,goniothalamus cheliensis,1,1,1,1,1,Goniothalamus cheliensis,wfo-0000706452,Goniothalamus cheliensis,Annonaceae,1,1,1,1,1,Goniothalamus cheliensis,wfo-0000706452,Goniothalamus cheliensis,Annonaceae,exact_unique,exact
Goniothalamus gardneri,goniothalamus gardneri,goniothalamus gardneri,1,1,1,1,1,Goniothalamus gardneri,wfo-0000706484,Goniothalamus gardneri,Annonaceae,1,1,1,1,1,Goniothalamus gardneri,wfo-0000706484,Goniothalamus gardneri,Annonaceae,exact_unique,exact
Goniothalamus griffithii,goniothalamus griffithii,goniothalamus griffithii,1,1,1,1,1,Goniothalamus griffithii,wfo-0000706491,Goniothalamus griffithii,Annonaceae,1,1,1,1,1,Goniothalamus griffithii,wfo-0000706491,Goniothalamus griffithii,Annonaceae,exact_unique,exact
Goniothalamus leiocarpus,goniothalamus leiocarpus,goniothalamus leiocarpus,1,1,1,1,1,Goniothalamus leiocarpus,wfo-0000706511,Goniothalamus leiocarpus,Annonaceae,1,1,1,1,1,Goniothalamus leiocarpus,wfo-0000706511,Goniothalamus leiocarpus,Annonaceae,exact_unique,exact
Goyazianthus tetrastichus,goyazianthus tetrastichus,goyazianthus tetrastichus,2,2,1,1,1,Goyazianthus tetrastichus,wfo-0000081714,Goyazianthus tetrastichus,Asteraceae,2,2,1,1,1,Goyazianthus tetrastichus,wfo-0000081714,Goyazianthus tetrastichus,Asteraceae,exact_unique,exact
Grangea maderaspatana,grangea maderaspatana,grangea maderaspatana,2,2,1,1,1,Grangea maderaspatana,wfo-0000075063,Grangea maderaspatana,Asteraceae,2,2,1,1,1,Grangea maderaspatana,wfo-0000075063,Grangea maderaspatana,Asteraceae,exact_unique,exact
Greigia sphacelata,greigia sphacelata,greigia sphacelata,1,1,1,1,1,Greigia sphacelata,wfo-0000431236,Greigia sphacelata,Bromeliaceae,1,1,1,1,1,Greigia sphacelata,wfo-0000431236,Greigia sphacelata,Bromeliaceae,exact_unique,exact
Grevillea robusta,grevillea robusta,grevillea robusta,1,1,1,1,1,Grevillea robusta,wfo-0000709544,Grevillea robusta,Proteaceae,1,1,1,1,1,Grevillea robusta,wfo-0000709544,Grevillea robusta,Proteaceae,exact_unique,exact
Greyia flanaganii,greyia flanaganii,greyia flanaganii,1,1,1,1,1,Greyia flanaganii,wfo-0000710418,Greyia flanaganii,Francoaceae,1,1,1,1,1,Greyia flanaganii,wfo-0000710418,Greyia flanaganii,Francoaceae,exact_unique,exact
Grindelia hirsutula,grindelia hirsutula,grindelia hirsutula,1,1,1,1,1,Grindelia hirsutula,wfo-0000035575,Grindelia hirsutula,Asteraceae,1,1,1,1,1,Grindelia hirsutula,wfo-0000035575,Grindelia hirsutula,Asteraceae,exact_unique,exact
Guazuma ulmifolia,guazuma ulmifolia,guazuma ulmifolia,1,1,1,1,1,Guazuma ulmifolia,wfo-0000711645,Guazuma ulmifolia,Malvaceae,1,1,1,1,1,Guazuma ulmifolia,wfo-0000711645,Guazuma ulmifolia,Malvaceae,exact_unique,exact
Gueldenstaedtia verna,gueldenstaedtia verna,gueldenstaedtia verna,1,1,1,1,1,Gueldenstaedtia verna,wfo-0000198763,Gueldenstaedtia verna,Fabaceae,1,1,1,1,1,Gueldenstaedtia verna,wfo-0000198763,Gueldenstaedtia verna,Fabaceae,exact_unique,exact
Guibourtia coleosperma,guibourtia coleosperma,guibourtia coleosperma,1,1,1,1,1,Guibourtia coleosperma,wfo-0000168307,Guibourtia coleosperma,Fabaceae,1,1,1,1,1,Guibourtia coleosperma,wfo-0000168307,Guibourtia coleosperma,Fabaceae,exact_unique,exact
Guibourtia tessmannii,guibourtia tessmannii,guibourtia tessmannii,1,1,1,1,1,Guibourtia tessmannii,wfo-0000168514,Guibourtia tessmannii,Fabaceae,1,1,1,1,1,Guibourtia tessmannii,wfo-0000168514,Guibourtia tessmannii,Fabaceae,exact_unique,exact
Guioa crenulata,guioa crenulata,guioa crenulata,1,1,1,1,1,Guioa crenulata,wfo-0000711813,Guioa crenulata,Sapindaceae,1,1,1,1,1,Guioa crenulata,wfo-0000711813,Guioa crenulata,Sapindaceae,exact_unique,exact
Gutierrezia microcephala,gutierrezia microcephala,gutierrezia microcephala,1,1,1,1,1,Gutierrezia microcephala,wfo-0000019536,Gutierrezia microcephala,Asteraceae,1,1,1,1,1,Gutierrezia microcephala,wfo-0000019536,Gutierrezia microcephala,Asteraceae,exact_unique,exact
Gutierrezia sphaerocephala,gutierrezia sphaerocephala,gutierrezia sphaerocephala,1,1,1,1,1,Gutierrezia sphaerocephala,wfo-0000005924,Gutierrezia sphaerocephala,Asteraceae,1,1,1,1,1,Gutierrezia sphaerocephala,wfo-0000005924,Gutierrezia sphaerocephala,Asteraceae,exact_unique,exact
Gymnosperma glutinosum,gymnosperma glutinosum,gymnosperma glutinosum,1,1,1,1,1,Gymnosperma glutinosum,wfo-0000094649,Gymnosperma glutinosum,Asteraceae,1,1,1,1,1,Gymnosperma glutinosum,wfo-0000094649,Gymnosperma glutinosum,Asteraceae,exact_unique,exact
Gymnosporia pyria,gymnosporia pyria,gymnosporia pyria,1,1,1,1,1,Gymnosporia pyria,wfo-0000713031,Gymnosporia pyria,Celastraceae,1,1,1,1,1,Gymnosporia pyria,wfo-0000713031,Gymnosporia pyria,Celastraceae,exact_unique,exact
Gymnosporia senegalensis,gymnosporia senegalensis,gymnosporia senegalensis,1,1,1,1,1,Gymnosporia senegalensis,wfo-0000713049,Gymnosporia senegalensis,Celastraceae,1,1,1,1,1,Gymnosporia senegalensis,wfo-0000713049,Gymnosporia senegalensis,Celastraceae,exact_unique,exact
Gynerium sagittatum,gynerium sagittatum,gynerium sagittatum,1,1,1,1,1,Gynerium sagittatum,wfo-0000873721,Gynerium sagittatum,Poaceae,1,1,1,1,1,Gynerium sagittatum,wfo-0000873721,Gynerium sagittatum,Poaceae,exact_unique,exact
Habranthus brachyandrus,habranthus brachyandrus,habranthus brachyandrus,1,1,1,1,1,Habranthus brachyandrus,wfo-0000645851,Habranthus brachyandrus,Amaryllidaceae,1,1,1,1,1,Habranthus brachyandrus,wfo-0000645851,Habranthus brachyandrus,Amaryllidaceae,exact_unique,exact
Haematoxylum campechianum,haematoxylum campechianum,haematoxylum campechianum,1,1,1,1,1,Haematoxylum campechianum,wfo-0000168536,Haematoxylum campechianum,Fabaceae,1,1,1,1,1,Haematoxylum campechianum,wfo-0000168536,Haematoxylum campechianum,Fabaceae,exact_unique,exact
Haloxylon scoparium,haloxylon scoparium,haloxylon scoparium,1,1,1,1,1,Haloxylon scoparium,wfo-0000715248,Haloxylon scoparium,Amaranthaceae,1,1,1,1,1,Haloxylon scoparium,wfo-0000715248,Haloxylon scoparium,Amaranthaceae,exact_unique,exact
Hamamelis virginiana,hamamelis virginiana,hamamelis virginiana,1,1,1,1,1,Hamamelis virginiana,wfo-0001065240,Hamamelis virginiana,Hamamelidaceae,1,1,1,1,1,Hamamelis virginiana,wfo-0001065240,Hamamelis virginiana,Hamamelidaceae,exact_unique,exact
Hamelia patens,hamelia patens,hamelia patens,1,1,1,1,1,Hamelia patens,wfo-0000979110,Hamelia patens,Rubiaceae,1,1,1,1,1,Hamelia patens,wfo-0000979110,Hamelia patens,Rubiaceae,exact_unique,exact
Haplopappus remyanus,haplopappus remyanus,haplopappus remyanus,1,1,1,1,1,Haplopappus remyanus,wfo-0000005727,Haplopappus remyanus,Asteraceae,1,1,1,1,1,Haplopappus remyanus,wfo-0000005727,Haplopappus remyanus,Asteraceae,exact_unique,exact
Harpalyce brasiliana,harpalyce brasiliana,harpalyce brasiliana,1,1,1,1,1,Harpalyce brasiliana,wfo-0000170586,Harpalyce brasiliana,Fabaceae,1,1,1,1,1,Harpalyce brasiliana,wfo-0000170586,Harpalyce brasiliana,Fabaceae,exact_unique,exact
Harungana madagascariensis,harungana madagascariensis,harungana madagascariensis,2,2,1,1,1,Harungana madagascariensis,wfo-0000716096,Harungana madagascariensis,Hypericaceae,2,2,1,1,1,Harungana madagascariensis,wfo-0000716096,Harungana madagascariensis,Hypericaceae,exact_unique,exact
Hazardia squarrosa,hazardia squarrosa,hazardia squarrosa,1,1,1,1,1,Hazardia squarrosa,wfo-0000063376,Hazardia squarrosa,Asteraceae,1,1,1,1,1,Hazardia squarrosa,wfo-0000063376,Hazardia squarrosa,Asteraceae,exact_unique,exact
Hedera colchica,hedera colchica,hedera colchica,1,1,1,1,1,Hedera colchica,wfo-0000979673,Hedera colchica,Araliaceae,1,1,1,1,1,Hedera colchica,wfo-0000979673,Hedera colchica,Araliaceae,exact_unique,exact
Hedychium gardnerianum,hedychium gardnerianum,hedychium gardnerianum,2,2,1,1,1,Hedychium gardnerianum,wfo-0000435987,Hedychium gardnerianum,Zingiberaceae,2,2,1,1,1,Hedychium gardnerianum,wfo-0000435987,Hedychium gardnerianum,Zingiberaceae,exact_unique,exact
Hedysarum multijugum,hedysarum multijugum,hedysarum multijugum,1,1,1,1,1,Hedysarum multijugum,wfo-0001034249,Corethrodendron multijugum,Fabaceae,1,1,1,1,1,Hedysarum multijugum,wfo-0001034249,Corethrodendron multijugum,Fabaceae,exact_unique,exact
Hedysarum polybotrys,hedysarum polybotrys,hedysarum polybotrys,1,1,1,1,1,Hedysarum polybotrys,wfo-0000186005,Hedysarum polybotrys,Fabaceae,1,1,1,1,1,Hedysarum polybotrys,wfo-0000186005,Hedysarum polybotrys,Fabaceae,exact_unique,exact
Hedysarum scoparium,hedysarum scoparium,hedysarum scoparium,1,1,1,1,1,Hedysarum scoparium,wfo-0001272343,Corethrodendron scoparium,Fabaceae,1,1,1,1,1,Hedysarum scoparium,wfo-0001272343,Corethrodendron scoparium,Fabaceae,exact_unique,exact
Hedysarum sikkimense,hedysarum sikkimense,hedysarum sikkimense,1,1,1,1,1,Hedysarum sikkimense,wfo-0000198854,Hedysarum sikkimense,Fabaceae,1,1,1,1,1,Hedysarum sikkimense,wfo-0000198854,Hedysarum sikkimense,Fabaceae,exact_unique,exact
Hedysarum theinum,hedysarum theinum,hedysarum theinum,1,1,1,1,1,Hedysarum theinum,wfo-0000209188,Hedysarum theinum,Fabaceae,1,1,1,1,1,Hedysarum theinum,wfo-0000209188,Hedysarum theinum,Fabaceae,exact_unique,exact
Heisteria acuminata,heisteria acuminata,heisteria acuminata,1,1,1,1,1,Heisteria acuminata,wfo-0000717098,Heisteria acuminata,Olacaceae,1,1,1,1,1,Heisteria acuminata,wfo-0000717098,Heisteria acuminata,Olacaceae,exact_unique,exact
Heisteria nitida,heisteria nitida,heisteria nitida,1,1,1,1,1,Heisteria nitida,wfo-0000717140,Heisteria nitida,Olacaceae,1,1,1,1,1,Heisteria nitida,wfo-0000717140,Heisteria nitida,Olacaceae,exact_unique,exact
Helianthemum glomeratum,helianthemum glomeratum,helianthemum glomeratum,1,1,1,1,1,Helianthemum glomeratum,wfo-0000626256,Crocanthemum glomeratum,Cistaceae,1,1,1,1,1,Helianthemum glomeratum,wfo-0000626256,Crocanthemum glomeratum,Cistaceae,exact_unique,exact
Helianthus angustifolius,helianthus angustifolius,helianthus angustifolius,2,2,1,1,1,Helianthus angustifolius,wfo-0000066553,Helianthus angustifolius,Asteraceae,2,2,1,1,1,Helianthus angustifolius,wfo-0000066553,Helianthus angustifolius,Asteraceae,exact_unique,exact
Helianthus annuus,helianthus annuus,helianthus annuus,1,1,1,1,1,Helianthus annuus,wfo-0000088131,Helianthus annuus,Asteraceae,1,1,1,1,1,Helianthus annuus,wfo-0000088131,Helianthus annuus,Asteraceae,exact_unique,exact
Helianthus carnosus,helianthus carnosus,helianthus carnosus,1,1,1,1,1,Helianthus carnosus,wfo-0000037051,Helianthus carnosus,Asteraceae,1,1,1,1,1,Helianthus carnosus,wfo-0000037051,Helianthus carnosus,Asteraceae,exact_unique,exact
Helianthus floridanus,helianthus floridanus,helianthus floridanus,1,1,1,1,1,Helianthus floridanus,wfo-0000035057,Helianthus floridanus,Asteraceae,1,1,1,1,1,Helianthus floridanus,wfo-0000035057,Helianthus floridanus,Asteraceae,exact_unique,exact
Helianthus heterophyllus,helianthus heterophyllus,helianthus heterophyllus,2,2,1,1,1,Helianthus heterophyllus,wfo-0000105698,Helianthus heterophyllus,Asteraceae,2,2,1,1,1,Helianthus heterophyllus,wfo-0000105698,Helianthus heterophyllus,Asteraceae,exact_unique,exact
Helianthus longifolius,helianthus longifolius,helianthus longifolius,2,2,1,1,1,Helianthus longifolius,wfo-0000116623,Helianthus longifolius,Asteraceae,2,2,1,1,1,Helianthus longifolius,wfo-0000116623,Helianthus longifolius,Asteraceae,exact_unique,exact
Helianthus radula,helianthus radula,helianthus radula,1,1,1,1,1,Helianthus radula,wfo-0000045849,Helianthus radula,Asteraceae,1,1,1,1,1,Helianthus radula,wfo-0000045849,Helianthus radula,Asteraceae,exact_unique,exact
Helianthus simulans,helianthus simulans,helianthus simulans,1,1,1,1,1,Helianthus simulans,wfo-0000003305,Helianthus simulans,Asteraceae,1,1,1,1,1,Helianthus simulans,wfo-0000003305,Helianthus simulans,Asteraceae,exact_unique,exact
Helichrysum,helichrysum,helichrysum,1,1,1,1,1,Helichrysum,wfo-4000017214,Helichrysum,Asteraceae,1,1,1,1,1,Helichrysum,wfo-4000017214,Helichrysum,Asteraceae,exact_unique,exact
Helichrysum acutatum,helichrysum acutatum,helichrysum acutatum,1,1,1,1,1,Helichrysum acutatum,wfo-0000093390,Helichrysum acutatum,Asteraceae,1,1,1,1,1,Helichrysum acutatum,wfo-0000093390,Helichrysum acutatum,Asteraceae,exact_unique,exact
Helichrysum arenarium,helichrysum arenarium,helichrysum arenarium,2,2,1,1,1,Helichrysum arenarium,wfo-0000090226,Helichrysum arenarium,Asteraceae,2,2,1,1,1,Helichrysum arenarium,wfo-0000090226,Helichrysum arenarium,Asteraceae,exact_unique,exact
Helichrysum argyrolepis,helichrysum argyrolepis,helichrysum argyrolepis,1,1,1,1,1,Helichrysum argyrolepis,wfo-0000011244,Helichrysum argyrolepis,Asteraceae,1,1,1,1,1,Helichrysum argyrolepis,wfo-0000011244,Helichrysum argyrolepis,Asteraceae,exact_unique,exact
Helichrysum armenium,helichrysum armenium,helichrysum armenium,1,1,1,1,1,Helichrysum armenium,wfo-0000008912,Helichrysum armenium,Asteraceae,1,1,1,1,1,Helichrysum armenium,wfo-0000008912,Helichrysum armenium,Asteraceae,exact_unique,exact
Helichrysum athrixiifolium,helichrysum athrixiifolium,helichrysum athrixiifolium,2,2,1,1,1,Helichrysum athrixiifolium,wfo-0000086735,Helichrysum athrixiifolium,Asteraceae,2,2,1,1,1,Helichrysum athrixiifolium,wfo-0000086735,Helichrysum athrixiifolium,Asteraceae,exact_unique,exact
Helichrysum cephaloideum,helichrysum cephaloideum,helichrysum cephaloideum,1,1,1,1,1,Helichrysum cephaloideum,wfo-0000117459,Helichrysum cephaloideum,Asteraceae,1,1,1,1,1,Helichrysum cephaloideum,wfo-0000117459,Helichrysum cephaloideum,Asteraceae,exact_unique,exact
Helichrysum dregeanum,helichrysum dregeanum,helichrysum dregeanum,1,1,1,1,1,Helichrysum dregeanum,wfo-0000105578,Helichrysum dregeanum,Asteraceae,1,1,1,1,1,Helichrysum dregeanum,wfo-0000105578,Helichrysum dregeanum,Asteraceae,exact_unique,exact
Helichrysum felinum,helichrysum felinum,helichrysum felinum,1,1,1,1,1,Helichrysum felinum,wfo-0000123397,Helichrysum felinum,Asteraceae,1,1,1,1,1,Helichrysum felinum,wfo-0000123397,Helichrysum felinum,Asteraceae,exact_unique,exact
Helichrysum formosissimum,helichrysum formosissimum,helichrysum formosissimum,1,1,1,1,1,Helichrysum formosissimum,wfo-0000109302,Helichrysum formosissimum,Asteraceae,1,1,1,1,1,Helichrysum formosissimum,wfo-0000109302,Helichrysum formosissimum,Asteraceae,exact_unique,exact
Helichrysum gymnocomum,helichrysum gymnocomum,helichrysum gymnocomum,1,1,1,1,1,Helichrysum gymnocomum,wfo-0000060989,Helichrysum gymnocomum,Asteraceae,1,1,1,1,1,Helichrysum gymnocomum,wfo-0000060989,Helichrysum gymnocomum,Asteraceae,exact_unique,exact
Helichrysum heterolasium,helichrysum heterolasium,helichrysum heterolasium,1,1,1,1,1,Helichrysum heterolasium,wfo-0000106508,Helichrysum heterolasium,Asteraceae,1,1,1,1,1,Helichrysum heterolasium,wfo-0000106508,Helichrysum heterolasium,Asteraceae,exact_unique,exact
Helichrysum italicum,helichrysum italicum,helichrysum italicum,1,1,1,1,1,Helichrysum italicum,wfo-0000077691,Helichrysum italicum,Asteraceae,1,1,1,1,1,Helichrysum italicum,wfo-0000077691,Helichrysum italicum,Asteraceae,exact_unique,exact
Helichrysum kraussii,helichrysum kraussii,helichrysum kraussii,1,1,1,1,1,Helichrysum kraussii,wfo-0000129831,Helichrysum kraussii,Asteraceae,1,1,1,1,1,Helichrysum kraussii,wfo-0000129831,Helichrysum kraussii,Asteraceae,exact_unique,exact
Helichrysum lepidissimum,helichrysum lepidissimum,helichrysum lepidissimum,1,1,1,1,1,Helichrysum lepidissimum,wfo-0000026500,Helichrysum lepidissimum,Asteraceae,1,1,1,1,1,Helichrysum lepidissimum,wfo-0000026500,Helichrysum lepidissimum,Asteraceae,exact_unique,exact
Helichrysum luteoalbum,helichrysum luteoalbum,helichrysum luteoalbum,1,1,1,1,1,Helichrysum luteoalbum,wfo-0000076089,Laphangium luteoalbum,Asteraceae,1,1,1,1,1,Helichrysum luteoalbum,wfo-0000076089,Laphangium luteoalbum,Asteraceae,exact_unique,exact
Helichrysum melanacme,helichrysum melanacme,helichrysum melanacme,1,1,1,1,1,Helichrysum melanacme,wfo-0000035694,Helichrysum melanacme,Asteraceae,1,1,1,1,1,Helichrysum melanacme,wfo-0000035694,Helichrysum melanacme,Asteraceae,exact_unique,exact
Helichrysum mimetes,helichrysum mimetes,helichrysum mimetes,1,1,1,1,1,Helichrysum mimetes,wfo-0000096776,Helichrysum mimetes,Asteraceae,1,1,1,1,1,Helichrysum mimetes,wfo-0000096776,Helichrysum mimetes,Asteraceae,exact_unique,exact
Helichrysum monticola,helichrysum monticola,helichrysum monticola,1,1,1,1,1,Helichrysum monticola,wfo-0000035013,Helichrysum monticola,Asteraceae,1,1,1,1,1,Helichrysum monticola,wfo-0000035013,Helichrysum monticola,Asteraceae,exact_unique,exact
Helichrysum nudifolium,helichrysum nudifolium,helichrysum nudifolium,1,1,1,1,1,Helichrysum nudifolium,wfo-0000011583,Helichrysum nudifolium,Asteraceae,1,1,1,1,1,Helichrysum nudifolium,wfo-0000011583,Helichrysum nudifolium,Asteraceae,exact_unique,exact
Helichrysum platypterum,helichrysum platypterum,helichrysum platypterum,1,1,1,1,1,Helichrysum platypterum,wfo-0000019491,Helichrysum platypterum,Asteraceae,1,1,1,1,1,Helichrysum platypterum,wfo-0000019491,Helichrysum platypterum,Asteraceae,exact_unique,exact
Helichrysum polycladum,helichrysum polycladum,helichrysum polycladum,1,1,1,1,1,Helichrysum polycladum,wfo-0000077914,Helichrysum polycladum,Asteraceae,1,1,1,1,1,Helichrysum polycladum,wfo-0000077914,Helichrysum polycladum,Asteraceae,exact_unique,exact
Helichrysum retortum,helichrysum retortum,helichrysum retortum,1,1,1,1,1,Helichrysum retortum,wfo-0000000521,Helichrysum retortum,Asteraceae,1,1,1,1,1,Helichrysum retortum,wfo-0000000521,Helichrysum retortum,Asteraceae,exact_unique,exact
Helichrysum revolutum,helichrysum revolutum,helichrysum revolutum,1,1,1,1,1,Helichrysum revolutum,wfo-0000028119,Helichrysum revolutum,Asteraceae,1,1,1,1,1,Helichrysum revolutum,wfo-0000028119,Helichrysum revolutum,Asteraceae,exact_unique,exact
Helichrysum rugulosum,helichrysum rugulosum,helichrysum rugulosum,1,1,1,1,1,Helichrysum rugulosum,wfo-0000062669,Helichrysum rugulosum,Asteraceae,1,1,1,1,1,Helichrysum rugulosum,wfo-0000062669,Helichrysum rugulosum,Asteraceae,exact_unique,exact
Helichrysum subglomeratum,helichrysum subglomeratum,helichrysum subglomeratum,1,1,1,1,1,Helichrysum subglomeratum,wfo-0000000337,Helichrysum subglomeratum,Asteraceae,1,1,1,1,1,Helichrysum subglomeratum,wfo-0000000337,Helichrysum subglomeratum,Asteraceae,exact_unique,exact
Helichrysum sutherlandii,helichrysum sutherlandii,helichrysum sutherlandii,1,1,1,1,1,Helichrysum sutherlandii,wfo-0000015336,Helichrysum sutherlandii,Asteraceae,1,1,1,1,1,Helichrysum sutherlandii,wfo-0000015336,Helichrysum sutherlandii,Asteraceae,exact_unique,exact
Helichrysum thapsus,helichrysum thapsus,helichrysum thapsus,2,2,1,1,1,Helichrysum thapsus,wfo-0000026704,Helichrysum thapsus,Asteraceae,2,2,1,1,1,Helichrysum thapsus,wfo-0000026704,Helichrysum thapsus,Asteraceae,exact_unique,exact
Helichrysum tomentosulum,helichrysum tomentosulum,helichrysum tomentosulum,1,1,1,1,1,Helichrysum tomentosulum,wfo-0000001339,Helichrysum tomentosulum,Asteraceae,1,1,1,1,1,Helichrysum tomentosulum,wfo-0000001339,Helichrysum tomentosulum,Asteraceae,exact_unique,exact
Helichrysum trilineatum,helichrysum trilineatum,helichrysum trilineatum,1,1,1,1,1,Helichrysum trilineatum,wfo-0000035459,Helichrysum trilineatum,Asteraceae,1,1,1,1,1,Helichrysum trilineatum,wfo-0000035459,Helichrysum trilineatum,Asteraceae,exact_unique,exact
Helichrysum umbraculigerum,helichrysum umbraculigerum,helichrysum umbraculigerum,1,1,1,1,1,Helichrysum umbraculigerum,wfo-0000018095,Helichrysum umbraculigerum,Asteraceae,1,1,1,1,1,Helichrysum umbraculigerum,wfo-0000018095,Helichrysum umbraculigerum,Asteraceae,exact_unique,exact
Helichrysum zeyheri,helichrysum zeyheri,helichrysum zeyheri,1,1,1,1,1,Helichrysum zeyheri,wfo-0000059588,Helichrysum zeyheri,Asteraceae,1,1,1,1,1,Helichrysum zeyheri,wfo-0000059588,Helichrysum zeyheri,Asteraceae,exact_unique,exact
Helicia cochinchinensis,helicia cochinchinensis,helicia cochinchinensis,1,1,1,1,1,Helicia cochinchinensis,wfo-0001107165,Helicia cochinchinensis,Proteaceae,1,1,1,1,1,Helicia cochinchinensis,wfo-0001107165,Helicia cochinchinensis,Proteaceae,exact_unique,exact
Heliomeris multiflora,heliomeris multiflora,heliomeris multiflora,1,1,1,1,1,Heliomeris multiflora,wfo-0000010726,Heliomeris multiflora,Asteraceae,1,1,1,1,1,Heliomeris multiflora,wfo-0000010726,Heliomeris multiflora,Asteraceae,exact_unique,exact
Heliotropium chenopodiaceum,heliotropium chenopodiaceum,heliotropium chenopodiaceum,2,2,1,1,1,Heliotropium chenopodiaceum,wfo-0000718461,Heliotropium chenopodiaceum,Heliotropiaceae,2,2,1,1,1,Heliotropium chenopodiaceum,wfo-0000718461,Heliotropium chenopodiaceum,Heliotropiaceae,exact_unique,exact
Heliotropium curassavicum,heliotropium curassavicum,heliotropium curassavicum,1,1,1,1,1,Heliotropium curassavicum,wfo-0000718508,Heliotropium curassavicum,Heliotropiaceae,1,1,1,1,1,Heliotropium curassavicum,wfo-0000718508,Heliotropium curassavicum,Heliotropiaceae,exact_unique,exact
Heliotropium glutinosum,heliotropium glutinosum,heliotropium glutinosum,1,1,1,1,1,Heliotropium glutinosum,wfo-0001215159,Heliotropium glutinosum,Heliotropiaceae,1,1,1,1,1,Heliotropium glutinosum,wfo-0001215159,Heliotropium glutinosum,Heliotropiaceae,exact_unique,exact
Heliotropium huascoense,heliotropium huascoense,heliotropium huascoense,1,1,1,1,1,Heliotropium huascoense,wfo-0001215523,Heliotropium stenophyllum,Heliotropiaceae,1,1,1,1,1,Heliotropium huascoense,wfo-0001215523,Heliotropium stenophyllum,Heliotropiaceae,exact_unique,exact
Heliotropium indicum,heliotropium indicum,heliotropium indicum,1,1,1,1,1,Heliotropium indicum,wfo-0000718658,Heliotropium indicum,Heliotropiaceae,1,1,1,1,1,Heliotropium indicum,wfo-0000718658,Heliotropium indicum,Heliotropiaceae,exact_unique,exact
Heliotropium sarmentosum,heliotropium sarmentosum,heliotropium sarmentosum,1,1,1,1,1,Heliotropium sarmentosum,wfo-0000718904,Heliotropium sarmentosum,Heliotropiaceae,1,1,1,1,1,Heliotropium sarmentosum,wfo-0000718904,Heliotropium sarmentosum,Heliotropiaceae,exact_unique,exact
Heliotropium sinuatum,heliotropium sinuatum,heliotropium sinuatum,1,1,1,1,1,Heliotropium sinuatum,wfo-0000718932,Heliotropium sinuatum,Heliotropiaceae,1,1,1,1,1,Heliotropium sinuatum,wfo-0000718932,Heliotropium sinuatum,Heliotropiaceae,exact_unique,exact
Heliotropium taltalense,heliotropium taltalense,heliotropium taltalense,1,1,1,1,1,Heliotropium taltalense,wfo-0000718974,Heliotropium taltalense,Heliotropiaceae,1,1,1,1,1,Heliotropium taltalense,wfo-0000718974,Heliotropium taltalense,Heliotropiaceae,exact_unique,exact
Helminthostachys zeylanica,helminthostachys zeylanica,helminthostachys zeylanica,1,1,1,1,1,Helminthostachys zeylanica,wfo-0001107319,Helminthostachys zeylanica,Ophioglossaceae,1,1,1,1,1,Helminthostachys zeylanica,wfo-0001107319,Helminthostachys zeylanica,Ophioglossaceae,exact_unique,exact
Henriettea fascicularis,henriettea fascicularis,henriettea fascicularis,1,1,1,1,1,Henriettea fascicularis,wfo-0001081064,Henriettea fascicularis,Melastomataceae,1,1,1,1,1,Henriettea fascicularis,wfo-0001081064,Henriettea fascicularis,Melastomataceae,exact_unique,exact
Hernandia nymphaeifolia,hernandia nymphaeifolia,hernandia nymphaeifolia,1,1,1,1,1,Hernandia nymphaeifolia,wfo-0000720609,Hernandia nymphaeifolia,Hernandiaceae,1,1,1,1,1,Hernandia nymphaeifolia,wfo-0000720609,Hernandia nymphaeifolia,Hernandiaceae,exact_unique,exact
Herniaria fontanesii,herniaria fontanesii,herniaria fontanesii,1,1,1,1,1,Herniaria fontanesii,wfo-0000720671,Herniaria fontanesii,Caryophyllaceae,1,1,1,1,1,Herniaria fontanesii,wfo-0000720671,Herniaria fontanesii,Caryophyllaceae,exact_unique,exact
Heterosperma mexicanum,heterosperma mexicanum,heterosperma mexicanum,1,1,1,1,1,Heterosperma mexicanum,wfo-0001423694,Heterosperma mexicanum,Asteraceae,1,1,1,1,1,Heterosperma mexicanum,wfo-0001423694,Heterosperma mexicanum,Asteraceae,exact_unique,exact
Heterotheca,heterotheca,heterotheca,1,1,1,1,1,Heterotheca,wfo-4000017788,Heterotheca,Asteraceae,1,1,1,1,1,Heterotheca,wfo-4000017788,Heterotheca,Asteraceae,exact_unique,exact
Heterotheca inuloides,heterotheca inuloides,heterotheca inuloides,2,2,1,1,1,Heterotheca inuloides,wfo-0000038445,Heterotheca inuloides,Asteraceae,2,2,1,1,1,Heterotheca inuloides,wfo-0000038445,Heterotheca inuloides,Asteraceae,exact_unique,exact
Hibiscus cannabinus,hibiscus cannabinus,hibiscus cannabinus,1,1,1,1,1,Hibiscus cannabinus,wfo-0000722400,Hibiscus cannabinus,Malvaceae,1,1,1,1,1,Hibiscus cannabinus,wfo-0000722400,Hibiscus cannabinus,Malvaceae,exact_unique,exact
Hibiscus mutabilis,hibiscus mutabilis,hibiscus mutabilis,1,1,1,1,1,Hibiscus mutabilis,wfo-0000722828,Hibiscus mutabilis,Malvaceae,1,1,1,1,1,Hibiscus mutabilis,wfo-0000722828,Hibiscus mutabilis,Malvaceae,exact_unique,exact
Hibiscus syriacus,hibiscus syriacus,hibiscus syriacus,1,1,1,1,1,Hibiscus syriacus,wfo-0000723127,Hibiscus syriacus,Malvaceae,1,1,1,1,1,Hibiscus syriacus,wfo-0000723127,Hibiscus syriacus,Malvaceae,exact_unique,exact
Hieracium amplexicaule,hieracium amplexicaule,hieracium amplexicaule,3,3,1,1,1,Hieracium amplexicaule,wfo-0000117103,Hieracium amplexicaule,Asteraceae,3,3,1,1,1,Hieracium amplexicaule,wfo-0000117103,Hieracium amplexicaule,Asteraceae,exact_unique,exact
Hijmania angusticornis,hijmania angusticornis,hijmania angusticornis,1,1,1,1,1,Hijmania angusticornis,wfo-0001344824,Hijmania angusticornis,Moraceae,1,1,1,1,1,Hijmania angusticornis,wfo-0001344824,Hijmania angusticornis,Moraceae,exact_unique,exact
Hildegardia barteri,hildegardia barteri,hildegardia barteri,1,1,1,1,1,Hildegardia barteri,wfo-0000723302,Hildegardia barteri,Malvaceae,1,1,1,1,1,Hildegardia barteri,wfo-0000723302,Hildegardia barteri,Malvaceae,exact_unique,exact
Hintonia latiflora,hintonia latiflora,hintonia latiflora,1,1,1,1,1,Hintonia latiflora,wfo-0000982487,Hintonia latiflora,Rubiaceae,1,1,1,1,1,Hintonia latiflora,wfo-0000982487,Hintonia latiflora,Rubiaceae,exact_unique,exact
Hippocrepis,hippocrepis,hippocrepis,1,1,1,1,1,Hippocrepis,wfo-4000017961,Hippocrepis,Fabaceae,1,1,1,1,1,Hippocrepis,wfo-4000017961,Hippocrepis,Fabaceae,exact_unique,exact
Hippocrepis emerus,hippocrepis emerus,hippocrepis emerus,1,1,1,1,1,Hippocrepis emerus,wfo-0000205514,Hippocrepis emerus,Fabaceae,1,1,1,1,1,Hippocrepis emerus,wfo-0000205514,Hippocrepis emerus,Fabaceae,exact_unique,exact
Hippophae rhamnoides,hippophae rhamnoides,hippophae rhamnoides,1,1,1,1,1,Hippophae rhamnoides,wfo-0000723743,Hippophae rhamnoides,Elaeagnaceae,1,1,1,1,1,Hippophae rhamnoides,wfo-0000723743,Hippophae rhamnoides,Elaeagnaceae,exact_unique,exact
Hoffmannseggia intricata,hoffmannseggia intricata,hoffmannseggia intricata,1,1,1,1,1,Hoffmannseggia intricata,wfo-0000164024,Hoffmannseggia intricata,Fabaceae,1,1,1,1,1,Hoffmannseggia intricata,wfo-0000164024,Hoffmannseggia intricata,Fabaceae,exact_unique,exact
Hofmeisteria,hofmeisteria,hofmeisteria,1,1,1,1,1,Hofmeisteria,wfo-4000018037,Hofmeisteria,Asteraceae,1,1,1,1,1,Hofmeisteria,wfo-4000018037,Hofmeisteria,Asteraceae,exact_unique,exact
Hofmeisteria schaffneri,hofmeisteria schaffneri,hofmeisteria schaffneri,1,1,1,1,1,Hofmeisteria schaffneri,wfo-0000107781,Hofmeisteria schaffneri,Asteraceae,1,1,1,1,1,Hofmeisteria schaffneri,wfo-0000107781,Hofmeisteria schaffneri,Asteraceae,exact_unique,exact
Holarrhena pubescens,holarrhena pubescens,holarrhena pubescens,1,1,1,1,1,Holarrhena pubescens,wfo-0000982782,Holarrhena pubescens,Apocynaceae,1,1,1,1,1,Holarrhena pubescens,wfo-0000982782,Holarrhena pubescens,Apocynaceae,exact_unique,exact
Holocarpha obconica,holocarpha obconica,holocarpha obconica,1,1,1,1,1,Holocarpha obconica,wfo-0000007927,Holocarpha obconica,Asteraceae,1,1,1,1,1,Holocarpha obconica,wfo-0000007927,Holocarpha obconica,Asteraceae,exact_unique,exact
Hoppea dichotoma,hoppea dichotoma,hoppea dichotoma,1,1,1,1,1,Hoppea dichotoma,wfo-0000724692,Hoppea dichotoma,Gentianaceae,1,1,1,1,1,Hoppea dichotoma,wfo-0000724692,Hoppea dichotoma,Gentianaceae,exact_unique,exact
Hordeum vulgare,hordeum vulgare,hordeum vulgare,1,1,1,1,1,Hordeum vulgare,wfo-0000875054,Hordeum vulgare,Poaceae,7,7,1,1,1,Hordeum vulgare | Hordeum vulgare prol. angulosum | Hordeum vulgare prol. globosum | Hordeum vulgare prol. glumaceum | Hordeum vulgare prol. lanatum | Hordeum vulgare prol. lublinense | Hordeum vulgare prol. sempolowskyi,wfo-0000875054,Hordeum vulgare,Poaceae,exact_unique,exact
Houttuynia cordata,houttuynia cordata,houttuynia cordata,1,1,1,1,1,Houttuynia cordata,wfo-0000725055,Houttuynia cordata,Saururaceae,1,1,1,1,1,Houttuynia cordata,wfo-0000725055,Houttuynia cordata,Saururaceae,exact_unique,exact
Hovea parvicalyx,hovea parvicalyx,hovea parvicalyx,1,1,1,1,1,Hovea parvicalyx,wfo-0000194949,Hovea parvicalyx,Fabaceae,1,1,1,1,1,Hovea parvicalyx,wfo-0000194949,Hovea parvicalyx,Fabaceae,exact_unique,exact
Hovenia dulcis,hovenia dulcis,hovenia dulcis,1,1,1,1,1,Hovenia dulcis,wfo-0000725083,Hovenia dulcis,Rhamnaceae,1,1,1,1,1,Hovenia dulcis,wfo-0000725083,Hovenia dulcis,Rhamnaceae,exact_unique,exact
Hovenia trichocarpa,hovenia trichocarpa,hovenia trichocarpa,1,1,1,1,1,Hovenia trichocarpa,wfo-0001131358,Hovenia trichocarpa,Rhamnaceae,1,1,1,1,1,Hovenia trichocarpa,wfo-0001131358,Hovenia trichocarpa,Rhamnaceae,exact_unique,exact
Humulus,humulus,humulus,1,1,1,1,1,Humulus,wfo-4000018428,Humulus,Cannabaceae,1,1,1,1,1,Humulus,wfo-4000018428,Humulus,Cannabaceae,exact_unique,exact
Humulus lupulus,humulus lupulus,humulus lupulus,1,1,1,1,1,Humulus lupulus,wfo-0000725866,Humulus lupulus,Cannabaceae,1,1,1,1,1,Humulus lupulus,wfo-0000725866,Humulus lupulus,Cannabaceae,exact_unique,exact
Hyacinthoides non-scripta,hyacinthoides non-scripta,hyacinthoides,2,2,1,1,1,Hyacinthoides non-scripta,wfo-0000664295,Hyacinthoides non-scripta,Asparagaceae,5,5,3,3,1,Hyacinthoides | Hyacinthoides non-scripta | Hyacinthoides non-scripta subsp. hispanica | Hyacinthoides non-scripta var. cernua,wfo-0000664208 | wfo-0000664295 | wfo-4000018462,Hyacinthoides | Hyacinthoides hispanica | Hyacinthoides non-scripta,Asparagaceae,exact_unique,exact
Hyacinthus orientalis,hyacinthus orientalis,hyacinthus orientalis,1,1,1,1,1,Hyacinthus orientalis,wfo-0000665369,Hyacinthus orientalis,Asparagaceae,1,1,1,1,1,Hyacinthus orientalis,wfo-0000665369,Hyacinthus orientalis,Asparagaceae,exact_unique,exact
Hydnophytum formicarum,hydnophytum formicarum,hydnophytum formicarum,2,2,1,1,1,Hydnophytum formicarum,wfo-0000215798,Hydnophytum formicarum,Rubiaceae,6,6,1,1,1,Hydnophytum formicarum | Hydnophytum formicarum unranked blumei | Hydnophytum formicarum unranked dubium | Hydnophytum formicarum unranked montanum | Hydnophytum formicarum unranked zollingeri,wfo-0000215798,Hydnophytum formicarum,Rubiaceae,exact_unique,exact
Hydnora johannis,hydnora johannis,hydnora johannis,1,1,1,1,1,Hydnora johannis,wfo-0000726153,Hydnora abyssinica,Aristolochiaceae,1,1,1,1,1,Hydnora johannis,wfo-0000726153,Hydnora abyssinica,Aristolochiaceae,exact_unique,exact
Hydrangea macrophylla,hydrangea macrophylla,hydrangea macrophylla,1,1,1,1,1,Hydrangea macrophylla,wfo-0000726228,Hydrangea macrophylla,Hydrangeaceae,1,1,1,1,1,Hydrangea macrophylla,wfo-0000726228,Hydrangea macrophylla,Hydrangeaceae,exact_unique,exact
Hylocereus undatus,hylocereus undatus,hylocereus undatus,1,1,1,1,1,Hylocereus undatus,wfo-0001434109,Selenicereus undatus,Cactaceae,1,1,1,1,1,Hylocereus undatus,wfo-0001434109,Selenicereus undatus,Cactaceae,exact_unique,exact
Hylodesmum podocarpum,hylodesmum podocarpum,hylodesmum podocarpum,1,1,1,1,1,Hylodesmum podocarpum,wfo-0000205445,Hylodesmum podocarpum,Fabaceae,1,1,1,1,1,Hylodesmum podocarpum,wfo-0000205445,Hylodesmum podocarpum,Fabaceae,exact_unique,exact
Hymenaea martiana,hymenaea martiana,hymenaea martiana,1,1,1,1,1,Hymenaea martiana,wfo-0000173638,Hymenaea martiana,Fabaceae,1,1,1,1,1,Hymenaea martiana,wfo-0000173638,Hymenaea martiana,Fabaceae,exact_unique,exact
Hymenaea oblongifolia,hymenaea oblongifolia,hymenaea oblongifolia,1,1,1,1,1,Hymenaea oblongifolia,wfo-0000165122,Hymenaea oblongifolia,Fabaceae,1,1,1,1,1,Hymenaea oblongifolia,wfo-0000165122,Hymenaea oblongifolia,Fabaceae,exact_unique,exact
Hymenaea parvifolia,hymenaea parvifolia,hymenaea parvifolia,1,1,1,1,1,Hymenaea parvifolia,wfo-0000165123,Hymenaea parvifolia,Fabaceae,1,1,1,1,1,Hymenaea parvifolia,wfo-0000165123,Hymenaea parvifolia,Fabaceae,exact_unique,exact
Hymenaea verrucosa,hymenaea verrucosa,hymenaea verrucosa,1,1,1,1,1,Hymenaea verrucosa,wfo-0000168651,Hymenaea verrucosa,Fabaceae,1,1,1,1,1,Hymenaea verrucosa,wfo-0000168651,Hymenaea verrucosa,Fabaceae,exact_unique,exact
Hymenocallis littoralis,hymenocallis littoralis,hymenocallis littoralis,1,1,1,1,1,Hymenocallis littoralis,wfo-0000667199,Hymenocallis littoralis,Amaryllidaceae,1,1,1,1,1,Hymenocallis littoralis,wfo-0000667199,Hymenocallis littoralis,Amaryllidaceae,exact_unique,exact
Hymenoxys turneri,hymenoxys turneri,hymenoxys turneri,1,1,1,1,1,Hymenoxys turneri,wfo-0000029175,Tetraneuris turneri,Asteraceae,1,1,1,1,1,Hymenoxys turneri,wfo-0000029175,Tetraneuris turneri,Asteraceae,exact_unique,exact
Hypenia salzmannii,hypenia salzmannii,hypenia salzmannii,1,1,1,1,1,Hypenia salzmannii,wfo-0000216208,Hypenia salzmannii,Lamiaceae,1,1,1,1,1,Hypenia salzmannii,wfo-0000216208,Hypenia salzmannii,Lamiaceae,exact_unique,exact
Hypericum androsaemum,hypericum androsaemum,hypericum androsaemum,1,1,1,1,1,Hypericum androsaemum,wfo-0000727341,Hypericum androsaemum,Hypericaceae,1,1,1,1,1,Hypericum androsaemum,wfo-0000727341,Hypericum androsaemum,Hypericaceae,exact_unique,exact
Hypericum aucheri,hypericum aucheri,hypericum aucheri,1,1,1,1,1,Hypericum aucheri,wfo-0000727382,Hypericum aucheri,Hypericaceae,1,1,1,1,1,Hypericum aucheri,wfo-0000727382,Hypericum aucheri,Hypericaceae,exact_unique,exact
Hypericum geminiflorum,hypericum geminiflorum,hypericum geminiflorum,1,1,1,1,1,Hypericum geminiflorum,wfo-0000727669,Hypericum geminiflorum,Hypericaceae,1,1,1,1,1,Hypericum geminiflorum,wfo-0000727669,Hypericum geminiflorum,Hypericaceae,exact_unique,exact
Hypericum hircinum,hypericum hircinum,hypericum hircinum,1,1,1,1,1,Hypericum hircinum,wfo-0000727735,Hypericum hircinum,Hypericaceae,1,1,1,1,1,Hypericum hircinum,wfo-0000727735,Hypericum hircinum,Hypericaceae,exact_unique,exact
Hypericum japonicum,hypericum japonicum,hypericum japonicum,1,1,1,1,1,Hypericum japonicum,wfo-0000727778,Hypericum japonicum,Hypericaceae,1,1,1,1,1,Hypericum japonicum,wfo-0000727778,Hypericum japonicum,Hypericaceae,exact_unique,exact
Hypericum monogynum,hypericum monogynum,hypericum monogynum,1,1,1,1,1,Hypericum monogynum,wfo-0000727973,Hypericum monogynum,Hypericaceae,1,1,1,1,1,Hypericum monogynum,wfo-0000727973,Hypericum monogynum,Hypericaceae,exact_unique,exact
Hypericum montbretii,hypericum montbretii,hypericum montbretii,1,1,1,1,1,Hypericum montbretii,wfo-0000727975,Hypericum montbretii,Hypericaceae,1,1,1,1,1,Hypericum montbretii,wfo-0000727975,Hypericum montbretii,Hypericaceae,exact_unique,exact
Hypericum patulum,hypericum patulum,hypericum patulum,1,1,1,1,1,Hypericum patulum,wfo-0000728083,Hypericum patulum,Hypericaceae,1,1,1,1,1,Hypericum patulum,wfo-0000728083,Hypericum patulum,Hypericaceae,exact_unique,exact
Hypericum perforatum,hypericum perforatum,hypericum perforatum,1,1,1,1,1,Hypericum perforatum,wfo-0000728093,Hypericum perforatum,Hypericaceae,1,1,1,1,1,Hypericum perforatum,wfo-0000728093,Hypericum perforatum,Hypericaceae,exact_unique,exact
Hypericum scabrum,hypericum scabrum,hypericum scabrum,1,1,1,1,1,Hypericum scabrum,wfo-0000728279,Hypericum scabrum,Hypericaceae,2,2,1,1,1,Hypericum scabrum | Hypericum scabrum lus. citrinum,wfo-0000728279,Hypericum scabrum,Hypericaceae,exact_unique,exact
Hypericum triquetrifolium,hypericum triquetrifolium,hypericum triquetrifolium,1,1,1,1,1,Hypericum triquetrifolium,wfo-0000728420,Hypericum triquetrifolium,Hypericaceae,1,1,1,1,1,Hypericum triquetrifolium,wfo-0000728420,Hypericum triquetrifolium,Hypericaceae,exact_unique,exact
Hyphear kaoi,hyphear kaoi,hyphear kaoi,1,1,1,1,1,Hyphear kaoi,wfo-0001224442,Loranthus kaoi,Loranthaceae,1,1,1,1,1,Hyphear kaoi,wfo-0001224442,Loranthus kaoi,Loranthaceae,exact_unique,exact
Hypnum cupressiforme,hypnum cupressiforme,hypnum cupressiforme,1,1,1,1,1,Hypnum cupressiforme,wfo-0001148980,Hypnum cupressiforme,Hypnaceae,1,1,1,1,1,Hypnum cupressiforme,wfo-0001148980,Hypnum cupressiforme,Hypnaceae,exact_unique,exact
Hyssopus officinalis,hyssopus officinalis,hyssopus officinalis,1,1,1,1,1,Hyssopus officinalis,wfo-0000217205,Hyssopus officinalis,Lamiaceae,5,5,5,5,1,Hyssopus officinalis | Hyssopus officinalis prol. aristatus | Hyssopus officinalis prol. canescens | Hyssopus officinalis prol. decumbens | Hyssopus officinalis prol. montanus,wfo-0000217205 | wfo-0000217208 | wfo-0000217210 | wfo-0000217215 | wfo-0000217216,Hyssopus officinalis | Hyssopus officinalis subsp. aristatus | Hyssopus officinalis subsp. canescens | Hyssopus officinalis subsp. montanus | Hyssopus officinalis subsp. officinalis,Lamiaceae,exact_unique,exact
Ichthyothere terminalis,ichthyothere terminalis,ichthyothere terminalis,2,2,1,1,1,Ichthyothere terminalis,wfo-0000053347,Ichthyothere terminalis,Asteraceae,2,2,1,1,1,Ichthyothere terminalis,wfo-0000053347,Ichthyothere terminalis,Asteraceae,exact_unique,exact
Ilex centrochinensis,ilex centrochinensis,ilex centrochinensis,1,1,1,1,1,Ilex centrochinensis,wfo-0001219486,Ilex centrochinensis,Aquifoliaceae,1,1,1,1,1,Ilex centrochinensis,wfo-0001219486,Ilex centrochinensis,Aquifoliaceae,exact_unique,exact
Ilex hainanensis,ilex hainanensis,ilex hainanensis,1,1,1,1,1,Ilex hainanensis,wfo-0001078611,Ilex hainanensis,Aquifoliaceae,1,1,1,1,1,Ilex hainanensis,wfo-0001078611,Ilex hainanensis,Aquifoliaceae,exact_unique,exact
Illicium anisatum,illicium anisatum,illicium anisatum,2,2,1,1,1,Illicium anisatum,wfo-1000047335,Illicium anisatum,Schisandraceae,2,2,1,1,1,Illicium anisatum,wfo-1000047335,Illicium anisatum,Schisandraceae,exact_unique,exact
Illicium difengpi,illicium difengpi,illicium difengpi,1,1,1,1,1,Illicium difengpi,wfo-0000730081,Illicium difengpi,Schisandraceae,1,1,1,1,1,Illicium difengpi,wfo-0000730081,Illicium difengpi,Schisandraceae,exact_unique,exact
Illicium verum,illicium verum,illicium verum,1,1,1,1,1,Illicium verum,wfo-0000730107,Illicium verum,Schisandraceae,1,1,1,1,1,Illicium verum,wfo-0000730107,Illicium verum,Schisandraceae,exact_unique,exact
Impatiens balsamina,impatiens balsamina,impatiens balsamina,1,1,1,1,1,Impatiens balsamina,wfo-0000730261,Impatiens balsamina,Balsaminaceae,1,1,1,1,1,Impatiens balsamina,wfo-0000730261,Impatiens balsamina,Balsaminaceae,exact_unique,exact
Imperata cylindrica,imperata cylindrica,imperata cylindrica,1,1,1,1,1,Imperata cylindrica,wfo-0000875631,Imperata cylindrica,Poaceae,1,1,1,1,1,Imperata cylindrica,wfo-0000875631,Imperata cylindrica,Poaceae,exact_unique,exact
Indigofera aspalathoides,indigofera aspalathoides,indigofera aspalathoides,1,1,1,1,1,Indigofera aspalathoides,wfo-0000205129,Indigofera aspalathoides,Fabaceae,1,1,1,1,1,Indigofera aspalathoides,wfo-0000205129,Indigofera aspalathoides,Fabaceae,exact_unique,exact
Inga umbellifera,inga umbellifera,inga umbellifera,2,2,1,1,1,Inga umbellifera,wfo-0001053728,Inga umbellifera,Fabaceae,2,2,1,1,1,Inga umbellifera,wfo-0001053728,Inga umbellifera,Fabaceae,exact_unique,exact
Intsia bijuga,intsia bijuga,intsia bijuga,1,1,1,1,1,Intsia bijuga,wfo-0000168901,Intsia bijuga,Fabaceae,1,1,1,1,1,Intsia bijuga,wfo-0000168901,Intsia bijuga,Fabaceae,exact_unique,exact
Inula salsoloides,inula salsoloides,inula salsoloides,1,1,1,1,1,Inula salsoloides,wfo-0000137181,Inula salsoloides,Asteraceae,1,1,1,1,1,Inula salsoloides,wfo-0000137181,Inula salsoloides,Asteraceae,exact_unique,exact
Inulanthera dregeana,inulanthera dregeana,inulanthera dregeana,1,1,1,1,1,Inulanthera dregeana,wfo-0000081802,Inulanthera dregeana,Asteraceae,1,1,1,1,1,Inulanthera dregeana,wfo-0000081802,Inulanthera dregeana,Asteraceae,exact_unique,exact
Ipomoea nil,ipomoea nil,ipomoea nil,1,1,1,1,1,Ipomoea nil,wfo-0000747940,Ipomoea nil,Convolvulaceae,1,1,1,1,1,Ipomoea nil,wfo-0000747940,Ipomoea nil,Convolvulaceae,exact_unique,exact
Ipomoea purpurea,ipomoea purpurea,ipomoea purpurea,1,1,1,1,1,Ipomoea purpurea,wfo-0001296676,Ipomoea purpurea,Convolvulaceae,1,1,1,1,1,Ipomoea purpurea,wfo-0001296676,Ipomoea purpurea,Convolvulaceae,exact_unique,exact
Ipomoea tricolor,ipomoea tricolor,ipomoea tricolor,1,1,1,1,1,Ipomoea tricolor,wfo-0001297050,Ipomoea tricolor,Convolvulaceae,1,1,1,1,1,Ipomoea tricolor,wfo-0001297050,Ipomoea tricolor,Convolvulaceae,exact_unique,exact
Iresine angustifolia,iresine angustifolia,iresine angustifolia,1,1,1,1,1,Iresine angustifolia,wfo-0000732125,Iresine angustifolia,Amaranthaceae,1,1,1,1,1,Iresine angustifolia,wfo-0000732125,Iresine angustifolia,Amaranthaceae,exact_unique,exact
Iresine diffusa,iresine diffusa,iresine diffusa,1,1,1,1,1,Iresine diffusa,wfo-0000732153,Iresine diffusa,Amaranthaceae,1,1,1,1,1,Iresine diffusa,wfo-0000732153,Iresine diffusa,Amaranthaceae,exact_unique,exact
Iris bungei,iris bungei,iris bungei,1,1,1,1,1,Iris bungei,wfo-0000783170,Iris bungei,Iridaceae,1,1,1,1,1,Iris bungei,wfo-0000783170,Iris bungei,Iridaceae,exact_unique,exact
Iris cengialti,iris cengialti,iris cengialti,2,2,1,1,1,Iris cengialti,wfo-0000790595,Iris pallida subsp. cengialti,Iridaceae,2,2,1,1,1,Iris cengialti,wfo-0000790595,Iris pallida subsp. cengialti,Iridaceae,exact_unique,exact
Iris crocea,iris crocea,iris crocea,1,1,1,1,1,Iris crocea,wfo-0000783242,Iris crocea,Iridaceae,1,1,1,1,1,Iris crocea,wfo-0000783242,Iris crocea,Iridaceae,exact_unique,exact
Iris decora,iris decora,iris decora,1,1,1,1,1,Iris decora,wfo-0000783257,Iris decora,Iridaceae,1,1,1,1,1,Iris decora,wfo-0000783257,Iris decora,Iridaceae,exact_unique,exact
Iris domestica,iris domestica,iris domestica,1,1,1,1,1,Iris domestica,wfo-0000796076,Iris domestica,Iridaceae,1,1,1,1,1,Iris domestica,wfo-0000796076,Iris domestica,Iridaceae,exact_unique,exact
Iris foetidissima,iris foetidissima,iris foetidissima,1,1,1,1,1,Iris foetidissima,wfo-0000783342,Iris foetidissima,Iridaceae,1,1,1,1,1,Iris foetidissima,wfo-0000783342,Iris foetidissima,Iridaceae,exact_unique,exact
Iris hookeriana,iris hookeriana,iris hookeriana,1,1,1,1,1,Iris hookeriana,wfo-0000783453,Iris hookeriana,Iridaceae,1,1,1,1,1,Iris hookeriana,wfo-0000783453,Iris hookeriana,Iridaceae,exact_unique,exact
Iris japonica,iris japonica,iris japonica,1,1,1,1,1,Iris japonica,wfo-0000783488,Iris japonica,Iridaceae,1,1,1,1,1,Iris japonica,wfo-0000783488,Iris japonica,Iridaceae,exact_unique,exact
Iris kashmiriana,iris kashmiriana,iris kashmiriana,1,1,1,1,1,Iris kashmiriana,wfo-0000783501,Iris kashmiriana,Iridaceae,1,1,1,1,1,Iris kashmiriana,wfo-0000783501,Iris kashmiriana,Iridaceae,exact_unique,exact
Iris kemaonensis,iris kemaonensis,iris kemaonensis,1,1,1,1,1,Iris kemaonensis,wfo-0000783503,Iris kemaonensis,Iridaceae,1,1,1,1,1,Iris kemaonensis,wfo-0000783503,Iris kemaonensis,Iridaceae,exact_unique,exact
Iris leptophylla,iris leptophylla,iris leptophylla,1,1,1,1,1,Iris leptophylla,wfo-0000783540,Iris leptophylla,Iridaceae,1,1,1,1,1,Iris leptophylla,wfo-0000783540,Iris leptophylla,Iridaceae,exact_unique,exact
Iris milesii,iris milesii,iris milesii,1,1,1,1,1,Iris milesii,wfo-0000783626,Iris milesii,Iridaceae,1,1,1,1,1,Iris milesii,wfo-0000783626,Iris milesii,Iridaceae,exact_unique,exact
Iris missouriensis,iris missouriensis,iris missouriensis,1,1,1,1,1,Iris missouriensis,wfo-0000783633,Iris missouriensis,Iridaceae,1,1,1,1,1,Iris missouriensis,wfo-0000783633,Iris missouriensis,Iridaceae,exact_unique,exact
Iris nigricans,iris nigricans,iris nigricans,1,1,1,1,1,Iris nigricans,wfo-0000783669,Iris nigricans,Iridaceae,1,1,1,1,1,Iris nigricans,wfo-0000783669,Iris nigricans,Iridaceae,exact_unique,exact
Iris potaninii,iris potaninii,iris potaninii,1,1,1,1,1,Iris potaninii,wfo-0000783741,Iris potaninii,Iridaceae,1,1,1,1,1,Iris potaninii,wfo-0000783741,Iris potaninii,Iridaceae,exact_unique,exact
Iris pseudacorus,iris pseudacorus,iris pseudacorus,1,1,1,1,1,Iris pseudacorus,wfo-0000783754,Iris pseudacorus,Iridaceae,1,1,1,1,1,Iris pseudacorus,wfo-0000783754,Iris pseudacorus,Iridaceae,exact_unique,exact
Iris pseudopumila,iris pseudopumila,iris pseudopumila,1,1,1,1,1,Iris pseudopumila,wfo-0000783760,Iris pseudopumila,Iridaceae,1,1,1,1,1,Iris pseudopumila,wfo-0000783760,Iris pseudopumila,Iridaceae,exact_unique,exact
Iris sibirica,iris sibirica,iris sibirica,1,1,1,1,1,Iris sibirica,wfo-0000783854,Iris sibirica,Iridaceae,1,1,1,1,1,Iris sibirica,wfo-0000783854,Iris sibirica,Iridaceae,exact_unique,exact
Iris songarica,iris songarica,iris songarica,1,1,1,1,1,Iris songarica,wfo-0000783871,Iris songarica,Iridaceae,1,1,1,1,1,Iris songarica,wfo-0000783871,Iris songarica,Iridaceae,exact_unique,exact
Iris spuria,iris spuria,iris spuria,1,1,1,1,1,Iris spuria,wfo-0000783889,Iris spuria,Iridaceae,1,1,1,1,1,Iris spuria,wfo-0000783889,Iris spuria,Iridaceae,exact_unique,exact
Iris susiana,iris susiana,iris susiana,1,1,1,1,1,Iris susiana,wfo-0000783925,Iris susiana,Iridaceae,1,1,1,1,1,Iris susiana,wfo-0000783925,Iris susiana,Iridaceae,exact_unique,exact
Iris tectorum,iris tectorum,iris tectorum,1,1,1,1,1,Iris tectorum,wfo-0000783940,Iris tectorum,Iridaceae,1,1,1,1,1,Iris tectorum,wfo-0000783940,Iris tectorum,Iridaceae,exact_unique,exact
Iris tenuifolia,iris tenuifolia,iris tenuifolia,1,1,1,1,1,Iris tenuifolia,wfo-0000783952,Iris tenuifolia,Iridaceae,1,1,1,1,1,Iris tenuifolia,wfo-0000783952,Iris tenuifolia,Iridaceae,exact_unique,exact
Iris tingitana,iris tingitana,iris tingitana,1,1,1,1,1,Iris tingitana,wfo-0000783967,Iris tingitana,Iridaceae,1,1,1,1,1,Iris tingitana,wfo-0000783967,Iris tingitana,Iridaceae,exact_unique,exact
Iris unguicularis,iris unguicularis,iris unguicularis,1,1,1,1,1,Iris unguicularis,wfo-0000783994,Iris unguicularis,Iridaceae,1,1,1,1,1,Iris unguicularis,wfo-0000783994,Iris unguicularis,Iridaceae,exact_unique,exact
Iryanthera coriacea,iryanthera coriacea,iryanthera coriacea,1,1,1,1,1,Iryanthera coriacea,wfo-0001085227,Iryanthera coriacea,Myristicaceae,1,1,1,1,1,Iryanthera coriacea,wfo-0001085227,Iryanthera coriacea,Myristicaceae,exact_unique,exact
Iryanthera elliptica,iryanthera elliptica,iryanthera elliptica,1,1,1,1,1,Iryanthera elliptica,wfo-0000732327,Iryanthera elliptica,Myristicaceae,1,1,1,1,1,Iryanthera elliptica,wfo-0000732327,Iryanthera elliptica,Myristicaceae,exact_unique,exact
Iryanthera grandis,iryanthera grandis,iryanthera grandis,1,1,1,1,1,Iryanthera grandis,wfo-0001085222,Iryanthera grandis,Myristicaceae,1,1,1,1,1,Iryanthera grandis,wfo-0001085222,Iryanthera grandis,Myristicaceae,exact_unique,exact
Iryanthera juruensis,iryanthera juruensis,iryanthera juruensis,1,1,1,1,1,Iryanthera juruensis,wfo-0000732330,Iryanthera juruensis,Myristicaceae,1,1,1,1,1,Iryanthera juruensis,wfo-0000732330,Iryanthera juruensis,Myristicaceae,exact_unique,exact
Iryanthera laevis,iryanthera laevis,iryanthera laevis,1,1,1,1,1,Iryanthera laevis,wfo-0000732332,Iryanthera laevis,Myristicaceae,1,1,1,1,1,Iryanthera laevis,wfo-0000732332,Iryanthera laevis,Myristicaceae,exact_unique,exact
Iryanthera lancifolia,iryanthera lancifolia,iryanthera lancifolia,1,1,1,1,1,Iryanthera lancifolia,wfo-0000732333,Iryanthera lancifolia,Myristicaceae,1,1,1,1,1,Iryanthera lancifolia,wfo-0000732333,Iryanthera lancifolia,Myristicaceae,exact_unique,exact
Iryanthera megistophylla,iryanthera megistophylla,iryanthera megistophylla,1,1,1,1,1,Iryanthera megistophylla,wfo-0000732338,Iryanthera megistophylla,Myristicaceae,1,1,1,1,1,Iryanthera megistophylla,wfo-0000732338,Iryanthera megistophylla,Myristicaceae,exact_unique,exact
Iryanthera paraensis,iryanthera paraensis,iryanthera paraensis,1,1,1,1,1,Iryanthera paraensis,wfo-0000732342,Iryanthera paraensis,Myristicaceae,1,1,1,1,1,Iryanthera paraensis,wfo-0000732342,Iryanthera paraensis,Myristicaceae,exact_unique,exact
Iryanthera polyneura,iryanthera polyneura,iryanthera polyneura,1,1,1,1,1,Iryanthera polyneura,wfo-0001085223,Iryanthera polyneura,Myristicaceae,1,1,1,1,1,Iryanthera polyneura,wfo-0001085223,Iryanthera polyneura,Myristicaceae,exact_unique,exact
Iryanthera sagotiana,iryanthera sagotiana,iryanthera sagotiana,1,1,1,1,1,Iryanthera sagotiana,wfo-0001085166,Iryanthera sagotiana,Myristicaceae,1,1,1,1,1,Iryanthera sagotiana,wfo-0001085166,Iryanthera sagotiana,Myristicaceae,exact_unique,exact
Iryanthera ulei,iryanthera ulei,iryanthera ulei,1,1,1,1,1,Iryanthera ulei,wfo-0000732329,Iryanthera hostmannii,Myristicaceae,1,1,1,1,1,Iryanthera ulei,wfo-0000732329,Iryanthera hostmannii,Myristicaceae,exact_unique,exact
Isatis tinctoria,isatis tinctoria,isatis tinctoria,1,1,1,1,1,Isatis tinctoria,wfo-0000732433,Isatis tinctoria,Brassicaceae,1,1,1,1,1,Isatis tinctoria,wfo-0000732433,Isatis tinctoria,Brassicaceae,exact_unique,exact
Isocoma coronopifolia,isocoma coronopifolia,isocoma coronopifolia,1,1,1,1,1,Isocoma coronopifolia,wfo-0000126309,Isocoma coronopifolia,Asteraceae,1,1,1,1,1,Isocoma coronopifolia,wfo-0000126309,Isocoma coronopifolia,Asteraceae,exact_unique,exact
Isodon,isodon,isodon,1,1,1,1,1,Isodon,wfo-4000019270,Isodon,Lamiaceae,1,1,1,1,1,Isodon,wfo-4000019270,Isodon,Lamiaceae,exact_unique,exact
Isodon japonicus,isodon japonicus,isodon japonicus,1,1,1,1,1,Isodon japonicus,wfo-0000217877,Isodon japonicus,Lamiaceae,1,1,1,1,1,Isodon japonicus,wfo-0000217877,Isodon japonicus,Lamiaceae,exact_unique,exact
Isodon oresbius,isodon oresbius,isodon oresbius,1,1,1,1,1,Isodon oresbius,wfo-0000217929,Isodon oresbius,Lamiaceae,1,1,1,1,1,Isodon oresbius,wfo-0000217929,Isodon oresbius,Lamiaceae,exact_unique,exact
Isodon sculponeatus,isodon sculponeatus,isodon sculponeatus,1,1,1,1,1,Isodon sculponeatus,wfo-0000217962,Isodon sculponeatus,Lamiaceae,1,1,1,1,1,Isodon sculponeatus,wfo-0000217962,Isodon sculponeatus,Lamiaceae,exact_unique,exact
Isodon trichocarpus,isodon trichocarpus,isodon trichocarpus,1,1,1,1,1,Isodon trichocarpus,wfo-0000217986,Isodon trichocarpus,Lamiaceae,1,1,1,1,1,Isodon trichocarpus,wfo-0000217986,Isodon trichocarpus,Lamiaceae,exact_unique,exact
Isolepis cernua,isolepis cernua,isolepis cernua,1,1,1,1,1,Isolepis cernua,wfo-0000448337,Isolepis cernua,Cyperaceae,1,1,1,1,1,Isolepis cernua,wfo-0000448337,Isolepis cernua,Cyperaceae,exact_unique,exact
Isolepis inundata,isolepis inundata,isolepis inundata,1,1,1,1,1,Isolepis inundata,wfo-0000449223,Isolepis inundata,Cyperaceae,1,1,1,1,1,Isolepis inundata,wfo-0000449223,Isolepis inundata,Cyperaceae,exact_unique,exact
Isolepis nigricans,isolepis nigricans,isolepis nigricans,1,1,1,1,1,Isolepis nigricans,wfo-0000449672,Isolepis nigricans,Cyperaceae,1,1,1,1,1,Isolepis nigricans,wfo-0000449672,Isolepis nigricans,Cyperaceae,exact_unique,exact
Iva frutescens,iva frutescens,iva frutescens,1,1,1,1,1,Iva frutescens,wfo-0000044620,Iva frutescens,Asteraceae,1,1,1,1,1,Iva frutescens,wfo-0000044620,Iva frutescens,Asteraceae,exact_unique,exact
Jamesia americana,jamesia americana,jamesia americana,1,1,1,1,1,Jamesia americana,wfo-0001135533,Jamesia americana,Hydrangeaceae,1,1,1,1,1,Jamesia americana,wfo-0001135533,Jamesia americana,Hydrangeaceae,exact_unique,exact
Joannesia princeps,joannesia princeps,joannesia princeps,1,1,1,1,1,Joannesia princeps,wfo-0000220129,Joannesia princeps,Euphorbiaceae,1,1,1,1,1,Joannesia princeps,wfo-0000220129,Joannesia princeps,Euphorbiaceae,exact_unique,exact
Juglans mandshurica,juglans mandshurica,juglans mandshurica,1,1,1,1,1,Juglans mandshurica,wfo-0001067447,Juglans mandshurica,Juglandaceae,1,1,1,1,1,Juglans mandshurica,wfo-0001067447,Juglans mandshurica,Juglandaceae,exact_unique,exact
Juglans regia,juglans regia,juglans regia,1,1,1,1,1,Juglans regia,wfo-0000355051,Juglans regia,Juglandaceae,8,8,1,1,1,Juglans regia | Juglans regia lus. heterophylla | Juglans regia lus. laciniata | Juglans regia unranked asplenifolia | Juglans regia unranked gibbosa | Juglans regia unranked heterophylla | Juglans regia unranked laciniata | Juglans regia unranked pendula,wfo-0000355051,Juglans regia,Juglandaceae,exact_unique,exact
Juglans sigillata,juglans sigillata,juglans sigillata,1,1,1,1,1,Juglans sigillata,wfo-0001067481,Juglans sigillata,Juglandaceae,1,1,1,1,1,Juglans sigillata,wfo-0001067481,Juglans sigillata,Juglandaceae,exact_unique,exact
Juniperus,juniperus,juniperus,1,1,1,1,1,Juniperus,wfo-4000019723,Juniperus,Cupressaceae,1,1,1,1,1,Juniperus,wfo-4000019723,Juniperus,Cupressaceae,exact_unique,exact
Juniperus virginiana,juniperus virginiana,juniperus virginiana,1,1,1,1,1,Juniperus virginiana,wfo-0000354923,Juniperus virginiana,Cupressaceae,1,1,1,1,1,Juniperus virginiana,wfo-0000354923,Juniperus virginiana,Cupressaceae,exact_unique,exact
Kadsura heteroclita,kadsura heteroclita,kadsura heteroclita,1,1,1,1,1,Kadsura heteroclita,wfo-0000357309,Kadsura heteroclita,Schisandraceae,1,1,1,1,1,Kadsura heteroclita,wfo-0000357309,Kadsura heteroclita,Schisandraceae,exact_unique,exact
Kaempferia angustifolia,kaempferia angustifolia,kaempferia angustifolia,2,2,1,1,1,Kaempferia angustifolia,wfo-0000451523,Kaempferia angustifolia,Zingiberaceae,2,2,1,1,1,Kaempferia angustifolia,wfo-0000451523,Kaempferia angustifolia,Zingiberaceae,exact_unique,exact
Kaempferia parviflora,kaempferia parviflora,kaempferia parviflora,1,1,1,1,1,Kaempferia parviflora,wfo-0000451985,Kaempferia parviflora,Zingiberaceae,1,1,1,1,1,Kaempferia parviflora,wfo-0000451985,Kaempferia parviflora,Zingiberaceae,exact_unique,exact
Kalmia angustifolia,kalmia angustifolia,kalmia angustifolia,1,1,1,1,1,Kalmia angustifolia,wfo-0000356149,Kalmia angustifolia,Ericaceae,1,1,1,1,1,Kalmia angustifolia,wfo-0000356149,Kalmia angustifolia,Ericaceae,exact_unique,exact
Kalmia latifolia,kalmia latifolia,kalmia latifolia,1,1,1,1,1,Kalmia latifolia,wfo-0000356132,Kalmia latifolia,Ericaceae,1,1,1,1,1,Kalmia latifolia,wfo-0000356132,Kalmia latifolia,Ericaceae,exact_unique,exact
Kalmia polifolia,kalmia polifolia,kalmia polifolia,1,1,1,1,1,Kalmia polifolia,wfo-0000356138,Kalmia polifolia,Ericaceae,1,1,1,1,1,Kalmia polifolia,wfo-0000356138,Kalmia polifolia,Ericaceae,exact_unique,exact
Kalmia procumbens,kalmia procumbens,kalmia procumbens,1,1,1,1,1,Kalmia procumbens,wfo-0001280881,Kalmia procumbens,Ericaceae,1,1,1,1,1,Kalmia procumbens,wfo-0001280881,Kalmia procumbens,Ericaceae,exact_unique,exact
Kandelia candel,kandelia candel,kandelia candel,1,1,1,1,1,Kandelia candel,wfo-0001131563,Kandelia candel,Rhizophoraceae,1,1,1,1,1,Kandelia candel,wfo-0001131563,Kandelia candel,Rhizophoraceae,exact_unique,exact
Khaya grandifoliola,khaya grandifoliola,khaya grandifoliola,2,2,1,1,1,Khaya grandifoliola,wfo-0000357001,Khaya grandifoliola,Meliaceae,2,2,1,1,1,Khaya grandifoliola,wfo-0000357001,Khaya grandifoliola,Meliaceae,exact_unique,exact
Knema austrosiamensis,knema austrosiamensis,knema austrosiamensis,1,1,1,1,1,Knema austrosiamensis,wfo-0000356938,Knema austrosiamensis,Myristicaceae,1,1,1,1,1,Knema austrosiamensis,wfo-0000356938,Knema austrosiamensis,Myristicaceae,exact_unique,exact
Knema furfuracea,knema furfuracea,knema furfuracea,1,1,1,1,1,Knema furfuracea,wfo-0001085240,Knema furfuracea,Myristicaceae,1,1,1,1,1,Knema furfuracea,wfo-0001085240,Knema furfuracea,Myristicaceae,exact_unique,exact
Knema glomerata,knema glomerata,knema glomerata,1,1,1,1,1,Knema glomerata,wfo-0001262709,Knema glomerata,Myristicaceae,1,1,1,1,1,Knema glomerata,wfo-0001262709,Knema glomerata,Myristicaceae,exact_unique,exact
Kochia scoparia,kochia scoparia,kochia scoparia,1,1,1,1,1,Kochia scoparia,wfo-0000561206,Bassia scoparia,Amaranthaceae,1,1,1,1,1,Kochia scoparia,wfo-0000561206,Bassia scoparia,Amaranthaceae,exact_unique,exact
Koelreuteria paniculata,koelreuteria paniculata,koelreuteria paniculata,1,1,1,1,1,Koelreuteria paniculata,wfo-0000357203,Koelreuteria paniculata,Sapindaceae,1,1,1,1,1,Koelreuteria paniculata,wfo-0000357203,Koelreuteria paniculata,Sapindaceae,exact_unique,exact
Koompassia malaccensis,koompassia malaccensis,koompassia malaccensis,1,1,1,1,1,Koompassia malaccensis,wfo-0000193202,Koompassia malaccensis,Fabaceae,1,1,1,1,1,Koompassia malaccensis,wfo-0000193202,Koompassia malaccensis,Fabaceae,exact_unique,exact
Kopsia dasyrachis,kopsia dasyrachis,kopsia dasyrachis,1,1,1,1,1,Kopsia dasyrachis,wfo-0000221358,Kopsia dasyrachis,Apocynaceae,1,1,1,1,1,Kopsia dasyrachis,wfo-0000221358,Kopsia dasyrachis,Apocynaceae,exact_unique,exact
Krameria bicolor,krameria bicolor,krameria bicolor,1,1,1,1,1,Krameria bicolor,wfo-0001069509,Krameria bicolor,Krameriaceae,1,1,1,1,1,Krameria bicolor,wfo-0001069509,Krameria bicolor,Krameriaceae,exact_unique,exact
Krameria cytisoides,krameria cytisoides,krameria cytisoides,1,1,1,1,1,Krameria cytisoides,wfo-0001069512,Krameria cytisoides,Krameriaceae,1,1,1,1,1,Krameria cytisoides,wfo-0001069512,Krameria cytisoides,Krameriaceae,exact_unique,exact
Krameria erecta,krameria erecta,krameria erecta,1,1,1,1,1,Krameria erecta,wfo-0001069516,Krameria erecta,Krameriaceae,1,1,1,1,1,Krameria erecta,wfo-0001069516,Krameria erecta,Krameriaceae,exact_unique,exact
Krameria grayi,krameria grayi,krameria grayi,1,1,1,1,1,Krameria grayi,wfo-0001069509,Krameria bicolor,Krameriaceae,1,1,1,1,1,Krameria grayi,wfo-0001069509,Krameria bicolor,Krameriaceae,exact_unique,exact
Krameria lappacea,krameria lappacea,krameria lappacea,1,1,1,1,1,Krameria lappacea,wfo-0001069555,Krameria lappacea,Krameriaceae,1,1,1,1,1,Krameria lappacea,wfo-0001069555,Krameria lappacea,Krameriaceae,exact_unique,exact
Krameria paucifolia,krameria paucifolia,krameria paucifolia,1,1,1,1,1,Krameria paucifolia,wfo-0001069532,Krameria paucifolia,Krameriaceae,1,1,1,1,1,Krameria paucifolia,wfo-0001069532,Krameria paucifolia,Krameriaceae,exact_unique,exact
Krameria ramosissima,krameria ramosissima,krameria ramosissima,1,1,1,1,1,Krameria ramosissima,wfo-0001069535,Krameria ramosissima,Krameriaceae,1,1,1,1,1,Krameria ramosissima,wfo-0001069535,Krameria ramosissima,Krameriaceae,exact_unique,exact
Krameria sonorae,krameria sonorae,krameria sonorae,1,1,1,1,1,Krameria sonorae,wfo-0001069509,Krameria bicolor,Krameriaceae,1,1,1,1,1,Krameria sonorae,wfo-0001069509,Krameria bicolor,Krameriaceae,exact_unique,exact
Krameria tomentosa,krameria tomentosa,krameria tomentosa,1,1,1,1,1,Krameria tomentosa,wfo-0001069540,Krameria tomentosa,Krameriaceae,1,1,1,1,1,Krameria tomentosa,wfo-0001069540,Krameria tomentosa,Krameriaceae,exact_unique,exact
Kummerowia stipulacea,kummerowia stipulacea,kummerowia stipulacea,1,1,1,1,1,Kummerowia stipulacea,wfo-0000192126,Kummerowia stipulacea,Fabaceae,1,1,1,1,1,Kummerowia stipulacea,wfo-0000192126,Kummerowia stipulacea,Fabaceae,exact_unique,exact
Kunzea ambigua,kunzea ambigua,kunzea ambigua,1,1,1,1,1,Kunzea ambigua,wfo-0000221558,Kunzea ambigua,Myrtaceae,1,1,1,1,1,Kunzea ambigua,wfo-0000221558,Kunzea ambigua,Myrtaceae,exact_unique,exact
Kunzea baxteri,kunzea baxteri,kunzea baxteri,1,1,1,1,1,Kunzea baxteri,wfo-0000221559,Kunzea baxteri,Myrtaceae,1,1,1,1,1,Kunzea baxteri,wfo-0000221559,Kunzea baxteri,Myrtaceae,exact_unique,exact
Kydia glabrescens,kydia glabrescens,kydia glabrescens,1,1,1,1,1,Kydia glabrescens,wfo-0001078160,Kydia glabrescens,Malvaceae,1,1,1,1,1,Kydia glabrescens,wfo-0001078160,Kydia glabrescens,Malvaceae,exact_unique,exact
Lablab purpureus,lablab purpureus,lablab purpureus,1,1,1,1,1,Lablab purpureus,wfo-0000181603,Lablab purpureus,Fabaceae,1,1,1,1,1,Lablab purpureus,wfo-0000181603,Lablab purpureus,Fabaceae,exact_unique,exact
Laburnum alpinum,laburnum alpinum,laburnum alpinum,2,2,1,1,1,Laburnum alpinum,wfo-0000213799,Laburnum alpinum,Fabaceae,2,2,1,1,1,Laburnum alpinum,wfo-0000213799,Laburnum alpinum,Fabaceae,exact_unique,exact
Lachenalia punctata,lachenalia punctata,lachenalia punctata,1,1,1,1,1,Lachenalia punctata,wfo-0000686005,Lachenalia punctata,Asparagaceae,1,1,1,1,1,Lachenalia punctata,wfo-0000686005,Lachenalia punctata,Asparagaceae,exact_unique,exact
Lactuca sativa,lactuca sativa,lactuca sativa,1,1,1,1,1,Lactuca sativa,wfo-0000128816,Lactuca sativa,Asteraceae,1,1,1,1,1,Lactuca sativa,wfo-0000128816,Lactuca sativa,Asteraceae,exact_unique,exact
Laennecia filaginoides,laennecia filaginoides,laennecia filaginoides,1,1,1,1,1,Laennecia filaginoides,wfo-0000026913,Laennecia filaginoides,Asteraceae,1,1,1,1,1,Laennecia filaginoides,wfo-0000026913,Laennecia filaginoides,Asteraceae,exact_unique,exact
Laggera crispata,laggera crispata,laggera crispata,1,1,1,1,1,Laggera crispata,wfo-0000093042,Laggera crispata,Asteraceae,1,1,1,1,1,Laggera crispata,wfo-0000093042,Laggera crispata,Asteraceae,exact_unique,exact
Lagochilus leiacanthus,lagochilus leiacanthus,lagochilus leiacanthus,1,1,1,1,1,Lagochilus leiacanthus,wfo-0000222341,Lagochilus leiacanthus,Lamiaceae,1,1,1,1,1,Lagochilus leiacanthus,wfo-0000222341,Lagochilus leiacanthus,Lamiaceae,exact_unique,exact
Laguncularia racemosa,laguncularia racemosa,laguncularia racemosa,1,1,1,1,1,Laguncularia racemosa,wfo-0000358854,Laguncularia racemosa,Combretaceae,1,1,1,1,1,Laguncularia racemosa,wfo-0000358854,Laguncularia racemosa,Combretaceae,exact_unique,exact
Lamyropsis cynaroides,lamyropsis cynaroides,lamyropsis cynaroides,1,1,1,1,1,Lamyropsis cynaroides,wfo-0000096555,Lamyropsis cynaroides,Asteraceae,1,1,1,1,1,Lamyropsis cynaroides,wfo-0000096555,Lamyropsis cynaroides,Asteraceae,exact_unique,exact
Lannea coromandelica,lannea coromandelica,lannea coromandelica,1,1,1,1,1,Lannea coromandelica,wfo-0001050697,Lannea coromandelica,Anacardiaceae,1,1,1,1,1,Lannea coromandelica,wfo-0001050697,Lannea coromandelica,Anacardiaceae,exact_unique,exact
Larix decidua,larix decidua,larix decidua,1,1,1,1,1,Larix decidua,wfo-0000443338,Larix decidua,Pinaceae,1,1,1,1,1,Larix decidua,wfo-0000443338,Larix decidua,Pinaceae,exact_unique,exact
Larix gmelinii,larix gmelinii,larix gmelinii,1,1,1,1,1,Larix gmelinii,wfo-0000509693,Larix gmelinii,Pinaceae,1,1,1,1,1,Larix gmelinii,wfo-0000509693,Larix gmelinii,Pinaceae,exact_unique,exact
Larix kaempferi,larix kaempferi,larix kaempferi,1,1,1,1,1,Larix kaempferi,wfo-0000443374,Larix kaempferi,Pinaceae,1,1,1,1,1,Larix kaempferi,wfo-0000443374,Larix kaempferi,Pinaceae,exact_unique,exact
Larix laricina,larix laricina,larix laricina,1,1,1,1,1,Larix laricina,wfo-0000443246,Larix laricina,Pinaceae,1,1,1,1,1,Larix laricina,wfo-0000443246,Larix laricina,Pinaceae,exact_unique,exact
Larix sibirica,larix sibirica,larix sibirica,1,1,1,1,1,Larix sibirica,wfo-0000443388,Larix sibirica,Pinaceae,1,1,1,1,1,Larix sibirica,wfo-0000443388,Larix sibirica,Pinaceae,exact_unique,exact
Larrea tridentata,larrea tridentata,larrea tridentata,1,1,1,1,1,Larrea tridentata,wfo-0001146325,Larrea tridentata,Zygophyllaceae,1,1,1,1,1,Larrea tridentata,wfo-0001146325,Larrea tridentata,Zygophyllaceae,exact_unique,exact
Lasiolaena morii,lasiolaena morii,lasiolaena morii,1,1,1,1,1,Lasiolaena morii,wfo-0000021031,Lasiolaena morii,Asteraceae,1,1,1,1,1,Lasiolaena morii,wfo-0000021031,Lasiolaena morii,Asteraceae,exact_unique,exact
Lasthenia,lasthenia,lasthenia,1,1,1,1,1,Lasthenia,wfo-4000020701,Lasthenia,Asteraceae,1,1,1,1,1,Lasthenia,wfo-4000020701,Lasthenia,Asteraceae,exact_unique,exact
Lasthenia californica,lasthenia californica,lasthenia californica,1,1,1,1,1,Lasthenia californica,wfo-0000092923,Lasthenia californica,Asteraceae,1,1,1,1,1,Lasthenia californica,wfo-0000092923,Lasthenia californica,Asteraceae,exact_unique,exact
Lathyrus aphaca,lathyrus aphaca,lathyrus aphaca,1,1,1,1,1,Lathyrus aphaca,wfo-0000212673,Lathyrus aphaca,Fabaceae,2,2,1,1,1,Lathyrus aphaca | Lathyrus aphaca prol. affinis,wfo-0000212673,Lathyrus aphaca,Fabaceae,exact_unique,exact
Lathyrus hirsutus,lathyrus hirsutus,lathyrus hirsutus,1,1,1,1,1,Lathyrus hirsutus,wfo-0000212684,Lathyrus hirsutus,Fabaceae,1,1,1,1,1,Lathyrus hirsutus,wfo-0000212684,Lathyrus hirsutus,Fabaceae,exact_unique,exact
Lathyrus laxiflorus,lathyrus laxiflorus,lathyrus laxiflorus,1,1,1,1,1,Lathyrus laxiflorus,wfo-0000186926,Lathyrus laxiflorus,Fabaceae,1,1,1,1,1,Lathyrus laxiflorus,wfo-0000186926,Lathyrus laxiflorus,Fabaceae,exact_unique,exact
Lathyrus linifolius,lathyrus linifolius,lathyrus linifolius,1,1,1,1,1,Lathyrus linifolius,wfo-0000212690,Lathyrus linifolius,Fabaceae,3,3,1,1,1,Lathyrus linifolius | Lathyrus linifolius lus. albiflorus | Lathyrus linifolius lus. variegatus,wfo-0000212690,Lathyrus linifolius,Fabaceae,exact_unique,exact
Lathyrus nissolia,lathyrus nissolia,lathyrus nissolia,1,1,1,1,1,Lathyrus nissolia,wfo-0000212696,Lathyrus nissolia,Fabaceae,1,1,1,1,1,Lathyrus nissolia,wfo-0000212696,Lathyrus nissolia,Fabaceae,exact_unique,exact
Lathyrus ochrus,lathyrus ochrus,lathyrus ochrus,1,1,1,1,1,Lathyrus ochrus,wfo-0000212699,Lathyrus ochrus,Fabaceae,1,1,1,1,1,Lathyrus ochrus,wfo-0000212699,Lathyrus ochrus,Fabaceae,exact_unique,exact
Lathyrus odoratus,lathyrus odoratus,lathyrus odoratus,1,1,1,1,1,Lathyrus odoratus,wfo-0000212700,Lathyrus odoratus,Fabaceae,1,1,1,1,1,Lathyrus odoratus,wfo-0000212700,Lathyrus odoratus,Fabaceae,exact_unique,exact
Lathyrus pratensis,lathyrus pratensis,lathyrus pratensis,1,1,1,1,1,Lathyrus pratensis,wfo-0000212701,Lathyrus pratensis,Fabaceae,1,1,1,1,1,Lathyrus pratensis,wfo-0000212701,Lathyrus pratensis,Fabaceae,exact_unique,exact
Lathyrus sativus,lathyrus sativus,lathyrus sativus,1,1,1,1,1,Lathyrus sativus,wfo-0000212703,Lathyrus sativus,Fabaceae,1,1,1,1,1,Lathyrus sativus,wfo-0000212703,Lathyrus sativus,Fabaceae,exact_unique,exact
Lathyrus sylvestris,lathyrus sylvestris,lathyrus sylvestris,1,1,1,1,1,Lathyrus sylvestris,wfo-0000213824,Lathyrus sylvestris,Fabaceae,2,2,1,1,1,Lathyrus sylvestris | Lathyrus sylvestris prol. pyrenaicus,wfo-0000213824,Lathyrus sylvestris,Fabaceae,exact_unique,exact
Lathyrus tuberosus,lathyrus tuberosus,lathyrus tuberosus,1,1,1,1,1,Lathyrus tuberosus,wfo-0000213826,Lathyrus tuberosus,Fabaceae,1,1,1,1,1,Lathyrus tuberosus,wfo-0000213826,Lathyrus tuberosus,Fabaceae,exact_unique,exact
Laurus nobilis,laurus nobilis,laurus nobilis,1,1,1,1,1,Laurus nobilis,wfo-0000364153,Laurus nobilis,Lauraceae,1,1,1,1,1,Laurus nobilis,wfo-0000364153,Laurus nobilis,Lauraceae,exact_unique,exact
Lawsonia inermis,lawsonia inermis,lawsonia inermis,1,1,1,1,1,Lawsonia inermis,wfo-0000366658,Lawsonia inermis,Lythraceae,1,1,1,1,1,Lawsonia inermis,wfo-0000366658,Lawsonia inermis,Lythraceae,exact_unique,exact
Ledebouria floribunda,ledebouria floribunda,ledebouria floribunda,1,1,1,1,1,Ledebouria floribunda,wfo-0000686569,Ledebouria floribunda,Asparagaceae,1,1,1,1,1,Ledebouria floribunda,wfo-0000686569,Ledebouria floribunda,Asparagaceae,exact_unique,exact
Ledebouria leptophylla,ledebouria leptophylla,ledebouria leptophylla,1,1,1,1,1,Ledebouria leptophylla,wfo-0000913090,Ledebouria leptophylla,Asparagaceae,1,1,1,1,1,Ledebouria leptophylla,wfo-0000913090,Ledebouria leptophylla,Asparagaceae,exact_unique,exact
Ledebouria zebrina,ledebouria zebrina,ledebouria zebrina,1,1,1,1,1,Ledebouria zebrina,wfo-0000913099,Ledebouria zebrina,Asparagaceae,1,1,1,1,1,Ledebouria zebrina,wfo-0000913099,Ledebouria zebrina,Asparagaceae,exact_unique,exact
Leiocarpa semicalva,leiocarpa semicalva,leiocarpa semicalva,1,1,1,1,1,Leiocarpa semicalva,wfo-0000043559,Leiocarpa semicalva,Asteraceae,1,1,1,1,1,Leiocarpa semicalva,wfo-0000043559,Leiocarpa semicalva,Asteraceae,exact_unique,exact
Leiothrix curvifolia,leiothrix curvifolia,leiothrix curvifolia,1,1,1,1,1,Leiothrix curvifolia,wfo-0000458210,Leiothrix curvifolia,Eriocaulaceae,1,1,1,1,1,Leiothrix curvifolia,wfo-0000458210,Leiothrix curvifolia,Eriocaulaceae,exact_unique,exact
Lens culinaris,lens culinaris,lens culinaris,1,1,1,1,1,Lens culinaris,wfo-0000212728,Vicia lens,Fabaceae,1,1,1,1,1,Lens culinaris,wfo-0000212728,Vicia lens,Fabaceae,exact_unique,exact
Leopoldia comosa,leopoldia comosa,leopoldia comosa,1,1,1,1,1,Leopoldia comosa,wfo-0000686250,Leopoldia comosa,Asparagaceae,1,1,1,1,1,Leopoldia comosa,wfo-0000686250,Leopoldia comosa,Asparagaceae,exact_unique,exact
Lepidium sativum,lepidium sativum,lepidium sativum,1,1,1,1,1,Lepidium sativum,wfo-0000358699,Lepidium sativum,Brassicaceae,1,1,1,1,1,Lepidium sativum,wfo-0000358699,Lepidium sativum,Brassicaceae,exact_unique,exact
Lepidosperma,lepidosperma,lepidosperma,1,1,1,1,1,Lepidosperma,wfo-4000021135,Lepidosperma,Cyperaceae,1,1,1,1,1,Lepidosperma,wfo-4000021135,Lepidosperma,Cyperaceae,exact_unique,exact
Lepidosperma laterale,lepidosperma laterale,lepidosperma laterale,1,1,1,1,1,Lepidosperma laterale,wfo-0000459657,Lepidosperma laterale,Cyperaceae,1,1,1,1,1,Lepidosperma laterale,wfo-0000459657,Lepidosperma laterale,Cyperaceae,exact_unique,exact
Lepironia articulata,lepironia articulata,lepironia articulata,1,1,1,1,1,Lepironia articulata,wfo-0000459843,Lepironia articulata,Cyperaceae,1,1,1,1,1,Lepironia articulata,wfo-0000459843,Lepironia articulata,Cyperaceae,exact_unique,exact
Leptarrhena pyrolifolia,leptarrhena pyrolifolia,leptarrhena pyrolifolia,1,1,1,1,1,Leptarrhena pyrolifolia,wfo-0001135538,Leptarrhena pyrolifolia,Saxifragaceae,1,1,1,1,1,Leptarrhena pyrolifolia,wfo-0001135538,Leptarrhena pyrolifolia,Saxifragaceae,exact_unique,exact
Leptospermum polygalifolium,leptospermum polygalifolium,leptospermum polygalifolium,1,1,1,1,1,Leptospermum polygalifolium,wfo-0000226708,Leptospermum polygalifolium,Myrtaceae,1,1,1,1,1,Leptospermum polygalifolium,wfo-0000226708,Leptospermum polygalifolium,Myrtaceae,exact_unique,exact
Leptospermum recurvum,leptospermum recurvum,leptospermum recurvum,1,1,1,1,1,Leptospermum recurvum,wfo-0000226734,Leptospermum recurvum,Myrtaceae,1,1,1,1,1,Leptospermum recurvum,wfo-0000226734,Leptospermum recurvum,Myrtaceae,exact_unique,exact
Leptospermum scoparium,leptospermum scoparium,leptospermum scoparium,1,1,1,1,1,Leptospermum scoparium,wfo-0000226751,Leptospermum scoparium,Myrtaceae,3,3,1,1,1,Leptospermum scoparium | Leptospermum scoparium unranked roseum | Leptospermum scoparium unranked rubrum-pygmaeum,wfo-0000226751,Leptospermum scoparium,Myrtaceae,exact_unique,exact
Leptothyrsa sprucei,leptothyrsa sprucei,leptothyrsa sprucei,1,1,1,1,1,Leptothyrsa sprucei,wfo-0001132701,Leptothyrsa sprucei,Rutaceae,1,1,1,1,1,Leptothyrsa sprucei,wfo-0001132701,Leptothyrsa sprucei,Rutaceae,exact_unique,exact
Lespedeza bicolor,lespedeza bicolor,lespedeza bicolor,2,2,1,1,1,Lespedeza bicolor,wfo-0000185056,Lespedeza bicolor,Fabaceae,2,2,1,1,1,Lespedeza bicolor,wfo-0000185056,Lespedeza bicolor,Fabaceae,exact_unique,exact
Lespedeza capitata,lespedeza capitata,lespedeza capitata,1,1,1,1,1,Lespedeza capitata,wfo-0000164446,Lespedeza capitata,Fabaceae,1,1,1,1,1,Lespedeza capitata,wfo-0000164446,Lespedeza capitata,Fabaceae,exact_unique,exact
Lespedeza cyrtobotrya,lespedeza cyrtobotrya,lespedeza cyrtobotrya,1,1,1,1,1,Lespedeza cyrtobotrya,wfo-0000185058,Lespedeza cyrtobotrya,Fabaceae,1,1,1,1,1,Lespedeza cyrtobotrya,wfo-0000185058,Lespedeza cyrtobotrya,Fabaceae,exact_unique,exact
Lespedeza davidii,lespedeza davidii,lespedeza davidii,1,1,1,1,1,Lespedeza davidii,wfo-0000186113,Lespedeza davidii,Fabaceae,1,1,1,1,1,Lespedeza davidii,wfo-0000186113,Lespedeza davidii,Fabaceae,exact_unique,exact
Lespedeza floribunda,lespedeza floribunda,lespedeza floribunda,1,1,1,1,1,Lespedeza floribunda,wfo-0000197885,Lespedeza floribunda,Fabaceae,1,1,1,1,1,Lespedeza floribunda,wfo-0000197885,Lespedeza floribunda,Fabaceae,exact_unique,exact
Lespedeza formosa,lespedeza formosa,lespedeza formosa,1,1,1,1,1,Lespedeza formosa,wfo-0001359458,Lespedeza thunbergii subsp. formosa,Fabaceae,1,1,1,1,1,Lespedeza formosa,wfo-0001359458,Lespedeza thunbergii subsp. formosa,Fabaceae,exact_unique,exact
Lespedeza homoloba,lespedeza homoloba,lespedeza homoloba,1,1,1,1,1,Lespedeza homoloba,wfo-0000185060,Lespedeza homoloba,Fabaceae,1,1,1,1,1,Lespedeza homoloba,wfo-0000185060,Lespedeza homoloba,Fabaceae,exact_unique,exact
Lespedeza thunbergii,lespedeza thunbergii,lespedeza thunbergii,1,1,1,1,1,Lespedeza thunbergii,wfo-0000185059,Lespedeza thunbergii,Fabaceae,1,1,1,1,1,Lespedeza thunbergii,wfo-0000185059,Lespedeza thunbergii,Fabaceae,exact_unique,exact
Leucaena leucocephala,leucaena leucocephala,leucaena leucocephala,1,1,1,1,1,Leucaena leucocephala,wfo-0000164084,Leucaena leucocephala,Fabaceae,1,1,1,1,1,Leucaena leucocephala,wfo-0000164084,Leucaena leucocephala,Fabaceae,exact_unique,exact
Leucas aspera,leucas aspera,leucas aspera,1,1,1,1,1,Leucas aspera,wfo-0000226906,Leucas aspera,Lamiaceae,1,1,1,1,1,Leucas aspera,wfo-0000226906,Leucas aspera,Lamiaceae,exact_unique,exact
Leucas urticifolia,leucas urticifolia,leucas urticifolia,2,2,1,1,1,Leucas urticifolia,wfo-0000227199,Leucas urticifolia,Lamiaceae,2,2,1,1,1,Leucas urticifolia,wfo-0000227199,Leucas urticifolia,Lamiaceae,exact_unique,exact
Leucothoe keiskei,leucothoe keiskei,leucothoe keiskei,1,1,1,1,1,Leucothoe keiskei,wfo-0000364575,Leucothoe keiskei,Ericaceae,1,1,1,1,1,Leucothoe keiskei,wfo-0000364575,Leucothoe keiskei,Ericaceae,exact_unique,exact
Levisticum officinale,levisticum officinale,levisticum officinale,1,1,1,1,1,Levisticum officinale,wfo-0000360816,Levisticum officinale,Apiaceae,1,1,1,1,1,Levisticum officinale,wfo-0000360816,Levisticum officinale,Apiaceae,exact_unique,exact
Libocedrus bidwillii,libocedrus bidwillii,libocedrus bidwillii,1,1,1,1,1,Libocedrus bidwillii,wfo-0000358614,Libocedrus bidwillii,Cupressaceae,1,1,1,1,1,Libocedrus bidwillii,wfo-0000358614,Libocedrus bidwillii,Cupressaceae,exact_unique,exact
Licania apetala,licania apetala,licania apetala,1,1,1,1,1,Licania apetala,wfo-0001354198,Leptobalanus apetalus,Chrysobalanaceae,1,1,1,1,1,Licania apetala,wfo-0001354198,Leptobalanus apetalus,Chrysobalanaceae,exact_unique,exact
Licania densiflora,licania densiflora,licania densiflora,1,1,1,1,1,Licania densiflora,wfo-0000816265,Licania densiflora,Chrysobalanaceae,1,1,1,1,1,Licania densiflora,wfo-0000816265,Licania densiflora,Chrysobalanaceae,exact_unique,exact
Licania pittieri,licania pittieri,licania pittieri,1,1,1,1,1,Licania pittieri,wfo-0000814345,Licania pittieri,Chrysobalanaceae,1,1,1,1,1,Licania pittieri,wfo-0000814345,Licania pittieri,Chrysobalanaceae,exact_unique,exact
Licania pyrifolia,licania pyrifolia,licania pyrifolia,1,1,1,1,1,Licania pyrifolia,wfo-0000816402,Moquilea pyrifolia,Chrysobalanaceae,1,1,1,1,1,Licania pyrifolia,wfo-0000816402,Moquilea pyrifolia,Chrysobalanaceae,exact_unique,exact
Ligaria cuneifolia,ligaria cuneifolia,ligaria cuneifolia,1,1,1,1,1,Ligaria cuneifolia,wfo-0001074748,Ligaria cuneifolia,Loranthaceae,1,1,1,1,1,Ligaria cuneifolia,wfo-0001074748,Ligaria cuneifolia,Loranthaceae,exact_unique,exact
Ligularia macrophylla,ligularia macrophylla,ligularia macrophylla,1,1,1,1,1,Ligularia macrophylla,wfo-0000080191,Ligularia macrophylla,Asteraceae,1,1,1,1,1,Ligularia macrophylla,wfo-0000080191,Ligularia macrophylla,Asteraceae,exact_unique,exact
Ligularia odontomanes,ligularia odontomanes,ligularia odontomanes,1,1,1,1,1,Ligularia odontomanes,wfo-0000000028,Ligularia odontomanes,Asteraceae,1,1,1,1,1,Ligularia odontomanes,wfo-0000000028,Ligularia odontomanes,Asteraceae,exact_unique,exact
Limnophila indica,limnophila indica,limnophila indica,1,1,1,1,1,Limnophila indica,wfo-0000445814,Limnophila indica,Plantaginaceae,1,1,1,1,1,Limnophila indica,wfo-0000445814,Limnophila indica,Plantaginaceae,exact_unique,exact
Limonia acidissima,limonia acidissima,limonia acidissima,2,2,1,1,1,Limonia acidissima,wfo-1000080432,Limonia acidissima,Rutaceae,2,2,1,1,1,Limonia acidissima,wfo-1000080432,Limonia acidissima,Rutaceae,exact_unique,exact
Limoniastrum guyonianum,limoniastrum guyonianum,limoniastrum guyonianum,1,1,1,1,1,Limoniastrum guyonianum,wfo-0000444466,Limoniastrum guyonianum,Plumbaginaceae,1,1,1,1,1,Limoniastrum guyonianum,wfo-0000444466,Limoniastrum guyonianum,Plumbaginaceae,exact_unique,exact
Limonium,limonium,limonium,2,2,1,1,1,Limonium,wfo-4000021808,Limonium,Plumbaginaceae,2,2,1,1,1,Limonium,wfo-4000021808,Limonium,Plumbaginaceae,exact_unique,exact
Limonium aureum,limonium aureum,limonium aureum,3,3,1,1,1,Limonium aureum,wfo-0001303480,Limonium aureum,Plumbaginaceae,3,3,1,1,1,Limonium aureum,wfo-0001303480,Limonium aureum,Plumbaginaceae,exact_unique,exact
Limonium bicolor,limonium bicolor,limonium bicolor,1,1,1,1,1,Limonium bicolor,wfo-0001095308,Limonium bicolor,Plumbaginaceae,1,1,1,1,1,Limonium bicolor,wfo-0001095308,Limonium bicolor,Plumbaginaceae,exact_unique,exact
Limonium gmelinii,limonium gmelinii,limonium gmelinii,1,1,1,1,1,Limonium gmelinii,wfo-0000444657,Limonium gmelini,Plumbaginaceae,1,1,1,1,1,Limonium gmelinii,wfo-0000444657,Limonium gmelini,Plumbaginaceae,exact_unique,exact
Limonium sinense,limonium sinense,limonium sinense,1,1,1,1,1,Limonium sinense,wfo-0001095301,Limonium sinense,Plumbaginaceae,1,1,1,1,1,Limonium sinense,wfo-0001095301,Limonium sinense,Plumbaginaceae,exact_unique,exact
Lindera aggregata,lindera aggregata,lindera aggregata,1,1,1,1,1,Lindera aggregata,wfo-0000365428,Lindera aggregata,Lauraceae,1,1,1,1,1,Lindera aggregata,wfo-0000365428,Lindera aggregata,Lauraceae,exact_unique,exact
Lindera erythrocarpa,lindera erythrocarpa,lindera erythrocarpa,1,1,1,1,1,Lindera erythrocarpa,wfo-0001070580,Lindera erythrocarpa,Lauraceae,1,1,1,1,1,Lindera erythrocarpa,wfo-0001070580,Lindera erythrocarpa,Lauraceae,exact_unique,exact
Lindera lucida,lindera lucida,lindera lucida,1,1,1,1,1,Lindera lucida,wfo-0000365480,Lindera lucida,Lauraceae,1,1,1,1,1,Lindera lucida,wfo-0000365480,Lindera lucida,Lauraceae,exact_unique,exact
Lindera neesiana,lindera neesiana,lindera neesiana,2,2,1,1,1,Lindera neesiana,wfo-0001070756,Lindera neesiana,Lauraceae,2,2,1,1,1,Lindera neesiana,wfo-0001070756,Lindera neesiana,Lauraceae,exact_unique,exact
Lindera sericea,lindera sericea,lindera sericea,1,1,1,1,1,Lindera sericea,wfo-0001070369,Lindera sericea,Lauraceae,1,1,1,1,1,Lindera sericea,wfo-0001070369,Lindera sericea,Lauraceae,exact_unique,exact
Lindera umbellata,lindera umbellata,lindera umbellata,1,1,1,1,1,Lindera umbellata,wfo-0001070371,Lindera umbellata,Lauraceae,1,1,1,1,1,Lindera umbellata,wfo-0001070371,Lindera umbellata,Lauraceae,exact_unique,exact
Linzia glabra,linzia glabra,linzia glabra,1,1,1,1,1,Linzia glabra,wfo-0000086483,Linzia glabra,Asteraceae,1,1,1,1,1,Linzia glabra,wfo-0000086483,Linzia glabra,Asteraceae,exact_unique,exact
Lipocarpha aristulata,lipocarpha aristulata,lipocarpha aristulata,1,1,1,1,1,Lipocarpha aristulata,wfo-0001429153,Cyperus aristulatus,Cyperaceae,1,1,1,1,1,Lipocarpha aristulata,wfo-0001429153,Cyperus aristulatus,Cyperaceae,exact_unique,exact
Lipocarpha microcephala,lipocarpha microcephala,lipocarpha microcephala,1,1,1,1,1,Lipocarpha microcephala,wfo-0001339762,Cyperus leptocarpus,Cyperaceae,1,1,1,1,1,Lipocarpha microcephala,wfo-0001339762,Cyperus leptocarpus,Cyperaceae,exact_unique,exact
Lippia dulcis,lippia dulcis,lippia dulcis,1,1,1,1,1,Lippia dulcis,wfo-0000228801,Lippia dulcis,Verbenaceae,1,1,1,1,1,Lippia dulcis,wfo-0000228801,Lippia dulcis,Verbenaceae,exact_unique,exact
Lippia graveolens,lippia graveolens,lippia graveolens,1,1,1,1,1,Lippia graveolens,wfo-0000229041,Lippia origanoides,Verbenaceae,1,1,1,1,1,Lippia graveolens,wfo-0000229041,Lippia origanoides,Verbenaceae,exact_unique,exact
Lippia origanoides,lippia origanoides,lippia origanoides,1,1,1,1,1,Lippia origanoides,wfo-0000229041,Lippia origanoides,Verbenaceae,1,1,1,1,1,Lippia origanoides,wfo-0000229041,Lippia origanoides,Verbenaceae,exact_unique,exact
Liquidambar formosana,liquidambar formosana,liquidambar formosana,1,1,1,1,1,Liquidambar formosana,wfo-0000364066,Liquidambar formosana,Altingiaceae,1,1,1,1,1,Liquidambar formosana,wfo-0000364066,Liquidambar formosana,Altingiaceae,exact_unique,exact
Liquidambar styraciflua,liquidambar styraciflua,liquidambar styraciflua,1,1,1,1,1,Liquidambar styraciflua,wfo-0000364015,Liquidambar styraciflua,Altingiaceae,1,1,1,1,1,Liquidambar styraciflua,wfo-0000364015,Liquidambar styraciflua,Altingiaceae,exact_unique,exact
Litchi chinensis,litchi chinensis,litchi chinensis,1,1,1,1,1,Litchi chinensis,wfo-0000446283,Litchi chinensis,Sapindaceae,1,1,1,1,1,Litchi chinensis,wfo-0000446283,Litchi chinensis,Sapindaceae,exact_unique,exact
Lithocarpus litseifolius,lithocarpus litseifolius,lithocarpus litseifolius,1,1,1,1,1,Lithocarpus litseifolius,wfo-0000230050,Lithocarpus litseifolius,Fagaceae,1,1,1,1,1,Lithocarpus litseifolius,wfo-0000230050,Lithocarpus litseifolius,Fagaceae,exact_unique,exact
Lithocarpus pachyphyllus,lithocarpus pachyphyllus,lithocarpus pachyphyllus,1,1,1,1,1,Lithocarpus pachyphyllus,wfo-0000230140,Lithocarpus pachyphyllus,Fagaceae,1,1,1,1,1,Lithocarpus pachyphyllus,wfo-0000230140,Lithocarpus pachyphyllus,Fagaceae,exact_unique,exact
Lithocarpus polystachyus,lithocarpus polystachyus,lithocarpus polystachyus,1,1,1,1,1,Lithocarpus polystachyus,wfo-0000230171,Lithocarpus polystachyus,Fagaceae,1,1,1,1,1,Lithocarpus polystachyus,wfo-0000230171,Lithocarpus polystachyus,Fagaceae,exact_unique,exact
Litsea acutivena,litsea acutivena,litsea acutivena,1,1,1,1,1,Litsea acutivena,wfo-0001070638,Litsea acutivena,Lauraceae,1,1,1,1,1,Litsea acutivena,wfo-0001070638,Litsea acutivena,Lauraceae,exact_unique,exact
Litsea glaucescens,litsea glaucescens,litsea glaucescens,2,2,1,1,1,Litsea glaucescens,wfo-0000365712,Litsea glaucescens,Lauraceae,2,2,1,1,1,Litsea glaucescens,wfo-0000365712,Litsea glaucescens,Lauraceae,exact_unique,exact
Litsea glutinosa,litsea glutinosa,litsea glutinosa,1,1,1,1,1,Litsea glutinosa,wfo-0000365695,Litsea glutinosa,Lauraceae,1,1,1,1,1,Litsea glutinosa,wfo-0000365695,Litsea glutinosa,Lauraceae,exact_unique,exact
Litsea pedunculata,litsea pedunculata,litsea pedunculata,1,1,1,1,1,Litsea pedunculata,wfo-0001071896,Litsea pedunculata,Lauraceae,1,1,1,1,1,Litsea pedunculata,wfo-0001071896,Litsea pedunculata,Lauraceae,exact_unique,exact
Litsea rotundifolia,litsea rotundifolia,litsea rotundifolia,1,1,1,1,1,Litsea rotundifolia,wfo-0001070312,Litsea rotundifolia,Lauraceae,1,1,1,1,1,Litsea rotundifolia,wfo-0001070312,Litsea rotundifolia,Lauraceae,exact_unique,exact
Litsea rubescens,litsea rubescens,litsea rubescens,1,1,1,1,1,Litsea rubescens,wfo-0001070705,Litsea rubescens,Lauraceae,1,1,1,1,1,Litsea rubescens,wfo-0001070705,Litsea rubescens,Lauraceae,exact_unique,exact
Litsea sericea,litsea sericea,litsea sericea,1,1,1,1,1,Litsea sericea,wfo-0001070314,Litsea sericea,Lauraceae,1,1,1,1,1,Litsea sericea,wfo-0001070314,Litsea sericea,Lauraceae,exact_unique,exact
Litsea szemaois,litsea szemaois,litsea szemaois,1,1,1,1,1,Litsea szemaois,wfo-0001278607,Litsea szemaois,Lauraceae,1,1,1,1,1,Litsea szemaois,wfo-0001278607,Litsea szemaois,Lauraceae,exact_unique,exact
Lonchocarpus,lonchocarpus,lonchocarpus,1,1,1,1,1,Lonchocarpus,wfo-4000022154,Lonchocarpus,Fabaceae,1,1,1,1,1,Lonchocarpus,wfo-4000022154,Lonchocarpus,Fabaceae,exact_unique,exact
Lonchocarpus araripensis,lonchocarpus araripensis,lonchocarpus araripensis,1,1,1,1,1,Lonchocarpus araripensis,wfo-0001317444,Dahlstedtia araripensis,Fabaceae,1,1,1,1,1,Lonchocarpus araripensis,wfo-0001317444,Dahlstedtia araripensis,Fabaceae,exact_unique,exact
Lonchocarpus atropurpureus,lonchocarpus atropurpureus,lonchocarpus atropurpureus,1,1,1,1,1,Lonchocarpus atropurpureus,wfo-0000173710,Lonchocarpus atropurpureus,Fabaceae,1,1,1,1,1,Lonchocarpus atropurpureus,wfo-0000173710,Lonchocarpus atropurpureus,Fabaceae,exact_unique,exact
Lonchocarpus campestris,lonchocarpus campestris,lonchocarpus campestris,1,1,1,1,1,Lonchocarpus campestris,wfo-0001332654,Muellera campestris,Fabaceae,1,1,1,1,1,Lonchocarpus campestris,wfo-0001332654,Muellera campestris,Fabaceae,exact_unique,exact
Lonchocarpus castilloi,lonchocarpus castilloi,lonchocarpus castilloi,1,1,1,1,1,Lonchocarpus castilloi,wfo-0000164462,Lonchocarpus castilloi,Fabaceae,1,1,1,1,1,Lonchocarpus castilloi,wfo-0000164462,Lonchocarpus castilloi,Fabaceae,exact_unique,exact
Lonchocarpus costaricensis,lonchocarpus costaricensis,lonchocarpus costaricensis,1,1,1,1,1,Lonchocarpus costaricensis,wfo-0000164467,Lonchocarpus costaricensis,Fabaceae,1,1,1,1,1,Lonchocarpus costaricensis,wfo-0000164467,Lonchocarpus costaricensis,Fabaceae,exact_unique,exact
Lonchocarpus eriocarinalis,lonchocarpus eriocarinalis,lonchocarpus eriocarinalis,1,1,1,1,1,Lonchocarpus eriocarinalis,wfo-0000164476,Lonchocarpus eriocarinalis,Fabaceae,1,1,1,1,1,Lonchocarpus eriocarinalis,wfo-0000164476,Lonchocarpus eriocarinalis,Fabaceae,exact_unique,exact
Lonchocarpus fluvialis,lonchocarpus fluvialis,lonchocarpus fluvialis,1,1,1,1,1,Lonchocarpus fluvialis,wfo-0001052481,Muellera fluvialis,Fabaceae,1,1,1,1,1,Lonchocarpus fluvialis,wfo-0001052481,Muellera fluvialis,Fabaceae,exact_unique,exact
Lonchocarpus guatemalensis,lonchocarpus guatemalensis,lonchocarpus guatemalensis,1,1,1,1,1,Lonchocarpus guatemalensis,wfo-0000173718,Lonchocarpus guatemalensis,Fabaceae,1,1,1,1,1,Lonchocarpus guatemalensis,wfo-0000173718,Lonchocarpus guatemalensis,Fabaceae,exact_unique,exact
Lonchocarpus heptaphyllus,lonchocarpus heptaphyllus,lonchocarpus heptaphyllus,1,1,1,1,1,Lonchocarpus heptaphyllus,wfo-0000210427,Lonchocarpus heptaphyllus,Fabaceae,1,1,1,1,1,Lonchocarpus heptaphyllus,wfo-0000210427,Lonchocarpus heptaphyllus,Fabaceae,exact_unique,exact
Lonchocarpus latifolius,lonchocarpus latifolius,lonchocarpus latifolius,2,2,1,1,1,Lonchocarpus latifolius,wfo-0000210427,Lonchocarpus heptaphyllus,Fabaceae,2,2,1,1,1,Lonchocarpus latifolius,wfo-0000210427,Lonchocarpus heptaphyllus,Fabaceae,exact_unique,exact
Lonchocarpus laxiflorus,lonchocarpus laxiflorus,lonchocarpus laxiflorus,1,1,1,1,1,Lonchocarpus laxiflorus,wfo-0000199463,Philenoptera laxiflora,Fabaceae,1,1,1,1,1,Lonchocarpus laxiflorus,wfo-0000199463,Philenoptera laxiflora,Fabaceae,exact_unique,exact
Lonchocarpus minimiflorus,lonchocarpus minimiflorus,lonchocarpus minimiflorus,1,1,1,1,1,Lonchocarpus minimiflorus,wfo-0000165939,Lonchocarpus minimiflorus,Fabaceae,1,1,1,1,1,Lonchocarpus minimiflorus,wfo-0000165939,Lonchocarpus minimiflorus,Fabaceae,exact_unique,exact
Lonchocarpus negrensis,lonchocarpus negrensis,lonchocarpus negrensis,1,1,1,1,1,Lonchocarpus negrensis,wfo-0000173321,Deguelia amazonica,Fabaceae,1,1,1,1,1,Lonchocarpus negrensis,wfo-0000173321,Deguelia amazonica,Fabaceae,exact_unique,exact
Lonchocarpus oaxacensis,lonchocarpus oaxacensis,lonchocarpus oaxacensis,1,1,1,1,1,Lonchocarpus oaxacensis,wfo-0000165946,Lonchocarpus oaxacensis,Fabaceae,1,1,1,1,1,Lonchocarpus oaxacensis,wfo-0000165946,Lonchocarpus oaxacensis,Fabaceae,exact_unique,exact
Lonchocarpus obtusus,lonchocarpus obtusus,lonchocarpus obtusus,1,1,1,1,1,Lonchocarpus obtusus,wfo-0001318198,Muellera obtusa,Fabaceae,1,1,1,1,1,Lonchocarpus obtusus,wfo-0001318198,Muellera obtusa,Fabaceae,exact_unique,exact
Lonchocarpus orotinus,lonchocarpus orotinus,lonchocarpus orotinus,2,2,1,1,1,Lonchocarpus orotinus,wfo-0000173727,Lonchocarpus parviflorus,Fabaceae,2,2,1,1,1,Lonchocarpus orotinus,wfo-0000173727,Lonchocarpus parviflorus,Fabaceae,exact_unique,exact
Lonchocarpus salvadorensis,lonchocarpus salvadorensis,lonchocarpus salvadorensis,1,1,1,1,1,Lonchocarpus salvadorensis,wfo-0000165958,Lonchocarpus salvadorensis,Fabaceae,1,1,1,1,1,Lonchocarpus salvadorensis,wfo-0000165958,Lonchocarpus salvadorensis,Fabaceae,exact_unique,exact
Lonchocarpus subglaucescens,lonchocarpus subglaucescens,lonchocarpus subglaucescens,1,1,1,1,1,Lonchocarpus subglaucescens,wfo-0000173736,Lonchocarpus subglaucescens,Fabaceae,1,1,1,1,1,Lonchocarpus subglaucescens,wfo-0000173736,Lonchocarpus subglaucescens,Fabaceae,exact_unique,exact
Lonchocarpus unifoliolatus,lonchocarpus unifoliolatus,lonchocarpus unifoliolatus,1,1,1,1,1,Lonchocarpus unifoliolatus,wfo-0001329356,Muellera unifoliolata,Fabaceae,1,1,1,1,1,Lonchocarpus unifoliolatus,wfo-0001329356,Muellera unifoliolata,Fabaceae,exact_unique,exact
Lonchocarpus utilis,lonchocarpus utilis,lonchocarpus utilis,1,1,1,1,1,Lonchocarpus utilis,wfo-0001286043,Deguelia utilis,Fabaceae,1,1,1,1,1,Lonchocarpus utilis,wfo-0001286043,Deguelia utilis,Fabaceae,exact_unique,exact
Lonchocarpus yucatanensis,lonchocarpus yucatanensis,lonchocarpus yucatanensis,1,1,1,1,1,Lonchocarpus yucatanensis,wfo-0000165972,Lonchocarpus yucatanensis,Fabaceae,1,1,1,1,1,Lonchocarpus yucatanensis,wfo-0000165972,Lonchocarpus yucatanensis,Fabaceae,exact_unique,exact
Lophira alata,lophira alata,lophira alata,1,1,1,1,1,Lophira alata,wfo-0000443232,Lophira alata,Ochnaceae,1,1,1,1,1,Lophira alata,wfo-0000443232,Lophira alata,Ochnaceae,exact_unique,exact
Lophira lanceolata,lophira lanceolata,lophira lanceolata,1,1,1,1,1,Lophira lanceolata,wfo-0000443230,Lophira lanceolata,Ochnaceae,1,1,1,1,1,Lophira lanceolata,wfo-0000443230,Lophira lanceolata,Ochnaceae,exact_unique,exact
Lophopappus tarapacanus,lophopappus tarapacanus,lophopappus tarapacanus,1,1,1,1,1,Lophopappus tarapacanus,wfo-0000089159,Lophopappus tarapacanus,Asteraceae,1,1,1,1,1,Lophopappus tarapacanus,wfo-0000089159,Lophopappus tarapacanus,Asteraceae,exact_unique,exact
Lotus,lotus,lotus,1,1,1,1,1,Lotus,wfo-4000022302,Lotus,Fabaceae,1,1,1,1,1,Lotus,wfo-4000022302,Lotus,Fabaceae,exact_unique,exact
Lotus angustissimus,lotus angustissimus,lotus angustissimus,1,1,1,1,1,Lotus angustissimus,wfo-0001060764,Lotus angustissimus,Fabaceae,1,1,1,1,1,Lotus angustissimus,wfo-0001060764,Lotus angustissimus,Fabaceae,exact_unique,exact
Lotus corniculatus,lotus corniculatus,lotus corniculatus,1,1,1,1,1,Lotus corniculatus,wfo-0000212180,Lotus corniculatus,Fabaceae,4,4,4,4,1,Lotus corniculatus | Lotus corniculatus prol. decumbens | Lotus corniculatus prol. pedunculatus | Lotus corniculatus prol. tenuis,wfo-0000212180 | wfo-0000212230 | wfo-0001053826 | wfo-0001425600,Lotus corniculatus | Lotus pedunculatus | Lotus pedunculatus subsp. pedunculatus | Lotus tenuis,Fabaceae,exact_unique,exact
Lotus edulis,lotus edulis,lotus edulis,1,1,1,1,1,Lotus edulis,wfo-0000212191,Lotus edulis,Fabaceae,1,1,1,1,1,Lotus edulis,wfo-0000212191,Lotus edulis,Fabaceae,exact_unique,exact
Lotus pedunculatus,lotus pedunculatus,lotus pedunculatus,1,1,1,1,1,Lotus pedunculatus,wfo-0000212230,Lotus pedunculatus,Fabaceae,1,1,1,1,1,Lotus pedunculatus,wfo-0000212230,Lotus pedunculatus,Fabaceae,exact_unique,exact
Lotus tenuis,lotus tenuis,lotus tenuis,1,1,1,1,1,Lotus tenuis,wfo-0001053826,Lotus tenuis,Fabaceae,1,1,1,1,1,Lotus tenuis,wfo-0001053826,Lotus tenuis,Fabaceae,exact_unique,exact
Luehea candicans,luehea candicans,luehea candicans,1,1,1,1,1,Luehea candicans,wfo-0000445189,Luehea candicans,Malvaceae,1,1,1,1,1,Luehea candicans,wfo-0000445189,Luehea candicans,Malvaceae,exact_unique,exact
Luetkea pectinata,luetkea pectinata,luetkea pectinata,1,1,1,1,1,Luetkea pectinata,wfo-0001013556,Luetkea pectinata,Rosaceae,1,1,1,1,1,Luetkea pectinata,wfo-0001013556,Luetkea pectinata,Rosaceae,exact_unique,exact
Luisia volucris,luisia volucris,luisia volucris,1,1,1,1,1,Luisia volucris,wfo-0000231052,Luisia volucris,Orchidaceae,1,1,1,1,1,Luisia volucris,wfo-0000231052,Luisia volucris,Orchidaceae,exact_unique,exact
Luma chequen,luma chequen,luma chequen,1,1,1,1,1,Luma chequen,wfo-0000231083,Luma chequen,Myrtaceae,1,1,1,1,1,Luma chequen,wfo-0000231083,Luma chequen,Myrtaceae,exact_unique,exact
Lupinus,lupinus,lupinus,1,1,1,1,1,Lupinus,wfo-4000022442,Lupinus,Fabaceae,1,1,1,1,1,Lupinus,wfo-4000022442,Lupinus,Fabaceae,exact_unique,exact
Lupinus albus,lupinus albus,lupinus albus,1,1,1,1,1,Lupinus albus,wfo-0000213483,Lupinus albus,Fabaceae,2,2,2,2,1,Lupinus albus | Lupinus albus prol. termis,wfo-0000213483 | wfo-0000213484,Lupinus albus | Lupinus albus subsp. albus,Fabaceae,exact_unique,exact
Lupinus ananeanus,lupinus ananeanus,lupinus ananeanus,1,1,1,1,1,Lupinus ananeanus,wfo-0000168047,Lupinus ananeanus,Fabaceae,1,1,1,1,1,Lupinus ananeanus,wfo-0000168047,Lupinus ananeanus,Fabaceae,exact_unique,exact
Lupinus arboreus,lupinus arboreus,lupinus arboreus,1,1,1,1,1,Lupinus arboreus,wfo-0000213844,Lupinus arboreus,Fabaceae,1,1,1,1,1,Lupinus arboreus,wfo-0000213844,Lupinus arboreus,Fabaceae,exact_unique,exact
Lupinus arcticus,lupinus arcticus,lupinus arcticus,1,1,1,1,1,Lupinus arcticus,wfo-0000168060,Lupinus arcticus,Fabaceae,1,1,1,1,1,Lupinus arcticus,wfo-0000168060,Lupinus arcticus,Fabaceae,exact_unique,exact
Lupinus elegans,lupinus elegans,lupinus elegans,1,1,1,1,1,Lupinus elegans,wfo-0000183547,Lupinus elegans,Fabaceae,1,1,1,1,1,Lupinus elegans,wfo-0000183547,Lupinus elegans,Fabaceae,exact_unique,exact
Lupinus hartwegii,lupinus hartwegii,lupinus hartwegii,1,1,1,1,1,Lupinus hartwegii,wfo-0001425997,Lupinus ehrenbergii var. ehrenbergii,Fabaceae,1,1,1,1,1,Lupinus hartwegii,wfo-0001425997,Lupinus ehrenbergii var. ehrenbergii,Fabaceae,exact_unique,exact
Lupinus hirsutus,lupinus hirsutus,lupinus hirsutus,1,1,1,1,1,Lupinus hirsutus,wfo-0000185679,Lupinus pilosus,Fabaceae,2,2,2,2,1,Lupinus hirsutus | Lupinus hirsutus prol. micranthus,wfo-0000185679 | wfo-0000363797,Lupinus gussoneanus | Lupinus pilosus,Fabaceae,exact_unique,exact
Lupinus luteus,lupinus luteus,lupinus luteus,1,1,1,1,1,Lupinus luteus,wfo-0000213494,Lupinus luteus,Fabaceae,1,1,1,1,1,Lupinus luteus,wfo-0000213494,Lupinus luteus,Fabaceae,exact_unique,exact
Lupinus mutabilis,lupinus mutabilis,lupinus mutabilis,1,1,1,1,1,Lupinus mutabilis,wfo-0000213497,Lupinus mutabilis,Fabaceae,1,1,1,1,1,Lupinus mutabilis,wfo-0000213497,Lupinus mutabilis,Fabaceae,exact_unique,exact
Lupinus nanus,lupinus nanus,lupinus nanus,1,1,1,1,1,Lupinus nanus,wfo-0000174742,Lupinus nanus,Fabaceae,1,1,1,1,1,Lupinus nanus,wfo-0000174742,Lupinus nanus,Fabaceae,exact_unique,exact
Lupinus polycarpus,lupinus polycarpus,lupinus polycarpus,1,1,1,1,1,Lupinus polycarpus,wfo-0000168077,Lupinus bicolor,Fabaceae,1,1,1,1,1,Lupinus polycarpus,wfo-0000168077,Lupinus bicolor,Fabaceae,exact_unique,exact
Lupinus polyphyllus,lupinus polyphyllus,lupinus polyphyllus,1,1,1,1,1,Lupinus polyphyllus,wfo-0000213847,Lupinus polyphyllus,Fabaceae,1,1,1,1,1,Lupinus polyphyllus,wfo-0000213847,Lupinus polyphyllus,Fabaceae,exact_unique,exact
Lupinus pubescens,lupinus pubescens,lupinus pubescens,1,1,1,1,1,Lupinus pubescens,wfo-0000213501,Lupinus pubescens,Fabaceae,1,1,1,1,1,Lupinus pubescens,wfo-0000213501,Lupinus pubescens,Fabaceae,exact_unique,exact
Lupinus subcarnosus,lupinus subcarnosus,lupinus subcarnosus,1,1,1,1,1,Lupinus subcarnosus,wfo-0000174768,Lupinus subcarnosus,Fabaceae,1,1,1,1,1,Lupinus subcarnosus,wfo-0000174768,Lupinus subcarnosus,Fabaceae,exact_unique,exact
Lupinus texensis,lupinus texensis,lupinus texensis,1,1,1,1,1,Lupinus texensis,wfo-0000174773,Lupinus texensis,Fabaceae,1,1,1,1,1,Lupinus texensis,wfo-0000174773,Lupinus texensis,Fabaceae,exact_unique,exact
Luxemburgia nobilis,luxemburgia nobilis,luxemburgia nobilis,1,1,1,1,1,Luxemburgia nobilis,wfo-0001265867,Luxemburgia nobilis,Ochnaceae,1,1,1,1,1,Luxemburgia nobilis,wfo-0001265867,Luxemburgia nobilis,Ochnaceae,exact_unique,exact
Luxemburgia octandra,luxemburgia octandra,luxemburgia octandra,1,1,1,1,1,Luxemburgia octandra,wfo-0001086964,Luxemburgia octandra,Ochnaceae,1,1,1,1,1,Luxemburgia octandra,wfo-0001086964,Luxemburgia octandra,Ochnaceae,exact_unique,exact
Lychnophora diamantinana,lychnophora diamantinana,lychnophora diamantinana,1,1,1,1,1,Lychnophora diamantinana,wfo-0000064682,Lychnophora diamantinana,Asteraceae,1,1,1,1,1,Lychnophora diamantinana,wfo-0000064682,Lychnophora diamantinana,Asteraceae,exact_unique,exact
Lychnophora ericoides,lychnophora ericoides,lychnophora ericoides,1,1,1,1,1,Lychnophora ericoides,wfo-0000069018,Lychnophora ericoides,Asteraceae,1,1,1,1,1,Lychnophora ericoides,wfo-0000069018,Lychnophora ericoides,Asteraceae,exact_unique,exact
Lychnophora markgravii,lychnophora markgravii,lychnophora markgravii,1,1,1,1,1,Lychnophora markgravii,wfo-0000009680,Lychnophora markgravii,Asteraceae,1,1,1,1,1,Lychnophora markgravii,wfo-0000009680,Lychnophora markgravii,Asteraceae,exact_unique,exact
Lychnophora pinaster,lychnophora pinaster,lychnophora pinaster,1,1,1,1,1,Lychnophora pinaster,wfo-0000069018,Lychnophora ericoides,Asteraceae,1,1,1,1,1,Lychnophora pinaster,wfo-0000069018,Lychnophora ericoides,Asteraceae,exact_unique,exact
Lychnophora pohlii,lychnophora pohlii,lychnophora pohlii,1,1,1,1,1,Lychnophora pohlii,wfo-0000027003,Lychnophora pohlii,Asteraceae,1,1,1,1,1,Lychnophora pohlii,wfo-0000027003,Lychnophora pohlii,Asteraceae,exact_unique,exact
Lychnophora staavioides,lychnophora staavioides,lychnophora staavioides,1,1,1,1,1,Lychnophora staavioides,wfo-0000018167,Lychnophora staavioides,Asteraceae,1,1,1,1,1,Lychnophora staavioides,wfo-0000018167,Lychnophora staavioides,Asteraceae,exact_unique,exact
Lycium bridgesii,lycium bridgesii,lycium bridgesii,1,1,1,1,1,Lycium bridgesii,wfo-0001022702,Lycium bridgesii,Solanaceae,1,1,1,1,1,Lycium bridgesii,wfo-0001022702,Lycium bridgesii,Solanaceae,exact_unique,exact
Lycium chinense,lycium chinense,lycium chinense,1,1,1,1,1,Lycium chinense,wfo-0001022784,Lycium chinense,Solanaceae,3,3,1,1,1,Lycium chinense | Lycium chinense subf. lanceolatum | Lycium chinense subf. trewiana,wfo-0001022784,Lycium chinense,Solanaceae,exact_unique,exact
Lycopus europaeus,lycopus europaeus,lycopus europaeus,1,1,1,1,1,Lycopus europaeus,wfo-0000231391,Lycopus europaeus,Lamiaceae,2,2,1,1,1,Lycopus europaeus | Lycopus europaeus prol. menthifolius,wfo-0000231391,Lycopus europaeus,Lamiaceae,exact_unique,exact
Lycoris traubii,lycoris traubii,lycoris traubii,1,1,1,1,1,Lycoris traubii,wfo-0000683514,Lycoris traubii,Amaryllidaceae,1,1,1,1,1,Lycoris traubii,wfo-0000683514,Lycoris traubii,Amaryllidaceae,exact_unique,exact
Lyonia ovalifolia,lyonia ovalifolia,lyonia ovalifolia,1,1,1,1,1,Lyonia ovalifolia,wfo-0001047539,Lyonia ovalifolia,Ericaceae,1,1,1,1,1,Lyonia ovalifolia,wfo-0001047539,Lyonia ovalifolia,Ericaceae,exact_unique,exact
Lysidice brevicalyx,lysidice brevicalyx,lysidice brevicalyx,2,2,1,1,1,Lysidice brevicalyx,wfo-0001061579,Lysidice brevicalyx,Fabaceae,2,2,1,1,1,Lysidice brevicalyx,wfo-0001061579,Lysidice brevicalyx,Fabaceae,exact_unique,exact
Lysimachia daphnoides,lysimachia daphnoides,lysimachia daphnoides,1,1,1,1,1,Lysimachia daphnoides,wfo-0001105363,Lysimachia daphnoides,Primulaceae,1,1,1,1,1,Lysimachia daphnoides,wfo-0001105363,Lysimachia daphnoides,Primulaceae,exact_unique,exact
Lysimachia hillebrandii,lysimachia hillebrandii,lysimachia hillebrandii,1,1,1,1,1,Lysimachia hillebrandii,wfo-0001105366,Lysimachia hillebrandii,Primulaceae,1,1,1,1,1,Lysimachia hillebrandii,wfo-0001105366,Lysimachia hillebrandii,Primulaceae,exact_unique,exact
Lysimachia kalalauensis,lysimachia kalalauensis,lysimachia kalalauensis,1,1,1,1,1,Lysimachia kalalauensis,wfo-0001105367,Lysimachia kalalauensis,Primulaceae,1,1,1,1,1,Lysimachia kalalauensis,wfo-0001105367,Lysimachia kalalauensis,Primulaceae,exact_unique,exact
Lysimachia maxima,lysimachia maxima,lysimachia maxima,1,1,1,1,1,Lysimachia maxima,wfo-0001362634,Lysimachia remyi subsp. maxima,Primulaceae,1,1,1,1,1,Lysimachia maxima,wfo-0001362634,Lysimachia remyi subsp. maxima,Primulaceae,exact_unique,exact
Lysimachia remyi,lysimachia remyi,lysimachia remyi,1,1,1,1,1,Lysimachia remyi,wfo-0001105377,Lysimachia remyi,Primulaceae,1,1,1,1,1,Lysimachia remyi,wfo-0001105377,Lysimachia remyi,Primulaceae,exact_unique,exact
Maackia amurensis,maackia amurensis,maackia amurensis,1,1,1,1,1,Maackia amurensis,wfo-0000186143,Maackia amurensis,Fabaceae,1,1,1,1,1,Maackia amurensis,wfo-0000186143,Maackia amurensis,Fabaceae,exact_unique,exact
Maackia floribunda,maackia floribunda,maackia floribunda,1,1,1,1,1,Maackia floribunda,wfo-0000192419,Maackia floribunda,Fabaceae,1,1,1,1,1,Maackia floribunda,wfo-0000192419,Maackia floribunda,Fabaceae,exact_unique,exact
Maackia tenuifolia,maackia tenuifolia,maackia tenuifolia,1,1,1,1,1,Maackia tenuifolia,wfo-0000197209,Maackia tenuifolia,Fabaceae,1,1,1,1,1,Maackia tenuifolia,wfo-0000197209,Maackia tenuifolia,Fabaceae,exact_unique,exact
Mabea caudata,mabea caudata,mabea caudata,1,1,1,1,1,Mabea caudata,wfo-0000231722,Mabea speciosa,Euphorbiaceae,1,1,1,1,1,Mabea caudata,wfo-0000231722,Mabea speciosa,Euphorbiaceae,exact_unique,exact
Macadamia,macadamia,macadamia,1,1,1,1,1,Macadamia,wfo-4000022597,Macadamia,Proteaceae,1,1,1,1,1,Macadamia,wfo-4000022597,Macadamia,Proteaceae,exact_unique,exact
Macaranga,macaranga,macaranga,1,1,1,1,1,Macaranga,wfo-4000022602,Macaranga,Euphorbiaceae,1,1,1,1,1,Macaranga,wfo-4000022602,Macaranga,Euphorbiaceae,exact_unique,exact
Macaranga alnifolia,macaranga alnifolia,macaranga alnifolia,1,1,1,1,1,Macaranga alnifolia,wfo-0000231795,Macaranga alnifolia,Euphorbiaceae,1,1,1,1,1,Macaranga alnifolia,wfo-0000231795,Macaranga alnifolia,Euphorbiaceae,exact_unique,exact
Macaranga conifera,macaranga conifera,macaranga conifera,1,1,1,1,1,Macaranga conifera,wfo-0000231884,Macaranga conifera,Euphorbiaceae,1,1,1,1,1,Macaranga conifera,wfo-0000231884,Macaranga conifera,Euphorbiaceae,exact_unique,exact
Macaranga denticulata,macaranga denticulata,macaranga denticulata,1,1,1,1,1,Macaranga denticulata,wfo-0000231917,Macaranga denticulata,Euphorbiaceae,1,1,1,1,1,Macaranga denticulata,wfo-0000231917,Macaranga denticulata,Euphorbiaceae,exact_unique,exact
Macaranga indica,macaranga indica,macaranga indica,1,1,1,1,1,Macaranga indica,wfo-0000232018,Macaranga indica,Euphorbiaceae,1,1,1,1,1,Macaranga indica,wfo-0000232018,Macaranga indica,Euphorbiaceae,exact_unique,exact
Macaranga pleiostemon,macaranga pleiostemon,macaranga pleiostemon,1,1,1,1,1,Macaranga pleiostemon,wfo-0000232164,Macaranga pleiostemon,Euphorbiaceae,1,1,1,1,1,Macaranga pleiostemon,wfo-0000232164,Macaranga pleiostemon,Euphorbiaceae,exact_unique,exact
Macaranga tanarius,macaranga tanarius,macaranga tanarius,1,1,1,1,1,Macaranga tanarius,wfo-0000232270,Macaranga tanarius,Euphorbiaceae,1,1,1,1,1,Macaranga tanarius,wfo-0000232270,Macaranga tanarius,Euphorbiaceae,exact_unique,exact
Macaranga triloba,macaranga triloba,macaranga triloba,1,1,1,1,1,Macaranga triloba,wfo-0000232292,Macaranga triloba,Euphorbiaceae,1,1,1,1,1,Macaranga triloba,wfo-0000232292,Macaranga triloba,Euphorbiaceae,exact_unique,exact
Macfadyena unguis-cati,macfadyena unguis-cati,macfadyena unguis-cati,1,1,1,1,1,Macfadyena unguis-cati,wfo-0000782438,Dolichandra unguis-cati,Bignoniaceae,1,1,1,1,1,Macfadyena unguis-cati,wfo-0000782438,Dolichandra unguis-cati,Bignoniaceae,exact_unique,exact
Machaerina juncea,machaerina juncea,machaerina juncea,1,1,1,1,1,Machaerina juncea,wfo-0000464094,Machaerina juncea,Cyperaceae,1,1,1,1,1,Machaerina juncea,wfo-0000464094,Machaerina juncea,Cyperaceae,exact_unique,exact
Machaerium,machaerium,machaerium,1,1,1,1,1,Machaerium,wfo-4000022623,Machaerium,Fabaceae,1,1,1,1,1,Machaerium,wfo-4000022623,Machaerium,Fabaceae,exact_unique,exact
Machaerium acutifolium,machaerium acutifolium,machaerium acutifolium,1,1,1,1,1,Machaerium acutifolium,wfo-0000186947,Machaerium acutifolium,Fabaceae,1,1,1,1,1,Machaerium acutifolium,wfo-0000186947,Machaerium acutifolium,Fabaceae,exact_unique,exact
Machaerium aristulatum,machaerium aristulatum,machaerium aristulatum,1,1,1,1,1,Machaerium aristulatum,wfo-0000169275,Machaerium aristulatum,Fabaceae,1,1,1,1,1,Machaerium aristulatum,wfo-0000169275,Machaerium aristulatum,Fabaceae,exact_unique,exact
Machaerium kuhlmannii,machaerium kuhlmannii,machaerium kuhlmannii,1,1,1,1,1,Machaerium kuhlmannii,wfo-0000179680,Machaerium nyctitans var. nyctitans,Fabaceae,1,1,1,1,1,Machaerium kuhlmannii,wfo-0000179680,Machaerium nyctitans var. nyctitans,Fabaceae,exact_unique,exact
Machaerium mucronulatum,machaerium mucronulatum,machaerium mucronulatum,1,1,1,1,1,Machaerium mucronulatum,wfo-0000174403,Machaerium mucronulatum,Fabaceae,1,1,1,1,1,Machaerium mucronulatum,wfo-0000174403,Machaerium mucronulatum,Fabaceae,exact_unique,exact
Machaerium nyctitans,machaerium nyctitans,machaerium nyctitans,1,1,1,1,1,Machaerium nyctitans,wfo-0000174405,Machaerium nyctitans,Fabaceae,1,1,1,1,1,Machaerium nyctitans,wfo-0000174405,Machaerium nyctitans,Fabaceae,exact_unique,exact
Machaerium pedicellatum,machaerium pedicellatum,machaerium pedicellatum,1,1,1,1,1,Machaerium pedicellatum,wfo-0000186714,Machaerium pedicellatum,Fabaceae,1,1,1,1,1,Machaerium pedicellatum,wfo-0000186714,Machaerium pedicellatum,Fabaceae,exact_unique,exact
Machaerium vestitum,machaerium vestitum,machaerium vestitum,1,1,1,1,1,Machaerium vestitum,wfo-0000179078,Machaerium brasiliense,Fabaceae,1,1,1,1,1,Machaerium vestitum,wfo-0000179078,Machaerium brasiliense,Fabaceae,exact_unique,exact
Machaerium villosum,machaerium villosum,machaerium villosum,1,1,1,1,1,Machaerium villosum,wfo-0000186715,Machaerium villosum,Fabaceae,1,1,1,1,1,Machaerium villosum,wfo-0000186715,Machaerium villosum,Fabaceae,exact_unique,exact
Machilus thunbergii,machilus thunbergii,machilus thunbergii,1,1,1,1,1,Machilus thunbergii,wfo-0000373778,Machilus thunbergii,Lauraceae,1,1,1,1,1,Machilus thunbergii,wfo-0000373778,Machilus thunbergii,Lauraceae,exact_unique,exact
Maclura,maclura,maclura,1,1,1,1,1,Maclura,wfo-4000022646,Maclura,Moraceae,1,1,1,1,1,Maclura,wfo-4000022646,Maclura,Moraceae,exact_unique,exact
Maclura aurantiaca,maclura aurantiaca,maclura aurantiaca,1,1,1,1,1,Maclura aurantiaca,wfo-0000447854,Maclura pomifera,Moraceae,1,1,1,1,1,Maclura aurantiaca,wfo-0000447854,Maclura pomifera,Moraceae,exact_unique,exact
Maclura pomifera,maclura pomifera,maclura pomifera,1,1,1,1,1,Maclura pomifera,wfo-0000447854,Maclura pomifera,Moraceae,1,1,1,1,1,Maclura pomifera,wfo-0000447854,Maclura pomifera,Moraceae,exact_unique,exact
Maclura tinctoria,maclura tinctoria,maclura tinctoria,2,2,1,1,1,Maclura tinctoria,wfo-0000447821,Maclura tinctoria,Moraceae,2,2,1,1,1,Maclura tinctoria,wfo-0000447821,Maclura tinctoria,Moraceae,exact_unique,exact
Maclura tricuspidata,maclura tricuspidata,maclura tricuspidata,1,1,1,1,1,Maclura tricuspidata,wfo-0001085025,Maclura tricuspidata,Moraceae,1,1,1,1,1,Maclura tricuspidata,wfo-0001085025,Maclura tricuspidata,Moraceae,exact_unique,exact
Macrosolen globosus,macrosolen globosus,macrosolen globosus,1,1,1,1,1,Macrosolen globosus,wfo-0000378016,Macrosolen globosus,Loranthaceae,1,1,1,1,1,Macrosolen globosus,wfo-0000378016,Macrosolen globosus,Loranthaceae,exact_unique,exact
Macrothelypteris torresiana,macrothelypteris torresiana,macrothelypteris torresiana,2,2,1,1,1,Macrothelypteris torresiana,wfo-0001107352,Macrothelypteris torresiana,Thelypteridaceae,2,2,1,1,1,Macrothelypteris torresiana,wfo-0001107352,Macrothelypteris torresiana,Thelypteridaceae,exact_unique,exact
Macrotyloma uniflorum,macrotyloma uniflorum,macrotyloma uniflorum,1,1,1,1,1,Macrotyloma uniflorum,wfo-0000182309,Macrotyloma uniflorum,Fabaceae,1,1,1,1,1,Macrotyloma uniflorum,wfo-0000182309,Macrotyloma uniflorum,Fabaceae,exact_unique,exact
Madhuca longifolia,madhuca longifolia,madhuca longifolia,1,1,1,1,1,Madhuca longifolia,wfo-0000232785,Madhuca longifolia,Sapotaceae,1,1,1,1,1,Madhuca longifolia,wfo-0000232785,Madhuca longifolia,Sapotaceae,exact_unique,exact
Madhuca pasquieri,madhuca pasquieri,madhuca pasquieri,1,1,1,1,1,Madhuca pasquieri,wfo-0000232822,Madhuca pasquieri,Sapotaceae,1,1,1,1,1,Madhuca pasquieri,wfo-0000232822,Madhuca pasquieri,Sapotaceae,exact_unique,exact
Mallotus apelta,mallotus apelta,mallotus apelta,1,1,1,1,1,Mallotus apelta,wfo-0000234436,Mallotus apelta,Euphorbiaceae,1,1,1,1,1,Mallotus apelta,wfo-0000234436,Mallotus apelta,Euphorbiaceae,exact_unique,exact
Mallotus japonicus,mallotus japonicus,mallotus japonicus,1,1,1,1,1,Mallotus japonicus,wfo-0000234575,Mallotus japonicus,Euphorbiaceae,1,1,1,1,1,Mallotus japonicus,wfo-0000234575,Mallotus japonicus,Euphorbiaceae,exact_unique,exact
Mallotus metcalfianus,mallotus metcalfianus,mallotus metcalfianus,1,1,1,1,1,Mallotus metcalfianus,wfo-0000234620,Mallotus metcalfianus,Euphorbiaceae,1,1,1,1,1,Mallotus metcalfianus,wfo-0000234620,Mallotus metcalfianus,Euphorbiaceae,exact_unique,exact
Mallotus nudiflorus,mallotus nudiflorus,mallotus nudiflorus,1,1,1,1,1,Mallotus nudiflorus,wfo-0000809063,Mallotus nudiflorus,Euphorbiaceae,1,1,1,1,1,Mallotus nudiflorus,wfo-0000809063,Mallotus nudiflorus,Euphorbiaceae,exact_unique,exact
Mallotus philippensis,mallotus philippensis,mallotus philippensis,1,1,1,1,1,Mallotus philippensis,wfo-0000234691,Mallotus philippensis,Euphorbiaceae,1,1,1,1,1,Mallotus philippensis,wfo-0000234691,Mallotus philippensis,Euphorbiaceae,exact_unique,exact
Malpighia emarginata,malpighia emarginata,malpighia emarginata,1,1,1,1,1,Malpighia emarginata,wfo-0000449743,Malpighia emarginata,Malpighiaceae,1,1,1,1,1,Malpighia emarginata,wfo-0000449743,Malpighia emarginata,Malpighiaceae,exact_unique,exact
Malus,malus,malus,1,1,1,1,1,Malus,wfo-4000022982,Malus,Rosaceae,1,1,1,1,1,Malus,wfo-4000022982,Malus,Rosaceae,exact_unique,exact
Malus pumila,malus pumila,malus pumila,4,4,1,1,1,Malus pumila,wfo-0001008355,Malus × domestica,Rosaceae,4,4,1,1,1,Malus pumila,wfo-0001008355,Malus × domestica,Rosaceae,exact_unique,exact
Malus sargentii,malus sargentii,malus sargentii,2,2,1,1,1,Malus sargentii,wfo-0001004789,Malus toringo,Rosaceae,2,2,1,1,1,Malus sargentii,wfo-0001004789,Malus toringo,Rosaceae,exact_unique,exact
Malus sieboldii,malus sieboldii,malus sieboldii,1,1,1,1,1,Malus sieboldii,wfo-0001004789,Malus toringo,Rosaceae,5,5,1,1,1,Malus sieboldii | Malus sieboldii unranked incisa | Malus sieboldii unranked megarantha | Malus sieboldii unranked sargentii | Malus sieboldii unranked vulgaris,wfo-0001004789,Malus toringo,Rosaceae,exact_unique,exact
Malus sylvestris,malus sylvestris,malus sylvestris,1,1,1,1,1,Malus sylvestris,wfo-0001016475,Malus sylvestris,Rosaceae,1,1,1,1,1,Malus sylvestris,wfo-0001016475,Malus sylvestris,Rosaceae,exact_unique,exact
Malus toringo,malus toringo,malus toringo,3,3,1,1,1,Malus toringo,wfo-0001004789,Malus toringo,Rosaceae,3,3,1,1,1,Malus toringo,wfo-0001004789,Malus toringo,Rosaceae,exact_unique,exact
Malvaviscus arboreus,malvaviscus arboreus,malvaviscus arboreus,1,1,1,1,1,Malvaviscus arboreus,wfo-0000449492,Malvaviscus arboreus,Malvaceae,1,1,1,1,1,Malvaviscus arboreus,wfo-0000449492,Malvaviscus arboreus,Malvaceae,exact_unique,exact
Mammea acuminata,mammea acuminata,mammea acuminata,1,1,1,1,1,Mammea acuminata,wfo-0000375051,Mammea acuminata,Calophyllaceae,1,1,1,1,1,Mammea acuminata,wfo-0000375051,Mammea acuminata,Calophyllaceae,exact_unique,exact
Mammea americana,mammea americana,mammea americana,1,1,1,1,1,Mammea americana,wfo-0000375040,Mammea americana,Calophyllaceae,1,1,1,1,1,Mammea americana,wfo-0000375040,Mammea americana,Calophyllaceae,exact_unique,exact
Mandevilla hirsuta,mandevilla hirsuta,mandevilla hirsuta,1,1,1,1,1,Mandevilla hirsuta,wfo-0000234939,Mandevilla hirsuta,Apocynaceae,1,1,1,1,1,Mandevilla hirsuta,wfo-0000234939,Mandevilla hirsuta,Apocynaceae,exact_unique,exact
Mandevilla martiana,mandevilla martiana,mandevilla martiana,1,1,1,1,1,Mandevilla martiana,wfo-0000234977,Mandevilla martiana,Apocynaceae,1,1,1,1,1,Mandevilla martiana,wfo-0000234977,Mandevilla martiana,Apocynaceae,exact_unique,exact
Mangifera indica,mangifera indica,mangifera indica,1,1,1,1,1,Mangifera indica,wfo-0000371248,Mangifera indica,Anacardiaceae,1,1,1,1,1,Mangifera indica,wfo-0000371248,Mangifera indica,Anacardiaceae,exact_unique,exact
Manilkara kauki,manilkara kauki,manilkara kauki,1,1,1,1,1,Manilkara kauki,wfo-0000235898,Manilkara kauki,Sapotaceae,1,1,1,1,1,Manilkara kauki,wfo-0000235898,Manilkara kauki,Sapotaceae,exact_unique,exact
Manilkara zapota,manilkara zapota,manilkara zapota,1,1,1,1,1,Manilkara zapota,wfo-0000235995,Manilkara zapota,Sapotaceae,1,1,1,1,1,Manilkara zapota,wfo-0000235995,Manilkara zapota,Sapotaceae,exact_unique,exact
Marchantia polymorpha,marchantia polymorpha,marchantia polymorpha,1,1,1,1,1,Marchantia polymorpha,wfo-0001196533,Marchantia polymorpha,Marchantiaceae,16,16,3,3,1,Marchantia polymorpha | Marchantia polymorpha subf. carbonaria | Marchantia polymorpha subf. cordata | Marchantia polymorpha subf. crispa | Marchantia polymorpha subf. denticulata | Marchantia polymorpha subf. horizontalis | Marchantia polymorpha subf. linearis | Marchantia polymorpha subf. lobulata | Marchantia polymorpha subf. mamillata | Marchantia polymorpha subf. muralis | Marchantia polymorpha subf. nuda | Marchantia polymorpha subf. palmata | Marchantia polymorpha subf. polymorpha | Marchantia polymorpha subf. purpurea | Marchantia polymorpha subf. riparia | Marchantia polymorpha subf. viridissima,wfo-0001196533 | wfo-0001442147 | wfo-1200005048,Marchantia polymorpha | Marchantia polymorpha subsp. montivagans | Marchantia polymorpha subsp. ruderalis,Marchantiaceae,exact_unique,exact
Margyricarpus pinnatus,margyricarpus pinnatus,margyricarpus pinnatus,1,1,1,1,1,Margyricarpus pinnatus,wfo-0000991503,Margyricarpus pinnatus,Rosaceae,1,1,1,1,1,Margyricarpus pinnatus,wfo-0000991503,Margyricarpus pinnatus,Rosaceae,exact_unique,exact
Margyricarpus setosus,margyricarpus setosus,margyricarpus setosus,2,2,1,1,1,Margyricarpus setosus,wfo-0000991503,Margyricarpus pinnatus,Rosaceae,2,2,1,1,1,Margyricarpus setosus,wfo-0000991503,Margyricarpus pinnatus,Rosaceae,exact_unique,exact
Marrubium friwaldskyanum,marrubium friwaldskyanum,marrubium friwaldskyanum,1,1,1,1,1,Marrubium friwaldskyanum,wfo-0000236597,Marrubium friwaldskyanum,Lamiaceae,1,1,1,1,1,Marrubium friwaldskyanum,wfo-0000236597,Marrubium friwaldskyanum,Lamiaceae,exact_unique,exact
Marshallia graminifolia,marshallia graminifolia,marshallia graminifolia,1,1,1,1,1,Marshallia graminifolia,wfo-0000043587,Marshallia graminifolia,Asteraceae,1,1,1,1,1,Marshallia graminifolia,wfo-0000043587,Marshallia graminifolia,Asteraceae,exact_unique,exact
Marshallia grandiflora,marshallia grandiflora,marshallia grandiflora,1,1,1,1,1,Marshallia grandiflora,wfo-0000044654,Marshallia grandiflora,Asteraceae,1,1,1,1,1,Marshallia grandiflora,wfo-0000044654,Marshallia grandiflora,Asteraceae,exact_unique,exact
Marshallia mohrii,marshallia mohrii,marshallia mohrii,1,1,1,1,1,Marshallia mohrii,wfo-0000058797,Marshallia mohrii,Asteraceae,1,1,1,1,1,Marshallia mohrii,wfo-0000058797,Marshallia mohrii,Asteraceae,exact_unique,exact
Marshallia ramosa,marshallia ramosa,marshallia ramosa,1,1,1,1,1,Marshallia ramosa,wfo-0000125353,Marshallia ramosa,Asteraceae,1,1,1,1,1,Marshallia ramosa,wfo-0000125353,Marshallia ramosa,Asteraceae,exact_unique,exact
Mascarenhasia arborescens,mascarenhasia arborescens,mascarenhasia arborescens,1,1,1,1,1,Mascarenhasia arborescens,wfo-0000236781,Mascarenhasia arborescens,Apocynaceae,1,1,1,1,1,Mascarenhasia arborescens,wfo-0000236781,Mascarenhasia arborescens,Apocynaceae,exact_unique,exact
Matricaria chamomilla,matricaria chamomilla,matricaria chamomilla,2,2,1,1,1,Matricaria chamomilla,wfo-0000003146,Matricaria chamomilla,Asteraceae,2,2,1,1,1,Matricaria chamomilla,wfo-0000003146,Matricaria chamomilla,Asteraceae,exact_unique,exact
Matteuccia orientalis,matteuccia orientalis,matteuccia orientalis,1,1,1,1,1,Matteuccia orientalis,wfo-0001232479,Pentarhizidium orientale,Onocleaceae,1,1,1,1,1,Matteuccia orientalis,wfo-0001232479,Pentarhizidium orientale,Onocleaceae,exact_unique,exact
Matteuccia struthiopteris,matteuccia struthiopteris,matteuccia struthiopteris,1,1,1,1,1,Matteuccia struthiopteris,wfo-0001109164,Matteuccia struthiopteris,Onocleaceae,1,1,1,1,1,Matteuccia struthiopteris,wfo-0001109164,Matteuccia struthiopteris,Onocleaceae,exact_unique,exact
Matthiola incana,matthiola incana,matthiola incana,1,1,1,1,1,Matthiola incana,wfo-0000368988,Matthiola incana,Brassicaceae,1,1,1,1,1,Matthiola incana,wfo-0000368988,Matthiola incana,Brassicaceae,exact_unique,exact
Maytenus,maytenus,maytenus,1,1,1,1,1,Maytenus,wfo-4000023399,Maytenus,Celastraceae,1,1,1,1,1,Maytenus,wfo-4000023399,Maytenus,Celastraceae,exact_unique,exact
Maytenus boaria,maytenus boaria,maytenus boaria,1,1,1,1,1,Maytenus boaria,wfo-0000375129,Maytenus boaria,Celastraceae,1,1,1,1,1,Maytenus boaria,wfo-0000375129,Maytenus boaria,Celastraceae,exact_unique,exact
Maytenus chubutensis,maytenus chubutensis,maytenus chubutensis,1,1,1,1,1,Maytenus chubutensis,wfo-0000375067,Maytenus chubutensis,Celastraceae,1,1,1,1,1,Maytenus chubutensis,wfo-0000375067,Maytenus chubutensis,Celastraceae,exact_unique,exact
Maytenus disticha,maytenus disticha,maytenus disticha,1,1,1,1,1,Maytenus disticha,wfo-0000375085,Maytenus disticha,Celastraceae,1,1,1,1,1,Maytenus disticha,wfo-0000375085,Maytenus disticha,Celastraceae,exact_unique,exact
Maytenus senegalensis,maytenus senegalensis,maytenus senegalensis,1,1,1,1,1,Maytenus senegalensis,wfo-0000713049,Gymnosporia senegalensis,Celastraceae,1,1,1,1,1,Maytenus senegalensis,wfo-0000713049,Gymnosporia senegalensis,Celastraceae,exact_unique,exact
Medicago arabica,medicago arabica,medicago arabica,1,1,1,1,1,Medicago arabica,wfo-0000213417,Medicago arabica,Fabaceae,1,1,1,1,1,Medicago arabica,wfo-0000213417,Medicago arabica,Fabaceae,exact_unique,exact
Medicago arborea,medicago arborea,medicago arborea,1,1,1,1,1,Medicago arborea,wfo-0000213419,Medicago arborea,Fabaceae,1,1,1,1,1,Medicago arborea,wfo-0000213419,Medicago arborea,Fabaceae,exact_unique,exact
Medicago doliata,medicago doliata,medicago doliata,1,1,1,1,1,Medicago doliata,wfo-0000213423,Medicago doliata,Fabaceae,1,1,1,1,1,Medicago doliata,wfo-0000213423,Medicago doliata,Fabaceae,exact_unique,exact
Medicago falcata,medicago falcata,medicago falcata,1,1,1,1,1,Medicago falcata,wfo-0000213426,Medicago falcata,Fabaceae,3,3,3,3,1,Medicago falcata | Medicago falcata prol. sylvestris | Medicago falcata unranked desertorum,wfo-0000213426 | wfo-0000213427 | wfo-0000214252,Medicago × varia | Medicago falcata | Medicago falcata subsp. falcata,Fabaceae,exact_unique,exact
Medicago hypogaea,medicago hypogaea,medicago hypogaea,1,1,1,1,1,Medicago hypogaea,wfo-0000213432,Medicago hypogaea,Fabaceae,1,1,1,1,1,Medicago hypogaea,wfo-0000213432,Medicago hypogaea,Fabaceae,exact_unique,exact
Medicago intertexta,medicago intertexta,medicago intertexta,1,1,1,1,1,Medicago intertexta,wfo-0000213437,Medicago intertexta,Fabaceae,1,1,1,1,1,Medicago intertexta,wfo-0000213437,Medicago intertexta,Fabaceae,exact_unique,exact
Medicago laciniata,medicago laciniata,medicago laciniata,1,1,1,1,1,Medicago laciniata,wfo-0000213448,Medicago laciniata,Fabaceae,1,1,1,1,1,Medicago laciniata,wfo-0000213448,Medicago laciniata,Fabaceae,exact_unique,exact
Medicago littoralis,medicago littoralis,medicago littoralis,2,2,1,1,1,Medicago littoralis,wfo-0000213450,Medicago littoralis,Fabaceae,3,3,1,1,1,Medicago littoralis | Medicago littoralis prol. cylindracea,wfo-0000213450,Medicago littoralis,Fabaceae,exact_unique,exact
Medicago minima,medicago minima,medicago minima,1,1,1,1,1,Medicago minima,wfo-0000188776,Medicago minima,Fabaceae,1,1,1,1,1,Medicago minima,wfo-0000188776,Medicago minima,Fabaceae,exact_unique,exact
Medicago orbicularis,medicago orbicularis,medicago orbicularis,2,2,1,1,1,Medicago orbicularis,wfo-0000213459,Medicago orbicularis,Fabaceae,3,3,1,1,1,Medicago orbicularis | Medicago orbicularis prol. marginata,wfo-0000213459,Medicago orbicularis,Fabaceae,exact_unique,exact
Medicago platycarpa,medicago platycarpa,medicago platycarpa,1,1,1,1,1,Medicago platycarpa,wfo-0000186245,Medicago platycarpa,Fabaceae,1,1,1,1,1,Medicago platycarpa,wfo-0000186245,Medicago platycarpa,Fabaceae,exact_unique,exact
Medicago polyceratia,medicago polyceratia,medicago polyceratia,1,1,1,1,1,Medicago polyceratia,wfo-0000185446,Medicago polyceratia,Fabaceae,1,1,1,1,1,Medicago polyceratia,wfo-0000185446,Medicago polyceratia,Fabaceae,exact_unique,exact
Medicago radiata,medicago radiata,medicago radiata,1,1,1,1,1,Medicago radiata,wfo-0000186242,Medicago radiata,Fabaceae,1,1,1,1,1,Medicago radiata,wfo-0000186242,Medicago radiata,Fabaceae,exact_unique,exact
Medicago rigidula,medicago rigidula,medicago rigidula,1,1,1,1,1,Medicago rigidula,wfo-0000213465,Medicago rigidula,Fabaceae,1,1,1,1,1,Medicago rigidula,wfo-0000213465,Medicago rigidula,Fabaceae,exact_unique,exact
Medicago sativa,medicago sativa,medicago sativa,1,1,1,1,1,Medicago sativa,wfo-0000213468,Medicago sativa,Fabaceae,1,1,1,1,1,Medicago sativa,wfo-0000213468,Medicago sativa,Fabaceae,exact_unique,exact
Medicago truncatula,medicago truncatula,medicago truncatula,1,1,1,1,1,Medicago truncatula,wfo-0000213477,Medicago truncatula,Fabaceae,1,1,1,1,1,Medicago truncatula,wfo-0000213477,Medicago truncatula,Fabaceae,exact_unique,exact
Melaleuca leucadendra,melaleuca leucadendra,melaleuca leucadendra,1,1,1,1,1,Melaleuca leucadendra,wfo-0000239679,Melaleuca leucadendra,Myrtaceae,1,1,1,1,1,Melaleuca leucadendra,wfo-0000239679,Melaleuca leucadendra,Myrtaceae,exact_unique,exact
Melaleuca squarrosa,melaleuca squarrosa,melaleuca squarrosa,1,1,1,1,1,Melaleuca squarrosa,wfo-0000239847,Melaleuca squarrosa,Myrtaceae,1,1,1,1,1,Melaleuca squarrosa,wfo-0000239847,Melaleuca squarrosa,Myrtaceae,exact_unique,exact
Melastoma candidum,melastoma candidum,melastoma candidum,1,1,1,1,1,Melastoma candidum,wfo-0001266359,Melastoma malabathricum subsp. malabathricum,Melastomataceae,1,1,1,1,1,Melastoma candidum,wfo-0001266359,Melastoma malabathricum subsp. malabathricum,Melastomataceae,exact_unique,exact
Melastoma malabathricum,melastoma malabathricum,melastoma malabathricum,1,1,1,1,1,Melastoma malabathricum,wfo-0001080544,Melastoma malabathricum,Melastomataceae,1,1,1,1,1,Melastoma malabathricum,wfo-0001080544,Melastoma malabathricum,Melastomataceae,exact_unique,exact
Melastoma septemnervium,melastoma septemnervium,melastoma septemnervium,2,2,1,1,1,Melastoma septemnervium,wfo-0001266359,Melastoma malabathricum subsp. malabathricum,Melastomataceae,2,2,1,1,1,Melastoma septemnervium,wfo-0001266359,Melastoma malabathricum subsp. malabathricum,Melastomataceae,exact_unique,exact
Melicope durifolia,melicope durifolia,melicope durifolia,1,1,1,1,1,Melicope durifolia,wfo-0001272966,Melicope durifolia,Rutaceae,1,1,1,1,1,Melicope durifolia,wfo-0001272966,Melicope durifolia,Rutaceae,exact_unique,exact
Melicope madagascariensis,melicope madagascariensis,melicope madagascariensis,1,1,1,1,1,Melicope madagascariensis,wfo-0001258701,Melicope madagascariensis,Rutaceae,1,1,1,1,1,Melicope madagascariensis,wfo-0001258701,Melicope madagascariensis,Rutaceae,exact_unique,exact
Melilotus albus,melilotus albus,melilotus albus,2,2,1,1,1,Melilotus albus,wfo-0000212815,Melilotus albus,Fabaceae,2,2,1,1,1,Melilotus albus,wfo-0000212815,Melilotus albus,Fabaceae,exact_unique,exact
Melilotus altissimus,melilotus altissimus,melilotus altissimus,1,1,1,1,1,Melilotus altissimus,wfo-0000185371,Melilotus altissimus,Fabaceae,2,2,1,1,1,Melilotus altissimus | Melilotus altissimus prol. macrorhizus,wfo-0000185371,Melilotus altissimus,Fabaceae,exact_unique,exact
Melilotus dentatus,melilotus dentatus,melilotus dentatus,2,2,1,1,1,Melilotus dentatus,wfo-0000185374,Melilotus dentatus,Fabaceae,2,2,1,1,1,Melilotus dentatus,wfo-0000185374,Melilotus dentatus,Fabaceae,exact_unique,exact
Melilotus elegans,melilotus elegans,melilotus elegans,1,1,1,1,1,Melilotus elegans,wfo-0000212816,Melilotus elegans,Fabaceae,1,1,1,1,1,Melilotus elegans,wfo-0000212816,Melilotus elegans,Fabaceae,exact_unique,exact
Melilotus indicus,melilotus indicus,melilotus indicus,1,1,1,1,1,Melilotus indicus,wfo-0000185378,Melilotus indicus,Fabaceae,1,1,1,1,1,Melilotus indicus,wfo-0000185378,Melilotus indicus,Fabaceae,exact_unique,exact
Melilotus infestus,melilotus infestus,melilotus infestus,1,1,1,1,1,Melilotus infestus,wfo-0000185382,Melilotus infestus,Fabaceae,1,1,1,1,1,Melilotus infestus,wfo-0000185382,Melilotus infestus,Fabaceae,exact_unique,exact
Melilotus messanensis,melilotus messanensis,melilotus messanensis,1,1,1,1,1,Melilotus messanensis,wfo-0000185386,Melilotus siculus,Fabaceae,1,1,1,1,1,Melilotus messanensis,wfo-0000185386,Melilotus siculus,Fabaceae,exact_unique,exact
Melilotus neapolitanus,melilotus neapolitanus,melilotus neapolitanus,1,1,1,1,1,Melilotus neapolitanus,wfo-0000185391,Melilotus neapolitanus,Fabaceae,1,1,1,1,1,Melilotus neapolitanus,wfo-0000185391,Melilotus neapolitanus,Fabaceae,exact_unique,exact
Melilotus polonicus,melilotus polonicus,melilotus polonicus,2,2,1,1,1,Melilotus polonicus,wfo-0000185392,Melilotus polonicus,Fabaceae,2,2,1,1,1,Melilotus polonicus,wfo-0000185392,Melilotus polonicus,Fabaceae,exact_unique,exact
Melilotus siculus,melilotus siculus,melilotus siculus,2,2,1,1,1,Melilotus siculus,wfo-0000185386,Melilotus siculus,Fabaceae,2,2,1,1,1,Melilotus siculus,wfo-0000185386,Melilotus siculus,Fabaceae,exact_unique,exact
Melilotus suaveolens,melilotus suaveolens,melilotus suaveolens,1,1,1,1,1,Melilotus suaveolens,wfo-0000212825,Melilotus suaveolens,Fabaceae,1,1,1,1,1,Melilotus suaveolens,wfo-0000212825,Melilotus suaveolens,Fabaceae,exact_unique,exact
Melilotus sulcatus,melilotus sulcatus,melilotus sulcatus,1,1,1,1,1,Melilotus sulcatus,wfo-0000185398,Melilotus sulcatus,Fabaceae,4,4,2,2,1,Melilotus sulcatus | Melilotus sulcatus prol. aschersonii | Melilotus sulcatus prol. leiospermus | Melilotus sulcatus prol. libanoticus,wfo-0000185398 | wfo-0000212824,Melilotus segetalis | Melilotus sulcatus,Fabaceae,exact_unique,exact
Melilotus tauricus,melilotus tauricus,melilotus tauricus,1,1,1,1,1,Melilotus tauricus,wfo-0000185399,Melilotus tauricus,Fabaceae,1,1,1,1,1,Melilotus tauricus,wfo-0000185399,Melilotus tauricus,Fabaceae,exact_unique,exact
Melilotus wolgicus,melilotus wolgicus,melilotus wolgicus,1,1,1,1,1,Melilotus wolgicus,wfo-0000185401,Melilotus wolgicus,Fabaceae,1,1,1,1,1,Melilotus wolgicus,wfo-0000185401,Melilotus wolgicus,Fabaceae,exact_unique,exact
Melissa officinalis,melissa officinalis,melissa officinalis,1,1,1,1,1,Melissa officinalis,wfo-0000240053,Melissa officinalis,Lamiaceae,1,1,1,1,1,Melissa officinalis,wfo-0000240053,Melissa officinalis,Lamiaceae,exact_unique,exact
Melochia chamaedrys,melochia chamaedrys,melochia chamaedrys,1,1,1,1,1,Melochia chamaedrys,wfo-0001140630,Melochia chamaedrys,Malvaceae,1,1,1,1,1,Melochia chamaedrys,wfo-0001140630,Melochia chamaedrys,Malvaceae,exact_unique,exact
Melodorum fruticosum,melodorum fruticosum,melodorum fruticosum,1,1,1,1,1,Melodorum fruticosum,wfo-0000744968,Uvaria siamensis,Annonaceae,1,1,1,1,1,Melodorum fruticosum,wfo-0000744968,Uvaria siamensis,Annonaceae,exact_unique,exact
Mentha,mentha,mentha,1,1,1,1,1,Mentha,wfo-4000023748,Mentha,Lamiaceae,1,1,1,1,1,Mentha,wfo-4000023748,Mentha,Lamiaceae,exact_unique,exact
Mentha longifolia,mentha longifolia,mentha longifolia,2,2,1,1,1,Mentha longifolia,wfo-0001069664,Mentha longifolia,Lamiaceae,4,4,2,2,1,Mentha longifolia | Mentha longifolia prol. reflexifolia | Mentha longifolia subf. leptostachya,wfo-0000240950 | wfo-0001069664,Mentha longifolia | Mentha longifolia subsp. longifolia,Lamiaceae,exact_unique,exact
Mentha spicata,mentha spicata,mentha spicata,1,1,1,1,1,Mentha spicata,wfo-0000241390,Mentha spicata,Lamiaceae,1,1,1,1,1,Mentha spicata,wfo-0000241390,Mentha spicata,Lamiaceae,exact_unique,exact
Merrillia caloxylon,merrillia caloxylon,merrillia caloxylon,1,1,1,1,1,Merrillia caloxylon,wfo-0001039028,Murraya caloxylon,Rutaceae,1,1,1,1,1,Merrillia caloxylon,wfo-0001039028,Murraya caloxylon,Rutaceae,exact_unique,exact
Merwilla dracomontana,merwilla dracomontana,merwilla dracomontana,1,1,1,1,1,Merwilla dracomontana,wfo-0000690158,Merwilla dracomontana,Asparagaceae,1,1,1,1,1,Merwilla dracomontana,wfo-0000690158,Merwilla dracomontana,Asparagaceae,exact_unique,exact
Merwilla plumbea,merwilla plumbea,merwilla plumbea,1,1,1,1,1,Merwilla plumbea,wfo-0000689696,Merwilla plumbea,Asparagaceae,1,1,1,1,1,Merwilla plumbea,wfo-0000689696,Merwilla plumbea,Asparagaceae,exact_unique,exact
Mesomelaena graciliceps,mesomelaena graciliceps,mesomelaena graciliceps,1,1,1,1,1,Mesomelaena graciliceps,wfo-0000471627,Mesomelaena graciliceps,Cyperaceae,1,1,1,1,1,Mesomelaena graciliceps,wfo-0000471627,Mesomelaena graciliceps,Cyperaceae,exact_unique,exact
Mesomelaena pseudostygia,mesomelaena pseudostygia,mesomelaena pseudostygia,1,1,1,1,1,Mesomelaena pseudostygia,wfo-0000471648,Mesomelaena pseudostygia,Cyperaceae,1,1,1,1,1,Mesomelaena pseudostygia,wfo-0000471648,Mesomelaena pseudostygia,Cyperaceae,exact_unique,exact
Mespilus germanica,mespilus germanica,mespilus germanica,1,1,1,1,1,Mespilus germanica,wfo-0000990421,Crataegus germanica,Rosaceae,3,3,1,1,1,Mespilus germanica | Mespilus germanica unranked maliformis | Mespilus germanica unranked pyriformis,wfo-0000990421,Crataegus germanica,Rosaceae,exact_unique,exact
Mesua ferrea,mesua ferrea,mesua ferrea,1,1,1,1,1,Mesua ferrea,wfo-0001296121,Mesua ferrea,Calophyllaceae,1,1,1,1,1,Mesua ferrea,wfo-0001296121,Mesua ferrea,Calophyllaceae,exact_unique,exact
Metalasia cymbifolia,metalasia cymbifolia,metalasia cymbifolia,1,1,1,1,1,Metalasia cymbifolia,wfo-0000030968,Metalasia cymbifolia,Asteraceae,1,1,1,1,1,Metalasia cymbifolia,wfo-0000030968,Metalasia cymbifolia,Asteraceae,exact_unique,exact
Metasequoia glyptostroboides,metasequoia glyptostroboides,metasequoia glyptostroboides,1,1,1,1,1,Metasequoia glyptostroboides,wfo-0000452120,Metasequoia glyptostroboides,Cupressaceae,1,1,1,1,1,Metasequoia glyptostroboides,wfo-0000452120,Metasequoia glyptostroboides,Cupressaceae,exact_unique,exact
Metrodorea nigra,metrodorea nigra,metrodorea nigra,1,1,1,1,1,Metrodorea nigra,wfo-0001247514,Metrodorea nigra,Rutaceae,1,1,1,1,1,Metrodorea nigra,wfo-0001247514,Metrodorea nigra,Rutaceae,exact_unique,exact
Metrodorea stipularis,metrodorea stipularis,metrodorea stipularis,1,1,1,1,1,Metrodorea stipularis,wfo-0001247519,Metrodorea stipularis,Rutaceae,1,1,1,1,1,Metrodorea stipularis,wfo-0001247519,Metrodorea stipularis,Rutaceae,exact_unique,exact
Miconia myriantha,miconia myriantha,miconia myriantha,1,1,1,1,1,Miconia myriantha,wfo-0001080855,Miconia myriantha,Melastomataceae,1,1,1,1,1,Miconia myriantha,wfo-0001080855,Miconia myriantha,Melastomataceae,exact_unique,exact
Miconia traillii,miconia traillii,miconia traillii,1,1,1,1,1,Miconia traillii,wfo-0001079886,Miconia traillii,Melastomataceae,1,1,1,1,1,Miconia traillii,wfo-0001079886,Miconia traillii,Melastomataceae,exact_unique,exact
Microcitrus australasica,microcitrus australasica,microcitrus australasica,1,1,1,1,1,Microcitrus australasica,wfo-0000607946,Citrus australasica,Rutaceae,1,1,1,1,1,Microcitrus australasica,wfo-0000607946,Citrus australasica,Rutaceae,exact_unique,exact
Microcos paniculata,microcos paniculata,microcos paniculata,1,1,1,1,1,Microcos paniculata,wfo-0000451652,Microcos paniculata,Malvaceae,1,1,1,1,1,Microcos paniculata,wfo-0000451652,Microcos paniculata,Malvaceae,exact_unique,exact
Microdesmis keayana,microdesmis keayana,microdesmis keayana,1,1,1,1,1,Microdesmis keayana,wfo-0000243099,Microdesmis keayana,Pandaceae,1,1,1,1,1,Microdesmis keayana,wfo-0000243099,Microdesmis keayana,Pandaceae,exact_unique,exact
Microglossa pyrifolia,microglossa pyrifolia,microglossa pyrifolia,1,1,1,1,1,Microglossa pyrifolia,wfo-0000069777,Microglossa pyrifolia,Asteraceae,1,1,1,1,1,Microglossa pyrifolia,wfo-0000069777,Microglossa pyrifolia,Asteraceae,exact_unique,exact
Microlepia marginata,microlepia marginata,microlepia marginata,1,1,1,1,1,Microlepia marginata,wfo-0001107360,Microlepia marginata,Dennstaedtiaceae,1,1,1,1,1,Microlepia marginata,wfo-0001107360,Microlepia marginata,Dennstaedtiaceae,exact_unique,exact
Micromeles ferruginea,micromeles ferruginea,micromeles ferruginea,1,1,1,1,1,Micromeles ferruginea,wfo-1000007916,Thomsonaria ferruginea,Rosaceae,1,1,1,1,1,Micromeles ferruginea,wfo-1000007916,Thomsonaria ferruginea,Rosaceae,exact_unique,exact
Micromelum compressum,micromelum compressum,micromelum compressum,1,1,1,1,1,Micromelum compressum,wfo-0000452950,Micromelum compressum,Rutaceae,1,1,1,1,1,Micromelum compressum,wfo-0000452950,Micromelum compressum,Rutaceae,exact_unique,exact
Micromelum minutum,micromelum minutum,micromelum minutum,1,1,1,1,1,Micromelum minutum,wfo-0000452910,Micromelum minutum,Rutaceae,1,1,1,1,1,Micromelum minutum,wfo-0000452910,Micromelum minutum,Rutaceae,exact_unique,exact
Micromeria cristata,micromeria cristata,micromeria cristata,1,1,1,1,1,Micromeria cristata,wfo-0000243200,Micromeria cristata,Lamiaceae,1,1,1,1,1,Micromeria cristata,wfo-0000243200,Micromeria cristata,Lamiaceae,exact_unique,exact
Micromeria graeca,micromeria graeca,micromeria graeca,2,2,1,1,1,Micromeria graeca,wfo-0000243277,Micromeria graeca,Lamiaceae,2,2,1,1,1,Micromeria graeca,wfo-0000243277,Micromeria graeca,Lamiaceae,exact_unique,exact
Microseris paludosa,microseris paludosa,microseris paludosa,1,1,1,1,1,Microseris paludosa,wfo-0000065695,Microseris paludosa,Asteraceae,1,1,1,1,1,Microseris paludosa,wfo-0000065695,Microseris paludosa,Asteraceae,exact_unique,exact
Microtropis fokienensis,microtropis fokienensis,microtropis fokienensis,1,1,1,1,1,Microtropis fokienensis,wfo-0001292770,Microtropis fokienensis,Celastraceae,1,1,1,1,1,Microtropis fokienensis,wfo-0001292770,Microtropis fokienensis,Celastraceae,exact_unique,exact
Microtropis japonica,microtropis japonica,microtropis japonica,1,1,1,1,1,Microtropis japonica,wfo-0001275842,Microtropis japonica,Celastraceae,1,1,1,1,1,Microtropis japonica,wfo-0001275842,Microtropis japonica,Celastraceae,exact_unique,exact
Mikania grazielae,mikania grazielae,mikania grazielae,1,1,1,1,1,Mikania grazielae,wfo-0000087758,Mikania grazielae,Asteraceae,1,1,1,1,1,Mikania grazielae,wfo-0000087758,Mikania grazielae,Asteraceae,exact_unique,exact
Mikania purpurascens,mikania purpurascens,mikania purpurascens,2,2,1,1,1,Mikania purpurascens,wfo-0000115939,Mikania purpurascens,Asteraceae,2,2,1,1,1,Mikania purpurascens,wfo-0000115939,Mikania purpurascens,Asteraceae,exact_unique,exact
Milicia excelsa,milicia excelsa,milicia excelsa,1,1,1,1,1,Milicia excelsa,wfo-0000447908,Milicia excelsa,Moraceae,1,1,1,1,1,Milicia excelsa,wfo-0000447908,Milicia excelsa,Moraceae,exact_unique,exact
Miliusa balansae,miliusa balansae,miliusa balansae,1,1,1,1,1,Miliusa balansae,wfo-0001032905,Miliusa balansae,Annonaceae,1,1,1,1,1,Miliusa balansae,wfo-0001032905,Miliusa balansae,Annonaceae,exact_unique,exact
Miliusa sinensis,miliusa sinensis,miliusa sinensis,1,1,1,1,1,Miliusa sinensis,wfo-0001032905,Miliusa balansae,Annonaceae,1,1,1,1,1,Miliusa sinensis,wfo-0001032905,Miliusa balansae,Annonaceae,exact_unique,exact
Millettia,millettia,millettia,1,1,1,1,1,Millettia,wfo-4000024305,Millettia,Fabaceae,1,1,1,1,1,Millettia,wfo-4000024305,Millettia,Fabaceae,exact_unique,exact
Millettia brandisiana,millettia brandisiana,millettia brandisiana,1,1,1,1,1,Millettia brandisiana,wfo-0000185916,Millettia brandisiana,Fabaceae,1,1,1,1,1,Millettia brandisiana,wfo-0000185916,Millettia brandisiana,Fabaceae,exact_unique,exact
Millettia conraui,millettia conraui,millettia conraui,1,1,1,1,1,Millettia conraui,wfo-0000199801,Millettia conraui,Fabaceae,1,1,1,1,1,Millettia conraui,wfo-0000199801,Millettia conraui,Fabaceae,exact_unique,exact
Millettia duchesnei,millettia duchesnei,millettia duchesnei,1,1,1,1,1,Millettia duchesnei,wfo-0000199865,Millettia duchesnei,Fabaceae,1,1,1,1,1,Millettia duchesnei,wfo-0000199865,Millettia duchesnei,Fabaceae,exact_unique,exact
Millettia dura,millettia dura,millettia dura,1,1,1,1,1,Millettia dura,wfo-0000199876,Millettia dura,Fabaceae,1,1,1,1,1,Millettia dura,wfo-0000199876,Millettia dura,Fabaceae,exact_unique,exact
Millettia erythrocalyx,millettia erythrocalyx,millettia erythrocalyx,1,1,1,1,1,Millettia erythrocalyx,wfo-0000187008,Millettia erythrocalyx,Fabaceae,1,1,1,1,1,Millettia erythrocalyx,wfo-0000187008,Millettia erythrocalyx,Fabaceae,exact_unique,exact
Millettia ferruginea,millettia ferruginea,millettia ferruginea,1,1,1,1,1,Millettia ferruginea,wfo-0000199980,Millettia ferruginea,Fabaceae,1,1,1,1,1,Millettia ferruginea,wfo-0000199980,Millettia ferruginea,Fabaceae,exact_unique,exact
Millettia griffoniana,millettia griffoniana,millettia griffoniana,1,1,1,1,1,Millettia griffoniana,wfo-0000200088,Millettia griffoniana,Fabaceae,1,1,1,1,1,Millettia griffoniana,wfo-0000200088,Millettia griffoniana,Fabaceae,exact_unique,exact
Millettia hemsleyana,millettia hemsleyana,millettia hemsleyana,1,1,1,1,1,Millettia hemsleyana,wfo-0000185891,Millettia xylocarpa,Fabaceae,1,1,1,1,1,Millettia hemsleyana,wfo-0000185891,Millettia xylocarpa,Fabaceae,exact_unique,exact
Millettia ichthyochtona,millettia ichthyochtona,millettia ichthyochtona,1,1,1,1,1,Millettia ichthyochtona,wfo-1000030199,Huchimingia ichthyochtona,Fabaceae,1,1,1,1,1,Millettia ichthyochtona,wfo-1000030199,Huchimingia ichthyochtona,Fabaceae,exact_unique,exact
Millettia laurentii,millettia laurentii,millettia laurentii,1,1,1,1,1,Millettia laurentii,wfo-0000200277,Millettia laurentii,Fabaceae,1,1,1,1,1,Millettia laurentii,wfo-0000200277,Millettia laurentii,Fabaceae,exact_unique,exact
Millettia nitida,millettia nitida,millettia nitida,2,2,1,1,1,Millettia nitida,wfo-0000193070,Callerya nitida,Fabaceae,2,2,1,1,1,Millettia nitida,wfo-0000193070,Callerya nitida,Fabaceae,exact_unique,exact
Millettia oblata,millettia oblata,millettia oblata,1,1,1,1,1,Millettia oblata,wfo-0000200477,Millettia oblata,Fabaceae,1,1,1,1,1,Millettia oblata,wfo-0000200477,Millettia oblata,Fabaceae,exact_unique,exact
Millettia ovalifolia,millettia ovalifolia,millettia ovalifolia,1,1,1,1,1,Millettia ovalifolia,wfo-0000205317,Derris ovalifolia,Fabaceae,1,1,1,1,1,Millettia ovalifolia,wfo-0000205317,Derris ovalifolia,Fabaceae,exact_unique,exact
Millettia pachycarpa,millettia pachycarpa,millettia pachycarpa,1,1,1,1,1,Millettia pachycarpa,wfo-1200008664,Derris taiwaniana,Fabaceae,1,1,1,1,1,Millettia pachycarpa,wfo-1200008664,Derris taiwaniana,Fabaceae,exact_unique,exact
Millettia pachyloba,millettia pachyloba,millettia pachyloba,1,1,1,1,1,Millettia pachyloba,wfo-0000197342,Millettia pachyloba,Fabaceae,1,1,1,1,1,Millettia pachyloba,wfo-0000197342,Millettia pachyloba,Fabaceae,exact_unique,exact
Millettia peguensis,millettia peguensis,millettia peguensis,1,1,1,1,1,Millettia peguensis,wfo-0000185904,Millettia peguensis,Fabaceae,1,1,1,1,1,Millettia peguensis,wfo-0000185904,Millettia peguensis,Fabaceae,exact_unique,exact
Millettia pendula,millettia pendula,millettia pendula,2,2,1,1,1,Millettia pendula,wfo-1200002228,Imbralyx leucanthus var. leucanthus,Fabaceae,2,2,1,1,1,Millettia pendula,wfo-1200002228,Imbralyx leucanthus var. leucanthus,Fabaceae,exact_unique,exact
Millettia pinnata,millettia pinnata,millettia pinnata,1,1,1,1,1,Millettia pinnata,wfo-0000201168,Pongamia pinnata,Fabaceae,1,1,1,1,1,Millettia pinnata,wfo-0000201168,Pongamia pinnata,Fabaceae,exact_unique,exact
Millettia puguensis,millettia puguensis,millettia puguensis,1,1,1,1,1,Millettia puguensis,wfo-0000200593,Millettia puguensis,Fabaceae,1,1,1,1,1,Millettia puguensis,wfo-0000200593,Millettia puguensis,Fabaceae,exact_unique,exact
Millettia pulchra,millettia pulchra,millettia pulchra,2,2,1,1,1,Millettia pulchra,wfo-0000186140,Millettia pulchra,Fabaceae,2,2,1,1,1,Millettia pulchra,wfo-0000186140,Millettia pulchra,Fabaceae,exact_unique,exact
Millettia rubiginosa,millettia rubiginosa,millettia rubiginosa,1,1,1,1,1,Millettia rubiginosa,wfo-0000185898,Millettia rubiginosa,Fabaceae,1,1,1,1,1,Millettia rubiginosa,wfo-0000185898,Millettia rubiginosa,Fabaceae,exact_unique,exact
Millettia sanagana,millettia sanagana,millettia sanagana,1,1,1,1,1,Millettia sanagana,wfo-0000200625,Millettia sanagana,Fabaceae,1,1,1,1,1,Millettia sanagana,wfo-0000200625,Millettia sanagana,Fabaceae,exact_unique,exact
Millettia thonningii,millettia thonningii,millettia thonningii,1,1,1,1,1,Millettia thonningii,wfo-0000200787,Millettia thonningii,Fabaceae,1,1,1,1,1,Millettia thonningii,wfo-0000200787,Millettia thonningii,Fabaceae,exact_unique,exact
Millettia usaramensis,millettia usaramensis,millettia usaramensis,1,1,1,1,1,Millettia usaramensis,wfo-0000200818,Millettia usaramensis,Fabaceae,1,1,1,1,1,Millettia usaramensis,wfo-0000200818,Millettia usaramensis,Fabaceae,exact_unique,exact
Millingtonia hortensis,millingtonia hortensis,millingtonia hortensis,1,1,1,1,1,Millingtonia hortensis,wfo-0000778968,Millingtonia hortensis,Bignoniaceae,1,1,1,1,1,Millingtonia hortensis,wfo-0000778968,Millingtonia hortensis,Bignoniaceae,exact_unique,exact
Mimosa diplotricha,mimosa diplotricha,mimosa diplotricha,2,2,1,1,1,Mimosa diplotricha,wfo-0001053831,Mimosa diplotricha,Fabaceae,2,2,1,1,1,Mimosa diplotricha,wfo-0001053831,Mimosa diplotricha,Fabaceae,exact_unique,exact
Mimulus aurantiacus,mimulus aurantiacus,mimulus aurantiacus,2,2,1,1,1,Mimulus aurantiacus,wfo-0000650077,Diplacus aurantiacus,Phrymaceae,2,2,1,1,1,Mimulus aurantiacus,wfo-0000650077,Diplacus aurantiacus,Phrymaceae,exact_unique,exact
Minthostachys spicata,minthostachys spicata,minthostachys spicata,1,1,1,1,1,Minthostachys spicata,wfo-0000244772,Minthostachys spicata,Lamiaceae,1,1,1,1,1,Minthostachys spicata,wfo-0000244772,Minthostachys spicata,Lamiaceae,exact_unique,exact
Mirabilis jalapa,mirabilis jalapa,mirabilis jalapa,1,1,1,1,1,Mirabilis jalapa,wfo-0000448428,Mirabilis jalapa,Nyctaginaceae,1,1,1,1,1,Mirabilis jalapa,wfo-0000448428,Mirabilis jalapa,Nyctaginaceae,exact_unique,exact
Mitragyna speciosa,mitragyna speciosa,mitragyna speciosa,2,2,1,1,1,Mitragyna speciosa,wfo-0000244943,Mitragyna speciosa,Rubiaceae,2,2,1,1,1,Mitragyna speciosa,wfo-0000244943,Mitragyna speciosa,Rubiaceae,exact_unique,exact
Mitrella kentii,mitrella kentii,mitrella kentii,1,1,1,1,1,Mitrella kentii,wfo-1000028671,Pyramidanthe kentii,Annonaceae,1,1,1,1,1,Mitrella kentii,wfo-1000028671,Pyramidanthe kentii,Annonaceae,exact_unique,exact
Mnium hornum,mnium hornum,mnium hornum,1,1,1,1,1,Mnium hornum,wfo-0001187550,Mnium hornum,Mniaceae,1,1,1,1,1,Mnium hornum,wfo-0001187550,Mnium hornum,Mniaceae,exact_unique,exact
Mollugo pentaphylla,mollugo pentaphylla,mollugo pentaphylla,1,1,1,1,1,Mollugo pentaphylla,wfo-0001294503,Mollugo pentaphylla,Molluginaceae,1,1,1,1,1,Mollugo pentaphylla,wfo-0001294503,Mollugo pentaphylla,Molluginaceae,exact_unique,exact
Momordica foetida,momordica foetida,momordica foetida,1,1,1,1,1,Momordica foetida,wfo-0000377030,Momordica foetida,Cucurbitaceae,1,1,1,1,1,Momordica foetida,wfo-0000377030,Momordica foetida,Cucurbitaceae,exact_unique,exact
Monachosorum henryi,monachosorum henryi,monachosorum henryi,1,1,1,1,1,Monachosorum henryi,wfo-0001124700,Monachosorum henryi,Dennstaedtiaceae,1,1,1,1,1,Monachosorum henryi,wfo-0001124700,Monachosorum henryi,Dennstaedtiaceae,exact_unique,exact
Monanthotaxis cauliflora,monanthotaxis cauliflora,monanthotaxis cauliflora,1,1,1,1,1,Monanthotaxis cauliflora,wfo-0000372978,Monanthotaxis cauliflora,Annonaceae,1,1,1,1,1,Monanthotaxis cauliflora,wfo-0000372978,Monanthotaxis cauliflora,Annonaceae,exact_unique,exact
Monarda didyma,monarda didyma,monarda didyma,1,1,1,1,1,Monarda didyma,wfo-0000245316,Monarda didyma,Lamiaceae,1,1,1,1,1,Monarda didyma,wfo-0000245316,Monarda didyma,Lamiaceae,exact_unique,exact
Monopteryx inpae,monopteryx inpae,monopteryx inpae,2,2,1,1,1,Monopteryx inpae,wfo-0000168729,Monopteryx inpae,Fabaceae,2,2,1,1,1,Monopteryx inpae,wfo-0000168729,Monopteryx inpae,Fabaceae,exact_unique,exact
Monotes africanus,monotes africanus,monotes africanus,1,1,1,1,1,Monotes africanus,wfo-0000377166,Monotes africanus,Dipterocarpaceae,1,1,1,1,1,Monotes africanus,wfo-0000377166,Monotes africanus,Dipterocarpaceae,exact_unique,exact
Monotes engleri,monotes engleri,monotes engleri,1,1,1,1,1,Monotes engleri,wfo-0001221376,Monotes engleri,Dipterocarpaceae,1,1,1,1,1,Monotes engleri,wfo-0001221376,Monotes engleri,Dipterocarpaceae,exact_unique,exact
Monteverdia aquifolium,monteverdia aquifolium,monteverdia aquifolium,1,1,1,1,1,Monteverdia aquifolium,wfo-0000369450,Maytenus aquifolium,Celastraceae,1,1,1,1,1,Monteverdia aquifolium,wfo-0000369450,Maytenus aquifolium,Celastraceae,exact_unique,exact
Monteverdia ilicifolia,monteverdia ilicifolia,monteverdia ilicifolia,1,1,1,1,1,Monteverdia ilicifolia,wfo-0000375199,Maytenus ilicifolia,Celastraceae,1,1,1,1,1,Monteverdia ilicifolia,wfo-0000375199,Maytenus ilicifolia,Celastraceae,exact_unique,exact
Monteverdia laevis,monteverdia laevis,monteverdia laevis,1,1,1,1,1,Monteverdia laevis,wfo-0000375144,Maytenus laevis,Celastraceae,1,1,1,1,1,Monteverdia laevis,wfo-0000375144,Maytenus laevis,Celastraceae,exact_unique,exact
Monteverdia rigida,monteverdia rigida,monteverdia rigida,1,1,1,1,1,Monteverdia rigida,wfo-0001292537,Maytenus rigida,Celastraceae,1,1,1,1,1,Monteverdia rigida,wfo-0001292537,Maytenus rigida,Celastraceae,exact_unique,exact
Monticalia vaccinioides,monticalia vaccinioides,monticalia vaccinioides,1,1,1,1,1,Monticalia vaccinioides,wfo-0000117662,Pentacalia vaccinioides,Asteraceae,1,1,1,1,1,Monticalia vaccinioides,wfo-0000117662,Pentacalia vaccinioides,Asteraceae,exact_unique,exact
Moquiniastrum paniculatum,moquiniastrum paniculatum,moquiniastrum paniculatum,1,1,1,1,1,Moquiniastrum paniculatum,wfo-0001318544,Moquiniastrum paniculatum,Asteraceae,1,1,1,1,1,Moquiniastrum paniculatum,wfo-0001318544,Moquiniastrum paniculatum,Asteraceae,exact_unique,exact
Morella cerifera,morella cerifera,morella cerifera,1,1,1,1,1,Morella cerifera,wfo-0000447382,Myrica cerifera,Myricaceae,1,1,1,1,1,Morella cerifera,wfo-0000447382,Myrica cerifera,Myricaceae,exact_unique,exact
Morella esculenta,morella esculenta,morella esculenta,1,1,1,1,1,Morella esculenta,wfo-0001229003,Myrica esculenta,Myricaceae,1,1,1,1,1,Morella esculenta,wfo-0001229003,Myrica esculenta,Myricaceae,exact_unique,exact
Morella pensylvanica,morella pensylvanica,morella pensylvanica,1,1,1,1,1,Morella pensylvanica,wfo-0001085143,Myrica pensylvanica,Myricaceae,1,1,1,1,1,Morella pensylvanica,wfo-0001085143,Myrica pensylvanica,Myricaceae,exact_unique,exact
Morella rubra,morella rubra,morella rubra,1,1,1,1,1,Morella rubra,wfo-0001085136,Myrica rubra,Myricaceae,1,1,1,1,1,Morella rubra,wfo-0001085136,Myrica rubra,Myricaceae,exact_unique,exact
Morella serrata,morella serrata,morella serrata,1,1,1,1,1,Morella serrata,wfo-0000447295,Myrica serrata,Myricaceae,1,1,1,1,1,Morella serrata,wfo-0000447295,Myrica serrata,Myricaceae,exact_unique,exact
Morinda citrifolia,morinda citrifolia,morinda citrifolia,1,1,1,1,1,Morinda citrifolia,wfo-0000245941,Morinda citrifolia,Rubiaceae,1,1,1,1,1,Morinda citrifolia,wfo-0000245941,Morinda citrifolia,Rubiaceae,exact_unique,exact
Morus alba,morus alba,morus alba,1,1,1,1,1,Morus alba,wfo-0000447905,Morus alba,Moraceae,1,1,1,1,1,Morus alba,wfo-0000447905,Morus alba,Moraceae,exact_unique,exact
Morus australis,morus australis,morus australis,1,1,1,1,1,Morus australis,wfo-0000447884,Morus indica,Moraceae,1,1,1,1,1,Morus australis,wfo-0000447884,Morus indica,Moraceae,exact_unique,exact
Morus cathayana,morus cathayana,morus cathayana,1,1,1,1,1,Morus cathayana,wfo-0001228795,Morus cathayana,Moraceae,1,1,1,1,1,Morus cathayana,wfo-0001228795,Morus cathayana,Moraceae,exact_unique,exact
Morus insignis,morus insignis,morus insignis,1,1,1,1,1,Morus insignis,wfo-0000447882,Morus insignis,Moraceae,1,1,1,1,1,Morus insignis,wfo-0000447882,Morus insignis,Moraceae,exact_unique,exact
Morus macroura,morus macroura,morus macroura,1,1,1,1,1,Morus macroura,wfo-0001245087,Morus macroura,Moraceae,1,1,1,1,1,Morus macroura,wfo-0001245087,Morus macroura,Moraceae,exact_unique,exact
Morus mesozygia,morus mesozygia,morus mesozygia,1,1,1,1,1,Morus mesozygia,wfo-0000447924,Morus mesozygia,Moraceae,1,1,1,1,1,Morus mesozygia,wfo-0000447924,Morus mesozygia,Moraceae,exact_unique,exact
Morus mongolica,morus mongolica,morus mongolica,1,1,1,1,1,Morus mongolica,wfo-0001230837,Morus mongolica,Moraceae,1,1,1,1,1,Morus mongolica,wfo-0001230837,Morus mongolica,Moraceae,exact_unique,exact
Morus multicaulis,morus multicaulis,morus multicaulis,1,1,1,1,1,Morus multicaulis,wfo-0000447905,Morus alba,Moraceae,1,1,1,1,1,Morus multicaulis,wfo-0000447905,Morus alba,Moraceae,exact_unique,exact
Morus nigra,morus nigra,morus nigra,1,1,1,1,1,Morus nigra,wfo-0000447931,Morus nigra,Moraceae,1,1,1,1,1,Morus nigra,wfo-0000447931,Morus nigra,Moraceae,exact_unique,exact
Morus notabilis,morus notabilis,morus notabilis,1,1,1,1,1,Morus notabilis,wfo-0001240250,Morus notabilis,Moraceae,1,1,1,1,1,Morus notabilis,wfo-0001240250,Morus notabilis,Moraceae,exact_unique,exact
Morus wittiorum,morus wittiorum,morus wittiorum,1,1,1,1,1,Morus wittiorum,wfo-0001240094,Morus wittiorum,Moraceae,1,1,1,1,1,Morus wittiorum,wfo-0001240094,Morus wittiorum,Moraceae,exact_unique,exact
Mosla soochouensis,mosla soochouensis,mosla soochouensis,1,1,1,1,1,Mosla soochouensis,wfo-0000246376,Mosla soochouensis,Lamiaceae,1,1,1,1,1,Mosla soochouensis,wfo-0000246376,Mosla soochouensis,Lamiaceae,exact_unique,exact
Mucuna birdwoodiana,mucuna birdwoodiana,mucuna birdwoodiana,1,1,1,1,1,Mucuna birdwoodiana,wfo-0000185575,Mucuna birdwoodiana,Fabaceae,1,1,1,1,1,Mucuna birdwoodiana,wfo-0000185575,Mucuna birdwoodiana,Fabaceae,exact_unique,exact
Mucuna membranacea,mucuna membranacea,mucuna membranacea,1,1,1,1,1,Mucuna membranacea,wfo-0000192373,Mucuna membranacea,Fabaceae,1,1,1,1,1,Mucuna membranacea,wfo-0000192373,Mucuna membranacea,Fabaceae,exact_unique,exact
Muehlenbeckia hastulata,muehlenbeckia hastulata,muehlenbeckia hastulata,1,1,1,1,1,Muehlenbeckia hastulata,wfo-0000452355,Muehlenbeckia hastulata,Polygonaceae,1,1,1,1,1,Muehlenbeckia hastulata,wfo-0000452355,Muehlenbeckia hastulata,Polygonaceae,exact_unique,exact
Muehlenbeckia platyclados,muehlenbeckia platyclados,muehlenbeckia platyclados,1,1,1,1,1,Muehlenbeckia platyclados,wfo-0000452312,Muehlenbeckia platyclados,Polygonaceae,1,1,1,1,1,Muehlenbeckia platyclados,wfo-0000452312,Muehlenbeckia platyclados,Polygonaceae,exact_unique,exact
Mundulea sericea,mundulea sericea,mundulea sericea,1,1,1,1,1,Mundulea sericea,wfo-0000200952,Mundulea sericea,Fabaceae,1,1,1,1,1,Mundulea sericea,wfo-0000200952,Mundulea sericea,Fabaceae,exact_unique,exact
Muntingia calabura,muntingia calabura,muntingia calabura,1,1,1,1,1,Muntingia calabura,wfo-0000451606,Muntingia calabura,Muntingiaceae,1,1,1,1,1,Muntingia calabura,wfo-0000451606,Muntingia calabura,Muntingiaceae,exact_unique,exact
Musa,musa,musa,1,1,1,1,1,Musa,wfo-4000025011,Musa,Musaceae,1,1,1,1,1,Musa,wfo-4000025011,Musa,Musaceae,exact_unique,exact
Musa acuminata,musa acuminata,musa acuminata,1,1,1,1,1,Musa acuminata,wfo-0000473834,Musa acuminata,Musaceae,1,1,1,1,1,Musa acuminata,wfo-0000473834,Musa acuminata,Musaceae,exact_unique,exact
Musa balbisiana,musa balbisiana,musa balbisiana,1,1,1,1,1,Musa balbisiana,wfo-0000473990,Musa balbisiana,Musaceae,1,1,1,1,1,Musa balbisiana,wfo-0000473990,Musa balbisiana,Musaceae,exact_unique,exact
Musanga cecropioides,musanga cecropioides,musanga cecropioides,1,1,1,1,1,Musanga cecropioides,wfo-0000374733,Musanga cecropioides,Urticaceae,1,1,1,1,1,Musanga cecropioides,wfo-0000374733,Musanga cecropioides,Urticaceae,exact_unique,exact
Muscari armeniacum,muscari armeniacum,muscari armeniacum,1,1,1,1,1,Muscari armeniacum,wfo-0000694251,Muscari armeniacum,Asparagaceae,1,1,1,1,1,Muscari armeniacum,wfo-0000694251,Muscari armeniacum,Asparagaceae,exact_unique,exact
Muscari comosum,muscari comosum,muscari comosum,1,1,1,1,1,Muscari comosum,wfo-0000686250,Leopoldia comosa,Asparagaceae,1,1,1,1,1,Muscari comosum,wfo-0000686250,Leopoldia comosa,Asparagaceae,exact_unique,exact
Muscari neglectum,muscari neglectum,muscari neglectum,2,2,1,1,1,Muscari neglectum,wfo-0000694909,Muscari neglectum,Asparagaceae,2,2,1,1,1,Muscari neglectum,wfo-0000694909,Muscari neglectum,Asparagaceae,exact_unique,exact
Myrcia multiflora,myrcia multiflora,myrcia multiflora,1,1,1,1,1,Myrcia multiflora,wfo-0000247667,Myrcia multiflora,Myrtaceae,1,1,1,1,1,Myrcia multiflora,wfo-0000247667,Myrcia multiflora,Myrtaceae,exact_unique,exact
Myrica cerifera,myrica cerifera,myrica cerifera,1,1,1,1,1,Myrica cerifera,wfo-0000447382,Myrica cerifera,Myricaceae,1,1,1,1,1,Myrica cerifera,wfo-0000447382,Myrica cerifera,Myricaceae,exact_unique,exact
Myrica gale,myrica gale,myrica gale,1,1,1,1,1,Myrica gale,wfo-0000447393,Myrica gale,Myricaceae,1,1,1,1,1,Myrica gale,wfo-0000447393,Myrica gale,Myricaceae,exact_unique,exact
Myrica rubra,myrica rubra,myrica rubra,1,1,1,1,1,Myrica rubra,wfo-0001085136,Myrica rubra,Myricaceae,1,1,1,1,1,Myrica rubra,wfo-0001085136,Myrica rubra,Myricaceae,exact_unique,exact
Myriophyllum aquaticum,myriophyllum aquaticum,myriophyllum aquaticum,1,1,1,1,1,Myriophyllum aquaticum,wfo-0000373510,Myriophyllum aquaticum,Haloragaceae,1,1,1,1,1,Myriophyllum aquaticum,wfo-0000373510,Myriophyllum aquaticum,Haloragaceae,exact_unique,exact
Myristica ceylanica,myristica ceylanica,myristica ceylanica,1,1,1,1,1,Myristica ceylanica,wfo-0000447345,Myristica ceylanica,Myristicaceae,1,1,1,1,1,Myristica ceylanica,wfo-0000447345,Myristica ceylanica,Myristicaceae,exact_unique,exact
Myristica fragrans,myristica fragrans,myristica fragrans,1,1,1,1,1,Myristica fragrans,wfo-0000447317,Myristica fragrans,Myristicaceae,1,1,1,1,1,Myristica fragrans,wfo-0000447317,Myristica fragrans,Myristicaceae,exact_unique,exact
Myristica malabarica,myristica malabarica,myristica malabarica,1,1,1,1,1,Myristica malabarica,wfo-0000447776,Myristica malabarica,Myristicaceae,1,1,1,1,1,Myristica malabarica,wfo-0000447776,Myristica malabarica,Myristicaceae,exact_unique,exact
Myroxylon balsamum,myroxylon balsamum,myroxylon balsamum,1,1,1,1,1,Myroxylon balsamum,wfo-0000212074,Myroxylon balsamum,Fabaceae,1,1,1,1,1,Myroxylon balsamum,wfo-0000212074,Myroxylon balsamum,Fabaceae,exact_unique,exact
Myroxylon peruiferum,myroxylon peruiferum,myroxylon peruiferum,1,1,1,1,1,Myroxylon peruiferum,wfo-0000174448,Myroxylon peruiferum,Fabaceae,1,1,1,1,1,Myroxylon peruiferum,wfo-0000174448,Myroxylon peruiferum,Fabaceae,exact_unique,exact
Nageia nagi,nageia nagi,nageia nagi,1,1,1,1,1,Nageia nagi,wfo-0000380933,Nageia nagi,Podocarpaceae,1,1,1,1,1,Nageia nagi,wfo-0000380933,Nageia nagi,Podocarpaceae,exact_unique,exact
Nasturtium officinale,nasturtium officinale,nasturtium officinale,1,1,1,1,1,Nasturtium officinale,wfo-0000380323,Nasturtium officinale,Brassicaceae,1,1,1,1,1,Nasturtium officinale,wfo-0000380323,Nasturtium officinale,Brassicaceae,exact_unique,exact
Nelia pillansii,nelia pillansii,nelia pillansii,1,1,1,1,1,Nelia pillansii,wfo-0001293672,Nelia pillansii,Aizoaceae,1,1,1,1,1,Nelia pillansii,wfo-0001293672,Nelia pillansii,Aizoaceae,exact_unique,exact
Nelumbo nucifera,nelumbo nucifera,nelumbo nucifera,1,1,1,1,1,Nelumbo nucifera,wfo-0000382378,Nelumbo nucifera,Nelumbonaceae,1,1,1,1,1,Nelumbo nucifera,wfo-0000382378,Nelumbo nucifera,Nelumbonaceae,exact_unique,exact
Neolitsea aurata,neolitsea aurata,neolitsea aurata,1,1,1,1,1,Neolitsea aurata,wfo-0001071585,Neolitsea aurata,Lauraceae,1,1,1,1,1,Neolitsea aurata,wfo-0001071585,Neolitsea aurata,Lauraceae,exact_unique,exact
Neolitsea daibuensis,neolitsea daibuensis,neolitsea daibuensis,1,1,1,1,1,Neolitsea daibuensis,wfo-0001071974,Neolitsea daibuensis,Lauraceae,1,1,1,1,1,Neolitsea daibuensis,wfo-0001071974,Neolitsea daibuensis,Lauraceae,exact_unique,exact
Neolitsea parvigemma,neolitsea parvigemma,neolitsea parvigemma,1,1,1,1,1,Neolitsea parvigemma,wfo-0001071959,Neolitsea parvigemma,Lauraceae,1,1,1,1,1,Neolitsea parvigemma,wfo-0001071959,Neolitsea parvigemma,Lauraceae,exact_unique,exact
Neolitsea sericea,neolitsea sericea,neolitsea sericea,1,1,1,1,1,Neolitsea sericea,wfo-0001071933,Neolitsea sericea,Lauraceae,1,1,1,1,1,Neolitsea sericea,wfo-0001071933,Neolitsea sericea,Lauraceae,exact_unique,exact
Neomirandea angularis,neomirandea angularis,neomirandea angularis,1,1,1,1,1,Neomirandea angularis,wfo-0000115358,Neomirandea angularis,Asteraceae,1,1,1,1,1,Neomirandea angularis,wfo-0000115358,Neomirandea angularis,Asteraceae,exact_unique,exact
Neoraputia magnifica,neoraputia magnifica,neoraputia magnifica,2,2,1,1,1,Neoraputia magnifica,wfo-0000744331,Neoraputia magnifica,Rutaceae,2,2,1,1,1,Neoraputia magnifica,wfo-0000744331,Neoraputia magnifica,Rutaceae,exact_unique,exact
Neorautanenia,neorautanenia,neorautanenia,1,1,1,1,1,Neorautanenia,wfo-4000025822,Neorautanenia,Fabaceae,1,1,1,1,1,Neorautanenia,wfo-4000025822,Neorautanenia,Fabaceae,exact_unique,exact
Neorautanenia amboensis,neorautanenia amboensis,neorautanenia amboensis,1,1,1,1,1,Neorautanenia amboensis,wfo-0000182738,Neorautanenia mitis,Fabaceae,1,1,1,1,1,Neorautanenia amboensis,wfo-0000182738,Neorautanenia mitis,Fabaceae,exact_unique,exact
Neorautanenia mitis,neorautanenia mitis,neorautanenia mitis,1,1,1,1,1,Neorautanenia mitis,wfo-0000182738,Neorautanenia mitis,Fabaceae,1,1,1,1,1,Neorautanenia mitis,wfo-0000182738,Neorautanenia mitis,Fabaceae,exact_unique,exact
Nepeta tenuifolia,nepeta tenuifolia,nepeta tenuifolia,1,1,1,1,1,Nepeta tenuifolia,wfo-0000251404,Nepeta tenuifolia,Lamiaceae,1,1,1,1,1,Nepeta tenuifolia,wfo-0000251404,Nepeta tenuifolia,Lamiaceae,exact_unique,exact
Nierembergia hippomanica,nierembergia hippomanica,nierembergia hippomanica,1,1,1,1,1,Nierembergia hippomanica,wfo-0001024101,Nierembergia linariifolia,Solanaceae,1,1,1,1,1,Nierembergia hippomanica,wfo-0001024101,Nierembergia linariifolia,Solanaceae,exact_unique,exact
Nierembergia linariifolia,nierembergia linariifolia,nierembergia linariifolia,1,1,1,1,1,Nierembergia linariifolia,wfo-0001024101,Nierembergia linariifolia,Solanaceae,1,1,1,1,1,Nierembergia linariifolia,wfo-0001024101,Nierembergia linariifolia,Solanaceae,exact_unique,exact
Norantea guianensis,norantea guianensis,norantea guianensis,1,1,1,1,1,Norantea guianensis,wfo-0000382227,Norantea guianensis,Marcgraviaceae,1,1,1,1,1,Norantea guianensis,wfo-0000382227,Norantea guianensis,Marcgraviaceae,exact_unique,exact
Nothofagus alpina,nothofagus alpina,nothofagus alpina,1,1,1,1,1,Nothofagus alpina,wfo-0000252103,Nothofagus alpina,Nothofagaceae,1,1,1,1,1,Nothofagus alpina,wfo-0000252103,Nothofagus alpina,Nothofagaceae,exact_unique,exact
Nothofagus fusca,nothofagus fusca,nothofagus fusca,1,1,1,1,1,Nothofagus fusca,wfo-0000252131,Nothofagus fusca,Nothofagaceae,1,1,1,1,1,Nothofagus fusca,wfo-0000252131,Nothofagus fusca,Nothofagaceae,exact_unique,exact
Nothofagus pumilio,nothofagus pumilio,nothofagus pumilio,2,2,1,1,1,Nothofagus pumilio,wfo-0000252158,Nothofagus pumilio,Nothofagaceae,2,2,1,1,1,Nothofagus pumilio,wfo-0000252158,Nothofagus pumilio,Nothofagaceae,exact_unique,exact
Notholaena neglecta,notholaena neglecta,notholaena neglecta,1,1,1,1,1,Notholaena neglecta,wfo-0001109196,Notholaena neglecta,Pteridaceae,1,1,1,1,1,Notholaena neglecta,wfo-0001109196,Notholaena neglecta,Pteridaceae,exact_unique,exact
Nymphaea ampla,nymphaea ampla,nymphaea ampla,1,1,1,1,1,Nymphaea ampla,wfo-0000381455,Nymphaea ampla,Nymphaeaceae,1,1,1,1,1,Nymphaea ampla,wfo-0000381455,Nymphaea ampla,Nymphaeaceae,exact_unique,exact
Nymphaea caerulea,nymphaea caerulea,nymphaea caerulea,1,1,1,1,1,Nymphaea caerulea,wfo-0000382052,Nymphaea nouchali var. caerulea,Nymphaeaceae,1,1,1,1,1,Nymphaea caerulea,wfo-0000382052,Nymphaea nouchali var. caerulea,Nymphaeaceae,exact_unique,exact
Nymphaea micrantha,nymphaea micrantha,nymphaea micrantha,1,1,1,1,1,Nymphaea micrantha,wfo-0000382046,Nymphaea micrantha,Nymphaeaceae,1,1,1,1,1,Nymphaea micrantha,wfo-0000382046,Nymphaea micrantha,Nymphaeaceae,exact_unique,exact
Ochna afzelii,ochna afzelii,ochna afzelii,1,1,1,1,1,Ochna afzelii,wfo-0000388902,Ochna afzelii,Ochnaceae,1,1,1,1,1,Ochna afzelii,wfo-0000388902,Ochna afzelii,Ochnaceae,exact_unique,exact
Ochna calodendron,ochna calodendron,ochna calodendron,1,1,1,1,1,Ochna calodendron,wfo-0000388934,Ochna calodendron,Ochnaceae,1,1,1,1,1,Ochna calodendron,wfo-0000388934,Ochna calodendron,Ochnaceae,exact_unique,exact
Ochna gamblei,ochna gamblei,ochna gamblei,1,1,1,1,1,Ochna gamblei,wfo-0000389999,Ochna gamblei,Ochnaceae,1,1,1,1,1,Ochna gamblei,wfo-0000389999,Ochna gamblei,Ochnaceae,exact_unique,exact
Ochna integerrima,ochna integerrima,ochna integerrima,1,1,1,1,1,Ochna integerrima,wfo-0001087253,Ochna integerrima,Ochnaceae,1,1,1,1,1,Ochna integerrima,wfo-0001087253,Ochna integerrima,Ochnaceae,exact_unique,exact
Ochna macrocalyx,ochna macrocalyx,ochna macrocalyx,1,1,1,1,1,Ochna macrocalyx,wfo-0001087202,Ochna macrocalyx,Ochnaceae,1,1,1,1,1,Ochna macrocalyx,wfo-0001087202,Ochna macrocalyx,Ochnaceae,exact_unique,exact
Ochna obtusata,ochna obtusata,ochna obtusata,1,1,1,1,1,Ochna obtusata,wfo-0000389154,Ochna obtusata,Ochnaceae,1,1,1,1,1,Ochna obtusata,wfo-0000389154,Ochna obtusata,Ochnaceae,exact_unique,exact
Ocimum basilicum,ocimum basilicum,ocimum basilicum,1,1,1,1,1,Ocimum basilicum,wfo-0000253230,Ocimum basilicum,Lamiaceae,1,1,1,1,1,Ocimum basilicum,wfo-0000253230,Ocimum basilicum,Lamiaceae,exact_unique,exact
Ocotea,ocotea,ocotea,1,1,1,1,1,Ocotea,wfo-4000026514,Ocotea,Lauraceae,1,1,1,1,1,Ocotea,wfo-4000026514,Ocotea,Lauraceae,exact_unique,exact
Ocotea porosa,ocotea porosa,ocotea porosa,1,1,1,1,1,Ocotea porosa,wfo-0000383291,Ocotea porosa,Lauraceae,1,1,1,1,1,Ocotea porosa,wfo-0000383291,Ocotea porosa,Lauraceae,exact_unique,exact
Ocotea porphyria,ocotea porphyria,ocotea porphyria,1,1,1,1,1,Ocotea porphyria,wfo-0001231380,Ocotea porphyria,Lauraceae,1,1,1,1,1,Ocotea porphyria,wfo-0001231380,Ocotea porphyria,Lauraceae,exact_unique,exact
Oenothera biennis,oenothera biennis,oenothera biennis,1,1,1,1,1,Oenothera biennis,wfo-0000389564,Oenothera biennis,Onagraceae,2,2,1,1,1,Oenothera biennis | Oenothera biennis subf. latifolia,wfo-0000389564,Oenothera biennis,Onagraceae,exact_unique,exact
Oenothera fruticosa,oenothera fruticosa,oenothera fruticosa,1,1,1,1,1,Oenothera fruticosa,wfo-0001087414,Oenothera fruticosa,Onagraceae,1,1,1,1,1,Oenothera fruticosa,wfo-0001087414,Oenothera fruticosa,Onagraceae,exact_unique,exact
Oenothera spachiana,oenothera spachiana,oenothera spachiana,1,1,1,1,1,Oenothera spachiana,wfo-0001087553,Oenothera spachiana,Onagraceae,1,1,1,1,1,Oenothera spachiana,wfo-0001087553,Oenothera spachiana,Onagraceae,exact_unique,exact
Oenothera speciosa,oenothera speciosa,oenothera speciosa,1,1,1,1,1,Oenothera speciosa,wfo-0000389747,Oenothera speciosa,Onagraceae,1,1,1,1,1,Oenothera speciosa,wfo-0000389747,Oenothera speciosa,Onagraceae,exact_unique,exact
Okoubaka aubrevillei,okoubaka aubrevillei,okoubaka aubrevillei,1,1,1,1,1,Okoubaka aubrevillei,wfo-0000388170,Okoubaka aubrevillei,Santalaceae,1,1,1,1,1,Okoubaka aubrevillei,wfo-0000388170,Okoubaka aubrevillei,Santalaceae,exact_unique,exact
Olea europaea,olea europaea,olea europaea,1,1,1,1,1,Olea europaea,wfo-0000817273,Olea europaea,Oleaceae,3,3,2,2,1,Olea europaea | Olea europaea prol. sativa | Olea europaea prol. sylvestris,wfo-0000817273 | wfo-0000834630,Olea europaea | Olea europaea subsp. europaea,Oleaceae,exact_unique,exact
Olearia brachyphylla,olearia brachyphylla,olearia brachyphylla,1,1,1,1,1,Olearia brachyphylla,wfo-0000037141,Olearia brachyphylla,Asteraceae,1,1,1,1,1,Olearia brachyphylla,wfo-0000037141,Olearia brachyphylla,Asteraceae,exact_unique,exact
Onobrychis cyri,onobrychis cyri,onobrychis cyri,1,1,1,1,1,Onobrychis cyri,wfo-0000213873,Onobrychis cyri,Fabaceae,1,1,1,1,1,Onobrychis cyri,wfo-0000213873,Onobrychis cyri,Fabaceae,exact_unique,exact
Onobrychis ebenoides,onobrychis ebenoides,onobrychis ebenoides,1,1,1,1,1,Onobrychis ebenoides,wfo-0000213876,Onobrychis ebenoides,Fabaceae,1,1,1,1,1,Onobrychis ebenoides,wfo-0000213876,Onobrychis ebenoides,Fabaceae,exact_unique,exact
Onobrychis viciifolia,onobrychis viciifolia,onobrychis viciifolia,1,1,1,1,1,Onobrychis viciifolia,wfo-0000205013,Onobrychis viciifolia,Fabaceae,2,2,2,2,1,Onobrychis viciifolia | Onobrychis viciifolia prol. montana,wfo-0000205013 | wfo-0000213879,Onobrychis montana | Onobrychis viciifolia,Fabaceae,exact_unique,exact
Onoclea orientalis,onoclea orientalis,onoclea orientalis,1,1,1,1,1,Onoclea orientalis,wfo-0001232479,Pentarhizidium orientale,Onocleaceae,1,1,1,1,1,Onoclea orientalis,wfo-0001232479,Pentarhizidium orientale,Onocleaceae,exact_unique,exact
Ononis arvensis,ononis arvensis,ononis arvensis,1,1,1,1,1,Ononis arvensis,wfo-0000183367,Ononis arvensis,Fabaceae,1,1,1,1,1,Ononis arvensis,wfo-0000183367,Ononis arvensis,Fabaceae,exact_unique,exact
Ononis biflora,ononis biflora,ononis biflora,1,1,1,1,1,Ononis biflora,wfo-0000212849,Ononis biflora,Fabaceae,1,1,1,1,1,Ononis biflora,wfo-0000212849,Ononis biflora,Fabaceae,exact_unique,exact
Ononis cristata,ononis cristata,ononis cristata,1,1,1,1,1,Ononis cristata,wfo-0000212857,Ononis cristata,Fabaceae,1,1,1,1,1,Ononis cristata,wfo-0000212857,Ononis cristata,Fabaceae,exact_unique,exact
Ononis fruticosa,ononis fruticosa,ononis fruticosa,1,1,1,1,1,Ononis fruticosa,wfo-0000212865,Ononis fruticosa,Fabaceae,1,1,1,1,1,Ononis fruticosa,wfo-0000212865,Ononis fruticosa,Fabaceae,exact_unique,exact
Ononis hispida,ononis hispida,ononis hispida,1,1,1,1,1,Ononis hispida,wfo-0000212867,Ononis hispida,Fabaceae,1,1,1,1,1,Ononis hispida,wfo-0000212867,Ononis hispida,Fabaceae,exact_unique,exact
Ononis mitissima,ononis mitissima,ononis mitissima,1,1,1,1,1,Ononis mitissima,wfo-0000212877,Ononis mitissima,Fabaceae,1,1,1,1,1,Ononis mitissima,wfo-0000212877,Ononis mitissima,Fabaceae,exact_unique,exact
Ononis natrix,ononis natrix,ononis natrix,1,1,1,1,1,Ononis natrix,wfo-0000212878,Ononis natrix,Fabaceae,7,7,4,4,1,Ononis natrix | Ononis natrix prol. arenaria | Ononis natrix prol. hispanica | Ononis natrix prol. inaequifolia | Ononis natrix prol. picta | Ononis natrix prol. ramosissima,wfo-0000212878 | wfo-0000212886 | wfo-0000212887 | wfo-0000214388,Ononis natrix | Ononis natrix subsp. hispanica | Ononis natrix subsp. natrix | Ononis ramosissima,Fabaceae,exact_unique,exact
Ononis oligophylla,ononis oligophylla,ononis oligophylla,1,1,1,1,1,Ononis oligophylla,wfo-0000213899,Ononis oligophylla,Fabaceae,1,1,1,1,1,Ononis oligophylla,wfo-0000213899,Ononis oligophylla,Fabaceae,exact_unique,exact
Ononis pinnata,ononis pinnata,ononis pinnata,1,1,1,1,1,Ononis pinnata,wfo-0000212901,Ononis pinnata,Fabaceae,1,1,1,1,1,Ononis pinnata,wfo-0000212901,Ononis pinnata,Fabaceae,exact_unique,exact
Ononis pubescens,ononis pubescens,ononis pubescens,1,1,1,1,1,Ononis pubescens,wfo-0000212906,Ononis pubescens,Fabaceae,1,1,1,1,1,Ononis pubescens,wfo-0000212906,Ononis pubescens,Fabaceae,exact_unique,exact
Ononis pusilla,ononis pusilla,ononis pusilla,1,1,1,1,1,Ononis pusilla,wfo-0000212907,Ononis pusilla,Fabaceae,1,1,1,1,1,Ononis pusilla,wfo-0000212907,Ononis pusilla,Fabaceae,exact_unique,exact
Ononis reclinata,ononis reclinata,ononis reclinata,2,2,1,1,1,Ononis reclinata,wfo-0000212908,Ononis reclinata,Fabaceae,3,3,2,2,1,Ononis reclinata | Ononis reclinata prol. mollis,wfo-0000212908 | wfo-0001428327,Ononis reclinata | Ononis reclinata subsp. minor,Fabaceae,exact_unique,exact
Ononis rotundifolia,ononis rotundifolia,ononis rotundifolia,1,1,1,1,1,Ononis rotundifolia,wfo-0000213901,Ononis rotundifolia,Fabaceae,1,1,1,1,1,Ononis rotundifolia,wfo-0000213901,Ononis rotundifolia,Fabaceae,exact_unique,exact
Ononis speciosa,ononis speciosa,ononis speciosa,1,1,1,1,1,Ononis speciosa,wfo-0000212915,Ononis speciosa,Fabaceae,1,1,1,1,1,Ononis speciosa,wfo-0000212915,Ononis speciosa,Fabaceae,exact_unique,exact
Ononis subspicata,ononis subspicata,ononis subspicata,1,1,1,1,1,Ononis subspicata,wfo-0000213892,Ononis baetica,Fabaceae,1,1,1,1,1,Ononis subspicata,wfo-0000213892,Ononis baetica,Fabaceae,exact_unique,exact
Ononis vaginalis,ononis vaginalis,ononis vaginalis,1,1,1,1,1,Ononis vaginalis,wfo-0000186976,Ononis vaginalis,Fabaceae,1,1,1,1,1,Ononis vaginalis,wfo-0000186976,Ononis vaginalis,Fabaceae,exact_unique,exact
Ononis variegata,ononis variegata,ononis variegata,1,1,1,1,1,Ononis variegata,wfo-0000212924,Ononis variegata,Fabaceae,1,1,1,1,1,Ononis variegata,wfo-0000212924,Ononis variegata,Fabaceae,exact_unique,exact
Onopordum boissierianum,onopordum boissierianum,onopordum boissierianum,1,1,1,1,1,Onopordum boissierianum,wfo-0000016533,Onopordum boissierianum,Asteraceae,1,1,1,1,1,Onopordum boissierianum,wfo-0000016533,Onopordum boissierianum,Asteraceae,exact_unique,exact
Onopordum illyricum,onopordum illyricum,onopordum illyricum,1,1,1,1,1,Onopordum illyricum,wfo-0000061670,Onopordum illyricum,Asteraceae,1,1,1,1,1,Onopordum illyricum,wfo-0000061670,Onopordum illyricum,Asteraceae,exact_unique,exact
Onopordum laconicum,onopordum laconicum,onopordum laconicum,1,1,1,1,1,Onopordum laconicum,wfo-0000052252,Onopordum laconicum,Asteraceae,1,1,1,1,1,Onopordum laconicum,wfo-0000052252,Onopordum laconicum,Asteraceae,exact_unique,exact
Onopordum myriacanthum,onopordum myriacanthum,onopordum myriacanthum,1,1,1,1,1,Onopordum myriacanthum,wfo-0000013604,Onopordum myriacanthum,Asteraceae,1,1,1,1,1,Onopordum myriacanthum,wfo-0000013604,Onopordum myriacanthum,Asteraceae,exact_unique,exact
Onychium siliculosum,onychium siliculosum,onychium siliculosum,1,1,1,1,1,Onychium siliculosum,wfo-0001117710,Onychium siliculosum,Pteridaceae,1,1,1,1,1,Onychium siliculosum,wfo-0001117710,Onychium siliculosum,Pteridaceae,exact_unique,exact
Ophiorrhiza blumeana,ophiorrhiza blumeana,ophiorrhiza blumeana,1,1,1,1,1,Ophiorrhiza blumeana,wfo-0000256913,Ophiorrhiza blumeana,Rubiaceae,1,1,1,1,1,Ophiorrhiza blumeana,wfo-0000256913,Ophiorrhiza blumeana,Rubiaceae,exact_unique,exact
Ophryosporus charua,ophryosporus charua,ophryosporus charua,1,1,1,1,1,Ophryosporus charua,wfo-0000127376,Ophryosporus charua,Asteraceae,1,1,1,1,1,Ophryosporus charua,wfo-0000127376,Ophryosporus charua,Asteraceae,exact_unique,exact
Ophryosporus floribundus,ophryosporus floribundus,ophryosporus floribundus,1,1,1,1,1,Ophryosporus floribundus,wfo-0000089530,Ophryosporus floribundus,Asteraceae,1,1,1,1,1,Ophryosporus floribundus,wfo-0000089530,Ophryosporus floribundus,Asteraceae,exact_unique,exact
Ophryosporus heptanthus,ophryosporus heptanthus,ophryosporus heptanthus,1,1,1,1,1,Ophryosporus heptanthus,wfo-0000017338,Ophryosporus heptanthus,Asteraceae,1,1,1,1,1,Ophryosporus heptanthus,wfo-0000017338,Ophryosporus heptanthus,Asteraceae,exact_unique,exact
Ophryosporus macrodon,ophryosporus macrodon,ophryosporus macrodon,1,1,1,1,1,Ophryosporus macrodon,wfo-0000118441,Ophryosporus macrodon,Asteraceae,1,1,1,1,1,Ophryosporus macrodon,wfo-0000118441,Ophryosporus macrodon,Asteraceae,exact_unique,exact
Opuntia ficus-indica,opuntia ficus-indica,opuntia ficus-indica,1,1,1,1,1,Opuntia ficus-indica,wfo-0000385761,Opuntia ficus-indica,Cactaceae,1,1,1,1,1,Opuntia ficus-indica,wfo-0000385761,Opuntia ficus-indica,Cactaceae,exact_unique,exact
Oreobolus pumilio,oreobolus pumilio,oreobolus pumilio,1,1,1,1,1,Oreobolus pumilio,wfo-0000481465,Oreobolus pumilio,Cyperaceae,1,1,1,1,1,Oreobolus pumilio,wfo-0000481465,Oreobolus pumilio,Cyperaceae,exact_unique,exact
Origanum compactum,origanum compactum,origanum compactum,1,1,1,1,1,Origanum compactum,wfo-0000260576,Origanum compactum,Lamiaceae,1,1,1,1,1,Origanum compactum,wfo-0000260576,Origanum compactum,Lamiaceae,exact_unique,exact
Origanum dictamnus,origanum dictamnus,origanum dictamnus,1,1,1,1,1,Origanum dictamnus,wfo-0000260590,Origanum dictamnus,Lamiaceae,1,1,1,1,1,Origanum dictamnus,wfo-0000260590,Origanum dictamnus,Lamiaceae,exact_unique,exact
Origanum vulgare,origanum vulgare,origanum vulgare,1,1,1,1,1,Origanum vulgare,wfo-0000260765,Origanum vulgare,Lamiaceae,2,2,2,2,1,Origanum vulgare | Origanum vulgare prol. humile,wfo-0000260765 | wfo-0000260775,Origanum vulgare | Origanum vulgare subsp. viridulum,Lamiaceae,exact_unique,exact
Ormocarpum kirkii,ormocarpum kirkii,ormocarpum kirkii,1,1,1,1,1,Ormocarpum kirkii,wfo-0000175963,Ormocarpum kirkii,Fabaceae,1,1,1,1,1,Ormocarpum kirkii,wfo-0000175963,Ormocarpum kirkii,Fabaceae,exact_unique,exact
Ormosia excelsa,ormosia excelsa,ormosia excelsa,1,1,1,1,1,Ormosia excelsa,wfo-0000174156,Ormosia excelsa,Fabaceae,1,1,1,1,1,Ormosia excelsa,wfo-0000174156,Ormosia excelsa,Fabaceae,exact_unique,exact
Ormosia henryi,ormosia henryi,ormosia henryi,2,2,1,1,1,Ormosia henryi,wfo-0000197170,Ormosia henryi,Fabaceae,2,2,1,1,1,Ormosia henryi,wfo-0000197170,Ormosia henryi,Fabaceae,exact_unique,exact
Ormosia monosperma,ormosia monosperma,ormosia monosperma,1,1,1,1,1,Ormosia monosperma,wfo-0000168281,Ormosia monosperma,Fabaceae,1,1,1,1,1,Ormosia monosperma,wfo-0000168281,Ormosia monosperma,Fabaceae,exact_unique,exact
Ormosia sumatrana,ormosia sumatrana,ormosia sumatrana,1,1,1,1,1,Ormosia sumatrana,wfo-0000185591,Ormosia sumatrana,Fabaceae,1,1,1,1,1,Ormosia sumatrana,wfo-0000185591,Ormosia sumatrana,Fabaceae,exact_unique,exact
Ornithogalum caudatum,ornithogalum caudatum,ornithogalum caudatum,1,1,1,1,1,Ornithogalum caudatum,wfo-0000911272,Albuca bracteata,Asparagaceae,1,1,1,1,1,Ornithogalum caudatum,wfo-0000911272,Albuca bracteata,Asparagaceae,exact_unique,exact
Ornithopus sativus,ornithopus sativus,ornithopus sativus,1,1,1,1,1,Ornithopus sativus,wfo-0000205829,Ornithopus sativus,Fabaceae,1,1,1,1,1,Ornithopus sativus,wfo-0000205829,Ornithopus sativus,Fabaceae,exact_unique,exact
Oroxylum indicum,oroxylum indicum,oroxylum indicum,1,1,1,1,1,Oroxylum indicum,wfo-0000779181,Oroxylum indicum,Bignoniaceae,1,1,1,1,1,Oroxylum indicum,wfo-0000779181,Oroxylum indicum,Bignoniaceae,exact_unique,exact
Orthosiphon grandiflorus,orthosiphon grandiflorus,orthosiphon grandiflorus,3,3,1,1,1,Orthosiphon grandiflorus,wfo-0000619648,Orthosiphon aristatus var. aristatus,Lamiaceae,3,3,1,1,1,Orthosiphon grandiflorus,wfo-0000619648,Orthosiphon aristatus var. aristatus,Lamiaceae,exact_unique,exact
Oryza aristata,oryza aristata,oryza aristata,2,2,1,1,1,Oryza aristata,wfo-0000882438,Oryza sativa,Poaceae,2,2,1,1,1,Oryza aristata,wfo-0000882438,Oryza sativa,Poaceae,exact_unique,exact
Oryza sativa,oryza sativa,oryza sativa,1,1,1,1,1,Oryza sativa,wfo-0000882438,Oryza sativa,Poaceae,7,7,1,1,1,Oryza sativa | Oryza sativa prol. brevijaponica | Oryza sativa prol. nudijaponica | Oryza sativa prol. nudindojaponica | Oryza sativa prol. verindojaponicoides | Oryza sativa prol. verohumilojaponicoides | Oryza sativa prol. verojaponicoides,wfo-0000882438,Oryza sativa,Poaceae,exact_unique,exact
Osyris alba,osyris alba,osyris alba,1,1,1,1,1,Osyris alba,wfo-0000388250,Osyris alba,Santalaceae,1,1,1,1,1,Osyris alba,wfo-0000388250,Osyris alba,Santalaceae,exact_unique,exact
Ouratea hexasperma,ouratea hexasperma,ouratea hexasperma,1,1,1,1,1,Ouratea hexasperma,wfo-0001225500,Ouratea hexasperma,Ochnaceae,1,1,1,1,1,Ouratea hexasperma,wfo-0001225500,Ouratea hexasperma,Ochnaceae,exact_unique,exact
Ouratea multiflora,ouratea multiflora,ouratea multiflora,1,1,1,1,1,Ouratea multiflora,wfo-0001087211,Ouratea multiflora,Ochnaceae,1,1,1,1,1,Ouratea multiflora,wfo-0001087211,Ouratea multiflora,Ochnaceae,exact_unique,exact
Ouratea semiserrata,ouratea semiserrata,ouratea semiserrata,1,1,1,1,1,Ouratea semiserrata,wfo-0001087021,Ouratea semiserrata,Ochnaceae,1,1,1,1,1,Ouratea semiserrata,wfo-0001087021,Ouratea semiserrata,Ochnaceae,exact_unique,exact
Oxytropis muricata,oxytropis muricata,oxytropis muricata,1,1,1,1,1,Oxytropis muricata,wfo-0000186851,Oxytropis muricata,Fabaceae,1,1,1,1,1,Oxytropis muricata,wfo-0000186851,Oxytropis muricata,Fabaceae,exact_unique,exact
Oxytropis puberula,oxytropis puberula,oxytropis puberula,1,1,1,1,1,Oxytropis puberula,wfo-0000188967,Oxytropis puberula,Fabaceae,1,1,1,1,1,Oxytropis puberula,wfo-0000188967,Oxytropis puberula,Fabaceae,exact_unique,exact
Oxytropis racemosa,oxytropis racemosa,oxytropis racemosa,1,1,1,1,1,Oxytropis racemosa,wfo-0000199072,Oxytropis racemosa,Fabaceae,1,1,1,1,1,Oxytropis racemosa,wfo-0000199072,Oxytropis racemosa,Fabaceae,exact_unique,exact
Oxytropis trichophysa,oxytropis trichophysa,oxytropis trichophysa,1,1,1,1,1,Oxytropis trichophysa,wfo-0000199113,Oxytropis trichophysa,Fabaceae,1,1,1,1,1,Oxytropis trichophysa,wfo-0000199113,Oxytropis trichophysa,Fabaceae,exact_unique,exact
Ozothamnus stirlingii,ozothamnus stirlingii,ozothamnus stirlingii,1,1,1,1,1,Ozothamnus stirlingii,wfo-0000091572,Ozothamnus stirlingii,Asteraceae,1,1,1,1,1,Ozothamnus stirlingii,wfo-0000091572,Ozothamnus stirlingii,Asteraceae,exact_unique,exact
Pachyrhizus,pachyrhizus,pachyrhizus,1,1,1,1,1,Pachyrhizus,wfo-4000027698,Pachyrhizus,Fabaceae,1,1,1,1,1,Pachyrhizus,wfo-4000027698,Pachyrhizus,Fabaceae,exact_unique,exact
Pachyrhizus erosus,pachyrhizus erosus,pachyrhizus erosus,2,2,1,1,1,Pachyrhizus erosus,wfo-0000183119,Pachyrhizus erosus,Fabaceae,2,2,1,1,1,Pachyrhizus erosus,wfo-0000183119,Pachyrhizus erosus,Fabaceae,exact_unique,exact
Pachyrhizus tuberosus,pachyrhizus tuberosus,pachyrhizus tuberosus,1,1,1,1,1,Pachyrhizus tuberosus,wfo-0000178282,Pachyrhizus tuberosus,Fabaceae,1,1,1,1,1,Pachyrhizus tuberosus,wfo-0000178282,Pachyrhizus tuberosus,Fabaceae,exact_unique,exact
Paeonia lactiflora,paeonia lactiflora,paeonia lactiflora,1,1,1,1,1,Paeonia lactiflora,wfo-0000480479,Paeonia lactiflora,Paeoniaceae,1,1,1,1,1,Paeonia lactiflora,wfo-0000480479,Paeonia lactiflora,Paeoniaceae,exact_unique,exact
Paeonia obovata,paeonia obovata,paeonia obovata,1,1,1,1,1,Paeonia obovata,wfo-0000480650,Paeonia obovata,Paeoniaceae,1,1,1,1,1,Paeonia obovata,wfo-0000480650,Paeonia obovata,Paeoniaceae,exact_unique,exact
Panax quinquefolius,panax quinquefolius,panax quinquefolius,1,1,1,1,1,Panax quinquefolius,wfo-0000263699,Panax quinquefolius,Araliaceae,1,1,1,1,1,Panax quinquefolius,wfo-0000263699,Panax quinquefolius,Araliaceae,exact_unique,exact
Pancratium biflorum,pancratium biflorum,pancratium biflorum,1,1,1,1,1,Pancratium biflorum,wfo-0000728348,Pancratium biflorum,Amaryllidaceae,1,1,1,1,1,Pancratium biflorum,wfo-0000728348,Pancratium biflorum,Amaryllidaceae,exact_unique,exact
Pancratium maritimum,pancratium maritimum,pancratium maritimum,1,1,1,1,1,Pancratium maritimum,wfo-0000729569,Pancratium maritimum,Amaryllidaceae,1,1,1,1,1,Pancratium maritimum,wfo-0000729569,Pancratium maritimum,Amaryllidaceae,exact_unique,exact
Panda oleosa,panda oleosa,panda oleosa,1,1,1,1,1,Panda oleosa,wfo-0000263757,Panda oleosa,Pandaceae,1,1,1,1,1,Panda oleosa,wfo-0000263757,Panda oleosa,Pandaceae,exact_unique,exact
Papaver somniferum,papaver somniferum,papaver somniferum,1,1,1,1,1,Papaver somniferum,wfo-0000480963,Papaver somniferum,Papaveraceae,1,1,1,1,1,Papaver somniferum,wfo-0000480963,Papaver somniferum,Papaveraceae,exact_unique,exact
Parablechnum cordatum,parablechnum cordatum,parablechnum cordatum,1,1,1,1,1,Parablechnum cordatum,wfo-0001346882,Parablechnum cordatum,Blechnaceae,1,1,1,1,1,Parablechnum cordatum,wfo-0001346882,Parablechnum cordatum,Blechnaceae,exact_unique,exact
Paracalyx,paracalyx,paracalyx,1,1,1,1,1,Paracalyx,wfo-4000027976,Paracalyx,Fabaceae,1,1,1,1,1,Paracalyx,wfo-4000027976,Paracalyx,Fabaceae,exact_unique,exact
Paracalyx scariosus,paracalyx scariosus,paracalyx scariosus,1,1,1,1,1,Paracalyx scariosus,wfo-0000193473,Paracalyx scariosus,Fabaceae,1,1,1,1,1,Paracalyx scariosus,wfo-0000193473,Paracalyx scariosus,Fabaceae,exact_unique,exact
Paraderris elliptica,paraderris elliptica,paraderris elliptica,1,1,1,1,1,Paraderris elliptica,wfo-0000186905,Derris elliptica,Fabaceae,1,1,1,1,1,Paraderris elliptica,wfo-0000186905,Derris elliptica,Fabaceae,exact_unique,exact
Parameria laevigata,parameria laevigata,parameria laevigata,1,1,1,1,1,Parameria laevigata,wfo-0001425303,Urceola laevigata,Apocynaceae,1,1,1,1,1,Parameria laevigata,wfo-0001425303,Urceola laevigata,Apocynaceae,exact_unique,exact
Paramignya griffithii,paramignya griffithii,paramignya griffithii,1,1,1,1,1,Paramignya griffithii,wfo-1200112385,Paramignya scandens var. scandens,Rutaceae,1,1,1,1,1,Paramignya griffithii,wfo-1200112385,Paramignya scandens var. scandens,Rutaceae,exact_unique,exact
Paramignya scandens,paramignya scandens,paramignya scandens,2,2,1,1,1,Paramignya scandens,wfo-0000470443,Paramignya scandens,Rutaceae,2,2,1,1,1,Paramignya scandens,wfo-0000470443,Paramignya scandens,Rutaceae,exact_unique,exact
Parapiptadenia rigida,parapiptadenia rigida,parapiptadenia rigida,1,1,1,1,1,Parapiptadenia rigida,wfo-0000168342,Parapiptadenia rigida,Fabaceae,1,1,1,1,1,Parapiptadenia rigida,wfo-0000168342,Parapiptadenia rigida,Fabaceae,exact_unique,exact
Parartocarpus bracteatus,parartocarpus bracteatus,parartocarpus bracteatus,1,1,1,1,1,Parartocarpus bracteatus,wfo-0000473944,Parartocarpus bracteatus,Moraceae,1,1,1,1,1,Parartocarpus bracteatus,wfo-0000473944,Parartocarpus bracteatus,Moraceae,exact_unique,exact
Parathelypteris japonica,parathelypteris japonica,parathelypteris japonica,1,1,1,1,1,Parathelypteris japonica,wfo-0001335486,Coryphopteris japonica,Thelypteridaceae,1,1,1,1,1,Parathelypteris japonica,wfo-0001335486,Coryphopteris japonica,Thelypteridaceae,exact_unique,exact
Parinari,parinari,parinari,1,1,1,1,1,Parinari,wfo-4000028205,Parinari,Chrysobalanaceae,1,1,1,1,1,Parinari,wfo-4000028205,Parinari,Chrysobalanaceae,exact_unique,exact
Parinari anamensis,parinari anamensis,parinari anamensis,1,1,1,1,1,Parinari anamensis,wfo-0000817702,Parinari anamensis,Chrysobalanaceae,1,1,1,1,1,Parinari anamensis,wfo-0000817702,Parinari anamensis,Chrysobalanaceae,exact_unique,exact
Parinari brasiliensis,parinari brasiliensis,parinari brasiliensis,1,1,1,1,1,Parinari brasiliensis,wfo-0000817666,Parinari brasiliensis,Chrysobalanaceae,1,1,1,1,1,Parinari brasiliensis,wfo-0000817666,Parinari brasiliensis,Chrysobalanaceae,exact_unique,exact
Parinari campestris,parinari campestris,parinari campestris,1,1,1,1,1,Parinari campestris,wfo-0000817668,Parinari campestris,Chrysobalanaceae,1,1,1,1,1,Parinari campestris,wfo-0000817668,Parinari campestris,Chrysobalanaceae,exact_unique,exact
Parinari chocoensis,parinari chocoensis,parinari chocoensis,1,1,1,1,1,Parinari chocoensis,wfo-0000817889,Parinari chocoensis,Chrysobalanaceae,1,1,1,1,1,Parinari chocoensis,wfo-0000817889,Parinari chocoensis,Chrysobalanaceae,exact_unique,exact
Parinari congensis,parinari congensis,parinari congensis,1,1,1,1,1,Parinari congensis,wfo-0000817673,Parinari congensis,Chrysobalanaceae,1,1,1,1,1,Parinari congensis,wfo-0000817673,Parinari congensis,Chrysobalanaceae,exact_unique,exact
Parinari congolana,parinari congolana,parinari congolana,1,1,1,1,1,Parinari congolana,wfo-0000817674,Parinari congolana,Chrysobalanaceae,1,1,1,1,1,Parinari congolana,wfo-0000817674,Parinari congolana,Chrysobalanaceae,exact_unique,exact
Parinari costata,parinari costata,parinari costata,1,1,1,1,1,Parinari costata,wfo-0000817680,Parinari costata,Chrysobalanaceae,1,1,1,1,1,Parinari costata,wfo-0000817680,Parinari costata,Chrysobalanaceae,exact_unique,exact
Parinari curatellifolia,parinari curatellifolia,parinari curatellifolia,1,1,1,1,1,Parinari curatellifolia,wfo-0000817683,Parinari curatellifolia,Chrysobalanaceae,1,1,1,1,1,Parinari curatellifolia,wfo-0000817683,Parinari curatellifolia,Chrysobalanaceae,exact_unique,exact
Parinari excelsa,parinari excelsa,parinari excelsa,1,1,1,1,1,Parinari excelsa,wfo-0000817744,Parinari excelsa,Chrysobalanaceae,1,1,1,1,1,Parinari excelsa,wfo-0000817744,Parinari excelsa,Chrysobalanaceae,exact_unique,exact
Parinari insularum,parinari insularum,parinari insularum,1,1,1,1,1,Parinari insularum,wfo-0000818029,Parinari insularum,Chrysobalanaceae,1,1,1,1,1,Parinari insularum,wfo-0000818029,Parinari insularum,Chrysobalanaceae,exact_unique,exact
Parinari klugii,parinari klugii,parinari klugii,1,1,1,1,1,Parinari klugii,wfo-0000817883,Parinari klugii,Chrysobalanaceae,1,1,1,1,1,Parinari klugii,wfo-0000817883,Parinari klugii,Chrysobalanaceae,exact_unique,exact
Parinari littoralis,parinari littoralis,parinari littoralis,1,1,1,1,1,Parinari littoralis,wfo-0000817882,Parinari littoralis,Chrysobalanaceae,1,1,1,1,1,Parinari littoralis,wfo-0000817882,Parinari littoralis,Chrysobalanaceae,exact_unique,exact
Parinari maguirei,parinari maguirei,parinari maguirei,1,1,1,1,1,Parinari maguirei,wfo-0000817881,Parinari maguirei,Chrysobalanaceae,1,1,1,1,1,Parinari maguirei,wfo-0000817881,Parinari maguirei,Chrysobalanaceae,exact_unique,exact
Parinari nonda,parinari nonda,parinari nonda,1,1,1,1,1,Parinari nonda,wfo-0000817756,Parinari nonda,Chrysobalanaceae,1,1,1,1,1,Parinari nonda,wfo-0000817756,Parinari nonda,Chrysobalanaceae,exact_unique,exact
Parinari oblongifolia,parinari oblongifolia,parinari oblongifolia,1,1,1,1,1,Parinari oblongifolia,wfo-0000817758,Parinari oblongifolia,Chrysobalanaceae,1,1,1,1,1,Parinari oblongifolia,wfo-0000817758,Parinari oblongifolia,Chrysobalanaceae,exact_unique,exact
Parinari occidentalis,parinari occidentalis,parinari occidentalis,1,1,1,1,1,Parinari occidentalis,wfo-0000817878,Parinari occidentalis,Chrysobalanaceae,1,1,1,1,1,Parinari occidentalis,wfo-0000817878,Parinari occidentalis,Chrysobalanaceae,exact_unique,exact
Parinari pachyphylla,parinari pachyphylla,parinari pachyphylla,1,1,1,1,1,Parinari pachyphylla,wfo-0000817715,Parinari pachyphylla,Chrysobalanaceae,1,1,1,1,1,Parinari pachyphylla,wfo-0000817715,Parinari pachyphylla,Chrysobalanaceae,exact_unique,exact
Parinari parvifolia,parinari parvifolia,parinari parvifolia,1,1,1,1,1,Parinari parvifolia,wfo-0000817860,Parinari parvifolia,Chrysobalanaceae,1,1,1,1,1,Parinari parvifolia,wfo-0000817860,Parinari parvifolia,Chrysobalanaceae,exact_unique,exact
Parinari sprucei,parinari sprucei,parinari sprucei,1,1,1,1,1,Parinari sprucei,wfo-0000818046,Parinari sprucei,Chrysobalanaceae,1,1,1,1,1,Parinari sprucei,wfo-0000818046,Parinari sprucei,Chrysobalanaceae,exact_unique,exact
Parinari sumatrana,parinari sumatrana,parinari sumatrana,1,1,1,1,1,Parinari sumatrana,wfo-0000818062,Parinari sumatrana,Chrysobalanaceae,1,1,1,1,1,Parinari sumatrana,wfo-0000818062,Parinari sumatrana,Chrysobalanaceae,exact_unique,exact
Parnassia grandifolia,parnassia grandifolia,parnassia grandifolia,1,1,1,1,1,Parnassia grandifolia,wfo-0001135400,Parnassia grandifolia,Celastraceae,1,1,1,1,1,Parnassia grandifolia,wfo-0001135400,Parnassia grandifolia,Celastraceae,exact_unique,exact
Paronychia argentea,paronychia argentea,paronychia argentea,1,1,1,1,1,Paronychia argentea,wfo-0000466806,Paronychia argentea,Caryophyllaceae,1,1,1,1,1,Paronychia argentea,wfo-0000466806,Paronychia argentea,Caryophyllaceae,exact_unique,exact
Parrotia persica,parrotia persica,parrotia persica,1,1,1,1,1,Parrotia persica,wfo-0000467450,Parrotia persica,Hamamelidaceae,1,1,1,1,1,Parrotia persica,wfo-0000467450,Parrotia persica,Hamamelidaceae,exact_unique,exact
Parthenocissus tricuspidata,parthenocissus tricuspidata,parthenocissus tricuspidata,1,1,1,1,1,Parthenocissus tricuspidata,wfo-0000474320,Parthenocissus tricuspidata,Vitaceae,1,1,1,1,1,Parthenocissus tricuspidata,wfo-0000474320,Parthenocissus tricuspidata,Vitaceae,exact_unique,exact
Passiflora serratodigitata,passiflora serratodigitata,passiflora serratodigitata,1,1,1,1,1,Passiflora serratodigitata,wfo-0001090767,Passiflora serratodigitata,Passifloraceae,1,1,1,1,1,Passiflora serratodigitata,wfo-0001090767,Passiflora serratodigitata,Passifloraceae,exact_unique,exact
Passiflora sexflora,passiflora sexflora,passiflora sexflora,1,1,1,1,1,Passiflora sexflora,wfo-0000480111,Passiflora sexflora,Passifloraceae,1,1,1,1,1,Passiflora sexflora,wfo-0000480111,Passiflora sexflora,Passifloraceae,exact_unique,exact
Patersonia fragilis,patersonia fragilis,patersonia fragilis,1,1,1,1,1,Patersonia fragilis,wfo-0000785824,Patersonia fragilis,Iridaceae,1,1,1,1,1,Patersonia fragilis,wfo-0000785824,Patersonia fragilis,Iridaceae,exact_unique,exact
Patersonia glabrata,patersonia glabrata,patersonia glabrata,1,1,1,1,1,Patersonia glabrata,wfo-0000785825,Patersonia glabrata,Iridaceae,1,1,1,1,1,Patersonia glabrata,wfo-0000785825,Patersonia glabrata,Iridaceae,exact_unique,exact
Patersonia occidentalis,patersonia occidentalis,patersonia occidentalis,1,1,1,1,1,Patersonia occidentalis,wfo-0000785685,Patersonia occidentalis,Iridaceae,1,1,1,1,1,Patersonia occidentalis,wfo-0000785685,Patersonia occidentalis,Iridaceae,exact_unique,exact
Patersonia sericea,patersonia sericea,patersonia sericea,1,1,1,1,1,Patersonia sericea,wfo-0000785697,Patersonia sericea,Iridaceae,1,1,1,1,1,Patersonia sericea,wfo-0000785697,Patersonia sericea,Iridaceae,exact_unique,exact
Patrinia scabra,patrinia scabra,patrinia scabra,1,1,1,1,1,Patrinia scabra,wfo-0001225090,Patrinia scabra,Caprifoliaceae,1,1,1,1,1,Patrinia scabra,wfo-0001225090,Patrinia scabra,Caprifoliaceae,exact_unique,exact
Paullinia cupana,paullinia cupana,paullinia cupana,1,1,1,1,1,Paullinia cupana,wfo-0000471124,Paullinia cupana,Sapindaceae,1,1,1,1,1,Paullinia cupana,wfo-0000471124,Paullinia cupana,Sapindaceae,exact_unique,exact
Paulownia tomentosa,paulownia tomentosa,paulownia tomentosa,2,2,1,1,1,Paulownia tomentosa,wfo-0000470767,Paulownia tomentosa,Paulowniaceae,2,2,1,1,1,Paulownia tomentosa,wfo-0000470767,Paulownia tomentosa,Paulowniaceae,exact_unique,exact
Pavetta owariensis,pavetta owariensis,pavetta owariensis,1,1,1,1,1,Pavetta owariensis,wfo-0000265725,Pavetta owariensis,Rubiaceae,1,1,1,1,1,Pavetta owariensis,wfo-0000265725,Pavetta owariensis,Rubiaceae,exact_unique,exact
Pelargonium reniforme,pelargonium reniforme,pelargonium reniforme,1,1,1,1,1,Pelargonium reniforme,wfo-0001064361,Pelargonium reniforme,Geraniaceae,1,1,1,1,1,Pelargonium reniforme,wfo-0001064361,Pelargonium reniforme,Geraniaceae,exact_unique,exact
Pelargonium sidoides,pelargonium sidoides,pelargonium sidoides,1,1,1,1,1,Pelargonium sidoides,wfo-0001221559,Pelargonium sidoides,Geraniaceae,1,1,1,1,1,Pelargonium sidoides,wfo-0001221559,Pelargonium sidoides,Geraniaceae,exact_unique,exact
Peltogyne catingae,peltogyne catingae,peltogyne catingae,1,1,1,1,1,Peltogyne catingae,wfo-0000168357,Peltogyne catingae,Fabaceae,1,1,1,1,1,Peltogyne catingae,wfo-0000168357,Peltogyne catingae,Fabaceae,exact_unique,exact
Peltogyne confertiflora,peltogyne confertiflora,peltogyne confertiflora,1,1,1,1,1,Peltogyne confertiflora,wfo-0000183518,Peltogyne confertiflora,Fabaceae,1,1,1,1,1,Peltogyne confertiflora,wfo-0000183518,Peltogyne confertiflora,Fabaceae,exact_unique,exact
Peltogyne floribunda,peltogyne floribunda,peltogyne floribunda,1,1,1,1,1,Peltogyne floribunda,wfo-0000168359,Peltogyne floribunda,Fabaceae,1,1,1,1,1,Peltogyne floribunda,wfo-0000168359,Peltogyne floribunda,Fabaceae,exact_unique,exact
Peltogyne paniculata,peltogyne paniculata,peltogyne paniculata,1,1,1,1,1,Peltogyne paniculata,wfo-0000174172,Peltogyne paniculata,Fabaceae,1,1,1,1,1,Peltogyne paniculata,wfo-0000174172,Peltogyne paniculata,Fabaceae,exact_unique,exact
Peltogyne porphyrocardia,peltogyne porphyrocardia,peltogyne porphyrocardia,1,1,1,1,1,Peltogyne porphyrocardia,wfo-0000168359,Peltogyne floribunda,Fabaceae,1,1,1,1,1,Peltogyne porphyrocardia,wfo-0000168359,Peltogyne floribunda,Fabaceae,exact_unique,exact
Peltogyne recifensis,peltogyne recifensis,peltogyne recifensis,1,1,1,1,1,Peltogyne recifensis,wfo-0000168367,Peltogyne recifensis,Fabaceae,1,1,1,1,1,Peltogyne recifensis,wfo-0000168367,Peltogyne recifensis,Fabaceae,exact_unique,exact
Peltogyne venosa,peltogyne venosa,peltogyne venosa,1,1,1,1,1,Peltogyne venosa,wfo-0000186735,Peltogyne venosa,Fabaceae,1,1,1,1,1,Peltogyne venosa,wfo-0000186735,Peltogyne venosa,Fabaceae,exact_unique,exact
Peltophorum africanum,peltophorum africanum,peltophorum africanum,1,1,1,1,1,Peltophorum africanum,wfo-0000194865,Peltophorum africanum,Fabaceae,1,1,1,1,1,Peltophorum africanum,wfo-0000194865,Peltophorum africanum,Fabaceae,exact_unique,exact
Peltophorum pterocarpum,peltophorum pterocarpum,peltophorum pterocarpum,1,1,1,1,1,Peltophorum pterocarpum,wfo-0000178769,Peltophorum pterocarpum,Fabaceae,1,1,1,1,1,Peltophorum pterocarpum,wfo-0000178769,Peltophorum pterocarpum,Fabaceae,exact_unique,exact
Penstemon serrulatus,penstemon serrulatus,penstemon serrulatus,1,1,1,1,1,Penstemon serrulatus,wfo-0001136600,Penstemon serrulatus,Plantaginaceae,1,1,1,1,1,Penstemon serrulatus,wfo-0001136600,Penstemon serrulatus,Plantaginaceae,exact_unique,exact
Pentadesma butyracea,pentadesma butyracea,pentadesma butyracea,1,1,1,1,1,Pentadesma butyracea,wfo-0000395230,Pentadesma butyracea,Clusiaceae,1,1,1,1,1,Pentadesma butyracea,wfo-0000395230,Pentadesma butyracea,Clusiaceae,exact_unique,exact
Pentagramma,pentagramma,pentagramma,1,1,1,1,1,Pentagramma,wfo-4000028587,Pentagramma,Pteridaceae,1,1,1,1,1,Pentagramma,wfo-4000028587,Pentagramma,Pteridaceae,exact_unique,exact
Pentagramma pallida,pentagramma pallida,pentagramma pallida,1,1,1,1,1,Pentagramma pallida,wfo-0001114297,Pentagramma pallida,Pteridaceae,1,1,1,1,1,Pentagramma pallida,wfo-0001114297,Pentagramma pallida,Pteridaceae,exact_unique,exact
Pentagramma triangularis,pentagramma triangularis,pentagramma triangularis,1,1,1,1,1,Pentagramma triangularis,wfo-0001114298,Pentagramma triangularis,Pteridaceae,1,1,1,1,1,Pentagramma triangularis,wfo-0001114298,Pentagramma triangularis,Pteridaceae,exact_unique,exact
Peperomia blanda,peperomia blanda,peperomia blanda,1,1,1,1,1,Peperomia blanda,wfo-0000478029,Peperomia blanda,Piperaceae,1,1,1,1,1,Peperomia blanda,wfo-0000478029,Peperomia blanda,Piperaceae,exact_unique,exact
Pericallis cruenta,pericallis cruenta,pericallis cruenta,2,2,1,1,1,Pericallis cruenta,wfo-0000139031,Pericallis cruenta,Asteraceae,2,2,1,1,1,Pericallis cruenta,wfo-0000139031,Pericallis cruenta,Asteraceae,exact_unique,exact
Pericallis hybrida,pericallis hybrida,pericallis hybrida,1,1,1,1,1,Pericallis hybrida,wfo-0000074849,Pericallis hybrida,Asteraceae,1,1,1,1,1,Pericallis hybrida,wfo-0000074849,Pericallis hybrida,Asteraceae,exact_unique,exact
Pericopsis,pericopsis,pericopsis,1,1,1,1,1,Pericopsis,wfo-4000028753,Pericopsis,Fabaceae,1,1,1,1,1,Pericopsis,wfo-4000028753,Pericopsis,Fabaceae,exact_unique,exact
Pericopsis angolensis,pericopsis angolensis,pericopsis angolensis,1,1,1,1,1,Pericopsis angolensis,wfo-0000212075,Pericopsis angolensis,Fabaceae,1,1,1,1,1,Pericopsis angolensis,wfo-0000212075,Pericopsis angolensis,Fabaceae,exact_unique,exact
Pericopsis elata,pericopsis elata,pericopsis elata,1,1,1,1,1,Pericopsis elata,wfo-0000212083,Pericopsis elata,Fabaceae,1,1,1,1,1,Pericopsis elata,wfo-0000212083,Pericopsis elata,Fabaceae,exact_unique,exact
Pericopsis laxiflora,pericopsis laxiflora,pericopsis laxiflora,1,1,1,1,1,Pericopsis laxiflora,wfo-0000212085,Pericopsis laxiflora,Fabaceae,1,1,1,1,1,Pericopsis laxiflora,wfo-0000212085,Pericopsis laxiflora,Fabaceae,exact_unique,exact
Pericopsis mooniana,pericopsis mooniana,pericopsis mooniana,1,1,1,1,1,Pericopsis mooniana,wfo-0000185594,Pericopsis mooniana,Fabaceae,1,1,1,1,1,Pericopsis mooniana,wfo-0000185594,Pericopsis mooniana,Fabaceae,exact_unique,exact
Perilla frutescens,perilla frutescens,perilla frutescens,1,1,1,1,1,Perilla frutescens,wfo-0000267281,Perilla frutescens,Lamiaceae,1,1,1,1,1,Perilla frutescens,wfo-0000267281,Perilla frutescens,Lamiaceae,exact_unique,exact
Perityle vaseyi,perityle vaseyi,perityle vaseyi,1,1,1,1,1,Perityle vaseyi,wfo-0000073677,Perityle vaseyi,Asteraceae,1,1,1,1,1,Perityle vaseyi,wfo-0000073677,Perityle vaseyi,Asteraceae,exact_unique,exact
Perovskia abrotanoides,perovskia abrotanoides,perovskia abrotanoides,1,1,1,1,1,Perovskia abrotanoides,wfo-0001428614,Salvia abrotanoides,Lamiaceae,1,1,1,1,1,Perovskia abrotanoides,wfo-0001428614,Salvia abrotanoides,Lamiaceae,exact_unique,exact
Perovskia atriplicifolia,perovskia atriplicifolia,perovskia atriplicifolia,1,1,1,1,1,Perovskia atriplicifolia,wfo-0001427364,Salvia yangii,Lamiaceae,1,1,1,1,1,Perovskia atriplicifolia,wfo-0001427364,Salvia yangii,Lamiaceae,exact_unique,exact
Persea americana,persea americana,persea americana,1,1,1,1,1,Persea americana,wfo-0000465160,Persea americana,Lauraceae,1,1,1,1,1,Persea americana,wfo-0000465160,Persea americana,Lauraceae,exact_unique,exact
Persicaria barbata,persicaria barbata,persicaria barbata,1,1,1,1,1,Persicaria barbata,wfo-0000488084,Persicaria barbata,Polygonaceae,1,1,1,1,1,Persicaria barbata,wfo-0000488084,Persicaria barbata,Polygonaceae,exact_unique,exact
Persicaria decipiens,persicaria decipiens,persicaria decipiens,1,1,1,1,1,Persicaria decipiens,wfo-0000488020,Persicaria decipiens,Polygonaceae,1,1,1,1,1,Persicaria decipiens,wfo-0000488020,Persicaria decipiens,Polygonaceae,exact_unique,exact
Persicaria ferruginea,persicaria ferruginea,persicaria ferruginea,1,1,1,1,1,Persicaria ferruginea,wfo-0000488041,Persicaria ferruginea,Polygonaceae,1,1,1,1,1,Persicaria ferruginea,wfo-0000488041,Persicaria ferruginea,Polygonaceae,exact_unique,exact
Persicaria hydropiper,persicaria hydropiper,persicaria hydropiper,3,3,1,1,1,Persicaria hydropiper,wfo-0000488426,Persicaria hydropiper,Polygonaceae,3,3,1,1,1,Persicaria hydropiper,wfo-0000488426,Persicaria hydropiper,Polygonaceae,exact_unique,exact
Persicaria lapathifolia,persicaria lapathifolia,persicaria lapathifolia,2,2,1,1,1,Persicaria lapathifolia,wfo-0000488400,Persicaria lapathifolia,Polygonaceae,2,2,1,1,1,Persicaria lapathifolia,wfo-0000488400,Persicaria lapathifolia,Polygonaceae,exact_unique,exact
Persicaria limbata,persicaria limbata,persicaria limbata,2,2,1,1,1,Persicaria limbata,wfo-0000488472,Persicaria limbata,Polygonaceae,2,2,1,1,1,Persicaria limbata,wfo-0000488472,Persicaria limbata,Polygonaceae,exact_unique,exact
Persicaria muricata,persicaria muricata,persicaria muricata,1,1,1,1,1,Persicaria muricata,wfo-0001245700,Polygonum muricatum,Polygonaceae,1,1,1,1,1,Persicaria muricata,wfo-0001245700,Polygonum muricatum,Polygonaceae,exact_unique,exact
Persicaria nepalensis,persicaria nepalensis,persicaria nepalensis,2,2,1,1,1,Persicaria nepalensis,wfo-0000488438,Persicaria nepalensis,Polygonaceae,2,2,1,1,1,Persicaria nepalensis,wfo-0000488438,Persicaria nepalensis,Polygonaceae,exact_unique,exact
Persicaria orientalis,persicaria orientalis,persicaria orientalis,2,2,1,1,1,Persicaria orientalis,wfo-0000488434,Persicaria orientalis,Polygonaceae,2,2,1,1,1,Persicaria orientalis,wfo-0000488434,Persicaria orientalis,Polygonaceae,exact_unique,exact
Persicaria perfoliata,persicaria perfoliata,persicaria perfoliata,1,1,1,1,1,Persicaria perfoliata,wfo-0000489147,Polygonum perfoliatum,Polygonaceae,1,1,1,1,1,Persicaria perfoliata,wfo-0000489147,Polygonum perfoliatum,Polygonaceae,exact_unique,exact
Persicaria senegalensis,persicaria senegalensis,persicaria senegalensis,1,1,1,1,1,Persicaria senegalensis,wfo-0000488300,Persicaria senegalensis,Polygonaceae,1,1,1,1,1,Persicaria senegalensis,wfo-0000488300,Persicaria senegalensis,Polygonaceae,exact_unique,exact
Perymenium hintonii,perymenium hintonii,perymenium hintonii,1,1,1,1,1,Perymenium hintonii,wfo-0000013649,Perymenium hintonii,Asteraceae,1,1,1,1,1,Perymenium hintonii,wfo-0000013649,Perymenium hintonii,Asteraceae,exact_unique,exact
Petiveria alliacea,petiveria alliacea,petiveria alliacea,1,1,1,1,1,Petiveria alliacea,wfo-0000481950,Petiveria alliacea,Petiveriaceae,1,1,1,1,1,Petiveria alliacea,wfo-0000481950,Petiveria alliacea,Petiveriaceae,exact_unique,exact
Petrorhagia dubia,petrorhagia dubia,petrorhagia dubia,1,1,1,1,1,Petrorhagia dubia,wfo-0000395411,Petrorhagia dubia,Caryophyllaceae,1,1,1,1,1,Petrorhagia dubia,wfo-0000395411,Petrorhagia dubia,Caryophyllaceae,exact_unique,exact
Petrosedum pruinatum,petrosedum pruinatum,petrosedum pruinatum,1,1,1,1,1,Petrosedum pruinatum,wfo-0000396514,Petrosedum pruinatum,Crassulaceae,1,1,1,1,1,Petrosedum pruinatum,wfo-0000396514,Petrosedum pruinatum,Crassulaceae,exact_unique,exact
Petroselinum crispum,petroselinum crispum,petroselinum crispum,2,2,1,1,1,Petroselinum crispum,wfo-0000745326,Petroselinum crispum,Apiaceae,2,2,1,1,1,Petroselinum crispum,wfo-0000745326,Petroselinum crispum,Apiaceae,exact_unique,exact
Petunia,petunia,petunia,1,1,1,1,1,Petunia,wfo-4000028997,Petunia,Solanaceae,1,1,1,1,1,Petunia,wfo-4000028997,Petunia,Solanaceae,exact_unique,exact
Petunia atkinsiana,petunia atkinsiana,petunia atkinsiana,1,1,1,1,1,Petunia atkinsiana,wfo-0001024407,Petunia atkinsiana,Solanaceae,1,1,1,1,1,Petunia atkinsiana,wfo-0001024407,Petunia atkinsiana,Solanaceae,exact_unique,exact
Petunia exserta,petunia exserta,petunia exserta,1,1,1,1,1,Petunia exserta,wfo-0001024427,Petunia exserta,Solanaceae,1,1,1,1,1,Petunia exserta,wfo-0001024427,Petunia exserta,Solanaceae,exact_unique,exact
Petunia hybrida,petunia hybrida,petunia hybrida,1,1,1,1,1,Petunia hybrida,wfo-0001024407,Petunia atkinsiana,Solanaceae,1,1,1,1,1,Petunia hybrida,wfo-0001024407,Petunia atkinsiana,Solanaceae,exact_unique,exact
Petunia inflata,petunia inflata,petunia inflata,1,1,1,1,1,Petunia inflata,wfo-0001024436,Petunia inflata,Solanaceae,1,1,1,1,1,Petunia inflata,wfo-0001024436,Petunia inflata,Solanaceae,exact_unique,exact
Peucephyllum schottii,peucephyllum schottii,peucephyllum schottii,1,1,1,1,1,Peucephyllum schottii,wfo-0000043931,Peucephyllum schottii,Asteraceae,1,1,1,1,1,Peucephyllum schottii,wfo-0000043931,Peucephyllum schottii,Asteraceae,exact_unique,exact
Phalaenopsis equestris,phalaenopsis equestris,phalaenopsis equestris,1,1,1,1,1,Phalaenopsis equestris,wfo-0000268204,Phalaenopsis equestris,Orchidaceae,1,1,1,1,1,Phalaenopsis equestris,wfo-0000268204,Phalaenopsis equestris,Orchidaceae,exact_unique,exact
Phalaenopsis sanderiana,phalaenopsis sanderiana,phalaenopsis sanderiana,1,1,1,1,1,Phalaenopsis sanderiana,wfo-0000268306,Phalaenopsis sanderiana,Orchidaceae,1,1,1,1,1,Phalaenopsis sanderiana,wfo-0000268306,Phalaenopsis sanderiana,Orchidaceae,exact_unique,exact
Phalaenopsis schilleriana,phalaenopsis schilleriana,phalaenopsis schilleriana,1,1,1,1,1,Phalaenopsis schilleriana,wfo-0000268310,Phalaenopsis schilleriana,Orchidaceae,1,1,1,1,1,Phalaenopsis schilleriana,wfo-0000268310,Phalaenopsis schilleriana,Orchidaceae,exact_unique,exact
Phaseolus coccineus,phaseolus coccineus,phaseolus coccineus,2,2,1,1,1,Phaseolus coccineus,wfo-0000183242,Phaseolus coccineus,Fabaceae,2,2,1,1,1,Phaseolus coccineus,wfo-0000183242,Phaseolus coccineus,Fabaceae,exact_unique,exact
Phaseolus lunatus,phaseolus lunatus,phaseolus lunatus,1,1,1,1,1,Phaseolus lunatus,wfo-0000183263,Phaseolus lunatus,Fabaceae,1,1,1,1,1,Phaseolus lunatus,wfo-0000183263,Phaseolus lunatus,Fabaceae,exact_unique,exact
Phedimus stoloniferus,phedimus stoloniferus,phedimus stoloniferus,1,1,1,1,1,Phedimus stoloniferus,wfo-0000396540,Phedimus stoloniferus,Crassulaceae,1,1,1,1,1,Phedimus stoloniferus,wfo-0000396540,Phedimus stoloniferus,Crassulaceae,exact_unique,exact
Phellodendron amurense,phellodendron amurense,phellodendron amurense,1,1,1,1,1,Phellodendron amurense,wfo-0000470314,Phellodendron amurense,Rutaceae,1,1,1,1,1,Phellodendron amurense,wfo-0000470314,Phellodendron amurense,Rutaceae,exact_unique,exact
Phellodendron chinense,phellodendron chinense,phellodendron chinense,1,1,1,1,1,Phellodendron chinense,wfo-0000470377,Phellodendron chinense,Rutaceae,1,1,1,1,1,Phellodendron chinense,wfo-0000470377,Phellodendron chinense,Rutaceae,exact_unique,exact
Philotheca gardneri,philotheca gardneri,philotheca gardneri,1,1,1,1,1,Philotheca gardneri,wfo-0001263468,Philotheca gardneri,Rutaceae,1,1,1,1,1,Philotheca gardneri,wfo-0001263468,Philotheca gardneri,Rutaceae,exact_unique,exact
Philotheca rhomboidea,philotheca rhomboidea,philotheca rhomboidea,1,1,1,1,1,Philotheca rhomboidea,wfo-0001263476,Philotheca rhomboidea,Rutaceae,1,1,1,1,1,Philotheca rhomboidea,wfo-0001263476,Philotheca rhomboidea,Rutaceae,exact_unique,exact
Philotheca tomentella,philotheca tomentella,philotheca tomentella,1,1,1,1,1,Philotheca tomentella,wfo-0001263484,Philotheca tomentella,Rutaceae,1,1,1,1,1,Philotheca tomentella,wfo-0001263484,Philotheca tomentella,Rutaceae,exact_unique,exact
Phlebodium aureum,phlebodium aureum,phlebodium aureum,1,1,1,1,1,Phlebodium aureum,wfo-0001109224,Phlebodium aureum,Polypodiaceae,1,1,1,1,1,Phlebodium aureum,wfo-0001109224,Phlebodium aureum,Polypodiaceae,exact_unique,exact
Phlebodium decumanum,phlebodium decumanum,phlebodium decumanum,1,1,1,1,1,Phlebodium decumanum,wfo-0001109225,Phlebodium decumanum,Polypodiaceae,1,1,1,1,1,Phlebodium decumanum,wfo-0001109225,Phlebodium decumanum,Polypodiaceae,exact_unique,exact
Phlomis aurea,phlomis aurea,phlomis aurea,1,1,1,1,1,Phlomis aurea,wfo-0000269191,Phlomis aurea,Lamiaceae,1,1,1,1,1,Phlomis aurea,wfo-0000269191,Phlomis aurea,Lamiaceae,exact_unique,exact
Phlomis floccosa,phlomis floccosa,phlomis floccosa,1,1,1,1,1,Phlomis floccosa,wfo-0000269294,Phlomis floccosa,Lamiaceae,1,1,1,1,1,Phlomis floccosa,wfo-0000269294,Phlomis floccosa,Lamiaceae,exact_unique,exact
Phlomis nissolii,phlomis nissolii,phlomis nissolii,1,1,1,1,1,Phlomis nissolii,wfo-0000269413,Phlomis nissolii,Lamiaceae,1,1,1,1,1,Phlomis nissolii,wfo-0000269413,Phlomis nissolii,Lamiaceae,exact_unique,exact
Phoebe formosana,phoebe formosana,phoebe formosana,1,1,1,1,1,Phoebe formosana,wfo-0001070680,Phoebe formosana,Lauraceae,1,1,1,1,1,Phoebe formosana,wfo-0001070680,Phoebe formosana,Lauraceae,exact_unique,exact
Phoenix dactylifera,phoenix dactylifera,phoenix dactylifera,1,1,1,1,1,Phoenix dactylifera,wfo-0000269752,Phoenix dactylifera,Arecaceae,1,1,1,1,1,Phoenix dactylifera,wfo-0000269752,Phoenix dactylifera,Arecaceae,exact_unique,exact
Phoenix loureiroi,phoenix loureiroi,phoenix loureiroi,1,1,1,1,1,Phoenix loureiroi,wfo-0000269784,Phoenix loureiroi,Arecaceae,1,1,1,1,1,Phoenix loureiroi,wfo-0000269784,Phoenix loureiroi,Arecaceae,exact_unique,exact
Phoenix sylvestris,phoenix sylvestris,phoenix sylvestris,1,1,1,1,1,Phoenix sylvestris,wfo-0000269807,Phoenix sylvestris,Arecaceae,1,1,1,1,1,Phoenix sylvestris,wfo-0000269807,Phoenix sylvestris,Arecaceae,exact_unique,exact
Pholidota chinensis,pholidota chinensis,pholidota chinensis,1,1,1,1,1,Pholidota chinensis,wfo-0000907176,Coelogyne chinensis,Orchidaceae,1,1,1,1,1,Pholidota chinensis,wfo-0000907176,Coelogyne chinensis,Orchidaceae,exact_unique,exact
Phonus arborescens,phonus arborescens,phonus arborescens,1,1,1,1,1,Phonus arborescens,wfo-0000032213,Phonus arborescens,Asteraceae,1,1,1,1,1,Phonus arborescens,wfo-0000032213,Phonus arborescens,Asteraceae,exact_unique,exact
Phyla dulcis,phyla dulcis,phyla dulcis,1,1,1,1,1,Phyla dulcis,wfo-0000228801,Lippia dulcis,Verbenaceae,1,1,1,1,1,Phyla dulcis,wfo-0000228801,Lippia dulcis,Verbenaceae,exact_unique,exact
Phyllanthus amarus,phyllanthus amarus,phyllanthus amarus,1,1,1,1,1,Phyllanthus amarus,wfo-0000270441,Phyllanthus amarus,Phyllanthaceae,1,1,1,1,1,Phyllanthus amarus,wfo-0000270441,Phyllanthus amarus,Phyllanthaceae,exact_unique,exact
Phyllanthus atropurpureus,phyllanthus atropurpureus,phyllanthus atropurpureus,2,2,1,1,1,Phyllanthus atropurpureus,wfo-0000412108,Breynia disticha,Phyllanthaceae,2,2,1,1,1,Phyllanthus atropurpureus,wfo-0000412108,Breynia disticha,Phyllanthaceae,exact_unique,exact
Phyllanthus emblica,phyllanthus emblica,phyllanthus emblica,1,1,1,1,1,Phyllanthus emblica,wfo-0000270932,Phyllanthus emblica,Phyllanthaceae,1,1,1,1,1,Phyllanthus emblica,wfo-0000270932,Phyllanthus emblica,Phyllanthaceae,exact_unique,exact
Phyllanthus klotzschianus,phyllanthus klotzschianus,phyllanthus klotzschianus,1,1,1,1,1,Phyllanthus klotzschianus,wfo-0000271281,Phyllanthus klotzschianus,Phyllanthaceae,1,1,1,1,1,Phyllanthus klotzschianus,wfo-0000271281,Phyllanthus klotzschianus,Phyllanthaceae,exact_unique,exact
Phyllanthus niruri,phyllanthus niruri,phyllanthus niruri,1,1,1,1,1,Phyllanthus niruri,wfo-0000271623,Phyllanthus niruri,Phyllanthaceae,1,1,1,1,1,Phyllanthus niruri,wfo-0000271623,Phyllanthus niruri,Phyllanthaceae,exact_unique,exact
Phyllanthus reticulatus,phyllanthus reticulatus,phyllanthus reticulatus,1,1,1,1,1,Phyllanthus reticulatus,wfo-0000271947,Phyllanthus reticulatus,Phyllanthaceae,1,1,1,1,1,Phyllanthus reticulatus,wfo-0000271947,Phyllanthus reticulatus,Phyllanthaceae,exact_unique,exact
Phyllanthus sellowianus,phyllanthus sellowianus,phyllanthus sellowianus,1,1,1,1,1,Phyllanthus sellowianus,wfo-0000272071,Phyllanthus sellowianus,Phyllanthaceae,1,1,1,1,1,Phyllanthus sellowianus,wfo-0000272071,Phyllanthus sellowianus,Phyllanthaceae,exact_unique,exact
Phyllocladus alpinus,phyllocladus alpinus,phyllocladus alpinus,1,1,1,1,1,Phyllocladus alpinus,wfo-0000735853,Phyllocladus trichomanoides var. alpinus,Podocarpaceae,1,1,1,1,1,Phyllocladus alpinus,wfo-0000735853,Phyllocladus trichomanoides var. alpinus,Podocarpaceae,exact_unique,exact
Phyllocladus trichomanoides,phyllocladus trichomanoides,phyllocladus trichomanoides,1,1,1,1,1,Phyllocladus trichomanoides,wfo-0000481971,Phyllocladus trichomanoides,Podocarpaceae,1,1,1,1,1,Phyllocladus trichomanoides,wfo-0000481971,Phyllocladus trichomanoides,Podocarpaceae,exact_unique,exact
Phyllodium pulchellum,phyllodium pulchellum,phyllodium pulchellum,1,1,1,1,1,Phyllodium pulchellum,wfo-0000186274,Phyllodium pulchellum,Fabaceae,1,1,1,1,1,Phyllodium pulchellum,wfo-0000186274,Phyllodium pulchellum,Fabaceae,exact_unique,exact
Phyllolobium chinense,phyllolobium chinense,phyllolobium chinense,1,1,1,1,1,Phyllolobium chinense,wfo-0000198325,Phyllolobium chinense,Fabaceae,1,1,1,1,1,Phyllolobium chinense,wfo-0000198325,Phyllolobium chinense,Fabaceae,exact_unique,exact
Physena madagascariensis,physena madagascariensis,physena madagascariensis,2,2,1,1,1,Physena madagascariensis,wfo-0001315897,Physena madagascariensis,Physenaceae,2,2,1,1,1,Physena madagascariensis,wfo-0001315897,Physena madagascariensis,Physenaceae,exact_unique,exact
Physochlaina physaloides,physochlaina physaloides,physochlaina physaloides,1,1,1,1,1,Physochlaina physaloides,wfo-0001025078,Physochlaina physaloides,Solanaceae,1,1,1,1,1,Physochlaina physaloides,wfo-0001025078,Physochlaina physaloides,Solanaceae,exact_unique,exact
Phytolacca americana,phytolacca americana,phytolacca americana,1,1,1,1,1,Phytolacca americana,wfo-0000482062,Phytolacca americana,Phytolaccaceae,1,1,1,1,1,Phytolacca americana,wfo-0000482062,Phytolacca americana,Phytolaccaceae,exact_unique,exact
Picea abies,picea abies,picea abies,1,1,1,1,1,Picea abies,wfo-0000482030,Picea abies,Pinaceae,1,1,1,1,1,Picea abies,wfo-0000482030,Picea abies,Pinaceae,exact_unique,exact
Picea jezoensis,picea jezoensis,picea jezoensis,1,1,1,1,1,Picea jezoensis,wfo-0000482440,Picea jezoensis,Pinaceae,1,1,1,1,1,Picea jezoensis,wfo-0000482440,Picea jezoensis,Pinaceae,exact_unique,exact
Picea neoveitchii,picea neoveitchii,picea neoveitchii,1,1,1,1,1,Picea neoveitchii,wfo-0000482462,Picea neoveitchii,Pinaceae,1,1,1,1,1,Picea neoveitchii,wfo-0000482462,Picea neoveitchii,Pinaceae,exact_unique,exact
Picradeniopsis bigelovii,picradeniopsis bigelovii,picradeniopsis bigelovii,1,1,1,1,1,Picradeniopsis bigelovii,wfo-0001347189,Picradeniopsis bigelovii,Asteraceae,1,1,1,1,1,Picradeniopsis bigelovii,wfo-0001347189,Picradeniopsis bigelovii,Asteraceae,exact_unique,exact
Picrasma quassioides,picrasma quassioides,picrasma quassioides,1,1,1,1,1,Picrasma quassioides,wfo-0000474766,Picrasma quassioides,Simaroubaceae,1,1,1,1,1,Picrasma quassioides,wfo-0000474766,Picrasma quassioides,Simaroubaceae,exact_unique,exact
Pieris floribunda,pieris floribunda,pieris floribunda,1,1,1,1,1,Pieris floribunda,wfo-0001047057,Pieris floribunda,Ericaceae,1,1,1,1,1,Pieris floribunda,wfo-0001047057,Pieris floribunda,Ericaceae,exact_unique,exact
Pieris japonica,pieris japonica,pieris japonica,1,1,1,1,1,Pieris japonica,wfo-0001047846,Pieris japonica,Ericaceae,1,1,1,1,1,Pieris japonica,wfo-0001047846,Pieris japonica,Ericaceae,exact_unique,exact
Pilea cadierei,pilea cadierei,pilea cadierei,1,1,1,1,1,Pilea cadierei,wfo-0000472993,Pilea cadierei,Urticaceae,1,1,1,1,1,Pilea cadierei,wfo-0000472993,Pilea cadierei,Urticaceae,exact_unique,exact
Pilocarpus trachylophus,pilocarpus trachylophus,pilocarpus trachylophus,1,1,1,1,1,Pilocarpus trachylophus,wfo-0001132714,Pilocarpus trachylophus,Rutaceae,1,1,1,1,1,Pilocarpus trachylophus,wfo-0001132714,Pilocarpus trachylophus,Rutaceae,exact_unique,exact
Pilotrichella flexilis,pilotrichella flexilis,pilotrichella flexilis,1,1,1,1,1,Pilotrichella flexilis,wfo-0001151880,Pilotrichella flexilis,Lembophyllaceae,1,1,1,1,1,Pilotrichella flexilis,wfo-0001151880,Pilotrichella flexilis,Lembophyllaceae,exact_unique,exact
Pimenta dioica,pimenta dioica,pimenta dioica,1,1,1,1,1,Pimenta dioica,wfo-0000273391,Pimenta dioica,Myrtaceae,1,1,1,1,1,Pimenta dioica,wfo-0000273391,Pimenta dioica,Myrtaceae,exact_unique,exact
Pinalia floribunda,pinalia floribunda,pinalia floribunda,1,1,1,1,1,Pinalia floribunda,wfo-0000273499,Pinalia floribunda,Orchidaceae,1,1,1,1,1,Pinalia floribunda,wfo-0000273499,Pinalia floribunda,Orchidaceae,exact_unique,exact
Pinalia pandurata,pinalia pandurata,pinalia pandurata,1,1,1,1,1,Pinalia pandurata,wfo-0000922211,Pinalia pandurata,Orchidaceae,1,1,1,1,1,Pinalia pandurata,wfo-0000922211,Pinalia pandurata,Orchidaceae,exact_unique,exact
Pinus,pinus,pinus,1,1,1,1,1,Pinus,wfo-4000029794,Pinus,Pinaceae,1,1,1,1,1,Pinus,wfo-4000029794,Pinus,Pinaceae,exact_unique,exact
Pinus aristata,pinus aristata,pinus aristata,1,1,1,1,1,Pinus aristata,wfo-0000482619,Pinus aristata,Pinaceae,1,1,1,1,1,Pinus aristata,wfo-0000482619,Pinus aristata,Pinaceae,exact_unique,exact
Pinus armandii,pinus armandii,pinus armandii,1,1,1,1,1,Pinus armandii,wfo-0000482309,Pinus armandii,Pinaceae,1,1,1,1,1,Pinus armandii,wfo-0000482309,Pinus armandii,Pinaceae,exact_unique,exact
Pinus banksiana,pinus banksiana,pinus banksiana,1,1,1,1,1,Pinus banksiana,wfo-0000482353,Pinus banksiana,Pinaceae,1,1,1,1,1,Pinus banksiana,wfo-0000482353,Pinus banksiana,Pinaceae,exact_unique,exact
Pinus brutia,pinus brutia,pinus brutia,1,1,1,1,1,Pinus brutia,wfo-0000482336,Pinus brutia,Pinaceae,1,1,1,1,1,Pinus brutia,wfo-0000482336,Pinus brutia,Pinaceae,exact_unique,exact
Pinus bungeana,pinus bungeana,pinus bungeana,1,1,1,1,1,Pinus bungeana,wfo-0000482252,Pinus bungeana,Pinaceae,1,1,1,1,1,Pinus bungeana,wfo-0000482252,Pinus bungeana,Pinaceae,exact_unique,exact
Pinus clausa,pinus clausa,pinus clausa,1,1,1,1,1,Pinus clausa,wfo-0000481362,Pinus clausa,Pinaceae,1,1,1,1,1,Pinus clausa,wfo-0000481362,Pinus clausa,Pinaceae,exact_unique,exact
Pinus contorta,pinus contorta,pinus contorta,1,1,1,1,1,Pinus contorta,wfo-0000481330,Pinus contorta,Pinaceae,1,1,1,1,1,Pinus contorta,wfo-0000481330,Pinus contorta,Pinaceae,exact_unique,exact
Pinus halepensis,pinus halepensis,pinus halepensis,1,1,1,1,1,Pinus halepensis,wfo-0000481363,Pinus halepensis,Pinaceae,1,1,1,1,1,Pinus halepensis,wfo-0000481363,Pinus halepensis,Pinaceae,exact_unique,exact
Pinus hartwegii,pinus hartwegii,pinus hartwegii,1,1,1,1,1,Pinus hartwegii,wfo-0000481375,Pinus hartwegii,Pinaceae,1,1,1,1,1,Pinus hartwegii,wfo-0000481375,Pinus hartwegii,Pinaceae,exact_unique,exact
Pinus jeffreyi,pinus jeffreyi,pinus jeffreyi,1,1,1,1,1,Pinus jeffreyi,wfo-0000481099,Pinus jeffreyi,Pinaceae,1,1,1,1,1,Pinus jeffreyi,wfo-0000481099,Pinus jeffreyi,Pinaceae,exact_unique,exact
Pinus krempfii,pinus krempfii,pinus krempfii,1,1,1,1,1,Pinus krempfii,wfo-0000481085,Pinus krempfii,Pinaceae,1,1,1,1,1,Pinus krempfii,wfo-0000481085,Pinus krempfii,Pinaceae,exact_unique,exact
Pinus lambertiana,pinus lambertiana,pinus lambertiana,1,1,1,1,1,Pinus lambertiana,wfo-0000481091,Pinus lambertiana,Pinaceae,1,1,1,1,1,Pinus lambertiana,wfo-0000481091,Pinus lambertiana,Pinaceae,exact_unique,exact
Pinus monticola,pinus monticola,pinus monticola,1,1,1,1,1,Pinus monticola,wfo-0000481790,Pinus monticola,Pinaceae,1,1,1,1,1,Pinus monticola,wfo-0000481790,Pinus monticola,Pinaceae,exact_unique,exact
Pinus morrisonicola,pinus morrisonicola,pinus morrisonicola,1,1,1,1,1,Pinus morrisonicola,wfo-0000481792,Pinus morrisonicola,Pinaceae,1,1,1,1,1,Pinus morrisonicola,wfo-0000481792,Pinus morrisonicola,Pinaceae,exact_unique,exact
Pinus mugo,pinus mugo,pinus mugo,1,1,1,1,1,Pinus mugo,wfo-0000481789,Pinus mugo,Pinaceae,1,1,1,1,1,Pinus mugo,wfo-0000481789,Pinus mugo,Pinaceae,exact_unique,exact
Pinus parviflora,pinus parviflora,pinus parviflora,1,1,1,1,1,Pinus parviflora,wfo-0000481883,Pinus parviflora,Pinaceae,1,1,1,1,1,Pinus parviflora,wfo-0000481883,Pinus parviflora,Pinaceae,exact_unique,exact
Pinus peuce,pinus peuce,pinus peuce,1,1,1,1,1,Pinus peuce,wfo-0000481889,Pinus peuce,Pinaceae,1,1,1,1,1,Pinus peuce,wfo-0000481889,Pinus peuce,Pinaceae,exact_unique,exact
Pinus pinaster,pinus pinaster,pinus pinaster,1,1,1,1,1,Pinus pinaster,wfo-0000481910,Pinus pinaster,Pinaceae,1,1,1,1,1,Pinus pinaster,wfo-0000481910,Pinus pinaster,Pinaceae,exact_unique,exact
Pinus pinea,pinus pinea,pinus pinea,1,1,1,1,1,Pinus pinea,wfo-0000481895,Pinus pinea,Pinaceae,1,1,1,1,1,Pinus pinea,wfo-0000481895,Pinus pinea,Pinaceae,exact_unique,exact
Pinus ponderosa,pinus ponderosa,pinus ponderosa,1,1,1,1,1,Pinus ponderosa,wfo-0000481903,Pinus ponderosa,Pinaceae,1,1,1,1,1,Pinus ponderosa,wfo-0000481903,Pinus ponderosa,Pinaceae,exact_unique,exact
Pinus radiata,pinus radiata,pinus radiata,1,1,1,1,1,Pinus radiata,wfo-0000481837,Pinus radiata,Pinaceae,1,1,1,1,1,Pinus radiata,wfo-0000481837,Pinus radiata,Pinaceae,exact_unique,exact
Pinus uncinata,pinus uncinata,pinus uncinata,1,1,1,1,1,Pinus uncinata,wfo-0000481563,Pinus uncinata,Pinaceae,1,1,1,1,1,Pinus uncinata,wfo-0000481563,Pinus uncinata,Pinaceae,exact_unique,exact
Pinus virginiana,pinus virginiana,pinus virginiana,1,1,1,1,1,Pinus virginiana,wfo-0000481611,Pinus virginiana,Pinaceae,1,1,1,1,1,Pinus virginiana,wfo-0000481611,Pinus virginiana,Pinaceae,exact_unique,exact
Pinus wallichiana,pinus wallichiana,pinus wallichiana,1,1,1,1,1,Pinus wallichiana,wfo-0000481612,Pinus wallichiana,Pinaceae,1,1,1,1,1,Pinus wallichiana,wfo-0000481612,Pinus wallichiana,Pinaceae,exact_unique,exact
Piper,piper,piper,1,1,1,1,1,Piper,wfo-4000029808,Piper,Piperaceae,2,2,2,2,1,Piper | Piper non-retrorsum,wfo-0001093300 | wfo-4000029808,Piper | Piper non-retrorsum,Piperaceae,exact_unique,exact
Piper aduncum,piper aduncum,piper aduncum,2,2,1,1,1,Piper aduncum,wfo-0000479665,Piper aduncum,Piperaceae,2,2,1,1,1,Piper aduncum,wfo-0000479665,Piper aduncum,Piperaceae,exact_unique,exact
Piper bowiei,piper bowiei,piper bowiei,1,1,1,1,1,Piper bowiei,wfo-0001254033,Piper bowiei,Piperaceae,1,1,1,1,1,Piper bowiei,wfo-0001254033,Piper bowiei,Piperaceae,exact_unique,exact
Piper coruscans,piper coruscans,piper coruscans,1,1,1,1,1,Piper coruscans,wfo-0000478587,Piper coruscans,Piperaceae,1,1,1,1,1,Piper coruscans,wfo-0000478587,Piper coruscans,Piperaceae,exact_unique,exact
Piper crassinervium,piper crassinervium,piper crassinervium,1,1,1,1,1,Piper crassinervium,wfo-0000478616,Piper crassinervium,Piperaceae,1,1,1,1,1,Piper crassinervium,wfo-0000478616,Piper crassinervium,Piperaceae,exact_unique,exact
Piper cubeba,piper cubeba,piper cubeba,3,3,1,1,1,Piper cubeba,wfo-0000478712,Piper cubeba,Piperaceae,3,3,1,1,1,Piper cubeba,wfo-0000478712,Piper cubeba,Piperaceae,exact_unique,exact
Piper dilatatum,piper dilatatum,piper dilatatum,2,2,1,1,1,Piper dilatatum,wfo-0000478691,Piper dilatatum,Piperaceae,2,2,1,1,1,Piper dilatatum,wfo-0000478691,Piper dilatatum,Piperaceae,exact_unique,exact
Piper fadyenii,piper fadyenii,piper fadyenii,1,1,1,1,1,Piper fadyenii,wfo-0000479172,Piper fadyenii,Piperaceae,1,1,1,1,1,Piper fadyenii,wfo-0000479172,Piper fadyenii,Piperaceae,exact_unique,exact
Piper gaudichaudianum,piper gaudichaudianum,piper gaudichaudianum,2,2,1,1,1,Piper gaudichaudianum,wfo-0001092115,Piper gaudichaudianum,Piperaceae,2,2,1,1,1,Piper gaudichaudianum,wfo-0001092115,Piper gaudichaudianum,Piperaceae,exact_unique,exact
Piper guanacostense,piper guanacostense,piper guanacostense,1,1,1,1,1,Piper guanacostense,wfo-0001092125,Piper guanacostense,Piperaceae,1,1,1,1,1,Piper guanacostense,wfo-0001092125,Piper guanacostense,Piperaceae,exact_unique,exact
Piper hostmannianum,piper hostmannianum,piper hostmannianum,1,1,1,1,1,Piper hostmannianum,wfo-0000478999,Piper hostmannianum,Piperaceae,1,1,1,1,1,Piper hostmannianum,wfo-0000478999,Piper hostmannianum,Piperaceae,exact_unique,exact
Piper lhotzkyanum,piper lhotzkyanum,piper lhotzkyanum,1,1,1,1,1,Piper lhotzkyanum,wfo-0001092156,Piper lhotzkyanum,Piperaceae,1,1,1,1,1,Piper lhotzkyanum,wfo-0001092156,Piper lhotzkyanum,Piperaceae,exact_unique,exact
Piper longicaudatum,piper longicaudatum,piper longicaudatum,1,1,1,1,1,Piper longicaudatum,wfo-0001093825,Piper longicaudatum,Piperaceae,1,1,1,1,1,Piper longicaudatum,wfo-0001093825,Piper longicaudatum,Piperaceae,exact_unique,exact
Piper montealegreanum,piper montealegreanum,piper montealegreanum,1,1,1,1,1,Piper montealegreanum,wfo-0000486411,Piper montealegreanum,Piperaceae,1,1,1,1,1,Piper montealegreanum,wfo-0000486411,Piper montealegreanum,Piperaceae,exact_unique,exact
Piper murrayanum,piper murrayanum,piper murrayanum,1,1,1,1,1,Piper murrayanum,wfo-0000486527,Piper murrayanum,Piperaceae,1,1,1,1,1,Piper murrayanum,wfo-0000486527,Piper murrayanum,Piperaceae,exact_unique,exact
Piper nigrum,piper nigrum,piper nigrum,1,1,1,1,1,Piper nigrum,wfo-0000486494,Piper nigrum,Piperaceae,1,1,1,1,1,Piper nigrum,wfo-0000486494,Piper nigrum,Piperaceae,exact_unique,exact
Piper permucronatum,piper permucronatum,piper permucronatum,1,1,1,1,1,Piper permucronatum,wfo-0001254038,Piper permucronatum,Piperaceae,1,1,1,1,1,Piper permucronatum,wfo-0001254038,Piper permucronatum,Piperaceae,exact_unique,exact
Piper porphyrophyllum,piper porphyrophyllum,piper porphyrophyllum,1,1,1,1,1,Piper porphyrophyllum,wfo-0000485437,Piper porphyrophyllum,Piperaceae,1,1,1,1,1,Piper porphyrophyllum,wfo-0000485437,Piper porphyrophyllum,Piperaceae,exact_unique,exact
Piper pseudofuligineum,piper pseudofuligineum,piper pseudofuligineum,1,1,1,1,1,Piper pseudofuligineum,wfo-0000485558,Piper pseudofuligineum,Piperaceae,1,1,1,1,1,Piper pseudofuligineum,wfo-0000485558,Piper pseudofuligineum,Piperaceae,exact_unique,exact
Piper rusbyi,piper rusbyi,piper rusbyi,1,1,1,1,1,Piper rusbyi,wfo-0001093863,Piper rusbyi,Piperaceae,1,1,1,1,1,Piper rusbyi,wfo-0001093863,Piper rusbyi,Piperaceae,exact_unique,exact
Piper sanctum,piper sanctum,piper sanctum,1,1,1,1,1,Piper sanctum,wfo-0000479549,Piper auritum,Piperaceae,1,1,1,1,1,Piper sanctum,wfo-0000479549,Piper auritum,Piperaceae,exact_unique,exact
Piper umbellatum,piper umbellatum,piper umbellatum,1,1,1,1,1,Piper umbellatum,wfo-0000487600,Piper umbellatum,Piperaceae,1,1,1,1,1,Piper umbellatum,wfo-0000487600,Piper umbellatum,Piperaceae,exact_unique,exact
Piscidia piscipula,piscidia piscipula,piscidia piscipula,1,1,1,1,1,Piscidia piscipula,wfo-0000168417,Piscidia piscipula,Fabaceae,1,1,1,1,1,Piscidia piscipula,wfo-0000168417,Piscidia piscipula,Fabaceae,exact_unique,exact
Pisonia aculeata,pisonia aculeata,pisonia aculeata,1,1,1,1,1,Pisonia aculeata,wfo-0000476234,Pisonia aculeata,Nyctaginaceae,1,1,1,1,1,Pisonia aculeata,wfo-0000476234,Pisonia aculeata,Nyctaginaceae,exact_unique,exact
Pisonia umbellifera,pisonia umbellifera,pisonia umbellifera,1,1,1,1,1,Pisonia umbellifera,wfo-0001086710,Pisonia umbellifera,Nyctaginaceae,1,1,1,1,1,Pisonia umbellifera,wfo-0001086710,Pisonia umbellifera,Nyctaginaceae,exact_unique,exact
Pistacia lentiscus,pistacia lentiscus,pistacia lentiscus,1,1,1,1,1,Pistacia lentiscus,wfo-0000394118,Pistacia lentiscus,Anacardiaceae,1,1,1,1,1,Pistacia lentiscus,wfo-0000394118,Pistacia lentiscus,Anacardiaceae,exact_unique,exact
Pistacia vera,pistacia vera,pistacia vera,1,1,1,1,1,Pistacia vera,wfo-0000393766,Pistacia vera,Anacardiaceae,1,1,1,1,1,Pistacia vera,wfo-0000393766,Pistacia vera,Anacardiaceae,exact_unique,exact
Pisum sativum,pisum sativum,pisum sativum,1,1,1,1,1,Pisum sativum,wfo-0000214337,Lathyrus oleraceus,Fabaceae,1,1,1,1,1,Pisum sativum,wfo-0000214337,Lathyrus oleraceus,Fabaceae,exact_unique,exact
Pithecellobium dulce,pithecellobium dulce,pithecellobium dulce,1,1,1,1,1,Pithecellobium dulce,wfo-0000178252,Pithecellobium dulce,Fabaceae,1,1,1,1,1,Pithecellobium dulce,wfo-0000178252,Pithecellobium dulce,Fabaceae,exact_unique,exact
Pittocaulon praecox,pittocaulon praecox,pittocaulon praecox,1,1,1,1,1,Pittocaulon praecox,wfo-0000017618,Senecio praecox,Asteraceae,1,1,1,1,1,Pittocaulon praecox,wfo-0000017618,Senecio praecox,Asteraceae,exact_unique,exact
Pittocaulon velatum,pittocaulon velatum,pittocaulon velatum,1,1,1,1,1,Pittocaulon velatum,wfo-0000036531,Pittocaulon velatum,Asteraceae,1,1,1,1,1,Pittocaulon velatum,wfo-0000036531,Pittocaulon velatum,Asteraceae,exact_unique,exact
Pityrogramma,pityrogramma,pityrogramma,1,1,1,1,1,Pityrogramma,wfo-4000029942,Pityrogramma,Pteridaceae,1,1,1,1,1,Pityrogramma,wfo-4000029942,Pityrogramma,Pteridaceae,exact_unique,exact
Pityrogramma calomelanos,pityrogramma calomelanos,pityrogramma calomelanos,1,1,1,1,1,Pityrogramma calomelanos,wfo-0001107385,Pityrogramma calomelanos,Pteridaceae,1,1,1,1,1,Pityrogramma calomelanos,wfo-0001107385,Pityrogramma calomelanos,Pteridaceae,exact_unique,exact
Pityrogramma chrysophylla,pityrogramma chrysophylla,pityrogramma chrysophylla,1,1,1,1,1,Pityrogramma chrysophylla,wfo-0001109227,Pityrogramma chrysophylla,Pteridaceae,1,1,1,1,1,Pityrogramma chrysophylla,wfo-0001109227,Pityrogramma chrysophylla,Pteridaceae,exact_unique,exact
Pityrogramma ebenea,pityrogramma ebenea,pityrogramma ebenea,1,1,1,1,1,Pityrogramma ebenea,wfo-0001109228,Pityrogramma ebenea,Pteridaceae,1,1,1,1,1,Pityrogramma ebenea,wfo-0001109228,Pityrogramma ebenea,Pteridaceae,exact_unique,exact
Pityrogramma tartarea,pityrogramma tartarea,pityrogramma tartarea,2,2,1,1,1,Pityrogramma tartarea,wfo-0001109228,Pityrogramma ebenea,Pteridaceae,2,2,1,1,1,Pityrogramma tartarea,wfo-0001109228,Pityrogramma ebenea,Pteridaceae,exact_unique,exact
Plagiomnium undulatum,plagiomnium undulatum,plagiomnium undulatum,1,1,1,1,1,Plagiomnium undulatum,wfo-0001186539,Plagiomnium undulatum,Mniaceae,1,1,1,1,1,Plagiomnium undulatum,wfo-0001186539,Plagiomnium undulatum,Mniaceae,exact_unique,exact
Plagius grandis,plagius grandis,plagius grandis,1,1,1,1,1,Plagius grandis,wfo-0000062203,Plagius grandis,Asteraceae,1,1,1,1,1,Plagius grandis,wfo-0000062203,Plagius grandis,Asteraceae,exact_unique,exact
Plantago asiatica,plantago asiatica,plantago asiatica,1,1,1,1,1,Plantago asiatica,wfo-0000487709,Plantago asiatica,Plantaginaceae,1,1,1,1,1,Plantago asiatica,wfo-0000487709,Plantago asiatica,Plantaginaceae,exact_unique,exact
Plantago depressa,plantago depressa,plantago depressa,1,1,1,1,1,Plantago depressa,wfo-0000486802,Plantago depressa,Plantaginaceae,1,1,1,1,1,Plantago depressa,wfo-0000486802,Plantago depressa,Plantaginaceae,exact_unique,exact
Plantago major,plantago major,plantago major,1,1,1,1,1,Plantago major,wfo-0000486544,Plantago major,Plantaginaceae,6,6,3,3,1,Plantago major | Plantago major prol. intermedia | Plantago major prol. lutulenta | Plantago major subf. brevipedicellata | Plantago major subf. dura | Plantago major subf. subintegra,wfo-0000486544 | wfo-0000745393 | wfo-0001316375,Plantago major | Plantago major subsp. intermedia | Plantago major subsp. major,Plantaginaceae,exact_unique,exact
Platanus acerifolia,platanus acerifolia,platanus acerifolia,2,2,1,1,1,Platanus acerifolia,wfo-0001095140,Platanus acerifolia,Platanaceae,2,2,1,1,1,Platanus acerifolia,wfo-0001095140,Platanus acerifolia,Platanaceae,exact_unique,exact
Platanus occidentalis,platanus occidentalis,platanus occidentalis,1,1,1,1,1,Platanus occidentalis,wfo-0000487082,Platanus occidentalis,Platanaceae,1,1,1,1,1,Platanus occidentalis,wfo-0000487082,Platanus occidentalis,Platanaceae,exact_unique,exact
Platanus orientalis,platanus orientalis,platanus orientalis,1,1,1,1,1,Platanus orientalis,wfo-0000487086,Platanus orientalis,Platanaceae,1,1,1,1,1,Platanus orientalis,wfo-0000487086,Platanus orientalis,Platanaceae,exact_unique,exact
Plathymenia reticulata,plathymenia reticulata,plathymenia reticulata,1,1,1,1,1,Plathymenia reticulata,wfo-0000182203,Plathymenia reticulata,Fabaceae,1,1,1,1,1,Plathymenia reticulata,wfo-0000182203,Plathymenia reticulata,Fabaceae,exact_unique,exact
Platycarya strobilacea,platycarya strobilacea,platycarya strobilacea,1,1,1,1,1,Platycarya strobilacea,wfo-0001067482,Platycarya strobilacea,Juglandaceae,1,1,1,1,1,Platycarya strobilacea,wfo-0001067482,Platycarya strobilacea,Juglandaceae,exact_unique,exact
Platycladus,platycladus,platycladus,1,1,1,1,1,Platycladus,wfo-4000030092,Platycladus,Cupressaceae,1,1,1,1,1,Platycladus,wfo-4000030092,Platycladus,Cupressaceae,exact_unique,exact
Platycladus orientalis,platycladus orientalis,platycladus orientalis,1,1,1,1,1,Platycladus orientalis,wfo-0000396774,Platycladus orientalis,Cupressaceae,1,1,1,1,1,Platycladus orientalis,wfo-0000396774,Platycladus orientalis,Cupressaceae,exact_unique,exact
Platycodon grandiflorus,platycodon grandiflorus,platycodon grandiflorus,1,1,1,1,1,Platycodon grandiflorus,wfo-0000816758,Platycodon grandiflorus,Campanulaceae,1,1,1,1,1,Platycodon grandiflorus,wfo-0000816758,Platycodon grandiflorus,Campanulaceae,exact_unique,exact
Platymiscium floribundum,platymiscium floribundum,platymiscium floribundum,1,1,1,1,1,Platymiscium floribundum,wfo-0000174222,Platymiscium floribundum,Fabaceae,1,1,1,1,1,Platymiscium floribundum,wfo-0000174222,Platymiscium floribundum,Fabaceae,exact_unique,exact
Platymiscium praecox,platymiscium praecox,platymiscium praecox,1,1,1,1,1,Platymiscium praecox,wfo-0001061344,Platymiscium floribundum var. floribundum,Fabaceae,1,1,1,1,1,Platymiscium praecox,wfo-0001061344,Platymiscium floribundum var. floribundum,Fabaceae,exact_unique,exact
Platymiscium trinitatis,platymiscium trinitatis,platymiscium trinitatis,1,1,1,1,1,Platymiscium trinitatis,wfo-0000174233,Platymiscium trinitatis,Fabaceae,1,1,1,1,1,Platymiscium trinitatis,wfo-0000174233,Platymiscium trinitatis,Fabaceae,exact_unique,exact
Platymiscium yucatanum,platymiscium yucatanum,platymiscium yucatanum,1,1,1,1,1,Platymiscium yucatanum,wfo-0000169448,Platymiscium yucatanum,Fabaceae,1,1,1,1,1,Platymiscium yucatanum,wfo-0000169448,Platymiscium yucatanum,Fabaceae,exact_unique,exact
Platypodanthera melissifolia,platypodanthera melissifolia,platypodanthera melissifolia,1,1,1,1,1,Platypodanthera melissifolia,wfo-0000009205,Platypodanthera melissifolia,Asteraceae,1,1,1,1,1,Platypodanthera melissifolia,wfo-0000009205,Platypodanthera melissifolia,Asteraceae,exact_unique,exact
Plazia daphnoides,plazia daphnoides,plazia daphnoides,1,1,1,1,1,Plazia daphnoides,wfo-0000044983,Plazia daphnoides,Asteraceae,1,1,1,1,1,Plazia daphnoides,wfo-0000044983,Plazia daphnoides,Asteraceae,exact_unique,exact
Plectranthus ecklonii,plectranthus ecklonii,plectranthus ecklonii,1,1,1,1,1,Plectranthus ecklonii,wfo-0000275391,Plectranthus ecklonii,Lamiaceae,1,1,1,1,1,Plectranthus ecklonii,wfo-0000275391,Plectranthus ecklonii,Lamiaceae,exact_unique,exact
Pleione bulbocodioides,pleione bulbocodioides,pleione bulbocodioides,1,1,1,1,1,Pleione bulbocodioides,wfo-0000276360,Pleione bulbocodioides,Orchidaceae,1,1,1,1,1,Pleione bulbocodioides,wfo-0000276360,Pleione bulbocodioides,Orchidaceae,exact_unique,exact
Pleione yunnanensis,pleione yunnanensis,pleione yunnanensis,1,1,1,1,1,Pleione yunnanensis,wfo-0000276501,Pleione yunnanensis,Orchidaceae,1,1,1,1,1,Pleione yunnanensis,wfo-0000276501,Pleione yunnanensis,Orchidaceae,exact_unique,exact
Pleiotaxis rugosa,pleiotaxis rugosa,pleiotaxis rugosa,1,1,1,1,1,Pleiotaxis rugosa,wfo-0000024080,Pleiotaxis rugosa,Asteraceae,1,1,1,1,1,Pleiotaxis rugosa,wfo-0000024080,Pleiotaxis rugosa,Asteraceae,exact_unique,exact
Plinia pinnata,plinia pinnata,plinia pinnata,1,1,1,1,1,Plinia pinnata,wfo-0000278931,Plinia pinnata,Myrtaceae,1,1,1,1,1,Plinia pinnata,wfo-0000278931,Plinia pinnata,Myrtaceae,exact_unique,exact
Pluchea lanceolata,pluchea lanceolata,pluchea lanceolata,3,3,1,1,1,Pluchea lanceolata,wfo-0000078455,Pluchea lanceolata,Asteraceae,3,3,1,1,1,Pluchea lanceolata,wfo-0000078455,Pluchea lanceolata,Asteraceae,exact_unique,exact
Plumbago indica,plumbago indica,plumbago indica,1,1,1,1,1,Plumbago indica,wfo-0001095164,Plumbago indica,Plumbaginaceae,1,1,1,1,1,Plumbago indica,wfo-0001095164,Plumbago indica,Plumbaginaceae,exact_unique,exact
Plumeria rubra,plumeria rubra,plumeria rubra,1,1,1,1,1,Plumeria rubra,wfo-0000279184,Plumeria rubra,Apocynaceae,1,1,1,1,1,Plumeria rubra,wfo-0000279184,Plumeria rubra,Apocynaceae,exact_unique,exact
Pneumatopteris pennigera,pneumatopteris pennigera,pneumatopteris pennigera,1,1,1,1,1,Pneumatopteris pennigera,wfo-1000028275,Pakau pennigera,Thelypteridaceae,1,1,1,1,1,Pneumatopteris pennigera,wfo-1000028275,Pakau pennigera,Thelypteridaceae,exact_unique,exact
Poacynum venetum,poacynum venetum,poacynum venetum,1,1,1,1,1,Poacynum venetum,wfo-0000245931,Apocynum venetum,Apocynaceae,1,1,1,1,1,Poacynum venetum,wfo-0000245931,Apocynum venetum,Apocynaceae,exact_unique,exact
Podocarpus fasciculus,podocarpus fasciculus,podocarpus fasciculus,1,1,1,1,1,Podocarpus fasciculus,wfo-0000485218,Podocarpus fasciculus,Podocarpaceae,1,1,1,1,1,Podocarpus fasciculus,wfo-0000485218,Podocarpus fasciculus,Podocarpaceae,exact_unique,exact
Podocarpus macrophyllus,podocarpus macrophyllus,podocarpus macrophyllus,1,1,1,1,1,Podocarpus macrophyllus,wfo-0000485230,Podocarpus macrophyllus,Podocarpaceae,1,1,1,1,1,Podocarpus macrophyllus,wfo-0000485230,Podocarpus macrophyllus,Podocarpaceae,exact_unique,exact
Podocarpus nivalis,podocarpus nivalis,podocarpus nivalis,1,1,1,1,1,Podocarpus nivalis,wfo-0000485157,Podocarpus nivalis,Podocarpaceae,1,1,1,1,1,Podocarpus nivalis,wfo-0000485157,Podocarpus nivalis,Podocarpaceae,exact_unique,exact
Podocytisus caramanicus,podocytisus caramanicus,podocytisus caramanicus,1,1,1,1,1,Podocytisus caramanicus,wfo-0000213929,Podocytisus caramanicus,Fabaceae,1,1,1,1,1,Podocytisus caramanicus,wfo-0000213929,Podocytisus caramanicus,Fabaceae,exact_unique,exact
Poecilanthe parviflora,poecilanthe parviflora,poecilanthe parviflora,1,1,1,1,1,Poecilanthe parviflora,wfo-0000174234,Poecilanthe parviflora,Fabaceae,1,1,1,1,1,Poecilanthe parviflora,wfo-0000174234,Poecilanthe parviflora,Fabaceae,exact_unique,exact
Pogostemon cablin,pogostemon cablin,pogostemon cablin,1,1,1,1,1,Pogostemon cablin,wfo-0000279652,Pogostemon cablin,Lamiaceae,1,1,1,1,1,Pogostemon cablin,wfo-0000279652,Pogostemon cablin,Lamiaceae,exact_unique,exact
Pogostemon stellatus,pogostemon stellatus,pogostemon stellatus,1,1,1,1,1,Pogostemon stellatus,wfo-0000279750,Pogostemon stellatus,Lamiaceae,1,1,1,1,1,Pogostemon stellatus,wfo-0000279750,Pogostemon stellatus,Lamiaceae,exact_unique,exact
Polygala arvensis,polygala arvensis,polygala arvensis,1,1,1,1,1,Polygala arvensis,wfo-0001219818,Polygala arvensis,Polygalaceae,1,1,1,1,1,Polygala arvensis,wfo-0001219818,Polygala arvensis,Polygalaceae,exact_unique,exact
Polygala caudata,polygala caudata,polygala caudata,1,1,1,1,1,Polygala caudata,wfo-0001100821,Polygala caudata,Polygalaceae,1,1,1,1,1,Polygala caudata,wfo-0001100821,Polygala caudata,Polygalaceae,exact_unique,exact
Polygala myrtifolia,polygala myrtifolia,polygala myrtifolia,1,1,1,1,1,Polygala myrtifolia,wfo-0000488587,Polygala myrtifolia,Polygalaceae,1,1,1,1,1,Polygala myrtifolia,wfo-0000488587,Polygala myrtifolia,Polygalaceae,exact_unique,exact
Polygala virgata,polygala virgata,polygala virgata,1,1,1,1,1,Polygala virgata,wfo-0001100419,Polygala virgata,Polygalaceae,1,1,1,1,1,Polygala virgata,wfo-0001100419,Polygala virgata,Polygalaceae,exact_unique,exact
Polygonatum kingianum,polygonatum kingianum,polygonatum kingianum,1,1,1,1,1,Polygonatum kingianum,wfo-0000715810,Polygonatum kingianum,Asparagaceae,1,1,1,1,1,Polygonatum kingianum,wfo-0000715810,Polygonatum kingianum,Asparagaceae,exact_unique,exact
Polygonatum odoratum,polygonatum odoratum,polygonatum odoratum,1,1,1,1,1,Polygonatum odoratum,wfo-0000716063,Polygonatum odoratum,Asparagaceae,1,1,1,1,1,Polygonatum odoratum,wfo-0000716063,Polygonatum odoratum,Asparagaceae,exact_unique,exact
Polygonum aviculare,polygonum aviculare,polygonum aviculare,1,1,1,1,1,Polygonum aviculare,wfo-0000489656,Polygonum aviculare,Polygonaceae,1,1,1,1,1,Polygonum aviculare,wfo-0000489656,Polygonum aviculare,Polygonaceae,exact_unique,exact
Polygonum divaricatum,polygonum divaricatum,polygonum divaricatum,1,1,1,1,1,Polygonum divaricatum,wfo-0001100839,Polygonum divaricatum,Polygonaceae,1,1,1,1,1,Polygonum divaricatum,wfo-0001100839,Polygonum divaricatum,Polygonaceae,exact_unique,exact
Polygonum glaucum,polygonum glaucum,polygonum glaucum,1,1,1,1,1,Polygonum glaucum,wfo-0000489937,Polygonum glaucum,Polygonaceae,1,1,1,1,1,Polygonum glaucum,wfo-0000489937,Polygonum glaucum,Polygonaceae,exact_unique,exact
Polygonum hydropiper,polygonum hydropiper,polygonum hydropiper,1,1,1,1,1,Polygonum hydropiper,wfo-0000488426,Persicaria hydropiper,Polygonaceae,1,1,1,1,1,Polygonum hydropiper,wfo-0000488426,Persicaria hydropiper,Polygonaceae,exact_unique,exact
Polygonum lapathifolium,polygonum lapathifolium,polygonum lapathifolium,1,1,1,1,1,Polygonum lapathifolium,wfo-0000488400,Persicaria lapathifolia,Polygonaceae,1,1,1,1,1,Polygonum lapathifolium,wfo-0000488400,Persicaria lapathifolia,Polygonaceae,exact_unique,exact
Polygonum maritimum,polygonum maritimum,polygonum maritimum,1,1,1,1,1,Polygonum maritimum,wfo-0000489807,Polygonum maritimum,Polygonaceae,1,1,1,1,1,Polygonum maritimum,wfo-0000489807,Polygonum maritimum,Polygonaceae,exact_unique,exact
Polygonum multiflorum,polygonum multiflorum,polygonum multiflorum,1,1,1,1,1,Polygonum multiflorum,wfo-0000404395,Reynoutria multiflora,Polygonaceae,1,1,1,1,1,Polygonum multiflorum,wfo-0000404395,Reynoutria multiflora,Polygonaceae,exact_unique,exact
Polygonum orientale,polygonum orientale,polygonum orientale,1,1,1,1,1,Polygonum orientale,wfo-0000488434,Persicaria orientalis,Polygonaceae,1,1,1,1,1,Polygonum orientale,wfo-0000488434,Persicaria orientalis,Polygonaceae,exact_unique,exact
Polylepis incana,polylepis incana,polylepis incana,1,1,1,1,1,Polylepis incana,wfo-0000989076,Polylepis incana,Rosaceae,1,1,1,1,1,Polylepis incana,wfo-0000989076,Polylepis incana,Rosaceae,exact_unique,exact
Polypodiodes amoena,polypodiodes amoena,polypodiodes amoena,1,1,1,1,1,Polypodiodes amoena,wfo-1200105074,Goniophlebium amoenum,Polypodiaceae,1,1,1,1,1,Polypodiodes amoena,wfo-1200105074,Goniophlebium amoenum,Polypodiaceae,exact_unique,exact
Polypodium pleurosorum,polypodium pleurosorum,polypodium pleurosorum,1,1,1,1,1,Polypodium pleurosorum,wfo-0001113817,Phlebodium inaequale,Polypodiaceae,1,1,1,1,1,Polypodium pleurosorum,wfo-0001113817,Phlebodium inaequale,Polypodiaceae,exact_unique,exact
Polytrichastrum pallidisetum,polytrichastrum pallidisetum,polytrichastrum pallidisetum,1,1,1,1,1,Polytrichastrum pallidisetum,wfo-0001170208,Polytrichum pallidisetum,Polytrichaceae,1,1,1,1,1,Polytrichastrum pallidisetum,wfo-0001170208,Polytrichum pallidisetum,Polytrichaceae,exact_unique,exact
Polytrichum commune,polytrichum commune,polytrichum commune,1,1,1,1,1,Polytrichum commune,wfo-0001160523,Polytrichum commune,Polytrichaceae,1,1,1,1,1,Polytrichum commune,wfo-0001160523,Polytrichum commune,Polytrichaceae,exact_unique,exact
Polytrichum pallidisetum,polytrichum pallidisetum,polytrichum pallidisetum,1,1,1,1,1,Polytrichum pallidisetum,wfo-0001170208,Polytrichum pallidisetum,Polytrichaceae,1,1,1,1,1,Polytrichum pallidisetum,wfo-0001170208,Polytrichum pallidisetum,Polytrichaceae,exact_unique,exact
Poncirus trifoliata,poncirus trifoliata,poncirus trifoliata,1,1,1,1,1,Poncirus trifoliata,wfo-0000608305,Citrus trifoliata,Rutaceae,1,1,1,1,1,Poncirus trifoliata,wfo-0000608305,Citrus trifoliata,Rutaceae,exact_unique,exact
Pongamia pinnata,pongamia pinnata,pongamia pinnata,2,2,1,1,1,Pongamia pinnata,wfo-0000201168,Pongamia pinnata,Fabaceae,2,2,1,1,1,Pongamia pinnata,wfo-0000201168,Pongamia pinnata,Fabaceae,exact_unique,exact
Pongamiopsis pervilleana,pongamiopsis pervilleana,pongamiopsis pervilleana,1,1,1,1,1,Pongamiopsis pervilleana,wfo-0000196269,Pongamiopsis pervilleana,Fabaceae,1,1,1,1,1,Pongamiopsis pervilleana,wfo-0000196269,Pongamiopsis pervilleana,Fabaceae,exact_unique,exact
Populus,populus,populus,1,1,1,1,1,Populus,wfo-4000030925,Populus,Salicaceae,1,1,1,1,1,Populus,wfo-4000030925,Populus,Salicaceae,exact_unique,exact
Populus alba,populus alba,populus alba,1,1,1,1,1,Populus alba,wfo-0000928384,Populus alba,Salicaceae,1,1,1,1,1,Populus alba,wfo-0000928384,Populus alba,Salicaceae,exact_unique,exact
Populus balsamifera,populus balsamifera,populus balsamifera,1,1,1,1,1,Populus balsamifera,wfo-0000928157,Populus balsamifera,Salicaceae,1,1,1,1,1,Populus balsamifera,wfo-0000928157,Populus balsamifera,Salicaceae,exact_unique,exact
Populus canadensis,populus canadensis,populus canadensis,2,2,1,1,1,Populus canadensis,wfo-0000928240,Populus deltoides subsp. monilifera,Salicaceae,3,3,1,1,1,Populus canadensis | Populus canadensis unranked aurea-vangeertii,wfo-0000928240,Populus deltoides subsp. monilifera,Salicaceae,exact_unique,exact
Populus cathayana,populus cathayana,populus cathayana,1,1,1,1,1,Populus cathayana,wfo-0001133622,Populus cathayana,Salicaceae,1,1,1,1,1,Populus cathayana,wfo-0001133622,Populus cathayana,Salicaceae,exact_unique,exact
Populus davidiana,populus davidiana,populus davidiana,1,1,1,1,1,Populus davidiana,wfo-0000930744,Populus tremula var. davidiana,Salicaceae,1,1,1,1,1,Populus davidiana,wfo-0000930744,Populus tremula var. davidiana,Salicaceae,exact_unique,exact
Populus deltoides,populus deltoides,populus deltoides,1,1,1,1,1,Populus deltoides,wfo-0000928101,Populus deltoides,Salicaceae,1,1,1,1,1,Populus deltoides,wfo-0000928101,Populus deltoides,Salicaceae,exact_unique,exact
Populus grandidentata,populus grandidentata,populus grandidentata,1,1,1,1,1,Populus grandidentata,wfo-0000928328,Populus grandidentata,Salicaceae,1,1,1,1,1,Populus grandidentata,wfo-0000928328,Populus grandidentata,Salicaceae,exact_unique,exact
Populus lasiocarpa,populus lasiocarpa,populus lasiocarpa,1,1,1,1,1,Populus lasiocarpa,wfo-0001133786,Populus lasiocarpa,Salicaceae,1,1,1,1,1,Populus lasiocarpa,wfo-0001133786,Populus lasiocarpa,Salicaceae,exact_unique,exact
Populus laurifolia,populus laurifolia,populus laurifolia,1,1,1,1,1,Populus laurifolia,wfo-0001133649,Populus laurifolia,Salicaceae,1,1,1,1,1,Populus laurifolia,wfo-0001133649,Populus laurifolia,Salicaceae,exact_unique,exact
Populus maximowiczii,populus maximowiczii,populus maximowiczii,1,1,1,1,1,Populus maximowiczii,wfo-0000928194,Populus suaveolens,Salicaceae,1,1,1,1,1,Populus maximowiczii,wfo-0000928194,Populus suaveolens,Salicaceae,exact_unique,exact
Populus nigra,populus nigra,populus nigra,1,1,1,1,1,Populus nigra,wfo-0000928297,Populus nigra,Salicaceae,1,1,1,1,1,Populus nigra,wfo-0000928297,Populus nigra,Salicaceae,exact_unique,exact
Populus sieboldii,populus sieboldii,populus sieboldii,1,1,1,1,1,Populus sieboldii,wfo-0000928358,Populus tremula var. sieboldii,Salicaceae,1,1,1,1,1,Populus sieboldii,wfo-0000928358,Populus tremula var. sieboldii,Salicaceae,exact_unique,exact
Populus simonii,populus simonii,populus simonii,1,1,1,1,1,Populus simonii,wfo-0000928187,Populus simonii,Salicaceae,1,1,1,1,1,Populus simonii,wfo-0000928187,Populus simonii,Salicaceae,exact_unique,exact
Populus suaveolens,populus suaveolens,populus suaveolens,4,4,1,1,1,Populus suaveolens,wfo-0000928194,Populus suaveolens,Salicaceae,4,4,1,1,1,Populus suaveolens,wfo-0000928194,Populus suaveolens,Salicaceae,exact_unique,exact
Populus tomentosa,populus tomentosa,populus tomentosa,1,1,1,1,1,Populus tomentosa,wfo-0001133621,Populus tomentosa,Salicaceae,1,1,1,1,1,Populus tomentosa,wfo-0001133621,Populus tomentosa,Salicaceae,exact_unique,exact
Populus tremula,populus tremula,populus tremula,1,1,1,1,1,Populus tremula,wfo-0000928205,Populus tremula,Salicaceae,1,1,1,1,1,Populus tremula,wfo-0000928205,Populus tremula,Salicaceae,exact_unique,exact
Populus tremuloides,populus tremuloides,populus tremuloides,1,1,1,1,1,Populus tremuloides,wfo-0000928260,Populus tremuloides,Salicaceae,1,1,1,1,1,Populus tremuloides,wfo-0000928260,Populus tremuloides,Salicaceae,exact_unique,exact
Populus violascens,populus violascens,populus violascens,1,1,1,1,1,Populus violascens,wfo-0001133788,Populus violascens,Salicaceae,1,1,1,1,1,Populus violascens,wfo-0001133788,Populus violascens,Salicaceae,exact_unique,exact
Populus yunnanensis,populus yunnanensis,populus yunnanensis,1,1,1,1,1,Populus yunnanensis,wfo-0001133818,Populus yunnanensis,Salicaceae,1,1,1,1,1,Populus yunnanensis,wfo-0001133818,Populus yunnanensis,Salicaceae,exact_unique,exact
Porophyllum scoparium,porophyllum scoparium,porophyllum scoparium,1,1,1,1,1,Porophyllum scoparium,wfo-0000012501,Porophyllum scoparium,Asteraceae,1,1,1,1,1,Porophyllum scoparium,wfo-0000012501,Porophyllum scoparium,Asteraceae,exact_unique,exact
Portulaca oleracea,portulaca oleracea,portulaca oleracea,1,1,1,1,1,Portulaca oleracea,wfo-0000484425,Portulaca oleracea,Portulacaceae,1,1,1,1,1,Portulaca oleracea,wfo-0000484425,Portulaca oleracea,Portulacaceae,exact_unique,exact
Posidonia oceanica,posidonia oceanica,posidonia oceanica,1,1,1,1,1,Posidonia oceanica,wfo-0000769715,Posidonia oceanica,Posidoniaceae,1,1,1,1,1,Posidonia oceanica,wfo-0000769715,Posidonia oceanica,Posidoniaceae,exact_unique,exact
Potentilla anserina,potentilla anserina,potentilla anserina,1,1,1,1,1,Potentilla anserina,wfo-0001009478,Argentina anserina,Rosaceae,6,6,3,3,1,Potentilla anserina | Potentilla anserina prol. argentina | Potentilla anserina unranked biflora | Potentilla anserina unranked egedii | Potentilla anserina unranked genuina | Potentilla anserina unranked glabrata,wfo-0001009478 | wfo-0001009505 | wfo-1200075009,Argentina anserina | Argentina anserina subsp. anserina | Argentina anserina subsp. groenlandica,Rosaceae,exact_unique,exact
Potentilla fruticosa,potentilla fruticosa,potentilla fruticosa,1,1,1,1,1,Potentilla fruticosa,wfo-0001017396,Dasiphora fruticosa,Rosaceae,2,2,1,1,1,Potentilla fruticosa | Potentilla fruticosa unranked typica,wfo-0001017396,Dasiphora fruticosa,Rosaceae,exact_unique,exact
Potentilla tormentilla,potentilla tormentilla,potentilla tormentilla,4,4,1,1,1,Potentilla tormentilla,wfo-0000984938,Potentilla erecta,Rosaceae,9,9,1,1,1,Potentilla tormentilla | Potentilla tormentilla prol. reducta | Potentilla tormentilla unranked elatior | Potentilla tormentilla unranked erecta | Potentilla tormentilla unranked fallax | Potentilla tormentilla unranked pinnatifida,wfo-0000984938,Potentilla erecta,Rosaceae,exact_unique,exact
Premna fulva,premna fulva,premna fulva,1,1,1,1,1,Premna fulva,wfo-0000282626,Premna fulva,Lamiaceae,1,1,1,1,1,Premna fulva,wfo-0000282626,Premna fulva,Lamiaceae,exact_unique,exact
Premna resinosa,premna resinosa,premna resinosa,1,1,1,1,1,Premna resinosa,wfo-0000282817,Premna resinosa,Lamiaceae,1,1,1,1,1,Premna resinosa,wfo-0000282817,Premna resinosa,Lamiaceae,exact_unique,exact
Primula pulverulenta,primula pulverulenta,primula pulverulenta,1,1,1,1,1,Primula pulverulenta,wfo-0001105481,Primula pulverulenta,Primulaceae,1,1,1,1,1,Primula pulverulenta,wfo-0001105481,Primula pulverulenta,Primulaceae,exact_unique,exact
Primula sinensis,primula sinensis,primula sinensis,2,2,1,1,1,Primula sinensis,wfo-0001105925,Primula praenitens,Primulaceae,3,3,1,1,1,Primula sinensis | Primula sinensis unranked alba-plena-grandiflora,wfo-0001105925,Primula praenitens,Primulaceae,exact_unique,exact
Pronephrium penangianum,pronephrium penangianum,pronephrium penangianum,2,2,1,1,1,Pronephrium penangianum,wfo-1000027860,Menisciopsis penangiana,Thelypteridaceae,2,2,1,1,1,Pronephrium penangianum,wfo-1000027860,Menisciopsis penangiana,Thelypteridaceae,exact_unique,exact
Pronephrium triphyllum,pronephrium triphyllum,pronephrium triphyllum,2,2,1,1,1,Pronephrium triphyllum,wfo-1000027251,Grypothrix triphylla,Thelypteridaceae,2,2,1,1,1,Pronephrium triphyllum,wfo-1000027251,Grypothrix triphylla,Thelypteridaceae,exact_unique,exact
Prosopidastrum globosum,prosopidastrum globosum,prosopidastrum globosum,1,1,1,1,1,Prosopidastrum globosum,wfo-0000169462,Prosopidastrum globosum,Fabaceae,1,1,1,1,1,Prosopidastrum globosum,wfo-0000169462,Prosopidastrum globosum,Fabaceae,exact_unique,exact
Prosopis cineraria,prosopis cineraria,prosopis cineraria,1,1,1,1,1,Prosopis cineraria,wfo-0000185047,Prosopis cineraria,Fabaceae,1,1,1,1,1,Prosopis cineraria,wfo-0000185047,Prosopis cineraria,Fabaceae,exact_unique,exact
Prosopis glandulosa,prosopis glandulosa,prosopis glandulosa,1,1,1,1,1,Prosopis glandulosa,wfo-0000170593,Neltuma glandulosa,Fabaceae,1,1,1,1,1,Prosopis glandulosa,wfo-0000170593,Neltuma glandulosa,Fabaceae,exact_unique,exact
Prosopis juliflora,prosopis juliflora,prosopis juliflora,1,1,1,1,1,Prosopis juliflora,wfo-0000184288,Neltuma juliflora,Fabaceae,1,1,1,1,1,Prosopis juliflora,wfo-0000184288,Neltuma juliflora,Fabaceae,exact_unique,exact
Prosthechea alagoensis,prosthechea alagoensis,prosthechea alagoensis,1,1,1,1,1,Prosthechea alagoensis,wfo-0000283511,Prosthechea alagoensis,Orchidaceae,1,1,1,1,1,Prosthechea alagoensis,wfo-0000283511,Prosthechea alagoensis,Orchidaceae,exact_unique,exact
Prosthechea allemanii,prosthechea allemanii,prosthechea allemanii,1,1,1,1,1,Prosthechea allemanii,wfo-0000283512,Prosthechea allemanii,Orchidaceae,1,1,1,1,1,Prosthechea allemanii,wfo-0000283512,Prosthechea allemanii,Orchidaceae,exact_unique,exact
Prosthechea allemanoides,prosthechea allemanoides,prosthechea allemanoides,1,1,1,1,1,Prosthechea allemanoides,wfo-0000283513,Prosthechea allemanoides,Orchidaceae,1,1,1,1,1,Prosthechea allemanoides,wfo-0000283513,Prosthechea allemanoides,Orchidaceae,exact_unique,exact
Prosthechea bulbosa,prosthechea bulbosa,prosthechea bulbosa,1,1,1,1,1,Prosthechea bulbosa,wfo-0000283526,Prosthechea bulbosa,Orchidaceae,1,1,1,1,1,Prosthechea bulbosa,wfo-0000283526,Prosthechea bulbosa,Orchidaceae,exact_unique,exact
Prosthechea caetensis,prosthechea caetensis,prosthechea caetensis,1,1,1,1,1,Prosthechea caetensis,wfo-0000283527,Prosthechea caetensis,Orchidaceae,1,1,1,1,1,Prosthechea caetensis,wfo-0000283527,Prosthechea caetensis,Orchidaceae,exact_unique,exact
Prosthechea calamaria,prosthechea calamaria,prosthechea calamaria,1,1,1,1,1,Prosthechea calamaria,wfo-0000283528,Prosthechea calamaria,Orchidaceae,1,1,1,1,1,Prosthechea calamaria,wfo-0000283528,Prosthechea calamaria,Orchidaceae,exact_unique,exact
Prosthechea campos-portoi,prosthechea campos-portoi,prosthechea campos-portoi,1,1,1,1,1,Prosthechea campos-portoi,wfo-0000283529,Prosthechea campos-portoi,Orchidaceae,1,1,1,1,1,Prosthechea campos-portoi,wfo-0000283529,Prosthechea campos-portoi,Orchidaceae,exact_unique,exact
Prosthechea cochleata,prosthechea cochleata,prosthechea cochleata,1,1,1,1,1,Prosthechea cochleata,wfo-0000283538,Prosthechea cochleata,Orchidaceae,1,1,1,1,1,Prosthechea cochleata,wfo-0000283538,Prosthechea cochleata,Orchidaceae,exact_unique,exact
Prosthechea faresiana,prosthechea faresiana,prosthechea faresiana,1,1,1,1,1,Prosthechea faresiana,wfo-0000283545,Prosthechea faresiana,Orchidaceae,1,1,1,1,1,Prosthechea faresiana,wfo-0000283545,Prosthechea faresiana,Orchidaceae,exact_unique,exact
Prosthechea fausta,prosthechea fausta,prosthechea fausta,1,1,1,1,1,Prosthechea fausta,wfo-0000283546,Prosthechea fausta,Orchidaceae,1,1,1,1,1,Prosthechea fausta,wfo-0000283546,Prosthechea fausta,Orchidaceae,exact_unique,exact
Prosthechea fragrans,prosthechea fragrans,prosthechea fragrans,1,1,1,1,1,Prosthechea fragrans,wfo-0000283549,Prosthechea fragrans,Orchidaceae,1,1,1,1,1,Prosthechea fragrans,wfo-0000283549,Prosthechea fragrans,Orchidaceae,exact_unique,exact
Prosthechea glumacea,prosthechea glumacea,prosthechea glumacea,1,1,1,1,1,Prosthechea glumacea,wfo-0000283556,Prosthechea glumacea,Orchidaceae,1,1,1,1,1,Prosthechea glumacea,wfo-0000283556,Prosthechea glumacea,Orchidaceae,exact_unique,exact
Prosthechea grammatoglossa,prosthechea grammatoglossa,prosthechea grammatoglossa,1,1,1,1,1,Prosthechea grammatoglossa,wfo-0000283557,Prosthechea grammatoglossa,Orchidaceae,1,1,1,1,1,Prosthechea grammatoglossa,wfo-0000283557,Prosthechea grammatoglossa,Orchidaceae,exact_unique,exact
Prosthechea hartwegii,prosthechea hartwegii,prosthechea hartwegii,1,1,1,1,1,Prosthechea hartwegii,wfo-0000283562,Prosthechea hartwegii,Orchidaceae,1,1,1,1,1,Prosthechea hartwegii,wfo-0000283562,Prosthechea hartwegii,Orchidaceae,exact_unique,exact
Prosthechea livida,prosthechea livida,prosthechea livida,1,1,1,1,1,Prosthechea livida,wfo-0000283575,Prosthechea livida,Orchidaceae,1,1,1,1,1,Prosthechea livida,wfo-0000283575,Prosthechea livida,Orchidaceae,exact_unique,exact
Prosthechea moojenii,prosthechea moojenii,prosthechea moojenii,1,1,1,1,1,Prosthechea moojenii,wfo-0000283581,Prosthechea moojenii,Orchidaceae,1,1,1,1,1,Prosthechea moojenii,wfo-0000283581,Prosthechea moojenii,Orchidaceae,exact_unique,exact
Prosthechea papilio,prosthechea papilio,prosthechea papilio,1,1,1,1,1,Prosthechea papilio,wfo-0000283590,Prosthechea papilio,Orchidaceae,1,1,1,1,1,Prosthechea papilio,wfo-0000283590,Prosthechea papilio,Orchidaceae,exact_unique,exact
Prosthechea pygmaea,prosthechea pygmaea,prosthechea pygmaea,1,1,1,1,1,Prosthechea pygmaea,wfo-0000283600,Prosthechea pygmaea,Orchidaceae,1,1,1,1,1,Prosthechea pygmaea,wfo-0000283600,Prosthechea pygmaea,Orchidaceae,exact_unique,exact
Prosthechea radiata,prosthechea radiata,prosthechea radiata,1,1,1,1,1,Prosthechea radiata,wfo-0000283602,Prosthechea radiata,Orchidaceae,1,1,1,1,1,Prosthechea radiata,wfo-0000283602,Prosthechea radiata,Orchidaceae,exact_unique,exact
Prosthechea sessiliflora,prosthechea sessiliflora,prosthechea sessiliflora,1,1,1,1,1,Prosthechea sessiliflora,wfo-0000283611,Prosthechea sessiliflora,Orchidaceae,1,1,1,1,1,Prosthechea sessiliflora,wfo-0000283611,Prosthechea sessiliflora,Orchidaceae,exact_unique,exact
Prosthechea suzanensis,prosthechea suzanensis,prosthechea suzanensis,1,1,1,1,1,Prosthechea suzanensis,wfo-0000283615,Prosthechea suzanensis,Orchidaceae,1,1,1,1,1,Prosthechea suzanensis,wfo-0000283615,Prosthechea suzanensis,Orchidaceae,exact_unique,exact
Prosthechea vespa,prosthechea vespa,prosthechea vespa,1,1,1,1,1,Prosthechea vespa,wfo-0000283624,Prosthechea vespa,Orchidaceae,1,1,1,1,1,Prosthechea vespa,wfo-0000283624,Prosthechea vespa,Orchidaceae,exact_unique,exact
Prosthechea widgrenii,prosthechea widgrenii,prosthechea widgrenii,1,1,1,1,1,Prosthechea widgrenii,wfo-0000283629,Prosthechea widgrenii,Orchidaceae,1,1,1,1,1,Prosthechea widgrenii,wfo-0000283629,Prosthechea widgrenii,Orchidaceae,exact_unique,exact
Proustia cuneifolia,proustia cuneifolia,proustia cuneifolia,1,1,1,1,1,Proustia cuneifolia,wfo-0000134760,Proustia cuneifolia,Asteraceae,1,1,1,1,1,Proustia cuneifolia,wfo-0000134760,Proustia cuneifolia,Asteraceae,exact_unique,exact
Prunus,prunus,prunus,1,1,1,1,1,Prunus,wfo-4000031284,Prunus,Rosaceae,1,1,1,1,1,Prunus,wfo-4000031284,Prunus,Rosaceae,exact_unique,exact
Prunus amygdalus,prunus amygdalus,prunus amygdalus,2,2,1,1,1,Prunus amygdalus,wfo-0001015846,Prunus amygdalus,Rosaceae,3,3,1,1,1,Prunus amygdalus | Prunus amygdalus unranked persicoides,wfo-0001015846,Prunus amygdalus,Rosaceae,exact_unique,exact
Prunus armeniaca,prunus armeniaca,prunus armeniaca,5,5,1,1,1,Prunus armeniaca,wfo-0000991689,Prunus armeniaca,Rosaceae,7,7,3,3,1,Prunus armeniaca | Prunus armeniaca lus. pendula | Prunus armeniaca unranked nigra,wfo-0000991689 | wfo-0001131954 | wfo-1200074995,Prunus armeniaca | Prunus armeniaca var. armeniaca | Prunus dasycarpa,Rosaceae,exact_unique,exact
Prunus avium,prunus avium,prunus avium,1,1,1,1,1,Prunus avium,wfo-0001006607,Prunus avium,Rosaceae,11,11,2,2,1,Prunus avium | Prunus avium lus. asplenifolia | Prunus avium lus. pendula | Prunus avium lus. pyramidalis | Prunus avium prol. acida | Prunus avium prol. austera | Prunus avium prol. duracina | Prunus avium prol. juliana | Prunus avium prol. semperflorens | Prunus avium prol. silvestris | Prunus avium prol. sylvestris,wfo-0001006607 | wfo-0001016331,Prunus avium | Prunus cerasus,Rosaceae,exact_unique,exact
Prunus campanulata,prunus campanulata,prunus campanulata,1,1,1,1,1,Prunus campanulata,wfo-0000985845,Prunus campanulata,Rosaceae,1,1,1,1,1,Prunus campanulata,wfo-0000985845,Prunus campanulata,Rosaceae,exact_unique,exact
Prunus cerasus,prunus cerasus,prunus cerasus,3,3,1,1,1,Prunus cerasus,wfo-0001016331,Prunus cerasus,Rosaceae,20,20,1,1,1,Prunus cerasus | Prunus cerasus lus. persiciflora | Prunus cerasus lus. semperflorens | Prunus cerasus prol. acida | Prunus cerasus prol. austera | Prunus cerasus prol. caproniana | Prunus cerasus prol. marasca | Prunus cerasus unranked aureovariegata | Prunus cerasus unranked flore-albopleno | Prunus cerasus unranked flore-pleno | Prunus cerasus unranked flore-roseo-pleno | Prunus cerasus unranked florepleno | Prunus cerasus unranked ienensis | Prunus cerasus unranked plena | Prunus cerasus unranked ranunculifera | Prunus cerasus unranked salicifolia | Prunus cerasus unranked semperflorens,wfo-0001016331,Prunus cerasus,Rosaceae,exact_unique,exact
Prunus cornuta,prunus cornuta,prunus cornuta,1,1,1,1,1,Prunus cornuta,wfo-0000986027,Prunus cornuta,Rosaceae,1,1,1,1,1,Prunus cornuta,wfo-0000986027,Prunus cornuta,Rosaceae,exact_unique,exact
Prunus davidiana,prunus davidiana,prunus davidiana,2,2,1,1,1,Prunus davidiana,wfo-0000986063,Prunus davidiana,Rosaceae,2,2,1,1,1,Prunus davidiana,wfo-0000986063,Prunus davidiana,Rosaceae,exact_unique,exact
Prunus domestica,prunus domestica,prunus domestica,4,4,1,1,1,Prunus domestica,wfo-0000984349,Prunus domestica,Rosaceae,7,7,1,1,1,Prunus domestica | Prunus domestica unranked maliformis | Prunus domestica unranked plantieri | Prunus domestica unranked vulgaris,wfo-0000984349,Prunus domestica,Rosaceae,exact_unique,exact
Prunus fruticosa,prunus fruticosa,prunus fruticosa,2,2,1,1,1,Prunus fruticosa,wfo-0001013852,Prunus fruticosa,Rosaceae,2,2,1,1,1,Prunus fruticosa,wfo-0001013852,Prunus fruticosa,Rosaceae,exact_unique,exact
Prunus grayana,prunus grayana,prunus grayana,2,2,1,1,1,Prunus grayana,wfo-0000986014,Prunus grayana,Rosaceae,2,2,1,1,1,Prunus grayana,wfo-0000986014,Prunus grayana,Rosaceae,exact_unique,exact
Prunus jacquemontii,prunus jacquemontii,prunus jacquemontii,2,2,1,1,1,Prunus jacquemontii,wfo-0001017680,Prunus jacquemontii,Rosaceae,2,2,1,1,1,Prunus jacquemontii,wfo-0001017680,Prunus jacquemontii,Rosaceae,exact_unique,exact
Prunus laurocerasus,prunus laurocerasus,prunus laurocerasus,1,1,1,1,1,Prunus laurocerasus,wfo-0001016516,Prunus laurocerasus,Rosaceae,4,4,1,1,1,Prunus laurocerasus | Prunus laurocerasus unranked fiesserana | Prunus laurocerasus unranked mischeana | Prunus laurocerasus unranked zabeliana,wfo-0001016516,Prunus laurocerasus,Rosaceae,exact_unique,exact
Prunus leveilleana,prunus leveilleana,prunus leveilleana,1,1,1,1,1,Prunus leveilleana,wfo-0001017529,Prunus leveilleana,Rosaceae,1,1,1,1,1,Prunus leveilleana,wfo-0001017529,Prunus leveilleana,Rosaceae,exact_unique,exact
Prunus maximowiczii,prunus maximowiczii,prunus maximowiczii,1,1,1,1,1,Prunus maximowiczii,wfo-0001002042,Prunus maximowiczii,Rosaceae,1,1,1,1,1,Prunus maximowiczii,wfo-0001002042,Prunus maximowiczii,Rosaceae,exact_unique,exact
Prunus mume,prunus mume,prunus mume,2,2,1,1,1,Prunus mume,wfo-0001017317,Prunus mume,Rosaceae,6,6,2,2,1,Prunus mume | Prunus mume unranked purpureaplena | Prunus mume unranked roseiplena | Prunus mume unranked rubra-plena | Prunus mume unranked splendens-plena,wfo-0001017317 | wfo-1200074997,Prunus mume | Prunus mume var. mume,Rosaceae,exact_unique,exact
Prunus nipponica,prunus nipponica,prunus nipponica,1,1,1,1,1,Prunus nipponica,wfo-0000983575,Prunus nipponica,Rosaceae,1,1,1,1,1,Prunus nipponica,wfo-0000983575,Prunus nipponica,Rosaceae,exact_unique,exact
Prunus persica,prunus persica,prunus persica,2,2,1,1,1,Prunus persica,wfo-0001005418,Prunus persica,Rosaceae,8,8,1,1,1,Prunus persica | Prunus persica lus. alba | Prunus persica lus. atripurpurea | Prunus persica lus. camelliiflora | Prunus persica lus. dianthiflora | Prunus persica lus. pendula | Prunus persica lus. pyramidalis,wfo-0001005418,Prunus persica,Rosaceae,exact_unique,exact
Prunus prostrata,prunus prostrata,prunus prostrata,5,5,1,1,1,Prunus prostrata,wfo-0000985802,Prunus prostrata,Rosaceae,6,6,1,1,1,Prunus prostrata | Prunus prostrata prol. typica,wfo-0000985802,Prunus prostrata,Rosaceae,exact_unique,exact
Prunus serrulata,prunus serrulata,prunus serrulata,2,2,1,1,1,Prunus serrulata,wfo-0000992061,Prunus serrulata,Rosaceae,30,30,1,1,1,Prunus serrulata | Prunus serrulata subf. albida | Prunus serrulata subf. alborosea | Prunus serrulata subf. pallida | Prunus serrulata subf. plena | Prunus serrulata subf. pulchra | Prunus serrulata subf. rosea | Prunus serrulata unranked ambigua | Prunus serrulata unranked ariake | Prunus serrulata unranked daikoku | Prunus serrulata unranked fudanzakura | Prunus serrulata unranked fugenzo | Prunus serrulata unranked geraldinae | Prunus serrulata unranked gioiko | Prunus serrulata unranked grandiflora | Prunus serrulata unranked hatazakura | Prunus serrulata unranked hokusai | Prunus serrulata unranked kabazakura | Prunus serrulata unranked kojima | Prunus serrulata unranked luteoides | Prunus serrulata unranked okiku | Prunus serrulata unranked ruiran | Prunus serrulata unranked sekiyama | Prunus serrulata unranked shujaku | Prunus serrulata unranked sumizome | Prunus serrulata unranked taihaku | Prunus serrulata unranked taoyoma | Prunus serrulata unranked temari | Prunus serrulata unranked wasinowo,wfo-0000992061,Prunus serrulata,Rosaceae,exact_unique,exact
Prunus spachiana,prunus spachiana,prunus spachiana,1,1,1,1,1,Prunus spachiana,wfo-0000996487,Prunus itosakura,Rosaceae,1,1,1,1,1,Prunus spachiana,wfo-0000996487,Prunus itosakura,Rosaceae,exact_unique,exact
Prunus spinosa,prunus spinosa,prunus spinosa,2,2,1,1,1,Prunus spinosa,wfo-0001007437,Prunus spinosa,Rosaceae,31,31,3,3,1,Prunus spinosa | Prunus spinosa lus. purpurea | Prunus spinosa prol. amelanchierflora | Prunus spinosa prol. dasyphylla | Prunus spinosa prol. densa | Prunus spinosa prol. depressa | Prunus spinosa prol. ericiflora | Prunus spinosa prol. fastigiata | Prunus spinosa prol. foecundissima | Prunus spinosa prol. lamottei | Prunus spinosa prol. latiflora | Prunus spinosa prol. ligerina | Prunus spinosa prol. lucens | Prunus spinosa prol. lucida | Prunus spinosa prol. microstigma | Prunus spinosa prol. ovata | Prunus spinosa prol. parviflora | Prunus spinosa prol. pubescens | Prunus spinosa prol. ramburii | Prunus spinosa prol. subcylindrica | Prunus spinosa prol. subinermis | Prunus spinosa prol. typica | Prunus spinosa prol. vulgatus | Prunus spinosa subf. macrocarpa | Prunus spinosa unranked arborescens | Prunus spinosa unranked chlorocarpa | Prunus spinosa unranked florepleno | Prunus spinosa unranked florerubro | Prunus spinosa unranked frutescens | Prunus spinosa unranked genuina,wfo-0000985585 | wfo-0001005292 | wfo-0001007437,Prunus × fruticans | Prunus ramburii | Prunus spinosa,Rosaceae,exact_unique,exact
Prunus ssiori,prunus ssiori,prunus ssiori,1,1,1,1,1,Prunus ssiori,wfo-0000988088,Prunus ssiori,Rosaceae,1,1,1,1,1,Prunus ssiori,wfo-0000988088,Prunus ssiori,Rosaceae,exact_unique,exact
Prunus triloba,prunus triloba,prunus triloba,2,2,1,1,1,Prunus triloba,wfo-0001013932,Prunus triloba,Rosaceae,2,2,1,1,1,Prunus triloba,wfo-0001013932,Prunus triloba,Rosaceae,exact_unique,exact
Psammosilene tunicoides,psammosilene tunicoides,psammosilene tunicoides,1,1,1,1,1,Psammosilene tunicoides,wfo-0000395656,Psammosilene tunicoides,Caryophyllaceae,1,1,1,1,1,Psammosilene tunicoides,wfo-0000395656,Psammosilene tunicoides,Caryophyllaceae,exact_unique,exact
Pseudocedrela kotschyi,pseudocedrela kotschyi,pseudocedrela kotschyi,1,1,1,1,1,Pseudocedrela kotschyi,wfo-0000473666,Pseudocedrela kotschyi,Meliaceae,1,1,1,1,1,Pseudocedrela kotschyi,wfo-0000473666,Pseudocedrela kotschyi,Meliaceae,exact_unique,exact
Pseudocydonia sinensis,pseudocydonia sinensis,pseudocydonia sinensis,1,1,1,1,1,Pseudocydonia sinensis,wfo-0001014223,Pseudocydonia sinensis,Rosaceae,1,1,1,1,1,Pseudocydonia sinensis,wfo-0001014223,Pseudocydonia sinensis,Rosaceae,exact_unique,exact
Pseudognaphalium robustum,pseudognaphalium robustum,pseudognaphalium robustum,1,1,1,1,1,Pseudognaphalium robustum,wfo-0000091138,Gnaphalium robustum,Asteraceae,1,1,1,1,1,Pseudognaphalium robustum,wfo-0000091138,Gnaphalium robustum,Asteraceae,exact_unique,exact
Pseudolarix amabilis,pseudolarix amabilis,pseudolarix amabilis,1,1,1,1,1,Pseudolarix amabilis,wfo-0000479701,Pseudolarix amabilis,Pinaceae,1,1,1,1,1,Pseudolarix amabilis,wfo-0000479701,Pseudolarix amabilis,Pinaceae,exact_unique,exact
Pseudoprospero firmifolium,pseudoprospero firmifolium,pseudoprospero firmifolium,1,1,1,1,1,Pseudoprospero firmifolium,wfo-0000723079,Pseudoprospero firmifolium,Asparagaceae,1,1,1,1,1,Pseudoprospero firmifolium,wfo-0000723079,Pseudoprospero firmifolium,Asparagaceae,exact_unique,exact
Pseudosophora alopecuroides,pseudosophora alopecuroides,pseudosophora alopecuroides,2,2,1,1,1,Pseudosophora alopecuroides,wfo-0000213933,Sophora alopecuroides,Fabaceae,2,2,1,1,1,Pseudosophora alopecuroides,wfo-0000213933,Sophora alopecuroides,Fabaceae,exact_unique,exact
Pseudotsuga menziesii,pseudotsuga menziesii,pseudotsuga menziesii,1,1,1,1,1,Pseudotsuga menziesii,wfo-0000478194,Pseudotsuga menziesii,Pinaceae,1,1,1,1,1,Pseudotsuga menziesii,wfo-0000478194,Pseudotsuga menziesii,Pinaceae,exact_unique,exact
Pseudotsuga sinensis,pseudotsuga sinensis,pseudotsuga sinensis,1,1,1,1,1,Pseudotsuga sinensis,wfo-0000478196,Pseudotsuga sinensis,Pinaceae,1,1,1,1,1,Pseudotsuga sinensis,wfo-0000478196,Pseudotsuga sinensis,Pinaceae,exact_unique,exact
Psidium acutangulum,psidium acutangulum,psidium acutangulum,1,1,1,1,1,Psidium acutangulum,wfo-0000284273,Psidium acutangulum,Myrtaceae,1,1,1,1,1,Psidium acutangulum,wfo-0000284273,Psidium acutangulum,Myrtaceae,exact_unique,exact
Psidium cattleyanum,psidium cattleyanum,psidium cattleyanum,1,1,1,1,1,Psidium cattleyanum,wfo-0001319200,Psidium cattleyanum,Myrtaceae,1,1,1,1,1,Psidium cattleyanum,wfo-0001319200,Psidium cattleyanum,Myrtaceae,exact_unique,exact
Psidium guajava,psidium guajava,psidium guajava,1,1,1,1,1,Psidium guajava,wfo-0000284421,Psidium guajava,Myrtaceae,1,1,1,1,1,Psidium guajava,wfo-0000284421,Psidium guajava,Myrtaceae,exact_unique,exact
Psoralea,psoralea,psoralea,1,1,1,1,1,Psoralea,wfo-4000031821,Psoralea,Fabaceae,1,1,1,1,1,Psoralea,wfo-4000031821,Psoralea,Fabaceae,exact_unique,exact
Psorospermum androsaemifolium,psorospermum androsaemifolium,psorospermum androsaemifolium,1,1,1,1,1,Psorospermum androsaemifolium,wfo-0001295853,Psorospermum androsaemifolium,Hypericaceae,1,1,1,1,1,Psorospermum androsaemifolium,wfo-0001295853,Psorospermum androsaemifolium,Hypericaceae,exact_unique,exact
Psorospermum febrifugum,psorospermum febrifugum,psorospermum febrifugum,1,1,1,1,1,Psorospermum febrifugum,wfo-0000465021,Psorospermum febrifugum,Hypericaceae,1,1,1,1,1,Psorospermum febrifugum,wfo-0000465021,Psorospermum febrifugum,Hypericaceae,exact_unique,exact
Psorothamnus arborescens,psorothamnus arborescens,psorothamnus arborescens,1,1,1,1,1,Psorothamnus arborescens,wfo-0000181018,Psorodendron arborescens,Fabaceae,1,1,1,1,1,Psorothamnus arborescens,wfo-0000181018,Psorodendron arborescens,Fabaceae,exact_unique,exact
Psorothamnus fremontii,psorothamnus fremontii,psorothamnus fremontii,1,1,1,1,1,Psorothamnus fremontii,wfo-0000181050,Psorodendron fremontii,Fabaceae,1,1,1,1,1,Psorothamnus fremontii,wfo-0000181050,Psorodendron fremontii,Fabaceae,exact_unique,exact
Psorothamnus polydenius,psorothamnus polydenius,psorothamnus polydenius,1,1,1,1,1,Psorothamnus polydenius,wfo-0000169528,Psorothamnus polydenius,Fabaceae,1,1,1,1,1,Psorothamnus polydenius,wfo-0000169528,Psorothamnus polydenius,Fabaceae,exact_unique,exact
Psorothamnus spinosus,psorothamnus spinosus,psorothamnus spinosus,1,1,1,1,1,Psorothamnus spinosus,wfo-0000180956,Psorodendron spinosum,Fabaceae,1,1,1,1,1,Psorothamnus spinosus,wfo-0000180956,Psorodendron spinosum,Fabaceae,exact_unique,exact
Pterocarpus angolensis,pterocarpus angolensis,pterocarpus angolensis,1,1,1,1,1,Pterocarpus angolensis,wfo-0000172643,Pterocarpus angolensis,Fabaceae,1,1,1,1,1,Pterocarpus angolensis,wfo-0000172643,Pterocarpus angolensis,Fabaceae,exact_unique,exact
Pterocarpus macrocarpus,pterocarpus macrocarpus,pterocarpus macrocarpus,1,1,1,1,1,Pterocarpus macrocarpus,wfo-0000194875,Pterocarpus macrocarpus,Fabaceae,1,1,1,1,1,Pterocarpus macrocarpus,wfo-0000194875,Pterocarpus macrocarpus,Fabaceae,exact_unique,exact
Pterocarpus marsupium,pterocarpus marsupium,pterocarpus marsupium,1,1,1,1,1,Pterocarpus marsupium,wfo-0000185089,Pterocarpus marsupium,Fabaceae,1,1,1,1,1,Pterocarpus marsupium,wfo-0000185089,Pterocarpus marsupium,Fabaceae,exact_unique,exact
Pterocarpus soyauxii,pterocarpus soyauxii,pterocarpus soyauxii,1,1,1,1,1,Pterocarpus soyauxii,wfo-0000172858,Pterocarpus soyauxii,Fabaceae,1,1,1,1,1,Pterocarpus soyauxii,wfo-0000172858,Pterocarpus soyauxii,Fabaceae,exact_unique,exact
Pterocaulon alopecuroides,pterocaulon alopecuroides,pterocaulon alopecuroides,1,1,1,1,1,Pterocaulon alopecuroides,wfo-0000016722,Pterocaulon alopecuroides,Asteraceae,1,1,1,1,1,Pterocaulon alopecuroides,wfo-0000016722,Pterocaulon alopecuroides,Asteraceae,exact_unique,exact
Pterocaulon serrulatum,pterocaulon serrulatum,pterocaulon serrulatum,1,1,1,1,1,Pterocaulon serrulatum,wfo-0000074834,Pterocaulon serrulatum,Asteraceae,1,1,1,1,1,Pterocaulon serrulatum,wfo-0000074834,Pterocaulon serrulatum,Asteraceae,exact_unique,exact
Pterocaulon virgatum,pterocaulon virgatum,pterocaulon virgatum,1,1,1,1,1,Pterocaulon virgatum,wfo-0000135734,Pterocaulon virgatum,Asteraceae,1,1,1,1,1,Pterocaulon virgatum,wfo-0000135734,Pterocaulon virgatum,Asteraceae,exact_unique,exact
Pterodon emarginatus,pterodon emarginatus,pterodon emarginatus,1,1,1,1,1,Pterodon emarginatus,wfo-0000186722,Pterodon emarginatus,Fabaceae,1,1,1,1,1,Pterodon emarginatus,wfo-0000186722,Pterodon emarginatus,Fabaceae,exact_unique,exact
Pterogyne nitens,pterogyne nitens,pterogyne nitens,1,1,1,1,1,Pterogyne nitens,wfo-0000170614,Pterogyne nitens,Fabaceae,1,1,1,1,1,Pterogyne nitens,wfo-0000170614,Pterogyne nitens,Fabaceae,exact_unique,exact
Pterospartum tridentatum,pterospartum tridentatum,pterospartum tridentatum,1,1,1,1,1,Pterospartum tridentatum,wfo-0000213379,Genista tridentata,Fabaceae,1,1,1,1,1,Pterospartum tridentatum,wfo-0000213379,Genista tridentata,Fabaceae,exact_unique,exact
Pteroxygonum giraldii,pteroxygonum giraldii,pteroxygonum giraldii,1,1,1,1,1,Pteroxygonum giraldii,wfo-0001230802,Pteroxygonum giraldii,Polygonaceae,1,1,1,1,1,Pteroxygonum giraldii,wfo-0001230802,Pteroxygonum giraldii,Polygonaceae,exact_unique,exact
Ptilothrix deusta,ptilothrix deusta,ptilothrix deusta,1,1,1,1,1,Ptilothrix deusta,wfo-0000503454,Ptilothrix deusta,Cyperaceae,1,1,1,1,1,Ptilothrix deusta,wfo-0000503454,Ptilothrix deusta,Cyperaceae,exact_unique,exact
Pueraria,pueraria,pueraria,1,1,1,1,1,Pueraria,wfo-4000032154,Pueraria,Fabaceae,1,1,1,1,1,Pueraria,wfo-4000032154,Pueraria,Fabaceae,exact_unique,exact
Pueraria calycina,pueraria calycina,pueraria calycina,1,1,1,1,1,Pueraria calycina,wfo-0000197989,Pueraria calycina,Fabaceae,1,1,1,1,1,Pueraria calycina,wfo-0000197989,Pueraria calycina,Fabaceae,exact_unique,exact
Pueraria candollei,pueraria candollei,pueraria candollei,1,1,1,1,1,Pueraria candollei,wfo-0000193845,Pueraria candollei,Fabaceae,1,1,1,1,1,Pueraria candollei,wfo-0000193845,Pueraria candollei,Fabaceae,exact_unique,exact
Pueraria edulis,pueraria edulis,pueraria edulis,1,1,1,1,1,Pueraria edulis,wfo-0000197991,Pueraria edulis,Fabaceae,1,1,1,1,1,Pueraria edulis,wfo-0000197991,Pueraria edulis,Fabaceae,exact_unique,exact
Pueraria montana,pueraria montana,pueraria montana,1,1,1,1,1,Pueraria montana,wfo-0000185101,Pueraria montana,Fabaceae,1,1,1,1,1,Pueraria montana,wfo-0000185101,Pueraria montana,Fabaceae,exact_unique,exact
Pueraria phaseoloides,pueraria phaseoloides,pueraria phaseoloides,1,1,1,1,1,Pueraria phaseoloides,wfo-0000183176,Neustanthus phaseoloides,Fabaceae,1,1,1,1,1,Pueraria phaseoloides,wfo-0000183176,Neustanthus phaseoloides,Fabaceae,exact_unique,exact
Pueraria tuberosa,pueraria tuberosa,pueraria tuberosa,1,1,1,1,1,Pueraria tuberosa,wfo-0000185100,Pueraria tuberosa,Fabaceae,1,1,1,1,1,Pueraria tuberosa,wfo-0000185100,Pueraria tuberosa,Fabaceae,exact_unique,exact
Pulicaria gnaphalodes,pulicaria gnaphalodes,pulicaria gnaphalodes,1,1,1,1,1,Pulicaria gnaphalodes,wfo-0000092918,Pulicaria gnaphalodes,Asteraceae,1,1,1,1,1,Pulicaria gnaphalodes,wfo-0000092918,Pulicaria gnaphalodes,Asteraceae,exact_unique,exact
Pulicaria undulata,pulicaria undulata,pulicaria undulata,2,2,1,1,1,Pulicaria undulata,wfo-0000132536,Pulicaria undulata,Asteraceae,2,2,1,1,1,Pulicaria undulata,wfo-0000132536,Pulicaria undulata,Asteraceae,exact_unique,exact
Pulsatilla cernua,pulsatilla cernua,pulsatilla cernua,2,2,1,1,1,Pulsatilla cernua,wfo-0001129290,Pulsatilla cernua,Ranunculaceae,2,2,1,1,1,Pulsatilla cernua,wfo-0001129290,Pulsatilla cernua,Ranunculaceae,exact_unique,exact
Punica granatum,punica granatum,punica granatum,1,1,1,1,1,Punica granatum,wfo-0000468843,Punica granatum,Lythraceae,1,1,1,1,1,Punica granatum,wfo-0000468843,Punica granatum,Lythraceae,exact_unique,exact
Pycnanthus angolensis,pycnanthus angolensis,pycnanthus angolensis,1,1,1,1,1,Pycnanthus angolensis,wfo-0000476435,Pycnanthus angolensis,Myristicaceae,1,1,1,1,1,Pycnanthus angolensis,wfo-0000476435,Pycnanthus angolensis,Myristicaceae,exact_unique,exact
Pyracantha coccinea,pyracantha coccinea,pyracantha coccinea,1,1,1,1,1,Pyracantha coccinea,wfo-0001008214,Pyracantha coccinea,Rosaceae,1,1,1,1,1,Pyracantha coccinea,wfo-0001008214,Pyracantha coccinea,Rosaceae,exact_unique,exact
Pyrola,pyrola,pyrola,1,1,1,1,1,Pyrola,wfo-4000032303,Pyrola,Ericaceae,1,1,1,1,1,Pyrola,wfo-4000032303,Pyrola,Ericaceae,exact_unique,exact
Pyrola asarifolia,pyrola asarifolia,pyrola asarifolia,1,1,1,1,1,Pyrola asarifolia,wfo-0001128939,Pyrola asarifolia,Ericaceae,1,1,1,1,1,Pyrola asarifolia,wfo-0001128939,Pyrola asarifolia,Ericaceae,exact_unique,exact
Pyrola chlorantha,pyrola chlorantha,pyrola chlorantha,1,1,1,1,1,Pyrola chlorantha,wfo-0000396274,Pyrola chlorantha,Ericaceae,1,1,1,1,1,Pyrola chlorantha,wfo-0000396274,Pyrola chlorantha,Ericaceae,exact_unique,exact
Pyrola elliptica,pyrola elliptica,pyrola elliptica,1,1,1,1,1,Pyrola elliptica,wfo-0000396294,Pyrola elliptica,Ericaceae,1,1,1,1,1,Pyrola elliptica,wfo-0000396294,Pyrola elliptica,Ericaceae,exact_unique,exact
Pyrola incarnata,pyrola incarnata,pyrola incarnata,1,1,1,1,1,Pyrola incarnata,wfo-0001128939,Pyrola asarifolia,Ericaceae,1,1,1,1,1,Pyrola incarnata,wfo-0001128939,Pyrola asarifolia,Ericaceae,exact_unique,exact
Pyrrosia linearifolia,pyrrosia linearifolia,pyrrosia linearifolia,1,1,1,1,1,Pyrrosia linearifolia,wfo-0001107415,Pyrrosia linearifolia,Polypodiaceae,2,2,1,1,1,Pyrrosia linearifolia | Pyrrosia linearifolia unranked cristata,wfo-0001107415,Pyrrosia linearifolia,Polypodiaceae,exact_unique,exact
Pyrrosia serpens,pyrrosia serpens,pyrrosia serpens,1,1,1,1,1,Pyrrosia serpens,wfo-0000150260,Pyrrosia serpens,Polypodiaceae,1,1,1,1,1,Pyrrosia serpens,wfo-0000150260,Pyrrosia serpens,Polypodiaceae,exact_unique,exact
Pyrus communis,pyrus communis,pyrus communis,7,7,1,1,1,Pyrus communis,wfo-0001015799,Pyrus communis,Rosaceae,23,23,4,4,1,Pyrus communis | Pyrus communis lus. tricolor | Pyrus communis prol. achras | Pyrus communis prol. boraeana | Pyrus communis prol. bourgaeana | Pyrus communis prol. brachypoda | Pyrus communis prol. cultrensis | Pyrus communis prol. mariana | Pyrus communis prol. pyraster | Pyrus communis prol. sativa | Pyrus communis unranked domestica | Pyrus communis unranked elliptica | Pyrus communis unranked glabra | Pyrus communis unranked grandifolia | Pyrus communis unranked tomentosa | Pyrus communis unranked typica,wfo-0000984439 | wfo-0000992574 | wfo-0001015799 | wfo-0001018703,Pyrus bourgaeana | Pyrus communis | Pyrus communis subsp. communis | Pyrus turcomanica,Rosaceae,exact_unique,exact
Qualea labouriauana,qualea labouriauana,qualea labouriauana,1,1,1,1,1,Qualea labouriauana,wfo-0000733118,Qualea labouriauana,Vochysiaceae,1,1,1,1,1,Qualea labouriauana,wfo-0000733118,Qualea labouriauana,Vochysiaceae,exact_unique,exact
Qualea paraensis,qualea paraensis,qualea paraensis,1,1,1,1,1,Qualea paraensis,wfo-0000733145,Qualea paraensis,Vochysiaceae,1,1,1,1,1,Qualea paraensis,wfo-0000733145,Qualea paraensis,Vochysiaceae,exact_unique,exact
Quercus acutissima,quercus acutissima,quercus acutissima,1,1,1,1,1,Quercus acutissima,wfo-0000289386,Quercus acutissima,Fagaceae,1,1,1,1,1,Quercus acutissima,wfo-0000289386,Quercus acutissima,Fagaceae,exact_unique,exact
Quercus coccifera,quercus coccifera,quercus coccifera,1,1,1,1,1,Quercus coccifera,wfo-0000290191,Quercus coccifera,Fagaceae,1,1,1,1,1,Quercus coccifera,wfo-0000290191,Quercus coccifera,Fagaceae,exact_unique,exact
Quercus marilandica,quercus marilandica,quercus marilandica,1,1,1,1,1,Quercus marilandica,wfo-0000291931,Quercus marilandica,Fagaceae,1,1,1,1,1,Quercus marilandica,wfo-0000291931,Quercus marilandica,Fagaceae,exact_unique,exact
Quercus miyagii,quercus miyagii,quercus miyagii,1,1,1,1,1,Quercus miyagii,wfo-0000292037,Quercus miyagii,Fagaceae,1,1,1,1,1,Quercus miyagii,wfo-0000292037,Quercus miyagii,Fagaceae,exact_unique,exact
Quercus mongolica,quercus mongolica,quercus mongolica,1,1,1,1,1,Quercus mongolica,wfo-0000292048,Quercus mongolica,Fagaceae,1,1,1,1,1,Quercus mongolica,wfo-0000292048,Quercus mongolica,Fagaceae,exact_unique,exact
Quercus petraea,quercus petraea,quercus petraea,1,1,1,1,1,Quercus petraea,wfo-0000292459,Quercus petraea,Fagaceae,1,1,1,1,1,Quercus petraea,wfo-0000292459,Quercus petraea,Fagaceae,exact_unique,exact
Quercus salicina,quercus salicina,quercus salicina,1,1,1,1,1,Quercus salicina,wfo-0000293064,Quercus salicina,Fagaceae,1,1,1,1,1,Quercus salicina,wfo-0000293064,Quercus salicina,Fagaceae,exact_unique,exact
Quintinia acutifolia,quintinia acutifolia,quintinia acutifolia,1,1,1,1,1,Quintinia acutifolia,wfo-0000733598,Quintinia serrata,Paracryphiaceae,1,1,1,1,1,Quintinia acutifolia,wfo-0000733598,Quintinia serrata,Paracryphiaceae,exact_unique,exact
Raphanus sativus,raphanus sativus,raphanus sativus,1,1,1,1,1,Raphanus sativus,wfo-0000402430,Raphanus sativus,Brassicaceae,2,2,2,2,1,Raphanus sativus | Raphanus sativus subf. silvester,wfo-0000402430 | wfo-0001217985,Raphanus raphanistrum subsp. sativus | Raphanus sativus,Brassicaceae,exact_unique,exact
Ratibida columnifera,ratibida columnifera,ratibida columnifera,1,1,1,1,1,Ratibida columnifera,wfo-0000083837,Ratibida columnifera,Asteraceae,1,1,1,1,1,Ratibida columnifera,wfo-0000083837,Ratibida columnifera,Asteraceae,exact_unique,exact
Renealmia nicolaioides,renealmia nicolaioides,renealmia nicolaioides,1,1,1,1,1,Renealmia nicolaioides,wfo-0000510879,Renealmia nicolaioides,Zingiberaceae,1,1,1,1,1,Renealmia nicolaioides,wfo-0000510879,Renealmia nicolaioides,Zingiberaceae,exact_unique,exact
Resnova humifusa,resnova humifusa,resnova humifusa,1,1,1,1,1,Resnova humifusa,wfo-0000732462,Resnova humifusa,Asparagaceae,1,1,1,1,1,Resnova humifusa,wfo-0000732462,Resnova humifusa,Asparagaceae,exact_unique,exact
Retama sphaerocarpa,retama sphaerocarpa,retama sphaerocarpa,1,1,1,1,1,Retama sphaerocarpa,wfo-0000213402,Retama sphaerocarpa,Fabaceae,1,1,1,1,1,Retama sphaerocarpa,wfo-0000213402,Retama sphaerocarpa,Fabaceae,exact_unique,exact
Reynoutria japonica,reynoutria japonica,reynoutria japonica,1,1,1,1,1,Reynoutria japonica,wfo-0000406106,Reynoutria japonica,Polygonaceae,1,1,1,1,1,Reynoutria japonica,wfo-0000406106,Reynoutria japonica,Polygonaceae,exact_unique,exact
Rhamnus lycioides,rhamnus lycioides,rhamnus lycioides,1,1,1,1,1,Rhamnus lycioides,wfo-0000460322,Rhamnus lycioides,Rhamnaceae,1,1,1,1,1,Rhamnus lycioides,wfo-0000460322,Rhamnus lycioides,Rhamnaceae,exact_unique,exact
Rhamnus pallasii,rhamnus pallasii,rhamnus pallasii,1,1,1,1,1,Rhamnus pallasii,wfo-0001131291,Rhamnus pallasii,Rhamnaceae,1,1,1,1,1,Rhamnus pallasii,wfo-0001131291,Rhamnus pallasii,Rhamnaceae,exact_unique,exact
Rhaphiolepis indica,rhaphiolepis indica,rhaphiolepis indica,1,1,1,1,1,Rhaphiolepis indica,wfo-0001016273,Rhaphiolepis indica,Rosaceae,1,1,1,1,1,Rhaphiolepis indica,wfo-0001016273,Rhaphiolepis indica,Rosaceae,exact_unique,exact
Rhaponticum carthamoides,rhaponticum carthamoides,rhaponticum carthamoides,1,1,1,1,1,Rhaponticum carthamoides,wfo-0000135169,Leuzea carthamoides,Asteraceae,1,1,1,1,1,Rhaponticum carthamoides,wfo-0000135169,Leuzea carthamoides,Asteraceae,exact_unique,exact
Rhaponticum uniflorum,rhaponticum uniflorum,rhaponticum uniflorum,1,1,1,1,1,Rhaponticum uniflorum,wfo-0000123686,Leuzea uniflora,Asteraceae,1,1,1,1,1,Rhaponticum uniflorum,wfo-0000123686,Leuzea uniflora,Asteraceae,exact_unique,exact
Rheum,rheum,rheum,1,1,1,1,1,Rheum,wfo-4000032935,Rheum,Polygonaceae,1,1,1,1,1,Rheum,wfo-4000032935,Rheum,Polygonaceae,exact_unique,exact
Rheum australe,rheum australe,rheum australe,1,1,1,1,1,Rheum australe,wfo-0001101425,Rheum australe,Polygonaceae,1,1,1,1,1,Rheum australe,wfo-0001101425,Rheum australe,Polygonaceae,exact_unique,exact
Rheum officinale,rheum officinale,rheum officinale,1,1,1,1,1,Rheum officinale,wfo-0000404454,Rheum officinale,Polygonaceae,1,1,1,1,1,Rheum officinale,wfo-0000404454,Rheum officinale,Polygonaceae,exact_unique,exact
Rheum palmatum,rheum palmatum,rheum palmatum,1,1,1,1,1,Rheum palmatum,wfo-0000404474,Rheum palmatum,Polygonaceae,1,1,1,1,1,Rheum palmatum,wfo-0000404474,Rheum palmatum,Polygonaceae,exact_unique,exact
Rhizophora stylosa,rhizophora stylosa,rhizophora stylosa,1,1,1,1,1,Rhizophora stylosa,wfo-0001131597,Rhizophora stylosa,Rhizophoraceae,1,1,1,1,1,Rhizophora stylosa,wfo-0001131597,Rhizophora stylosa,Rhizophoraceae,exact_unique,exact
Rhodiola chrysanthemifolia,rhodiola chrysanthemifolia,rhodiola chrysanthemifolia,1,1,1,1,1,Rhodiola chrysanthemifolia,wfo-0001300650,Rhodiola chrysanthemifolia,Crassulaceae,1,1,1,1,1,Rhodiola chrysanthemifolia,wfo-0001300650,Rhodiola chrysanthemifolia,Crassulaceae,exact_unique,exact
Rhodiola crenulata,rhodiola crenulata,rhodiola crenulata,1,1,1,1,1,Rhodiola crenulata,wfo-0000399351,Rhodiola crenulata,Crassulaceae,1,1,1,1,1,Rhodiola crenulata,wfo-0000399351,Rhodiola crenulata,Crassulaceae,exact_unique,exact
Rhodiola fastigiata,rhodiola fastigiata,rhodiola fastigiata,1,1,1,1,1,Rhodiola fastigiata,wfo-0001299894,Rhodiola fastigiata,Crassulaceae,1,1,1,1,1,Rhodiola fastigiata,wfo-0001299894,Rhodiola fastigiata,Crassulaceae,exact_unique,exact
Rhodiola heterodonta,rhodiola heterodonta,rhodiola heterodonta,1,1,1,1,1,Rhodiola heterodonta,wfo-0001299897,Rhodiola heterodonta,Crassulaceae,1,1,1,1,1,Rhodiola heterodonta,wfo-0001299897,Rhodiola heterodonta,Crassulaceae,exact_unique,exact
Rhodiola kirilowii,rhodiola kirilowii,rhodiola kirilowii,1,1,1,1,1,Rhodiola kirilowii,wfo-0001300617,Rhodiola kirilowii,Crassulaceae,1,1,1,1,1,Rhodiola kirilowii,wfo-0001300617,Rhodiola kirilowii,Crassulaceae,exact_unique,exact
Rhodiola rosea,rhodiola rosea,rhodiola rosea,1,1,1,1,1,Rhodiola rosea,wfo-0000399342,Rhodiola rosea,Crassulaceae,1,1,1,1,1,Rhodiola rosea,wfo-0000399342,Rhodiola rosea,Crassulaceae,exact_unique,exact
Rhodiola semenovii,rhodiola semenovii,rhodiola semenovii,1,1,1,1,1,Rhodiola semenovii,wfo-0001299870,Rhodiola semenovii,Crassulaceae,1,1,1,1,1,Rhodiola semenovii,wfo-0001299870,Rhodiola semenovii,Crassulaceae,exact_unique,exact
Rhododendron,rhododendron,rhododendron,1,1,1,1,1,Rhododendron,wfo-4000033027,Rhododendron,Ericaceae,1,1,1,1,1,Rhododendron,wfo-4000033027,Rhododendron,Ericaceae,exact_unique,exact
Rhododendron abietifolium,rhododendron abietifolium,rhododendron abietifolium,1,1,1,1,1,Rhododendron abietifolium,wfo-0000400488,Rhododendron abietifolium,Ericaceae,1,1,1,1,1,Rhododendron abietifolium,wfo-0000400488,Rhododendron abietifolium,Ericaceae,exact_unique,exact
Rhododendron acuminatum,rhododendron acuminatum,rhododendron acuminatum,1,1,1,1,1,Rhododendron acuminatum,wfo-0000400490,Rhododendron acuminatum,Ericaceae,1,1,1,1,1,Rhododendron acuminatum,wfo-0000400490,Rhododendron acuminatum,Ericaceae,exact_unique,exact
Rhododendron adenopodum,rhododendron adenopodum,rhododendron adenopodum,1,1,1,1,1,Rhododendron adenopodum,wfo-0001048903,Rhododendron adenopodum,Ericaceae,1,1,1,1,1,Rhododendron adenopodum,wfo-0001048903,Rhododendron adenopodum,Ericaceae,exact_unique,exact
Rhododendron aurigeranum,rhododendron aurigeranum,rhododendron aurigeranum,1,1,1,1,1,Rhododendron aurigeranum,wfo-0000400379,Rhododendron aurigeranum,Ericaceae,1,1,1,1,1,Rhododendron aurigeranum,wfo-0000400379,Rhododendron aurigeranum,Ericaceae,exact_unique,exact
Rhododendron bagobonum,rhododendron bagobonum,rhododendron bagobonum,1,1,1,1,1,Rhododendron bagobonum,wfo-0000400373,Rhododendron bagobonum,Ericaceae,1,1,1,1,1,Rhododendron bagobonum,wfo-0000400373,Rhododendron bagobonum,Ericaceae,exact_unique,exact
Rhododendron beyerinckianum,rhododendron beyerinckianum,rhododendron beyerinckianum,1,1,1,1,1,Rhododendron beyerinckianum,wfo-0000400398,Rhododendron beyerinckianum,Ericaceae,1,1,1,1,1,Rhododendron beyerinckianum,wfo-0000400398,Rhododendron beyerinckianum,Ericaceae,exact_unique,exact
Rhododendron brookeanum,rhododendron brookeanum,rhododendron brookeanum,1,1,1,1,1,Rhododendron brookeanum,wfo-0001365423,Rhododendron javanicum subsp. brookeanum,Ericaceae,1,1,1,1,1,Rhododendron brookeanum,wfo-0001365423,Rhododendron javanicum subsp. brookeanum,Ericaceae,exact_unique,exact
Rhododendron buxifolium,rhododendron buxifolium,rhododendron buxifolium,1,1,1,1,1,Rhododendron buxifolium,wfo-0000400464,Rhododendron buxifolium,Ericaceae,1,1,1,1,1,Rhododendron buxifolium,wfo-0000400464,Rhododendron buxifolium,Ericaceae,exact_unique,exact
Rhododendron christianae,rhododendron christianae,rhododendron christianae,1,1,1,1,1,Rhododendron christianae,wfo-0000403055,Rhododendron christianae,Ericaceae,1,1,1,1,1,Rhododendron christianae,wfo-0000403055,Rhododendron christianae,Ericaceae,exact_unique,exact
Rhododendron crassifolium,rhododendron crassifolium,rhododendron crassifolium,1,1,1,1,1,Rhododendron crassifolium,wfo-0000403124,Rhododendron crassifolium,Ericaceae,1,1,1,1,1,Rhododendron crassifolium,wfo-0000403124,Rhododendron crassifolium,Ericaceae,exact_unique,exact
Rhododendron dauricum,rhododendron dauricum,rhododendron dauricum,1,1,1,1,1,Rhododendron dauricum,wfo-0000400762,Rhododendron dauricum,Ericaceae,1,1,1,1,1,Rhododendron dauricum,wfo-0000400762,Rhododendron dauricum,Ericaceae,exact_unique,exact
Rhododendron decorum,rhododendron decorum,rhododendron decorum,1,1,1,1,1,Rhododendron decorum,wfo-0001229320,Rhododendron decorum,Ericaceae,1,1,1,1,1,Rhododendron decorum,wfo-0001229320,Rhododendron decorum,Ericaceae,exact_unique,exact
Rhododendron dianthosmum,rhododendron dianthosmum,rhododendron dianthosmum,1,1,1,1,1,Rhododendron dianthosmum,wfo-0000400742,Rhododendron dianthosmum,Ericaceae,1,1,1,1,1,Rhododendron dianthosmum,wfo-0000400742,Rhododendron dianthosmum,Ericaceae,exact_unique,exact
Rhododendron durionifolium,rhododendron durionifolium,rhododendron durionifolium,1,1,1,1,1,Rhododendron durionifolium,wfo-0000400749,Rhododendron durionifolium,Ericaceae,1,1,1,1,1,Rhododendron durionifolium,wfo-0000400749,Rhododendron durionifolium,Ericaceae,exact_unique,exact
Rhododendron edanoi,rhododendron edanoi,rhododendron edanoi,1,1,1,1,1,Rhododendron edanoi,wfo-0000400746,Rhododendron edanoi,Ericaceae,1,1,1,1,1,Rhododendron edanoi,wfo-0000400746,Rhododendron edanoi,Ericaceae,exact_unique,exact
Rhododendron farrerae,rhododendron farrerae,rhododendron farrerae,1,1,1,1,1,Rhododendron farrerae,wfo-0000400820,Rhododendron farrerae,Ericaceae,1,1,1,1,1,Rhododendron farrerae,wfo-0000400820,Rhododendron farrerae,Ericaceae,exact_unique,exact
Rhododendron ferrugineum,rhododendron ferrugineum,rhododendron ferrugineum,1,1,1,1,1,Rhododendron ferrugineum,wfo-0000400806,Rhododendron ferrugineum,Ericaceae,1,1,1,1,1,Rhododendron ferrugineum,wfo-0000400806,Rhododendron ferrugineum,Ericaceae,exact_unique,exact
Rhododendron gracilentum,rhododendron gracilentum,rhododendron gracilentum,1,1,1,1,1,Rhododendron gracilentum,wfo-0000400656,Rhododendron gracilentum,Ericaceae,1,1,1,1,1,Rhododendron gracilentum,wfo-0000400656,Rhododendron gracilentum,Ericaceae,exact_unique,exact
Rhododendron hooglandii,rhododendron hooglandii,rhododendron hooglandii,1,1,1,1,1,Rhododendron hooglandii,wfo-0000400710,Rhododendron hooglandii,Ericaceae,1,1,1,1,1,Rhododendron hooglandii,wfo-0000400710,Rhododendron hooglandii,Ericaceae,exact_unique,exact
Rhododendron inconspicuum,rhododendron inconspicuum,rhododendron inconspicuum,1,1,1,1,1,Rhododendron inconspicuum,wfo-0000400686,Rhododendron inconspicuum,Ericaceae,1,1,1,1,1,Rhododendron inconspicuum,wfo-0000400686,Rhododendron inconspicuum,Ericaceae,exact_unique,exact
Rhododendron intranervatum,rhododendron intranervatum,rhododendron intranervatum,1,1,1,1,1,Rhododendron intranervatum,wfo-0000400674,Rhododendron intranervatum,Ericaceae,1,1,1,1,1,Rhododendron intranervatum,wfo-0000400674,Rhododendron intranervatum,Ericaceae,exact_unique,exact
Rhododendron jasminiflorum,rhododendron jasminiflorum,rhododendron jasminiflorum,2,2,1,1,1,Rhododendron jasminiflorum,wfo-0000400691,Rhododendron jasminiflorum,Ericaceae,2,2,1,1,1,Rhododendron jasminiflorum,wfo-0000400691,Rhododendron jasminiflorum,Ericaceae,exact_unique,exact
Rhododendron javanicum,rhododendron javanicum,rhododendron javanicum,1,1,1,1,1,Rhododendron javanicum,wfo-0000400693,Rhododendron javanicum,Ericaceae,1,1,1,1,1,Rhododendron javanicum,wfo-0000400693,Rhododendron javanicum,Ericaceae,exact_unique,exact
Rhododendron kawakamii,rhododendron kawakamii,rhododendron kawakamii,1,1,1,1,1,Rhododendron kawakamii,wfo-0001048928,Rhododendron kawakamii,Ericaceae,1,1,1,1,1,Rhododendron kawakamii,wfo-0001048928,Rhododendron kawakamii,Ericaceae,exact_unique,exact
Rhododendron konori,rhododendron konori,rhododendron konori,1,1,1,1,1,Rhododendron konori,wfo-0000400056,Rhododendron konori,Ericaceae,1,1,1,1,1,Rhododendron konori,wfo-0000400056,Rhododendron konori,Ericaceae,exact_unique,exact
Rhododendron laetum,rhododendron laetum,rhododendron laetum,1,1,1,1,1,Rhododendron laetum,wfo-0000400104,Rhododendron laetum,Ericaceae,1,1,1,1,1,Rhododendron laetum,wfo-0000400104,Rhododendron laetum,Ericaceae,exact_unique,exact
Rhododendron lanceolatum,rhododendron lanceolatum,rhododendron lanceolatum,1,1,1,1,1,Rhododendron lanceolatum,wfo-0000400096,Rhododendron lanceolatum,Ericaceae,1,1,1,1,1,Rhododendron lanceolatum,wfo-0000400096,Rhododendron lanceolatum,Ericaceae,exact_unique,exact
Rhododendron leucogigas,rhododendron leucogigas,rhododendron leucogigas,1,1,1,1,1,Rhododendron leucogigas,wfo-0000399954,Rhododendron leucogigas,Ericaceae,1,1,1,1,1,Rhododendron leucogigas,wfo-0000399954,Rhododendron leucogigas,Ericaceae,exact_unique,exact
Rhododendron luteum,rhododendron luteum,rhododendron luteum,1,1,1,1,1,Rhododendron luteum,wfo-0000399990,Rhododendron luteum,Ericaceae,1,1,1,1,1,Rhododendron luteum,wfo-0000399990,Rhododendron luteum,Ericaceae,exact_unique,exact
Rhododendron macgregoriae,rhododendron macgregoriae,rhododendron macgregoriae,1,1,1,1,1,Rhododendron macgregoriae,wfo-0000399989,Rhododendron macgregoriae,Ericaceae,1,1,1,1,1,Rhododendron macgregoriae,wfo-0000399989,Rhododendron macgregoriae,Ericaceae,exact_unique,exact
Rhododendron meijeri,rhododendron meijeri,rhododendron meijeri,1,1,1,1,1,Rhododendron meijeri,wfo-0000400177,Rhododendron meijeri,Ericaceae,1,1,1,1,1,Rhododendron meijeri,wfo-0000400177,Rhododendron meijeri,Ericaceae,exact_unique,exact
Rhododendron micromalayanum,rhododendron micromalayanum,rhododendron micromalayanum,1,1,1,1,1,Rhododendron micromalayanum,wfo-0000400282,Rhododendron micromalayanum,Ericaceae,1,1,1,1,1,Rhododendron micromalayanum,wfo-0000400282,Rhododendron micromalayanum,Ericaceae,exact_unique,exact
Rhododendron mucronatum,rhododendron mucronatum,rhododendron mucronatum,1,1,1,1,1,Rhododendron mucronatum,wfo-0001229801,Rhododendron mucronatum,Ericaceae,1,1,1,1,1,Rhododendron mucronatum,wfo-0001229801,Rhododendron mucronatum,Ericaceae,exact_unique,exact
Rhododendron nervulosum,rhododendron nervulosum,rhododendron nervulosum,1,1,1,1,1,Rhododendron nervulosum,wfo-0000400362,Rhododendron nervosulum,Ericaceae,1,1,1,1,1,Rhododendron nervulosum,wfo-0000400362,Rhododendron nervosulum,Ericaceae,exact_unique,exact
Rhododendron nieuwenhuisii,rhododendron nieuwenhuisii,rhododendron nieuwenhuisii,1,1,1,1,1,Rhododendron nieuwenhuisii,wfo-0000400349,Rhododendron nieuwenhuisii,Ericaceae,1,1,1,1,1,Rhododendron nieuwenhuisii,wfo-0000400349,Rhododendron nieuwenhuisii,Ericaceae,exact_unique,exact
Rhododendron orbiculatum,rhododendron orbiculatum,rhododendron orbiculatum,1,1,1,1,1,Rhododendron orbiculatum,wfo-0000400314,Rhododendron orbiculatum,Ericaceae,1,1,1,1,1,Rhododendron orbiculatum,wfo-0000400314,Rhododendron orbiculatum,Ericaceae,exact_unique,exact
Rhododendron polyanthemum,rhododendron polyanthemum,rhododendron polyanthemum,1,1,1,1,1,Rhododendron polyanthemum,wfo-0000400159,Rhododendron polyanthemum,Ericaceae,1,1,1,1,1,Rhododendron polyanthemum,wfo-0000400159,Rhododendron polyanthemum,Ericaceae,exact_unique,exact
Rhododendron praetervisum,rhododendron praetervisum,rhododendron praetervisum,1,1,1,1,1,Rhododendron praetervisum,wfo-0000400183,Rhododendron praetervisum,Ericaceae,1,1,1,1,1,Rhododendron praetervisum,wfo-0000400183,Rhododendron praetervisum,Ericaceae,exact_unique,exact
Rhododendron rarum,rhododendron rarum,rhododendron rarum,1,1,1,1,1,Rhododendron rarum,wfo-0000405496,Rhododendron rarum,Ericaceae,1,1,1,1,1,Rhododendron rarum,wfo-0000405496,Rhododendron rarum,Ericaceae,exact_unique,exact
Rhododendron retusum,rhododendron retusum,rhododendron retusum,1,1,1,1,1,Rhododendron retusum,wfo-0001242988,Rhododendron retusum,Ericaceae,1,1,1,1,1,Rhododendron retusum,wfo-0001242988,Rhododendron retusum,Ericaceae,exact_unique,exact
Rhododendron robinsonii,rhododendron robinsonii,rhododendron robinsonii,1,1,1,1,1,Rhododendron robinsonii,wfo-0000405504,Rhododendron robinsonii,Ericaceae,1,1,1,1,1,Rhododendron robinsonii,wfo-0000405504,Rhododendron robinsonii,Ericaceae,exact_unique,exact
Rhododendron searleanum,rhododendron searleanum,rhododendron searleanum,1,1,1,1,1,Rhododendron searleanum,wfo-0000405383,Rhododendron searleanum,Ericaceae,1,1,1,1,1,Rhododendron searleanum,wfo-0000405383,Rhododendron searleanum,Ericaceae,exact_unique,exact
Rhododendron simsii,rhododendron simsii,rhododendron simsii,1,1,1,1,1,Rhododendron simsii,wfo-0000405453,Rhododendron simsii,Ericaceae,1,1,1,1,1,Rhododendron simsii,wfo-0000405453,Rhododendron simsii,Ericaceae,exact_unique,exact
Rhododendron spiciferum,rhododendron spiciferum,rhododendron spiciferum,1,1,1,1,1,Rhododendron spiciferum,wfo-0001048172,Rhododendron spiciferum,Ericaceae,1,1,1,1,1,Rhododendron spiciferum,wfo-0001048172,Rhododendron spiciferum,Ericaceae,exact_unique,exact
Rhododendron spinuliferum,rhododendron spinuliferum,rhododendron spinuliferum,1,1,1,1,1,Rhododendron spinuliferum,wfo-0001048174,Rhododendron spinuliferum,Ericaceae,1,1,1,1,1,Rhododendron spinuliferum,wfo-0001048174,Rhododendron spinuliferum,Ericaceae,exact_unique,exact
Rhododendron stapfianum,rhododendron stapfianum,rhododendron stapfianum,1,1,1,1,1,Rhododendron stapfianum,wfo-0000405429,Rhododendron stapfianum,Ericaceae,1,1,1,1,1,Rhododendron stapfianum,wfo-0000405429,Rhododendron stapfianum,Ericaceae,exact_unique,exact
Rhododendron suaveolens,rhododendron suaveolens,rhododendron suaveolens,1,1,1,1,1,Rhododendron suaveolens,wfo-0000405421,Rhododendron suaveolens,Ericaceae,1,1,1,1,1,Rhododendron suaveolens,wfo-0000405421,Rhododendron suaveolens,Ericaceae,exact_unique,exact
Rhododendron superbum,rhododendron superbum,rhododendron superbum,2,2,1,1,1,Rhododendron superbum,wfo-0000405437,Rhododendron superbum,Ericaceae,2,2,1,1,1,Rhododendron superbum,wfo-0000405437,Rhododendron superbum,Ericaceae,exact_unique,exact
Rhododendron vandeursenii,rhododendron vandeursenii,rhododendron vandeursenii,1,1,1,1,1,Rhododendron vandeursenii,wfo-0000405687,Rhododendron vitis-idaea,Ericaceae,1,1,1,1,1,Rhododendron vandeursenii,wfo-0000405687,Rhododendron vitis-idaea,Ericaceae,exact_unique,exact
Rhododendron vitis-idaea,rhododendron vitis-idaea,rhododendron vitis-idaea,1,1,1,1,1,Rhododendron vitis-idaea,wfo-0000405687,Rhododendron vitis-idaea,Ericaceae,1,1,1,1,1,Rhododendron vitis-idaea,wfo-0000405687,Rhododendron vitis-idaea,Ericaceae,exact_unique,exact
Rhododendron womersleyi,rhododendron womersleyi,rhododendron womersleyi,1,1,1,1,1,Rhododendron womersleyi,wfo-0000405700,Rhododendron womersleyi,Ericaceae,1,1,1,1,1,Rhododendron womersleyi,wfo-0000405700,Rhododendron womersleyi,Ericaceae,exact_unique,exact
Rhododendron wrightianum,rhododendron wrightianum,rhododendron wrightianum,1,1,1,1,1,Rhododendron wrightianum,wfo-0000405570,Rhododendron wrightianum,Ericaceae,1,1,1,1,1,Rhododendron wrightianum,wfo-0000405570,Rhododendron wrightianum,Ericaceae,exact_unique,exact
Rhododendron yelliottii,rhododendron yelliottii,rhododendron yelliottii,1,1,1,1,1,Rhododendron yelliottii,wfo-0000405539,Rhododendron yelliottii,Ericaceae,1,1,1,1,1,Rhododendron yelliottii,wfo-0000405539,Rhododendron yelliottii,Ericaceae,exact_unique,exact
Rhododendron zoelleri,rhododendron zoelleri,rhododendron zoelleri,1,1,1,1,1,Rhododendron zoelleri,wfo-0000405531,Rhododendron zoelleri,Ericaceae,1,1,1,1,1,Rhododendron zoelleri,wfo-0000405531,Rhododendron zoelleri,Ericaceae,exact_unique,exact
Rhodosphaera rhodanthema,rhodosphaera rhodanthema,rhodosphaera rhodanthema,1,1,1,1,1,Rhodosphaera rhodanthema,wfo-0001038494,Rhodosphaera rhodanthema,Anacardiaceae,1,1,1,1,1,Rhodosphaera rhodanthema,wfo-0001038494,Rhodosphaera rhodanthema,Anacardiaceae,exact_unique,exact
Rhus,rhus,rhus,1,1,1,1,1,Rhus,wfo-4000033095,Rhus,Anacardiaceae,1,1,1,1,1,Rhus,wfo-4000033095,Rhus,Anacardiaceae,exact_unique,exact
Rhus glabra,rhus glabra,rhus glabra,1,1,1,1,1,Rhus glabra,wfo-0001049359,Rhus glabra,Anacardiaceae,1,1,1,1,1,Rhus glabra,wfo-0001049359,Rhus glabra,Anacardiaceae,exact_unique,exact
Rhus lancea,rhus lancea,rhus lancea,1,1,1,1,1,Rhus lancea,wfo-0000434904,Searsia lancea,Anacardiaceae,1,1,1,1,1,Rhus lancea,wfo-0000434904,Searsia lancea,Anacardiaceae,exact_unique,exact
Rhus typhina,rhus typhina,rhus typhina,1,1,1,1,1,Rhus typhina,wfo-0000403060,Rhus typhina,Anacardiaceae,1,1,1,1,1,Rhus typhina,wfo-0000403060,Rhus typhina,Anacardiaceae,exact_unique,exact
Rhynchosia beddomei,rhynchosia beddomei,rhynchosia beddomei,1,1,1,1,1,Rhynchosia beddomei,wfo-0000185042,Rhynchosia beddomei,Fabaceae,1,1,1,1,1,Rhynchosia beddomei,wfo-0000185042,Rhynchosia beddomei,Fabaceae,exact_unique,exact
Rhynchosia hirta,rhynchosia hirta,rhynchosia hirta,1,1,1,1,1,Rhynchosia hirta,wfo-0000186505,Rhynchosia hirta,Fabaceae,1,1,1,1,1,Rhynchosia hirta,wfo-0000186505,Rhynchosia hirta,Fabaceae,exact_unique,exact
Rhynchosia precatoria,rhynchosia precatoria,rhynchosia precatoria,1,1,1,1,1,Rhynchosia precatoria,wfo-0000182088,Rhynchosia precatoria,Fabaceae,1,1,1,1,1,Rhynchosia precatoria,wfo-0000182088,Rhynchosia precatoria,Fabaceae,exact_unique,exact
Ribes cynosbati,ribes cynosbati,ribes cynosbati,1,1,1,1,1,Ribes cynosbati,wfo-0001135595,Ribes cynosbati,Grossulariaceae,1,1,1,1,1,Ribes cynosbati,wfo-0001135595,Ribes cynosbati,Grossulariaceae,exact_unique,exact
Ribes distans,ribes distans,ribes distans,1,1,1,1,1,Ribes distans,wfo-1000035503,Ribes maximoviczianum,Grossulariaceae,1,1,1,1,1,Ribes distans,wfo-1000035503,Ribes maximoviczianum,Grossulariaceae,exact_unique,exact
Ribes missouriense,ribes missouriense,ribes missouriense,1,1,1,1,1,Ribes missouriense,wfo-0001135616,Ribes missouriense,Grossulariaceae,1,1,1,1,1,Ribes missouriense,wfo-0001135616,Ribes missouriense,Grossulariaceae,exact_unique,exact
Ribes nigrum,ribes nigrum,ribes nigrum,1,1,1,1,1,Ribes nigrum,wfo-0000405161,Ribes nigrum,Grossulariaceae,2,2,2,2,1,Ribes nigrum | Ribes nigrum unranked variegatum,wfo-0000405161 | wfo-1200064516,Ribes nigrum | Ribes nigrum var. nigrum,Grossulariaceae,exact_unique,exact
Ribes rubrum,ribes rubrum,ribes rubrum,1,1,1,1,1,Ribes rubrum,wfo-0000405218,Ribes rubrum,Grossulariaceae,1,1,1,1,1,Ribes rubrum,wfo-0000405218,Ribes rubrum,Grossulariaceae,exact_unique,exact
Ribes sanguineum,ribes sanguineum,ribes sanguineum,1,1,1,1,1,Ribes sanguineum,wfo-0000405232,Ribes sanguineum,Grossulariaceae,1,1,1,1,1,Ribes sanguineum,wfo-0000405232,Ribes sanguineum,Grossulariaceae,exact_unique,exact
Ribes uva-crispa,ribes uva-crispa,ribes uva-crispa,1,1,1,1,1,Ribes uva-crispa,wfo-0000405193,Ribes uva-crispa,Grossulariaceae,1,1,1,1,1,Ribes uva-crispa,wfo-0000405193,Ribes uva-crispa,Grossulariaceae,exact_unique,exact
Ribes viscosissimum,ribes viscosissimum,ribes viscosissimum,1,1,1,1,1,Ribes viscosissimum,wfo-0001135640,Ribes viscosissimum,Grossulariaceae,1,1,1,1,1,Ribes viscosissimum,wfo-0001135640,Ribes viscosissimum,Grossulariaceae,exact_unique,exact
Ricinus communis,ricinus communis,ricinus communis,1,1,1,1,1,Ricinus communis,wfo-0000297077,Ricinus communis,Euphorbiaceae,2,2,1,1,1,Ricinus communis | Ricinus communis prol. persicus,wfo-0000297077,Ricinus communis,Euphorbiaceae,exact_unique,exact
Robinia pseudoacacia,robinia pseudoacacia,robinia pseudoacacia,1,1,1,1,1,Robinia pseudoacacia,wfo-0000213931,Robinia pseudoacacia,Fabaceae,4,4,1,1,1,Robinia pseudoacacia | Robinia pseudoacacia unranked monophylla-fastigiata | Robinia pseudoacacia unranked monophylla-pendula | Robinia pseudoacacia unranked pyramidalis,wfo-0000213931,Robinia pseudoacacia,Fabaceae,exact_unique,exact
Robinsonia masafuerae,robinsonia masafuerae,robinsonia masafuerae,1,1,1,1,1,Robinsonia masafuerae,wfo-0000039915,Robinsonia masafuerae,Asteraceae,1,1,1,1,1,Robinsonia masafuerae,wfo-0000039915,Robinsonia masafuerae,Asteraceae,exact_unique,exact
Rodgersia sambucifolia,rodgersia sambucifolia,rodgersia sambucifolia,1,1,1,1,1,Rodgersia sambucifolia,wfo-0001005090,Rodgersia sambucifolia,Saxifragaceae,1,1,1,1,1,Rodgersia sambucifolia,wfo-0001005090,Rodgersia sambucifolia,Saxifragaceae,exact_unique,exact
Rohdea chinensis,rohdea chinensis,rohdea chinensis,1,1,1,1,1,Rohdea chinensis,wfo-0001424542,Rohdea fargesii,Asparagaceae,1,1,1,1,1,Rohdea chinensis,wfo-0001424542,Rohdea fargesii,Asparagaceae,exact_unique,exact
Rosa,rosa,rosa,1,1,1,1,1,Rosa,wfo-4000033476,Rosa,Rosaceae,1,1,1,1,1,Rosa,wfo-4000033476,Rosa,Rosaceae,exact_unique,exact
Rosa canina,rosa canina,rosa canina,5,5,1,1,1,Rosa canina,wfo-0001005999,Rosa canina,Rosaceae,42,42,7,7,1,Rosa canina | Rosa canina prol. dumalis | Rosa canina unranked andegavensis | Rosa canina unranked burboniana | Rosa canina unranked corylicola | Rosa canina unranked dumetorum | Rosa canina unranked emarginata | Rosa canina unranked flexuosa | Rosa canina unranked fusiformis | Rosa canina unranked genuina | Rosa canina unranked glabra | Rosa canina unranked glabrescens | Rosa canina unranked glauciformis | Rosa canina unranked globularis | Rosa canina unranked hirtella | Rosa canina unranked insubrica | Rosa canina unranked macrophylla | Rosa canina unranked major | Rosa canina unranked microphylla | Rosa canina unranked nuda | Rosa canina unranked oreogeton | Rosa canina unranked psilophylla | Rosa canina unranked pyriformis | Rosa canina unranked rubiginosa | Rosa canina unranked rubra | Rosa canina unranked sarmentosa | Rosa canina unranked semiduplex | Rosa canina unranked separabilis | Rosa canina unranked sphaerica | Rosa canina unranked subnitens | Rosa canina unranked subobtusa | Rosa canina unranked trachyphylla | Rosa canina unranked typica | Rosa canina unranked urbica | Rosa canina unranked variegata | Rosa canina unranked villosula | Rosa canina unranked vulgaris,wfo-0000983589 | wfo-0000989840 | wfo-0000994975 | wfo-0001005999 | wfo-0001006319 | wfo-0001013515 | wfo-0001018851,Rosa × andegavensis | Rosa × dumalis | Rosa × dumetorum | Rosa balsamica | Rosa canina | Rosa corymbifera | Rosa marginata,Rosaceae,exact_unique,exact
Rosa chinensis,rosa chinensis,rosa chinensis,2,2,1,1,1,Rosa chinensis,wfo-0001014372,Rosa chinensis,Rosaceae,8,8,1,1,1,Rosa chinensis | Rosa chinensis prol. indica | Rosa chinensis prol. semperflorens | Rosa chinensis unranked borbonica | Rosa chinensis unranked manettii | Rosa chinensis unranked semperflorens | Rosa chinensis unranked viridiflora,wfo-0001014372,Rosa chinensis,Rosaceae,exact_unique,exact
Rosa cymosa,rosa cymosa,rosa cymosa,2,2,1,1,1,Rosa cymosa,wfo-0001014404,Rosa indica,Rosaceae,2,2,1,1,1,Rosa cymosa,wfo-0001014404,Rosa indica,Rosaceae,exact_unique,exact
Rosa damascena,rosa damascena,rosa damascena,1,1,1,1,1,Rosa damascena,wfo-0001014673,Rosa damascena,Rosaceae,7,7,1,1,1,Rosa damascena | Rosa damascena unranked aurora | Rosa damascena unranked celsiana | Rosa damascena unranked coccinea | Rosa damascena unranked italica | Rosa damascena unranked variegata | Rosa damascena unranked versicolor,wfo-0001014673,Rosa damascena,Rosaceae,exact_unique,exact
Rosa gallica,rosa gallica,rosa gallica,1,1,1,1,1,Rosa gallica,wfo-0000983164,Rosa gallica,Rosaceae,13,13,2,2,1,Rosa gallica | Rosa gallica prol. cordata | Rosa gallica prol. gallorum | Rosa gallica prol. incarnata | Rosa gallica prol. officinalis | Rosa gallica prol. provincialis | Rosa gallica prol. rubra | Rosa gallica unranked agatha | Rosa gallica unranked axmannii | Rosa gallica unranked burboniana | Rosa gallica unranked maheka | Rosa gallica unranked officinalis | Rosa gallica unranked vulgaris,wfo-0000983164 | wfo-0001018796,Rosa × alba | Rosa gallica,Rosaceae,exact_unique,exact
Rosa henryi,rosa henryi,rosa henryi,1,1,1,1,1,Rosa henryi,wfo-0000997766,Rosa sambucina,Rosaceae,1,1,1,1,1,Rosa henryi,wfo-0000997766,Rosa sambucina,Rosaceae,exact_unique,exact
Rosa rugosa,rosa rugosa,rosa rugosa,2,2,1,1,1,Rosa rugosa,wfo-0001017421,Rosa rugosa,Rosaceae,6,6,2,2,1,Rosa rugosa | Rosa rugosa unranked alba | Rosa rugosa unranked calocarpa | Rosa rugosa unranked repens-alba | Rosa rugosa unranked repens-rosea,wfo-0000987561 | wfo-0001017421,Rosa × paulii | Rosa rugosa,Rosaceae,exact_unique,exact
Rosa taiwanensis,rosa taiwanensis,rosa taiwanensis,1,1,1,1,1,Rosa taiwanensis,wfo-0000997764,Rosa taiwanensis,Rosaceae,1,1,1,1,1,Rosa taiwanensis,wfo-0000997764,Rosa taiwanensis,Rosaceae,exact_unique,exact
Rosa transmorrisonensis,rosa transmorrisonensis,rosa transmorrisonensis,1,1,1,1,1,Rosa transmorrisonensis,wfo-0000984831,Rosa transmorrisonensis,Rosaceae,1,1,1,1,1,Rosa transmorrisonensis,wfo-0000984831,Rosa transmorrisonensis,Rosaceae,exact_unique,exact
Rosmarinus officinalis,rosmarinus officinalis,rosmarinus officinalis,1,1,1,1,1,Rosmarinus officinalis,wfo-0000302167,Salvia rosmarinus,Lamiaceae,2,2,1,1,1,Rosmarinus officinalis | Rosmarinus officinalis prol. latifolius,wfo-0000302167,Salvia rosmarinus,Lamiaceae,exact_unique,exact
Rosulabryum capillare,rosulabryum capillare,rosulabryum capillare,1,1,1,1,1,Rosulabryum capillare,wfo-0001201518,Rosulabryum capillare,Bryaceae,1,1,1,1,1,Rosulabryum capillare,wfo-0001201518,Rosulabryum capillare,Bryaceae,exact_unique,exact
Rubus,rubus,rubus,1,1,1,1,1,Rubus,wfo-4000033581,Rubus,Rosaceae,2,2,2,2,1,Rubus | Rubus non-spinosus,wfo-0000985000 | wfo-4000033581,Rubus | Rubus ulmifolius,Rosaceae,exact_unique,exact
Rubus chamaemorus,rubus chamaemorus,rubus chamaemorus,2,2,1,1,1,Rubus chamaemorus,wfo-0001014280,Rubus chamaemorus,Rosaceae,2,2,1,1,1,Rubus chamaemorus,wfo-0001014280,Rubus chamaemorus,Rosaceae,exact_unique,exact
Rubus glaucus,rubus glaucus,rubus glaucus,2,2,1,1,1,Rubus glaucus,wfo-0001013149,Rubus glaucus,Rosaceae,2,2,1,1,1,Rubus glaucus,wfo-0001013149,Rubus glaucus,Rosaceae,exact_unique,exact
Rubus idaeus,rubus idaeus,rubus idaeus,5,5,1,1,1,Rubus idaeus,wfo-0001000827,Rubus idaeus,Rosaceae,15,15,2,2,1,Rubus idaeus | Rubus idaeus unranked aculeatus | Rubus idaeus unranked chrysocarpus | Rubus idaeus unranked erythrocarpa | Rubus idaeus unranked inermis | Rubus idaeus unranked laevigatus | Rubus idaeus unranked leucocarpa | Rubus idaeus unranked ruber | Rubus idaeus unranked silvestris | Rubus idaeus unranked spinulosus,wfo-0001000827 | wfo-0001006864,Rubus idaeus | Rubus idaeus subsp. idaeus,Rosaceae,exact_unique,exact
Rubus irenaeus,rubus irenaeus,rubus irenaeus,1,1,1,1,1,Rubus irenaeus,wfo-0000994551,Rubus irenaeus,Rosaceae,1,1,1,1,1,Rubus irenaeus,wfo-0000994551,Rubus irenaeus,Rosaceae,exact_unique,exact
Rubus phoenicolasius,rubus phoenicolasius,rubus phoenicolasius,1,1,1,1,1,Rubus phoenicolasius,wfo-0001016934,Rubus phoenicolasius,Rosaceae,1,1,1,1,1,Rubus phoenicolasius,wfo-0001016934,Rubus phoenicolasius,Rosaceae,exact_unique,exact
Rumex acetosa,rumex acetosa,rumex acetosa,1,1,1,1,1,Rumex acetosa,wfo-0000403595,Rumex acetosa,Polygonaceae,1,1,1,1,1,Rumex acetosa,wfo-0000403595,Rumex acetosa,Polygonaceae,exact_unique,exact
Rumex japonicus,rumex japonicus,rumex japonicus,1,1,1,1,1,Rumex japonicus,wfo-0001101700,Rumex japonicus,Polygonaceae,1,1,1,1,1,Rumex japonicus,wfo-0001101700,Rumex japonicus,Polygonaceae,exact_unique,exact
Rumex patientia,rumex patientia,rumex patientia,1,1,1,1,1,Rumex patientia,wfo-0000403926,Rumex patientia,Polygonaceae,1,1,1,1,1,Rumex patientia,wfo-0000403926,Rumex patientia,Polygonaceae,exact_unique,exact
Ruta chalepensis,ruta chalepensis,ruta chalepensis,1,1,1,1,1,Ruta chalepensis,wfo-0000463803,Ruta chalepensis,Rutaceae,1,1,1,1,1,Ruta chalepensis,wfo-0000463803,Ruta chalepensis,Rutaceae,exact_unique,exact
Salacia chinensis,salacia chinensis,salacia chinensis,1,1,1,1,1,Salacia chinensis,wfo-0001065503,Salacia chinensis,Celastraceae,1,1,1,1,1,Salacia chinensis,wfo-0001065503,Salacia chinensis,Celastraceae,exact_unique,exact
Salacia oblonga,salacia oblonga,salacia oblonga,2,2,1,1,1,Salacia oblonga,wfo-1200025470,Salacia oblonga,Celastraceae,2,2,1,1,1,Salacia oblonga,wfo-1200025470,Salacia oblonga,Celastraceae,exact_unique,exact
Salacia reticulata,salacia reticulata,salacia reticulata,1,1,1,1,1,Salacia reticulata,wfo-0000435705,Salacia reticulata,Celastraceae,1,1,1,1,1,Salacia reticulata,wfo-0000435705,Salacia reticulata,Celastraceae,exact_unique,exact
Salix,salix,salix,1,1,1,1,1,Salix,wfo-4000033844,Salix,Salicaceae,1,1,1,1,1,Salix,wfo-4000033844,Salix,Salicaceae,exact_unique,exact
Salix caprea,salix caprea,salix caprea,1,1,1,1,1,Salix caprea,wfo-0000929313,Salix caprea,Salicaceae,1,1,1,1,1,Salix caprea,wfo-0000929313,Salix caprea,Salicaceae,exact_unique,exact
Salix denticulata,salix denticulata,salix denticulata,1,1,1,1,1,Salix denticulata,wfo-0001133943,Salix denticulata,Salicaceae,1,1,1,1,1,Salix denticulata,wfo-0001133943,Salix denticulata,Salicaceae,exact_unique,exact
Salix gilgiana,salix gilgiana,salix gilgiana,1,1,1,1,1,Salix gilgiana,wfo-0000928434,Salix gilgiana,Salicaceae,1,1,1,1,1,Salix gilgiana,wfo-0000928434,Salix gilgiana,Salicaceae,exact_unique,exact
Salix interior,salix interior,salix interior,1,1,1,1,1,Salix interior,wfo-0000928909,Salix interior,Salicaceae,1,1,1,1,1,Salix interior,wfo-0000928909,Salix interior,Salicaceae,exact_unique,exact
Salix myrsinifolia,salix myrsinifolia,salix myrsinifolia,1,1,1,1,1,Salix myrsinifolia,wfo-0000929897,Salix myrsinifolia,Salicaceae,1,1,1,1,1,Salix myrsinifolia,wfo-0000929897,Salix myrsinifolia,Salicaceae,exact_unique,exact
Salix purpurea,salix purpurea,salix purpurea,1,1,1,1,1,Salix purpurea,wfo-0000930408,Salix purpurea,Salicaceae,1,1,1,1,1,Salix purpurea,wfo-0000930408,Salix purpurea,Salicaceae,exact_unique,exact
Salix rubra,salix rubra,salix rubra,2,2,1,1,1,Salix rubra,wfo-0000928909,Salix interior,Salicaceae,2,2,1,1,1,Salix rubra,wfo-0000928909,Salix interior,Salicaceae,exact_unique,exact
Salix sieboldiana,salix sieboldiana,salix sieboldiana,1,1,1,1,1,Salix sieboldiana,wfo-0000930242,Salix sieboldiana,Salicaceae,1,1,1,1,1,Salix sieboldiana,wfo-0000930242,Salix sieboldiana,Salicaceae,exact_unique,exact
Salix udensis,salix udensis,salix udensis,1,1,1,1,1,Salix udensis,wfo-0000929566,Salix udensis,Salicaceae,1,1,1,1,1,Salix udensis,wfo-0000929566,Salix udensis,Salicaceae,exact_unique,exact
Salsola collina,salsola collina,salsola collina,1,1,1,1,1,Salsola collina,wfo-0000436079,Salsola collina,Amaranthaceae,1,1,1,1,1,Salsola collina,wfo-0000436079,Salsola collina,Amaranthaceae,exact_unique,exact
Salsola tetrandra,salsola tetrandra,salsola tetrandra,1,1,1,1,1,Salsola tetrandra,wfo-0000437710,Salsola tetrandra,Amaranthaceae,1,1,1,1,1,Salsola tetrandra,wfo-0000437710,Salsola tetrandra,Amaranthaceae,exact_unique,exact
Salvia,salvia,salvia,1,1,1,1,1,Salvia,wfo-4000033888,Salvia,Lamiaceae,1,1,1,1,1,Salvia,wfo-4000033888,Salvia,Lamiaceae,exact_unique,exact
Salvia coccinea,salvia coccinea,salvia coccinea,3,3,1,1,1,Salvia coccinea,wfo-0000300715,Salvia coccinea,Lamiaceae,4,4,1,1,1,Salvia coccinea | Salvia coccinea unranked pumila,wfo-0000300715,Salvia coccinea,Lamiaceae,exact_unique,exact
Salvia fruticosa,salvia fruticosa,salvia fruticosa,1,1,1,1,1,Salvia fruticosa,wfo-0000301042,Salvia fruticosa,Lamiaceae,1,1,1,1,1,Salvia fruticosa,wfo-0000301042,Salvia fruticosa,Lamiaceae,exact_unique,exact
Salvia leucantha,salvia leucantha,salvia leucantha,1,1,1,1,1,Salvia leucantha,wfo-0000301425,Salvia leucantha,Lamiaceae,1,1,1,1,1,Salvia leucantha,wfo-0000301425,Salvia leucantha,Lamiaceae,exact_unique,exact
Salvia miltiorrhiza,salvia miltiorrhiza,salvia miltiorrhiza,1,1,1,1,1,Salvia miltiorrhiza,wfo-0000301608,Salvia miltiorrhiza,Lamiaceae,1,1,1,1,1,Salvia miltiorrhiza,wfo-0000301608,Salvia miltiorrhiza,Lamiaceae,exact_unique,exact
Salvia officinalis,salvia officinalis,salvia officinalis,1,1,1,1,1,Salvia officinalis,wfo-0000301765,Salvia officinalis,Lamiaceae,4,4,3,3,1,Salvia officinalis | Salvia officinalis prol. lavandulifolia | Salvia officinalis unranked tricolor | Salvia officinalis unranked variegata,wfo-0000301765 | wfo-0000301779 | wfo-0000838966,Salvia officinalis | Salvia officinalis subsp. lavandulifolia | Salvia officinalis subsp. officinalis,Lamiaceae,exact_unique,exact
Salvia rosmarinus,salvia rosmarinus,salvia rosmarinus,1,1,1,1,1,Salvia rosmarinus,wfo-0000302167,Salvia rosmarinus,Lamiaceae,1,1,1,1,1,Salvia rosmarinus,wfo-0000302167,Salvia rosmarinus,Lamiaceae,exact_unique,exact
Salvia texana,salvia texana,salvia texana,1,1,1,1,1,Salvia texana,wfo-0000302454,Salvia texana,Lamiaceae,1,1,1,1,1,Salvia texana,wfo-0000302454,Salvia texana,Lamiaceae,exact_unique,exact
Salvia xalapensis,salvia xalapensis,salvia xalapensis,1,1,1,1,1,Salvia xalapensis,wfo-0000302642,Salvia xalapensis,Lamiaceae,1,1,1,1,1,Salvia xalapensis,wfo-0000302642,Salvia xalapensis,Lamiaceae,exact_unique,exact
Sambucus nigra,sambucus nigra,sambucus nigra,1,1,1,1,1,Sambucus nigra,wfo-0000439308,Sambucus nigra,Viburnaceae,1,1,1,1,1,Sambucus nigra,wfo-0000439308,Sambucus nigra,Viburnaceae,exact_unique,exact
Sanguisorba alpina,sanguisorba alpina,sanguisorba alpina,1,1,1,1,1,Sanguisorba alpina,wfo-0001015999,Sanguisorba alpina,Rosaceae,1,1,1,1,1,Sanguisorba alpina,wfo-0001015999,Sanguisorba alpina,Rosaceae,exact_unique,exact
Sanguisorba officinalis,sanguisorba officinalis,sanguisorba officinalis,1,1,1,1,1,Sanguisorba officinalis,wfo-0000983287,Sanguisorba officinalis,Rosaceae,3,3,1,1,1,Sanguisorba officinalis | Sanguisorba officinalis prol. montana | Sanguisorba officinalis unranked cordata,wfo-0000983287,Sanguisorba officinalis,Rosaceae,exact_unique,exact
Sansevieria cylindrica,sansevieria cylindrica,sansevieria cylindrica,1,1,1,1,1,Sansevieria cylindrica,wfo-0001424811,Dracaena angolensis,Asparagaceae,1,1,1,1,1,Sansevieria cylindrica,wfo-0001424811,Dracaena angolensis,Asparagaceae,exact_unique,exact
Santolina chamaecyparissus,santolina chamaecyparissus,santolina chamaecyparissus,1,1,1,1,1,Santolina chamaecyparissus,wfo-0000045085,Santolina chamaecyparissus,Asteraceae,1,1,1,1,1,Santolina chamaecyparissus,wfo-0000045085,Santolina chamaecyparissus,Asteraceae,exact_unique,exact
Sapium haematospermum,sapium haematospermum,sapium haematospermum,1,1,1,1,1,Sapium haematospermum,wfo-0000302812,Sapium haematospermum,Euphorbiaceae,1,1,1,1,1,Sapium haematospermum,wfo-0000302812,Sapium haematospermum,Euphorbiaceae,exact_unique,exact
Sapium stylare,sapium stylare,sapium stylare,1,1,1,1,1,Sapium stylare,wfo-0000302987,Sapium stylare,Euphorbiaceae,1,1,1,1,1,Sapium stylare,wfo-0000302987,Sapium stylare,Euphorbiaceae,exact_unique,exact
Saracha punctata,saracha punctata,saracha punctata,1,1,1,1,1,Saracha punctata,wfo-0001025330,Saracha punctata,Solanaceae,1,1,1,1,1,Saracha punctata,wfo-0001025330,Saracha punctata,Solanaceae,exact_unique,exact
Sarcandra glabra,sarcandra glabra,sarcandra glabra,1,1,1,1,1,Sarcandra glabra,wfo-0000438024,Sarcandra glabra,Chloranthaceae,1,1,1,1,1,Sarcandra glabra,wfo-0000438024,Sarcandra glabra,Chloranthaceae,exact_unique,exact
Sarcolobus globosus,sarcolobus globosus,sarcolobus globosus,1,1,1,1,1,Sarcolobus globosus,wfo-0000431188,Sarcolobus globosus,Apocynaceae,1,1,1,1,1,Sarcolobus globosus,wfo-0000431188,Sarcolobus globosus,Apocynaceae,exact_unique,exact
Sarcophyte,sarcophyte,sarcophyte,1,1,1,1,1,Sarcophyte,wfo-4000034069,Sarcophyte,Balanophoraceae,1,1,1,1,1,Sarcophyte,wfo-4000034069,Sarcophyte,Balanophoraceae,exact_unique,exact
Sarcophyte piriei,sarcophyte piriei,sarcophyte piriei,1,1,1,1,1,Sarcophyte piriei,wfo-0001140478,Sarcophyte piriei,Balanophoraceae,1,1,1,1,1,Sarcophyte piriei,wfo-0001140478,Sarcophyte piriei,Balanophoraceae,exact_unique,exact
Sarcophyte sanguinea,sarcophyte sanguinea,sarcophyte sanguinea,1,1,1,1,1,Sarcophyte sanguinea,wfo-0001140462,Sarcophyte sanguinea,Balanophoraceae,1,1,1,1,1,Sarcophyte sanguinea,wfo-0001140462,Sarcophyte sanguinea,Balanophoraceae,exact_unique,exact
Sarothamnus patens,sarothamnus patens,sarothamnus patens,2,2,1,1,1,Sarothamnus patens,wfo-0001445562,Cytisus striatus subsp. striatus,Fabaceae,4,4,2,2,1,Sarothamnus patens | Sarothamnus patens prol. procerum | Sarothamnus patens prol. procerus,wfo-0000213301 | wfo-0001445562,Cytisus striatus | Cytisus striatus subsp. striatus,Fabaceae,exact_unique,exact
Sarracenia alabamensis,sarracenia alabamensis,sarracenia alabamensis,1,1,1,1,1,Sarracenia alabamensis,wfo-0001135365,Sarracenia alabamensis,Sarraceniaceae,1,1,1,1,1,Sarracenia alabamensis,wfo-0001135365,Sarracenia alabamensis,Sarraceniaceae,exact_unique,exact
Sarracenia alata,sarracenia alata,sarracenia alata,1,1,1,1,1,Sarracenia alata,wfo-0001135349,Sarracenia alata,Sarraceniaceae,1,1,1,1,1,Sarracenia alata,wfo-0001135349,Sarracenia alata,Sarraceniaceae,exact_unique,exact
Sarracenia flava,sarracenia flava,sarracenia flava,1,1,1,1,1,Sarracenia flava,wfo-0000493567,Sarracenia flava,Sarraceniaceae,1,1,1,1,1,Sarracenia flava,wfo-0000493567,Sarracenia flava,Sarraceniaceae,exact_unique,exact
Sarracenia jonesii,sarracenia jonesii,sarracenia jonesii,1,1,1,1,1,Sarracenia jonesii,wfo-0001135364,Sarracenia jonesii,Sarraceniaceae,1,1,1,1,1,Sarracenia jonesii,wfo-0001135364,Sarracenia jonesii,Sarraceniaceae,exact_unique,exact
Sarracenia leucophylla,sarracenia leucophylla,sarracenia leucophylla,1,1,1,1,1,Sarracenia leucophylla,wfo-0001135351,Sarracenia leucophylla,Sarraceniaceae,1,1,1,1,1,Sarracenia leucophylla,wfo-0001135351,Sarracenia leucophylla,Sarraceniaceae,exact_unique,exact
Sarracenia minor,sarracenia minor,sarracenia minor,1,1,1,1,1,Sarracenia minor,wfo-0001135353,Sarracenia minor,Sarraceniaceae,1,1,1,1,1,Sarracenia minor,wfo-0001135353,Sarracenia minor,Sarraceniaceae,exact_unique,exact
Sarracenia oreophila,sarracenia oreophila,sarracenia oreophila,1,1,1,1,1,Sarracenia oreophila,wfo-0001135354,Sarracenia oreophila,Sarraceniaceae,1,1,1,1,1,Sarracenia oreophila,wfo-0001135354,Sarracenia oreophila,Sarraceniaceae,exact_unique,exact
Sarracenia psittacina,sarracenia psittacina,sarracenia psittacina,1,1,1,1,1,Sarracenia psittacina,wfo-0001135355,Sarracenia psittacina,Sarraceniaceae,1,1,1,1,1,Sarracenia psittacina,wfo-0001135355,Sarracenia psittacina,Sarraceniaceae,exact_unique,exact
Sarracenia purpurea,sarracenia purpurea,sarracenia purpurea,1,1,1,1,1,Sarracenia purpurea,wfo-0000493544,Sarracenia purpurea,Sarraceniaceae,2,2,2,2,1,Sarracenia purpurea | Sarracenia purpurea unranked rubra,wfo-0000493544 | wfo-0001135360,Sarracenia purpurea | Sarracenia purpurea f. purpurea,Sarraceniaceae,exact_unique,exact
Sarracenia rubra,sarracenia rubra,sarracenia rubra,1,1,1,1,1,Sarracenia rubra,wfo-0001135357,Sarracenia rubra,Sarraceniaceae,1,1,1,1,1,Sarracenia rubra,wfo-0001135357,Sarracenia rubra,Sarraceniaceae,exact_unique,exact
Satureja cuneifolia,satureja cuneifolia,satureja cuneifolia,1,1,1,1,1,Satureja cuneifolia,wfo-0000304084,Satureja cuneifolia,Lamiaceae,1,1,1,1,1,Satureja cuneifolia,wfo-0000304084,Satureja cuneifolia,Lamiaceae,exact_unique,exact
Satureja montana,satureja montana,satureja montana,1,1,1,1,1,Satureja montana,wfo-0000304338,Satureja montana,Lamiaceae,1,1,1,1,1,Satureja montana,wfo-0000304338,Satureja montana,Lamiaceae,exact_unique,exact
Sauromatum venosum,sauromatum venosum,sauromatum venosum,1,1,1,1,1,Sauromatum venosum,wfo-0000304979,Sauromatum venosum,Araceae,1,1,1,1,1,Sauromatum venosum,wfo-0000304979,Sauromatum venosum,Araceae,exact_unique,exact
Saussurea mongolica,saussurea mongolica,saussurea mongolica,1,1,1,1,1,Saussurea mongolica,wfo-0000006324,Saussurea mongolica,Asteraceae,1,1,1,1,1,Saussurea mongolica,wfo-0000006324,Saussurea mongolica,Asteraceae,exact_unique,exact
Saxifraga stolonifera,saxifraga stolonifera,saxifraga stolonifera,2,2,1,1,1,Saxifraga stolonifera,wfo-0000494724,Saxifraga stolonifera,Saxifragaceae,2,2,1,1,1,Saxifraga stolonifera,wfo-0000494724,Saxifraga stolonifera,Saxifragaceae,exact_unique,exact
Scalesia,scalesia,scalesia,1,1,1,1,1,Scalesia,wfo-4000034225,Scalesia,Asteraceae,1,1,1,1,1,Scalesia,wfo-4000034225,Scalesia,Asteraceae,exact_unique,exact
Scalesia baurii,scalesia baurii,scalesia baurii,1,1,1,1,1,Scalesia baurii,wfo-0000089800,Scalesia baurii,Asteraceae,1,1,1,1,1,Scalesia baurii,wfo-0000089800,Scalesia baurii,Asteraceae,exact_unique,exact
Schinus areira,schinus areira,schinus areira,1,1,1,1,1,Schinus areira,wfo-0001051003,Schinus areira,Anacardiaceae,1,1,1,1,1,Schinus areira,wfo-0001051003,Schinus areira,Anacardiaceae,exact_unique,exact
Schinus molle,schinus molle,schinus molle,1,1,1,1,1,Schinus molle,wfo-0000435157,Schinus molle,Anacardiaceae,1,1,1,1,1,Schinus molle,wfo-0000435157,Schinus molle,Anacardiaceae,exact_unique,exact
Schisandra lancifolia,schisandra lancifolia,schisandra lancifolia,1,1,1,1,1,Schisandra lancifolia,wfo-0000495103,Schisandra lancifolia,Schisandraceae,1,1,1,1,1,Schisandra lancifolia,wfo-0000495103,Schisandra lancifolia,Schisandraceae,exact_unique,exact
Schisandra plena,schisandra plena,schisandra plena,1,1,1,1,1,Schisandra plena,wfo-0000495102,Schisandra plena,Schisandraceae,1,1,1,1,1,Schisandra plena,wfo-0000495102,Schisandra plena,Schisandraceae,exact_unique,exact
Schisandra propinqua,schisandra propinqua,schisandra propinqua,1,1,1,1,1,Schisandra propinqua,wfo-0000495084,Schisandra propinqua,Schisandraceae,1,1,1,1,1,Schisandra propinqua,wfo-0000495084,Schisandra propinqua,Schisandraceae,exact_unique,exact
Schizocarphus nervosus,schizocarphus nervosus,schizocarphus nervosus,1,1,1,1,1,Schizocarphus nervosus,wfo-0000734854,Schizocarphus nervosus,Asparagaceae,1,1,1,1,1,Schizocarphus nervosus,wfo-0000734854,Schizocarphus nervosus,Asparagaceae,exact_unique,exact
Schizolaena hystrix,schizolaena hystrix,schizolaena hystrix,1,1,1,1,1,Schizolaena hystrix,wfo-0000627787,Schizolaena hystrix,Sarcolaenaceae,1,1,1,1,1,Schizolaena hystrix,wfo-0000627787,Schizolaena hystrix,Sarcolaenaceae,exact_unique,exact
Schoenocaulon officinale,schoenocaulon officinale,schoenocaulon officinale,1,1,1,1,1,Schoenocaulon officinale,wfo-0000735101,Schoenocaulon officinale,Melanthiaceae,1,1,1,1,1,Schoenocaulon officinale,wfo-0000735101,Schoenocaulon officinale,Melanthiaceae,exact_unique,exact
Schoenoplectiella dissachantha,schoenoplectiella dissachantha,schoenoplectiella dissachantha,1,1,1,1,1,Schoenoplectiella dissachantha,wfo-0000526463,Schoenoplectiella dissachantha,Cyperaceae,1,1,1,1,1,Schoenoplectiella dissachantha,wfo-0000526463,Schoenoplectiella dissachantha,Cyperaceae,exact_unique,exact
Schoenoplectus mucronatus,schoenoplectus mucronatus,schoenoplectus mucronatus,1,1,1,1,1,Schoenoplectus mucronatus,wfo-0000916579,Schoenoplectiella mucronata,Cyperaceae,1,1,1,1,1,Schoenoplectus mucronatus,wfo-0000916579,Schoenoplectiella mucronata,Cyperaceae,exact_unique,exact
Schoenoplectus triqueter,schoenoplectus triqueter,schoenoplectus triqueter,1,1,1,1,1,Schoenoplectus triqueter,wfo-0000528476,Schoenoplectus triqueter,Cyperaceae,1,1,1,1,1,Schoenoplectus triqueter,wfo-0000528476,Schoenoplectus triqueter,Cyperaceae,exact_unique,exact
Schoenus apogon,schoenus apogon,schoenus apogon,1,1,1,1,1,Schoenus apogon,wfo-0000529165,Schoenus apogon,Cyperaceae,1,1,1,1,1,Schoenus apogon,wfo-0000529165,Schoenus apogon,Cyperaceae,exact_unique,exact
Schoenus asperocarpus,schoenus asperocarpus,schoenus asperocarpus,1,1,1,1,1,Schoenus asperocarpus,wfo-0000529262,Schoenus asperocarpus,Cyperaceae,1,1,1,1,1,Schoenus asperocarpus,wfo-0000529262,Schoenus asperocarpus,Cyperaceae,exact_unique,exact
Schoenus brevisetis,schoenus brevisetis,schoenus brevisetis,1,1,1,1,1,Schoenus brevisetis,wfo-0000529446,Schoenus brevisetis,Cyperaceae,1,1,1,1,1,Schoenus brevisetis,wfo-0000529446,Schoenus brevisetis,Cyperaceae,exact_unique,exact
Schoenus curvifolius,schoenus curvifolius,schoenus curvifolius,1,1,1,1,1,Schoenus curvifolius,wfo-0000353436,Chaetospora curvifolia,Cyperaceae,1,1,1,1,1,Schoenus curvifolius,wfo-0000353436,Chaetospora curvifolia,Cyperaceae,exact_unique,exact
Schoenus ericetorum,schoenus ericetorum,schoenus ericetorum,1,1,1,1,1,Schoenus ericetorum,wfo-0000530329,Schoenus ericetorum,Cyperaceae,1,1,1,1,1,Schoenus ericetorum,wfo-0000530329,Schoenus ericetorum,Cyperaceae,exact_unique,exact
Schoenus fluitans,schoenus fluitans,schoenus fluitans,1,1,1,1,1,Schoenus fluitans,wfo-0000530629,Schoenus fluitans,Cyperaceae,1,1,1,1,1,Schoenus fluitans,wfo-0000530629,Schoenus fluitans,Cyperaceae,exact_unique,exact
Schoenus nigricans,schoenus nigricans,schoenus nigricans,1,1,1,1,1,Schoenus nigricans,wfo-0000531591,Schoenus nigricans,Cyperaceae,1,1,1,1,1,Schoenus nigricans,wfo-0000531591,Schoenus nigricans,Cyperaceae,exact_unique,exact
Schoenus paludosus,schoenus paludosus,schoenus paludosus,1,1,1,1,1,Schoenus paludosus,wfo-1000020453,Anthelepis paludosa,Cyperaceae,1,1,1,1,1,Schoenus paludosus,wfo-1000020453,Anthelepis paludosa,Cyperaceae,exact_unique,exact
Schoenus scabripes,schoenus scabripes,schoenus scabripes,1,1,1,1,1,Schoenus scabripes,wfo-0000532134,Schoenus scabripes,Cyperaceae,1,1,1,1,1,Schoenus scabripes,wfo-0000532134,Schoenus scabripes,Cyperaceae,exact_unique,exact
Schoenus sparteus,schoenus sparteus,schoenus sparteus,1,1,1,1,1,Schoenus sparteus,wfo-0000532362,Schoenus sparteus,Cyperaceae,1,1,1,1,1,Schoenus sparteus,wfo-0000532362,Schoenus sparteus,Cyperaceae,exact_unique,exact
Schoenus subaphyllus,schoenus subaphyllus,schoenus subaphyllus,1,1,1,1,1,Schoenus subaphyllus,wfo-0000532468,Schoenus subaphyllus,Cyperaceae,1,1,1,1,1,Schoenus subaphyllus,wfo-0000532468,Schoenus subaphyllus,Cyperaceae,exact_unique,exact
Schoenus submicrostachyus,schoenus submicrostachyus,schoenus submicrostachyus,1,1,1,1,1,Schoenus submicrostachyus,wfo-0000532564,Schoenus submicrostachyus,Cyperaceae,1,1,1,1,1,Schoenus submicrostachyus,wfo-0000532564,Schoenus submicrostachyus,Cyperaceae,exact_unique,exact
Schoenus unispiculatus,schoenus unispiculatus,schoenus unispiculatus,1,1,1,1,1,Schoenus unispiculatus,wfo-0000532875,Schoenus unispiculatus,Cyperaceae,1,1,1,1,1,Schoenus unispiculatus,wfo-0000532875,Schoenus unispiculatus,Cyperaceae,exact_unique,exact
Schotia brachypetala,schotia brachypetala,schotia brachypetala,1,1,1,1,1,Schotia brachypetala,wfo-0000170688,Schotia brachypetala,Fabaceae,1,1,1,1,1,Schotia brachypetala,wfo-0000170688,Schotia brachypetala,Fabaceae,exact_unique,exact
Schotia latifolia,schotia latifolia,schotia latifolia,1,1,1,1,1,Schotia latifolia,wfo-0000170742,Schotia latifolia,Fabaceae,1,1,1,1,1,Schotia latifolia,wfo-0000170742,Schotia latifolia,Fabaceae,exact_unique,exact
Sciadopitys verticillata,sciadopitys verticillata,sciadopitys verticillata,1,1,1,1,1,Sciadopitys verticillata,wfo-0000496714,Sciadopitys verticillata,Sciadopityaceae,1,1,1,1,1,Sciadopitys verticillata,wfo-0000496714,Sciadopitys verticillata,Sciadopityaceae,exact_unique,exact
Scilla luciliae,scilla luciliae,scilla luciliae,1,1,1,1,1,Scilla luciliae,wfo-0000741001,Scilla luciliae,Asparagaceae,1,1,1,1,1,Scilla luciliae,wfo-0000741001,Scilla luciliae,Asparagaceae,exact_unique,exact
Scilla nervosa,scilla nervosa,scilla nervosa,1,1,1,1,1,Scilla nervosa,wfo-0000734854,Schizocarphus nervosus,Asparagaceae,1,1,1,1,1,Scilla nervosa,wfo-0000734854,Schizocarphus nervosus,Asparagaceae,exact_unique,exact
Scleria mackaviensis,scleria mackaviensis,scleria mackaviensis,1,1,1,1,1,Scleria mackaviensis,wfo-0000551418,Scleria mackaviensis,Cyperaceae,1,1,1,1,1,Scleria mackaviensis,wfo-0000551418,Scleria mackaviensis,Cyperaceae,exact_unique,exact
Scleria novae-hollandiae,scleria novae-hollandiae,scleria novae-hollandiae,1,1,1,1,1,Scleria novae-hollandiae,wfo-0000552080,Scleria novae-hollandiae,Cyperaceae,1,1,1,1,1,Scleria novae-hollandiae,wfo-0000552080,Scleria novae-hollandiae,Cyperaceae,exact_unique,exact
Scleria pygmaea,scleria pygmaea,scleria pygmaea,1,1,1,1,1,Scleria pygmaea,wfo-0000396917,Diplacrum pygmaeum,Cyperaceae,1,1,1,1,1,Scleria pygmaea,wfo-0000396917,Diplacrum pygmaeum,Cyperaceae,exact_unique,exact
Scleria sphacelata,scleria sphacelata,scleria sphacelata,1,1,1,1,1,Scleria sphacelata,wfo-0000552987,Scleria sphacelata,Cyperaceae,1,1,1,1,1,Scleria sphacelata,wfo-0000552987,Scleria sphacelata,Cyperaceae,exact_unique,exact
Scleria tricuspidata,scleria tricuspidata,scleria tricuspidata,1,1,1,1,1,Scleria tricuspidata,wfo-0000553167,Scleria tricuspidata,Cyperaceae,1,1,1,1,1,Scleria tricuspidata,wfo-0000553167,Scleria tricuspidata,Cyperaceae,exact_unique,exact
Sclerocarya birrea,sclerocarya birrea,sclerocarya birrea,1,1,1,1,1,Sclerocarya birrea,wfo-0000434908,Sclerocarya birrea,Anacardiaceae,1,1,1,1,1,Sclerocarya birrea,wfo-0000434908,Sclerocarya birrea,Anacardiaceae,exact_unique,exact
Scolopia spinosa,scolopia spinosa,scolopia spinosa,1,1,1,1,1,Scolopia spinosa,wfo-0000913967,Scolopia spinosa,Salicaceae,1,1,1,1,1,Scolopia spinosa,wfo-0000913967,Scolopia spinosa,Salicaceae,exact_unique,exact
Scoparia dulcis,scoparia dulcis,scoparia dulcis,1,1,1,1,1,Scoparia dulcis,wfo-0000495138,Scoparia dulcis,Plantaginaceae,1,1,1,1,1,Scoparia dulcis,wfo-0000495138,Scoparia dulcis,Plantaginaceae,exact_unique,exact
Scurrula atropurpurea,scurrula atropurpurea,scurrula atropurpurea,1,1,1,1,1,Scurrula atropurpurea,wfo-0001271609,Scurrula atropurpurea,Loranthaceae,1,1,1,1,1,Scurrula atropurpurea,wfo-0001271609,Scurrula atropurpurea,Loranthaceae,exact_unique,exact
Scutellaria,scutellaria,scutellaria,1,1,1,1,1,Scutellaria,wfo-4000034856,Scutellaria,Lamiaceae,1,1,1,1,1,Scutellaria,wfo-4000034856,Scutellaria,Lamiaceae,exact_unique,exact
Scutellaria amabilis,scutellaria amabilis,scutellaria amabilis,1,1,1,1,1,Scutellaria amabilis,wfo-0000307584,Scutellaria amabilis,Lamiaceae,1,1,1,1,1,Scutellaria amabilis,wfo-0000307584,Scutellaria amabilis,Lamiaceae,exact_unique,exact
Scutellaria amoena,scutellaria amoena,scutellaria amoena,1,1,1,1,1,Scutellaria amoena,wfo-0000307591,Scutellaria amoena,Lamiaceae,1,1,1,1,1,Scutellaria amoena,wfo-0000307591,Scutellaria amoena,Lamiaceae,exact_unique,exact
Scutellaria baicalensis,scutellaria baicalensis,scutellaria baicalensis,1,1,1,1,1,Scutellaria baicalensis,wfo-0000307642,Scutellaria baicalensis,Lamiaceae,1,1,1,1,1,Scutellaria baicalensis,wfo-0000307642,Scutellaria baicalensis,Lamiaceae,exact_unique,exact
Scutellaria barbata,scutellaria barbata,scutellaria barbata,1,1,1,1,1,Scutellaria barbata,wfo-0000307648,Scutellaria barbata,Lamiaceae,1,1,1,1,1,Scutellaria barbata,wfo-0000307648,Scutellaria barbata,Lamiaceae,exact_unique,exact
Scutellaria comosa,scutellaria comosa,scutellaria comosa,1,1,1,1,1,Scutellaria comosa,wfo-0000307730,Scutellaria comosa,Lamiaceae,1,1,1,1,1,Scutellaria comosa,wfo-0000307730,Scutellaria comosa,Lamiaceae,exact_unique,exact
Scutellaria cordifrons,scutellaria cordifrons,scutellaria cordifrons,1,1,1,1,1,Scutellaria cordifrons,wfo-0000307740,Scutellaria cordifrons,Lamiaceae,1,1,1,1,1,Scutellaria cordifrons,wfo-0000307740,Scutellaria cordifrons,Lamiaceae,exact_unique,exact
Scutellaria discolor,scutellaria discolor,scutellaria discolor,2,2,1,1,1,Scutellaria discolor,wfo-0001070043,Scutellaria discolor,Lamiaceae,2,2,1,1,1,Scutellaria discolor,wfo-0001070043,Scutellaria discolor,Lamiaceae,exact_unique,exact
Scutellaria galericulata,scutellaria galericulata,scutellaria galericulata,1,1,1,1,1,Scutellaria galericulata,wfo-0000307828,Scutellaria galericulata,Lamiaceae,1,1,1,1,1,Scutellaria galericulata,wfo-0000307828,Scutellaria galericulata,Lamiaceae,exact_unique,exact
Scutellaria grossa,scutellaria grossa,scutellaria grossa,1,1,1,1,1,Scutellaria grossa,wfo-0000307861,Scutellaria grossa,Lamiaceae,1,1,1,1,1,Scutellaria grossa,wfo-0000307861,Scutellaria grossa,Lamiaceae,exact_unique,exact
Scutellaria immaculata,scutellaria immaculata,scutellaria immaculata,1,1,1,1,1,Scutellaria immaculata,wfo-0000307923,Scutellaria immaculata,Lamiaceae,1,1,1,1,1,Scutellaria immaculata,wfo-0000307923,Scutellaria immaculata,Lamiaceae,exact_unique,exact
Scutellaria lateriflora,scutellaria lateriflora,scutellaria lateriflora,1,1,1,1,1,Scutellaria lateriflora,wfo-0000308029,Scutellaria lateriflora,Lamiaceae,1,1,1,1,1,Scutellaria lateriflora,wfo-0000308029,Scutellaria lateriflora,Lamiaceae,exact_unique,exact
Scutellaria phyllostachya,scutellaria phyllostachya,scutellaria phyllostachya,1,1,1,1,1,Scutellaria phyllostachya,wfo-0000308280,Scutellaria phyllostachya,Lamiaceae,1,1,1,1,1,Scutellaria phyllostachya,wfo-0000308280,Scutellaria phyllostachya,Lamiaceae,exact_unique,exact
Scutellaria ramosissima,scutellaria ramosissima,scutellaria ramosissima,1,1,1,1,1,Scutellaria ramosissima,wfo-0000308367,Scutellaria ramosissima,Lamiaceae,1,1,1,1,1,Scutellaria ramosissima,wfo-0000308367,Scutellaria ramosissima,Lamiaceae,exact_unique,exact
Scutellaria rehderiana,scutellaria rehderiana,scutellaria rehderiana,1,1,1,1,1,Scutellaria rehderiana,wfo-0000308372,Scutellaria rehderiana,Lamiaceae,1,1,1,1,1,Scutellaria rehderiana,wfo-0000308372,Scutellaria rehderiana,Lamiaceae,exact_unique,exact
Scutellaria scandens,scutellaria scandens,scutellaria scandens,1,1,1,1,1,Scutellaria scandens,wfo-0000308430,Scutellaria scandens,Lamiaceae,1,1,1,1,1,Scutellaria scandens,wfo-0000308430,Scutellaria scandens,Lamiaceae,exact_unique,exact
Scutellaria strigillosa,scutellaria strigillosa,scutellaria strigillosa,1,1,1,1,1,Scutellaria strigillosa,wfo-0000308496,Scutellaria strigillosa,Lamiaceae,1,1,1,1,1,Scutellaria strigillosa,wfo-0000308496,Scutellaria strigillosa,Lamiaceae,exact_unique,exact
Scutia buxifolia,scutia buxifolia,scutia buxifolia,1,1,1,1,1,Scutia buxifolia,wfo-0001130909,Scutia buxifolia,Rhamnaceae,1,1,1,1,1,Scutia buxifolia,wfo-0001130909,Scutia buxifolia,Rhamnaceae,exact_unique,exact
Searsia dregeana,searsia dregeana,searsia dregeana,1,1,1,1,1,Searsia dregeana,wfo-0000510233,Searsia dregeana,Anacardiaceae,1,1,1,1,1,Searsia dregeana,wfo-0000510233,Searsia dregeana,Anacardiaceae,exact_unique,exact
Searsia laevigata,searsia laevigata,searsia laevigata,1,1,1,1,1,Searsia laevigata,wfo-0000434903,Searsia laevigata,Anacardiaceae,1,1,1,1,1,Searsia laevigata,wfo-0000434903,Searsia laevigata,Anacardiaceae,exact_unique,exact
Searsia lancea,searsia lancea,searsia lancea,1,1,1,1,1,Searsia lancea,wfo-0000434904,Searsia lancea,Anacardiaceae,1,1,1,1,1,Searsia lancea,wfo-0000434904,Searsia lancea,Anacardiaceae,exact_unique,exact
Searsia retinorrhoea,searsia retinorrhoea,searsia retinorrhoea,1,1,1,1,1,Searsia retinorrhoea,wfo-0000510292,Searsia retinorrhoea,Anacardiaceae,1,1,1,1,1,Searsia retinorrhoea,wfo-0000510292,Searsia retinorrhoea,Anacardiaceae,exact_unique,exact
Secale cereale,secale cereale,secale cereale,1,1,1,1,1,Secale cereale,wfo-0000898524,Secale cereale,Poaceae,1,1,1,1,1,Secale cereale,wfo-0000898524,Secale cereale,Poaceae,exact_unique,exact
Securidaca inappendiculata,securidaca inappendiculata,securidaca inappendiculata,1,1,1,1,1,Securidaca inappendiculata,wfo-0001244534,Securidaca inappendiculata,Polygalaceae,1,1,1,1,1,Securidaca inappendiculata,wfo-0001244534,Securidaca inappendiculata,Polygalaceae,exact_unique,exact
Sedum crassularia,sedum crassularia,sedum crassularia,1,1,1,1,1,Sedum crassularia,wfo-0001300351,Sedum crassularia,Crassulaceae,1,1,1,1,1,Sedum crassularia,wfo-0001300351,Sedum crassularia,Crassulaceae,exact_unique,exact
Sedum litoreum,sedum litoreum,sedum litoreum,1,1,1,1,1,Sedum litoreum,wfo-0000437270,Sedum litoreum,Crassulaceae,1,1,1,1,1,Sedum litoreum,wfo-0000437270,Sedum litoreum,Crassulaceae,exact_unique,exact
Sedum reflexum,sedum reflexum,sedum reflexum,1,1,1,1,1,Sedum reflexum,wfo-0000396537,Petrosedum rupestre,Crassulaceae,1,1,1,1,1,Sedum reflexum,wfo-0000396537,Petrosedum rupestre,Crassulaceae,exact_unique,exact
Sedum sediforme,sedum sediforme,sedum sediforme,1,1,1,1,1,Sedum sediforme,wfo-0000396518,Petrosedum sediforme,Crassulaceae,1,1,1,1,1,Sedum sediforme,wfo-0000396518,Petrosedum sediforme,Crassulaceae,exact_unique,exact
Sedum stoloniferum,sedum stoloniferum,sedum stoloniferum,1,1,1,1,1,Sedum stoloniferum,wfo-0001277002,Phedimus stolonifer,Crassulaceae,1,1,1,1,1,Sedum stoloniferum,wfo-0001277002,Phedimus stolonifer,Crassulaceae,exact_unique,exact
Selaginella,selaginella,selaginella,1,1,1,1,1,Selaginella,wfo-4000034966,Selaginella,Selaginellaceae,1,1,1,1,1,Selaginella,wfo-4000034966,Selaginella,Selaginellaceae,exact_unique,exact
Selaginella delicatula,selaginella delicatula,selaginella delicatula,1,1,1,1,1,Selaginella delicatula,wfo-0001107423,Selaginella delicatula,Selaginellaceae,1,1,1,1,1,Selaginella delicatula,wfo-0001107423,Selaginella delicatula,Selaginellaceae,exact_unique,exact
Selaginella doederleinii,selaginella doederleinii,selaginella doederleinii,1,1,1,1,1,Selaginella doederleinii,wfo-0001107424,Selaginella doederleinii,Selaginellaceae,1,1,1,1,1,Selaginella doederleinii,wfo-0001107424,Selaginella doederleinii,Selaginellaceae,exact_unique,exact
Selaginella labordei,selaginella labordei,selaginella labordei,1,1,1,1,1,Selaginella labordei,wfo-0001119980,Selaginella labordei,Selaginellaceae,1,1,1,1,1,Selaginella labordei,wfo-0001119980,Selaginella labordei,Selaginellaceae,exact_unique,exact
Selaginella lepidophylla,selaginella lepidophylla,selaginella lepidophylla,1,1,1,1,1,Selaginella lepidophylla,wfo-0001109651,Selaginella lepidophylla,Selaginellaceae,1,1,1,1,1,Selaginella lepidophylla,wfo-0001109651,Selaginella lepidophylla,Selaginellaceae,exact_unique,exact
Selaginella nothohybrida,selaginella nothohybrida,selaginella nothohybrida,1,1,1,1,1,Selaginella nothohybrida,wfo-0001120101,Selaginella nothohybrida,Selaginellaceae,1,1,1,1,1,Selaginella nothohybrida,wfo-0001120101,Selaginella nothohybrida,Selaginellaceae,exact_unique,exact
Selaginella sinensis,selaginella sinensis,selaginella sinensis,1,1,1,1,1,Selaginella sinensis,wfo-0001127258,Selaginella sinensis,Selaginellaceae,1,1,1,1,1,Selaginella sinensis,wfo-0001127258,Selaginella sinensis,Selaginellaceae,exact_unique,exact
Selaginella tamariscina,selaginella tamariscina,selaginella tamariscina,1,1,1,1,1,Selaginella tamariscina,wfo-0000748162,Selaginella tamariscina,Selaginellaceae,1,1,1,1,1,Selaginella tamariscina,wfo-0000748162,Selaginella tamariscina,Selaginellaceae,exact_unique,exact
Selaginella uncinata,selaginella uncinata,selaginella uncinata,1,1,1,1,1,Selaginella uncinata,wfo-0001109671,Selaginella uncinata,Selaginellaceae,1,1,1,1,1,Selaginella uncinata,wfo-0001109671,Selaginella uncinata,Selaginellaceae,exact_unique,exact
Selaginella willdenowii,selaginella willdenowii,selaginella willdenowii,1,1,1,1,1,Selaginella willdenowii,wfo-0001109675,Selaginella willdenowii,Selaginellaceae,1,1,1,1,1,Selaginella willdenowii,wfo-0001109675,Selaginella willdenowii,Selaginellaceae,exact_unique,exact
Selliguea feei,selliguea feei,selliguea feei,1,1,1,1,1,Selliguea feei,wfo-0001115939,Selliguea feei,Polypodiaceae,1,1,1,1,1,Selliguea feei,wfo-0001115939,Selliguea feei,Polypodiaceae,exact_unique,exact
Selliguea moulmeinensis,selliguea moulmeinensis,selliguea moulmeinensis,1,1,1,1,1,Selliguea moulmeinensis,wfo-0001423238,Selliguea moulmeinensis,Polypodiaceae,1,1,1,1,1,Selliguea moulmeinensis,wfo-0001423238,Selliguea moulmeinensis,Polypodiaceae,exact_unique,exact
Semecarpus anacardium,semecarpus anacardium,semecarpus anacardium,3,3,1,1,1,Semecarpus anacardium,wfo-0000434831,Semecarpus anacardium,Anacardiaceae,3,3,1,1,1,Semecarpus anacardium,wfo-0000434831,Semecarpus anacardium,Anacardiaceae,exact_unique,exact
Semialarium mexicanum,semialarium mexicanum,semialarium mexicanum,1,1,1,1,1,Semialarium mexicanum,wfo-0000435546,Semialarium mexicanum,Celastraceae,1,1,1,1,1,Semialarium mexicanum,wfo-0000435546,Semialarium mexicanum,Celastraceae,exact_unique,exact
Sempervivum tectorum,sempervivum tectorum,sempervivum tectorum,1,1,1,1,1,Sempervivum tectorum,wfo-0000441750,Sempervivum tectorum,Crassulaceae,1,1,1,1,1,Sempervivum tectorum,wfo-0000441750,Sempervivum tectorum,Crassulaceae,exact_unique,exact
Senecio canchahuinganquensis,senecio canchahuinganquensis,senecio canchahuinganquensis,1,1,1,1,1,Senecio canchahuinganquensis,wfo-0000024717,Senecio canchahuinganquensis,Asteraceae,1,1,1,1,1,Senecio canchahuinganquensis,wfo-0000024717,Senecio canchahuinganquensis,Asteraceae,exact_unique,exact
Senecio cruentus,senecio cruentus,senecio cruentus,2,2,1,1,1,Senecio cruentus,wfo-0000139031,Pericallis cruenta,Asteraceae,2,2,1,1,1,Senecio cruentus,wfo-0000139031,Pericallis cruenta,Asteraceae,exact_unique,exact
Senecio pseudotites,senecio pseudotites,senecio pseudotites,1,1,1,1,1,Senecio pseudotites,wfo-0000031737,Senecio pseudotites,Asteraceae,1,1,1,1,1,Senecio pseudotites,wfo-0000031737,Senecio pseudotites,Asteraceae,exact_unique,exact
Senegalia burkei,senegalia burkei,senegalia burkei,1,1,1,1,1,Senegalia burkei,wfo-0001336545,Senegalia burkei,Fabaceae,1,1,1,1,1,Senegalia burkei,wfo-0001336545,Senegalia burkei,Fabaceae,exact_unique,exact
Senegalia catechu,senegalia catechu,senegalia catechu,1,1,1,1,1,Senegalia catechu,wfo-0001284769,Senegalia catechu,Fabaceae,1,1,1,1,1,Senegalia catechu,wfo-0001284769,Senegalia catechu,Fabaceae,exact_unique,exact
Senegalia galpinii,senegalia galpinii,senegalia galpinii,1,1,1,1,1,Senegalia galpinii,wfo-0000745786,Senegalia galpinii,Fabaceae,1,1,1,1,1,Senegalia galpinii,wfo-0000745786,Senegalia galpinii,Fabaceae,exact_unique,exact
Senegalia nigrescens,senegalia nigrescens,senegalia nigrescens,1,1,1,1,1,Senegalia nigrescens,wfo-0001284771,Senegalia nigrescens,Fabaceae,1,1,1,1,1,Senegalia nigrescens,wfo-0001284771,Senegalia nigrescens,Fabaceae,exact_unique,exact
Senegalia polyacantha,senegalia polyacantha,senegalia polyacantha,1,1,1,1,1,Senegalia polyacantha,wfo-0000744649,Senegalia polyacantha,Fabaceae,1,1,1,1,1,Senegalia polyacantha,wfo-0000744649,Senegalia polyacantha,Fabaceae,exact_unique,exact
Senna alata,senna alata,senna alata,1,1,1,1,1,Senna alata,wfo-0000214728,Senna alata,Fabaceae,1,1,1,1,1,Senna alata,wfo-0000214728,Senna alata,Fabaceae,exact_unique,exact
Senna lindheimeriana,senna lindheimeriana,senna lindheimeriana,1,1,1,1,1,Senna lindheimeriana,wfo-0000175248,Senna lindheimeriana,Fabaceae,1,1,1,1,1,Senna lindheimeriana,wfo-0000175248,Senna lindheimeriana,Fabaceae,exact_unique,exact
Senna obtusifolia,senna obtusifolia,senna obtusifolia,1,1,1,1,1,Senna obtusifolia,wfo-0000164399,Senna obtusifolia,Fabaceae,1,1,1,1,1,Senna obtusifolia,wfo-0000164399,Senna obtusifolia,Fabaceae,exact_unique,exact
Senna petersiana,senna petersiana,senna petersiana,1,1,1,1,1,Senna petersiana,wfo-0000184159,Senna petersiana,Fabaceae,1,1,1,1,1,Senna petersiana,wfo-0000184159,Senna petersiana,Fabaceae,exact_unique,exact
Senna tora,senna tora,senna tora,1,1,1,1,1,Senna tora,wfo-0000165011,Senna tora,Fabaceae,1,1,1,1,1,Senna tora,wfo-0000165011,Senna tora,Fabaceae,exact_unique,exact
Sequoia sempervirens,sequoia sempervirens,sequoia sempervirens,1,1,1,1,1,Sequoia sempervirens,wfo-0000437871,Sequoia sempervirens,Cupressaceae,1,1,1,1,1,Sequoia sempervirens,wfo-0000437871,Sequoia sempervirens,Cupressaceae,exact_unique,exact
Sequoiadendron giganteum,sequoiadendron giganteum,sequoiadendron giganteum,1,1,1,1,1,Sequoiadendron giganteum,wfo-0000496705,Sequoiadendron giganteum,Cupressaceae,1,1,1,1,1,Sequoiadendron giganteum,wfo-0000496705,Sequoiadendron giganteum,Cupressaceae,exact_unique,exact
Seriphidium barrelieri,seriphidium barrelieri,seriphidium barrelieri,1,1,1,1,1,Seriphidium barrelieri,wfo-0000065475,Artemisia barrelieri,Asteraceae,1,1,1,1,1,Seriphidium barrelieri,wfo-0000065475,Artemisia barrelieri,Asteraceae,exact_unique,exact
Serpocaulon loriceum,serpocaulon loriceum,serpocaulon loriceum,1,1,1,1,1,Serpocaulon loriceum,wfo-0001279601,Serpocaulon loriceum,Polypodiaceae,1,1,1,1,1,Serpocaulon loriceum,wfo-0001279601,Serpocaulon loriceum,Polypodiaceae,exact_unique,exact
Serpocaulon triseriale,serpocaulon triseriale,serpocaulon triseriale,1,1,1,1,1,Serpocaulon triseriale,wfo-0001279631,Serpocaulon triseriale,Polypodiaceae,1,1,1,1,1,Serpocaulon triseriale,wfo-0001279631,Serpocaulon triseriale,Polypodiaceae,exact_unique,exact
Sesbania rostrata,sesbania rostrata,sesbania rostrata,1,1,1,1,1,Sesbania rostrata,wfo-0000178404,Sesbania rostrata,Fabaceae,1,1,1,1,1,Sesbania rostrata,wfo-0000178404,Sesbania rostrata,Fabaceae,exact_unique,exact
Sesuvium portulacastrum,sesuvium portulacastrum,sesuvium portulacastrum,1,1,1,1,1,Sesuvium portulacastrum,wfo-0000432992,Sesuvium portulacastrum,Aizoaceae,1,1,1,1,1,Sesuvium portulacastrum,wfo-0000432992,Sesuvium portulacastrum,Aizoaceae,exact_unique,exact
Shorea robusta,shorea robusta,shorea robusta,1,1,1,1,1,Shorea robusta,wfo-0001046459,Shorea robusta,Dipterocarpaceae,1,1,1,1,1,Shorea robusta,wfo-0001046459,Shorea robusta,Dipterocarpaceae,exact_unique,exact
Shuteria involucrata,shuteria involucrata,shuteria involucrata,1,1,1,1,1,Shuteria involucrata,wfo-0000186208,Shuteria involucrata,Fabaceae,1,1,1,1,1,Shuteria involucrata,wfo-0000186208,Shuteria involucrata,Fabaceae,exact_unique,exact
Shuteria pampaniniana,shuteria pampaniniana,shuteria pampaniniana,1,1,1,1,1,Shuteria pampaniniana,wfo-0000183837,Shuteria vestita,Fabaceae,1,1,1,1,1,Shuteria pampaniniana,wfo-0000183837,Shuteria vestita,Fabaceae,exact_unique,exact
Sicana odorifera,sicana odorifera,sicana odorifera,1,1,1,1,1,Sicana odorifera,wfo-0000441531,Sicana odorifera,Cucurbitaceae,1,1,1,1,1,Sicana odorifera,wfo-0000441531,Sicana odorifera,Cucurbitaceae,exact_unique,exact
Sideritis cystosiphon,sideritis cystosiphon,sideritis cystosiphon,1,1,1,1,1,Sideritis cystosiphon,wfo-0000309978,Sideritis cystosiphon,Lamiaceae,1,1,1,1,1,Sideritis cystosiphon,wfo-0000309978,Sideritis cystosiphon,Lamiaceae,exact_unique,exact
Sideritis infernalis,sideritis infernalis,sideritis infernalis,1,1,1,1,1,Sideritis infernalis,wfo-0000310196,Sideritis infernalis,Lamiaceae,1,1,1,1,1,Sideritis infernalis,wfo-0000310196,Sideritis infernalis,Lamiaceae,exact_unique,exact
Sideroxylon inerme,sideroxylon inerme,sideroxylon inerme,1,1,1,1,1,Sideroxylon inerme,wfo-0000310772,Sideroxylon inerme,Sapotaceae,1,1,1,1,1,Sideroxylon inerme,wfo-0000310772,Sideroxylon inerme,Sapotaceae,exact_unique,exact
Silybum eburneum,silybum eburneum,silybum eburneum,1,1,1,1,1,Silybum eburneum,wfo-0000108847,Silybum eburneum,Asteraceae,1,1,1,1,1,Silybum eburneum,wfo-0000108847,Silybum eburneum,Asteraceae,exact_unique,exact
Silybum marianum,silybum marianum,silybum marianum,1,1,1,1,1,Silybum marianum,wfo-0000014591,Silybum marianum,Asteraceae,1,1,1,1,1,Silybum marianum,wfo-0000014591,Silybum marianum,Asteraceae,exact_unique,exact
Sinapis alba,sinapis alba,sinapis alba,1,1,1,1,1,Sinapis alba,wfo-0000432649,Sinapis alba,Brassicaceae,1,1,1,1,1,Sinapis alba,wfo-0000432649,Sinapis alba,Brassicaceae,exact_unique,exact
Sinningia cardinalis,sinningia cardinalis,sinningia cardinalis,1,1,1,1,1,Sinningia cardinalis,wfo-0000497334,Sinningia cardinalis,Gesneriaceae,1,1,1,1,1,Sinningia cardinalis,wfo-0000497334,Sinningia cardinalis,Gesneriaceae,exact_unique,exact
Sinofranchetia chinensis,sinofranchetia chinensis,sinofranchetia chinensis,1,1,1,1,1,Sinofranchetia chinensis,wfo-0001230804,Sinofranchetia chinensis,Lardizabalaceae,1,1,1,1,1,Sinofranchetia chinensis,wfo-0001230804,Sinofranchetia chinensis,Lardizabalaceae,exact_unique,exact
Siparuna,siparuna,siparuna,1,1,1,1,1,Siparuna,wfo-4000035491,Siparuna,Siparunaceae,1,1,1,1,1,Siparuna,wfo-4000035491,Siparuna,Siparunaceae,exact_unique,exact
Siparuna thecaphora,siparuna thecaphora,siparuna thecaphora,1,1,1,1,1,Siparuna thecaphora,wfo-0000506004,Siparuna thecaphora,Siparunaceae,1,1,1,1,1,Siparuna thecaphora,wfo-0000506004,Siparuna thecaphora,Siparunaceae,exact_unique,exact
Smallanthus fruticosus,smallanthus fruticosus,smallanthus fruticosus,1,1,1,1,1,Smallanthus fruticosus,wfo-0000044196,Smallanthus fruticosus,Asteraceae,1,1,1,1,1,Smallanthus fruticosus,wfo-0000044196,Smallanthus fruticosus,Asteraceae,exact_unique,exact
Smallanthus glabratus,smallanthus glabratus,smallanthus glabratus,1,1,1,1,1,Smallanthus glabratus,wfo-0000067491,Smallanthus glabratus,Asteraceae,1,1,1,1,1,Smallanthus glabratus,wfo-0000067491,Smallanthus glabratus,Asteraceae,exact_unique,exact
Smilax bockii,smilax bockii,smilax bockii,1,1,1,1,1,Smilax bockii,wfo-0000740749,Smilax bockii,Smilacaceae,1,1,1,1,1,Smilax bockii,wfo-0000740749,Smilax bockii,Smilacaceae,exact_unique,exact
Smilax bracteata,smilax bracteata,smilax bracteata,1,1,1,1,1,Smilax bracteata,wfo-0000740766,Smilax bracteata,Smilacaceae,1,1,1,1,1,Smilax bracteata,wfo-0000740766,Smilax bracteata,Smilacaceae,exact_unique,exact
Smilax corbularia,smilax corbularia,smilax corbularia,1,1,1,1,1,Smilax corbularia,wfo-0000740672,Smilax corbularia,Smilacaceae,1,1,1,1,1,Smilax corbularia,wfo-0000740672,Smilax corbularia,Smilacaceae,exact_unique,exact
Smilax glabra,smilax glabra,smilax glabra,1,1,1,1,1,Smilax glabra,wfo-0000742694,Smilax glabra,Smilacaceae,1,1,1,1,1,Smilax glabra,wfo-0000742694,Smilax glabra,Smilacaceae,exact_unique,exact
Smilax leucophylla,smilax leucophylla,smilax leucophylla,1,1,1,1,1,Smilax leucophylla,wfo-0000742549,Smilax leucophylla,Smilacaceae,1,1,1,1,1,Smilax leucophylla,wfo-0000742549,Smilax leucophylla,Smilacaceae,exact_unique,exact
Smirnowia turkestana,smirnowia turkestana,smirnowia turkestana,1,1,1,1,1,Smirnowia turkestana,wfo-0000185558,Smirnowia turkestana,Fabaceae,1,1,1,1,1,Smirnowia turkestana,wfo-0000185558,Smirnowia turkestana,Fabaceae,exact_unique,exact
Sohnreyia excelsa,sohnreyia excelsa,sohnreyia excelsa,1,1,1,1,1,Sohnreyia excelsa,wfo-0001132728,Sohnreyia excelsa,Rutaceae,1,1,1,1,1,Sohnreyia excelsa,wfo-0001132728,Sohnreyia excelsa,Rutaceae,exact_unique,exact
Solanum,solanum,solanum,1,1,1,1,1,Solanum,wfo-4000035688,Solanum,Solanaceae,1,1,1,1,1,Solanum,wfo-4000035688,Solanum,Solanaceae,exact_unique,exact
Solanum crinitum,solanum crinitum,solanum crinitum,1,1,1,1,1,Solanum crinitum,wfo-0001027300,Solanum crinitum,Solanaceae,1,1,1,1,1,Solanum crinitum,wfo-0001027300,Solanum crinitum,Solanaceae,exact_unique,exact
Solanum hindsianum,solanum hindsianum,solanum hindsianum,1,1,1,1,1,Solanum hindsianum,wfo-0001028404,Solanum hindsianum,Solanaceae,1,1,1,1,1,Solanum hindsianum,wfo-0001028404,Solanum hindsianum,Solanaceae,exact_unique,exact
Solanum lycopersicum,solanum lycopersicum,solanum lycopersicum,2,2,1,1,1,Solanum lycopersicum,wfo-0001029216,Solanum lycopersicum,Solanaceae,2,2,1,1,1,Solanum lycopersicum,wfo-0001029216,Solanum lycopersicum,Solanaceae,exact_unique,exact
Solanum lyratum,solanum lyratum,solanum lyratum,2,2,1,1,1,Solanum lyratum,wfo-0001029226,Solanum lyratum,Solanaceae,2,2,1,1,1,Solanum lyratum,wfo-0001029226,Solanum lyratum,Solanaceae,exact_unique,exact
Sophora,sophora,sophora,1,1,1,1,1,Sophora,wfo-4000035778,Sophora,Fabaceae,1,1,1,1,1,Sophora,wfo-4000035778,Sophora,Fabaceae,exact_unique,exact
Sophora alopecuroides,sophora alopecuroides,sophora alopecuroides,1,1,1,1,1,Sophora alopecuroides,wfo-0000213933,Sophora alopecuroides,Fabaceae,1,1,1,1,1,Sophora alopecuroides,wfo-0000213933,Sophora alopecuroides,Fabaceae,exact_unique,exact
Sophora arizonica,sophora arizonica,sophora arizonica,1,1,1,1,1,Sophora arizonica,wfo-0001042781,Dermatophyllum arizonicum,Fabaceae,1,1,1,1,1,Sophora arizonica,wfo-0001042781,Dermatophyllum arizonicum,Fabaceae,exact_unique,exact
Sophora chrysophylla,sophora chrysophylla,sophora chrysophylla,1,1,1,1,1,Sophora chrysophylla,wfo-0000185582,Sophora chrysophylla,Fabaceae,1,1,1,1,1,Sophora chrysophylla,wfo-0000185582,Sophora chrysophylla,Fabaceae,exact_unique,exact
Sophora exigua,sophora exigua,sophora exigua,1,1,1,1,1,Sophora exigua,wfo-0000186510,Sophora exigua,Fabaceae,1,1,1,1,1,Sophora exigua,wfo-0000186510,Sophora exigua,Fabaceae,exact_unique,exact
Sophora flavescens,sophora flavescens,sophora flavescens,1,1,1,1,1,Sophora flavescens,wfo-0000185581,Sophora flavescens,Fabaceae,1,1,1,1,1,Sophora flavescens,wfo-0000185581,Sophora flavescens,Fabaceae,exact_unique,exact
Sophora franchetiana,sophora franchetiana,sophora franchetiana,1,1,1,1,1,Sophora franchetiana,wfo-0000185588,Sophora franchetiana,Fabaceae,1,1,1,1,1,Sophora franchetiana,wfo-0000185588,Sophora franchetiana,Fabaceae,exact_unique,exact
Sophora fraseri,sophora fraseri,sophora fraseri,1,1,1,1,1,Sophora fraseri,wfo-0000187973,Sophora fraseri,Fabaceae,1,1,1,1,1,Sophora fraseri,wfo-0000187973,Sophora fraseri,Fabaceae,exact_unique,exact
Sophora gypsophila,sophora gypsophila,sophora gypsophila,1,1,1,1,1,Sophora gypsophila,wfo-0001042782,Dermatophyllum gypsophilum,Fabaceae,1,1,1,1,1,Sophora gypsophila,wfo-0001042782,Dermatophyllum gypsophilum,Fabaceae,exact_unique,exact
Sophora koreensis,sophora koreensis,sophora koreensis,1,1,1,1,1,Sophora koreensis,wfo-0000186126,Sophora koreensis,Fabaceae,1,1,1,1,1,Sophora koreensis,wfo-0000186126,Sophora koreensis,Fabaceae,exact_unique,exact
Sophora leachiana,sophora leachiana,sophora leachiana,1,1,1,1,1,Sophora leachiana,wfo-0000175484,Sophora leachiana,Fabaceae,1,1,1,1,1,Sophora leachiana,wfo-0000175484,Sophora leachiana,Fabaceae,exact_unique,exact
Sophora pachycarpa,sophora pachycarpa,sophora pachycarpa,1,1,1,1,1,Sophora pachycarpa,wfo-0000186530,Sophora pachycarpa,Fabaceae,1,1,1,1,1,Sophora pachycarpa,wfo-0000186530,Sophora pachycarpa,Fabaceae,exact_unique,exact
Sophora prostrata,sophora prostrata,sophora prostrata,1,1,1,1,1,Sophora prostrata,wfo-0000186991,Sophora prostrata,Fabaceae,1,1,1,1,1,Sophora prostrata,wfo-0000186991,Sophora prostrata,Fabaceae,exact_unique,exact
Sophora secundiflora,sophora secundiflora,sophora secundiflora,1,1,1,1,1,Sophora secundiflora,wfo-0001042783,Dermatophyllum secundiflorum,Fabaceae,1,1,1,1,1,Sophora secundiflora,wfo-0001042783,Dermatophyllum secundiflorum,Fabaceae,exact_unique,exact
Sophora stenophylla,sophora stenophylla,sophora stenophylla,1,1,1,1,1,Sophora stenophylla,wfo-0000174273,Sophora stenophylla,Fabaceae,1,1,1,1,1,Sophora stenophylla,wfo-0000174273,Sophora stenophylla,Fabaceae,exact_unique,exact
Sophora tetraptera,sophora tetraptera,sophora tetraptera,2,2,1,1,1,Sophora tetraptera,wfo-0001055068,Sophora tetraptera,Fabaceae,3,3,1,1,1,Sophora tetraptera | Sophora tetraptera unranked grandiflora,wfo-0001055068,Sophora tetraptera,Fabaceae,exact_unique,exact
Sophora tomentosa,sophora tomentosa,sophora tomentosa,1,1,1,1,1,Sophora tomentosa,wfo-0000212096,Sophora tomentosa,Fabaceae,1,1,1,1,1,Sophora tomentosa,wfo-0000212096,Sophora tomentosa,Fabaceae,exact_unique,exact
Sophora tonkinensis,sophora tonkinensis,sophora tonkinensis,1,1,1,1,1,Sophora tonkinensis,wfo-0000186509,Sophora tonkinensis,Fabaceae,1,1,1,1,1,Sophora tonkinensis,wfo-0000186509,Sophora tonkinensis,Fabaceae,exact_unique,exact
Sophora yunnanensis,sophora yunnanensis,sophora yunnanensis,1,1,1,1,1,Sophora yunnanensis,wfo-0000197230,Sophora yunnanensis,Fabaceae,1,1,1,1,1,Sophora yunnanensis,wfo-0000197230,Sophora yunnanensis,Fabaceae,exact_unique,exact
Sorbus commixta,sorbus commixta,sorbus commixta,1,1,1,1,1,Sorbus commixta,wfo-0000985995,Sorbus commixta,Rosaceae,1,1,1,1,1,Sorbus commixta,wfo-0000985995,Sorbus commixta,Rosaceae,exact_unique,exact
Sorbus cuspidata,sorbus cuspidata,sorbus cuspidata,1,1,1,1,1,Sorbus cuspidata,wfo-1000004221,Griffitharia vestita,Rosaceae,1,1,1,1,1,Sorbus cuspidata,wfo-1000004221,Griffitharia vestita,Rosaceae,exact_unique,exact
Sorbus decora,sorbus decora,sorbus decora,1,1,1,1,1,Sorbus decora,wfo-0001015088,Sorbus decora,Rosaceae,1,1,1,1,1,Sorbus decora,wfo-0001015088,Sorbus decora,Rosaceae,exact_unique,exact
Sorbus tianschanica,sorbus tianschanica,sorbus tianschanica,1,1,1,1,1,Sorbus tianschanica,wfo-0000996731,Sorbus tianschanica,Rosaceae,1,1,1,1,1,Sorbus tianschanica,wfo-0000996731,Sorbus tianschanica,Rosaceae,exact_unique,exact
Sorghum,sorghum,sorghum,1,1,1,1,1,Sorghum,wfo-4000035801,Sorghum,Poaceae,1,1,1,1,1,Sorghum,wfo-4000035801,Sorghum,Poaceae,exact_unique,exact
Sorocea bonplandii,sorocea bonplandii,sorocea bonplandii,1,1,1,1,1,Sorocea bonplandii,wfo-0000505885,Sorocea bonplandii,Moraceae,1,1,1,1,1,Sorocea bonplandii,wfo-0000505885,Sorocea bonplandii,Moraceae,exact_unique,exact
Sorocea guilleminiana,sorocea guilleminiana,sorocea guilleminiana,1,1,1,1,1,Sorocea guilleminiana,wfo-0001084959,Sorocea guilleminiana,Moraceae,1,1,1,1,1,Sorocea guilleminiana,wfo-0001084959,Sorocea guilleminiana,Moraceae,exact_unique,exact
Sorocea muriculata,sorocea muriculata,sorocea muriculata,1,1,1,1,1,Sorocea muriculata,wfo-0000505954,Sorocea muriculata,Moraceae,1,1,1,1,1,Sorocea muriculata,wfo-0000505954,Sorocea muriculata,Moraceae,exact_unique,exact
Soroseris hookeriana,soroseris hookeriana,soroseris hookeriana,1,1,1,1,1,Soroseris hookeriana,wfo-0000030331,Soroseris hookeriana,Asteraceae,1,1,1,1,1,Soroseris hookeriana,wfo-0000030331,Soroseris hookeriana,Asteraceae,exact_unique,exact
Soymida febrifuga,soymida febrifuga,soymida febrifuga,1,1,1,1,1,Soymida febrifuga,wfo-0001083425,Soymida febrifuga,Meliaceae,1,1,1,1,1,Soymida febrifuga,wfo-0001083425,Soymida febrifuga,Meliaceae,exact_unique,exact
Sparattosperma leucanthum,sparattosperma leucanthum,sparattosperma leucanthum,1,1,1,1,1,Sparattosperma leucanthum,wfo-0000779743,Sparattosperma leucanthum,Bignoniaceae,1,1,1,1,1,Sparattosperma leucanthum,wfo-0000779743,Sparattosperma leucanthum,Bignoniaceae,exact_unique,exact
Spartium junceum,spartium junceum,spartium junceum,1,1,1,1,1,Spartium junceum,wfo-0000213405,Spartium junceum,Fabaceae,2,2,1,1,1,Spartium junceum | Spartium junceum unranked ochroleucum,wfo-0000213405,Spartium junceum,Fabaceae,exact_unique,exact
Spatholobus harmandii,spatholobus harmandii,spatholobus harmandii,1,1,1,1,1,Spatholobus harmandii,wfo-0000197952,Spatholobus harmandii,Fabaceae,1,1,1,1,1,Spatholobus harmandii,wfo-0000197952,Spatholobus harmandii,Fabaceae,exact_unique,exact
Spatholobus suberectus,spatholobus suberectus,spatholobus suberectus,1,1,1,1,1,Spatholobus suberectus,wfo-0000186508,Spatholobus suberectus,Fabaceae,1,1,1,1,1,Spatholobus suberectus,wfo-0000186508,Spatholobus suberectus,Fabaceae,exact_unique,exact
Sphaeranthus indicus,sphaeranthus indicus,sphaeranthus indicus,3,3,1,1,1,Sphaeranthus indicus,wfo-0000014099,Sphaeranthus indicus,Asteraceae,3,3,1,1,1,Sphaeranthus indicus,wfo-0000014099,Sphaeranthus indicus,Asteraceae,exact_unique,exact
Sphaerophysa salsula,sphaerophysa salsula,sphaerophysa salsula,1,1,1,1,1,Sphaerophysa salsula,wfo-0000185557,Sphaerophysa salsula,Fabaceae,1,1,1,1,1,Sphaerophysa salsula,wfo-0000185557,Sphaerophysa salsula,Fabaceae,exact_unique,exact
Sphagneticola calendulacea,sphagneticola calendulacea,sphagneticola calendulacea,1,1,1,1,1,Sphagneticola calendulacea,wfo-0000072506,Sphagneticola calendulacea,Asteraceae,1,1,1,1,1,Sphagneticola calendulacea,wfo-0000072506,Sphagneticola calendulacea,Asteraceae,exact_unique,exact
Spinacia oleracea,spinacia oleracea,spinacia oleracea,1,1,1,1,1,Spinacia oleracea,wfo-0000437543,Spinacia oleracea,Amaranthaceae,1,1,1,1,1,Spinacia oleracea,wfo-0000437543,Spinacia oleracea,Amaranthaceae,exact_unique,exact
Spiraea formosana,spiraea formosana,spiraea formosana,1,1,1,1,1,Spiraea formosana,wfo-0001016316,Spiraea japonica var. formosana,Rosaceae,1,1,1,1,1,Spiraea formosana,wfo-0001016316,Spiraea japonica var. formosana,Rosaceae,exact_unique,exact
Spiraea hypericifolia,spiraea hypericifolia,spiraea hypericifolia,10,10,1,1,1,Spiraea hypericifolia,wfo-0000985818,Spiraea hypericifolia,Rosaceae,12,12,3,3,1,Spiraea hypericifolia | Spiraea hypericifolia prol. obovata | Spiraea hypericifolia prol. typica,wfo-0000984416 | wfo-0000985818 | wfo-0001007659,Spiraea hypericifolia | Spiraea hypericifolia subsp. hypericifolia | Spiraea hypericifolia subsp. obovata,Rosaceae,exact_unique,exact
Spirotropis longifolia,spirotropis longifolia,spirotropis longifolia,1,1,1,1,1,Spirotropis longifolia,wfo-0000184740,Spirotropis longifolia,Fabaceae,1,1,1,1,1,Spirotropis longifolia,wfo-0000184740,Spirotropis longifolia,Fabaceae,exact_unique,exact
Stachys aegyptiaca,stachys aegyptiaca,stachys aegyptiaca,1,1,1,1,1,Stachys aegyptiaca,wfo-0000313637,Stachys aegyptiaca,Lamiaceae,1,1,1,1,1,Stachys aegyptiaca,wfo-0000313637,Stachys aegyptiaca,Lamiaceae,exact_unique,exact
Stachyurus himalaicus,stachyurus himalaicus,stachyurus himalaicus,1,1,1,1,1,Stachyurus himalaicus,wfo-0000747135,Stachyurus himalaicus,Stachyuraceae,1,1,1,1,1,Stachyurus himalaicus,wfo-0000747135,Stachyurus himalaicus,Stachyuraceae,exact_unique,exact
Stachyurus praecox,stachyurus praecox,stachyurus praecox,1,1,1,1,1,Stachyurus praecox,wfo-0001256971,Stachyurus praecox,Stachyuraceae,1,1,1,1,1,Stachyurus praecox,wfo-0001256971,Stachyurus praecox,Stachyuraceae,exact_unique,exact
Steiractinia sodiroi,steiractinia sodiroi,steiractinia sodiroi,1,1,1,1,1,Steiractinia sodiroi,wfo-0000059216,Steiractinia sodiroi,Asteraceae,1,1,1,1,1,Steiractinia sodiroi,wfo-0000059216,Steiractinia sodiroi,Asteraceae,exact_unique,exact
Stellaria dichotoma,stellaria dichotoma,stellaria dichotoma,1,1,1,1,1,Stellaria dichotoma,wfo-0000436256,Stellaria dichotoma,Caryophyllaceae,2,2,2,2,1,Stellaria dichotoma | Stellaria dichotoma unranked lanceolata,wfo-0000436256 | wfo-1200111815,Mesostemma dichotomum var. lanceolatum | Stellaria dichotoma,Caryophyllaceae,exact_unique,exact
Stellera chamaejasme,stellera chamaejasme,stellera chamaejasme,1,1,1,1,1,Stellera chamaejasme,wfo-0001142517,Stellera chamaejasme,Thymelaeaceae,1,1,1,1,1,Stellera chamaejasme,wfo-0001142517,Stellera chamaejasme,Thymelaeaceae,exact_unique,exact
Stemona aphylla,stemona aphylla,stemona aphylla,1,1,1,1,1,Stemona aphylla,wfo-0000740127,Stemona aphylla,Stemonaceae,1,1,1,1,1,Stemona aphylla,wfo-0000740127,Stemona aphylla,Stemonaceae,exact_unique,exact
Stemona collinsae,stemona collinsae,stemona collinsae,1,1,1,1,1,Stemona collinsae,wfo-0000740184,Stemona collinsae,Stemonaceae,1,1,1,1,1,Stemona collinsae,wfo-0000740184,Stemona collinsae,Stemonaceae,exact_unique,exact
Stemona curtisii,stemona curtisii,stemona curtisii,1,1,1,1,1,Stemona curtisii,wfo-0000770114,Stemona curtisii,Stemonaceae,1,1,1,1,1,Stemona curtisii,wfo-0000770114,Stemona curtisii,Stemonaceae,exact_unique,exact
Stenochlaena palustris,stenochlaena palustris,stenochlaena palustris,1,1,1,1,1,Stenochlaena palustris,wfo-0001115653,Stenochlaena palustris,Blechnaceae,1,1,1,1,1,Stenochlaena palustris,wfo-0001115653,Stenochlaena palustris,Blechnaceae,exact_unique,exact
Stenostomum acutatum,stenostomum acutatum,stenostomum acutatum,1,1,1,1,1,Stenostomum acutatum,wfo-0000316636,Stenostomum acutatum,Rubiaceae,1,1,1,1,1,Stenostomum acutatum,wfo-0000316636,Stenostomum acutatum,Rubiaceae,exact_unique,exact
Stevia rebaudiana,stevia rebaudiana,stevia rebaudiana,2,2,1,1,1,Stevia rebaudiana,wfo-0000003546,Stevia rebaudiana,Asteraceae,2,2,1,1,1,Stevia rebaudiana,wfo-0000003546,Stevia rebaudiana,Asteraceae,exact_unique,exact
Stevia suaveolens,stevia suaveolens,stevia suaveolens,1,1,1,1,1,Stevia suaveolens,wfo-0000020314,Stevia suaveolens,Asteraceae,1,1,1,1,1,Stevia suaveolens,wfo-0000020314,Stevia suaveolens,Asteraceae,exact_unique,exact
Stifftia chrysantha,stifftia chrysantha,stifftia chrysantha,1,1,1,1,1,Stifftia chrysantha,wfo-0000004924,Stifftia chrysantha,Asteraceae,1,1,1,1,1,Stifftia chrysantha,wfo-0000004924,Stifftia chrysantha,Asteraceae,exact_unique,exact
Strychnos trinervis,strychnos trinervis,strychnos trinervis,1,1,1,1,1,Strychnos trinervis,wfo-0000737721,Strychnos trinervis,Loganiaceae,1,1,1,1,1,Strychnos trinervis,wfo-0000737721,Strychnos trinervis,Loganiaceae,exact_unique,exact
Stryphnodendron adstringens,stryphnodendron adstringens,stryphnodendron adstringens,1,1,1,1,1,Stryphnodendron adstringens,wfo-0000164061,Stryphnodendron adstringens,Fabaceae,1,1,1,1,1,Stryphnodendron adstringens,wfo-0000164061,Stryphnodendron adstringens,Fabaceae,exact_unique,exact
Stylogyne ardisioides,stylogyne ardisioides,stylogyne ardisioides,1,1,1,1,1,Stylogyne ardisioides,wfo-0000506101,Stylogyne ardisioides,Primulaceae,1,1,1,1,1,Stylogyne ardisioides,wfo-0000506101,Stylogyne ardisioides,Primulaceae,exact_unique,exact
Styphnolobium japonicum,styphnolobium japonicum,styphnolobium japonicum,1,1,1,1,1,Styphnolobium japonicum,wfo-0000186724,Styphnolobium japonicum,Fabaceae,1,1,1,1,1,Styphnolobium japonicum,wfo-0000186724,Styphnolobium japonicum,Fabaceae,exact_unique,exact
Sundacarpus amarus,sundacarpus amarus,sundacarpus amarus,1,1,1,1,1,Sundacarpus amarus,wfo-0000503222,Sundacarpus amarus,Podocarpaceae,1,1,1,1,1,Sundacarpus amarus,wfo-0000503222,Sundacarpus amarus,Podocarpaceae,exact_unique,exact
Swartzia apetala,swartzia apetala,swartzia apetala,1,1,1,1,1,Swartzia apetala,wfo-0000164091,Swartzia apetala,Fabaceae,1,1,1,1,1,Swartzia apetala,wfo-0000164091,Swartzia apetala,Fabaceae,exact_unique,exact
Swartzia arborescens,swartzia arborescens,swartzia arborescens,1,1,1,1,1,Swartzia arborescens,wfo-0000164095,Swartzia arborescens,Fabaceae,1,1,1,1,1,Swartzia arborescens,wfo-0000164095,Swartzia arborescens,Fabaceae,exact_unique,exact
Swartzia brachyrachis,swartzia brachyrachis,swartzia brachyrachis,1,1,1,1,1,Swartzia brachyrachis,wfo-0000164098,Swartzia brachyrachis,Fabaceae,1,1,1,1,1,Swartzia brachyrachis,wfo-0000164098,Swartzia brachyrachis,Fabaceae,exact_unique,exact
Swartzia laevicarpa,swartzia laevicarpa,swartzia laevicarpa,1,1,1,1,1,Swartzia laevicarpa,wfo-0000182091,Swartzia laevicarpa,Fabaceae,1,1,1,1,1,Swartzia laevicarpa,wfo-0000182091,Swartzia laevicarpa,Fabaceae,exact_unique,exact
Swartzia leiocalycina,swartzia leiocalycina,swartzia leiocalycina,1,1,1,1,1,Swartzia leiocalycina,wfo-0000164129,Swartzia leiocalycina,Fabaceae,1,1,1,1,1,Swartzia leiocalycina,wfo-0000164129,Swartzia leiocalycina,Fabaceae,exact_unique,exact
Swartzia polyphylla,swartzia polyphylla,swartzia polyphylla,1,1,1,1,1,Swartzia polyphylla,wfo-0000164157,Swartzia polyphylla,Fabaceae,1,1,1,1,1,Swartzia polyphylla,wfo-0000164157,Swartzia polyphylla,Fabaceae,exact_unique,exact
Swietenia mahagoni,swietenia mahagoni,swietenia mahagoni,1,1,1,1,1,Swietenia mahagoni,wfo-0000505130,Swietenia mahagoni,Meliaceae,1,1,1,1,1,Swietenia mahagoni,wfo-0000505130,Swietenia mahagoni,Meliaceae,exact_unique,exact
Syzygium aqueum,syzygium aqueum,syzygium aqueum,1,1,1,1,1,Syzygium aqueum,wfo-0000318257,Syzygium aqueum,Myrtaceae,1,1,1,1,1,Syzygium aqueum,wfo-0000318257,Syzygium aqueum,Myrtaceae,exact_unique,exact
Syzygium aromaticum,syzygium aromaticum,syzygium aromaticum,1,1,1,1,1,Syzygium aromaticum,wfo-0000318267,Syzygium aromaticum,Myrtaceae,1,1,1,1,1,Syzygium aromaticum,wfo-0000318267,Syzygium aromaticum,Myrtaceae,exact_unique,exact
Syzygium castaneum,syzygium castaneum,syzygium castaneum,1,1,1,1,1,Syzygium castaneum,wfo-0000318413,Syzygium castaneum,Myrtaceae,1,1,1,1,1,Syzygium castaneum,wfo-0000318413,Syzygium castaneum,Myrtaceae,exact_unique,exact
Syzygium corynocarpum,syzygium corynocarpum,syzygium corynocarpum,1,1,1,1,1,Syzygium corynocarpum,wfo-0000318507,Syzygium corynocarpum,Myrtaceae,1,1,1,1,1,Syzygium corynocarpum,wfo-0000318507,Syzygium corynocarpum,Myrtaceae,exact_unique,exact
Syzygium glabratum,syzygium glabratum,syzygium glabratum,1,1,1,1,1,Syzygium glabratum,wfo-0000335833,Syzygium glabratum,Myrtaceae,1,1,1,1,1,Syzygium glabratum,wfo-0000335833,Syzygium glabratum,Myrtaceae,exact_unique,exact
Syzygium grande,syzygium grande,syzygium grande,1,1,1,1,1,Syzygium grande,wfo-0000318710,Syzygium grande,Myrtaceae,1,1,1,1,1,Syzygium grande,wfo-0000318710,Syzygium grande,Myrtaceae,exact_unique,exact
Syzygium jambos,syzygium jambos,syzygium jambos,1,1,1,1,1,Syzygium jambos,wfo-0000318809,Syzygium jambos,Myrtaceae,1,1,1,1,1,Syzygium jambos,wfo-0000318809,Syzygium jambos,Myrtaceae,exact_unique,exact
Syzygium leucoxylon,syzygium leucoxylon,syzygium leucoxylon,1,1,1,1,1,Syzygium leucoxylon,wfo-0000318911,Syzygium leucoxylon,Myrtaceae,1,1,1,1,1,Syzygium leucoxylon,wfo-0000318911,Syzygium leucoxylon,Myrtaceae,exact_unique,exact
Syzygium malaccense,syzygium malaccense,syzygium malaccense,1,1,1,1,1,Syzygium malaccense,wfo-0000318961,Syzygium malaccense,Myrtaceae,1,1,1,1,1,Syzygium malaccense,wfo-0000318961,Syzygium malaccense,Myrtaceae,exact_unique,exact
Syzygium nervosum,syzygium nervosum,syzygium nervosum,1,1,1,1,1,Syzygium nervosum,wfo-0000319069,Syzygium nervosum,Myrtaceae,1,1,1,1,1,Syzygium nervosum,wfo-0000319069,Syzygium nervosum,Myrtaceae,exact_unique,exact
Syzygium papillosum,syzygium papillosum,syzygium papillosum,1,1,1,1,1,Syzygium papillosum,wfo-0000319161,Syzygium papillosum,Myrtaceae,1,1,1,1,1,Syzygium papillosum,wfo-0000319161,Syzygium papillosum,Myrtaceae,exact_unique,exact
Syzygium polycephaloides,syzygium polycephaloides,syzygium polycephaloides,1,1,1,1,1,Syzygium polycephaloides,wfo-0000319228,Syzygium polycephaloides,Myrtaceae,1,1,1,1,1,Syzygium polycephaloides,wfo-0000319228,Syzygium polycephaloides,Myrtaceae,exact_unique,exact
Syzygium samarangense,syzygium samarangense,syzygium samarangense,1,1,1,1,1,Syzygium samarangense,wfo-0000319382,Syzygium samarangense,Myrtaceae,1,1,1,1,1,Syzygium samarangense,wfo-0000319382,Syzygium samarangense,Myrtaceae,exact_unique,exact
Tabebuia aurea,tabebuia aurea,tabebuia aurea,1,1,1,1,1,Tabebuia aurea,wfo-0000780159,Tabebuia aurea,Bignoniaceae,1,1,1,1,1,Tabebuia aurea,wfo-0000780159,Tabebuia aurea,Bignoniaceae,exact_unique,exact
Tacca chantrieri,tacca chantrieri,tacca chantrieri,1,1,1,1,1,Tacca chantrieri,wfo-0000567593,Tacca chantrieri,Dioscoreaceae,1,1,1,1,1,Tacca chantrieri,wfo-0000567593,Tacca chantrieri,Dioscoreaceae,exact_unique,exact
Tadehagi triquetrum,tadehagi triquetrum,tadehagi triquetrum,1,1,1,1,1,Tadehagi triquetrum,wfo-0000200220,Tadehagi triquetrum,Fabaceae,1,1,1,1,1,Tadehagi triquetrum,wfo-0000200220,Tadehagi triquetrum,Fabaceae,exact_unique,exact
Tainia bicornis,tainia bicornis,tainia bicornis,1,1,1,1,1,Tainia bicornis,wfo-0000320471,Tainia bicornis,Orchidaceae,1,1,1,1,1,Tainia bicornis,wfo-0000320471,Tainia bicornis,Orchidaceae,exact_unique,exact
Tainia paucifolia,tainia paucifolia,tainia paucifolia,1,1,1,1,1,Tainia paucifolia,wfo-0000320535,Tainia paucifolia,Orchidaceae,1,1,1,1,1,Tainia paucifolia,wfo-0000320535,Tainia paucifolia,Orchidaceae,exact_unique,exact
Tamarindus indica,tamarindus indica,tamarindus indica,1,1,1,1,1,Tamarindus indica,wfo-0000170926,Tamarindus indica,Fabaceae,1,1,1,1,1,Tamarindus indica,wfo-0000170926,Tamarindus indica,Fabaceae,exact_unique,exact
Tamarix nilotica,tamarix nilotica,tamarix nilotica,1,1,1,1,1,Tamarix nilotica,wfo-0000459439,Tamarix senegalensis,Tamaricaceae,1,1,1,1,1,Tamarix nilotica,wfo-0000459439,Tamarix senegalensis,Tamaricaceae,exact_unique,exact
Tanacetum sibiricum,tanacetum sibiricum,tanacetum sibiricum,2,2,1,1,1,Tanacetum sibiricum,wfo-0000099453,Filifolium sibiricum,Asteraceae,2,2,1,1,1,Tanacetum sibiricum,wfo-0000099453,Filifolium sibiricum,Asteraceae,exact_unique,exact
Taraxacum campylodes,taraxacum campylodes,taraxacum campylodes,1,1,1,1,1,Taraxacum campylodes,wfo-0000093449,Taraxacum campylodes,Asteraceae,1,1,1,1,1,Taraxacum campylodes,wfo-0000093449,Taraxacum campylodes,Asteraceae,exact_unique,exact
Taraxacum hallaisanense,taraxacum hallaisanense,taraxacum hallaisanense,1,1,1,1,1,Taraxacum hallaisanense,wfo-0000007374,Taraxacum hallaisanense,Asteraceae,1,1,1,1,1,Taraxacum hallaisanense,wfo-0000007374,Taraxacum hallaisanense,Asteraceae,exact_unique,exact
Taraxacum lapponicum,taraxacum lapponicum,taraxacum lapponicum,1,1,1,1,1,Taraxacum lapponicum,wfo-0000071417,Taraxacum croceum,Asteraceae,1,1,1,1,1,Taraxacum lapponicum,wfo-0000071417,Taraxacum croceum,Asteraceae,exact_unique,exact
Taraxacum platycarpum,taraxacum platycarpum,taraxacum platycarpum,1,1,1,1,1,Taraxacum platycarpum,wfo-0000083298,Taraxacum platycarpum,Asteraceae,1,1,1,1,1,Taraxacum platycarpum,wfo-0000083298,Taraxacum platycarpum,Asteraceae,exact_unique,exact
Taverniera abyssinica,taverniera abyssinica,taverniera abyssinica,1,1,1,1,1,Taverniera abyssinica,wfo-0000205023,Taverniera abyssinica,Fabaceae,1,1,1,1,1,Taverniera abyssinica,wfo-0000205023,Taverniera abyssinica,Fabaceae,exact_unique,exact
Taxandria spathulata,taxandria spathulata,taxandria spathulata,1,1,1,1,1,Taxandria spathulata,wfo-0000837111,Taxandria spathulata,Myrtaceae,1,1,1,1,1,Taxandria spathulata,wfo-0000837111,Taxandria spathulata,Myrtaceae,exact_unique,exact
Taxillus kaempferi,taxillus kaempferi,taxillus kaempferi,1,1,1,1,1,Taxillus kaempferi,wfo-0001075797,Taxillus kaempferi,Loranthaceae,1,1,1,1,1,Taxillus kaempferi,wfo-0001075797,Taxillus kaempferi,Loranthaceae,exact_unique,exact
Taxillus liquidambaricola,taxillus liquidambaricola,taxillus liquidambaricola,1,1,1,1,1,Taxillus liquidambaricola,wfo-0001075809,Taxillus liquidambaricola,Loranthaceae,1,1,1,1,1,Taxillus liquidambaricola,wfo-0001075809,Taxillus liquidambaricola,Loranthaceae,exact_unique,exact
Taxodium distichum,taxodium distichum,taxodium distichum,1,1,1,1,1,Taxodium distichum,wfo-0000408602,Taxodium distichum,Cupressaceae,1,1,1,1,1,Taxodium distichum,wfo-0000408602,Taxodium distichum,Cupressaceae,exact_unique,exact
Taxus cuspidata,taxus cuspidata,taxus cuspidata,1,1,1,1,1,Taxus cuspidata,wfo-0000408609,Taxus cuspidata,Taxaceae,1,1,1,1,1,Taxus cuspidata,wfo-0000408609,Taxus cuspidata,Taxaceae,exact_unique,exact
Taxus wallichiana,taxus wallichiana,taxus wallichiana,1,1,1,1,1,Taxus wallichiana,wfo-0000409081,Taxus wallichiana,Taxaceae,1,1,1,1,1,Taxus wallichiana,wfo-0000409081,Taxus wallichiana,Taxaceae,exact_unique,exact
Tectaria subtriphylla,tectaria subtriphylla,tectaria subtriphylla,1,1,1,1,1,Tectaria subtriphylla,wfo-0001117092,Tectaria subtriphylla,Tectariaceae,1,1,1,1,1,Tectaria subtriphylla,wfo-0001117092,Tectaria subtriphylla,Tectariaceae,exact_unique,exact
Tephrosia,tephrosia,tephrosia,1,1,1,1,1,Tephrosia,wfo-4000037774,Tephrosia,Fabaceae,1,1,1,1,1,Tephrosia,wfo-4000037774,Tephrosia,Fabaceae,exact_unique,exact
Tephrosia abbottiae,tephrosia abbottiae,tephrosia abbottiae,1,1,1,1,1,Tephrosia abbottiae,wfo-0000164210,Tephrosia abbottiae,Fabaceae,1,1,1,1,1,Tephrosia abbottiae,wfo-0000164210,Tephrosia abbottiae,Fabaceae,exact_unique,exact
Tephrosia aequilata,tephrosia aequilata,tephrosia aequilata,1,1,1,1,1,Tephrosia aequilata,wfo-0000201452,Tephrosia aequilata,Fabaceae,1,1,1,1,1,Tephrosia aequilata,wfo-0000201452,Tephrosia aequilata,Fabaceae,exact_unique,exact
Tephrosia bidwillii,tephrosia bidwillii,tephrosia bidwillii,1,1,1,1,1,Tephrosia bidwillii,wfo-0000185885,Tephrosia bidwillii,Fabaceae,1,1,1,1,1,Tephrosia bidwillii,wfo-0000185885,Tephrosia bidwillii,Fabaceae,exact_unique,exact
Tephrosia bracteolata,tephrosia bracteolata,tephrosia bracteolata,1,1,1,1,1,Tephrosia bracteolata,wfo-0000201770,Tephrosia bracteolata,Fabaceae,1,1,1,1,1,Tephrosia bracteolata,wfo-0000201770,Tephrosia bracteolata,Fabaceae,exact_unique,exact
Tephrosia calophylla,tephrosia calophylla,tephrosia calophylla,1,1,1,1,1,Tephrosia calophylla,wfo-0000205385,Tephrosia calophylla,Fabaceae,1,1,1,1,1,Tephrosia calophylla,wfo-0000205385,Tephrosia calophylla,Fabaceae,exact_unique,exact
Tephrosia candida,tephrosia candida,tephrosia candida,1,1,1,1,1,Tephrosia candida,wfo-0000201856,Tephrosia candida,Fabaceae,1,1,1,1,1,Tephrosia candida,wfo-0000201856,Tephrosia candida,Fabaceae,exact_unique,exact
Tephrosia carrollii,tephrosia carrollii,tephrosia carrollii,1,1,1,1,1,Tephrosia carrollii,wfo-0001273986,Tephrosia carrollii,Fabaceae,1,1,1,1,1,Tephrosia carrollii,wfo-0001273986,Tephrosia carrollii,Fabaceae,exact_unique,exact
Tephrosia crassifolia,tephrosia crassifolia,tephrosia crassifolia,1,1,1,1,1,Tephrosia crassifolia,wfo-0000183541,Tephrosia crassifolia,Fabaceae,1,1,1,1,1,Tephrosia crassifolia,wfo-0000183541,Tephrosia crassifolia,Fabaceae,exact_unique,exact
Tephrosia egregia,tephrosia egregia,tephrosia egregia,1,1,1,1,1,Tephrosia egregia,wfo-0000164660,Tephrosia egregia,Fabaceae,1,1,1,1,1,Tephrosia egregia,wfo-0000164660,Tephrosia egregia,Fabaceae,exact_unique,exact
Tephrosia elata,tephrosia elata,tephrosia elata,1,1,1,1,1,Tephrosia elata,wfo-0000202201,Tephrosia elata,Fabaceae,1,1,1,1,1,Tephrosia elata,wfo-0000202201,Tephrosia elata,Fabaceae,exact_unique,exact
Tephrosia emeroides,tephrosia emeroides,tephrosia emeroides,1,1,1,1,1,Tephrosia emeroides,wfo-0000202273,Tephrosia emeroides,Fabaceae,1,1,1,1,1,Tephrosia emeroides,wfo-0000202273,Tephrosia emeroides,Fabaceae,exact_unique,exact
Tephrosia falciformis,tephrosia falciformis,tephrosia falciformis,2,2,1,1,1,Tephrosia falciformis,wfo-0001055830,Tephrosia falciformis,Fabaceae,2,2,1,1,1,Tephrosia falciformis,wfo-0001055830,Tephrosia falciformis,Fabaceae,exact_unique,exact
Tephrosia fulvinervis,tephrosia fulvinervis,tephrosia fulvinervis,1,1,1,1,1,Tephrosia fulvinervis,wfo-0000202384,Tephrosia fulvinervis,Fabaceae,1,1,1,1,1,Tephrosia fulvinervis,wfo-0000202384,Tephrosia fulvinervis,Fabaceae,exact_unique,exact
Tephrosia hildebrandtii,tephrosia hildebrandtii,tephrosia hildebrandtii,1,1,1,1,1,Tephrosia hildebrandtii,wfo-0000202563,Tephrosia hildebrandtii,Fabaceae,1,1,1,1,1,Tephrosia hildebrandtii,wfo-0000202563,Tephrosia hildebrandtii,Fabaceae,exact_unique,exact
Tephrosia interrupta,tephrosia interrupta,tephrosia interrupta,1,1,1,1,1,Tephrosia interrupta,wfo-0000202707,Tephrosia interrupta,Fabaceae,1,1,1,1,1,Tephrosia interrupta,wfo-0000202707,Tephrosia interrupta,Fabaceae,exact_unique,exact
Tephrosia leiocarpa,tephrosia leiocarpa,tephrosia leiocarpa,1,1,1,1,1,Tephrosia leiocarpa,wfo-0000164669,Tephrosia leiocarpa,Fabaceae,1,1,1,1,1,Tephrosia leiocarpa,wfo-0000164669,Tephrosia leiocarpa,Fabaceae,exact_unique,exact
Tephrosia linearis,tephrosia linearis,tephrosia linearis,1,1,1,1,1,Tephrosia linearis,wfo-0000202981,Tephrosia linearis,Fabaceae,1,1,1,1,1,Tephrosia linearis,wfo-0000202981,Tephrosia linearis,Fabaceae,exact_unique,exact
Tephrosia lupinifolia,tephrosia lupinifolia,tephrosia lupinifolia,1,1,1,1,1,Tephrosia lupinifolia,wfo-0000203073,Tephrosia lupinifolia,Fabaceae,1,1,1,1,1,Tephrosia lupinifolia,wfo-0000203073,Tephrosia lupinifolia,Fabaceae,exact_unique,exact
Tephrosia madrensis,tephrosia madrensis,tephrosia madrensis,1,1,1,1,1,Tephrosia madrensis,wfo-0000164672,Tephrosia madrensis,Fabaceae,1,1,1,1,1,Tephrosia madrensis,wfo-0000164672,Tephrosia madrensis,Fabaceae,exact_unique,exact
Tephrosia major,tephrosia major,tephrosia major,1,1,1,1,1,Tephrosia major,wfo-0000164673,Tephrosia major,Fabaceae,1,1,1,1,1,Tephrosia major,wfo-0000164673,Tephrosia major,Fabaceae,exact_unique,exact
Tephrosia maxima,tephrosia maxima,tephrosia maxima,1,1,1,1,1,Tephrosia maxima,wfo-0000203220,Tephrosia maxima,Fabaceae,1,1,1,1,1,Tephrosia maxima,wfo-0000203220,Tephrosia maxima,Fabaceae,exact_unique,exact
Tephrosia nana,tephrosia nana,tephrosia nana,1,1,1,1,1,Tephrosia nana,wfo-0000203348,Tephrosia nana,Fabaceae,1,1,1,1,1,Tephrosia nana,wfo-0000203348,Tephrosia nana,Fabaceae,exact_unique,exact
Tephrosia obovata,tephrosia obovata,tephrosia obovata,1,1,1,1,1,Tephrosia obovata,wfo-0000185872,Tephrosia obovata,Fabaceae,1,1,1,1,1,Tephrosia obovata,wfo-0000185872,Tephrosia obovata,Fabaceae,exact_unique,exact
Tephrosia pentaphylla,tephrosia pentaphylla,tephrosia pentaphylla,2,2,1,1,1,Tephrosia pentaphylla,wfo-0001055146,Tephrosia pentaphylla,Fabaceae,2,2,1,1,1,Tephrosia pentaphylla,wfo-0001055146,Tephrosia pentaphylla,Fabaceae,exact_unique,exact
Tephrosia polyphylla,tephrosia polyphylla,tephrosia polyphylla,1,1,1,1,1,Tephrosia polyphylla,wfo-0000203724,Tephrosia polyphylla,Fabaceae,1,1,1,1,1,Tephrosia polyphylla,wfo-0000203724,Tephrosia polyphylla,Fabaceae,exact_unique,exact
Tephrosia praecana,tephrosia praecana,tephrosia praecana,1,1,1,1,1,Tephrosia praecana,wfo-0000203746,Tephrosia praecana,Fabaceae,1,1,1,1,1,Tephrosia praecana,wfo-0000203746,Tephrosia praecana,Fabaceae,exact_unique,exact
Tephrosia pumila,tephrosia pumila,tephrosia pumila,1,1,1,1,1,Tephrosia pumila,wfo-0000203766,Tephrosia pumila,Fabaceae,1,1,1,1,1,Tephrosia pumila,wfo-0000203766,Tephrosia pumila,Fabaceae,exact_unique,exact
Tephrosia purpurea,tephrosia purpurea,tephrosia purpurea,1,1,1,1,1,Tephrosia purpurea,wfo-0000203860,Tephrosia purpurea,Fabaceae,1,1,1,1,1,Tephrosia purpurea,wfo-0000203860,Tephrosia purpurea,Fabaceae,exact_unique,exact
Tephrosia quercetorum,tephrosia quercetorum,tephrosia quercetorum,1,1,1,1,1,Tephrosia quercetorum,wfo-0000164690,Tephrosia quercetorum,Fabaceae,1,1,1,1,1,Tephrosia quercetorum,wfo-0000164690,Tephrosia quercetorum,Fabaceae,exact_unique,exact
Tephrosia rosea,tephrosia rosea,tephrosia rosea,1,1,1,1,1,Tephrosia rosea,wfo-0000185869,Tephrosia rosea,Fabaceae,1,1,1,1,1,Tephrosia rosea,wfo-0000185869,Tephrosia rosea,Fabaceae,exact_unique,exact
Tephrosia sinapou,tephrosia sinapou,tephrosia sinapou,1,1,1,1,1,Tephrosia sinapou,wfo-0000204324,Tephrosia sinapou,Fabaceae,1,1,1,1,1,Tephrosia sinapou,wfo-0000204324,Tephrosia sinapou,Fabaceae,exact_unique,exact
Tephrosia spinosa,tephrosia spinosa,tephrosia spinosa,1,1,1,1,1,Tephrosia spinosa,wfo-0000185868,Tephrosia spinosa,Fabaceae,1,1,1,1,1,Tephrosia spinosa,wfo-0000185868,Tephrosia spinosa,Fabaceae,exact_unique,exact
Tephrosia strigosa,tephrosia strigosa,tephrosia strigosa,2,2,1,1,1,Tephrosia strigosa,wfo-0000185867,Tephrosia strigosa,Fabaceae,2,2,1,1,1,Tephrosia strigosa,wfo-0000185867,Tephrosia strigosa,Fabaceae,exact_unique,exact
Tephrosia tepicana,tephrosia tepicana,tephrosia tepicana,1,1,1,1,1,Tephrosia tepicana,wfo-0000164702,Tephrosia tepicana,Fabaceae,1,1,1,1,1,Tephrosia tepicana,wfo-0000164702,Tephrosia tepicana,Fabaceae,exact_unique,exact
Tephrosia tuitoensis,tephrosia tuitoensis,tephrosia tuitoensis,1,1,1,1,1,Tephrosia tuitoensis,wfo-0000414888,Tephrosia tuitoensis,Fabaceae,1,1,1,1,1,Tephrosia tuitoensis,wfo-0000414888,Tephrosia tuitoensis,Fabaceae,exact_unique,exact
Tephrosia uniflora,tephrosia uniflora,tephrosia uniflora,1,1,1,1,1,Tephrosia uniflora,wfo-0000204446,Tephrosia uniflora,Fabaceae,1,1,1,1,1,Tephrosia uniflora,wfo-0000204446,Tephrosia uniflora,Fabaceae,exact_unique,exact
Tephrosia virginiana,tephrosia virginiana,tephrosia virginiana,1,1,1,1,1,Tephrosia virginiana,wfo-0000182218,Tephrosia virginiana,Fabaceae,1,1,1,1,1,Tephrosia virginiana,wfo-0000182218,Tephrosia virginiana,Fabaceae,exact_unique,exact
Tephrosia viridiflora,tephrosia viridiflora,tephrosia viridiflora,1,1,1,1,1,Tephrosia viridiflora,wfo-0000414202,Tephrosia viridiflora,Fabaceae,1,1,1,1,1,Tephrosia viridiflora,wfo-0000414202,Tephrosia viridiflora,Fabaceae,exact_unique,exact
Tephrosia vogelii,tephrosia vogelii,tephrosia vogelii,1,1,1,1,1,Tephrosia vogelii,wfo-0000204544,Tephrosia vogelii,Fabaceae,1,1,1,1,1,Tephrosia vogelii,wfo-0000204544,Tephrosia vogelii,Fabaceae,exact_unique,exact
Tephrosia watsoniana,tephrosia watsoniana,tephrosia watsoniana,1,1,1,1,1,Tephrosia watsoniana,wfo-0000186660,Tephrosia watsoniana,Fabaceae,1,1,1,1,1,Tephrosia watsoniana,wfo-0000186660,Tephrosia watsoniana,Fabaceae,exact_unique,exact
Terminalia argentea,terminalia argentea,terminalia argentea,1,1,1,1,1,Terminalia argentea,wfo-0001296420,Terminalia argentea,Combretaceae,1,1,1,1,1,Terminalia argentea,wfo-0001296420,Terminalia argentea,Combretaceae,exact_unique,exact
Terminalia arjuna,terminalia arjuna,terminalia arjuna,1,1,1,1,1,Terminalia arjuna,wfo-0000407013,Terminalia arjuna,Combretaceae,1,1,1,1,1,Terminalia arjuna,wfo-0000407013,Terminalia arjuna,Combretaceae,exact_unique,exact
Terminalia brachystemma,terminalia brachystemma,terminalia brachystemma,1,1,1,1,1,Terminalia brachystemma,wfo-0000406946,Terminalia brachystemma,Combretaceae,1,1,1,1,1,Terminalia brachystemma,wfo-0000406946,Terminalia brachystemma,Combretaceae,exact_unique,exact
Terminalia buceras,terminalia buceras,terminalia buceras,1,1,1,1,1,Terminalia buceras,wfo-0001296365,Terminalia buceras,Combretaceae,1,1,1,1,1,Terminalia buceras,wfo-0001296365,Terminalia buceras,Combretaceae,exact_unique,exact
Terminalia catappa,terminalia catappa,terminalia catappa,1,1,1,1,1,Terminalia catappa,wfo-0000406800,Terminalia catappa,Combretaceae,1,1,1,1,1,Terminalia catappa,wfo-0000406800,Terminalia catappa,Combretaceae,exact_unique,exact
Terminalia elliptica,terminalia elliptica,terminalia elliptica,1,1,1,1,1,Terminalia elliptica,wfo-0000408759,Terminalia elliptica,Combretaceae,1,1,1,1,1,Terminalia elliptica,wfo-0000408759,Terminalia elliptica,Combretaceae,exact_unique,exact
Terminalia glabrescens,terminalia glabrescens,terminalia glabrescens,1,1,1,1,1,Terminalia glabrescens,wfo-0000408734,Terminalia glabrescens,Combretaceae,1,1,1,1,1,Terminalia glabrescens,wfo-0000408734,Terminalia glabrescens,Combretaceae,exact_unique,exact
Tessaria dodoneifolia,tessaria dodoneifolia,tessaria dodoneifolia,1,1,1,1,1,Tessaria dodoneifolia,wfo-0000051679,Tessaria dodoneifolia,Asteraceae,1,1,1,1,1,Tessaria dodoneifolia,wfo-0000051679,Tessaria dodoneifolia,Asteraceae,exact_unique,exact
Tetracentron sinense,tetracentron sinense,tetracentron sinense,1,1,1,1,1,Tetracentron sinense,wfo-0001219876,Tetracentron sinense,Trochodendraceae,1,1,1,1,1,Tetracentron sinense,wfo-0001219876,Tetracentron sinense,Trochodendraceae,exact_unique,exact
Tetracera asiatica,tetracera asiatica,tetracera asiatica,1,1,1,1,1,Tetracera asiatica,wfo-1200073623,Tetracera sarmentosa subsp. sarmentosa,Dilleniaceae,1,1,1,1,1,Tetracera asiatica,wfo-1200073623,Tetracera sarmentosa subsp. sarmentosa,Dilleniaceae,exact_unique,exact
Tetradium daniellii,tetradium daniellii,tetradium daniellii,1,1,1,1,1,Tetradium daniellii,wfo-0000455306,Tetradium daniellii,Rutaceae,1,1,1,1,1,Tetradium daniellii,wfo-0000455306,Tetradium daniellii,Rutaceae,exact_unique,exact
Tetradium glabrifolium,tetradium glabrifolium,tetradium glabrifolium,1,1,1,1,1,Tetradium glabrifolium,wfo-0001239188,Tetradium glabrifolium,Rutaceae,1,1,1,1,1,Tetradium glabrifolium,wfo-0001239188,Tetradium glabrifolium,Rutaceae,exact_unique,exact
Tetraneuris turneri,tetraneuris turneri,tetraneuris turneri,1,1,1,1,1,Tetraneuris turneri,wfo-0000029175,Tetraneuris turneri,Asteraceae,1,1,1,1,1,Tetraneuris turneri,wfo-0000029175,Tetraneuris turneri,Asteraceae,exact_unique,exact
Teucrium chamaedrys,teucrium chamaedrys,teucrium chamaedrys,1,1,1,1,1,Teucrium chamaedrys,wfo-0000321975,Teucrium chamaedrys,Lamiaceae,2,2,2,2,1,Teucrium chamaedrys | Teucrium chamaedrys prol. albarracinii,wfo-0000321975 | wfo-0000321976,Teucrium chamaedrys | Teucrium chamaedrys subsp. albarracinii,Lamiaceae,exact_unique,exact
Teucrium gnaphalodes,teucrium gnaphalodes,teucrium gnaphalodes,1,1,1,1,1,Teucrium gnaphalodes,wfo-0000322156,Teucrium gnaphalodes,Lamiaceae,1,1,1,1,1,Teucrium gnaphalodes,wfo-0000322156,Teucrium gnaphalodes,Lamiaceae,exact_unique,exact
Teucrium stocksianum,teucrium stocksianum,teucrium stocksianum,1,1,1,1,1,Teucrium stocksianum,wfo-0000322658,Teucrium stocksianum,Lamiaceae,1,1,1,1,1,Teucrium stocksianum,wfo-0000322658,Teucrium stocksianum,Lamiaceae,exact_unique,exact
Thelypteris interrupta,thelypteris interrupta,thelypteris interrupta,1,1,1,1,1,Thelypteris interrupta,wfo-0001110853,Cyclosorus interruptus,Thelypteridaceae,1,1,1,1,1,Thelypteris interrupta,wfo-0001110853,Cyclosorus interruptus,Thelypteridaceae,exact_unique,exact
Thelypteris palustris,thelypteris palustris,thelypteris palustris,1,1,1,1,1,Thelypteris palustris,wfo-0001107441,Thelypteris palustris,Thelypteridaceae,1,1,1,1,1,Thelypteris palustris,wfo-0001107441,Thelypteris palustris,Thelypteridaceae,exact_unique,exact
Theobroma,theobroma,theobroma,1,1,1,1,1,Theobroma,wfo-4000038157,Theobroma,Malvaceae,1,1,1,1,1,Theobroma,wfo-4000038157,Theobroma,Malvaceae,exact_unique,exact
Theobroma cacao,theobroma cacao,theobroma cacao,1,1,1,1,1,Theobroma cacao,wfo-0000458440,Theobroma cacao,Malvaceae,1,1,1,1,1,Theobroma cacao,wfo-0000458440,Theobroma cacao,Malvaceae,exact_unique,exact
Theobroma grandiflorum,theobroma grandiflorum,theobroma grandiflorum,1,1,1,1,1,Theobroma grandiflorum,wfo-0000458603,Theobroma grandiflorum,Malvaceae,1,1,1,1,1,Theobroma grandiflorum,wfo-0000458603,Theobroma grandiflorum,Malvaceae,exact_unique,exact
Thermopsis,thermopsis,thermopsis,1,1,1,1,1,Thermopsis,wfo-4000038177,Thermopsis,Fabaceae,1,1,1,1,1,Thermopsis,wfo-4000038177,Thermopsis,Fabaceae,exact_unique,exact
Thermopsis alterniflora,thermopsis alterniflora,thermopsis alterniflora,1,1,1,1,1,Thermopsis alterniflora,wfo-0000186300,Thermopsis alterniflora,Fabaceae,1,1,1,1,1,Thermopsis alterniflora,wfo-0000186300,Thermopsis alterniflora,Fabaceae,exact_unique,exact
Thermopsis dolichocarpa,thermopsis dolichocarpa,thermopsis dolichocarpa,1,1,1,1,1,Thermopsis dolichocarpa,wfo-0000186286,Thermopsis dolichocarpa,Fabaceae,1,1,1,1,1,Thermopsis dolichocarpa,wfo-0000186286,Thermopsis dolichocarpa,Fabaceae,exact_unique,exact
Thermopsis lanceolata,thermopsis lanceolata,thermopsis lanceolata,1,1,1,1,1,Thermopsis lanceolata,wfo-0000213939,Thermopsis lanceolata,Fabaceae,1,1,1,1,1,Thermopsis lanceolata,wfo-0000213939,Thermopsis lanceolata,Fabaceae,exact_unique,exact
Thermopsis lupinoides,thermopsis lupinoides,thermopsis lupinoides,1,1,1,1,1,Thermopsis lupinoides,wfo-0000213939,Thermopsis lanceolata,Fabaceae,1,1,1,1,1,Thermopsis lupinoides,wfo-0000213939,Thermopsis lanceolata,Fabaceae,exact_unique,exact
Thermopsis macrophylla,thermopsis macrophylla,thermopsis macrophylla,1,1,1,1,1,Thermopsis macrophylla,wfo-0000194925,Thermopsis macrophylla,Fabaceae,1,1,1,1,1,Thermopsis macrophylla,wfo-0000194925,Thermopsis macrophylla,Fabaceae,exact_unique,exact
Thermopsis mollis,thermopsis mollis,thermopsis mollis,2,2,1,1,1,Thermopsis mollis,wfo-0001055161,Thermopsis mollis,Fabaceae,2,2,1,1,1,Thermopsis mollis,wfo-0001055161,Thermopsis mollis,Fabaceae,exact_unique,exact
Thermopsis rhombifolia,thermopsis rhombifolia,thermopsis rhombifolia,1,1,1,1,1,Thermopsis rhombifolia,wfo-0000194931,Thermopsis rhombifolia,Fabaceae,1,1,1,1,1,Thermopsis rhombifolia,wfo-0000194931,Thermopsis rhombifolia,Fabaceae,exact_unique,exact
Thermopsis villosa,thermopsis villosa,thermopsis villosa,1,1,1,1,1,Thermopsis villosa,wfo-0000194933,Thermopsis villosa,Fabaceae,1,1,1,1,1,Thermopsis villosa,wfo-0000194933,Thermopsis villosa,Fabaceae,exact_unique,exact
Thevetia peruviana,thevetia peruviana,thevetia peruviana,1,1,1,1,1,Thevetia peruviana,wfo-0000810099,Cascabela thevetia,Apocynaceae,1,1,1,1,1,Thevetia peruviana,wfo-0000810099,Cascabela thevetia,Apocynaceae,exact_unique,exact
Thonningia sanguinea,thonningia sanguinea,thonningia sanguinea,1,1,1,1,1,Thonningia sanguinea,wfo-0000410707,Thonningia sanguinea,Balanophoraceae,1,1,1,1,1,Thonningia sanguinea,wfo-0000410707,Thonningia sanguinea,Balanophoraceae,exact_unique,exact
Thujopsis dolabrata,thujopsis dolabrata,thujopsis dolabrata,1,1,1,1,1,Thujopsis dolabrata,wfo-0000409024,Thujopsis dolabrata,Cupressaceae,1,1,1,1,1,Thujopsis dolabrata,wfo-0000409024,Thujopsis dolabrata,Cupressaceae,exact_unique,exact
Thymelaea lythroides,thymelaea lythroides,thymelaea lythroides,1,1,1,1,1,Thymelaea lythroides,wfo-0001282372,Thymelaea lythroides,Thymelaeaceae,1,1,1,1,1,Thymelaea lythroides,wfo-0001282372,Thymelaea lythroides,Thymelaeaceae,exact_unique,exact
Thymus,thymus,thymus,1,1,1,1,1,Thymus,wfo-4000038335,Thymus,Lamiaceae,1,1,1,1,1,Thymus,wfo-4000038335,Thymus,Lamiaceae,exact_unique,exact
Thymus cilicicus,thymus cilicicus,thymus cilicicus,1,1,1,1,1,Thymus cilicicus,wfo-0000323876,Thymus cilicicus,Lamiaceae,1,1,1,1,1,Thymus cilicicus,wfo-0000323876,Thymus cilicicus,Lamiaceae,exact_unique,exact
Thymus herba-barona,thymus herba-barona,thymus herba-barona,1,1,1,1,1,Thymus herba-barona,wfo-0000324108,Thymus herba-barona,Lamiaceae,1,1,1,1,1,Thymus herba-barona,wfo-0000324108,Thymus herba-barona,Lamiaceae,exact_unique,exact
Thymus moroderi,thymus moroderi,thymus moroderi,1,1,1,1,1,Thymus moroderi,wfo-0000324418,Thymus moroderi,Lamiaceae,1,1,1,1,1,Thymus moroderi,wfo-0000324418,Thymus moroderi,Lamiaceae,exact_unique,exact
Thymus numidicus,thymus numidicus,thymus numidicus,1,1,1,1,1,Thymus numidicus,wfo-0000324459,Thymus numidicus,Lamiaceae,1,1,1,1,1,Thymus numidicus,wfo-0000324459,Thymus numidicus,Lamiaceae,exact_unique,exact
Thymus vulgaris,thymus vulgaris,thymus vulgaris,1,1,1,1,1,Thymus vulgaris,wfo-0000324951,Thymus vulgaris,Lamiaceae,2,2,2,2,1,Thymus vulgaris | Thymus vulgaris unranked variegatus,wfo-0000324951 | wfo-0000324955,Thymus vulgaris | Thymus vulgaris subsp. vulgaris,Lamiaceae,exact_unique,exact
Tilia tomentosa,tilia tomentosa,tilia tomentosa,1,1,1,1,1,Tilia tomentosa,wfo-0000457026,Tilia tomentosa,Malvaceae,1,1,1,1,1,Tilia tomentosa,wfo-0000457026,Tilia tomentosa,Malvaceae,exact_unique,exact
Tinospora malabarica,tinospora malabarica,tinospora malabarica,1,1,1,1,1,Tinospora malabarica,wfo-0001083980,Tinospora sinensis,Menispermaceae,1,1,1,1,1,Tinospora malabarica,wfo-0001083980,Tinospora sinensis,Menispermaceae,exact_unique,exact
Tipuana tipu,tipuana tipu,tipuana tipu,1,1,1,1,1,Tipuana tipu,wfo-0000172971,Tipuana tipu,Fabaceae,1,1,1,1,1,Tipuana tipu,wfo-0000172971,Tipuana tipu,Fabaceae,exact_unique,exact
Toddalia asiatica,toddalia asiatica,toddalia asiatica,1,1,1,1,1,Toddalia asiatica,wfo-1000008156,Zanthoxylum asiaticum,Rutaceae,1,1,1,1,1,Toddalia asiatica,wfo-1000008156,Zanthoxylum asiaticum,Rutaceae,exact_unique,exact
Toona sinensis,toona sinensis,toona sinensis,1,1,1,1,1,Toona sinensis,wfo-0000455502,Toona sinensis,Meliaceae,1,1,1,1,1,Toona sinensis,wfo-0000455502,Toona sinensis,Meliaceae,exact_unique,exact
Toxicodendron succedaneum,toxicodendron succedaneum,toxicodendron succedaneum,2,2,1,1,1,Toxicodendron succedaneum,wfo-0001052331,Toxicodendron succedaneum,Anacardiaceae,2,2,1,1,1,Toxicodendron succedaneum,wfo-0001052331,Toxicodendron succedaneum,Anacardiaceae,exact_unique,exact
Toxicodendron vernicifluum,toxicodendron vernicifluum,toxicodendron vernicifluum,1,1,1,1,1,Toxicodendron vernicifluum,wfo-0001051090,Toxicodendron vernicifluum,Anacardiaceae,1,1,1,1,1,Toxicodendron vernicifluum,wfo-0001051090,Toxicodendron vernicifluum,Anacardiaceae,exact_unique,exact
Trachelospermum jasminoides,trachelospermum jasminoides,trachelospermum jasminoides,1,1,1,1,1,Trachelospermum jasminoides,wfo-0000326475,Trachelospermum jasminoides,Apocynaceae,1,1,1,1,1,Trachelospermum jasminoides,wfo-0000326475,Trachelospermum jasminoides,Apocynaceae,exact_unique,exact
Traversia baccharoides,traversia baccharoides,traversia baccharoides,1,1,1,1,1,Traversia baccharoides,wfo-0000121795,Traversia baccharoides,Asteraceae,1,1,1,1,1,Traversia baccharoides,wfo-0000121795,Traversia baccharoides,Asteraceae,exact_unique,exact
Triadenum japonicum,triadenum japonicum,triadenum japonicum,1,1,1,1,1,Triadenum japonicum,wfo-0001296235,Hypericum fauriei,Hypericaceae,1,1,1,1,1,Triadenum japonicum,wfo-0001296235,Hypericum fauriei,Hypericaceae,exact_unique,exact
Triadica sebifera,triadica sebifera,triadica sebifera,1,1,1,1,1,Triadica sebifera,wfo-0000327067,Triadica sebifera,Euphorbiaceae,1,1,1,1,1,Triadica sebifera,wfo-0000327067,Triadica sebifera,Euphorbiaceae,exact_unique,exact
Trichilia catigua,trichilia catigua,trichilia catigua,1,1,1,1,1,Trichilia catigua,wfo-0000455545,Trichilia catigua,Meliaceae,1,1,1,1,1,Trichilia catigua,wfo-0000455545,Trichilia catigua,Meliaceae,exact_unique,exact
Trichogonia campestris,trichogonia campestris,trichogonia campestris,1,1,1,1,1,Trichogonia campestris,wfo-0000062279,Trichogonia campestris,Asteraceae,1,1,1,1,1,Trichogonia campestris,wfo-0000062279,Trichogonia campestris,Asteraceae,exact_unique,exact
Trichogonia santosii,trichogonia santosii,trichogonia santosii,1,1,1,1,1,Trichogonia santosii,wfo-0000062279,Trichogonia campestris,Asteraceae,1,1,1,1,1,Trichogonia santosii,wfo-0000062279,Trichogonia campestris,Asteraceae,exact_unique,exact
Trichogonia villosa,trichogonia villosa,trichogonia villosa,1,1,1,1,1,Trichogonia villosa,wfo-0000096792,Trichogonia villosa,Asteraceae,1,1,1,1,1,Trichogonia villosa,wfo-0000096792,Trichogonia villosa,Asteraceae,exact_unique,exact
Trichosanthes anguina,trichosanthes anguina,trichosanthes anguina,1,1,1,1,1,Trichosanthes anguina,wfo-0000408012,Trichosanthes cucumerina,Cucurbitaceae,1,1,1,1,1,Trichosanthes anguina,wfo-0000408012,Trichosanthes cucumerina,Cucurbitaceae,exact_unique,exact
Trichosanthes cucumerina,trichosanthes cucumerina,trichosanthes cucumerina,1,1,1,1,1,Trichosanthes cucumerina,wfo-0000408012,Trichosanthes cucumerina,Cucurbitaceae,1,1,1,1,1,Trichosanthes cucumerina,wfo-0000408012,Trichosanthes cucumerina,Cucurbitaceae,exact_unique,exact
Trichoscypha acuminata,trichoscypha acuminata,trichoscypha acuminata,1,1,1,1,1,Trichoscypha acuminata,wfo-0000409281,Trichoscypha acuminata,Anacardiaceae,1,1,1,1,1,Trichoscypha acuminata,wfo-0000409281,Trichoscypha acuminata,Anacardiaceae,exact_unique,exact
Tricostularia compressa,tricostularia compressa,tricostularia compressa,1,1,1,1,1,Tricostularia compressa,wfo-0000592903,Tricostularia compressa,Cyperaceae,1,1,1,1,1,Tricostularia compressa,wfo-0000592903,Tricostularia compressa,Cyperaceae,exact_unique,exact
Tricostularia neesii,tricostularia neesii,tricostularia neesii,1,1,1,1,1,Tricostularia neesii,wfo-0000592936,Tricostularia neesii,Cyperaceae,1,1,1,1,1,Tricostularia neesii,wfo-0000592936,Tricostularia neesii,Cyperaceae,exact_unique,exact
Tricostularia pauciflora,tricostularia pauciflora,tricostularia pauciflora,1,1,1,1,1,Tricostularia pauciflora,wfo-0000592980,Tricostularia pauciflora,Cyperaceae,1,1,1,1,1,Tricostularia pauciflora,wfo-0000592980,Tricostularia pauciflora,Cyperaceae,exact_unique,exact
Tricostularia undulata,tricostularia undulata,tricostularia undulata,1,1,1,1,1,Tricostularia undulata,wfo-1000020454,Anthelepis undulata,Cyperaceae,1,1,1,1,1,Tricostularia undulata,wfo-1000020454,Anthelepis undulata,Cyperaceae,exact_unique,exact
Trifolium africanum,trifolium africanum,trifolium africanum,1,1,1,1,1,Trifolium africanum,wfo-0000212962,Trifolium africanum,Fabaceae,1,1,1,1,1,Trifolium africanum,wfo-0000212962,Trifolium africanum,Fabaceae,exact_unique,exact
Trifolium ambiguum,trifolium ambiguum,trifolium ambiguum,1,1,1,1,1,Trifolium ambiguum,wfo-0000213943,Trifolium ambiguum,Fabaceae,1,1,1,1,1,Trifolium ambiguum,wfo-0000213943,Trifolium ambiguum,Fabaceae,exact_unique,exact
Trifolium apertum,trifolium apertum,trifolium apertum,1,1,1,1,1,Trifolium apertum,wfo-0000213945,Trifolium apertum,Fabaceae,1,1,1,1,1,Trifolium apertum,wfo-0000213945,Trifolium apertum,Fabaceae,exact_unique,exact
Trifolium bivonae,trifolium bivonae,trifolium bivonae,1,1,1,1,1,Trifolium bivonae,wfo-0000213954,Trifolium bivonae,Fabaceae,1,1,1,1,1,Trifolium bivonae,wfo-0000213954,Trifolium bivonae,Fabaceae,exact_unique,exact
Trifolium bocconei,trifolium bocconei,trifolium bocconei,1,1,1,1,1,Trifolium bocconei,wfo-0000212972,Trifolium bocconei,Fabaceae,1,1,1,1,1,Trifolium bocconei,wfo-0000212972,Trifolium bocconei,Fabaceae,exact_unique,exact
Trifolium bullatum,trifolium bullatum,trifolium bullatum,1,1,1,1,1,Trifolium bullatum,wfo-0000212973,Trifolium bullatum,Fabaceae,1,1,1,1,1,Trifolium bullatum,wfo-0000212973,Trifolium bullatum,Fabaceae,exact_unique,exact
Trifolium burchellianum,trifolium burchellianum,trifolium burchellianum,1,1,1,1,1,Trifolium burchellianum,wfo-0000212974,Trifolium burchellianum,Fabaceae,1,1,1,1,1,Trifolium burchellianum,wfo-0000212974,Trifolium burchellianum,Fabaceae,exact_unique,exact
Trifolium caucasicum,trifolium caucasicum,trifolium caucasicum,1,1,1,1,1,Trifolium caucasicum,wfo-0001425809,Trifolium ochroleucon subsp. ochroleucon,Fabaceae,1,1,1,1,1,Trifolium caucasicum,wfo-0001425809,Trifolium ochroleucon subsp. ochroleucon,Fabaceae,exact_unique,exact
Trifolium cernuum,trifolium cernuum,trifolium cernuum,1,1,1,1,1,Trifolium cernuum,wfo-0000212980,Trifolium cernuum,Fabaceae,1,1,1,1,1,Trifolium cernuum,wfo-0000212980,Trifolium cernuum,Fabaceae,exact_unique,exact
Trifolium cherleri,trifolium cherleri,trifolium cherleri,1,1,1,1,1,Trifolium cherleri,wfo-0000212983,Trifolium cherleri,Fabaceae,1,1,1,1,1,Trifolium cherleri,wfo-0000212983,Trifolium cherleri,Fabaceae,exact_unique,exact
Trifolium clusii,trifolium clusii,trifolium clusii,1,1,1,1,1,Trifolium clusii,wfo-0000212985,Trifolium clusii,Fabaceae,1,1,1,1,1,Trifolium clusii,wfo-0000212985,Trifolium clusii,Fabaceae,exact_unique,exact
Trifolium dalmaticum,trifolium dalmaticum,trifolium dalmaticum,1,1,1,1,1,Trifolium dalmaticum,wfo-0000213962,Trifolium dalmaticum,Fabaceae,1,1,1,1,1,Trifolium dalmaticum,wfo-0000213962,Trifolium dalmaticum,Fabaceae,exact_unique,exact
Trifolium dasyurum,trifolium dasyurum,trifolium dasyurum,1,1,1,1,1,Trifolium dasyurum,wfo-0000212991,Trifolium dasyurum,Fabaceae,1,1,1,1,1,Trifolium dasyurum,wfo-0000212991,Trifolium dasyurum,Fabaceae,exact_unique,exact
Trifolium dichroanthum,trifolium dichroanthum,trifolium dichroanthum,1,1,1,1,1,Trifolium dichroanthum,wfo-0000186260,Trifolium dichroanthum,Fabaceae,1,1,1,1,1,Trifolium dichroanthum,wfo-0000186260,Trifolium dichroanthum,Fabaceae,exact_unique,exact
Trifolium echinatum,trifolium echinatum,trifolium echinatum,1,1,1,1,1,Trifolium echinatum,wfo-0000212996,Trifolium echinatum,Fabaceae,1,1,1,1,1,Trifolium echinatum,wfo-0000212996,Trifolium echinatum,Fabaceae,exact_unique,exact
Trifolium eriosphaerum,trifolium eriosphaerum,trifolium eriosphaerum,1,1,1,1,1,Trifolium eriosphaerum,wfo-0000186259,Trifolium eriosphaerum,Fabaceae,1,1,1,1,1,Trifolium eriosphaerum,wfo-0000186259,Trifolium eriosphaerum,Fabaceae,exact_unique,exact
Trifolium fragiferum,trifolium fragiferum,trifolium fragiferum,1,1,1,1,1,Trifolium fragiferum,wfo-0000213002,Trifolium fragiferum,Fabaceae,1,1,1,1,1,Trifolium fragiferum,wfo-0000213002,Trifolium fragiferum,Fabaceae,exact_unique,exact
Trifolium fucatum,trifolium fucatum,trifolium fucatum,1,1,1,1,1,Trifolium fucatum,wfo-0000174316,Trifolium fucatum,Fabaceae,1,1,1,1,1,Trifolium fucatum,wfo-0000174316,Trifolium fucatum,Fabaceae,exact_unique,exact
Trifolium glanduliferum,trifolium glanduliferum,trifolium glanduliferum,1,1,1,1,1,Trifolium glanduliferum,wfo-0000186256,Trifolium glanduliferum,Fabaceae,1,1,1,1,1,Trifolium glanduliferum,wfo-0000186256,Trifolium glanduliferum,Fabaceae,exact_unique,exact
Trifolium glomeratum,trifolium glomeratum,trifolium glomeratum,1,1,1,1,1,Trifolium glomeratum,wfo-0000213007,Trifolium glomeratum,Fabaceae,1,1,1,1,1,Trifolium glomeratum,wfo-0000213007,Trifolium glomeratum,Fabaceae,exact_unique,exact
Trifolium heldreichianum,trifolium heldreichianum,trifolium heldreichianum,1,1,1,1,1,Trifolium heldreichianum,wfo-0000213970,Trifolium heldreichianum,Fabaceae,1,1,1,1,1,Trifolium heldreichianum,wfo-0000213970,Trifolium heldreichianum,Fabaceae,exact_unique,exact
Trifolium hirtum,trifolium hirtum,trifolium hirtum,1,1,1,1,1,Trifolium hirtum,wfo-0000213008,Trifolium hirtum,Fabaceae,1,1,1,1,1,Trifolium hirtum,wfo-0000213008,Trifolium hirtum,Fabaceae,exact_unique,exact
Trifolium isthmocarpum,trifolium isthmocarpum,trifolium isthmocarpum,1,1,1,1,1,Trifolium isthmocarpum,wfo-0000213016,Trifolium isthmocarpum,Fabaceae,2,2,1,1,1,Trifolium isthmocarpum | Trifolium isthmocarpum prol. jaminianum,wfo-0000213016,Trifolium isthmocarpum,Fabaceae,exact_unique,exact
Trifolium lappaceum,trifolium lappaceum,trifolium lappaceum,1,1,1,1,1,Trifolium lappaceum,wfo-0000213022,Trifolium lappaceum,Fabaceae,1,1,1,1,1,Trifolium lappaceum,wfo-0000213022,Trifolium lappaceum,Fabaceae,exact_unique,exact
Trifolium ligusticum,trifolium ligusticum,trifolium ligusticum,1,1,1,1,1,Trifolium ligusticum,wfo-0000213024,Trifolium ligusticum,Fabaceae,1,1,1,1,1,Trifolium ligusticum,wfo-0000213024,Trifolium ligusticum,Fabaceae,exact_unique,exact
Trifolium masaiense,trifolium masaiense,trifolium masaiense,1,1,1,1,1,Trifolium masaiense,wfo-0000213027,Trifolium masaiense,Fabaceae,1,1,1,1,1,Trifolium masaiense,wfo-0000213027,Trifolium masaiense,Fabaceae,exact_unique,exact
Trifolium medium,trifolium medium,trifolium medium,1,1,1,1,1,Trifolium medium,wfo-0000213979,Trifolium medium,Fabaceae,1,1,1,1,1,Trifolium medium,wfo-0000213979,Trifolium medium,Fabaceae,exact_unique,exact
Trifolium michelianum,trifolium michelianum,trifolium michelianum,1,1,1,1,1,Trifolium michelianum,wfo-0000213029,Trifolium michelianum,Fabaceae,1,1,1,1,1,Trifolium michelianum,wfo-0000213029,Trifolium michelianum,Fabaceae,exact_unique,exact
Trifolium miegeanum,trifolium miegeanum,trifolium miegeanum,1,1,1,1,1,Trifolium miegeanum,wfo-0000213030,Trifolium miegeanum,Fabaceae,1,1,1,1,1,Trifolium miegeanum,wfo-0000213030,Trifolium miegeanum,Fabaceae,exact_unique,exact
Trifolium mutabile,trifolium mutabile,trifolium mutabile,1,1,1,1,1,Trifolium mutabile,wfo-0001055202,Trifolium mutabile,Fabaceae,1,1,1,1,1,Trifolium mutabile,wfo-0001055202,Trifolium mutabile,Fabaceae,exact_unique,exact
Trifolium nigrescens,trifolium nigrescens,trifolium nigrescens,1,1,1,1,1,Trifolium nigrescens,wfo-0000213035,Trifolium nigrescens,Fabaceae,1,1,1,1,1,Trifolium nigrescens,wfo-0000213035,Trifolium nigrescens,Fabaceae,exact_unique,exact
Trifolium noricum,trifolium noricum,trifolium noricum,1,1,1,1,1,Trifolium noricum,wfo-0000213986,Trifolium noricum,Fabaceae,1,1,1,1,1,Trifolium noricum,wfo-0000213986,Trifolium noricum,Fabaceae,exact_unique,exact
Trifolium obscurum,trifolium obscurum,trifolium obscurum,1,1,1,1,1,Trifolium obscurum,wfo-0000213036,Trifolium obscurum,Fabaceae,1,1,1,1,1,Trifolium obscurum,wfo-0000213036,Trifolium obscurum,Fabaceae,exact_unique,exact
Trifolium ochroleucon,trifolium ochroleucon,trifolium ochroleucon,1,1,1,1,1,Trifolium ochroleucon,wfo-0000213988,Trifolium ochroleucon,Fabaceae,3,3,3,3,1,Trifolium ochroleucon | Trifolium ochroleucon prol. pallidulum | Trifolium ochroleucon prol. roseum,wfo-0000193857 | wfo-0000213988 | wfo-0001425809,Trifolium ochroleucon | Trifolium ochroleucon subsp. ochroleucon | Trifolium ochroleucon subsp. roseum,Fabaceae,exact_unique,exact
Trifolium oliganthum,trifolium oliganthum,trifolium oliganthum,1,1,1,1,1,Trifolium oliganthum,wfo-0000174327,Trifolium oliganthum,Fabaceae,1,1,1,1,1,Trifolium oliganthum,wfo-0000174327,Trifolium oliganthum,Fabaceae,exact_unique,exact
Trifolium ornithopodioides,trifolium ornithopodioides,trifolium ornithopodioides,1,1,1,1,1,Trifolium ornithopodioides,wfo-0000213039,Trifolium ornithopodioides,Fabaceae,1,1,1,1,1,Trifolium ornithopodioides,wfo-0000213039,Trifolium ornithopodioides,Fabaceae,exact_unique,exact
Trifolium palaestinum,trifolium palaestinum,trifolium palaestinum,1,1,1,1,1,Trifolium palaestinum,wfo-0000186258,Trifolium palaestinum,Fabaceae,1,1,1,1,1,Trifolium palaestinum,wfo-0000186258,Trifolium palaestinum,Fabaceae,exact_unique,exact
Trifolium pallescens,trifolium pallescens,trifolium pallescens,1,1,1,1,1,Trifolium pallescens,wfo-0000213990,Trifolium pallescens,Fabaceae,1,1,1,1,1,Trifolium pallescens,wfo-0000213990,Trifolium pallescens,Fabaceae,exact_unique,exact
Trifolium pannonicum,trifolium pannonicum,trifolium pannonicum,1,1,1,1,1,Trifolium pannonicum,wfo-0000213992,Trifolium pannonicum,Fabaceae,1,1,1,1,1,Trifolium pannonicum,wfo-0000213992,Trifolium pannonicum,Fabaceae,exact_unique,exact
Trifolium parryi,trifolium parryi,trifolium parryi,1,1,1,1,1,Trifolium parryi,wfo-0000174328,Trifolium parryi,Fabaceae,1,1,1,1,1,Trifolium parryi,wfo-0000174328,Trifolium parryi,Fabaceae,exact_unique,exact
Trifolium patulum,trifolium patulum,trifolium patulum,1,1,1,1,1,Trifolium patulum,wfo-0000213994,Trifolium patulum,Fabaceae,1,1,1,1,1,Trifolium patulum,wfo-0000213994,Trifolium patulum,Fabaceae,exact_unique,exact
Trifolium phleoides,trifolium phleoides,trifolium phleoides,1,1,1,1,1,Trifolium phleoides,wfo-0000213046,Trifolium phleoides,Fabaceae,1,1,1,1,1,Trifolium phleoides,wfo-0000213046,Trifolium phleoides,Fabaceae,exact_unique,exact
Trifolium physodes,trifolium physodes,trifolium physodes,1,1,1,1,1,Trifolium physodes,wfo-0000213048,Trifolium physodes,Fabaceae,1,1,1,1,1,Trifolium physodes,wfo-0000213048,Trifolium physodes,Fabaceae,exact_unique,exact
Trifolium pignantii,trifolium pignantii,trifolium pignantii,1,1,1,1,1,Trifolium pignantii,wfo-0000213996,Trifolium pignantii,Fabaceae,1,1,1,1,1,Trifolium pignantii,wfo-0000213996,Trifolium pignantii,Fabaceae,exact_unique,exact
Trifolium plebeium,trifolium plebeium,trifolium plebeium,1,1,1,1,1,Trifolium plebeium,wfo-0000186257,Trifolium plebeium,Fabaceae,1,1,1,1,1,Trifolium plebeium,wfo-0000186257,Trifolium plebeium,Fabaceae,exact_unique,exact
Trifolium pratense,trifolium pratense,trifolium pratense,1,1,1,1,1,Trifolium pratense,wfo-0000213053,Trifolium pratense,Fabaceae,8,8,2,2,1,Trifolium pratense | Trifolium pratense prol. borderei | Trifolium pratense prol. borderi | Trifolium pratense prol. brachyanthum | Trifolium pratense prol. bracteatum | Trifolium pratense prol. nivale | Trifolium pratense prol. sativum | Trifolium pratense unranked sativum,wfo-0000213053 | wfo-0001316393,Trifolium pratense | Trifolium pratense subsp. pratense,Fabaceae,exact_unique,exact
Trifolium repens,trifolium repens,trifolium repens,1,1,1,1,1,Trifolium repens,wfo-0000213062,Trifolium repens,Fabaceae,2,2,2,2,1,Trifolium repens | Trifolium repens prol. biasolettii,wfo-0000213062 | wfo-0000214203,Trifolium repens | Trifolium repens subsp. prostratum,Fabaceae,exact_unique,exact
Trifolium resupinatum,trifolium resupinatum,trifolium resupinatum,1,1,1,1,1,Trifolium resupinatum,wfo-0000213063,Trifolium resupinatum,Fabaceae,3,3,3,3,1,Trifolium resupinatum | Trifolium resupinatum prol. clusii | Trifolium resupinatum prol. suaveolens,wfo-0000212985 | wfo-0000213063 | wfo-1200001164,Trifolium clusii | Trifolium resupinatum | Trifolium resupinatum var. majus,Fabaceae,exact_unique,exact
Trifolium retusum,trifolium retusum,trifolium retusum,1,1,1,1,1,Trifolium retusum,wfo-0000213064,Trifolium retusum,Fabaceae,1,1,1,1,1,Trifolium retusum,wfo-0000213064,Trifolium retusum,Fabaceae,exact_unique,exact
Trifolium rueppellianum,trifolium rueppellianum,trifolium rueppellianum,1,1,1,1,1,Trifolium rueppellianum,wfo-0000213066,Trifolium rueppellianum,Fabaceae,1,1,1,1,1,Trifolium rueppellianum,wfo-0000213066,Trifolium rueppellianum,Fabaceae,exact_unique,exact
Trifolium salmoneum,trifolium salmoneum,trifolium salmoneum,1,1,1,1,1,Trifolium salmoneum,wfo-0000186261,Trifolium salmoneum,Fabaceae,1,1,1,1,1,Trifolium salmoneum,wfo-0000186261,Trifolium salmoneum,Fabaceae,exact_unique,exact
Trifolium saxatile,trifolium saxatile,trifolium saxatile,1,1,1,1,1,Trifolium saxatile,wfo-0000214003,Trifolium saxatile,Fabaceae,1,1,1,1,1,Trifolium saxatile,wfo-0000214003,Trifolium saxatile,Fabaceae,exact_unique,exact
Trifolium scabrum,trifolium scabrum,trifolium scabrum,1,1,1,1,1,Trifolium scabrum,wfo-0000213071,Trifolium scabrum,Fabaceae,1,1,1,1,1,Trifolium scabrum,wfo-0000213071,Trifolium scabrum,Fabaceae,exact_unique,exact
Trifolium semipilosum,trifolium semipilosum,trifolium semipilosum,1,1,1,1,1,Trifolium semipilosum,wfo-0000213074,Trifolium semipilosum,Fabaceae,1,1,1,1,1,Trifolium semipilosum,wfo-0000213074,Trifolium semipilosum,Fabaceae,exact_unique,exact
Trifolium spumosum,trifolium spumosum,trifolium spumosum,1,1,1,1,1,Trifolium spumosum,wfo-0000213081,Trifolium spumosum,Fabaceae,1,1,1,1,1,Trifolium spumosum,wfo-0000213081,Trifolium spumosum,Fabaceae,exact_unique,exact
Trifolium squamosum,trifolium squamosum,trifolium squamosum,1,1,1,1,1,Trifolium squamosum,wfo-0000213082,Trifolium squamosum,Fabaceae,1,1,1,1,1,Trifolium squamosum,wfo-0000213082,Trifolium squamosum,Fabaceae,exact_unique,exact
Trifolium stellatum,trifolium stellatum,trifolium stellatum,1,1,1,1,1,Trifolium stellatum,wfo-0000213085,Trifolium stellatum,Fabaceae,1,1,1,1,1,Trifolium stellatum,wfo-0000213085,Trifolium stellatum,Fabaceae,exact_unique,exact
Trifolium striatum,trifolium striatum,trifolium striatum,1,1,1,1,1,Trifolium striatum,wfo-0000213091,Trifolium striatum,Fabaceae,1,1,1,1,1,Trifolium striatum,wfo-0000213091,Trifolium striatum,Fabaceae,exact_unique,exact
Trifolium subterraneum,trifolium subterraneum,trifolium subterraneum,1,1,1,1,1,Trifolium subterraneum,wfo-0000213094,Trifolium subterraneum,Fabaceae,1,1,1,1,1,Trifolium subterraneum,wfo-0000213094,Trifolium subterraneum,Fabaceae,exact_unique,exact
Trifolium suffocatum,trifolium suffocatum,trifolium suffocatum,1,1,1,1,1,Trifolium suffocatum,wfo-0000213096,Trifolium suffocatum,Fabaceae,1,1,1,1,1,Trifolium suffocatum,wfo-0000213096,Trifolium suffocatum,Fabaceae,exact_unique,exact
Trifolium sylvaticum,trifolium sylvaticum,trifolium sylvaticum,1,1,1,1,1,Trifolium sylvaticum,wfo-0000214790,Trifolium sylvaticum,Fabaceae,1,1,1,1,1,Trifolium sylvaticum,wfo-0000214790,Trifolium sylvaticum,Fabaceae,exact_unique,exact
Trifolium tenuifolium,trifolium tenuifolium,trifolium tenuifolium,1,1,1,1,1,Trifolium tenuifolium,wfo-0000214009,Trifolium tenuifolium,Fabaceae,1,1,1,1,1,Trifolium tenuifolium,wfo-0000214009,Trifolium tenuifolium,Fabaceae,exact_unique,exact
Trifolium thalii,trifolium thalii,trifolium thalii,1,1,1,1,1,Trifolium thalii,wfo-0000213101,Trifolium thalii,Fabaceae,1,1,1,1,1,Trifolium thalii,wfo-0000213101,Trifolium thalii,Fabaceae,exact_unique,exact
Trifolium tomentosum,trifolium tomentosum,trifolium tomentosum,2,2,1,1,1,Trifolium tomentosum,wfo-0000213103,Trifolium tomentosum,Fabaceae,2,2,1,1,1,Trifolium tomentosum,wfo-0000213103,Trifolium tomentosum,Fabaceae,exact_unique,exact
Trifolium trichocephalum,trifolium trichocephalum,trifolium trichocephalum,1,1,1,1,1,Trifolium trichocephalum,wfo-0000186249,Trifolium trichocephalum,Fabaceae,1,1,1,1,1,Trifolium trichocephalum,wfo-0000186249,Trifolium trichocephalum,Fabaceae,exact_unique,exact
Trifolium tumens,trifolium tumens,trifolium tumens,1,1,1,1,1,Trifolium tumens,wfo-0000186250,Trifolium tumens,Fabaceae,1,1,1,1,1,Trifolium tumens,wfo-0000186250,Trifolium tumens,Fabaceae,exact_unique,exact
Trifolium uniflorum,trifolium uniflorum,trifolium uniflorum,1,1,1,1,1,Trifolium uniflorum,wfo-0000213109,Trifolium uniflorum,Fabaceae,1,1,1,1,1,Trifolium uniflorum,wfo-0000213109,Trifolium uniflorum,Fabaceae,exact_unique,exact
Trifolium usambarense,trifolium usambarense,trifolium usambarense,1,1,1,1,1,Trifolium usambarense,wfo-0000213110,Trifolium usambarense,Fabaceae,1,1,1,1,1,Trifolium usambarense,wfo-0000213110,Trifolium usambarense,Fabaceae,exact_unique,exact
Trifolium vavilovii,trifolium vavilovii,trifolium vavilovii,1,1,1,1,1,Trifolium vavilovii,wfo-0000186266,Trifolium vavilovii,Fabaceae,1,1,1,1,1,Trifolium vavilovii,wfo-0000186266,Trifolium vavilovii,Fabaceae,exact_unique,exact
Trifolium vesiculosum,trifolium vesiculosum,trifolium vesiculosum,1,1,1,1,1,Trifolium vesiculosum,wfo-0000214014,Trifolium vesiculosum,Fabaceae,1,1,1,1,1,Trifolium vesiculosum,wfo-0000214014,Trifolium vesiculosum,Fabaceae,exact_unique,exact
Trifolium willdenovii,trifolium willdenovii,trifolium willdenovii,1,1,1,1,1,Trifolium willdenovii,wfo-0000185272,Trifolium willdenovii,Fabaceae,1,1,1,1,1,Trifolium willdenovii,wfo-0000185272,Trifolium willdenovii,Fabaceae,exact_unique,exact
Trifolium wormskioldii,trifolium wormskioldii,trifolium wormskioldii,1,1,1,1,1,Trifolium wormskioldii,wfo-0000182219,Trifolium wormskioldii,Fabaceae,1,1,1,1,1,Trifolium wormskioldii,wfo-0000182219,Trifolium wormskioldii,Fabaceae,exact_unique,exact
Trigonella arabica,trigonella arabica,trigonella arabica,1,1,1,1,1,Trigonella arabica,wfo-0000212936,Trigonella arabica,Fabaceae,1,1,1,1,1,Trigonella arabica,wfo-0000212936,Trigonella arabica,Fabaceae,exact_unique,exact
Trigonella corniculata,trigonella corniculata,trigonella corniculata,2,2,1,1,1,Trigonella corniculata,wfo-0000214018,Trigonella balansae,Fabaceae,3,3,2,2,1,Trigonella corniculata | Trigonella corniculata prol. elatior,wfo-0000212940 | wfo-0000214018,Trigonella balansae | Trigonella esculenta,Fabaceae,exact_unique,exact
Trigonella cylindracea,trigonella cylindracea,trigonella cylindracea,1,1,1,1,1,Trigonella cylindracea,wfo-0000188818,Trigonella cylindracea,Fabaceae,1,1,1,1,1,Trigonella cylindracea,wfo-0000188818,Trigonella cylindracea,Fabaceae,exact_unique,exact
Trigonella foenum-graecum,trigonella foenum-graecum,trigonella foenum-graecum,1,1,1,1,1,Trigonella foenum-graecum,wfo-0000212944,Trigonella foenum-graecum,Fabaceae,2,2,2,2,1,Trigonella foenum-graecum | Trigonella foenum-graecum unranked gladiata,wfo-0000212944 | wfo-0000212945,Trigonella foenum-graecum | Trigonella gladiata,Fabaceae,exact_unique,exact
Trigonella glabra,trigonella glabra,trigonella glabra,1,1,1,1,1,Trigonella glabra,wfo-0000185439,Trigonella glabra,Fabaceae,1,1,1,1,1,Trigonella glabra,wfo-0000185439,Trigonella glabra,Fabaceae,exact_unique,exact
Trigonella laciniata,trigonella laciniata,trigonella laciniata,2,2,1,1,1,Trigonella laciniata,wfo-0000212946,Trigonella laciniata,Fabaceae,2,2,1,1,1,Trigonella laciniata,wfo-0000212946,Trigonella laciniata,Fabaceae,exact_unique,exact
Trigonella maritima,trigonella maritima,trigonella maritima,2,2,1,1,1,Trigonella maritima,wfo-0000212947,Trigonella maritima,Fabaceae,2,2,1,1,1,Trigonella maritima,wfo-0000212947,Trigonella maritima,Fabaceae,exact_unique,exact
Trigonella spicata,trigonella spicata,trigonella spicata,1,1,1,1,1,Trigonella spicata,wfo-0000185449,Trigonella spicata,Fabaceae,1,1,1,1,1,Trigonella spicata,wfo-0000185449,Trigonella spicata,Fabaceae,exact_unique,exact
Trigonella stellata,trigonella stellata,trigonella stellata,1,1,1,1,1,Trigonella stellata,wfo-0000212955,Trigonella stellata,Fabaceae,1,1,1,1,1,Trigonella stellata,wfo-0000212955,Trigonella stellata,Fabaceae,exact_unique,exact
Trigonostemon reidioides,trigonostemon reidioides,trigonostemon reidioides,1,1,1,1,1,Trigonostemon reidioides,wfo-0000328357,Trigonostemon reidioides,Euphorbiaceae,1,1,1,1,1,Trigonostemon reidioides,wfo-0000328357,Trigonostemon reidioides,Euphorbiaceae,exact_unique,exact
Tripterospermum chinense,tripterospermum chinense,tripterospermum chinense,1,1,1,1,1,Tripterospermum chinense,wfo-0001063738,Tripterospermum chinense,Gentianaceae,1,1,1,1,1,Tripterospermum chinense,wfo-0001063738,Tripterospermum chinense,Gentianaceae,exact_unique,exact
Tripterygium wilfordii,tripterygium wilfordii,tripterygium wilfordii,1,1,1,1,1,Tripterygium wilfordii,wfo-0001257492,Tripterygium wilfordii,Celastraceae,1,1,1,1,1,Tripterygium wilfordii,wfo-0001257492,Tripterygium wilfordii,Celastraceae,exact_unique,exact
Triticum aestivum,triticum aestivum,triticum aestivum,1,1,1,1,1,Triticum aestivum,wfo-0000905667,Triticum aestivum,Poaceae,2,2,2,2,1,Triticum aestivum | Triticum aestivum prol. compactum,wfo-0000905667 | wfo-0001096302,Triticum aestivum | Triticum aestivum subsp. compactum,Poaceae,exact_unique,exact
Trixis vauthieri,trixis vauthieri,trixis vauthieri,1,1,1,1,1,Trixis vauthieri,wfo-0000133258,Trixis vauthieri,Asteraceae,1,1,1,1,1,Trixis vauthieri,wfo-0000133258,Trixis vauthieri,Asteraceae,exact_unique,exact
Tsuga chinensis,tsuga chinensis,tsuga chinensis,1,1,1,1,1,Tsuga chinensis,wfo-0000456399,Tsuga chinensis,Pinaceae,1,1,1,1,1,Tsuga chinensis,wfo-0000456399,Tsuga chinensis,Pinaceae,exact_unique,exact
Tsuga diversifolia,tsuga diversifolia,tsuga diversifolia,1,1,1,1,1,Tsuga diversifolia,wfo-0000456388,Tsuga diversifolia,Pinaceae,1,1,1,1,1,Tsuga diversifolia,wfo-0000456388,Tsuga diversifolia,Pinaceae,exact_unique,exact
Turnera diffusa,turnera diffusa,turnera diffusa,1,1,1,1,1,Turnera diffusa,wfo-0001143048,Turnera diffusa,Passifloraceae,1,1,1,1,1,Turnera diffusa,wfo-0001143048,Turnera diffusa,Passifloraceae,exact_unique,exact
Typha capensis,typha capensis,typha capensis,1,1,1,1,1,Typha capensis,wfo-0000594832,Typha capensis,Typhaceae,1,1,1,1,1,Typha capensis,wfo-0000594832,Typha capensis,Typhaceae,exact_unique,exact
Typha latifolia,typha latifolia,typha latifolia,1,1,1,1,1,Typha latifolia,wfo-0000595260,Typha latifolia,Typhaceae,1,1,1,1,1,Typha latifolia,wfo-0000595260,Typha latifolia,Typhaceae,exact_unique,exact
Ulex airensis,ulex airensis,ulex airensis,1,1,1,1,1,Ulex airensis,wfo-0001359577,Ulex parviflorus subsp. airensis,Fabaceae,1,1,1,1,1,Ulex airensis,wfo-0001359577,Ulex parviflorus subsp. airensis,Fabaceae,exact_unique,exact
Ulex europaeus,ulex europaeus,ulex europaeus,1,1,1,1,1,Ulex europaeus,wfo-0000213410,Ulex europaeus,Fabaceae,6,6,4,4,1,Ulex europaeus | Ulex europaeus prol. gallii | Ulex europaeus prol. lagrezii | Ulex europaeus prol. nanus | Ulex europaeus prol. richteri,wfo-0000213410 | wfo-0000214035 | wfo-0000214037 | wfo-1200096336,Ulex europaeus | Ulex gallii | Ulex gallii subsp. gallii | Ulex minor,Fabaceae,exact_unique,exact
Ulex minor,ulex minor,ulex minor,1,1,1,1,1,Ulex minor,wfo-0000214037,Ulex minor,Fabaceae,1,1,1,1,1,Ulex minor,wfo-0000214037,Ulex minor,Fabaceae,exact_unique,exact
Ulex parviflorus,ulex parviflorus,ulex parviflorus,1,1,1,1,1,Ulex parviflorus,wfo-0000213411,Ulex parviflorus,Fabaceae,2,2,2,2,1,Ulex parviflorus | Ulex parviflorus prol. welwitschianus,wfo-0000213411 | wfo-0001366858,Ulex australis subsp. welwitschianus | Ulex parviflorus,Fabaceae,exact_unique,exact
Ulmus davidiana,ulmus davidiana,ulmus davidiana,1,1,1,1,1,Ulmus davidiana,wfo-0001143139,Ulmus davidiana,Ulmaceae,1,1,1,1,1,Ulmus davidiana,wfo-0001143139,Ulmus davidiana,Ulmaceae,exact_unique,exact
Ulmus laevis,ulmus laevis,ulmus laevis,1,1,1,1,1,Ulmus laevis,wfo-0000416715,Ulmus laevis,Ulmaceae,1,1,1,1,1,Ulmus laevis,wfo-0000416715,Ulmus laevis,Ulmaceae,exact_unique,exact
Ulmus wallichiana,ulmus wallichiana,ulmus wallichiana,1,1,1,1,1,Ulmus wallichiana,wfo-0001284765,Ulmus wallichiana,Ulmaceae,1,1,1,1,1,Ulmus wallichiana,wfo-0001284765,Ulmus wallichiana,Ulmaceae,exact_unique,exact
Uncaria elliptica,uncaria elliptica,uncaria elliptica,1,1,1,1,1,Uncaria elliptica,wfo-0000329223,Uncaria elliptica,Rubiaceae,1,1,1,1,1,Uncaria elliptica,wfo-0000329223,Uncaria elliptica,Rubiaceae,exact_unique,exact
Uncaria gambir,uncaria gambir,uncaria gambir,1,1,1,1,1,Uncaria gambir,wfo-0000329239,Uncaria gambir,Rubiaceae,1,1,1,1,1,Uncaria gambir,wfo-0000329239,Uncaria gambir,Rubiaceae,exact_unique,exact
Uncaria guianensis,uncaria guianensis,uncaria guianensis,1,1,1,1,1,Uncaria guianensis,wfo-0000329248,Uncaria guianensis,Rubiaceae,1,1,1,1,1,Uncaria guianensis,wfo-0000329248,Uncaria guianensis,Rubiaceae,exact_unique,exact
Uncaria hirsuta,uncaria hirsuta,uncaria hirsuta,1,1,1,1,1,Uncaria hirsuta,wfo-0000329251,Uncaria hirsuta,Rubiaceae,1,1,1,1,1,Uncaria hirsuta,wfo-0000329251,Uncaria hirsuta,Rubiaceae,exact_unique,exact
Uncaria rhynchophylla,uncaria rhynchophylla,uncaria rhynchophylla,1,1,1,1,1,Uncaria rhynchophylla,wfo-0000329305,Uncaria rhynchophylla,Rubiaceae,1,1,1,1,1,Uncaria rhynchophylla,wfo-0000329305,Uncaria rhynchophylla,Rubiaceae,exact_unique,exact
Uncaria sinensis,uncaria sinensis,uncaria sinensis,1,1,1,1,1,Uncaria sinensis,wfo-0000329322,Uncaria sinensis,Rubiaceae,1,1,1,1,1,Uncaria sinensis,wfo-0000329322,Uncaria sinensis,Rubiaceae,exact_unique,exact
Uncaria tomentosa,uncaria tomentosa,uncaria tomentosa,1,1,1,1,1,Uncaria tomentosa,wfo-0000329329,Uncaria tomentosa,Rubiaceae,1,1,1,1,1,Uncaria tomentosa,wfo-0000329329,Uncaria tomentosa,Rubiaceae,exact_unique,exact
Urceola laevigata,urceola laevigata,urceola laevigata,1,1,1,1,1,Urceola laevigata,wfo-0001425303,Urceola laevigata,Apocynaceae,1,1,1,1,1,Urceola laevigata,wfo-0001425303,Urceola laevigata,Apocynaceae,exact_unique,exact
Urceola micrantha,urceola micrantha,urceola micrantha,1,1,1,1,1,Urceola micrantha,wfo-0000330495,Urceola micrantha,Apocynaceae,1,1,1,1,1,Urceola micrantha,wfo-0000330495,Urceola micrantha,Apocynaceae,exact_unique,exact
Uvaria,uvaria,uvaria,1,1,1,1,1,Uvaria,wfo-4000039910,Uvaria,Annonaceae,1,1,1,1,1,Uvaria,wfo-4000039910,Uvaria,Annonaceae,exact_unique,exact
Uvaria acuminata,uvaria acuminata,uvaria acuminata,1,1,1,1,1,Uvaria acuminata,wfo-0001065775,Uvaria acuminata,Annonaceae,1,1,1,1,1,Uvaria acuminata,wfo-0001065775,Uvaria acuminata,Annonaceae,exact_unique,exact
Uvaria afzelii,uvaria afzelii,uvaria afzelii,1,1,1,1,1,Uvaria afzelii,wfo-0001066514,Uvaria afzelii,Annonaceae,1,1,1,1,1,Uvaria afzelii,wfo-0001066514,Uvaria afzelii,Annonaceae,exact_unique,exact
Uvaria angolensis,uvaria angolensis,uvaria angolensis,1,1,1,1,1,Uvaria angolensis,wfo-0000415894,Uvaria angolensis,Annonaceae,1,1,1,1,1,Uvaria angolensis,wfo-0000415894,Uvaria angolensis,Annonaceae,exact_unique,exact
Uvaria chamae,uvaria chamae,uvaria chamae,1,1,1,1,1,Uvaria chamae,wfo-0000415872,Uvaria chamae,Annonaceae,1,1,1,1,1,Uvaria chamae,wfo-0000415872,Uvaria chamae,Annonaceae,exact_unique,exact
Uvaria cuneifolia,uvaria cuneifolia,uvaria cuneifolia,1,1,1,1,1,Uvaria cuneifolia,wfo-0000744957,Uvaria cuneifolia,Annonaceae,1,1,1,1,1,Uvaria cuneifolia,wfo-0000744957,Uvaria cuneifolia,Annonaceae,exact_unique,exact
Uvaria doeringii,uvaria doeringii,uvaria doeringii,1,1,1,1,1,Uvaria doeringii,wfo-0000415882,Uvaria doeringii,Annonaceae,1,1,1,1,1,Uvaria doeringii,wfo-0000415882,Uvaria doeringii,Annonaceae,exact_unique,exact
Uvaria dulcis,uvaria dulcis,uvaria dulcis,1,1,1,1,1,Uvaria dulcis,wfo-0001066093,Uvaria dulcis,Annonaceae,1,1,1,1,1,Uvaria dulcis,wfo-0001066093,Uvaria dulcis,Annonaceae,exact_unique,exact
Uvaria hamiltonii,uvaria hamiltonii,uvaria hamiltonii,1,1,1,1,1,Uvaria hamiltonii,wfo-0001066584,Uvaria hamiltonii,Annonaceae,1,1,1,1,1,Uvaria hamiltonii,wfo-0001066584,Uvaria hamiltonii,Annonaceae,exact_unique,exact
Uvaria kirkii,uvaria kirkii,uvaria kirkii,1,1,1,1,1,Uvaria kirkii,wfo-0001066196,Uvaria kirkii,Annonaceae,1,1,1,1,1,Uvaria kirkii,wfo-0001066196,Uvaria kirkii,Annonaceae,exact_unique,exact
Uvaria leptocladon,uvaria leptocladon,uvaria leptocladon,1,1,1,1,1,Uvaria leptocladon,wfo-0000416348,Uvaria leptocladon,Annonaceae,1,1,1,1,1,Uvaria leptocladon,wfo-0000416348,Uvaria leptocladon,Annonaceae,exact_unique,exact
Uvaria littoralis,uvaria littoralis,uvaria littoralis,1,1,1,1,1,Uvaria littoralis,wfo-0000416343,Uvaria littoralis,Annonaceae,1,1,1,1,1,Uvaria littoralis,wfo-0000416343,Uvaria littoralis,Annonaceae,exact_unique,exact
Uvaria lucida,uvaria lucida,uvaria lucida,1,1,1,1,1,Uvaria lucida,wfo-0001065910,Uvaria lucida,Annonaceae,1,1,1,1,1,Uvaria lucida,wfo-0001065910,Uvaria lucida,Annonaceae,exact_unique,exact
Uvaria macrophylla,uvaria macrophylla,uvaria macrophylla,1,1,1,1,1,Uvaria macrophylla,wfo-0000416343,Uvaria littoralis,Annonaceae,1,1,1,1,1,Uvaria macrophylla,wfo-0000416343,Uvaria littoralis,Annonaceae,exact_unique,exact
Uvaria mocoli,uvaria mocoli,uvaria mocoli,1,1,1,1,1,Uvaria mocoli,wfo-0000416421,Uvaria mocoli,Annonaceae,1,1,1,1,1,Uvaria mocoli,wfo-0000416421,Uvaria mocoli,Annonaceae,exact_unique,exact
Uvaria puguensis,uvaria puguensis,uvaria puguensis,1,1,1,1,1,Uvaria puguensis,wfo-0001244885,Uvaria puguensis,Annonaceae,1,1,1,1,1,Uvaria puguensis,wfo-0001244885,Uvaria puguensis,Annonaceae,exact_unique,exact
Uvaria scheffleri,uvaria scheffleri,uvaria scheffleri,1,1,1,1,1,Uvaria scheffleri,wfo-0001066238,Uvaria scheffleri,Annonaceae,1,1,1,1,1,Uvaria scheffleri,wfo-0001066238,Uvaria scheffleri,Annonaceae,exact_unique,exact
Uvaria tanzaniae,uvaria tanzaniae,uvaria tanzaniae,1,1,1,1,1,Uvaria tanzaniae,wfo-0001066167,Uvaria tanzaniae,Annonaceae,1,1,1,1,1,Uvaria tanzaniae,wfo-0001066167,Uvaria tanzaniae,Annonaceae,exact_unique,exact
Uvaria welwitschii,uvaria welwitschii,uvaria welwitschii,1,1,1,1,1,Uvaria welwitschii,wfo-0000416184,Uvaria welwitschii,Annonaceae,1,1,1,1,1,Uvaria welwitschii,wfo-0000416184,Uvaria welwitschii,Annonaceae,exact_unique,exact
Uvariastrum dependens,uvariastrum dependens,uvariastrum dependens,1,1,1,1,1,Uvariastrum dependens,wfo-0001066243,Uvaria dependens,Annonaceae,1,1,1,1,1,Uvariastrum dependens,wfo-0001066243,Uvaria dependens,Annonaceae,exact_unique,exact
Vaccinium arboreum,vaccinium arboreum,vaccinium arboreum,1,1,1,1,1,Vaccinium arboreum,wfo-0001047661,Vaccinium arboreum,Ericaceae,1,1,1,1,1,Vaccinium arboreum,wfo-0001047661,Vaccinium arboreum,Ericaceae,exact_unique,exact
Vaccinium corymbosum,vaccinium corymbosum,vaccinium corymbosum,1,1,1,1,1,Vaccinium corymbosum,wfo-0000422953,Vaccinium corymbosum,Ericaceae,1,1,1,1,1,Vaccinium corymbosum,wfo-0000422953,Vaccinium corymbosum,Ericaceae,exact_unique,exact
Vaccinium japonicum,vaccinium japonicum,vaccinium japonicum,1,1,1,1,1,Vaccinium japonicum,wfo-0001048558,Vaccinium japonicum,Ericaceae,1,1,1,1,1,Vaccinium japonicum,wfo-0001048558,Vaccinium japonicum,Ericaceae,exact_unique,exact
Vaccinium macrocarpon,vaccinium macrocarpon,vaccinium macrocarpon,1,1,1,1,1,Vaccinium macrocarpon,wfo-0000422267,Vaccinium macrocarpon,Ericaceae,1,1,1,1,1,Vaccinium macrocarpon,wfo-0000422267,Vaccinium macrocarpon,Ericaceae,exact_unique,exact
Vaccinium myrtillus,vaccinium myrtillus,vaccinium myrtillus,1,1,1,1,1,Vaccinium myrtillus,wfo-0000422209,Vaccinium myrtillus,Ericaceae,1,1,1,1,1,Vaccinium myrtillus,wfo-0000422209,Vaccinium myrtillus,Ericaceae,exact_unique,exact
Vaccinium oxycoccos,vaccinium oxycoccos,vaccinium oxycoccos,1,1,1,1,1,Vaccinium oxycoccos,wfo-0000421932,Vaccinium oxycoccos,Ericaceae,1,1,1,1,1,Vaccinium oxycoccos,wfo-0000421932,Vaccinium oxycoccos,Ericaceae,exact_unique,exact
Vaccinium reticulatum,vaccinium reticulatum,vaccinium reticulatum,1,1,1,1,1,Vaccinium reticulatum,wfo-0000422034,Vaccinium reticulatum,Ericaceae,1,1,1,1,1,Vaccinium reticulatum,wfo-0000422034,Vaccinium reticulatum,Ericaceae,exact_unique,exact
Vaccinium uliginosum,vaccinium uliginosum,vaccinium uliginosum,1,1,1,1,1,Vaccinium uliginosum,wfo-0000422453,Vaccinium uliginosum,Ericaceae,2,2,2,2,1,Vaccinium uliginosum | Vaccinium uliginosum unranked microphyllum,wfo-0000422453 | wfo-0001046872,Vaccinium uliginosum | Vaccinium uliginosum subsp. uliginosum,Ericaceae,exact_unique,exact
Vaccinium virgatum,vaccinium virgatum,vaccinium virgatum,1,1,1,1,1,Vaccinium virgatum,wfo-0000422953,Vaccinium corymbosum,Ericaceae,1,1,1,1,1,Vaccinium virgatum,wfo-0000422953,Vaccinium corymbosum,Ericaceae,exact_unique,exact
Vaccinium vitis-idaea,vaccinium vitis-idaea,vaccinium vitis-idaea,1,1,1,1,1,Vaccinium vitis-idaea,wfo-0000421966,Vaccinium vitis-idaea,Ericaceae,1,1,1,1,1,Vaccinium vitis-idaea,wfo-0000421966,Vaccinium vitis-idaea,Ericaceae,exact_unique,exact
Vachellia constricta,vachellia constricta,vachellia constricta,1,1,1,1,1,Vachellia constricta,wfo-0001277423,Vachellia constricta,Fabaceae,1,1,1,1,1,Vachellia constricta,wfo-0001277423,Vachellia constricta,Fabaceae,exact_unique,exact
Vachellia erioloba,vachellia erioloba,vachellia erioloba,1,1,1,1,1,Vachellia erioloba,wfo-0001284774,Vachellia erioloba,Fabaceae,1,1,1,1,1,Vachellia erioloba,wfo-0001284774,Vachellia erioloba,Fabaceae,exact_unique,exact
Vachellia farnesiana,vachellia farnesiana,vachellia farnesiana,1,1,1,1,1,Vachellia farnesiana,wfo-0000182273,Vachellia farnesiana,Fabaceae,1,1,1,1,1,Vachellia farnesiana,wfo-0000182273,Vachellia farnesiana,Fabaceae,exact_unique,exact
Vachellia gerrardii,vachellia gerrardii,vachellia gerrardii,1,1,1,1,1,Vachellia gerrardii,wfo-0001284775,Vachellia gerrardii,Fabaceae,1,1,1,1,1,Vachellia gerrardii,wfo-0001284775,Vachellia gerrardii,Fabaceae,exact_unique,exact
Vachellia karroo,vachellia karroo,vachellia karroo,1,1,1,1,1,Vachellia karroo,wfo-0000510579,Vachellia karroo,Fabaceae,1,1,1,1,1,Vachellia karroo,wfo-0000510579,Vachellia karroo,Fabaceae,exact_unique,exact
Vachellia luederitzii,vachellia luederitzii,vachellia luederitzii,1,1,1,1,1,Vachellia luederitzii,wfo-0001336861,Vachellia luederitzii,Fabaceae,1,1,1,1,1,Vachellia luederitzii,wfo-0001336861,Vachellia luederitzii,Fabaceae,exact_unique,exact
Vachellia nilotica,vachellia nilotica,vachellia nilotica,1,1,1,1,1,Vachellia nilotica,wfo-0001284776,Vachellia nilotica,Fabaceae,1,1,1,1,1,Vachellia nilotica,wfo-0001284776,Vachellia nilotica,Fabaceae,exact_unique,exact
Vachellia pennatula,vachellia pennatula,vachellia pennatula,1,1,1,1,1,Vachellia pennatula,wfo-0001277447,Vachellia pennatula,Fabaceae,1,1,1,1,1,Vachellia pennatula,wfo-0001277447,Vachellia pennatula,Fabaceae,exact_unique,exact
Vachellia seyal,vachellia seyal,vachellia seyal,1,1,1,1,1,Vachellia seyal,wfo-0001284777,Vachellia seyal,Fabaceae,1,1,1,1,1,Vachellia seyal,wfo-0001284777,Vachellia seyal,Fabaceae,exact_unique,exact
Vachellia tortilis,vachellia tortilis,vachellia tortilis,1,1,1,1,1,Vachellia tortilis,wfo-0001285358,Vachellia tortilis,Fabaceae,1,1,1,1,1,Vachellia tortilis,wfo-0001285358,Vachellia tortilis,Fabaceae,exact_unique,exact
Vachellia vernicosa,vachellia vernicosa,vachellia vernicosa,1,1,1,1,1,Vachellia vernicosa,wfo-0001277463,Vachellia vernicosa,Fabaceae,1,1,1,1,1,Vachellia vernicosa,wfo-0001277463,Vachellia vernicosa,Fabaceae,exact_unique,exact
Valeriana officinalis,valeriana officinalis,valeriana officinalis,1,1,1,1,1,Valeriana officinalis,wfo-0000426953,Valeriana officinalis,Caprifoliaceae,1,1,1,1,1,Valeriana officinalis,wfo-0000426953,Valeriana officinalis,Caprifoliaceae,exact_unique,exact
Vanda,vanda,vanda,1,1,1,1,1,Vanda,wfo-4000039987,Vanda,Orchidaceae,1,1,1,1,1,Vanda,wfo-4000039987,Vanda,Orchidaceae,exact_unique,exact
Vantanea peruviana,vantanea peruviana,vantanea peruviana,1,1,1,1,1,Vantanea peruviana,wfo-0001065603,Vantanea peruviana,Humiriaceae,1,1,1,1,1,Vantanea peruviana,wfo-0001065603,Vantanea peruviana,Humiriaceae,exact_unique,exact
Vauquelinia,vauquelinia,vauquelinia,1,1,1,1,1,Vauquelinia,wfo-4000040072,Vauquelinia,Rosaceae,1,1,1,1,1,Vauquelinia,wfo-4000040072,Vauquelinia,Rosaceae,exact_unique,exact
Vauquelinia corymbosa,vauquelinia corymbosa,vauquelinia corymbosa,2,2,1,1,1,Vauquelinia corymbosa,wfo-0001015639,Vauquelinia corymbosa,Rosaceae,2,2,1,1,1,Vauquelinia corymbosa,wfo-0001015639,Vauquelinia corymbosa,Rosaceae,exact_unique,exact
Vellozia coronata,vellozia coronata,vellozia coronata,1,1,1,1,1,Vellozia coronata,wfo-0000751649,Vellozia coronata,Velloziaceae,1,1,1,1,1,Vellozia coronata,wfo-0000751649,Vellozia coronata,Velloziaceae,exact_unique,exact
Vellozia glabra,vellozia glabra,vellozia glabra,1,1,1,1,1,Vellozia glabra,wfo-0000751830,Vellozia glabra,Velloziaceae,1,1,1,1,1,Vellozia glabra,wfo-0000751830,Vellozia glabra,Velloziaceae,exact_unique,exact
Vellozia nanuzae,vellozia nanuzae,vellozia nanuzae,1,1,1,1,1,Vellozia nanuzae,wfo-0000751537,Vellozia nanuzae,Velloziaceae,1,1,1,1,1,Vellozia nanuzae,wfo-0000751537,Vellozia nanuzae,Velloziaceae,exact_unique,exact
Ventilago leiocarpa,ventilago leiocarpa,ventilago leiocarpa,1,1,1,1,1,Ventilago leiocarpa,wfo-0000418340,Ventilago leiocarpa,Rhamnaceae,1,1,1,1,1,Ventilago leiocarpa,wfo-0000418340,Ventilago leiocarpa,Rhamnaceae,exact_unique,exact
Vepris nobilis,vepris nobilis,vepris nobilis,1,1,1,1,1,Vepris nobilis,wfo-0000420153,Vepris nobilis,Rutaceae,1,1,1,1,1,Vepris nobilis,wfo-0000420153,Vepris nobilis,Rutaceae,exact_unique,exact
Vepris uguenensis,vepris uguenensis,vepris uguenensis,1,1,1,1,1,Vepris uguenensis,wfo-0001133230,Vepris uguenensis,Rutaceae,1,1,1,1,1,Vepris uguenensis,wfo-0001133230,Vepris uguenensis,Rutaceae,exact_unique,exact
Veratrum taliense,veratrum taliense,veratrum taliense,1,1,1,1,1,Veratrum taliense,wfo-0000751777,Veratrum taliense,Melanthiaceae,1,1,1,1,1,Veratrum taliense,wfo-0000751777,Veratrum taliense,Melanthiaceae,exact_unique,exact
Verbascum phlomoides,verbascum phlomoides,verbascum phlomoides,1,1,1,1,1,Verbascum phlomoides,wfo-0000419193,Verbascum phlomoides,Scrophulariaceae,3,3,2,2,1,Verbascum phlomoides | Verbascum phlomoides prol. macranthum | Verbascum phlomoides prol. nemorosum,wfo-0000418920 | wfo-0000419193,Verbascum phlomoides | Verbascum simplex,Scrophulariaceae,exact_unique,exact
Verbena litoralis,verbena litoralis,verbena litoralis,1,1,1,1,1,Verbena litoralis,wfo-0000332038,Verbena litoralis,Verbenaceae,1,1,1,1,1,Verbena litoralis,wfo-0000332038,Verbena litoralis,Verbenaceae,exact_unique,exact
Vernonanthura divaricata,vernonanthura divaricata,vernonanthura divaricata,1,1,1,1,1,Vernonanthura divaricata,wfo-0000015796,Vernonanthura divaricata,Asteraceae,1,1,1,1,1,Vernonanthura divaricata,wfo-0000015796,Vernonanthura divaricata,Asteraceae,exact_unique,exact
Vernonia syringifolia,vernonia syringifolia,vernonia syringifolia,1,1,1,1,1,Vernonia syringifolia,wfo-0000040021,Vernonia syringifolia,Asteraceae,1,1,1,1,1,Vernonia syringifolia,wfo-0000040021,Vernonia syringifolia,Asteraceae,exact_unique,exact
Veronica cupressoides,veronica cupressoides,veronica cupressoides,1,1,1,1,1,Veronica cupressoides,wfo-0000419532,Veronica cupressoides,Plantaginaceae,1,1,1,1,1,Veronica cupressoides,wfo-0000419532,Veronica cupressoides,Plantaginaceae,exact_unique,exact
Viburnum cotinifolium,viburnum cotinifolium,viburnum cotinifolium,1,1,1,1,1,Viburnum cotinifolium,wfo-0001290604,Viburnum cotinifolium,Viburnaceae,1,1,1,1,1,Viburnum cotinifolium,wfo-0001290604,Viburnum cotinifolium,Viburnaceae,exact_unique,exact
Viburnum cylindricum,viburnum cylindricum,viburnum cylindricum,1,1,1,1,1,Viburnum cylindricum,wfo-0001290708,Viburnum cylindricum,Viburnaceae,1,1,1,1,1,Viburnum cylindricum,wfo-0001290708,Viburnum cylindricum,Viburnaceae,exact_unique,exact
Viburnum davidii,viburnum davidii,viburnum davidii,1,1,1,1,1,Viburnum davidii,wfo-0001291054,Viburnum davidii,Viburnaceae,1,1,1,1,1,Viburnum davidii,wfo-0001291054,Viburnum davidii,Viburnaceae,exact_unique,exact
Viburnum jucundum,viburnum jucundum,viburnum jucundum,1,1,1,1,1,Viburnum jucundum,wfo-0000421137,Viburnum jucundum,Viburnaceae,1,1,1,1,1,Viburnum jucundum,wfo-0000421137,Viburnum jucundum,Viburnaceae,exact_unique,exact
Viburnum lantanoides,viburnum lantanoides,viburnum lantanoides,1,1,1,1,1,Viburnum lantanoides,wfo-0001290678,Viburnum lantanoides,Viburnaceae,1,1,1,1,1,Viburnum lantanoides,wfo-0001290678,Viburnum lantanoides,Viburnaceae,exact_unique,exact
Viburnum opulus,viburnum opulus,viburnum opulus,1,1,1,1,1,Viburnum opulus,wfo-0000422807,Viburnum opulus,Viburnaceae,1,1,1,1,1,Viburnum opulus,wfo-0000422807,Viburnum opulus,Viburnaceae,exact_unique,exact
Viburnum rhytidophyllum,viburnum rhytidophyllum,viburnum rhytidophyllum,1,1,1,1,1,Viburnum rhytidophyllum,wfo-0001291022,Viburnum rhytidophyllum,Viburnaceae,1,1,1,1,1,Viburnum rhytidophyllum,wfo-0001291022,Viburnum rhytidophyllum,Viburnaceae,exact_unique,exact
Vicia faba,vicia faba,vicia faba,1,1,1,1,1,Vicia faba,wfo-0000212739,Vicia faba,Fabaceae,1,1,1,1,1,Vicia faba,wfo-0000212739,Vicia faba,Fabaceae,exact_unique,exact
Vigna aconitifolia,vigna aconitifolia,vigna aconitifolia,1,1,1,1,1,Vigna aconitifolia,wfo-0000187831,Vigna aconitifolia,Fabaceae,1,1,1,1,1,Vigna aconitifolia,wfo-0000187831,Vigna aconitifolia,Fabaceae,exact_unique,exact
Vigna angularis,vigna angularis,vigna angularis,1,1,1,1,1,Vigna angularis,wfo-0000187878,Vigna angularis,Fabaceae,1,1,1,1,1,Vigna angularis,wfo-0000187878,Vigna angularis,Fabaceae,exact_unique,exact
Vigna mungo,vigna mungo,vigna mungo,1,1,1,1,1,Vigna mungo,wfo-0000188854,Vigna mungo,Fabaceae,1,1,1,1,1,Vigna mungo,wfo-0000188854,Vigna mungo,Fabaceae,exact_unique,exact
Vigna radiata,vigna radiata,vigna radiata,1,1,1,1,1,Vigna radiata,wfo-0000183493,Vigna radiata,Fabaceae,1,1,1,1,1,Vigna radiata,wfo-0000183493,Vigna radiata,Fabaceae,exact_unique,exact
Vigna subterranea,vigna subterranea,vigna subterranea,1,1,1,1,1,Vigna subterranea,wfo-0000189255,Vigna subterranea,Fabaceae,1,1,1,1,1,Vigna subterranea,wfo-0000189255,Vigna subterranea,Fabaceae,exact_unique,exact
Vigna trilobata,vigna trilobata,vigna trilobata,1,1,1,1,1,Vigna trilobata,wfo-0000189289,Vigna trilobata,Fabaceae,1,1,1,1,1,Vigna trilobata,wfo-0000189289,Vigna trilobata,Fabaceae,exact_unique,exact
Vigna umbellata,vigna umbellata,vigna umbellata,1,1,1,1,1,Vigna umbellata,wfo-0000189344,Vigna umbellata,Fabaceae,1,1,1,1,1,Vigna umbellata,wfo-0000189344,Vigna umbellata,Fabaceae,exact_unique,exact
Vigna unguiculata,vigna unguiculata,vigna unguiculata,1,1,1,1,1,Vigna unguiculata,wfo-0000189386,Vigna unguiculata,Fabaceae,1,1,1,1,1,Vigna unguiculata,wfo-0000189386,Vigna unguiculata,Fabaceae,exact_unique,exact
Viguiera,viguiera,viguiera,1,1,1,1,1,Viguiera,wfo-4000040269,Viguiera,Asteraceae,1,1,1,1,1,Viguiera,wfo-4000040269,Viguiera,Asteraceae,exact_unique,exact
Viguiera deltoidea,viguiera deltoidea,viguiera deltoidea,1,1,1,1,1,Viguiera deltoidea,wfo-0000034298,Viguiera deltoidea,Asteraceae,1,1,1,1,1,Viguiera deltoidea,wfo-0000034298,Viguiera deltoidea,Asteraceae,exact_unique,exact
Viguiera dentata,viguiera dentata,viguiera dentata,1,1,1,1,1,Viguiera dentata,wfo-0000012918,Viguiera dentata,Asteraceae,1,1,1,1,1,Viguiera dentata,wfo-0000012918,Viguiera dentata,Asteraceae,exact_unique,exact
Viguiera greggii,viguiera greggii,viguiera greggii,1,1,1,1,1,Viguiera greggii,wfo-0000028519,Calanticaria greggii,Asteraceae,1,1,1,1,1,Viguiera greggii,wfo-0000028519,Calanticaria greggii,Asteraceae,exact_unique,exact
Viguiera microphylla,viguiera microphylla,viguiera microphylla,2,2,1,1,1,Viguiera microphylla,wfo-0001130768,Viguiera microphylla,Asteraceae,2,2,1,1,1,Viguiera microphylla,wfo-0001130768,Viguiera microphylla,Asteraceae,exact_unique,exact
Viola arvensis,viola arvensis,viola arvensis,1,1,1,1,1,Viola arvensis,wfo-0000426676,Viola arvensis,Violaceae,1,1,1,1,1,Viola arvensis,wfo-0000426676,Viola arvensis,Violaceae,exact_unique,exact
Viola hondoensis,viola hondoensis,viola hondoensis,1,1,1,1,1,Viola hondoensis,wfo-0001144906,Viola hondoensis,Violaceae,1,1,1,1,1,Viola hondoensis,wfo-0001144906,Viola hondoensis,Violaceae,exact_unique,exact
Virgilia,virgilia,virgilia,1,1,1,1,1,Virgilia,wfo-4000040327,Virgilia,Fabaceae,1,1,1,1,1,Virgilia,wfo-4000040327,Virgilia,Fabaceae,exact_unique,exact
Virgilia oroboides,virgilia oroboides,virgilia oroboides,1,1,1,1,1,Virgilia oroboides,wfo-0001056817,Virgilia oroboides,Fabaceae,1,1,1,1,1,Virgilia oroboides,wfo-0001056817,Virgilia oroboides,Fabaceae,exact_unique,exact
Virola caducifolia,virola caducifolia,virola caducifolia,1,1,1,1,1,Virola caducifolia,wfo-0001085216,Virola caducifolia,Myristicaceae,1,1,1,1,1,Virola caducifolia,wfo-0001085216,Virola caducifolia,Myristicaceae,exact_unique,exact
Virola elongata,virola elongata,virola elongata,1,1,1,1,1,Virola elongata,wfo-0000418544,Virola elongata,Myristicaceae,1,1,1,1,1,Virola elongata,wfo-0000418544,Virola elongata,Myristicaceae,exact_unique,exact
Virola surinamensis,virola surinamensis,virola surinamensis,1,1,1,1,1,Virola surinamensis,wfo-0000418479,Virola surinamensis,Myristicaceae,1,1,1,1,1,Virola surinamensis,wfo-0000418479,Virola surinamensis,Myristicaceae,exact_unique,exact
Viscum album,viscum album,viscum album,1,1,1,1,1,Viscum album,wfo-0000424722,Viscum album,Santalaceae,1,1,1,1,1,Viscum album,wfo-0000424722,Viscum album,Santalaceae,exact_unique,exact
Viscum angulatum,viscum angulatum,viscum angulatum,1,1,1,1,1,Viscum angulatum,wfo-0000424971,Viscum angulatum,Santalaceae,1,1,1,1,1,Viscum angulatum,wfo-0000424971,Viscum angulatum,Santalaceae,exact_unique,exact
Viscum articulatum,viscum articulatum,viscum articulatum,1,1,1,1,1,Viscum articulatum,wfo-0001259594,Viscum articulatum,Santalaceae,1,1,1,1,1,Viscum articulatum,wfo-0001259594,Viscum articulatum,Santalaceae,exact_unique,exact
Viscum coloratum,viscum coloratum,viscum coloratum,1,1,1,1,1,Viscum coloratum,wfo-0000425053,Viscum coloratum,Santalaceae,1,1,1,1,1,Viscum coloratum,wfo-0000425053,Viscum coloratum,Santalaceae,exact_unique,exact
Viscum rotundifolium,viscum rotundifolium,viscum rotundifolium,1,1,1,1,1,Viscum rotundifolium,wfo-0000424911,Viscum rotundifolium,Santalaceae,1,1,1,1,1,Viscum rotundifolium,wfo-0000424911,Viscum rotundifolium,Santalaceae,exact_unique,exact
Vismia baccifera,vismia baccifera,vismia baccifera,1,1,1,1,1,Vismia baccifera,wfo-0000422382,Vismia baccifera,Hypericaceae,1,1,1,1,1,Vismia baccifera,wfo-0000422382,Vismia baccifera,Hypericaceae,exact_unique,exact
Visnea mocanera,visnea mocanera,visnea mocanera,1,1,1,1,1,Visnea mocanera,wfo-0000425406,Visnea mocanera,Pentaphylacaceae,1,1,1,1,1,Visnea mocanera,wfo-0000425406,Visnea mocanera,Pentaphylacaceae,exact_unique,exact
Vitellaria paradoxa,vitellaria paradoxa,vitellaria paradoxa,1,1,1,1,1,Vitellaria paradoxa,wfo-0000332885,Vitellaria paradoxa,Sapotaceae,1,1,1,1,1,Vitellaria paradoxa,wfo-0000332885,Vitellaria paradoxa,Sapotaceae,exact_unique,exact
Vitex agnus-castus,vitex agnus-castus,vitex agnus-castus,1,1,1,1,1,Vitex agnus-castus,wfo-0000332916,Vitex agnus-castus,Lamiaceae,1,1,1,1,1,Vitex agnus-castus,wfo-0000332916,Vitex agnus-castus,Lamiaceae,exact_unique,exact
Vitex negundo,vitex negundo,vitex negundo,1,1,1,1,1,Vitex negundo,wfo-0000333303,Vitex negundo,Lamiaceae,1,1,1,1,1,Vitex negundo,wfo-0000333303,Vitex negundo,Lamiaceae,exact_unique,exact
Vitex polygama,vitex polygama,vitex polygama,1,1,1,1,1,Vitex polygama,wfo-0000333372,Vitex polygama,Lamiaceae,1,1,1,1,1,Vitex polygama,wfo-0000333372,Vitex polygama,Lamiaceae,exact_unique,exact
Vitex quinata,vitex quinata,vitex quinata,1,1,1,1,1,Vitex quinata,wfo-0000333392,Vitex quinata,Lamiaceae,1,1,1,1,1,Vitex quinata,wfo-0000333392,Vitex quinata,Lamiaceae,exact_unique,exact
Vitex rotundifolia,vitex rotundifolia,vitex rotundifolia,1,1,1,1,1,Vitex rotundifolia,wfo-0000333413,Vitex rotundifolia,Lamiaceae,1,1,1,1,1,Vitex rotundifolia,wfo-0000333413,Vitex rotundifolia,Lamiaceae,exact_unique,exact
Vitex trifolia,vitex trifolia,vitex trifolia,1,1,1,1,1,Vitex trifolia,wfo-0000333504,Vitex trifolia,Lamiaceae,1,1,1,1,1,Vitex trifolia,wfo-0000333504,Vitex trifolia,Lamiaceae,exact_unique,exact
Vitex tripinnata,vitex tripinnata,vitex tripinnata,1,1,1,1,1,Vitex tripinnata,wfo-0000333515,Vitex tripinnata,Lamiaceae,1,1,1,1,1,Vitex tripinnata,wfo-0000333515,Vitex tripinnata,Lamiaceae,exact_unique,exact
Vitis,vitis,vitis,1,1,1,1,1,Vitis,wfo-4000040377,Vitis,Vitaceae,1,1,1,1,1,Vitis,wfo-4000040377,Vitis,Vitaceae,exact_unique,exact
Vitis aestivalis,vitis aestivalis,vitis aestivalis,1,1,1,1,1,Vitis aestivalis,wfo-0000421544,Vitis aestivalis,Vitaceae,1,1,1,1,1,Vitis aestivalis,wfo-0000421544,Vitis aestivalis,Vitaceae,exact_unique,exact
Vitis amurensis,vitis amurensis,vitis amurensis,1,1,1,1,1,Vitis amurensis,wfo-0000421529,Vitis amurensis,Vitaceae,1,1,1,1,1,Vitis amurensis,wfo-0000421529,Vitis amurensis,Vitaceae,exact_unique,exact
Vitis piasezkii,vitis piasezkii,vitis piasezkii,1,1,1,1,1,Vitis piasezkii,wfo-0001145893,Vitis piasezkii,Vitaceae,1,1,1,1,1,Vitis piasezkii,wfo-0001145893,Vitis piasezkii,Vitaceae,exact_unique,exact
Vitis saccharifera,vitis saccharifera,vitis saccharifera,1,1,1,1,1,Vitis saccharifera,wfo-0000424419,Vitis saccharifera,Vitaceae,1,1,1,1,1,Vitis saccharifera,wfo-0000424419,Vitis saccharifera,Vitaceae,exact_unique,exact
Vitis vinifera,vitis vinifera,vitis vinifera,1,1,1,1,1,Vitis vinifera,wfo-0000421791,Vitis vinifera,Vitaceae,2,2,1,1,1,Vitis vinifera | Vitis vinifera unranked silvestris,wfo-0000421791,Vitis vinifera,Vitaceae,exact_unique,exact
Vochysia thyrsoidea,vochysia thyrsoidea,vochysia thyrsoidea,1,1,1,1,1,Vochysia thyrsoidea,wfo-0001257487,Vochysia thyrsoidea,Vochysiaceae,1,1,1,1,1,Vochysia thyrsoidea,wfo-0001257487,Vochysia thyrsoidea,Vochysiaceae,exact_unique,exact
Walsura pinnata,walsura pinnata,walsura pinnata,1,1,1,1,1,Walsura pinnata,wfo-0000418031,Walsura pinnata,Meliaceae,1,1,1,1,1,Walsura pinnata,wfo-0000418031,Walsura pinnata,Meliaceae,exact_unique,exact
Waltheria communis,waltheria communis,waltheria communis,1,1,1,1,1,Waltheria communis,wfo-0000427342,Waltheria communis,Malvaceae,1,1,1,1,1,Waltheria communis,wfo-0000427342,Waltheria communis,Malvaceae,exact_unique,exact
Waltheria indica,waltheria indica,waltheria indica,1,1,1,1,1,Waltheria indica,wfo-0000427365,Waltheria indica,Malvaceae,1,1,1,1,1,Waltheria indica,wfo-0000427365,Waltheria indica,Malvaceae,exact_unique,exact
Wedelia,wedelia,wedelia,1,1,1,1,1,Wedelia,wfo-4000040574,Wedelia,Asteraceae,1,1,1,1,1,Wedelia,wfo-4000040574,Wedelia,Asteraceae,exact_unique,exact
Wedelia acapulcensis,wedelia acapulcensis,wedelia acapulcensis,1,1,1,1,1,Wedelia acapulcensis,wfo-0000020537,Wedelia acapulcensis,Asteraceae,1,1,1,1,1,Wedelia acapulcensis,wfo-0000020537,Wedelia acapulcensis,Asteraceae,exact_unique,exact
Wedelia prostrata,wedelia prostrata,wedelia prostrata,1,1,1,1,1,Wedelia prostrata,wfo-0000128357,Wedelia prostrata,Asteraceae,1,1,1,1,1,Wedelia prostrata,wfo-0000128357,Wedelia prostrata,Asteraceae,exact_unique,exact
Werneria nubigena,werneria nubigena,werneria nubigena,1,1,1,1,1,Werneria nubigena,wfo-0000003642,Werneria nubigena,Asteraceae,1,1,1,1,1,Werneria nubigena,wfo-0000003642,Werneria nubigena,Asteraceae,exact_unique,exact
Wikstroemia glabra,wikstroemia glabra,wikstroemia glabra,1,1,1,1,1,Wikstroemia glabra,wfo-0001254584,Wikstroemia glabra,Thymelaeaceae,1,1,1,1,1,Wikstroemia glabra,wfo-0001254584,Wikstroemia glabra,Thymelaeaceae,exact_unique,exact
Wikstroemia indica,wikstroemia indica,wikstroemia indica,1,1,1,1,1,Wikstroemia indica,wfo-0001142540,Wikstroemia indica,Thymelaeaceae,1,1,1,1,1,Wikstroemia indica,wfo-0001142540,Wikstroemia indica,Thymelaeaceae,exact_unique,exact
Wikstroemia sikokiana,wikstroemia sikokiana,wikstroemia sikokiana,1,1,1,1,1,Wikstroemia sikokiana,wfo-0001283388,Wikstroemia sikokiana,Thymelaeaceae,1,1,1,1,1,Wikstroemia sikokiana,wfo-0001283388,Wikstroemia sikokiana,Thymelaeaceae,exact_unique,exact
Wisteria brachybotrys,wisteria brachybotrys,wisteria brachybotrys,2,2,1,1,1,Wisteria brachybotrys,wfo-0000185861,Wisteria brachybotrys,Fabaceae,2,2,1,1,1,Wisteria brachybotrys,wfo-0000185861,Wisteria brachybotrys,Fabaceae,exact_unique,exact
Wisteria floribunda,wisteria floribunda,wisteria floribunda,1,1,1,1,1,Wisteria floribunda,wfo-0000214069,Wisteria floribunda,Fabaceae,1,1,1,1,1,Wisteria floribunda,wfo-0000214069,Wisteria floribunda,Fabaceae,exact_unique,exact
Witsenia maura,witsenia maura,witsenia maura,1,1,1,1,1,Witsenia maura,wfo-0000787267,Witsenia maura,Iridaceae,1,1,1,1,1,Witsenia maura,wfo-0000787267,Witsenia maura,Iridaceae,exact_unique,exact
Woodsia scopulina,woodsia scopulina,woodsia scopulina,1,1,1,1,1,Woodsia scopulina,wfo-0001109466,Woodsia scopulina,Woodsiaceae,1,1,1,1,1,Woodsia scopulina,wfo-0001109466,Woodsia scopulina,Woodsiaceae,exact_unique,exact
Woodwardia orientalis,woodwardia orientalis,woodwardia orientalis,1,1,1,1,1,Woodwardia orientalis,wfo-0001107450,Woodwardia orientalis,Blechnaceae,1,1,1,1,1,Woodwardia orientalis,wfo-0001107450,Woodwardia orientalis,Blechnaceae,exact_unique,exact
Wyethia,wyethia,wyethia,1,1,1,1,1,Wyethia,wfo-4000040855,Wyethia,Asteraceae,1,1,1,1,1,Wyethia,wfo-4000040855,Wyethia,Asteraceae,exact_unique,exact
Wyethia angustifolia,wyethia angustifolia,wyethia angustifolia,1,1,1,1,1,Wyethia angustifolia,wfo-0000078294,Wyethia angustifolia,Asteraceae,1,1,1,1,1,Wyethia angustifolia,wfo-0000078294,Wyethia angustifolia,Asteraceae,exact_unique,exact
Wyethia elata,wyethia elata,wyethia elata,1,1,1,1,1,Wyethia elata,wfo-0000116271,Agnorhiza elata,Asteraceae,1,1,1,1,1,Wyethia elata,wfo-0000116271,Agnorhiza elata,Asteraceae,exact_unique,exact
Wyethia helenioides,wyethia helenioides,wyethia helenioides,1,1,1,1,1,Wyethia helenioides,wfo-0000073335,Wyethia helenioides,Asteraceae,1,1,1,1,1,Wyethia helenioides,wfo-0000073335,Wyethia helenioides,Asteraceae,exact_unique,exact
Wyethia mollis,wyethia mollis,wyethia mollis,1,1,1,1,1,Wyethia mollis,wfo-0000073168,Wyethia mollis,Asteraceae,1,1,1,1,1,Wyethia mollis,wfo-0000073168,Wyethia mollis,Asteraceae,exact_unique,exact
Wyethia ovata,wyethia ovata,wyethia ovata,2,2,1,1,1,Wyethia ovata,wfo-0000012463,Wyethia ovata,Asteraceae,2,2,1,1,1,Wyethia ovata,wfo-0000012463,Wyethia ovata,Asteraceae,exact_unique,exact
Xanthoceras sorbifolium,xanthoceras sorbifolium,xanthoceras sorbifolium,1,1,1,1,1,Xanthoceras sorbifolium,wfo-0001135169,Xanthoceras sorbifolium,Sapindaceae,1,1,1,1,1,Xanthoceras sorbifolium,wfo-0001135169,Xanthoceras sorbifolium,Sapindaceae,exact_unique,exact
Xanthocercis zambesiaca,xanthocercis zambesiaca,xanthocercis zambesiaca,1,1,1,1,1,Xanthocercis zambesiaca,wfo-0000212102,Xanthocercis zambesiaca,Fabaceae,1,1,1,1,1,Xanthocercis zambesiaca,wfo-0000212102,Xanthocercis zambesiaca,Fabaceae,exact_unique,exact
Xanthorrhoea arborea,xanthorrhoea arborea,xanthorrhoea arborea,1,1,1,1,1,Xanthorrhoea arborea,wfo-0000753904,Xanthorrhoea arborea,Asphodelaceae,1,1,1,1,1,Xanthorrhoea arborea,wfo-0000753904,Xanthorrhoea arborea,Asphodelaceae,exact_unique,exact
Xanthorrhoea australis,xanthorrhoea australis,xanthorrhoea australis,1,1,1,1,1,Xanthorrhoea australis,wfo-0000753903,Xanthorrhoea australis,Asphodelaceae,1,1,1,1,1,Xanthorrhoea australis,wfo-0000753903,Xanthorrhoea australis,Asphodelaceae,exact_unique,exact
Xanthorrhoea fulva,xanthorrhoea fulva,xanthorrhoea fulva,1,1,1,1,1,Xanthorrhoea fulva,wfo-0000751969,Xanthorrhoea fulva,Asphodelaceae,1,1,1,1,1,Xanthorrhoea fulva,wfo-0000751969,Xanthorrhoea fulva,Asphodelaceae,exact_unique,exact
Xanthorrhoea glauca,xanthorrhoea glauca,xanthorrhoea glauca,1,1,1,1,1,Xanthorrhoea glauca,wfo-0000751949,Xanthorrhoea glauca,Asphodelaceae,1,1,1,1,1,Xanthorrhoea glauca,wfo-0000751949,Xanthorrhoea glauca,Asphodelaceae,exact_unique,exact
Xanthorrhoea johnsonii,xanthorrhoea johnsonii,xanthorrhoea johnsonii,1,1,1,1,1,Xanthorrhoea johnsonii,wfo-0000751962,Xanthorrhoea johnsonii,Asphodelaceae,1,1,1,1,1,Xanthorrhoea johnsonii,wfo-0000751962,Xanthorrhoea johnsonii,Asphodelaceae,exact_unique,exact
Xanthorrhoea latifolia,xanthorrhoea latifolia,xanthorrhoea latifolia,1,1,1,1,1,Xanthorrhoea latifolia,wfo-0000751970,Xanthorrhoea latifolia,Asphodelaceae,1,1,1,1,1,Xanthorrhoea latifolia,wfo-0000751970,Xanthorrhoea latifolia,Asphodelaceae,exact_unique,exact
Xanthorrhoea resinosa,xanthorrhoea resinosa,xanthorrhoea resinosa,1,1,1,1,1,Xanthorrhoea resinosa,wfo-0000753886,Xanthorrhoea resinosa,Asphodelaceae,1,1,1,1,1,Xanthorrhoea resinosa,wfo-0000753886,Xanthorrhoea resinosa,Asphodelaceae,exact_unique,exact
Xerochrysum bracteatum,xerochrysum bracteatum,xerochrysum bracteatum,1,1,1,1,1,Xerochrysum bracteatum,wfo-0000023054,Xerochrysum bracteatum,Asteraceae,1,1,1,1,1,Xerochrysum bracteatum,wfo-0000023054,Xerochrysum bracteatum,Asteraceae,exact_unique,exact
Xerochrysum viscosum,xerochrysum viscosum,xerochrysum viscosum,1,1,1,1,1,Xerochrysum viscosum,wfo-0000138174,Xerochrysum viscosum,Asteraceae,1,1,1,1,1,Xerochrysum viscosum,wfo-0000138174,Xerochrysum viscosum,Asteraceae,exact_unique,exact
Xylocarpus granatum,xylocarpus granatum,xylocarpus granatum,1,1,1,1,1,Xylocarpus granatum,wfo-0000428249,Xylocarpus granatum,Meliaceae,1,1,1,1,1,Xylocarpus granatum,wfo-0000428249,Xylocarpus granatum,Meliaceae,exact_unique,exact
Xylopia vielana,xylopia vielana,xylopia vielana,1,1,1,1,1,Xylopia vielana,wfo-0000428653,Xylopia vielana,Annonaceae,1,1,1,1,1,Xylopia vielana,wfo-0000428653,Xylopia vielana,Annonaceae,exact_unique,exact
Yucca schidigera,yucca schidigera,yucca schidigera,1,1,1,1,1,Yucca schidigera,wfo-0000771250,Yucca schidigera,Asparagaceae,1,1,1,1,1,Yucca schidigera,wfo-0000771250,Yucca schidigera,Asparagaceae,exact_unique,exact
Zanthoxylum ailanthoides,zanthoxylum ailanthoides,zanthoxylum ailanthoides,1,1,1,1,1,Zanthoxylum ailanthoides,wfo-0001133276,Zanthoxylum ailanthoides,Rutaceae,1,1,1,1,1,Zanthoxylum ailanthoides,wfo-0001133276,Zanthoxylum ailanthoides,Rutaceae,exact_unique,exact
Zanthoxylum avicennae,zanthoxylum avicennae,zanthoxylum avicennae,1,1,1,1,1,Zanthoxylum avicennae,wfo-0001228466,Zanthoxylum avicennae,Rutaceae,1,1,1,1,1,Zanthoxylum avicennae,wfo-0001228466,Zanthoxylum avicennae,Rutaceae,exact_unique,exact
Zanthoxylum bungeanum,zanthoxylum bungeanum,zanthoxylum bungeanum,1,1,1,1,1,Zanthoxylum bungeanum,wfo-0000429522,Zanthoxylum bungeanum,Rutaceae,1,1,1,1,1,Zanthoxylum bungeanum,wfo-0000429522,Zanthoxylum bungeanum,Rutaceae,exact_unique,exact
Zanthoxylum dipetalum,zanthoxylum dipetalum,zanthoxylum dipetalum,1,1,1,1,1,Zanthoxylum dipetalum,wfo-0001132902,Zanthoxylum dipetalum,Rutaceae,1,1,1,1,1,Zanthoxylum dipetalum,wfo-0001132902,Zanthoxylum dipetalum,Rutaceae,exact_unique,exact
Zanthoxylum fagara,zanthoxylum fagara,zanthoxylum fagara,1,1,1,1,1,Zanthoxylum fagara,wfo-0000429502,Zanthoxylum fagara,Rutaceae,1,1,1,1,1,Zanthoxylum fagara,wfo-0000429502,Zanthoxylum fagara,Rutaceae,exact_unique,exact
Zanthoxylum fauriei,zanthoxylum fauriei,zanthoxylum fauriei,1,1,1,1,1,Zanthoxylum fauriei,wfo-0000429504,Zanthoxylum fauriei,Rutaceae,1,1,1,1,1,Zanthoxylum fauriei,wfo-0000429504,Zanthoxylum fauriei,Rutaceae,exact_unique,exact
Zanthoxylum gilletii,zanthoxylum gilletii,zanthoxylum gilletii,1,1,1,1,1,Zanthoxylum gilletii,wfo-0000429498,Zanthoxylum gilletii,Rutaceae,1,1,1,1,1,Zanthoxylum gilletii,wfo-0000429498,Zanthoxylum gilletii,Rutaceae,exact_unique,exact
Zanthoxylum leprieurii,zanthoxylum leprieurii,zanthoxylum leprieurii,1,1,1,1,1,Zanthoxylum leprieurii,wfo-0000429563,Zanthoxylum leprieurii,Rutaceae,1,1,1,1,1,Zanthoxylum leprieurii,wfo-0000429563,Zanthoxylum leprieurii,Rutaceae,exact_unique,exact
Zanthoxylum rhoifolium,zanthoxylum rhoifolium,zanthoxylum rhoifolium,1,1,1,1,1,Zanthoxylum rhoifolium,wfo-0000429355,Zanthoxylum rhoifolium,Rutaceae,1,1,1,1,1,Zanthoxylum rhoifolium,wfo-0000429355,Zanthoxylum rhoifolium,Rutaceae,exact_unique,exact
Zanthoxylum rigidum,zanthoxylum rigidum,zanthoxylum rigidum,1,1,1,1,1,Zanthoxylum rigidum,wfo-0001133118,Zanthoxylum rigidum,Rutaceae,1,1,1,1,1,Zanthoxylum rigidum,wfo-0001133118,Zanthoxylum rigidum,Rutaceae,exact_unique,exact
Zanthoxylum scandens,zanthoxylum scandens,zanthoxylum scandens,1,1,1,1,1,Zanthoxylum scandens,wfo-0001132690,Zanthoxylum scandens,Rutaceae,1,1,1,1,1,Zanthoxylum scandens,wfo-0001132690,Zanthoxylum scandens,Rutaceae,exact_unique,exact
Zanthoxylum sprucei,zanthoxylum sprucei,zanthoxylum sprucei,1,1,1,1,1,Zanthoxylum sprucei,wfo-0001132923,Zanthoxylum sprucei,Rutaceae,1,1,1,1,1,Zanthoxylum sprucei,wfo-0001132923,Zanthoxylum sprucei,Rutaceae,exact_unique,exact
Zanthoxylum zanthoxyloides,zanthoxylum zanthoxyloides,zanthoxylum zanthoxyloides,1,1,1,1,1,Zanthoxylum zanthoxyloides,wfo-0000429422,Zanthoxylum zanthoxyloides,Rutaceae,1,1,1,1,1,Zanthoxylum zanthoxyloides,wfo-0000429422,Zanthoxylum zanthoxyloides,Rutaceae,exact_unique,exact
Zea mays,zea mays,zea mays,1,1,1,1,1,Zea mays,wfo-0000907754,Zea mays,Poaceae,1,1,1,1,1,Zea mays,wfo-0000907754,Zea mays,Poaceae,exact_unique,exact
Zephyranthes flava,zephyranthes flava,zephyranthes flava,2,2,1,1,1,Zephyranthes flava,wfo-0000727083,Pyrolirion flavum,Amaryllidaceae,2,2,1,1,1,Zephyranthes flava,wfo-0000727083,Pyrolirion flavum,Amaryllidaceae,exact_unique,exact
Zingiber,zingiber,zingiber,1,1,1,1,1,Zingiber,wfo-4000041232,Zingiber,Zingiberaceae,1,1,1,1,1,Zingiber,wfo-4000041232,Zingiber,Zingiberaceae,exact_unique,exact
Zinnia angustifolia,zinnia angustifolia,zinnia angustifolia,1,1,1,1,1,Zinnia angustifolia,wfo-0000070874,Zinnia angustifolia,Asteraceae,1,1,1,1,1,Zinnia angustifolia,wfo-0000070874,Zinnia angustifolia,Asteraceae,exact_unique,exact
Zinnia violacea,zinnia violacea,zinnia violacea,1,1,1,1,1,Zinnia violacea,wfo-0000131085,Zinnia violacea,Asteraceae,1,1,1,1,1,Zinnia violacea,wfo-0000131085,Zinnia violacea,Asteraceae,exact_unique,exact
Zizania latifolia,zizania latifolia,zizania latifolia,2,2,1,1,1,Zizania latifolia,wfo-0000908012,Zizania latifolia,Poaceae,2,2,1,1,1,Zizania latifolia,wfo-0000908012,Zizania latifolia,Poaceae,exact_unique,exact
Ziziphus jujuba,ziziphus jujuba,ziziphus jujuba,1,1,1,1,1,Ziziphus jujuba,wfo-0000430303,Ziziphus jujuba,Rhamnaceae,1,1,1,1,1,Ziziphus jujuba,wfo-0000430303,Ziziphus jujuba,Rhamnaceae,exact_unique,exact
Ziziphus mauritiana,ziziphus mauritiana,ziziphus mauritiana,1,1,1,1,1,Ziziphus mauritiana,wfo-0000430322,Ziziphus mauritiana,Rhamnaceae,1,1,1,1,1,Ziziphus mauritiana,wfo-0000430322,Ziziphus mauritiana,Rhamnaceae,exact_unique,exact
Zollernia paraensis,zollernia paraensis,zollernia paraensis,1,1,1,1,1,Zollernia paraensis,wfo-0000168624,Zollernia paraensis,Fabaceae,1,1,1,1,1,Zollernia paraensis,wfo-0000168624,Zollernia paraensis,Fabaceae,exact_unique,exact
Zuccagnia punctata,zuccagnia punctata,zuccagnia punctata,1,1,1,1,1,Zuccagnia punctata,wfo-0000174380,Zuccagnia punctata,Fabaceae,1,1,1,1,1,Zuccagnia punctata,wfo-0000174380,Zuccagnia punctata,Fabaceae,exact_unique,exact
Acacia scleroxyla,acacia scleroxyla,acacia scleroxyla,1,1,0,0,0,Acacia scleroxyla,,,,1,1,0,0,0,Acacia scleroxyla,,,,no_match,manual_review
Acanthophora spicifera,acanthophora spicifera,acanthophora spicifera,0,0,0,0,0,,,,,0,0,0,0,0,,,,,no_match,manual_review
Aframomum cereum,aframomum cereum,aframomum cereum,1,1,0,0,0,Aframomum cereum,,,,1,1,0,0,0,Aframomum cereum,,,,no_match,manual_review
Ailanthus integrifolia,ailanthus integrifolia,ailanthus integrifolia,0,0,0,0,0,,,,,0,0,0,0,0,,,,,no_match,manual_review
Amomum tsao-ko,amomum tsao-ko,amomum tsao-ko,0,0,0,0,0,,,,,0,0,0,0,0,,,,,no_match,manual_review
Anacheilium kaustkyi,anacheilium kaustkyi,anacheilium kaustkyi,1,1,0,0,0,Anacheilium kaustkyi,,,,1,1,0,0,0,Anacheilium kaustkyi,,,,no_match,manual_review
Antenoron filiforme,antenoron filiforme,antenoron filiforme,1,1,0,0,0,Antenoron filiforme,,,,1,1,0,0,0,Antenoron filiforme,,,,no_match,manual_review
Carya illinoiensis,carya illinoiensis,carya illinoiensis,0,0,0,0,0,,,,,0,0,0,0,0,,,,,no_match,manual_review
Celastrus angulatus,celastrus angulatus,celastrus angulatus,0,0,0,0,0,,,,,0,0,0,0,0,,,,,no_match,manual_review
Chromolaena subhastata,chromolaena subhastata,chromolaena subhastata,0,0,0,0,0,,,,,0,0,0,0,0,,,,,no_match,manual_review
Chrysanthemum zawadskii,chrysanthemum zawadskii,chrysanthemum zawadskii,0,0,0,0,0,,,,,0,0,0,0,0,,,,,no_match,manual_review
Cicer oxyodon,cicer oxyodon,cicer oxyodon,0,0,0,0,0,,,,,0,0,0,0,0,,,,,no_match,manual_review
Cinnamomum burmannii,cinnamomum burmannii,cinnamomum burmannii,0,0,0,0,0,,,,,0,0,0,0,0,,,,,no_match,manual_review
Cistus incanus,cistus incanus,cistus incanus,1,1,0,0,0,Cistus incanus,,,,1,1,0,0,0,Cistus incanus,,,,no_match,manual_review
Citrus aurantifolia,citrus aurantifolia,citrus aurantifolia,0,0,0,0,0,,,,,0,0,0,0,0,,,,,no_match,manual_review
Citrus jambhiri,citrus jambhiri,citrus jambhiri,1,1,0,0,0,Citrus jambhiri,,,,1,1,0,0,0,Citrus jambhiri,,,,no_match,manual_review
Citrus junos,citrus junos,citrus junos,2,2,0,0,0,Citrus junos,,,,2,2,0,0,0,Citrus junos,,,,no_match,manual_review
Citrus shunkokan,citrus shunkokan,citrus shunkokan,0,0,0,0,0,,,,,0,0,0,0,0,,,,,no_match,manual_review
Citrus taitensis,citrus taitensis,citrus taitensis,1,1,0,0,0,Citrus taitensis,,,,1,1,0,0,0,Citrus taitensis,,,,no_match,manual_review
Citrus tamurana,citrus tamurana,citrus tamurana,1,1,0,0,0,Citrus tamurana,,,,1,1,0,0,0,Citrus tamurana,,,,no_match,manual_review
Citrus webberi,citrus webberi,citrus webberi,1,1,0,0,0,Citrus webberi,,,,1,1,0,0,0,Citrus webberi,,,,no_match,manual_review
Citrus wilsonii,citrus wilsonii,citrus wilsonii,2,2,0,0,0,Citrus wilsonii,,,,2,2,0,0,0,Citrus wilsonii,,,,no_match,manual_review
Cladrastis sikokiana,cladrastis sikokiana,cladrastis sikokiana,1,1,0,0,0,Cladrastis sikokiana,,,,1,1,0,0,0,Cladrastis sikokiana,,,,no_match,manual_review
Clematis armandii,clematis armandii,clematis armandii,0,0,0,0,0,,,,,0,0,0,0,0,,,,,no_match,manual_review
Clerodendrum phlomoides,clerodendrum phlomoides,clerodendrum phlomoides,1,1,0,0,0,Clerodendrum phlomoides,,,,1,1,0,0,0,Clerodendrum phlomoides,,,,no_match,manual_review
Coreopsis integrifolia,coreopsis integrifolia,coreopsis integrifolia,1,1,0,0,0,Coreopsis integrifolia,,,,1,1,0,0,0,Coreopsis integrifolia,,,,no_match,manual_review
Coreopsis intermedia,coreopsis intermedia,coreopsis intermedia,1,1,0,0,0,Coreopsis intermedia,,,,1,1,0,0,0,Coreopsis intermedia,,,,no_match,manual_review
Crataegus pinnatifi,crataegus pinnatifi,crataegus pinnatifi,0,0,0,0,0,,,,,0,0,0,0,0,,,,,no_match,manual_review
Crinum amabile,crinum amabile,crinum amabile,0,0,0,0,0,,,,,0,0,0,0,0,,,,,no_match,manual_review
Cullen drupaceum,cullen drupaceum,cullen drupaceum,1,1,0,0,0,Cullen drupaceum,,,,1,1,0,0,0,Cullen drupaceum,,,,no_match,manual_review
Dendroviguiera eriophora,dendroviguiera eriophora,dendroviguiera eriophora,1,1,0,0,0,Dendroviguiera eriophora,,,,1,1,0,0,0,Dendroviguiera eriophora,,,,no_match,manual_review
Dendroviguiera insignis,dendroviguiera insignis,dendroviguiera insignis,1,1,0,0,0,Dendroviguiera insignis,,,,1,1,0,0,0,Dendroviguiera insignis,,,,no_match,manual_review
Dendroviguiera splendens,dendroviguiera splendens,dendroviguiera splendens,1,1,0,0,0,Dendroviguiera splendens,,,,1,1,0,0,0,Dendroviguiera splendens,,,,no_match,manual_review
Dendroviguiera sylvatica,dendroviguiera sylvatica,dendroviguiera sylvatica,1,1,0,0,0,Dendroviguiera sylvatica,,,,1,1,0,0,0,Dendroviguiera sylvatica,,,,no_match,manual_review
Docyniopsis doumeri,docyniopsis doumeri,docyniopsis doumeri,0,0,0,0,0,,,,,0,0,0,0,0,,,,,no_match,manual_review
Dorstenia poinsettifolia,dorstenia poinsettifolia,dorstenia poinsettifolia,0,0,0,0,0,,,,,0,0,0,0,0,,,,,no_match,manual_review
Dunbaria longiracemosa,dunbaria longiracemosa,dunbaria longiracemosa,1,1,0,0,0,Dunbaria longiracemosa,,,,1,1,0,0,0,Dunbaria longiracemosa,,,,no_match,manual_review
Elaeodendron balae,elaeodendron balae,elaeodendron balae,0,0,0,0,0,,,,,0,0,0,0,0,,,,,no_match,manual_review
Electranthera cuneifolia,electranthera cuneifolia,electranthera cuneifolia,1,1,0,0,0,Electranthera cuneifolia,,,,1,1,0,0,0,Electranthera cuneifolia,,,,no_match,manual_review
Electranthera parvifolia,electranthera parvifolia,electranthera parvifolia,1,1,0,0,0,Electranthera parvifolia,,,,1,1,0,0,0,Electranthera parvifolia,,,,no_match,manual_review
Engelhardtia roxburghiana,engelhardtia roxburghiana,engelhardtia roxburghiana,0,0,0,0,0,,,,,0,0,0,0,0,,,,,no_match,manual_review
Engelhardtia serrata,engelhardtia serrata,engelhardtia serrata,0,0,0,0,0,,,,,0,0,0,0,0,,,,,no_match,manual_review
Erythrina bidwillii,erythrina bidwillii,erythrina bidwillii,0,0,0,0,0,,,,,0,0,0,0,0,,,,,no_match,manual_review
Erythroxylum gonocladum,erythroxylum gonocladum,erythroxylum gonocladum,1,1,0,0,0,Erythroxylum gonocladum,,,,1,1,0,0,0,Erythroxylum gonocladum,,,,no_match,manual_review
Euodia rutaecarpa,euodia rutaecarpa,euodia rutaecarpa,0,0,0,0,0,,,,,0,0,0,0,0,,,,,no_match,manual_review
Fallopia cilinode,fallopia cilinode,fallopia cilinode,0,0,0,0,0,,,,,0,0,0,0,0,,,,,no_match,manual_review
Fuchsia eucliandra,fuchsia eucliandra,fuchsia eucliandra,1,1,0,0,0,Fuchsia eucliandra,,,,1,1,0,0,0,Fuchsia eucliandra,,,,no_match,manual_review
Glebionis coronarium,glebionis coronarium,glebionis coronarium,0,0,0,0,0,,,,,0,0,0,0,0,,,,,no_match,manual_review
Gymnosporia szyszylowiczii,gymnosporia szyszylowiczii,gymnosporia szyszylowiczii,0,0,0,0,0,,,,,0,0,0,0,0,,,,,no_match,manual_review
Halothamnus somalensis,halothamnus somalensis,halothamnus somalensis,1,1,0,0,0,Halothamnus somalensis,,,,1,1,0,0,0,Halothamnus somalensis,,,,no_match,manual_review
Helichrysum forskahlii,helichrysum forskahlii,helichrysum forskahlii,0,0,0,0,0,,,,,0,0,0,0,0,,,,,no_match,manual_review
Heliotropium sclerocarpum,heliotropium sclerocarpum,heliotropium sclerocarpum,1,1,0,0,0,Heliotropium sclerocarpum,,,,1,1,0,0,0,Heliotropium sclerocarpum,,,,no_match,manual_review
Heteroplexis microcephala,heteroplexis microcephala,heteroplexis microcephala,1,1,0,0,0,Heteroplexis microcephala,,,,1,1,0,0,0,Heteroplexis microcephala,,,,no_match,manual_review
Homalocladium platycladum,homalocladium platycladum,homalocladium platycladum,1,1,0,0,0,Homalocladium platycladum,,,,1,1,0,0,0,Homalocladium platycladum,,,,no_match,manual_review
Iris florentina,iris florentina,iris florentina,0,0,0,0,0,,,,,0,0,0,0,0,,,,,no_match,manual_review
Iris kumaonensis,iris kumaonensis,iris kumaonensis,0,0,0,0,0,,,,,0,0,0,0,0,,,,,no_match,manual_review
Kali collina,kali collina,kali collina,1,1,0,0,0,Kali collina,,,,1,1,0,0,0,Kali collina,,,,no_match,manual_review
Koenigia coriaria,koenigia coriaria,koenigia coriaria,0,0,0,0,0,,,,,0,0,0,0,0,,,,,no_match,manual_review
Koenigia divaricata,koenigia divaricata,koenigia divaricata,0,0,0,0,0,,,,,0,0,0,0,0,,,,,no_match,manual_review
Koenigia weyrichii,koenigia weyrichii,koenigia weyrichii,0,0,0,0,0,,,,,0,0,0,0,0,,,,,no_match,manual_review
Krameria ixina,krameria ixina,krameria ixina,0,0,0,0,0,,,,,0,0,0,0,0,,,,,no_match,manual_review
Laburnum anagyroides,laburnum anagyroides,laburnum anagyroides,1,1,0,0,0,Laburnum anagyroides,,,,1,1,0,0,0,Laburnum anagyroides,,,,no_match,manual_review
Macaranga pleiostemona,macaranga pleiostemona,macaranga pleiostemona,0,0,0,0,0,,,,,0,0,0,0,0,,,,,no_match,manual_review
Mallotus philippinensis,mallotus philippinensis,mallotus philippinensis,0,0,0,0,0,,,,,0,0,0,0,0,,,,,no_match,manual_review
Malus domestica,malus domestica,malus domestica,1,1,0,0,0,Malus domestica,,,,1,1,0,0,0,Malus domestica,,,,no_match,manual_review
Malus floribunda,malus floribunda,malus floribunda,1,1,0,0,0,Malus floribunda,,,,2,2,0,0,0,Malus floribunda | Malus floribunda unranked lemoinei,,,,no_match,manual_review
Maytenus guianensis,maytenus guianensis,maytenus guianensis,0,0,0,0,0,,,,,0,0,0,0,0,,,,,no_match,manual_review
Mentha piperita,mentha piperita,mentha piperita,0,0,0,0,0,,,,,0,0,0,0,0,,,,,no_match,manual_review
Monopteryx uaucu,monopteryx uaucu,monopteryx uaucu,0,0,0,0,0,,,,,0,0,0,0,0,,,,,no_match,manual_review
Moquilea licaniaeflora,moquilea licaniaeflora,moquilea licaniaeflora,0,0,0,0,0,,,,,0,0,0,0,0,,,,,no_match,manual_review
Muehlenbeckia platyclada,muehlenbeckia platyclada,muehlenbeckia platyclada,1,1,0,0,0,Muehlenbeckia platyclada,,,,1,1,0,0,0,Muehlenbeckia platyclada,,,,no_match,manual_review
Musa paradisiaca,musa paradisiaca,musa paradisiaca,0,0,0,0,0,,,,,0,0,0,0,0,,,,,no_match,manual_review
Neocheiropteris fortunei,neocheiropteris fortunei,neocheiropteris fortunei,1,1,0,0,0,Neocheiropteris fortunei,,,,1,1,0,0,0,Neocheiropteris fortunei,,,,no_match,manual_review
Nymphaea marliacea,nymphaea marliacea,nymphaea marliacea,1,1,0,0,0,Nymphaea marliacea,,,,1,1,0,0,0,Nymphaea marliacea,,,,no_match,manual_review
Ocotea holdridgeiana,ocotea holdridgeiana,ocotea holdridgeiana,0,0,0,0,0,,,,,0,0,0,0,0,,,,,no_match,manual_review
Oreopteris quelpaertensis,oreopteris quelpaertensis,oreopteris quelpaertensis,0,0,0,0,0,,,,,0,0,0,0,0,,,,,no_match,manual_review
Origanum majoricum,origanum majoricum,origanum majoricum,1,1,0,0,0,Origanum majoricum,,,,1,1,0,0,0,Origanum majoricum,,,,no_match,manual_review
Pachyrrhizus erosus,pachyrrhizus erosus,pachyrrhizus erosus,0,0,0,0,0,,,,,0,0,0,0,0,,,,,no_match,manual_review
Parartocarpus venenosa,parartocarpus venenosa,parartocarpus venenosa,0,0,0,0,0,,,,,0,0,0,0,0,,,,,no_match,manual_review
Parinari rodolphii,parinari rodolphii,parinari rodolphii,0,0,0,0,0,,,,,0,0,0,0,0,,,,,no_match,manual_review
Persicaria nodosa,persicaria nodosa,persicaria nodosa,1,1,0,0,0,Persicaria nodosa,,,,1,1,0,0,0,Persicaria nodosa,,,,no_match,manual_review
Persicaria spectabilis,persicaria spectabilis,persicaria spectabilis,2,2,0,0,0,Persicaria spectabilis,,,,2,2,0,0,0,Persicaria spectabilis,,,,no_match,manual_review
Petunia hybr,petunia hybr,petunia hybr,0,0,0,0,0,,,,,0,0,0,0,0,,,,,no_match,manual_review
Phalaenopsis intermedia,phalaenopsis intermedia,phalaenopsis intermedia,0,0,0,0,0,,,,,0,0,0,0,0,,,,,no_match,manual_review
Phalaenopsis leucorrhoda,phalaenopsis leucorrhoda,phalaenopsis leucorrhoda,0,0,0,0,0,,,,,0,0,0,0,0,,,,,no_match,manual_review
Piper lanceaefolium,piper lanceaefolium,piper lanceaefolium,0,0,0,0,0,,,,,0,0,0,0,0,,,,,no_match,manual_review
Pistacia weinmannifolia,pistacia weinmannifolia,pistacia weinmannifolia,0,0,0,0,0,,,,,0,0,0,0,0,,,,,no_match,manual_review
Pityrogramma calomela,pityrogramma calomela,pityrogramma calomela,1,1,0,0,0,Pityrogramma calomela,,,,1,1,0,0,0,Pityrogramma calomela,,,,no_match,manual_review
Platanus hispanica,platanus hispanica,platanus hispanica,2,2,0,0,0,Platanus hispanica,,,,2,2,0,0,0,Platanus hispanica,,,,no_match,manual_review
Platanus hybrida,platanus hybrida,platanus hybrida,1,1,0,0,0,Platanus hybrida,,,,1,1,0,0,0,Platanus hybrida,,,,no_match,manual_review
Platycodon grandiflorum,platycodon grandiflorum,platycodon grandiflorum,0,0,0,0,0,,,,,0,0,0,0,0,,,,,no_match,manual_review
Polygala dalmaisiana,polygala dalmaisiana,polygala dalmaisiana,1,1,0,0,0,Polygala dalmaisiana,,,,1,1,0,0,0,Polygala dalmaisiana,,,,no_match,manual_review
Populus deltoide,populus deltoide,populus deltoide,0,0,0,0,0,,,,,0,0,0,0,0,,,,,no_match,manual_review
Populus hybr,populus hybr,populus hybr,0,0,0,0,0,,,,,0,0,0,0,0,,,,,no_match,manual_review
Populus szechuanica,populus szechuanica,populus szechuanica,1,1,0,0,0,Populus szechuanica,,,,1,1,0,0,0,Populus szechuanica,,,,no_match,manual_review
Populus tristis,populus tristis,populus tristis,3,3,0,0,0,Populus tristis,,,,3,3,0,0,0,Populus tristis,,,,no_match,manual_review
Quercus phillyraeoides,quercus phillyraeoides,quercus phillyraeoides,0,0,0,0,0,,,,,0,0,0,0,0,,,,,no_match,manual_review
Rhamnus erythroxyloides,rhamnus erythroxyloides,rhamnus erythroxyloides,1,1,0,0,0,Rhamnus erythroxyloides,,,,1,1,0,0,0,Rhamnus erythroxyloides,,,,no_match,manual_review
Rheum maximowiczii,rheum maximowiczii,rheum maximowiczii,1,1,0,0,0,Rheum maximowiczii,,,,1,1,0,0,0,Rheum maximowiczii,,,,no_match,manual_review
Rhododendron culminicolum,rhododendron culminicolum,rhododendron culminicolum,0,0,0,0,0,,,,,0,0,0,0,0,,,,,no_match,manual_review
Rhododendron planecostatum,rhododendron planecostatum,rhododendron planecostatum,0,0,0,0,0,,,,,0,0,0,0,0,,,,,no_match,manual_review
Rhus retinorrhaea,rhus retinorrhaea,rhus retinorrhaea,0,0,0,0,0,,,,,0,0,0,0,0,,,,,no_match,manual_review
Rubus adenotrichus,rubus adenotrichus,rubus adenotrichus,1,1,0,0,0,Rubus adenotrichus,,,,1,1,0,0,0,Rubus adenotrichus,,,,no_match,manual_review
Scabrethia scabra,scabrethia scabra,scabrethia scabra,1,1,0,0,0,Scabrethia scabra,,,,1,1,0,0,0,Scabrethia scabra,,,,no_match,manual_review
Schinus terebinthifolius,schinus terebinthifolius,schinus terebinthifolius,0,0,0,0,0,,,,,0,0,0,0,0,,,,,no_match,manual_review
Schoenus hexandrus,schoenus hexandrus,schoenus hexandrus,0,0,0,0,0,,,,,0,0,0,0,0,,,,,no_match,manual_review
Scutellaria caerulea,scutellaria caerulea,scutellaria caerulea,0,0,0,0,0,,,,,0,0,0,0,0,,,,,no_match,manual_review
Senegalia caffra,senegalia caffra,senegalia caffra,0,0,0,0,0,,,,,0,0,0,0,0,,,,,no_match,manual_review
Smilax lanceaefolia,smilax lanceaefolia,smilax lanceaefolia,0,0,0,0,0,,,,,0,0,0,0,0,,,,,no_match,manual_review
Sophora lehmanni,sophora lehmanni,sophora lehmanni,0,0,0,0,0,,,,,0,0,0,0,0,,,,,no_match,manual_review
Spiraea formosa,spiraea formosa,spiraea formosa,1,1,0,0,0,Spiraea formosa,,,,1,1,0,0,0,Spiraea formosa,,,,no_match,manual_review
Taraxacum officinale,taraxacum officinale,taraxacum officinale,1,1,0,0,0,Taraxacum officinale,,,,1,1,0,0,0,Taraxacum officinale,,,,no_match,manual_review
Thelypteris quelpaertensis,thelypteris quelpaertensis,thelypteris quelpaertensis,0,0,0,0,0,,,,,0,0,0,0,0,,,,,no_match,manual_review
Toxicodendron sylvestre,toxicodendron sylvestre,toxicodendron sylvestre,0,0,0,0,0,,,,,0,0,0,0,0,,,,,no_match,manual_review
Trema orientalis,trema orientalis,trema orientalis,0,0,0,0,0,,,,,0,0,0,0,0,,,,,no_match,manual_review
Trichogonia salviaefolia,trichogonia salviaefolia,trichogonia salviaefolia,1,1,0,0,0,Trichogonia salviaefolia,,,,1,1,0,0,0,Trichogonia salviaefolia,,,,no_match,manual_review
Trifolium parnassii,trifolium parnassii,trifolium parnassii,1,1,0,0,0,Trifolium parnassii,,,,1,1,0,0,0,Trifolium parnassii,,,,no_match,manual_review
Trigastrotheca pentaphylla,trigastrotheca pentaphylla,trigastrotheca pentaphylla,1,1,0,0,0,Trigastrotheca pentaphylla,,,,1,1,0,0,0,Trigastrotheca pentaphylla,,,,no_match,manual_review
Umtiza listerana,umtiza listerana,umtiza listerana,0,0,0,0,0,,,,,0,0,0,0,0,,,,,no_match,manual_review
Wyethia glabra,wyethia glabra,wyethia glabra,1,1,0,0,0,Wyethia glabra,,,,1,1,0,0,0,Wyethia glabra,,,,no_match,manual_review
Xanthoceras sorbifolia,xanthoceras sorbifolia,xanthoceras sorbifolia,1,1,0,0,0,Xanthoceras sorbifolia,,,,1,1,0,0,0,Xanthoceras sorbifolia,,,,no_match,manual_review
